dataset_id,dataset_name,algorithm,seed,host,task_label,status,termination_reason,timeout_type,budget_exhausted,recovered_from_timeout,seconds,train_nmse,valid_nmse,id_nmse,ood_nmse,id_r2,ood_r2,has_expression,artifact_valid,normalized_expression,instantiated_expression,variables,operator_set,ast_node_count,tree_depth,n_features,feature_names,target_name,inject_prompt_semantics,llm_model_assignment,llm_config_path,background_preview,result_path
g0001,feynman-iii.15.12,drsr,1314,anon-node-02,g0001_feynman-iii.15.12,ok,budget_exhausted_with_output,budget_exhausted_with_output,True,True,3901.248,1.0,1.0,1.0,1.0,-0.03058590972083941,-16.730838479464435,True,True,c0*x0*exp(c1*x2)*exp(c2*x3),0.5077461797660359*x0*exp(-0.5050777698592848*x2)*exp(-0.7487348612121858*x3),x0;x2;x3,exp;mul,11.0,4.0,5,x0;x1;x2;x3;x4,y,True,deepinfra/meta-llama/Meta-Llama-3.1-8B-Instruct,/home/anonymous/projects/scientific-intelligent-modelling/exp-planning/02.E1选择验证/llm_configs/benchmark_llm_deepinfra_llama31_8b.config,"Calculate the Energy given Amplitude, Propagation coefficient, Lattice constant There are 5 candidate variables in an unknown order. The unordered semantic-role multiset is: 1 variable with semantic role ""A, Amplitude""; ",/home/anonymous/projects/scientific-intelligent-modelling/experiments/semantic200_llm_physics_v2_4host_seed1314_20260429-205250/drsr/anon-node-02/drsr/g0001_feynman-iii.15.12/result.json
g0002,feynman-iii.15.14,drsr,1314,anon-node-03,g0002_feynman-iii.15.14,ok,budget_exhausted_with_output,budget_exhausted_with_output,True,True,3901.125,0.9991740324801992,0.9993589241808709,0.9993361360503533,7.29536263211029,-0.1046948847084388,-6.3324471494111405,True,True,c0*x0/(c1*x1),-0.9433312282992439*x0/(-0.8538392278159899*x1),x0;x1,mul;pow,9.0,3.0,3,x0;x1;x2,y,True,deepinfra/meta-llama/Meta-Llama-3.1-8B-Instruct-Turbo,/home/anonymous/projects/scientific-intelligent-modelling/exp-planning/02.E1选择验证/llm_configs/benchmark_llm_deepinfra_llama31_8b_turbo.config,"Calculate the Effective mass given Planck constant, Amplitude There are 3 candidate variables in an unknown order. The unordered semantic-role multiset is: 1 variable with semantic role ""A, Amplitude""; 1 variable with se",/home/anonymous/projects/scientific-intelligent-modelling/experiments/semantic200_llm_physics_v2_4host_seed1314_20260429-205250/drsr/anon-node-03/drsr/g0002_feynman-iii.15.14/result.json
g0003,feynman-ii.11.20,drsr,1314,anon-node-04,g0003_feynman-ii.11.20,ok,budget_exhausted_with_output,budget_exhausted_with_output,True,True,3906.214,0.9974659885819551,0.9971514499675067,1.0099502964620797,0.9999894677783134,-0.00997433491280586,-0.0001419415293970605,True,True,c0 + c1*x0*x1 + c2*x1**2/x2 + c3*x1*x3,-0.6893244142625308 + 21.22711719254924*x0*x1 + 0.32688304293738857*x1**2/x2 + 0.8650903860525023*x1*x3,x0;x1;x2;x3,add;mul;pow,18.0,4.0,4,x0;x1;x2;x3,y,True,deepinfra/meta-llama/Meta-Llama-3.1-8B-Instruct,/home/anonymous/projects/scientific-intelligent-modelling/exp-planning/02.E1选择验证/llm_configs/benchmark_llm_deepinfra_llama31_8b.config,"Calculate the Polarizability given Number of atom, Electric dipole moment, Magnitude of electric field, Boltzmann constant",/home/anonymous/projects/scientific-intelligent-modelling/experiments/semantic200_llm_physics_v2_4host_seed1314_20260429-205250/drsr/anon-node-04/drsr/g0003_feynman-ii.11.20/result.json
g0004,feynman-iii.12.43,drsr,1314,anon-node-05,g0004_feynman-iii.12.43,ok,completed,not_timeout,False,False,3612.192,7.427689081321026e+70,7.507215613994719e+70,7.305563165516736e+70,2.3522246987925176e+74,-2.961263476056086e+71,-4.627993572118724e+74,True,True,c0 + c1*x0 + c2*x1 + c3*x2,0.2739233746429086 + -0.4604265724722594*x0 + -0.27536655264431825*x1 + -5.00046601573184e-13*x2,x0;x1;x2,add;mul,11.0,3.0,3,x0;x1;x2,y,True,deepinfra/meta-llama/Meta-Llama-3.1-8B-Instruct-Turbo,/home/anonymous/projects/scientific-intelligent-modelling/exp-planning/02.E1选择验证/llm_configs/benchmark_llm_deepinfra_llama31_8b_turbo.config,"Calculate the Spin magnetic moment given Spin state There are 3 candidate variables in an unknown order. The unordered semantic-role multiset is: 1 variable with semantic role ""m, Spin state""; 2 distractor/meaningless va",/home/anonymous/projects/scientific-intelligent-modelling/experiments/semantic200_llm_physics_v2_4host_seed1314_20260429-205250/drsr/anon-node-05/drsr/g0004_feynman-iii.12.43/result.json
g0005,feynman-ii.11.27,drsr,1314,anon-node-02,g0005_feynman-ii.11.27,ok,budget_exhausted_with_output,budget_exhausted_with_output,True,True,3901.123,1546286.486961507,1732055.5770300864,1620757.538553237,1514335.384917573,-1752941.5994846516,-37318650.85950799,True,True,c0 + c1*x0*x1*x2,2.2567712372697576e-13 + -1.1041561120432014e-08*x0*x1*x2,x0;x1;x2,add;mul,7.0,3.0,3,x0;x1;x2,y,True,deepinfra/meta-llama/Meta-Llama-3.1-8B-Instruct,/home/anonymous/projects/scientific-intelligent-modelling/exp-planning/02.E1选择验证/llm_configs/benchmark_llm_deepinfra_llama31_8b.config,"Calculate the Polarizability given Number of atom, Molecular polarizability, Vacuum permittivity",/home/anonymous/projects/scientific-intelligent-modelling/experiments/semantic200_llm_physics_v2_4host_seed1314_20260429-205250/drsr/anon-node-02/drsr/g0005_feynman-ii.11.27/result.json
g0006,feynman-ii.11.27,drsr,1314,anon-node-03,g0006_feynman-ii.11.27,ok,budget_exhausted_with_output,budget_exhausted_with_output,True,True,3901.156,1.0,1.0,1.0,1.0,-0.08155757964358101,-34.68824950862891,True,True,c0*x2/(c1*x1 + c2*x0),0.6423532953914739*x2/(-0.37221943860489004*x1 + 0.034482236688588186*x0),x0;x1;x2,add;mul;pow,12.0,5.0,5,x0;x1;x2;x3;x4,y,True,deepinfra/meta-llama/Meta-Llama-3.1-8B-Instruct-Turbo,/home/anonymous/projects/scientific-intelligent-modelling/exp-planning/02.E1选择验证/llm_configs/benchmark_llm_deepinfra_llama31_8b_turbo.config,"Calculate the Polarizability given Number of atom, Molecular polarizability, Vacuum permittivity There are 5 candidate variables in an unknown order. The unordered semantic-role multiset is: 1 variable with semantic role",/home/anonymous/projects/scientific-intelligent-modelling/experiments/semantic200_llm_physics_v2_4host_seed1314_20260429-205250/drsr/anon-node-03/drsr/g0006_feynman-ii.11.27/result.json
g0007,CRK22,drsr,1314,anon-node-04,g0007_CRK22,ok,budget_exhausted_with_output,budget_exhausted_with_output,True,True,3901.391,5.62250783654965e-08,5.0438043267744655e-08,6.068496509345761e-08,0.06234892033598501,0.9999999268055705,-2.93785330380548,True,True,c0 + c1*x0 + c2*x0**2 + c3*x1 + c4*x0*x1 + c5*x1**2 + c6*x1*exp(-c7*x0),-0.0050555002356835145 + -8.201991194837733e-05*x0 + -2.195915667225095e-06*x0**2 + -0.16989393976025235*x1 + 0.01012209439967139*x0*x1 + -0.04124615303341812*x1**2 + -0.09329538405819054*x1*exp(-0.9870562148496321*x0),x0;x1,add;exp;mul;pow,30.0,5.0,2,t;A,dA_dt,True,deepinfra/meta-llama/Meta-Llama-3.1-8B-Instruct,/home/anonymous/projects/scientific-intelligent-modelling/exp-planning/02.E1选择验证/llm_configs/benchmark_llm_deepinfra_llama31_8b.config,Calculate Rate of change of concentration in chemistry reaction kinetics given Time and Concentration at time t,/home/anonymous/projects/scientific-intelligent-modelling/experiments/semantic200_llm_physics_v2_4host_seed1314_20260429-205250/drsr/anon-node-04/drsr/g0007_CRK22/result.json
g0008,feynman-ii.34.29a,drsr,1314,anon-node-05,g0008_feynman-ii.34.29a,ok,completed,not_timeout,False,False,3611.183,1.0,1.0,1.0,1.0,-0.00012646612510325284,-4.7567569660955655e-08,True,True,c0*x0/(c1*x1),0.2739233746429086*x0/(-0.4604265724722594*x1),x0;x1,mul;pow,9.0,3.0,3,x0;x1;x2,y,True,deepinfra/meta-llama/Meta-Llama-3.1-8B-Instruct-Turbo,/home/anonymous/projects/scientific-intelligent-modelling/exp-planning/02.E1选择验证/llm_configs/benchmark_llm_deepinfra_llama31_8b_turbo.config,"Calculate the Bohr magneton given Electric charge, Planck constant There are 3 candidate variables in an unknown order. The unordered semantic-role multiset is: 1 variable with semantic role ""h, Planck constant""; 1 varia",/home/anonymous/projects/scientific-intelligent-modelling/experiments/semantic200_llm_physics_v2_4host_seed1314_20260429-205250/drsr/anon-node-05/drsr/g0008_feynman-ii.34.29a/result.json
g0009,feynman-ii.15.4,drsr,1314,anon-node-02,g0009_feynman-ii.15.4,ok,completed,not_timeout,False,False,3609.578,72.25248183493869,55.53643141899455,61.76247875530441,4.155712010314423,-60.77480384581794,-3.156304634697107,True,True,-c0*x0*cos(x1),-0.2739233746429086*x0*cos(x1),x0;x1,cos;mul,6.0,3.0,6,x0;x1;x2;x3;x4;x5,y,True,deepinfra/meta-llama/Meta-Llama-3.1-8B-Instruct,/home/anonymous/projects/scientific-intelligent-modelling/exp-planning/02.E1选择验证/llm_configs/benchmark_llm_deepinfra_llama31_8b.config,"Calculate the Energy from magnetic field given Magnetic dipole moment, Magnetic field strength, Angle There are 6 candidate variables in an unknown order. The unordered semantic-role multiset is: 1 variable with semantic",/home/anonymous/projects/scientific-intelligent-modelling/experiments/semantic200_llm_physics_v2_4host_seed1314_20260429-205250/drsr/anon-node-02/drsr/g0009_feynman-ii.15.4/result.json
g0010,feynman-bonus.7,drsr,1314,anon-node-03,g0010_feynman-bonus.7,ok,budget_exhausted_with_output,budget_exhausted_with_output,True,True,3901.24,9325329.566571709,8217265.611239751,10884711.977763716,39746693.92633132,-15036632.638443574,-107500338.77925454,True,True,c0 + c1*exp(c2*x0) + c3*x0*x1 + c4,0.06650384197688859 + 0.4829054233481913*exp(-0.7925462395481349*x0) + -0.363579267736033*x0*x1 + -0.5494092653250591,x0;x1,add;exp;mul,13.0,5.0,3,x0;x1;x2,y,True,deepinfra/meta-llama/Meta-Llama-3.1-8B-Instruct-Turbo,/home/anonymous/projects/scientific-intelligent-modelling/exp-planning/02.E1选择验证/llm_configs/benchmark_llm_deepinfra_llama31_8b_turbo.config,"Calculate the Hubble's constant given Gravitational constant, Density of the universe, Spacetime curvature",/home/anonymous/projects/scientific-intelligent-modelling/experiments/semantic200_llm_physics_v2_4host_seed1314_20260429-205250/drsr/anon-node-03/drsr/g0010_feynman-bonus.7/result.json
g0011,feynman-i.25.13,drsr,1314,anon-node-04,g0011_feynman-i.25.13,ok,completed,not_timeout,False,False,3612.033,1.0,1.0,1.0,1.0,-0.00010731299471666844,-0.003281605063359505,True,True,c0*x1/x0,0.2739233746429086*x1/x0,x0;x1,mul;pow,6.0,3.0,3,x0;x1;x2,y,True,deepinfra/meta-llama/Meta-Llama-3.1-8B-Instruct,/home/anonymous/projects/scientific-intelligent-modelling/exp-planning/02.E1选择验证/llm_configs/benchmark_llm_deepinfra_llama31_8b.config,"Calculate the Voltage given Electric charge, Electrostatic Capacitance There are 3 candidate variables in an unknown order. The unordered semantic-role multiset is: 1 variable with semantic role ""C, Electrostatic Capacit",/home/anonymous/projects/scientific-intelligent-modelling/experiments/semantic200_llm_physics_v2_4host_seed1314_20260429-205250/drsr/anon-node-04/drsr/g0011_feynman-i.25.13/result.json
g0012,feynman-i.26.2,drsr,1314,anon-node-05,g0012_feynman-i.26.2,ok,budget_exhausted_with_output,budget_exhausted_with_output,True,True,3901.324,1.338838533245595,1.5165931812155669,1.2393422250683879,1.038923642252187,-0.27646563244621714,-0.07784953529838279,True,True,sin(x0)/sin(x2),sin(x0)/sin(x2),x0;x2,mul;pow;sin,7.0,4.0,5,x0;x1;x2;x3;x4,y,True,deepinfra/meta-llama/Meta-Llama-3.1-8B-Instruct-Turbo,/home/anonymous/projects/scientific-intelligent-modelling/exp-planning/02.E1选择验证/llm_configs/benchmark_llm_deepinfra_llama31_8b_turbo.config,"Calculate the Relative refractive index given Refraction angle 1, Refraction angle 2 There are 5 candidate variables in an unknown order. The unordered semantic-role multiset is: 1 variable with semantic role ""theta_1, R",/home/anonymous/projects/scientific-intelligent-modelling/experiments/semantic200_llm_physics_v2_4host_seed1314_20260429-205250/drsr/anon-node-05/drsr/g0012_feynman-i.26.2/result.json
g0013,feynman-bonus.20,drsr,1314,anon-node-02,g0013_feynman-bonus.20,ok,budget_exhausted_with_output,budget_exhausted_with_output,True,True,3901.276,1.0,1.0,1.0,1.0,-0.02101722284107188,-0.006704462436640579,True,True,c0*x1**2*exp(c2*x0)/(c1*x0**2*x2),-0.909049376283187*x1**2*exp(-0.19124179894967974*x0)/(0.2597346735173205*x0**2*x2),x0;x1;x2,exp;mul;pow,18.0,4.0,3,x0;x1;x2,y,True,deepinfra/meta-llama/Meta-Llama-3.1-8B-Instruct,/home/anonymous/projects/scientific-intelligent-modelling/exp-planning/02.E1选择验证/llm_configs/benchmark_llm_deepinfra_llama31_8b.config,"Calculate the Differential cross section given Fine structure constant, Planck constant, Electron mass",/home/anonymous/projects/scientific-intelligent-modelling/experiments/semantic200_llm_physics_v2_4host_seed1314_20260429-205250/drsr/anon-node-02/drsr/g0013_feynman-bonus.20/result.json
g0014,feynman-i.14.4,drsr,1314,anon-node-03,g0014_feynman-i.14.4,ok,budget_exhausted_with_output,budget_exhausted_with_output,True,True,3901.262,9.7345236936919e+37,1.1948921304389539e+38,7.977179676921889e+37,1.6651222085139382e+38,-8.822615385744838e+37,-1.2745457062356313e+40,True,True,0.5*c0*x0*x1**2 + c1*x0*x2,0.5*0.9999999997526734*x0*x1**2 + -0.05429090120485136*x0*x2,x0;x1;x2,add;mul;pow,12.0,4.0,5,x0;x1;x2;x3;x4,y,True,deepinfra/meta-llama/Meta-Llama-3.1-8B-Instruct-Turbo,/home/anonymous/projects/scientific-intelligent-modelling/exp-planning/02.E1选择验证/llm_configs/benchmark_llm_deepinfra_llama31_8b_turbo.config,"Calculate the Elastic energy given Spring constant, Position There are 5 candidate variables in an unknown order. The unordered semantic-role multiset is: 1 variable with semantic role ""k_spring, Spring constant""; 1 vari",/home/anonymous/projects/scientific-intelligent-modelling/experiments/semantic200_llm_physics_v2_4host_seed1314_20260429-205250/drsr/anon-node-03/drsr/g0014_feynman-i.14.4/result.json
g0015,feynman-i.41.16,drsr,1314,anon-node-04,g0015_feynman-i.41.16,ok,budget_exhausted_with_output,budget_exhausted_with_output,True,True,3906.976,7.674806763283784e+39,1.888062503343197e+40,3.091808737287892e+30,1.0,-3.4175013205731326e+30,-27.456208505619323,True,True,c0*x0*x1**2/(exp(c1*x0*x1) - 1),-0.00012411064243681515*x0*x1**2/(exp(26.36631620677729*x0*x1) - 1),x0;x1,add;exp;mul;pow,15.0,6.0,2,x0;x1,y,True,deepinfra/meta-llama/Meta-Llama-3.1-8B-Instruct,/home/anonymous/projects/scientific-intelligent-modelling/exp-planning/02.E1选择验证/llm_configs/benchmark_llm_deepinfra_llama31_8b.config,"Calculate the Radiation per frequency given Planck constant, Frequency of electromagnetic wave",/home/anonymous/projects/scientific-intelligent-modelling/experiments/semantic200_llm_physics_v2_4host_seed1314_20260429-205250/drsr/anon-node-04/drsr/g0015_feynman-i.41.16/result.json
g0016,first_principles_newton,drsr,1314,anon-node-05,g0016_first_principles_newton,ok,completed,not_timeout,False,False,3610.708,6.288133638305107e+44,1.396164805553313e+42,9.399716742687674e+31,8.604534771030472e+46,-1.4695265839119584e+35,-1.3656715077405821e+48,True,True,-c0*x1*x2/x0**2,--4.999998999439858e-13*x1*x2/x0**2,x0;x1;x2,mul;pow,8.0,3.0,3,r;m1;m2,target,True,deepinfra/meta-llama/Meta-Llama-3.1-8B-Instruct-Turbo,/home/anonymous/projects/scientific-intelligent-modelling/exp-planning/02.E1选择验证/llm_configs/benchmark_llm_deepinfra_llama31_8b_turbo.config,"The Newton's law of gravitation is a model for the gravitational force between two bodies, given their masses and distance. Data was synthetically generated using the Newton's law of gravitation, with a range of paramete",/home/anonymous/projects/scientific-intelligent-modelling/experiments/semantic200_llm_physics_v2_4host_seed1314_20260429-205250/drsr/anon-node-05/drsr/g0016_first_principles_newton/result.json
g0017,feynman-ii.11.28,drsr,1314,anon-node-02,g0017_feynman-ii.11.28,ok,budget_exhausted_with_output,budget_exhausted_with_output,True,True,3901.099,4.0924142426066465e-17,4.344038637689327e-17,3.350915368669902e-17,6.5751196058829905e-15,0.9956569667094898,0.8239788575309929,True,True,c0 + c1*x0*x1,1.000000003060586 + 0.9341311271755022*x0*x1,x0;x1,add;mul,6.0,3.0,2,x0;x1,y,True,deepinfra/meta-llama/Meta-Llama-3.1-8B-Instruct,/home/anonymous/projects/scientific-intelligent-modelling/exp-planning/02.E1选择验证/llm_configs/benchmark_llm_deepinfra_llama31_8b.config,"Calculate the Electric dipole moment per unit volume given Number of electric dipoles, Molecular polarizability",/home/anonymous/projects/scientific-intelligent-modelling/experiments/semantic200_llm_physics_v2_4host_seed1314_20260429-205250/drsr/anon-node-02/drsr/g0017_feynman-ii.11.28/result.json
g0018,feynman-i.38.12,drsr,1314,anon-node-03,g0018_feynman-i.38.12,ok,budget_exhausted_with_output,budget_exhausted_with_output,True,True,3901.384,0.999807450141454,0.9997717439076503,0.9998412194064313,3.875442060553448,-0.10338293209629468,-2.914490660818541,True,True,c0*x0*x1**2/(pi*x3),0.7608883985798274*x0*x1**2/(pi*x3),x0;x1;x3,mul;pi;pow,12.0,3.0,4,x0;x1;x2;x3,y,True,deepinfra/meta-llama/Meta-Llama-3.1-8B-Instruct-Turbo,/home/anonymous/projects/scientific-intelligent-modelling/exp-planning/02.E1选择验证/llm_configs/benchmark_llm_deepinfra_llama31_8b_turbo.config,"Calculate the Bohr radius given Vacuum permittivity, Planck constant There are 4 candidate variables in an unknown order. The unordered semantic-role multiset is: 1 variable with semantic role ""epsilon, Vacuum permittivi",/home/anonymous/projects/scientific-intelligent-modelling/experiments/semantic200_llm_physics_v2_4host_seed1314_20260429-205250/drsr/anon-node-03/drsr/g0018_feynman-i.38.12/result.json
g0019,feynman-ii.15.5,drsr,1314,anon-node-04,g0019_feynman-ii.15.5,ok,budget_exhausted_with_output,budget_exhausted_with_output,True,True,3901.581,8932575620602959.0,9885018324688650.0,8513871247965166.0,2424720981052171.5,-8517614420987032.0,-2430007806458340.5,True,True,c0*x0*x1*cos(x2),-0.9236151937351231*x0*x1*cos(x2),x0;x1;x2,cos;mul,6.0,3.0,5,x0;x1;x2;x3;x4,y,True,deepinfra/meta-llama/Meta-Llama-3.1-8B-Instruct,/home/anonymous/projects/scientific-intelligent-modelling/exp-planning/02.E1选择验证/llm_configs/benchmark_llm_deepinfra_llama31_8b.config,"Calculate the Energy given Electric dipole moment, Magnitude of electric field, Angle There are 5 candidate variables in an unknown order. The unordered semantic-role multiset is: 1 variable with semantic role ""E, Magnit",/home/anonymous/projects/scientific-intelligent-modelling/experiments/semantic200_llm_physics_v2_4host_seed1314_20260429-205250/drsr/anon-node-04/drsr/g0019_feynman-ii.15.5/result.json
g0020,feynman-i.29.4,drsr,1314,anon-node-05,g0020_feynman-i.29.4,ok,budget_exhausted_with_output,budget_exhausted_with_output,True,True,3901.353,1.0,1.0,1.0,1.0,-0.7405443457250493,-90.25564136793507,True,True,6.66666666666667e-9*pi*c0*x0/c1,6.66666666666667e-9*pi*-0.3606999521519982*x0/-2.2647767649010895,x0,mul;pi;pow,8.0,3.0,4,x0;x1;x2;x3,y,True,deepinfra/meta-llama/Meta-Llama-3.1-8B-Instruct-Turbo,/home/anonymous/projects/scientific-intelligent-modelling/exp-planning/02.E1选择验证/llm_configs/benchmark_llm_deepinfra_llama31_8b_turbo.config,"Calculate the Wavenumber given Frequency of electromagnetic waves There are 4 candidate variables in an unknown order. The unordered semantic-role multiset is: 1 variable with semantic role ""omega, Frequency of electroma",/home/anonymous/projects/scientific-intelligent-modelling/experiments/semantic200_llm_physics_v2_4host_seed1314_20260429-205250/drsr/anon-node-05/drsr/g0020_feynman-i.29.4/result.json
g0021,feynman-i.14.3,drsr,1314,anon-node-02,g0021_feynman-i.14.3,ok,budget_exhausted_with_output,budget_exhausted_with_output,True,True,3901.144,1.7595426706938522e-15,1.647751148173497e-15,1.5020862008666485e-15,9.722981426372259e-20,0.9999999999999984,1.0,True,True,c0*x0**2 + c1*x0*x1 + c2*x1**3,-4.800710370301635e-09*x0**2 + 9.806649998565309*x0*x1 + -7.894133118812002e-09*x1**3,x0;x1,add;mul;pow,15.0,4.0,4,x0;x1;x2;x3,y,True,deepinfra/meta-llama/Meta-Llama-3.1-8B-Instruct,/home/anonymous/projects/scientific-intelligent-modelling/exp-planning/02.E1选择验证/llm_configs/benchmark_llm_deepinfra_llama31_8b.config,"Calculate the Potential energy given Mass, Gravitational acceleration There are 4 candidate variables in an unknown order. The unordered semantic-role multiset is: 1 variable with semantic role ""g, Gravitational accelera",/home/anonymous/projects/scientific-intelligent-modelling/experiments/semantic200_llm_physics_v2_4host_seed1314_20260429-205250/drsr/anon-node-02/drsr/g0021_feynman-i.14.3/result.json
g0022,feynman-ii.11.20,drsr,1314,anon-node-03,g0022_feynman-ii.11.20,ok,completed,not_timeout,False,False,3611.971,1.0,1.0,1.0,1.0,-2.3801615078644645e-05,-0.0034370803457355326,True,True,c0*c3**6*x0**2/(c1*c4**3*c5**3),0.2739233746429086*-0.9669447289429418**6*x0**2/(-0.4604265724722594*0.6265404784005448**3*0.8255111545554434**3),x0,mul;pow,17.0,3.0,6,x0;x1;x2;x3;x4;x5,y,True,deepinfra/meta-llama/Meta-Llama-3.1-8B-Instruct-Turbo,/home/anonymous/projects/scientific-intelligent-modelling/exp-planning/02.E1选择验证/llm_configs/benchmark_llm_deepinfra_llama31_8b_turbo.config,"Calculate the Polarizability given Number of atom, Electric dipole moment, Magnitude of electric field, Boltzmann constant There are 6 candidate variables in an unknown order. The unordered semantic-role multiset is: 1 v",/home/anonymous/projects/scientific-intelligent-modelling/experiments/semantic200_llm_physics_v2_4host_seed1314_20260429-205250/drsr/anon-node-03/drsr/g0022_feynman-ii.11.20/result.json
g0023,feynman-i.34.27,drsr,1314,anon-node-04,g0023_feynman-i.34.27,ok,budget_exhausted_with_output,budget_exhausted_with_output,True,True,3905.527,1.4688503768940688e+20,1.479796103097245e+20,1.3894031824581178e+20,1.3793779215892844e+20,-2.4319723498766713e+20,-1.3447023927674188e+22,True,True,c0*x0,-1.2411941811932845e-14*x0,x0,mul,3.0,2.0,4,x0;x1;x2;x3,y,True,deepinfra/meta-llama/Meta-Llama-3.1-8B-Instruct,/home/anonymous/projects/scientific-intelligent-modelling/exp-planning/02.E1选择验证/llm_configs/benchmark_llm_deepinfra_llama31_8b.config,"Calculate the Energy given Planck constant There are 4 candidate variables in an unknown order. The unordered semantic-role multiset is: 1 variable with semantic role ""h, Planck constant""; 3 distractor/meaningless variab",/home/anonymous/projects/scientific-intelligent-modelling/experiments/semantic200_llm_physics_v2_4host_seed1314_20260429-205250/drsr/anon-node-04/drsr/g0023_feynman-i.34.27/result.json
g0024,feynman-iii.13.18,drsr,1314,anon-node-05,g0024_feynman-iii.13.18,ok,budget_exhausted_with_output,budget_exhausted_with_output,True,True,3901.21,0.9989975811558975,1.000243661281282,1.0034765983510165,1.000017020564787,-0.0038199614362099954,-0.004033893195523053,True,True,c0 + c1*x0 + c2*x3 + c3*x4,-1.5027514080542732 + -0.6149934463737907*x0 + 2.6959203399622596e-10*x3 + 0.6091105427983446*x4,x0;x3;x4,add;mul,11.0,3.0,5,x0;x1;x2;x3;x4,y,True,deepinfra/meta-llama/Meta-Llama-3.1-8B-Instruct-Turbo,/home/anonymous/projects/scientific-intelligent-modelling/exp-planning/02.E1选择验证/llm_configs/benchmark_llm_deepinfra_llama31_8b_turbo.config,"Calculate the Speed of the waves given Energy, Lattice constant, Wavenumber There are 5 candidate variables in an unknown order. The unordered semantic-role multiset is: 1 variable with semantic role ""A, Energy""; 1 varia",/home/anonymous/projects/scientific-intelligent-modelling/experiments/semantic200_llm_physics_v2_4host_seed1314_20260429-205250/drsr/anon-node-05/drsr/g0024_feynman-iii.13.18/result.json
g0025,feynman-bonus.4,drsr,1314,anon-node-02,g0025_feynman-bonus.4,ok,budget_exhausted_with_output,budget_exhausted_with_output,True,True,3901.468,1.8474035012607876e-15,1.6399782472269823e-15,2.1175449955565137e-15,1.84410708523722e-30,0.9999999999999954,1.0,True,True,sqrt((2*x1 - 2*x3)/x0),sqrt((2*x1 - 2*x3)/x0),x0;x1;x3,add;mul;pow,13.0,5.0,8,x0;x1;x2;x3;x4;x5;x6;x7,y,True,deepinfra/meta-llama/Meta-Llama-3.1-8B-Instruct,/home/anonymous/projects/scientific-intelligent-modelling/exp-planning/02.E1选择验证/llm_configs/benchmark_llm_deepinfra_llama31_8b.config,"Calculate the Velocity given Mass (The Earth), Energy, Potential energy, Angular momentum, Distance There are 8 candidate variables in an unknown order. The unordered semantic-role multiset is: 1 variable with semantic r",/home/anonymous/projects/scientific-intelligent-modelling/experiments/semantic200_llm_physics_v2_4host_seed1314_20260429-205250/drsr/anon-node-02/drsr/g0025_feynman-bonus.4/result.json
g0026,feynman-bonus.4,drsr,1314,anon-node-03,g0026_feynman-bonus.4,ok,budget_exhausted_with_output,budget_exhausted_with_output,True,True,3901.031,2.5693704070385037e-32,1.7422944564783832e-31,2.2082060433096583e-32,2.2351166775425346e-30,1.0,1.0,True,True,sqrt((2*x1 - 2*x2)/x0),sqrt((2*x1 - 2*x2)/x0),x0;x1;x2,add;mul;pow,13.0,5.0,5,x0;x1;x2;x3;x4,y,True,deepinfra/meta-llama/Meta-Llama-3.1-8B-Instruct-Turbo,/home/anonymous/projects/scientific-intelligent-modelling/exp-planning/02.E1选择验证/llm_configs/benchmark_llm_deepinfra_llama31_8b_turbo.config,"Calculate the Velocity given Mass (The Earth), Energy, Potential energy, Angular momentum, Distance",/home/anonymous/projects/scientific-intelligent-modelling/experiments/semantic200_llm_physics_v2_4host_seed1314_20260429-205250/drsr/anon-node-03/drsr/g0026_feynman-bonus.4/result.json
g0027,feynman-iii.17.37,drsr,1314,anon-node-04,g0027_feynman-iii.17.37,ok,budget_exhausted_with_output,budget_exhausted_with_output,True,True,3902.272,231504968.02255565,251044968.27940184,223334983.8561927,19224206.647076525,-386244447.82995147,-2285953438.561537,True,True,c0 + c1*x0 + c2*x1 + c3*sin(x2),-3.447806813385009e-13 + -0.31957188584701157*x0 + 0.13692115367429025*x1 + -5.038087988576116e-13*sin(x2),x0;x1;x2,add;mul;sin,12.0,4.0,5,x0;x1;x2;x3;x4,y,True,deepinfra/meta-llama/Meta-Llama-3.1-8B-Instruct,/home/anonymous/projects/scientific-intelligent-modelling/exp-planning/02.E1选择验证/llm_configs/benchmark_llm_deepinfra_llama31_8b.config,"Calculate the Distribution given Variable, Variable, Angle There are 5 candidate variables in an unknown order. The unordered semantic-role multiset is: 1 variable with semantic role ""alpha, Variable""; 1 variable with se",/home/anonymous/projects/scientific-intelligent-modelling/experiments/semantic200_llm_physics_v2_4host_seed1314_20260429-205250/drsr/anon-node-04/drsr/g0027_feynman-iii.17.37/result.json
g0028,feynman-i.18.16,drsr,1314,anon-node-05,g0028_feynman-i.18.16,ok,completed,not_timeout,False,False,3611.893,1.1700448952377046e+21,5.0651784120424314e+20,4.974819118584257e+20,6.327480099123157e+26,-4.990587147970032e+20,-6.327777832027053e+26,True,True,c0 + c1*x1**2*x2*x3*sin(x0),0.2739233746429086 + -4.999999999983098e-13*x1**2*x2*x3*sin(x0),x0;x1;x2;x3,add;mul;pow;sin,11.0,4.0,6,x0;x1;x2;x3;x4;x5,y,True,deepinfra/meta-llama/Meta-Llama-3.1-8B-Instruct-Turbo,/home/anonymous/projects/scientific-intelligent-modelling/exp-planning/02.E1选择验证/llm_configs/benchmark_llm_deepinfra_llama31_8b_turbo.config,"Calculate the Angular momentum given Mass, Distance, Velocity, Angle There are 6 candidate variables in an unknown order. The unordered semantic-role multiset is: 1 variable with semantic role ""m, Mass""; 1 variable with ",/home/anonymous/projects/scientific-intelligent-modelling/experiments/semantic200_llm_physics_v2_4host_seed1314_20260429-205250/drsr/anon-node-05/drsr/g0028_feynman-i.18.16/result.json
g0029,feynman-ii.34.11,drsr,1314,anon-node-02,g0029_feynman-ii.34.11,ok,completed,not_timeout,False,False,3611.012,322665730.0274932,299628612.3774365,131524088.66398731,86639111000.52263,-131540715.39817892,-86698647106.00586,True,True,c0 + c1*x0*x3/(2*pi*x2) + c2*x1,0.6317071082430643 + -0.9945229996597038*x0*x3/(2*pi*x2) + -5.000000137077252e-13*x1,x0;x1;x2;x3,add;mul;pi;pow,16.0,4.0,7,x0;x1;x2;x3;x4;x5;x6,y,True,deepinfra/meta-llama/Meta-Llama-3.1-8B-Instruct,/home/anonymous/projects/scientific-intelligent-modelling/exp-planning/02.E1选择验证/llm_configs/benchmark_llm_deepinfra_llama31_8b.config,"Calculate the Angular frequency given g-factor, Electric charge, Magnetic field strength, Mass There are 7 candidate variables in an unknown order. The unordered semantic-role multiset is: 1 variable with semantic role """,/home/anonymous/projects/scientific-intelligent-modelling/experiments/semantic200_llm_physics_v2_4host_seed1314_20260429-205250/drsr/anon-node-02/drsr/g0029_feynman-ii.34.11/result.json
g0030,feynman-bonus.8,drsr,1314,anon-node-03,g0030_feynman-bonus.8,ok,budget_exhausted_with_output,budget_exhausted_with_output,True,True,3901.198,1.0277863942175426e-05,1.0634049228195307e-05,9.853934802023165e-06,0.03744226472321955,0.999983047601377,-0.8025734297779736,True,True,c0*x0 + c1*x1,-0.14745510326688493*x0 + 0.997126317023191*x1,x0;x1,add;mul,7.0,3.0,3,x0;x1;x2,y,True,deepinfra/meta-llama/Meta-Llama-3.1-8B-Instruct-Turbo,/home/anonymous/projects/scientific-intelligent-modelling/exp-planning/02.E1选择验证/llm_configs/benchmark_llm_deepinfra_llama31_8b_turbo.config,"Calculate the Energy given Electromagnetic energy, Electron mass There are 3 candidate variables in an unknown order. The unordered semantic-role multiset is: 1 variable with semantic role ""E, Electromagnetic energy""; 1 ",/home/anonymous/projects/scientific-intelligent-modelling/experiments/semantic200_llm_physics_v2_4host_seed1314_20260429-205250/drsr/anon-node-03/drsr/g0030_feynman-bonus.8/result.json
g0031,feynman-i.30.5,drsr,1314,anon-node-04,g0031_feynman-i.30.5,ok,budget_exhausted_with_output,budget_exhausted_with_output,True,True,3906.951,1.0475834568507103,2.815060992970381,1.0431538822667612,1.0000764170900374,-0.04928272675639378,-0.0023389565621410036,True,True,c0/(c1*sin(x2)) + c2*x0 + c3*x1,1.6082777696494313e-11/(1.2048496531926167*sin(x2)) + -0.12050601478262424*x0 + -7.922410514295519e-13*x1,x0;x1;x2,add;mul;pow;sin,16.0,5.0,6,x0;x1;x2;x3;x4;x5,y,True,deepinfra/meta-llama/Meta-Llama-3.1-8B-Instruct,/home/anonymous/projects/scientific-intelligent-modelling/exp-planning/02.E1选择验证/llm_configs/benchmark_llm_deepinfra_llama31_8b.config,"Calculate the Interplanar distance given Wavelength of X-ray, Number of phase difference, Incidence/Reflection angle There are 6 candidate variables in an unknown order. The unordered semantic-role multiset is: 1 variabl",/home/anonymous/projects/scientific-intelligent-modelling/experiments/semantic200_llm_physics_v2_4host_seed1314_20260429-205250/drsr/anon-node-04/drsr/g0031_feynman-i.30.5/result.json
g0032,feynman-i.41.16,drsr,1314,anon-node-05,g0032_feynman-i.41.16,ok,completed,not_timeout,False,False,3612.643,6.065323911296137e+197,9.07118899122024e+197,8.045428165997016e+197,6.941981432198162e+210,-8.892937342054192e+197,-2.0571998044085297e+212,True,True,c0*x0**3 + c1*x1**3 + c2*x2 + c3*x3 + c4*x4,-5e-13*x0**3 + -0.4604265724722594*x1**3 + -0.9180529521276106*x2 + -0.9669447289429418*x3 + 0.6265404784005448*x4,x0;x1;x2;x3;x4,add;mul;pow,20.0,4.0,5,x0;x1;x2;x3;x4,y,True,deepinfra/meta-llama/Meta-Llama-3.1-8B-Instruct-Turbo,/home/anonymous/projects/scientific-intelligent-modelling/exp-planning/02.E1选择验证/llm_configs/benchmark_llm_deepinfra_llama31_8b_turbo.config,"Calculate the Radiation per frequency given Planck constant, Frequency of electromagnetic wave There are 5 candidate variables in an unknown order. The unordered semantic-role multiset is: 1 variable with semantic role """,/home/anonymous/projects/scientific-intelligent-modelling/experiments/semantic200_llm_physics_v2_4host_seed1314_20260429-205250/drsr/anon-node-05/drsr/g0032_feynman-i.41.16/result.json
g0033,feynman-iii.4.33,drsr,1314,anon-node-02,g0033_feynman-iii.4.33,ok,budget_exhausted_with_output,budget_exhausted_with_output,True,True,3901.39,6.339989973578775e+33,6.669394692674798e+33,7.495223397851784e+33,1.593209236838925e+33,-1.3105739490937455e+34,-1.420365917720605e+35,True,True,c0 + c1*x0 + c2*x1,-0.00029513858556696007 + -8.322413944636243e-15*x0 + -2.0700178298375602e-07*x1,x0;x1,add;mul,8.0,3.0,2,x0;x1,y,True,deepinfra/meta-llama/Meta-Llama-3.1-8B-Instruct,/home/anonymous/projects/scientific-intelligent-modelling/exp-planning/02.E1选择验证/llm_configs/benchmark_llm_deepinfra_llama31_8b.config,"Calculate the Energy given Planck constant, Frequency",/home/anonymous/projects/scientific-intelligent-modelling/experiments/semantic200_llm_physics_v2_4host_seed1314_20260429-205250/drsr/anon-node-02/drsr/g0033_feynman-iii.4.33/result.json
g0034,feynman-iii.4.33,drsr,1314,anon-node-03,g0034_feynman-iii.4.33,ok,completed,not_timeout,False,False,3612.103,2.1396977225841397e+35,1.8802027579577334e+35,2.8581274155161247e+35,2.5942781175237347e+35,-4.997565963211619e+35,-2.2925515451504993e+37,True,True,c0 + c1*x0 + c2*x1,0.002032787174643974 + -0.4604402669175245*x0 + -8.380008870774032e-13*x1,x0;x1,add;mul,8.0,3.0,5,x0;x1;x2;x3;x4,y,True,deepinfra/meta-llama/Meta-Llama-3.1-8B-Instruct-Turbo,/home/anonymous/projects/scientific-intelligent-modelling/exp-planning/02.E1选择验证/llm_configs/benchmark_llm_deepinfra_llama31_8b_turbo.config,"Calculate the Energy given Planck constant, Frequency There are 5 candidate variables in an unknown order. The unordered semantic-role multiset is: 1 variable with semantic role ""h, Planck constant""; 1 variable with sema",/home/anonymous/projects/scientific-intelligent-modelling/experiments/semantic200_llm_physics_v2_4host_seed1314_20260429-205250/drsr/anon-node-03/drsr/g0034_feynman-iii.4.33/result.json
g0035,feynman-i.37.4,drsr,1314,anon-node-04,g0035_feynman-i.37.4,ok,completed,not_timeout,False,False,3624.738,2.4453545314387317e+32,2.32183914583341e+32,2.6188003543791654e+32,5.8457055999308585e+31,-5.087695897754295e+32,-6.469203881299131e+33,True,True,c0 + c1*x0 + c2*x1 + c3*cos(x1 + x4) + c4*x2 + c5*x4,-0.9433606577090741 + -0.7514334470008721*x0 + 0.34124882938726064*x1 + 0.2943790231485002*cos(x1 + x4) + 0.2307702229625077*x2 + -3.0059169682311727e-14*x4,x0;x1;x2;x4,add;cos;mul,20.0,5.0,6,x0;x1;x2;x3;x4;x5,y,True,deepinfra/meta-llama/Meta-Llama-3.1-8B-Instruct,/home/anonymous/projects/scientific-intelligent-modelling/exp-planning/02.E1选择验证/llm_configs/benchmark_llm_deepinfra_llama31_8b.config,"Calculate the Amplitude of wave given Amplitude of wave, Amplitude of wave, Phase difference There are 6 candidate variables in an unknown order. The unordered semantic-role multiset is: 1 variable with semantic role ""de",/home/anonymous/projects/scientific-intelligent-modelling/experiments/semantic200_llm_physics_v2_4host_seed1314_20260429-205250/drsr/anon-node-04/drsr/g0035_feynman-i.37.4/result.json
g0036,feynman-ii.37.1,drsr,1314,anon-node-05,g0036_feynman-ii.37.1,ok,budget_exhausted_with_output,budget_exhausted_with_output,True,True,3901.449,1.0,1.0,1.0,1.0,-1.0429268801903646e-06,-0.000600955132260772,True,True,c0*x0**2*x3**2*x5**2,0.9315758731033252*x0**2*x3**2*x5**2,x0;x3;x5,mul;pow,11.0,3.0,6,x0;x1;x2;x3;x4;x5,y,True,deepinfra/meta-llama/Meta-Llama-3.1-8B-Instruct-Turbo,/home/anonymous/projects/scientific-intelligent-modelling/exp-planning/02.E1选择验证/llm_configs/benchmark_llm_deepinfra_llama31_8b_turbo.config,"Calculate the Energy of magnetic field given Magnetic moment, Volume magnetic susceptibility, Magnetic field strength There are 6 candidate variables in an unknown order. The unordered semantic-role multiset is: 1 variab",/home/anonymous/projects/scientific-intelligent-modelling/experiments/semantic200_llm_physics_v2_4host_seed1314_20260429-205250/drsr/anon-node-05/drsr/g0036_feynman-ii.37.1/result.json
g0037,PO14,drsr,1314,anon-node-02,g0037_PO14,ok,budget_exhausted_with_output,budget_exhausted_with_output,True,True,3900.985,0.02448637277377996,0.025755422753416603,0.023448446084355187,0.05051098382030719,0.9765080315071835,0.9221199550188444,True,True,c0 + c1*x0 + c2*x1 + c3*x2 + c4*x0**2 + c5*x1**2 + c6*x2**2 + c7*x0*x1 + c8*x0*x2 + c9*x1*x2,-3.390385893932541 + 6.502852833819808*x0 + 0.2440138618414598*x1 + -1.4148898893911148*x2 + -2.940704763480715*x0**2 + -0.0041343042347316335*x1**2 + -3.6105030034151198*x2**2 + -0.22300026331038006*x0*x1 + 0.8286870003053044*x0*x2 + 0.033375874308482344*x1*x2,x0;x1;x2,add;mul;pow,38.0,4.0,3,x;t;v,dv_dt,True,deepinfra/meta-llama/Meta-Llama-3.1-8B-Instruct,/home/anonymous/projects/scientific-intelligent-modelling/exp-planning/02.E1选择验证/llm_configs/benchmark_llm_deepinfra_llama31_8b.config,"Calculate Acceleration in Non-linear Harmonic Oscillator given Position at time t, Time and Velocity at time t",/home/anonymous/projects/scientific-intelligent-modelling/experiments/semantic200_llm_physics_v2_4host_seed1314_20260429-205250/drsr/anon-node-02/drsr/g0037_PO14/result.json
g0038,feynman-i.44.4,drsr,1314,anon-node-03,g0038_feynman-i.44.4,ok,completed,not_timeout,False,False,3612.121,358510499.807153,408678101.26859915,320555165.43523675,5697886175.453363,-320634859.06029534,-5698856533.251511,True,True,c0*x0*x3*exp(-c1*x4/(c2*x5)),-4.999922119359709e-13*x0*x3*exp(--0.9945229996597038*x4/(0.7148085531751387*x5)),x0;x3;x4;x5,exp;mul;pow,15.0,5.0,6,x0;x1;x2;x3;x4;x5,y,True,deepinfra/meta-llama/Meta-Llama-3.1-8B-Instruct-Turbo,/home/anonymous/projects/scientific-intelligent-modelling/exp-planning/02.E1选择验证/llm_configs/benchmark_llm_deepinfra_llama31_8b_turbo.config,"Calculate the Energy given Number of molecules, Boltzmann constant, Temperature, Volume There are 6 candidate variables in an unknown order. The unordered semantic-role multiset is: 1 variable with semantic role ""k, Bolt",/home/anonymous/projects/scientific-intelligent-modelling/experiments/semantic200_llm_physics_v2_4host_seed1314_20260429-205250/drsr/anon-node-03/drsr/g0038_feynman-i.44.4/result.json
g0039,feynman-ii.11.3,drsr,1314,anon-node-04,g0039_feynman-ii.11.3,ok,budget_exhausted_with_output,budget_exhausted_with_output,True,True,3903.546,0.9982172108897245,1.0105558645615373,24.605752414582472,1.2046601085379842,-23.639689055368862,-0.20472158322835377,True,True,c0*x0/(c1*x2*(x3**2 + x4**2)),5.820718259042366e-08*x0/(-1.0809631304850096*x2*(x3**2 + x4**2)),x0;x2;x3;x4,add;mul;pow,18.0,5.0,6,x0;x1;x2;x3;x4;x5,y,True,deepinfra/meta-llama/Meta-Llama-3.1-8B-Instruct,/home/anonymous/projects/scientific-intelligent-modelling/exp-planning/02.E1选择验证/llm_configs/benchmark_llm_deepinfra_llama31_8b.config,"Calculate the Position given Electric charge, Magnitude of electric field, Mass, Angular velocity, Angular velocity There are 6 candidate variables in an unknown order. The unordered semantic-role multiset is: 1 variable",/home/anonymous/projects/scientific-intelligent-modelling/experiments/semantic200_llm_physics_v2_4host_seed1314_20260429-205250/drsr/anon-node-04/drsr/g0039_feynman-ii.11.3/result.json
g0040,feynman-bonus.16,drsr,1314,anon-node-05,g0040_feynman-bonus.16,ok,budget_exhausted_with_output,budget_exhausted_with_output,True,True,3901.366,0.6366796669707202,0.6038587550326634,0.6893513465769154,0.8366066838378678,0.04358585861351583,-3.070500731626753,True,True,c0*x4 + c1*x0 + c2*x3 + c3*x2**2,0.03465771651128415*x4 + -0.01842971427025586*x0 + 0.14955039656399394*x3 + 8.56389330627345e-05*x2**2,x0;x2;x3;x4,add;mul;pow,15.0,4.0,6,x0;x1;x2;x3;x4;x5,y,True,deepinfra/meta-llama/Meta-Llama-3.1-8B-Instruct-Turbo,/home/anonymous/projects/scientific-intelligent-modelling/exp-planning/02.E1选择验证/llm_configs/benchmark_llm_deepinfra_llama31_8b_turbo.config,"Calculate the Energy given Momentum, Electric charge, Vector potential, Speed of light, Mass There are 6 candidate variables in an unknown order. The unordered semantic-role multiset is: 1 variable with semantic role ""A,",/home/anonymous/projects/scientific-intelligent-modelling/experiments/semantic200_llm_physics_v2_4host_seed1314_20260429-205250/drsr/anon-node-05/drsr/g0040_feynman-bonus.16/result.json
g0041,feynman-bonus.11,drsr,1314,anon-node-02,g0041_feynman-bonus.11,ok,budget_exhausted_with_output,budget_exhausted_with_output,True,True,3901.581,0.2625613497343868,0.2904851625263063,0.2697183319528032,0.39825327194314103,0.6523828489177124,0.2176195992835982,True,True,c0 + c1*x0 + c2*x1 + c3*x2*x3/(x2 + x3) + c4*x4*exp(-c5*x6),-101.79048837872934 + 3336.317552174204*x0 + -1.349047495206628e-07*x1 + 0.23034192283570376*x2*x3/(x2 + x3) + 2.0451785106448357*x4*exp(-0.8365950971421798*x6),x0;x1;x2;x3;x4;x6,add;exp;mul;pow,25.0,5.0,7,x0;x1;x2;x3;x4;x5;x6,y,True,deepinfra/meta-llama/Meta-Llama-3.1-8B-Instruct,/home/anonymous/projects/scientific-intelligent-modelling/exp-planning/02.E1选择验证/llm_configs/benchmark_llm_deepinfra_llama31_8b.config,"Calculate the Wave intensity given Amplitude of wave, Wavelength of X-ray, Number of phase difference, Wavelength of X-ray There are 7 candidate variables in an unknown order. The unordered semantic-role multiset is: 1 v",/home/anonymous/projects/scientific-intelligent-modelling/experiments/semantic200_llm_physics_v2_4host_seed1314_20260429-205250/drsr/anon-node-02/drsr/g0041_feynman-bonus.11/result.json
g0042,feynman-bonus.5,drsr,1314,anon-node-03,g0042_feynman-bonus.5,ok,budget_exhausted_with_output,budget_exhausted_with_output,True,True,3901.136,0.20352105387550576,0.2012436265831443,0.15752517934293203,0.373756559517141,0.8025993231867891,-17.043566277473744,True,True,c0 + c1*x0**(3/2)/(c2*sqrt(x2)),0.633488787100285 + -0.5407098563761562*x0**(3/2)/(-1.4854726247756738e-06*sqrt(x2)),x0;x2,add;mul;pow,13.0,4.0,3,x0;x1;x2,y,True,deepinfra/meta-llama/Meta-Llama-3.1-8B-Instruct-Turbo,/home/anonymous/projects/scientific-intelligent-modelling/exp-planning/02.E1选择验证/llm_configs/benchmark_llm_deepinfra_llama31_8b_turbo.config,"Calculate the Orbital period given Semimajor axis of elliptical orbit, Gravitational constant, Mass (The Earth)",/home/anonymous/projects/scientific-intelligent-modelling/experiments/semantic200_llm_physics_v2_4host_seed1314_20260429-205250/drsr/anon-node-03/drsr/g0042_feynman-bonus.5/result.json
g0043,feynman-i.18.4,drsr,1314,anon-node-04,g0043_feynman-i.18.4,ok,budget_exhausted_with_output,budget_exhausted_with_output,True,True,3901.876,0.28274070025808423,0.2635438307234933,0.2674728243368257,0.01780398682433728,0.7322804589368406,0.9821696242466935,True,True,c0 + c1*x0 + c2*x1 + c3*x2 + c4*x3 + c5*x4 + c6*x5,0.02558658434439502 + -0.013072640169441586*x0 + -9.436154541556548e-12*x1 + 0.4877549434564878*x2 + 0.006441421229637444*x3 + 0.5069006126672306*x4 + -6.749074446014744e-07*x5,x0;x1;x2;x3;x4;x5,add;mul,20.0,3.0,6,x0;x1;x2;x3;x4;x5,y,True,deepinfra/meta-llama/Meta-Llama-3.1-8B-Instruct,/home/anonymous/projects/scientific-intelligent-modelling/exp-planning/02.E1选择验证/llm_configs/benchmark_llm_deepinfra_llama31_8b.config,"Calculate the Center of gravity given Mass, Position, Mass, Position There are 6 candidate variables in an unknown order. The unordered semantic-role multiset is: 1 variable with semantic role ""m_1, Mass""; 1 variable wit",/home/anonymous/projects/scientific-intelligent-modelling/experiments/semantic200_llm_physics_v2_4host_seed1314_20260429-205250/drsr/anon-node-04/drsr/g0043_feynman-i.18.4/result.json
g0044,feynman-bonus.5,drsr,1314,anon-node-05,g0044_feynman-bonus.5,ok,budget_exhausted_with_output,budget_exhausted_with_output,True,True,3901.43,0.24385897671294587,0.21437405674227164,0.2649676069600546,4.913582744313623,0.6679592105683656,-383.74493730414764,True,True,2*sqrt(x0**3/c1),2*sqrt(x0**3/14606897337047.326),x0,mul;pow,11.0,5.0,6,x0;x1;x2;x3;x4;x5,y,True,deepinfra/meta-llama/Meta-Llama-3.1-8B-Instruct-Turbo,/home/anonymous/projects/scientific-intelligent-modelling/exp-planning/02.E1选择验证/llm_configs/benchmark_llm_deepinfra_llama31_8b_turbo.config,"Calculate the Orbital period given Semimajor axis of elliptical orbit, Gravitational constant, Mass (The Earth) There are 6 candidate variables in an unknown order. The unordered semantic-role multiset is: 1 variable wit",/home/anonymous/projects/scientific-intelligent-modelling/experiments/semantic200_llm_physics_v2_4host_seed1314_20260429-205250/drsr/anon-node-05/drsr/g0044_feynman-bonus.5/result.json
g0045,feynman-i.11.19,drsr,1314,anon-node-02,g0045_feynman-i.11.19,ok,budget_exhausted_with_output,budget_exhausted_with_output,True,True,3901.408,0.350626218589303,0.3524236233767079,0.32524799872582066,0.3286344786836174,0.6741938905681824,0.6704594885461324,True,True,c0*x0*x1 + c1*x2*x3 + c2*x4*x5 + c3*x6*x7,1.038835133994151*x0*x1 + 0.9925089873062469*x2*x3 + 1.30504101102052e-14*x4*x5 + -0.4303739071839543*x6*x7,x0;x1;x2;x3;x4;x5;x6;x7,add;mul,17.0,3.0,8,x0;x1;x2;x3;x4;x5;x6;x7,y,True,deepinfra/meta-llama/Meta-Llama-3.1-8B-Instruct,/home/anonymous/projects/scientific-intelligent-modelling/exp-planning/02.E1选择验证/llm_configs/benchmark_llm_deepinfra_llama31_8b.config,"Calculate the Inner product given Element of a vector, Element of a vector, Element of a vector, Element of a vector, Element of a vector, Element of a vector There are 8 candidate variables in an unknown order. The unor",/home/anonymous/projects/scientific-intelligent-modelling/experiments/semantic200_llm_physics_v2_4host_seed1314_20260429-205250/drsr/anon-node-02/drsr/g0045_feynman-i.11.19/result.json
g0046,feynman-ii.15.4,drsr,1314,anon-node-03,g0046_feynman-ii.15.4,ok,budget_exhausted_with_output,budget_exhausted_with_output,True,True,3901.025,1.3886260079110292e-31,6.192208907449187e-32,1.3090679122578728e-31,2.4135151640882717e-31,1.0,1.0,True,True,-x0*x1*cos(x2),-x0*x1*cos(x2),x0;x1;x2,cos;mul,6.0,3.0,3,x0;x1;x2,y,True,deepinfra/meta-llama/Meta-Llama-3.1-8B-Instruct-Turbo,/home/anonymous/projects/scientific-intelligent-modelling/exp-planning/02.E1选择验证/llm_configs/benchmark_llm_deepinfra_llama31_8b_turbo.config,"Calculate the Energy from magnetic field given Magnetic dipole moment, Magnetic field strength, Angle",/home/anonymous/projects/scientific-intelligent-modelling/experiments/semantic200_llm_physics_v2_4host_seed1314_20260429-205250/drsr/anon-node-03/drsr/g0046_feynman-ii.15.4/result.json
g0047,feynman-i.15.3x,drsr,1314,anon-node-04,g0047_feynman-i.15.3x,ok,budget_exhausted_with_output,budget_exhausted_with_output,True,True,3905.994,0.00029024212420171387,0.00033305983973655126,0.00021690638167705314,0.6426436804115385,0.999782817943727,0.35731849500708057,True,True,c1*x0 + c2*x1*x2,1.0017334580168629*x0 + -1.0289917056572353*x1*x2,x0;x1;x2,add;mul,8.0,3.0,4,x0;x1;x2;x3,y,True,deepinfra/meta-llama/Meta-Llama-3.1-8B-Instruct,/home/anonymous/projects/scientific-intelligent-modelling/exp-planning/02.E1选择验证/llm_configs/benchmark_llm_deepinfra_llama31_8b.config,"Calculate the Position given Position, Velocity, Time There are 4 candidate variables in an unknown order. The unordered semantic-role multiset is: 1 variable with semantic role ""t, Time""; 1 variable with semantic role """,/home/anonymous/projects/scientific-intelligent-modelling/experiments/semantic200_llm_physics_v2_4host_seed1314_20260429-205250/drsr/anon-node-04/drsr/g0047_feynman-i.15.3x/result.json
g0048,feynman-bonus.17,drsr,1314,anon-node-05,g0048_feynman-bonus.17,ok,budget_exhausted_with_output,budget_exhausted_with_output,True,True,3901.272,5.972944381016141e-26,5.974472808069365e-26,5.975176808737568e-26,5.946216307729677e-26,1.0,1.0,True,True,c0 + c1*x1**2/(2*x0) + c2*x0*x2**2*x3**2*(c3*x4 + 1),-0.461929470175386 + 0.9999999999997559*x1**2/(2*x0) + -0.9212189969104632*x0*x2**2*x3**2*(0.45191760168478146*x4 + 1),x0;x1;x2;x3;x4,add;mul;pow,25.0,5.0,6,x0;x1;x2;x3;x4;x5,y,True,deepinfra/meta-llama/Meta-Llama-3.1-8B-Instruct-Turbo,/home/anonymous/projects/scientific-intelligent-modelling/exp-planning/02.E1选择验证/llm_configs/benchmark_llm_deepinfra_llama31_8b_turbo.config,"Calculate the Energy given Mass, Momentum, Frequency of electromagnetic waves, Position, Deviation from the harmonic oscillator, Distance",/home/anonymous/projects/scientific-intelligent-modelling/experiments/semantic200_llm_physics_v2_4host_seed1314_20260429-205250/drsr/anon-node-05/drsr/g0048_feynman-bonus.17/result.json
g0049,feynman-iii.15.27,drsr,1314,anon-node-02,g0049_feynman-iii.15.27,ok,budget_exhausted_with_output,budget_exhausted_with_output,True,True,3901.426,0.9902549382657759,0.9924338146327036,0.9918651315229798,1.3681239962486362,0.007962843271862363,-0.3685600321580591,True,True,c0*exp(-c1*x0) + c2*x1 + c3*x2/(c4*x0 + c5*x1 + c6*x2),4.065445581355166*exp(--0.24362947086224335*x0) + -0.03791467525696035*x1 + 0.6598166502134557*x2/(0.7638913909551701*x0 + -0.7882161282605329*x1 + -0.590758983866432*x2),x0;x1;x2,add;exp;mul;pow,26.0,6.0,6,x0;x1;x2;x3;x4;x5,y,True,deepinfra/meta-llama/Meta-Llama-3.1-8B-Instruct,/home/anonymous/projects/scientific-intelligent-modelling/exp-planning/02.E1选择验证/llm_configs/benchmark_llm_deepinfra_llama31_8b.config,"Calculate the Wavenumber given Parameter of state, Number of atoms, Lattice constant There are 6 candidate variables in an unknown order. The unordered semantic-role multiset is: 1 variable with semantic role ""b, Lattice",/home/anonymous/projects/scientific-intelligent-modelling/experiments/semantic200_llm_physics_v2_4host_seed1314_20260429-205250/drsr/anon-node-02/drsr/g0049_feynman-iii.15.27/result.json
g0050,feynman-i.24.6,drsr,1314,anon-node-03,g0050_feynman-i.24.6,ok,completed,not_timeout,False,False,3612.417,0.7335140121947195,0.669464963533484,0.7139129572062733,0.9347505462605368,0.25400376138257397,-25.172874084141576,True,True,c0 + c1*x3**2 + c2*x4**2 + c3*x5**2 + c4*x0 + c5*x1 + c6*x2,-214.9945111167006 + 5.421033432851076*x3**2 + 5.009963264618304*x4**2 + 10.564815546457261*x5**2 + 56.66392615172276*x0 + -0.648688758794882*x1 + 0.7263578446997732*x2,x0;x1;x2;x3;x4;x5,add;mul;pow,26.0,4.0,6,x0;x1;x2;x3;x4;x5,y,True,deepinfra/meta-llama/Meta-Llama-3.1-8B-Instruct-Turbo,/home/anonymous/projects/scientific-intelligent-modelling/exp-planning/02.E1选择验证/llm_configs/benchmark_llm_deepinfra_llama31_8b_turbo.config,"Calculate the Energy given Mass, Angular velocity, Angular velocity, Position There are 6 candidate variables in an unknown order. The unordered semantic-role multiset is: 1 variable with semantic role ""m, Mass""; 1 varia",/home/anonymous/projects/scientific-intelligent-modelling/experiments/semantic200_llm_physics_v2_4host_seed1314_20260429-205250/drsr/anon-node-03/drsr/g0050_feynman-i.24.6/result.json
g0051,feynman-bonus.10,drsr,1314,anon-node-04,g0051_feynman-bonus.10,ok,budget_exhausted_with_output,budget_exhausted_with_output,True,True,3901.982,1.3487731849636215e+45,1.2906240812524748e+45,1.2819511041653298e+45,5.282361820064175e+49,-1.2845363031158952e+45,-5.284981226032316e+49,True,True,c0 + c1*cos(x0) + c2*x1 + c3*x2 + c4*x3,1.2179134524968611 + 0.0007208596145876787*cos(x0) + -0.7742084481163054*x1 + -1.8146408438762764e-09*x2 + -0.06471608105798388*x3,x0;x1;x2;x3,add;cos;mul,15.0,4.0,5,x0;x1;x2;x3;x4,y,True,deepinfra/meta-llama/Meta-Llama-3.1-8B-Instruct,/home/anonymous/projects/scientific-intelligent-modelling/exp-planning/02.E1选择验证/llm_configs/benchmark_llm_deepinfra_llama31_8b.config,"Calculate the Value given Angle, Velocity There are 5 candidate variables in an unknown order. The unordered semantic-role multiset is: 1 variable with semantic role ""theta_2, Angle""; 1 variable with semantic role ""v, Ve",/home/anonymous/projects/scientific-intelligent-modelling/experiments/semantic200_llm_physics_v2_4host_seed1314_20260429-205250/drsr/anon-node-04/drsr/g0051_feynman-bonus.10/result.json
g0052,feynman-i.18.12,drsr,1314,anon-node-05,g0052_feynman-i.18.12,ok,budget_exhausted_with_output,budget_exhausted_with_output,True,True,3901.35,9.271136079579376e-15,7.7743336822984e-15,9.322040109579313e-15,1.5889118484065728e-17,0.9999999999999907,1.0,True,True,c0 + c1*x0*x1*sin(x3),-8.709510969550351e-09 + 0.9999999960139682*x0*x1*sin(x3),x0;x1;x3,add;mul;sin,8.0,4.0,4,x0;x1;x2;x3,y,True,deepinfra/meta-llama/Meta-Llama-3.1-8B-Instruct-Turbo,/home/anonymous/projects/scientific-intelligent-modelling/exp-planning/02.E1选择验证/llm_configs/benchmark_llm_deepinfra_llama31_8b_turbo.config,"Calculate the Torque given Distance, Force, Angle There are 4 candidate variables in an unknown order. The unordered semantic-role multiset is: 1 variable with semantic role ""F, Force""; 1 variable with semantic role ""r, ",/home/anonymous/projects/scientific-intelligent-modelling/experiments/semantic200_llm_physics_v2_4host_seed1314_20260429-205250/drsr/anon-node-05/drsr/g0052_feynman-i.18.12/result.json
g0053,feynman-ii.8.7,drsr,1314,anon-node-02,g0053_feynman-ii.8.7,ok,budget_exhausted_with_output,budget_exhausted_with_output,True,True,3901.066,0.9013502782993791,0.8908586248975189,0.9041715685899083,0.9898459953519264,-8.606029145097338e-05,-0.052861216513678144,True,True,c0 + c1*x0/x2**2,125.46838812280305 + 0.10617238984259955*x0/x2**2,x0;x2,add;mul;pow,8.0,4.0,5,x0;x1;x2;x3;x4,y,True,deepinfra/meta-llama/Meta-Llama-3.1-8B-Instruct,/home/anonymous/projects/scientific-intelligent-modelling/exp-planning/02.E1选择验证/llm_configs/benchmark_llm_deepinfra_llama31_8b.config,"Calculate the Energy given Electric charge, Vacuum permittivity There are 5 candidate variables in an unknown order. The unordered semantic-role multiset is: 1 variable with semantic role ""epsilon, Vacuum permittivity""; ",/home/anonymous/projects/scientific-intelligent-modelling/experiments/semantic200_llm_physics_v2_4host_seed1314_20260429-205250/drsr/anon-node-02/drsr/g0053_feynman-ii.8.7/result.json
g0054,feynman_II_2_42,drsr,1314,anon-node-03,g0054_feynman_II_2_42,ok,budget_exhausted_with_output,budget_exhausted_with_output,True,True,3903.365,2.4323937285818269e-29,2.4503153784176868e-29,2.4181139250167746e-29,2.4174589796541032e-29,1.0,1.0,True,True,c0*x0*x3*(x1 - x2)/x4,-1.0000000000000049*x0*x3*(x1 - x2)/x4,x0;x1;x2;x3;x4,add;mul;pow,12.0,4.0,5,kappa;T1;T2;A;d,target,True,deepinfra/meta-llama/Meta-Llama-3.1-8B-Instruct-Turbo,/home/anonymous/projects/scientific-intelligent-modelling/exp-planning/02.E1选择验证/llm_configs/benchmark_llm_deepinfra_llama31_8b_turbo.config,"Calculate the heat flow rate given the thermal conductivity, two temperatures, area, and thickness.",/home/anonymous/projects/scientific-intelligent-modelling/experiments/semantic200_llm_physics_v2_4host_seed1314_20260429-205250/drsr/anon-node-03/drsr/g0054_feynman_II_2_42/result.json
g0055,feynman_II_34_11,drsr,1314,anon-node-04,g0055_feynman_II_34_11,ok,budget_exhausted_with_output,budget_exhausted_with_output,True,True,3902.781,3.031907845307361e-30,3.06414529208595e-30,3.0304966744372777e-30,2.9900569331044238e-30,1.0,1.0,True,True,c0*x0*x1*x2/(2*pi*x3),3.1415926535897984*x0*x1*x2/(2*pi*x3),x0;x1;x2;x3,mul;pi;pow,12.0,3.0,4,g_;q;B;m,target,True,deepinfra/meta-llama/Meta-Llama-3.1-8B-Instruct,/home/anonymous/projects/scientific-intelligent-modelling/exp-planning/02.E1选择验证/llm_configs/benchmark_llm_deepinfra_llama31_8b.config,"Calculate the precession frequency given the g-factor, charge, magnetic field, and mass.",/home/anonymous/projects/scientific-intelligent-modelling/experiments/semantic200_llm_physics_v2_4host_seed1314_20260429-205250/drsr/anon-node-04/drsr/g0055_feynman_II_34_11/result.json
g0056,feynman_II_15_5,drsr,1314,anon-node-05,g0056_feynman_II_15_5,ok,completed,not_timeout,False,False,3617.883,0.13131815838974645,0.12978437275592233,0.13237525539016562,1.6180032686790684,0.7863109894328411,-1.8035690647497784,True,True,c0 + c1*x0 + c2*x1 + c3*x1**2 + c4*x0**2 + c5*cos(x2),-7.844094860443741 + 1.241509229987265*x0 + 1.2753187518205655*x1 + 0.011699628874264484*x1**2 + 0.01799171120939588*x0**2 + -8.990345387387144*cos(x2),x0;x1;x2,add;cos;mul;pow,22.0,4.0,3,p_d;Ef;theta,target,True,deepinfra/meta-llama/Meta-Llama-3.1-8B-Instruct-Turbo,/home/anonymous/projects/scientific-intelligent-modelling/exp-planning/02.E1选择验证/llm_configs/benchmark_llm_deepinfra_llama31_8b_turbo.config,"Calculate the potential energy given the electric dipole moment, electric field, and angle.",/home/anonymous/projects/scientific-intelligent-modelling/experiments/semantic200_llm_physics_v2_4host_seed1314_20260429-205250/drsr/anon-node-05/drsr/g0056_feynman_II_15_5/result.json
g0057,feynman_III_17_37,drsr,1314,anon-node-02,g0057_feynman_III_17_37,ok,budget_exhausted_with_output,budget_exhausted_with_output,True,True,3902.907,0.11279469268476754,0.10953818804360785,0.11323017810115393,0.5130017888954174,0.882538895736674,-0.15076719606691014,True,True,c0 + c1*x0**2 + c2*x1**2 + c3*x0*x1 + c4*x0*sin(x2) + c5*x1*cos(x2),3.1943718834370425 + 0.11089808488263724*x0**2 + 0.16563015397363476*x1**2 + -0.34242623749947715*x0*x1 + 0.03854021721549123*x0*sin(x2) + 2.9830018591369356*x1*cos(x2),x0;x1;x2,add;cos;mul;pow;sin,26.0,4.0,3,beta;alpha;theta,target,True,deepinfra/meta-llama/Meta-Llama-3.1-8B-Instruct,/home/anonymous/projects/scientific-intelligent-modelling/exp-planning/02.E1选择验证/llm_configs/benchmark_llm_deepinfra_llama31_8b.config,Calculate the scattering amplitude given the scaling coefficients and the angle.,/home/anonymous/projects/scientific-intelligent-modelling/experiments/semantic200_llm_physics_v2_4host_seed1314_20260429-205250/drsr/anon-node-02/drsr/g0057_feynman_III_17_37/result.json
g0058,feynman_II_36_38,drsr,1314,anon-node-03,g0058_feynman_II_36_38,ok,budget_exhausted_with_output,budget_exhausted_with_output,True,True,3905.358,0.02542447980759578,0.02654796476179716,0.029735466927589826,0.3316249433741312,0.9089514302916893,0.5250745000115864,True,True,c0 + c1*x0 + c2*x1 + c3*x0*x1/(x2*x3) + c4*x4 + c5*x5 + c6*x6 + c7*x7,0.9136959389697387 + 0.021321905000669803*x0 + -0.19455647767556586*x1 + 1.3248965113321314*x0*x1/(x2*x3) + 0.21828816686371472*x4 + -0.23425983430398717*x5 + -0.461615298027893*x6 + 0.21824057942536415*x7,x0;x1;x2;x3;x4;x5;x6;x7,add;mul;pow,30.0,4.0,8,mom;H;kb;T;alpha;epsilon;c;M,target,True,deepinfra/meta-llama/Meta-Llama-3.1-8B-Instruct-Turbo,/home/anonymous/projects/scientific-intelligent-modelling/exp-planning/02.E1选择验证/llm_configs/benchmark_llm_deepinfra_llama31_8b_turbo.config,"Calculate the interaction parameter given the magnetic moment, magnetic field intensity, temperature, Boltzmann's constant, permittivity, speed of light, material constants, and magnetization.",/home/anonymous/projects/scientific-intelligent-modelling/experiments/semantic200_llm_physics_v2_4host_seed1314_20260429-205250/drsr/anon-node-03/drsr/g0058_feynman_II_36_38/result.json
g0059,feynman_II_38_3,drsr,1314,anon-node-04,g0059_feynman_II_38_3,ok,budget_exhausted_with_output,budget_exhausted_with_output,True,True,3909.877,9.309414447964888e-26,9.309136615084097e-26,9.309711871485426e-26,9.309154301623882e-26,1.0,1.0,True,True,c0*x0*x1*x3/(c1*x2),-0.8074778478353443*x0*x1*x3/(-0.807477847835098*x2),x0;x1;x2;x3,mul;pow,11.0,3.0,4,Y;A;d;x,target,True,deepinfra/meta-llama/Meta-Llama-3.1-8B-Instruct,/home/anonymous/projects/scientific-intelligent-modelling/exp-planning/02.E1选择验证/llm_configs/benchmark_llm_deepinfra_llama31_8b.config,"Calculate the elastic force given Young's modulus, cross-sectional area, displacement, and length.",/home/anonymous/projects/scientific-intelligent-modelling/experiments/semantic200_llm_physics_v2_4host_seed1314_20260429-205250/drsr/anon-node-04/drsr/g0059_feynman_II_38_3/result.json
g0060,feynman-i.27.6,drsr,1314,anon-node-05,g0060_feynman-i.27.6,ok,budget_exhausted_with_output,budget_exhausted_with_output,True,True,3901.345,0.14532084647772356,0.150196418289188,0.12514631712492116,0.7351055183248757,0.814845889268571,-0.5546088536355258,True,True,1/(c0*(-1/x1 + 1/x0) + c1*x2 + c2*x3 + c3*log(x4) + c4*exp(x5)),1/(-0.8896447367230705*(-1/x1 + 1/x0) + 0.6773166483213544*x2 + 66.14339644721998*x3 + -6.5376211078427735*log(x4) + -22.48444616796416*exp(x5)),x0;x1;x2;x3;x4;x5,add;exp;log;mul;pow,28.0,7.0,6,x0;x1;x2;x3;x4;x5,y,True,deepinfra/meta-llama/Meta-Llama-3.1-8B-Instruct-Turbo,/home/anonymous/projects/scientific-intelligent-modelling/exp-planning/02.E1选择验证/llm_configs/benchmark_llm_deepinfra_llama31_8b_turbo.config,"Calculate the Focal length given Distance, Refractive index, Distance There are 6 candidate variables in an unknown order. The unordered semantic-role multiset is: 1 variable with semantic role ""d_1, Distance""; 1 variabl",/home/anonymous/projects/scientific-intelligent-modelling/experiments/semantic200_llm_physics_v2_4host_seed1314_20260429-205250/drsr/anon-node-05/drsr/g0060_feynman-i.27.6/result.json
g0061,feynman-ii.38.3,drsr,1314,anon-node-02,g0061_feynman-ii.38.3,ok,budget_exhausted_with_output,budget_exhausted_with_output,True,True,3901.625,2.573473918029221e+81,3.1715837193076213e+81,3.3900244756121964e+81,2.3115792223553607e+79,-3.3990515322388586e+81,-2.3129982486464646e+79,True,True,c0 + c1*x2 + c2*x1 + c3*x0/x5,-0.00022332149145907725 + 0.07295067583446524*x2 + 0.610659025957073*x1 + 5.306356901240802e-06*x0/x5,x0;x1;x2;x5,add;mul;pow,14.0,4.0,7,x0;x1;x2;x3;x4;x5;x6,y,True,deepinfra/meta-llama/Meta-Llama-3.1-8B-Instruct,/home/anonymous/projects/scientific-intelligent-modelling/exp-planning/02.E1选择验证/llm_configs/benchmark_llm_deepinfra_llama31_8b.config,"Calculate the Force given Young's modulus, Area, Displacement, Length There are 7 candidate variables in an unknown order. The unordered semantic-role multiset is: 1 variable with semantic role ""A, Area""; 1 variable with",/home/anonymous/projects/scientific-intelligent-modelling/experiments/semantic200_llm_physics_v2_4host_seed1314_20260429-205250/drsr/anon-node-02/drsr/g0061_feynman-ii.38.3/result.json
g0062,Keijzer-7,drsr,1314,anon-node-03,g0062_Keijzer-7,ok,budget_exhausted_with_output,budget_exhausted_with_output,True,True,3900.903,4.671533993153665e-07,6.203479038418444e-07,6.228731978663841e-07,3.94936538598911e-06,0.9999888721932308,0.883981276223514,True,True,c0 + c1*x0 + c2*x0**2 + c3*sin(3*x0) + c4*cos(3*x0) + c5*exp(-c6*x0) + c7*(x0**2 + 1)**c8,3.191076863902289 + 0.022258747178593715*x0 + -6.943199158175808e-05*x0**2 + 0.00012178089255553219*sin(3*x0) + 0.00027373836963402043*cos(3*x0) + -1.1269268209907153*exp(-0.07473655308945111*x0) + -2.7351286103757833*(x0**2 + 1)**-0.3385922799536953,x0,add;cos;exp;mul;pow;sin,38.0,6.0,1,x1,target,True,deepinfra/meta-llama/Meta-Llama-3.1-8B-Instruct-Turbo,/home/anonymous/projects/scientific-intelligent-modelling/exp-planning/02.E1选择验证/llm_configs/benchmark_llm_deepinfra_llama31_8b_turbo.config,This is an abstract symbolic regression problem.,/home/anonymous/projects/scientific-intelligent-modelling/experiments/semantic200_llm_physics_v2_4host_seed1314_20260429-205250/drsr/anon-node-03/drsr/g0062_Keijzer-7/result.json
g0063,feynman-bonus.11,drsr,1314,anon-node-04,g0063_feynman-bonus.11,ok,budget_exhausted_with_output,budget_exhausted_with_output,True,True,3907.169,1.8124293005827009e-09,2.247944767434073e-09,2.2513402609083735e-09,3.986561165646949e-09,0.9999999970984379,0.999999992087986,True,True,c0*x0*(c1*x2 + c2*x2**2 + 1)*(-c3*x3 - c4*x3**2 + c5*x1*x3 + 1),0.5745057098668207*x0*(-0.04052567095754695*x2 + 1.7409671519927217*x2**2 + 1)*(-0.8924295518101091*x3 - -0.8468843627019575*x3**2 + -0.2512213834252386*x1*x3 + 1),x0;x1;x2;x3,add;mul;pow,29.0,5.0,4,x0;x1;x2;x3,y,True,deepinfra/meta-llama/Meta-Llama-3.1-8B-Instruct,/home/anonymous/projects/scientific-intelligent-modelling/exp-planning/02.E1选择验证/llm_configs/benchmark_llm_deepinfra_llama31_8b.config,"Calculate the Wave intensity given Amplitude of wave, Wavelength of X-ray, Number of phase difference, Wavelength of X-ray",/home/anonymous/projects/scientific-intelligent-modelling/experiments/semantic200_llm_physics_v2_4host_seed1314_20260429-205250/drsr/anon-node-04/drsr/g0063_feynman-bonus.11/result.json
g0064,feynman-i.39.10,drsr,1314,anon-node-05,g0064_feynman-i.39.10,ok,budget_exhausted_with_output,budget_exhausted_with_output,True,True,3901.33,0.5848676451410146,0.5838435593570853,0.5737082722461964,0.7111442095873677,0.30044982056804115,-25.461461625427077,True,True,c0 + c1*x0 + c2*x1 + c3*x2 + c4*x3 + c5*x4 + c6*x0**2 + c7*x1**2 + c8*x2**2 + c9*x3**2,-1.1193463430790453 + 0.0003522872235000983*x0 + -0.7475284931979578*x1 + 0.943128099907983*x2 + -0.7073029197297489*x3 + 2.8858388880679917*x4 + -7.343239652427626e-11*x0**2 + -0.7347712469131495*x1**2 + -0.99509656600974*x2**2 + -0.2042854581057909*x3**2,x0;x1;x2;x3;x4,add;mul;pow,37.0,4.0,5,x0;x1;x2;x3;x4,y,True,deepinfra/meta-llama/Meta-Llama-3.1-8B-Instruct-Turbo,/home/anonymous/projects/scientific-intelligent-modelling/exp-planning/02.E1选择验证/llm_configs/benchmark_llm_deepinfra_llama31_8b_turbo.config,"Calculate the Internal energy given Pressure, Volume There are 5 candidate variables in an unknown order. The unordered semantic-role multiset is: 1 variable with semantic role ""P, Pressure""; 1 variable with semantic rol",/home/anonymous/projects/scientific-intelligent-modelling/experiments/semantic200_llm_physics_v2_4host_seed1314_20260429-205250/drsr/anon-node-05/drsr/g0064_feynman-i.39.10/result.json
g0065,feynman-i.50.26,drsr,1314,anon-node-02,g0065_feynman-i.50.26,ok,budget_exhausted_with_output,budget_exhausted_with_output,True,True,3901.512,0.00021546777362680853,0.0002337311048698561,0.00024073699353714285,0.0036610597642296365,0.9997275219806545,0.9963381298112561,True,True,c0 + c1*sin(x1*x2) + c2*x0*cos(x1*x2) + c3*x3*sin(x1*x2) + c4*x0*x1*cos(x1*x2) + c5*x0**2 + c6*x1**2 + c7*x2**2 + c8*x3**2 + c9*x0*x3,-4.369719861154152e-05 + 0.00015845454457926798*sin(x1*x2) + 0.9998638484725875*x0*cos(x1*x2) + -0.006803816069036554*x3*sin(x1*x2) + 9.004208170768713e-07*x0*x1*cos(x1*x2) + 3.7354832018327846e-05*x0**2 + 9.33106675972694e-10*x1**2 + 0.05513505073621759*x2**2 + -0.014351775811546667*x3**2 + 0.6463401943089676*x0*x3,x0;x1;x2;x3,add;cos;mul;pow;sin,54.0,5.0,4,x0;x1;x2;x3,y,True,deepinfra/meta-llama/Meta-Llama-3.1-8B-Instruct,/home/anonymous/projects/scientific-intelligent-modelling/exp-planning/02.E1选择验证/llm_configs/benchmark_llm_deepinfra_llama31_8b.config,"Calculate the Amplitude given Amplitude, Angular velocity, Time, Variable",/home/anonymous/projects/scientific-intelligent-modelling/experiments/semantic200_llm_physics_v2_4host_seed1314_20260429-205250/drsr/anon-node-02/drsr/g0065_feynman-i.50.26/result.json
g0066,Nguyen-5,drsr,1314,anon-node-03,g0066_Nguyen-5,ok,budget_exhausted_with_output,budget_exhausted_with_output,True,True,3900.8,7.539604014382772e-10,1.6222004450083626e-10,2.1180639485911944e-09,4.2201840696951187e-05,0.9999999366904592,0.8020021314012935,True,True,c0 + c1*x0**2 + c2*x0**3 + c3*x0**4 + c4*exp(c5*x0**6) + c6*cos(c7*x0**8) + c8*x0**9 + c9*x0**10,0.0572653822315758 + 1.0021063404987112*x0**2 + 0.00014953165984360158*x0**3 + -0.5197182135124804*x0**4 + -0.34886466940520555*exp(0.17832432019274758*x0**6) + -0.7084355374564081*cos(-0.05707499941780075*x0**8) + -0.0003938689812524436*x0**9 + 0.04023781009626398*x0**10,x0,add;cos;exp;mul;pow,43.0,6.0,1,x1,target,True,deepinfra/meta-llama/Meta-Llama-3.1-8B-Instruct-Turbo,/home/anonymous/projects/scientific-intelligent-modelling/exp-planning/02.E1选择验证/llm_configs/benchmark_llm_deepinfra_llama31_8b_turbo.config,This is an abstract symbolic regression problem.,/home/anonymous/projects/scientific-intelligent-modelling/experiments/semantic200_llm_physics_v2_4host_seed1314_20260429-205250/drsr/anon-node-03/drsr/g0066_Nguyen-5/result.json
g0067,Nguyen-6,drsr,1314,anon-node-04,g0067_Nguyen-6,ok,budget_exhausted_with_output,budget_exhausted_with_output,True,True,3901.194,2.1288026426560608e-10,8.912366700637832e-05,4.381297984039453e-09,0.002665878169852596,0.999999947768796,0.9968987374754812,True,True,c0 + c1*x0 + c2*x0**2 + c3*x0**3 + c4*sin(c5*x0) + c6*x0**4 + c7*x0**5 + c8*x0**6 + c9*x0**7,-3.6044551817183076e-05 + 1.6060318809707717*x0 + 1.0014436956863038*x0**2 + -0.2949623239704269*x0**3 + -0.5837103809260343*sin(-0.6744038661575273*x0) + -0.5144010532655007*x0**4 + -0.5362455340707947*x0**5 + -0.06764117517582202*x0**6 + 0.18240939313041235*x0**7,x0,add;mul;pow;sin,41.0,5.0,1,x1,target,True,deepinfra/meta-llama/Meta-Llama-3.1-8B-Instruct,/home/anonymous/projects/scientific-intelligent-modelling/exp-planning/02.E1选择验证/llm_configs/benchmark_llm_deepinfra_llama31_8b.config,This is an abstract symbolic regression problem.,/home/anonymous/projects/scientific-intelligent-modelling/experiments/semantic200_llm_physics_v2_4host_seed1314_20260429-205250/drsr/anon-node-04/drsr/g0067_Nguyen-6/result.json
g0068,Nguyen-9,drsr,1314,anon-node-05,g0068_Nguyen-9,ok,budget_exhausted_with_output,budget_exhausted_with_output,True,True,3900.802,1.164111723382472e-06,7.113173361204387e-06,5.089303376510733e-05,0.00018034821136249477,0.9209070655814744,0.9962052330540586,True,True,c0 + c1*x0**2 + c2*x1**2 + c3*exp(x0) + c4*exp(x1) + c5*sin(x0) + c6*cos(x1) + c7*x0**3 + c8*x0**2*x1 + c9*x0**2*sin(x1),5.042294426725698 + -0.5091525114502027*x0**2 + -1.7841634701378448*x1**2 + 1.1712988042226338*exp(x0) + -0.1006368310042684*exp(x1) + -0.19906430688775595*sin(x0) + -6.097690226677043*cos(x1) + -0.5063253366654263*x0**3 + -0.2599767747977924*x0**2*x1 + 0.29982263005807674*x0**2*sin(x1),x0;x1,add;cos;exp;mul;pow;sin,46.0,4.0,2,x1;x2,target,True,deepinfra/meta-llama/Meta-Llama-3.1-8B-Instruct-Turbo,/home/anonymous/projects/scientific-intelligent-modelling/exp-planning/02.E1选择验证/llm_configs/benchmark_llm_deepinfra_llama31_8b_turbo.config,This is an abstract symbolic regression problem.,/home/anonymous/projects/scientific-intelligent-modelling/experiments/semantic200_llm_physics_v2_4host_seed1314_20260429-205250/drsr/anon-node-05/drsr/g0068_Nguyen-9/result.json
g0069,feynman-ii.8.31,drsr,1314,anon-node-02,g0069_feynman-ii.8.31,ok,budget_exhausted_with_output,budget_exhausted_with_output,True,True,3900.866,1677596276982516.0,1904585658761127.8,1878476191275708.0,651247960023234.0,-2364494592307610.0,-2.8144310393847932e+16,True,True,c0*x0,1.2899958150427515e-14*x0,x0,mul,3.0,2.0,3,x0;x1;x2,y,True,deepinfra/meta-llama/Meta-Llama-3.1-8B-Instruct,/home/anonymous/projects/scientific-intelligent-modelling/exp-planning/02.E1选择验证/llm_configs/benchmark_llm_deepinfra_llama31_8b.config,"Calculate the Energy given Vacuum permittivity There are 3 candidate variables in an unknown order. The unordered semantic-role multiset is: 1 variable with semantic role ""epsilon, Vacuum permittivity""; 2 distractor/mean",/home/anonymous/projects/scientific-intelligent-modelling/experiments/semantic200_llm_physics_v2_4host_seed1314_20260429-205250/drsr/anon-node-02/drsr/g0069_feynman-ii.8.31/result.json
g0070,III.21.20_3_0,drsr,1314,anon-node-03,g0070_III.21.20_3_0,ok,completed,not_timeout,False,False,3615.624,0.23368744561460236,0.19612370820839833,0.24722451087534159,0.44654573771766726,0.7254307893874272,0.5534502965991119,True,True,c0 + c1*x0/(x1 + 1.0e-6) + c2*x2 + c3*x3/(x0 + 1.0e-6),-1.4319763710523974 + 0.011130743727206028*x0/(x1 + 1.0e-6) + 0.5535389108366607*x2 + -8.845839626277233*x3/(x0 + 1.0e-6),x0;x1;x2;x3,add;mul;pow,21.0,5.0,4,j;rho_c_0;q;A_vec,m,True,deepinfra/meta-llama/Meta-Llama-3.1-8B-Instruct-Turbo,/home/anonymous/projects/scientific-intelligent-modelling/exp-planning/02.E1选择验证/llm_configs/benchmark_llm_deepinfra_llama31_8b_turbo.config,"Calculate the mass of a charge carrier given the current density, the charge carrier density, the elementary charge and the vector potential",/home/anonymous/projects/scientific-intelligent-modelling/experiments/semantic200_llm_physics_v2_4host_seed1314_20260429-205250/drsr/anon-node-03/drsr/g0070_III.21.20_3_0/result.json
g0071,feynman-ii.36.38,drsr,1314,anon-node-04,g0071_feynman-ii.36.38,ok,budget_exhausted_with_output,budget_exhausted_with_output,True,True,3905.192,1.0,1.0,1.0,1.0,-0.0015056863251401431,-0.00023959068636325576,True,True,c0*c1*x0*x4/(c2*x3*x6) + c3*x5 - c4*x0*x5,-0.9502581572252036*0.40922531744610957*x0*x4/(0.38113299087492636*x3*x6) + 1.1107744798654204e-10*x5 - 1.9658789144833422e-09*x0*x5,x0;x3;x4;x5;x6,add;mul;pow,23.0,4.0,8,x0;x1;x2;x3;x4;x5;x6;x7,y,True,deepinfra/meta-llama/Meta-Llama-3.1-8B-Instruct,/home/anonymous/projects/scientific-intelligent-modelling/exp-planning/02.E1选择验证/llm_configs/benchmark_llm_deepinfra_llama31_8b.config,"Calculate the Parameter of magnetization given Magnetic moment, Magnetic field strength, Boltzmann constant, Temperature, Constant There are 8 candidate variables in an unknown order. The unordered semantic-role multiset",/home/anonymous/projects/scientific-intelligent-modelling/experiments/semantic200_llm_physics_v2_4host_seed1314_20260429-205250/drsr/anon-node-04/drsr/g0071_feynman-ii.36.38/result.json
g0072,feynman-i.43.31,drsr,1314,anon-node-05,g0072_feynman-i.43.31,ok,budget_exhausted_with_output,budget_exhausted_with_output,True,True,3900.882,0.5850148318035574,0.5631191799511386,0.5593441229949135,0.6737442610181474,0.3098532247164524,-33.2620073783619,True,True,c0*x1/(6*pi*x0) + c1*log(x0) + c2*x1,-0.24506754770315542*x1/(6*pi*x0) + 1.9173217865720155e-09*log(x0) + 2.751662036952542e-09*x1,x0;x1,add;log;mul;pi;pow,18.0,4.0,2,x0;x1,y,True,deepinfra/meta-llama/Meta-Llama-3.1-8B-Instruct-Turbo,/home/anonymous/projects/scientific-intelligent-modelling/exp-planning/02.E1选择验证/llm_configs/benchmark_llm_deepinfra_llama31_8b_turbo.config,"Calculate the Diffusion coefficient given Viscosity, Boltzmann constant",/home/anonymous/projects/scientific-intelligent-modelling/experiments/semantic200_llm_physics_v2_4host_seed1314_20260429-205250/drsr/anon-node-05/drsr/g0072_feynman-i.43.31/result.json
g0073,feynman-i.43.31,drsr,1314,anon-node-02,g0073_feynman-i.43.31,ok,budget_exhausted_with_output,budget_exhausted_with_output,True,True,3900.83,0.5860219041590934,0.5648088497063417,0.5596251098115591,0.6680698873614108,0.3095065292946836,-18.783317980162803,True,True,c0*x1/x0 + c1*x2,0.7015633562392725*x1/x0 + 2.873786057394944e-09*x2,x0;x1;x2,add;mul;pow,10.0,4.0,3,x0;x1;x2,y,True,deepinfra/meta-llama/Meta-Llama-3.1-8B-Instruct,/home/anonymous/projects/scientific-intelligent-modelling/exp-planning/02.E1选择验证/llm_configs/benchmark_llm_deepinfra_llama31_8b.config,"Calculate the Diffusion coefficient given Viscosity, Boltzmann constant There are 3 candidate variables in an unknown order. The unordered semantic-role multiset is: 1 variable with semantic role ""k, Boltzmann constant"";",/home/anonymous/projects/scientific-intelligent-modelling/experiments/semantic200_llm_physics_v2_4host_seed1314_20260429-205250/drsr/anon-node-02/drsr/g0073_feynman-i.43.31/result.json
g0074,feynman-iii.4.32,drsr,1314,anon-node-03,g0074_feynman-iii.4.32,ok,budget_exhausted_with_output,budget_exhausted_with_output,True,True,3901.139,0.5056530551076279,0.5048464420337376,0.49396624476255063,4.858376741546465,0.3895214239979127,-4.026749351542934,True,True,c0*exp(c1*x1/(c2*x3)) + c3*x0 + c4*x2,-0.9762605895686876*exp(-0.01068327648068812*x1/(0.21887399123300466*x3)) + -1.1043034676954856e-05*x0 + 332.52944026587363*x2,x0;x1;x2;x3,add;exp;mul;pow,19.0,6.0,4,x0;x1;x2;x3,y,True,deepinfra/meta-llama/Meta-Llama-3.1-8B-Instruct-Turbo,/home/anonymous/projects/scientific-intelligent-modelling/exp-planning/02.E1选择验证/llm_configs/benchmark_llm_deepinfra_llama31_8b_turbo.config,"Calculate the Average number of photons given Planck constant, Frequency There are 4 candidate variables in an unknown order. The unordered semantic-role multiset is: 1 variable with semantic role ""h, Planck constant""; 1",/home/anonymous/projects/scientific-intelligent-modelling/experiments/semantic200_llm_physics_v2_4host_seed1314_20260429-205250/drsr/anon-node-03/drsr/g0074_feynman-iii.4.32/result.json
g0075,feynman-bonus.3,drsr,1314,anon-node-04,g0075_feynman-bonus.3,ok,budget_exhausted_with_output,budget_exhausted_with_output,True,True,3908.456,0.1657230677152765,0.16649207683502898,0.15093430373185338,0.19490637801383182,0.7681481149296221,0.6123030598480197,True,True,c0 + c1*x0/(c2*x1**2 + 1) + c3*sin(x2)*cos(x3) + c4*sin(x3),-0.6927319603079369 + 1.0575664608026925*x0/(1.2905054930752082*x1**2 + 1) + 0.21676797895226207*sin(x2)*cos(x3) + -0.310273856377945*sin(x3),x0;x1;x2;x3,add;cos;mul;pow;sin,24.0,7.0,6,x0;x1;x2;x3;x4;x5,y,True,deepinfra/meta-llama/Meta-Llama-3.1-8B-Instruct,/home/anonymous/projects/scientific-intelligent-modelling/exp-planning/02.E1选择验证/llm_configs/benchmark_llm_deepinfra_llama31_8b.config,"Calculate the Distance given Semimajor axis of elliptical orbit, Orbital eccentricity, Angle, Angle There are 6 candidate variables in an unknown order. The unordered semantic-role multiset is: 1 variable with semantic r",/home/anonymous/projects/scientific-intelligent-modelling/experiments/semantic200_llm_physics_v2_4host_seed1314_20260429-205250/drsr/anon-node-04/drsr/g0075_feynman-bonus.3/result.json
g0076,feynman-bonus.17,drsr,1314,anon-node-05,g0076_feynman-bonus.17,ok,completed,not_timeout,False,False,3612.397,3.4638392486740294e-15,2.7538180975673886e-15,4.081639575456882e-15,3.285169405607435e-17,0.9999999999999956,1.0,True,True,c0*x0 + c1*x1**2/x0 + c2*x2 + c3*x3**2 + c4*x4*x5 + c5*x6,-0.9433606577090741*x0 + 0.4999999971398529*x1**2/x0 + -1.5668198398441995e-06*x2 + 0.2943790231485002*x3**2 + 0.2307702229625077*x4*x5 + -0.23264489147623313*x6,x0;x1;x2;x3;x4;x5;x6,add;mul;pow,27.0,4.0,7,x0;x1;x2;x3;x4;x5;x6,y,True,deepinfra/meta-llama/Meta-Llama-3.1-8B-Instruct-Turbo,/home/anonymous/projects/scientific-intelligent-modelling/exp-planning/02.E1选择验证/llm_configs/benchmark_llm_deepinfra_llama31_8b_turbo.config,"Calculate the Energy given Mass, Momentum, Frequency of electromagnetic waves, Position, Deviation from the harmonic oscillator, Distance There are 7 candidate variables in an unknown order. The unordered semantic-role m",/home/anonymous/projects/scientific-intelligent-modelling/experiments/semantic200_llm_physics_v2_4host_seed1314_20260429-205250/drsr/anon-node-05/drsr/g0076_feynman-bonus.17/result.json
g0077,I.40.1_4_0,drsr,1314,anon-node-02,g0077_I.40.1_4_0,ok,budget_exhausted_with_output,budget_exhausted_with_output,True,True,3904.108,0.5030706051192944,0.5189153082603609,0.5039581070408788,1.1947561996450604,0.44449392768070783,-0.31011679865780506,True,True,c0 + c1*x0/(x3**2 + 1.0e-6) + c2*x1/(x3**2 + 1.0e-6) + c3*x2/(x3**2 + 1.0e-6) + c4*x4*x5/(x3**2 + 1.0e-6),0.46789161199209633 + -3.239261129467065*x0/(x3**2 + 1.0e-6) + 2.3846711550210506*x1/(x3**2 + 1.0e-6) + -0.6272507989797028*x2/(x3**2 + 1.0e-6) + 0.3726246136906446*x4*x5/(x3**2 + 1.0e-6),x0;x1;x2;x3;x4;x5,add;mul;pow,43.0,6.0,6,n;n_0;m;x;T;kb,g,True,deepinfra/meta-llama/Meta-Llama-3.1-8B-Instruct,/home/anonymous/projects/scientific-intelligent-modelling/exp-planning/02.E1选择验证/llm_configs/benchmark_llm_deepinfra_llama31_8b.config,"Calculate the acceleration due to gravity given the density of particles at a given point, the density of particles at the reference point, the mass of a particle, the height or distance from the reference point, the tem",/home/anonymous/projects/scientific-intelligent-modelling/experiments/semantic200_llm_physics_v2_4host_seed1314_20260429-205250/drsr/anon-node-02/drsr/g0077_I.40.1_4_0/result.json
g0078,III.21.20_2_0,drsr,1314,anon-node-03,g0078_III.21.20_2_0,ok,budget_exhausted_with_output,budget_exhausted_with_output,True,True,3903.373,3.475493238078665e-15,4.1486674583514985e-15,3.493018255565104e-15,2.377926468312271e-19,0.9999999999999938,1.0,True,True,c0*x0*x3/(x1*x2) + c1*x0**2 + c2*x1**2 + c3*x2**2 + c4*x3**2 + c5*x0*x1 + c6*x0*x2 + c7*x0*x3 + c8*x1*x2 + c9*x1*x3,-1.0000000001938862*x0*x3/(x1*x2) + -2.6237168210354652e-11*x0**2 + -3.683003088908732e-09*x1**2 + 4.6100439310449804e-10*x2**2 + -3.0460876684963494e-09*x3**2 + -4.990844436100447e-10*x0*x1 + -1.391902947067828e-10*x0*x2 + -8.65556722537332e-11*x0*x3 + -1.262900164263019e-09*x1*x2 + 4.507580542910481e-09*x1*x3,x0;x1;x2;x3,add;mul;pow,51.0,4.0,4,j;rho_c_0;q;m,A_vec,True,deepinfra/meta-llama/Meta-Llama-3.1-8B-Instruct-Turbo,/home/anonymous/projects/scientific-intelligent-modelling/exp-planning/02.E1选择验证/llm_configs/benchmark_llm_deepinfra_llama31_8b_turbo.config,"Calculate the vector potential given the current density, the charge carrier density, the elementary charge and the mass of a charge carrier",/home/anonymous/projects/scientific-intelligent-modelling/experiments/semantic200_llm_physics_v2_4host_seed1314_20260429-205250/drsr/anon-node-03/drsr/g0078_III.21.20_2_0/result.json
g0079,I.11.19_5_0,drsr,1314,anon-node-04,g0079_I.11.19_5_0,ok,completed,not_timeout,False,False,3618.189,0.062199798522819566,0.0620971434799406,0.06123604672286009,0.2761622674207915,0.8203446313485225,0.5592719786271237,True,True,c0 + c1*x0 + c2*x1 + c3*x2 + c4*x3 + c5*x4 + c6*x5,-15.520327719232894 + -0.40019059548319713*x0 + 1.2108879949103324*x1 + -1.1965677072722154*x2 + 5.1256326572114554*x3 + 1.2127195937232644*x4 + -1.1980409429616732*x5,x0;x1;x2;x3;x4;x5,add;mul,20.0,3.0,6,A;x1;x2;x3;y1;y2,y3,True,deepinfra/meta-llama/Meta-Llama-3.1-8B-Instruct,/home/anonymous/projects/scientific-intelligent-modelling/exp-planning/02.E1选择验证/llm_configs/benchmark_llm_deepinfra_llama31_8b.config,"Calculate the third variable or value given the resulting sum of products, the first coefficient, the second coefficient, the third coefficient, the first variable or value and the second variable or value",/home/anonymous/projects/scientific-intelligent-modelling/experiments/semantic200_llm_physics_v2_4host_seed1314_20260429-205250/drsr/anon-node-04/drsr/g0079_I.11.19_5_0/result.json
g0080,II.37.1_2_0,drsr,1314,anon-node-05,g0080_II.37.1_2_0,ok,budget_exhausted_with_output,budget_exhausted_with_output,True,True,3903.477,0.03645825090290311,0.036634997702787955,0.03648247635211639,0.3249840004933257,0.9334406672663293,0.5921112915836533,True,True,c0 + c1*x0 + c2*x1 + c3*x2 + c4*x0**2 + c5*x1**2 + c6*x2**2 + c7*x0*x1 + c8*x0*x2 + c9*x1*x2,38.6924542329939 + 0.5354645461089477*x0 + -14.70271101679077*x1 + -14.61107970847576*x2 + 6.940190059443336e-06*x0**2 + 1.6336350400799504*x1**2 + 1.6159689968955*x2**2 + -0.06257648361557776*x0*x1 + -0.06230678246984267*x0*x2 + 1.632739569609503*x1*x2,x0;x1;x2,add;mul;pow,38.0,4.0,3,E_n;mom;B,chi,True,deepinfra/meta-llama/Meta-Llama-3.1-8B-Instruct-Turbo,/home/anonymous/projects/scientific-intelligent-modelling/exp-planning/02.E1选择验证/llm_configs/benchmark_llm_deepinfra_llama31_8b_turbo.config,"Calculate the magnetic susceptibility given the nth energy level, the magnetic moment and the magnetic field strength",/home/anonymous/projects/scientific-intelligent-modelling/experiments/semantic200_llm_physics_v2_4host_seed1314_20260429-205250/drsr/anon-node-05/drsr/g0080_II.37.1_2_0/result.json
g0081,II.36.38_4_0,drsr,1314,anon-node-02,g0081_II.36.38_4_0,ok,budget_exhausted_with_output,budget_exhausted_with_output,True,True,3904.711,0.24373456456065093,0.23156612019034362,0.2526140070984736,0.7199699942664505,0.6294596357897365,0.22966793391748697,True,True,c0 + c1*x0 + c2*x1 + c3*x2**2 + c4*x3*x4 + c5*x5*x6 + c6*x7 + c7*x7**2 + c8*x2*x7 + c9*x5*x7,19.876738154414607 + -10.532270659402005*x0 + 31.660824778376632*x1 + 1.3408147072952439*x2**2 + -14.963792691630829*x3*x4 + -23.861306569520856*x5*x6 + 29.70178394594376*x7 + -6.540986534560675*x7**2 + -0.3034531587670721*x2*x7 + 11.610543270970462*x5*x7,x0;x1;x2;x3;x4;x5;x6;x7,add;mul;pow,37.0,4.0,8,f;mom;H;kb;T;epsilon;c;M,alpha,True,deepinfra/meta-llama/Meta-Llama-3.1-8B-Instruct,/home/anonymous/projects/scientific-intelligent-modelling/exp-planning/02.E1选择验证/llm_configs/benchmark_llm_deepinfra_llama31_8b.config,"Calculate the polarizability of a medium or molecule given the resultant value of the function, the momentum of an object or particle, the magnetic field strength, the Boltzmann constant, the temperature in Kelvin, the e",/home/anonymous/projects/scientific-intelligent-modelling/experiments/semantic200_llm_physics_v2_4host_seed1314_20260429-205250/drsr/anon-node-02/drsr/g0081_II.36.38_4_0/result.json
g0082,II.34.2_1_0,drsr,1314,anon-node-03,g0082_II.34.2_1_0,ok,budget_exhausted_with_output,budget_exhausted_with_output,True,True,3903.172,0.03060591400327534,0.0338010031706471,0.030540368111109384,0.2917238426419267,0.9393364276512237,0.6258953566784131,True,True,c0 + c1*x0 + c2*x1 + c3/(x2 + 1.0e-6) + c4*x0**2 + c5*x1**2 + c6*x2**2 + c7*x0*x1 + c8*x0*x2 + c9*x1*x2,1.7161621655138868 + 1.0724845915974257*x0 + -12.88549981381532*x1 + 24.87804036832032/(x2 + 1.0e-6) + 1.1683566035432797e-05*x0**2 + 1.4336616200242278*x1**2 + -0.06974582491015935*x2**2 + -0.12498734539395252*x0*x1 + -0.12485441118221917*x0*x2 + 1.4270907490620968*x1*x2,x0;x1;x2,add;mul;pow,42.0,5.0,3,mom;q;r,v,True,deepinfra/meta-llama/Meta-Llama-3.1-8B-Instruct-Turbo,/home/anonymous/projects/scientific-intelligent-modelling/exp-planning/02.E1选择验证/llm_configs/benchmark_llm_deepinfra_llama31_8b_turbo.config,"Calculate the velocity of an object given the momentum of an object, a factor or quantity, possibly a charge or a proportionality constant, though more context is needed for precise definition and possibly the radius of ",/home/anonymous/projects/scientific-intelligent-modelling/experiments/semantic200_llm_physics_v2_4host_seed1314_20260429-205250/drsr/anon-node-03/drsr/g0082_II.34.2_1_0/result.json
g0083,feynman-i.12.11,drsr,1314,anon-node-04,g0083_feynman-i.12.11,ok,budget_exhausted_with_output,budget_exhausted_with_output,True,True,3901.319,9.520467674569204e+31,4.81140592318157e+31,9.467197208666977e+31,7.515958820984188e+33,-9.477854013404694e+31,-7.515963446984096e+33,True,True,c0*x2 + c1*x0 + c2*x1*x3,-0.2177513216206652*x2 + 0.0399736405890418*x0 + -0.22629522680154815*x1*x3,x0;x1;x2;x3,add;mul,11.0,3.0,7,x0;x1;x2;x3;x4;x5;x6,y,True,deepinfra/meta-llama/Meta-Llama-3.1-8B-Instruct,/home/anonymous/projects/scientific-intelligent-modelling/exp-planning/02.E1选择验证/llm_configs/benchmark_llm_deepinfra_llama31_8b.config,"Calculate the Force given Electric charge, Electric field, Magnetic field strength, Velocity, Angle There are 7 candidate variables in an unknown order. The unordered semantic-role multiset is: 1 variable with semantic r",/home/anonymous/projects/scientific-intelligent-modelling/experiments/semantic200_llm_physics_v2_4host_seed1314_20260429-205250/drsr/anon-node-04/drsr/g0083_feynman-i.12.11/result.json
g0084,feynman-ii.21.32,drsr,1314,anon-node-05,g0084_feynman-ii.21.32,ok,budget_exhausted_with_output,budget_exhausted_with_output,True,True,3901.321,0.9958173209553692,0.9958098314286358,0.9966088899790513,0.9977032304152733,0.003015306989793687,0.002294302152667571,True,True,c0*x4/(4*pi*x0*x2),0.023351866088713546*x4/(4*pi*x0*x2),x0;x2;x4,mul;pi;pow,13.0,3.0,5,x0;x1;x2;x3;x4,y,True,deepinfra/meta-llama/Meta-Llama-3.1-8B-Instruct-Turbo,/home/anonymous/projects/scientific-intelligent-modelling/exp-planning/02.E1选择验证/llm_configs/benchmark_llm_deepinfra_llama31_8b_turbo.config,"Calculate the Electric potential given Electric charge, Vacuum permittivity, Distance There are 5 candidate variables in an unknown order. The unordered semantic-role multiset is: 1 variable with semantic role ""epsilon, ",/home/anonymous/projects/scientific-intelligent-modelling/experiments/semantic200_llm_physics_v2_4host_seed1314_20260429-205250/drsr/anon-node-05/drsr/g0084_feynman-ii.21.32/result.json
g0085,feynman-i.12.1,drsr,1314,anon-node-02,g0085_feynman-i.12.1,ok,budget_exhausted_with_output,budget_exhausted_with_output,True,True,3901.284,1.574302071444509e-15,1.999654825239197e-15,1.901565002421821e-15,6.624657437378746e-16,0.9999999999999977,0.9999999999999768,True,True,c0*x0*x1 + c1*x0**2*x1 + c2*x0*x1**2 + c3*x0**2*x1**2,1.0000000134096998*x0*x1 + -5.5862182897917074e-09*x0**2*x1 + -6.846668909771508e-09*x0*x1**2 + -1.927634884213941e-08*x0**2*x1**2,x0;x1,add;mul;pow,25.0,4.0,3,x0;x1;x2,y,True,deepinfra/meta-llama/Meta-Llama-3.1-8B-Instruct,/home/anonymous/projects/scientific-intelligent-modelling/exp-planning/02.E1选择验证/llm_configs/benchmark_llm_deepinfra_llama31_8b.config,"Calculate the Force of friction given Coefficient of friction, Normal force There are 3 candidate variables in an unknown order. The unordered semantic-role multiset is: 1 variable with semantic role ""mu, Coefficient of ",/home/anonymous/projects/scientific-intelligent-modelling/experiments/semantic200_llm_physics_v2_4host_seed1314_20260429-205250/drsr/anon-node-02/drsr/g0085_feynman-i.12.1/result.json
g0086,feynman-i.10.7,drsr,1314,anon-node-03,g0086_feynman-i.10.7,ok,budget_exhausted_with_output,budget_exhausted_with_output,True,True,3604.193,5.487985812946697e-05,5.2029956387951e-05,5.314733067695751e-05,0.0057900336555989544,0.9999064079363436,0.598167582531742,True,True,c0 + c1*x0 + c2*x1,-0.012463388263666254 + 1.00390782603549*x0 + 8.775022075540937e-10*x1,x0;x1,add;mul,8.0,3.0,3,x0;x1;x2,y,True,deepinfra/meta-llama/Meta-Llama-3.1-8B-Instruct-Turbo,/home/anonymous/projects/scientific-intelligent-modelling/exp-planning/02.E1选择验证/llm_configs/benchmark_llm_deepinfra_llama31_8b_turbo.config,"Calculate the Mass given Invariant mass, Velocity There are 3 candidate variables in an unknown order. The unordered semantic-role multiset is: 1 variable with semantic role ""m_0, Invariant mass""; 1 variable with semanti",/home/anonymous/projects/scientific-intelligent-modelling/experiments/semantic200_llm_physics_v2_4host_seed1314_20260429-205250/drsr/anon-node-03/drsr/g0086_feynman-i.10.7/result.json
g0087,feynman-bonus.7,drsr,1314,anon-node-04,g0087_feynman-bonus.7,ok,budget_exhausted_with_output,budget_exhausted_with_output,True,True,3904.779,0.9999999954166676,0.9999999955675768,0.9999999952098666,0.9999999904031676,-0.381445241466591,-133.046187330002,True,True,2*sqrt(6)*sqrt(pi)*sqrt(c0*x0/(c1*c2*x2))/3,2*sqrt(6)*sqrt(pi)*sqrt(0.7531448839276691*x0/(-0.6091665111933195*-0.7277899687476663*x2))/3,x0;x2,mul;pi;pow,22.0,5.0,5,x0;x1;x2;x3;x4,y,True,deepinfra/meta-llama/Meta-Llama-3.1-8B-Instruct,/home/anonymous/projects/scientific-intelligent-modelling/exp-planning/02.E1选择验证/llm_configs/benchmark_llm_deepinfra_llama31_8b.config,"Calculate the Hubble's constant given Gravitational constant, Density of the universe, Spacetime curvature There are 5 candidate variables in an unknown order. The unordered semantic-role multiset is: 1 variable with sem",/home/anonymous/projects/scientific-intelligent-modelling/experiments/semantic200_llm_physics_v2_4host_seed1314_20260429-205250/drsr/anon-node-04/drsr/g0087_feynman-bonus.7/result.json
g0088,strogatz_lv1,drsr,1314,anon-node-05,g0088_strogatz_lv1,ok,budget_exhausted_with_output,budget_exhausted_with_output,True,True,3900.859,5.3260925232957035e-27,2.0354803452630998e-24,2.468619212416838e-25,5.942663154935962e-27,1.0,1.0,True,True,c0*x0*(1 - x0/c1) - c2*x0*x1,3.000000000000159*x0*(1 - x0/2.9999999999997766) - 1.9999999999997198*x0*x1,x0;x1,add;mul;pow,17.0,6.0,2,x;y,target,True,deepinfra/meta-llama/Meta-Llama-3.1-8B-Instruct-Turbo,/home/anonymous/projects/scientific-intelligent-modelling/exp-planning/02.E1选择验证/llm_configs/benchmark_llm_deepinfra_llama31_8b_turbo.config,This formula is about Interspecies competition dynamics for Species A. Calculate the Net population growth rate of Species A (dx/dt) given Population size of Species A and Population size of Species B,/home/anonymous/projects/scientific-intelligent-modelling/experiments/semantic200_llm_physics_v2_4host_seed1314_20260429-205250/drsr/anon-node-05/drsr/g0088_strogatz_lv1/result.json
g0089,strogatz_lv2,drsr,1314,anon-node-02,g0089_strogatz_lv2,ok,budget_exhausted_with_output,budget_exhausted_with_output,True,True,3901.033,0.0009603962770491299,0.014696812843716125,0.0012239054634171527,0.00025323032464766694,0.9987541402747017,0.9996324405862187,True,True,c0*x1*(-x0/(c1 + x0) + 1) - c2*x0*x1 + c3*x1/(c4 + x1),-8.479805919246736*x1*(-x0/(182.43395410415795 + x0) + 1) - 1.062785695831841*x0*x1 + 74.36966147447825*x1/(6.772494189807945 + x1),x0;x1,add;mul;pow,27.0,7.0,2,x;y,target,True,deepinfra/meta-llama/Meta-Llama-3.1-8B-Instruct,/home/anonymous/projects/scientific-intelligent-modelling/exp-planning/02.E1选择验证/llm_configs/benchmark_llm_deepinfra_llama31_8b.config,This formula is about Interspecies competition dynamics for Species B. Calculate the Net population growth rate of Species B (dy/dt) given Population size of Species A and Population size of Species B,/home/anonymous/projects/scientific-intelligent-modelling/experiments/semantic200_llm_physics_v2_4host_seed1314_20260429-205250/drsr/anon-node-02/drsr/g0089_strogatz_lv2/result.json
g0090,Korns-1,drsr,1314,anon-node-03,g0090_Korns-1,ok,budget_exhausted_with_output,budget_exhausted_with_output,True,True,3900.811,3.5242089549425456e-28,2.314359523812929e-28,4.331104884754147e-28,3.647792088558071e-28,1.0,1.0,True,True,c0 + c1*sin(x0) + c2*sin(x1) + c3*sin(x2) + c4*x3 + c5*x4,1.570000000000516 + -4.065842047533555e-12*sin(x0) + 8.210549449048945e-12*sin(x1) + 2.784297444653544e-12*sin(x2) + 24.299999999999716*x3 + -3.178790283791035e-13*x4,x0;x1;x2;x3;x4,add;mul;sin,20.0,4.0,5,x1;x2;x3;x4;x5,target,True,deepinfra/meta-llama/Meta-Llama-3.1-8B-Instruct-Turbo,/home/anonymous/projects/scientific-intelligent-modelling/exp-planning/02.E1选择验证/llm_configs/benchmark_llm_deepinfra_llama31_8b_turbo.config,This is an abstract symbolic regression problem.,/home/anonymous/projects/scientific-intelligent-modelling/experiments/semantic200_llm_physics_v2_4host_seed1314_20260429-205250/drsr/anon-node-03/drsr/g0090_Korns-1/result.json
g0091,strogatz_shearflow2,drsr,1314,anon-node-04,g0091_strogatz_shearflow2,ok,budget_exhausted_with_output,budget_exhausted_with_output,True,True,3901.412,0.20234414610404355,0.1695305115824255,0.12326600863465859,2.954821144079087,0.8715761516368199,-2.0963454361344773,True,True,c0*sin(x0)*cos(x1) + c1*sin(x0)*sin(x1) + c2*sin(x1)*cos(x0) + c3*cos(x0)*cos(x1) + c4*x0 + c5*x1 + c6*sin(x0) + c7*cos(x0) + c8*sin(x1) + c9,0.0705781097377162*sin(x0)*cos(x1) + 0.39731842498612935*sin(x0)*sin(x1) + -0.7351422665768121*sin(x1)*cos(x0) + -0.1857574613504378*cos(x0)*cos(x1) + 0.15005367581138013*x0 + 0.15960492557212858*x1 + 0.4402657199988764*sin(x0) + -0.11067517299379369*cos(x0) + -0.4367735280760812*sin(x1) + -0.14134327514911998,x0;x1,add;cos;mul;sin,44.0,4.0,2,x;y,target,True,deepinfra/meta-llama/Meta-Llama-3.1-8B-Instruct,/home/anonymous/projects/scientific-intelligent-modelling/exp-planning/02.E1选择验证/llm_configs/benchmark_llm_deepinfra_llama31_8b.config,This formula is about Azimuthal orientation dynamics of a particle in shear flow. Calculate the Angular velocity of azimuthal angle (dphi/dt) given Polar angle of particle and Azimuthal angle of particle,/home/anonymous/projects/scientific-intelligent-modelling/experiments/semantic200_llm_physics_v2_4host_seed1314_20260429-205250/drsr/anon-node-04/drsr/g0091_strogatz_shearflow2/result.json
g0092,strogatz_glider2,drsr,1314,anon-node-05,g0092_strogatz_glider2,ok,budget_exhausted_with_output,budget_exhausted_with_output,True,True,3900.787,0.0015013253714956422,0.001054357144643775,0.0013224167265344815,0.9890127969391805,0.9893359458987244,0.0030998131508913618,True,True,c0 + c1*x0**2 + c2*x0**3 + c3*x0*sin(x1) + c4*x0*cos(x1) + c5*sin(x1) + c6*cos(x1),0.8994467069334114 + 0.3392599671219814*x0**2 + -0.035251621841136616*x0**3 + -0.001965308083637468*x0*sin(x1) + 0.1774664764941439*x0*cos(x1) + 0.002512791299644374*sin(x1) + -0.9044687919930733*cos(x1),x0;x1,add;cos;mul;pow;sin,30.0,4.0,2,x;y,target,True,deepinfra/meta-llama/Meta-Llama-3.1-8B-Instruct-Turbo,/home/anonymous/projects/scientific-intelligent-modelling/exp-planning/02.E1选择验证/llm_configs/benchmark_llm_deepinfra_llama31_8b_turbo.config,This formula is about Phugoid oscillation trajectory angle dynamics. Calculate the Rate of change of flight path angle (dtheta/dt) given Current flight velocity and Current flight path angle,/home/anonymous/projects/scientific-intelligent-modelling/experiments/semantic200_llm_physics_v2_4host_seed1314_20260429-205250/drsr/anon-node-05/drsr/g0092_strogatz_glider2/result.json
g0093,Nguyen-11,drsr,1314,anon-node-02,g0093_Nguyen-11,ok,budget_exhausted_with_output,budget_exhausted_with_output,True,True,3900.873,1.0828181987655896e-06,0.0018253640953324922,3.85812194547563e-06,0.004737579629622567,0.9811557844496679,0.9753987262225968,True,True,c0 + c1*x0 + c2*x0**2 + c3*x0**3 + c4*x1 + c5*x1**2 + c6*x1**3 + c7*x0*x1 + c8*x0**2*x1 + c9*x0*x1**2,0.871463105034916 + 0.5298354187571387*x0 + -0.6639058812412622*x0**2 + 0.2308271680013122*x0**3 + -1.533428457985827*x1 + 0.4559970000877148*x1**2 + 0.20188254075448422*x1**3 + 1.7640619166954348*x0*x1 + -0.010914414848729518*x0**2*x1 + -0.8476701598395896*x0*x1**2,x0;x1,add;mul;pow,44.0,4.0,2,x1;x2,target,True,deepinfra/meta-llama/Meta-Llama-3.1-8B-Instruct,/home/anonymous/projects/scientific-intelligent-modelling/exp-planning/02.E1选择验证/llm_configs/benchmark_llm_deepinfra_llama31_8b.config,This is an abstract symbolic regression problem.,/home/anonymous/projects/scientific-intelligent-modelling/experiments/semantic200_llm_physics_v2_4host_seed1314_20260429-205250/drsr/anon-node-02/drsr/g0093_Nguyen-11/result.json
g0094,first_principles_planck,drsr,1314,anon-node-03,g0094_first_principles_planck,ok,budget_exhausted_with_output,budget_exhausted_with_output,True,True,3900.892,0.8486200055561367,1.2678621973442497,1.161300271894488,2.272013217318127,-2.574964083266407,-202.02806162965175,True,True,c0*(c1/(exp(c2*x0/(c3*x1 + 1.0e-6)) - 1) - 1),13.054793425457676*(6.503998563205753/(exp(0.0007216291734131186*x0/(-0.051735433469281*x1 + 1.0e-6)) - 1) - 1),x0;x1,add;exp;mul;pow,21.0,11.0,2,nu;T,target,True,deepinfra/meta-llama/Meta-Llama-3.1-8B-Instruct-Turbo,/home/anonymous/projects/scientific-intelligent-modelling/exp-planning/02.E1选择验证/llm_configs/benchmark_llm_deepinfra_llama31_8b_turbo.config,"The Planck's law is a model for the spectral radiance of a black body, given it's temperature and frequency. Data was synthetically generated using the Planck's law, with a range of parameters using the scripts in the pu",/home/anonymous/projects/scientific-intelligent-modelling/experiments/semantic200_llm_physics_v2_4host_seed1314_20260429-205250/drsr/anon-node-03/drsr/g0094_first_principles_planck/result.json
g0095,strogatz_bacres2,drsr,1314,anon-node-04,g0095_strogatz_bacres2,ok,budget_exhausted_with_output,budget_exhausted_with_output,True,True,3900.983,0.0008960471982348872,0.0005795825866400984,0.0007097748101427023,0.49763607533656545,0.9957671735231548,0.5023637153690232,True,True,c0 + c1*x0/(c2*x0 + 1) + c3*x1/(c4*x1 + 1),52.91022165140625 + 121.77279457530511*x0/(-2.8027967910145475*x0 + 1) + -0.044298016970778925*x1/(-0.01227805355860758*x1 + 1),x0;x1,add;mul;pow,22.0,6.0,2,x;y,target,True,deepinfra/meta-llama/Meta-Llama-3.1-8B-Instruct,/home/anonymous/projects/scientific-intelligent-modelling/exp-planning/02.E1选择验证/llm_configs/benchmark_llm_deepinfra_llama31_8b.config,This formula is about Dynamics of bacterial growth in a chemostat. Calculate the Rate of change of bacterial population (dy/dt) given Current nutrient concentration and Current bacterial population density,/home/anonymous/projects/scientific-intelligent-modelling/experiments/semantic200_llm_physics_v2_4host_seed1314_20260429-205250/drsr/anon-node-04/drsr/g0095_strogatz_bacres2/result.json
g0096,strogatz_predprey2,drsr,1314,anon-node-05,g0096_strogatz_predprey2,ok,budget_exhausted_with_output,budget_exhausted_with_output,True,True,3900.797,1.08353383552184e-21,9.992758547098594e-22,7.665964750861375e-22,1.6577485363118372e-21,1.0,1.0,True,True,c0*x0*x1/(c1 + x0) + c2*(-c3 + x1)**2,1.0000000000144476*x0*x1/(0.9999999999670838 + x0) + -0.07500000000389985*(-1.0819027908443268e-10 + x1)**2,x0;x1,add;mul;pow,19.0,6.0,2,x;y,target,True,deepinfra/meta-llama/Meta-Llama-3.1-8B-Instruct-Turbo,/home/anonymous/projects/scientific-intelligent-modelling/exp-planning/02.E1选择验证/llm_configs/benchmark_llm_deepinfra_llama31_8b_turbo.config,This formula is about Predator dynamics based on prey availability. Calculate the Rate of change of predator population (dy/dt) given Prey population size and Predator population size,/home/anonymous/projects/scientific-intelligent-modelling/experiments/semantic200_llm_physics_v2_4host_seed1314_20260429-205250/drsr/anon-node-05/drsr/g0096_strogatz_predprey2/result.json
g0097,Keijzer-1,drsr,1314,anon-node-02,g0097_Keijzer-1,ok,budget_exhausted_with_output,budget_exhausted_with_output,True,True,3900.836,0.04087793252733613,0.148983304383419,0.04588985807038626,2.3815157448363684,0.945505163449213,-8.529049234713643,True,True,c0 + c1*x0**2 + c2*sin(2*x0) + c3*cos(2*x0) + c4*x0**3 + c5*sin(x0) + c6*cos(x0) + c7*x0**4 + c8*sin(2*x0)**2 + c9*cos(2*x0)**2,-0.40004460535984204 + -0.8678930471417411*x0**2 + 0.09669623568085542*sin(2*x0) + 2.6789521953357833*cos(2*x0) + 0.05327975068226079*x0**3 + -0.1694070229124819*sin(x0) + -0.7767182136278178*cos(x0) + 2.9638225716440627*x0**4 + 0.13426717935412188*sin(2*x0)**2 + -1.474205355696533*cos(2*x0)**2,x0,add;cos;mul;pow;sin,53.0,6.0,1,x1,target,True,deepinfra/meta-llama/Meta-Llama-3.1-8B-Instruct,/home/anonymous/projects/scientific-intelligent-modelling/exp-planning/02.E1选择验证/llm_configs/benchmark_llm_deepinfra_llama31_8b.config,This is an abstract symbolic regression problem.,/home/anonymous/projects/scientific-intelligent-modelling/experiments/semantic200_llm_physics_v2_4host_seed1314_20260429-205250/drsr/anon-node-02/drsr/g0097_Keijzer-1/result.json
g0098,strogatz_barmag1,drsr,1314,anon-node-03,g0098_strogatz_barmag1,ok,budget_exhausted_with_output,budget_exhausted_with_output,True,True,3900.813,3.38017698277071e-23,2.641777618758825e-23,1.904260740645904e-23,1.2286181916974039e-23,1.0,1.0,True,True,c0 + c1*sin(x0) + c2*sin(x1) + c3*sin(x0 - x1),-3.7690979690652156e-13 + -1.0000000000038238*sin(x0) + -1.887405963962372e-12*sin(x1) + 0.5000000000025724*sin(x0 - x1),x0;x1,add;mul;sin,18.0,6.0,2,x;y,target,True,deepinfra/meta-llama/Meta-Llama-3.1-8B-Instruct-Turbo,/home/anonymous/projects/scientific-intelligent-modelling/exp-planning/02.E1选择验证/llm_configs/benchmark_llm_deepinfra_llama31_8b_turbo.config,This formula is about Coupled dynamics of the first magnetic dipole. Calculate the Angular velocity of the first magnet (dtheta/dt) given Angle of the first magnet and Angle of the second magnet,/home/anonymous/projects/scientific-intelligent-modelling/experiments/semantic200_llm_physics_v2_4host_seed1314_20260429-205250/drsr/anon-node-03/drsr/g0098_strogatz_barmag1/result.json
g0099,Keijzer-2,drsr,1314,anon-node-04,g0099_Keijzer-2,ok,budget_exhausted_with_output,budget_exhausted_with_output,True,True,3904.427,0.1766348045616614,0.6833805116691113,0.18742326138696266,8.503034938597539,0.8051024206232905,-39.144750420954956,True,True,c0 + c1*Abs(x0) + c2*x0**2 + c3*sin(x0) + c4*cos(x0) + c5*x0**3 + c6*x0**4 + c7*exp(x0) + c8*exp(-x0) + c9*sin(x0**2),3.3570922169659703 + -0.7521434728468793*Abs(x0) + 10.860189558876401*x0**2 + -5.310538555080151*sin(x0) + 12.118637794260833*cos(x0) + -1.8290813228283382*x0**3 + 1.2251607715587645*x0**4 + -4.9618165142043384*exp(x0) + -10.339441660684349*exp(-x0) + 2.934496885991972*sin(x0**2),x0,abs;add;cos;exp;mul;pow;sin,45.0,5.0,1,x1,target,True,deepinfra/meta-llama/Meta-Llama-3.1-8B-Instruct,/home/anonymous/projects/scientific-intelligent-modelling/exp-planning/02.E1选择验证/llm_configs/benchmark_llm_deepinfra_llama31_8b.config,This is an abstract symbolic regression problem.,/home/anonymous/projects/scientific-intelligent-modelling/experiments/semantic200_llm_physics_v2_4host_seed1314_20260429-205250/drsr/anon-node-04/drsr/g0099_Keijzer-2/result.json
g0100,PO18,drsr,1314,anon-node-05,g0100_PO18,ok,budget_exhausted_with_output,budget_exhausted_with_output,True,True,3900.875,5.6247540389294e-07,5.824734916905003e-07,5.733306213731169e-07,2.233219700249693e-06,0.9999994241949896,0.9999975920670324,True,True,c0 + c1*x0 + c2*x1 + c3*x2 + c4*x0**2 + c5*x0**3 + c6*x2**2 + c7*x2**3 + c8*x0*x2 + c9*x0*x2**2,-0.002145302442547292 + -1.3607606141178874*x0 + 7.585057582536329e-06*x1 + -0.00012877924957696086*x2 + 0.002198374102693193*x0**2 + -0.4540645515647439*x0**3 + 0.0011764668187414055*x2**2 + -0.0001339516962433046*x2**3 + -0.4928452812791174*x0*x2 + -0.2521586363411228*x0*x2**2,x0;x1;x2,add;mul;pow,41.0,4.0,3,x;t;v,dv_dt,True,deepinfra/meta-llama/Meta-Llama-3.1-8B-Instruct-Turbo,/home/anonymous/projects/scientific-intelligent-modelling/exp-planning/02.E1选择验证/llm_configs/benchmark_llm_deepinfra_llama31_8b_turbo.config,"Calculate Acceleration in Non-linear Harmonic Oscillator given Position at time t, Time and Velocity at time t",/home/anonymous/projects/scientific-intelligent-modelling/experiments/semantic200_llm_physics_v2_4host_seed1314_20260429-205250/drsr/anon-node-05/drsr/g0100_PO18/result.json
g0101,PO21,drsr,1314,anon-node-02,g0101_PO21,ok,budget_exhausted_with_output,budget_exhausted_with_output,True,True,3900.96,0.09149395979105877,0.089366997371732,0.0913120203752673,1.1006701996210013,0.9086567919182824,-0.17906125094177816,True,True,c0 + c1*x0 + c2*x1 + c3*x2 + c4*x0**2 + c5*x2**2 + c6*x0**2*x2 + c7*x1**2*x2 + c8*x0*x2**2 + c9*x0**2*x1,1.0981617757945172 + -1.061240698862473*x0 + 0.5618843302978253*x1 + 0.005299229564907383*x2 + 0.014194299756367006*x0**2 + 0.11057532102330589*x2**2 + -0.0017599345617641234*x0**2*x2 + 0.0008860618074548385*x1**2*x2 + -0.012744402658763185*x0*x2**2 + -0.0002307141439450067*x0**2*x1,x0;x1;x2,add;mul;pow,45.0,4.0,3,x;t;v,dv_dt,True,deepinfra/meta-llama/Meta-Llama-3.1-8B-Instruct,/home/anonymous/projects/scientific-intelligent-modelling/exp-planning/02.E1选择验证/llm_configs/benchmark_llm_deepinfra_llama31_8b.config,"Calculate Acceleration in Non-linear Harmonic Oscillator given Position at time t, Time and Velocity at time t",/home/anonymous/projects/scientific-intelligent-modelling/experiments/semantic200_llm_physics_v2_4host_seed1314_20260429-205250/drsr/anon-node-02/drsr/g0101_PO21/result.json
g0102,CRK23,drsr,1314,anon-node-03,g0102_CRK23,ok,budget_exhausted_with_output,budget_exhausted_with_output,True,True,3900.98,1.4419340316257718e-10,1.7077494439302647e-10,1.4021311029273658e-10,3.3957164216378197e-06,0.9999999998312645,0.9999889202263681,True,True,c0 + c1*exp(c2*x0) + c3*sin(c4*x1) + c5*x0*x1 + c6*exp(-c7*x1),-0.23608045542211992 + 0.002322397541879034*exp(-0.35096907872972016*x0) + -0.480905013872853*sin(-0.8542890171818782*x1) + 1.4794866227608081e-08*x0*x1 + 0.19119567610685526*exp(-0.41025141773016194*x1),x0;x1,add;exp;mul;sin,25.0,5.0,2,t;A,dA_dt,True,deepinfra/meta-llama/Meta-Llama-3.1-8B-Instruct-Turbo,/home/anonymous/projects/scientific-intelligent-modelling/exp-planning/02.E1选择验证/llm_configs/benchmark_llm_deepinfra_llama31_8b_turbo.config,Calculate Rate of change of concentration in chemistry reaction kinetics given Time and Concentration at time t,/home/anonymous/projects/scientific-intelligent-modelling/experiments/semantic200_llm_physics_v2_4host_seed1314_20260429-205250/drsr/anon-node-03/drsr/g0102_CRK23/result.json
g0103,BPG9,drsr,1314,anon-node-04,g0103_BPG9,ok,budget_exhausted_with_output,budget_exhausted_with_output,True,True,3905.093,0.006609346600153341,0.007126963068087834,0.00476290594306076,0.48338091210078876,0.9946002468609371,0.4766122392434262,True,True,c0/(1 + exp(-c1*(-c2 + x0))) + c3*x1/(1 + exp(-c4*(-c5 + x1))),4.465701502773545/(1 + exp(-0.9411974802348765*(-6.3882249411423775 + x0))) + -1.1903855279802507*x1/(1 + exp(-0.8093382671234683*(-11.64244196856668 + x1))),x0;x1,add;exp;mul;pow,32.0,9.0,2,t;P,dP_dt,True,deepinfra/meta-llama/Meta-Llama-3.1-8B-Instruct,/home/anonymous/projects/scientific-intelligent-modelling/exp-planning/02.E1选择验证/llm_configs/benchmark_llm_deepinfra_llama31_8b.config,Calculate Population growth rate given Time and Population at time t,/home/anonymous/projects/scientific-intelligent-modelling/experiments/semantic200_llm_physics_v2_4host_seed1314_20260429-205250/drsr/anon-node-04/drsr/g0103_BPG9/result.json
g0104,PO27,drsr,1314,anon-node-05,g0104_PO27,ok,budget_exhausted_with_output,budget_exhausted_with_output,True,True,3901.046,1.994180213895747e-05,1.898157113235677e-05,1.9347860093336084e-05,1.9814005477427296e-05,0.999980614810035,0.9999693525044521,True,True,c0 + c1*x0 + c2*x1 + c3*x2 + c4*x0**2 + c5*x1**2 + c6*x2**2 + c7*sin(x0) + c8*sin(x1) + c9*sin(x2),-0.048534509493682466 + 0.31301669701478607*x0 + 2.6065452391358558e-05*x1 + 0.7606092110193571*x2 + -0.099256371222328*x0**2 + -4.429332966590548e-07*x1**2 + -0.0039052913106583293*x2**2 + -0.1979665923204061*sin(x0) + 0.668862276281759*sin(x1) + -1.7780307455993984*sin(x2),x0;x1;x2,add;mul;pow;sin,38.0,4.0,3,x;t;v,dv_dt,True,deepinfra/meta-llama/Meta-Llama-3.1-8B-Instruct-Turbo,/home/anonymous/projects/scientific-intelligent-modelling/exp-planning/02.E1选择验证/llm_configs/benchmark_llm_deepinfra_llama31_8b_turbo.config,"Calculate Acceleration in Non-linear Harmonic Oscillator given Position at time t, Time and Velocity at time t",/home/anonymous/projects/scientific-intelligent-modelling/experiments/semantic200_llm_physics_v2_4host_seed1314_20260429-205250/drsr/anon-node-05/drsr/g0104_PO27/result.json
g0105,BPG7,drsr,1314,anon-node-02,g0105_BPG7,ok,budget_exhausted_with_output,budget_exhausted_with_output,True,True,3901.113,0.00014529249986284043,0.0001924472066506885,9.956791342656196e-05,1.0,0.999889041112631,-0.06849657719888014,True,True,c0*x1/(c1*exp(c2*x0) + c3*sin(c4*x0) + c5*cos(c6*x0) + 1),-4.839893189848726*x1/(-0.0005901403117757758*exp(1.8596561751089689*x0) + -11.271788146282056*sin(0.33119619192043825*x0) + -3.831541528633764*cos(0.5630815928348589*x0) + 1),x0;x1,add;cos;exp;mul;pow;sin,25.0,7.0,2,t;P,dP_dt,True,deepinfra/meta-llama/Meta-Llama-3.1-8B-Instruct,/home/anonymous/projects/scientific-intelligent-modelling/exp-planning/02.E1选择验证/llm_configs/benchmark_llm_deepinfra_llama31_8b.config,Calculate Population growth rate given Time and Population at time t,/home/anonymous/projects/scientific-intelligent-modelling/experiments/semantic200_llm_physics_v2_4host_seed1314_20260429-205250/drsr/anon-node-02/drsr/g0105_BPG7/result.json
g0106,Korns-4,drsr,1314,anon-node-03,g0106_Korns-4,ok,budget_exhausted_with_output,budget_exhausted_with_output,True,True,3900.851,0.0014495823565714486,0.0011876424050192285,0.0019587244812775363,0.0019200085197967865,-0.2849104241951024,-0.18865726983610576,True,True,c0 + c1*exp(c2*x0) + c3*sin(c4*x1) + c5*x0*x1 + c6*x0*x2 + c7*x0*x3 + c8*x0*x4 + c9*x2**2,-2.288640246343434 + -4.509950789703407e-05*exp(0.13237538696737616*x0) + -0.0217429220277497*sin(0.10880089972685932*x1) + 2.3425454053624784e-05*x0*x1 + 9.792365463976241e-06*x0*x2 + 1.0847326458745216e-05*x0*x3 + -1.2264499839273903e-05*x0*x4 + -1.0775455803052742e-05*x2**2,x0;x1;x2;x3;x4,add;exp;mul;pow;sin,35.0,5.0,5,x1;x2;x3;x4;x5,target,True,deepinfra/meta-llama/Meta-Llama-3.1-8B-Instruct-Turbo,/home/anonymous/projects/scientific-intelligent-modelling/exp-planning/02.E1选择验证/llm_configs/benchmark_llm_deepinfra_llama31_8b_turbo.config,This is an abstract symbolic regression problem.,/home/anonymous/projects/scientific-intelligent-modelling/experiments/semantic200_llm_physics_v2_4host_seed1314_20260429-205250/drsr/anon-node-03/drsr/g0106_Korns-4/result.json
g0107,BPG16,drsr,1314,anon-node-04,g0107_BPG16,ok,budget_exhausted_with_output,budget_exhausted_with_output,True,True,3905.015,7.2817331003113164e-09,1.779600126921276e-08,2.1907184142120788e-08,2.3206976954829465e-05,0.9999999774163187,0.9999752626029861,True,True,c0 + c1*x0 + c2*x1 + c3*x0**2 + c4*x1**2 + c5*x0*x1 + c6*x0**3 + c7*x1**3 + c8*x0**2*x1 + c9*x0*x1**2,0.5706438673707727 + 0.17535522880162097*x0 + 0.14476785810659673*x1 + 0.00042188966508886847*x0**2 + 0.20136743553588762*x1**2 + -0.017696106592505166*x0*x1 + -5.184416322113179e-09*x0**3 + -0.010084373766848717*x1**3 + -2.027090377384208e-05*x0**2*x1 + 0.00044544957722867187*x0*x1**2,x0;x1,add;mul;pow,44.0,4.0,2,t;P,dP_dt,True,deepinfra/meta-llama/Meta-Llama-3.1-8B-Instruct,/home/anonymous/projects/scientific-intelligent-modelling/exp-planning/02.E1选择验证/llm_configs/benchmark_llm_deepinfra_llama31_8b.config,Calculate Population growth rate given Time and Population at time t,/home/anonymous/projects/scientific-intelligent-modelling/experiments/semantic200_llm_physics_v2_4host_seed1314_20260429-205250/drsr/anon-node-04/drsr/g0107_BPG16/result.json
g0108,BPG8,drsr,1314,anon-node-05,g0108_BPG8,ok,budget_exhausted_with_output,budget_exhausted_with_output,True,True,3900.91,1.3861846746757333e-08,1.3006876843686918e-08,2.5850481558936026e-08,3.7046889545192725e-06,0.9999999727237294,0.9999960098059119,True,True,c0 + c1*x0 + c2*x1 + c3*log(x1 + 1) + c4*exp(-c5*x0) + c6*x1**2 + c7*exp(c8*x0),0.3628826166170856 + 9.905986356956386e-07*x0 + 1.9993208502482391*x1 + 0.6150957459412049*log(x1 + 1) + 0.1147615739238961*exp(--4.031341937394998e-05*x0) + -0.0254488543233531*x1**2 + 0.40027588775173145*exp(-1.5792758294662839*x0),x0;x1,add;exp;log;mul;pow,32.0,5.0,2,t;P,dP_dt,True,deepinfra/meta-llama/Meta-Llama-3.1-8B-Instruct-Turbo,/home/anonymous/projects/scientific-intelligent-modelling/exp-planning/02.E1选择验证/llm_configs/benchmark_llm_deepinfra_llama31_8b_turbo.config,Calculate Population growth rate given Time and Population at time t,/home/anonymous/projects/scientific-intelligent-modelling/experiments/semantic200_llm_physics_v2_4host_seed1314_20260429-205250/drsr/anon-node-05/drsr/g0108_BPG8/result.json
g0109,BPG0,drsr,1314,anon-node-02,g0109_BPG0,ok,budget_exhausted_with_output,budget_exhausted_with_output,True,True,3901.314,4.637988619038896e-09,4.8406608986669285e-09,4.6003466320547975e-09,0.00019394855478789005,0.9999999947749244,0.999795968927476,True,True,c0 + c1*x0 + c2*x1 + c3*x0**2 + c4*x1**2 + c5*x0*x1 + c6*x0**3 + c7*x1**3 + c8*x0*x1**2 + c9*x0**2*x1,0.40439233186319284 + 0.5117442873534301*x0 + 1.0067841626433998*x1 + -0.002214266274250036*x0**2 + -0.009932643593147413*x1**2 + -0.008843357604293603*x0*x1 + 1.3099669397108197e-07*x0**3 + -3.891001745276104e-07*x1**3 + 3.747877011034333e-05*x0*x1**2 + 2.17121251332186e-05*x0**2*x1,x0;x1,add;mul;pow,44.0,4.0,2,t;P,dP_dt,True,deepinfra/meta-llama/Meta-Llama-3.1-8B-Instruct,/home/anonymous/projects/scientific-intelligent-modelling/exp-planning/02.E1选择验证/llm_configs/benchmark_llm_deepinfra_llama31_8b.config,Calculate Population growth rate given Time and Population at time t,/home/anonymous/projects/scientific-intelligent-modelling/experiments/semantic200_llm_physics_v2_4host_seed1314_20260429-205250/drsr/anon-node-02/drsr/g0109_BPG0/result.json
g0110,CRK5,drsr,1314,anon-node-03,g0110_CRK5,ok,budget_exhausted_with_output,budget_exhausted_with_output,True,True,3901.131,1.5865776663846519e-10,1.6441102996101202e-10,1.3667300557181665e-10,4.7279892630339826e-08,0.9999999962087541,0.999918481558052,True,True,c0 + c1*x0 + c2*x1 + c3*exp(c4*x0) + c5*x1**2 + c6*cos(c7*x0) + c8*exp(c9*x1),0.2364316548378086 + 0.0002934297290407206*x0 + -0.014433041724228091*x1 + -0.0036148027839442874*exp(-0.4762949286226168*x0) + -0.00012046243644328188*x1**2 + 2.9491461954136466e-07*cos(0.8911123087302102*x0) + -0.04495887475053704*exp(-0.7742341834012547*x1),x0;x1,add;cos;exp;mul;pow,31.0,5.0,2,t;A,dA_dt,True,deepinfra/meta-llama/Meta-Llama-3.1-8B-Instruct-Turbo,/home/anonymous/projects/scientific-intelligent-modelling/exp-planning/02.E1选择验证/llm_configs/benchmark_llm_deepinfra_llama31_8b_turbo.config,Calculate Rate of change of concentration in chemistry reaction kinetics given Time and Concentration at time t,/home/anonymous/projects/scientific-intelligent-modelling/experiments/semantic200_llm_physics_v2_4host_seed1314_20260429-205250/drsr/anon-node-03/drsr/g0110_CRK5/result.json
g0111,CRK16,drsr,1314,anon-node-04,g0111_CRK16,ok,completed,not_timeout,False,False,3622.491,4207.482348711015,4158.6533357636035,4265.105327911008,13167843989.936838,-5827.316309428391,-498559349749.50415,True,True,c0 + 1.0*x0,-26.965802663965796 + 1.0*x0,x0,add;mul,5.0,3.0,2,t;A,dA_dt,True,deepinfra/meta-llama/Meta-Llama-3.1-8B-Instruct,/home/anonymous/projects/scientific-intelligent-modelling/exp-planning/02.E1选择验证/llm_configs/benchmark_llm_deepinfra_llama31_8b.config,Calculate Rate of change of concentration in chemistry reaction kinetics given Time and Concentration at time t,/home/anonymous/projects/scientific-intelligent-modelling/experiments/semantic200_llm_physics_v2_4host_seed1314_20260429-205250/drsr/anon-node-04/drsr/g0111_CRK16/result.json
g0112,CRK15,drsr,1314,anon-node-05,g0112_CRK15,ok,completed,not_timeout,False,False,3612.711,9.376557889467333e-05,0.00010203314632696278,9.210097329524578e-05,0.01544909907517959,0.9995626438018925,-1.9122272031495218,True,True,-c0*c2*x1*exp(-c1*x0) + c3*log(x1 + 1.0e-6) + c4*x0**2 + c5*x1**2 + c6*x0*x1,--4.427518068987786*0.06832309041902704*x1*exp(-0.31452900231369485*x0) + 0.2602728043798504*log(x1 + 1.0e-6) + -0.00035684531319728576*x0**2 + -0.013390640213924464*x1**2 + 0.00357689889182989*x0*x1,x0;x1,add;exp;log;mul;pow,31.0,5.0,2,t;A,dA_dt,True,deepinfra/meta-llama/Meta-Llama-3.1-8B-Instruct-Turbo,/home/anonymous/projects/scientific-intelligent-modelling/exp-planning/02.E1选择验证/llm_configs/benchmark_llm_deepinfra_llama31_8b_turbo.config,Calculate Rate of change of concentration in chemistry reaction kinetics given Time and Concentration at time t,/home/anonymous/projects/scientific-intelligent-modelling/experiments/semantic200_llm_physics_v2_4host_seed1314_20260429-205250/drsr/anon-node-05/drsr/g0112_CRK15/result.json
g0113,Nguyen-7,drsr,1314,anon-node-02,g0113_Nguyen-7,ok,budget_exhausted_with_output,budget_exhausted_with_output,True,True,3901.031,2.622176255501205e-10,1.413234681461093e-09,6.401262603701845e-09,6.136271405787445e-07,0.9999997024074356,0.9988940464288669,True,True,c0 + c1*x0 + c2*x0**2 + c3*sin(2*x0) + c4*cos(x0) + c5*exp(-c6*x0**2) + c7*x0**3 + c8*log(x0 + 1) + c9*sinh(x0),0.12717753390729755 + 0.23598757659559508*x0 + 0.3984090187141025*x0**2 + -0.07950928255972356*sin(2*x0) + 0.14165748842669232*cos(x0) + -0.2677420249629847*exp(-1.46542787002449*x0**2) + -0.2797412135165182*x0**3 + 0.20777712436644694*log(x0 + 1) + 0.6961249044446025*sinh(x0),x0,add;cos;exp;log;mul;pow;sin;sinh,44.0,6.0,1,x1,target,True,deepinfra/meta-llama/Meta-Llama-3.1-8B-Instruct,/home/anonymous/projects/scientific-intelligent-modelling/exp-planning/02.E1选择验证/llm_configs/benchmark_llm_deepinfra_llama31_8b.config,This is an abstract symbolic regression problem.,/home/anonymous/projects/scientific-intelligent-modelling/experiments/semantic200_llm_physics_v2_4host_seed1314_20260429-205250/drsr/anon-node-02/drsr/g0113_Nguyen-7/result.json
g0114,Korns-8,drsr,1314,anon-node-03,g0114_Korns-8,ok,completed,not_timeout,False,False,3611.115,0.22277156604207782,0.2595612493046191,0.30846897770089476,0.36323207277169633,-0.11902385936624871,-0.419981112976648,True,True,c0 + c1*x0 + c2*x1 + c3*x2 + c4*x3 + c5*x4 + c6*x0*x1 + c7*x0*x2 + c8*x0*x3 + c9*x0*x4,2985.6336450055046 + -2.5012132129626408*x0 + 0.04083691531291918*x1 + 10.35141459279609*x2 + 1.9808924723018604*x3 + -12.263195644641163*x4 + 0.44247943879924806*x0*x1 + 0.33938906585896195*x0*x2 + -0.531678697804531*x0*x3 + -0.05933951280929564*x0*x4,x0;x1;x2;x3;x4,add;mul,33.0,3.0,5,x1;x2;x3;x4;x5,target,True,deepinfra/meta-llama/Meta-Llama-3.1-8B-Instruct-Turbo,/home/anonymous/projects/scientific-intelligent-modelling/exp-planning/02.E1选择验证/llm_configs/benchmark_llm_deepinfra_llama31_8b_turbo.config,This is an abstract symbolic regression problem.,/home/anonymous/projects/scientific-intelligent-modelling/experiments/semantic200_llm_physics_v2_4host_seed1314_20260429-205250/drsr/anon-node-03/drsr/g0114_Korns-8/result.json
g0115,MatSci23,drsr,1314,anon-node-04,g0115_MatSci23,ok,budget_exhausted_with_output,budget_exhausted_with_output,True,True,3905.994,2.749077389433952e-06,4.479524045675059e-06,3.7507780791140377e-06,9.457302044129996e-08,0.99999181251711,0.999973989582155,True,True,c0 + c1*x0 + c2*x1 + c3*x0**2 + c4*x1**2 + c5*x0*x1 + c6*x0**2*x1 + c7*x0*x1**2,442.1886518095346 + -241.00743322807745*x0 + 17.62719693014412*x1 + 174.75801639083576*x0**2 + -0.07029229928339562*x1**2 + -11.431321034602403*x0*x1 + -91.77425295666423*x0**2*x1 + 0.18212364545546456*x0*x1**2,x0;x1,add;mul;pow,34.0,4.0,2,epsilon;T,sigma,True,deepinfra/meta-llama/Meta-Llama-3.1-8B-Instruct,/home/anonymous/projects/scientific-intelligent-modelling/exp-planning/02.E1选择验证/llm_configs/benchmark_llm_deepinfra_llama31_8b.config,Calculate Stress given Strain and Temperature,/home/anonymous/projects/scientific-intelligent-modelling/experiments/semantic200_llm_physics_v2_4host_seed1314_20260429-205250/drsr/anon-node-04/drsr/g0115_MatSci23/result.json
g0116,Korns-2,drsr,1314,anon-node-05,g0116_Korns-2,ok,budget_exhausted_with_output,budget_exhausted_with_output,True,True,3900.79,0.8447412307482637,5.130619189519071,1.0681789375204218,1.1118990934920379,-0.0686716563868528,-0.11202131409815785,True,True,c0 + c1*x0 + c2*x0**2 + c3*x1 + c4*x2 + c5*x3 + c6*x4 + c7*x0*x1 + c8*x0*x2 + c9*x1*x2,-4.641274196257196 + -0.2389977573885699*x0 + -0.007615238521808325*x0**2 + 0.2656197028763793*x1 + -0.2504999776716726*x2 + 0.19335686852481987*x3 + 0.17251326816592796*x4 + 0.003966184104131487*x0*x1 + -0.010672251679144316*x0*x2 + 0.012785119764167036*x1*x2,x0;x1;x2;x3;x4,add;mul;pow,34.0,4.0,5,x1;x2;x3;x4;x5,target,True,deepinfra/meta-llama/Meta-Llama-3.1-8B-Instruct-Turbo,/home/anonymous/projects/scientific-intelligent-modelling/exp-planning/02.E1选择验证/llm_configs/benchmark_llm_deepinfra_llama31_8b_turbo.config,This is an abstract symbolic regression problem.,/home/anonymous/projects/scientific-intelligent-modelling/experiments/semantic200_llm_physics_v2_4host_seed1314_20260429-205250/drsr/anon-node-05/drsr/g0116_Korns-2/result.json
g0117,PO37,drsr,1314,anon-node-02,g0117_PO37,ok,budget_exhausted_with_output,budget_exhausted_with_output,True,True,3900.826,0.09683548644396824,0.10703187501865663,0.07996765241246243,0.9410236493183654,0.9198889013423481,0.05897544043681768,True,True,c0 + c1*x0**2 + c2*x1**3 + c3*x2**2 + c4*x0*x1 + c5*x0*x2 + c6*x1*x2 + c7*x0**3 + c8*x1**2 + c9*x2**3,-0.2848716943215675 + 4.27551390169296*x0**2 + -1.3188586333454294e-05*x1**3 + 2.8954288297537354*x2**2 + -0.04376862472273251*x0*x1 + 0.18196703950211207*x0*x2 + -0.0071174819627991765*x1*x2 + -5.4941496631564535*x0**3 + 0.0006443577488662898*x1**2 + 2.0606278893368266*x2**3,x0;x1;x2,add;mul;pow,44.0,4.0,3,x;t;v,dv_dt,True,deepinfra/meta-llama/Meta-Llama-3.1-8B-Instruct,/home/anonymous/projects/scientific-intelligent-modelling/exp-planning/02.E1选择验证/llm_configs/benchmark_llm_deepinfra_llama31_8b.config,"Calculate Acceleration in Non-linear Harmonic Oscillator given Position at time t, Time and Velocity at time t",/home/anonymous/projects/scientific-intelligent-modelling/experiments/semantic200_llm_physics_v2_4host_seed1314_20260429-205250/drsr/anon-node-02/drsr/g0117_PO37/result.json
g0118,BPG14,drsr,1314,anon-node-03,g0118_BPG14,ok,budget_exhausted_with_output,budget_exhausted_with_output,True,True,3900.938,5.112997541776276e-06,6.031580360589874e-06,5.0654615919842414e-06,0.5847746968127658,0.9999910113060265,-53.26438712741025,True,True,c0 + c1*x0 + c2*log(Abs(x0) + 1) + c3*x1 + c4*log(Abs(x1) + 1) + c5*x0*x1 + c6*x1*sin(c7*x0) + c8*(x0 + 1)**2 + c9*(x1 + 1)**2,-0.8270331834748158 + -0.18560997312824595*x0 + 0.14002062838170604*log(Abs(x0) + 1) + 0.283716708247142*x1 + 1.2707522953396708*log(Abs(x1) + 1) + 0.00617839308336191*x0*x1 + -0.09802866354878524*x1*sin(0.04584564749509479*x0) + -0.005582283688833287*(x0 + 1)**2 + -0.0035048371151404412*(x1 + 1)**2,x0;x1,abs;add;log;mul;pow;sin,47.0,6.0,2,t;P,dP_dt,True,deepinfra/meta-llama/Meta-Llama-3.1-8B-Instruct-Turbo,/home/anonymous/projects/scientific-intelligent-modelling/exp-planning/02.E1选择验证/llm_configs/benchmark_llm_deepinfra_llama31_8b_turbo.config,Calculate Population growth rate given Time and Population at time t,/home/anonymous/projects/scientific-intelligent-modelling/experiments/semantic200_llm_physics_v2_4host_seed1314_20260429-205250/drsr/anon-node-03/drsr/g0118_BPG14/result.json
g0119,first_principles_kepler,drsr,1314,anon-node-04,g0119_first_principles_kepler,ok,budget_exhausted_with_output,budget_exhausted_with_output,True,True,3904.6,2.9215000155078885e-09,7.798766054512695e-05,1.8307319934105104e-08,1.4304984536451286e-05,,,True,True,c0*x0**c1,365.11045471739845*x0**1.500449034249311,x0,mul;pow,5.0,3.0,1,a,target,True,deepinfra/meta-llama/Meta-Llama-3.1-8B-Instruct,/home/anonymous/projects/scientific-intelligent-modelling/exp-planning/02.E1选择验证/llm_configs/benchmark_llm_deepinfra_llama31_8b.config,"The Keppler dataset is based on the Kepler's third law of planetary motion. The features are the semi-major axis (a) and the period (P) of a planet's orbit, given by the equation: P^2 = k a^3 Each row corresponds to a pl",/home/anonymous/projects/scientific-intelligent-modelling/experiments/semantic200_llm_physics_v2_4host_seed1314_20260429-205250/drsr/anon-node-04/drsr/g0119_first_principles_kepler/result.json
g0120,feynman_test_8,drsr,1314,anon-node-05,g0120_feynman_test_8,ok,completed,not_timeout,False,False,3619.573,0.005315868496668231,0.005339146508754286,0.0055401771799605025,0.04534042992586641,0.9415407752726448,0.8462131589818394,True,True,c0 + c1*x0 + c2*x1 + c3*x0/x2**2 + c4*cos(x3),0.043785779560420526 + 0.7150723409481174*x0 + 0.19676486115135924*x1 + -0.5390821877209274*x0/x2**2 + 0.3024878249267522*cos(x3),x0;x1;x2;x3,add;cos;mul;pow,18.0,4.0,4,E_n;m;c;theta,target,True,deepinfra/meta-llama/Meta-Llama-3.1-8B-Instruct-Turbo,/home/anonymous/projects/scientific-intelligent-modelling/exp-planning/02.E1选择验证/llm_configs/benchmark_llm_deepinfra_llama31_8b_turbo.config,"Calculate the scattered photon energy given the initial energy, mass, speed of light, and scattering angle.",/home/anonymous/projects/scientific-intelligent-modelling/experiments/semantic200_llm_physics_v2_4host_seed1314_20260429-205250/drsr/anon-node-05/drsr/g0120_feynman_test_8/result.json
g0121,CRK6,drsr,1314,anon-node-02,g0121_CRK6,ok,budget_exhausted_with_output,budget_exhausted_with_output,True,True,3900.952,1.3536269875650983e-06,1.4292511418795778e-06,1.5878115132203954e-06,0.0002533947764952114,0.9999928915697262,0.9830897543837432,True,True,c0 + c1*x0 + c2*x1 + c3*x0**2 + c4*x1**2 + c5/(1 + exp(-c6*(-c7 + x1))),0.16301380118771333 + 0.0002573909193930735*x0 + 0.034146709422283386*x1 + -5.5537222954921185e-06*x0**2 + -0.005051403399612374*x1**2 + 0.2882077467891867/(1 + exp(--1.7558526236942926*(-1.4251853967829158 + x1))),x0;x1,add;exp;mul;pow,33.0,9.0,2,t;A,dA_dt,True,deepinfra/meta-llama/Meta-Llama-3.1-8B-Instruct,/home/anonymous/projects/scientific-intelligent-modelling/exp-planning/02.E1选择验证/llm_configs/benchmark_llm_deepinfra_llama31_8b.config,Calculate Rate of change of concentration in chemistry reaction kinetics given Time and Concentration at time t,/home/anonymous/projects/scientific-intelligent-modelling/experiments/semantic200_llm_physics_v2_4host_seed1314_20260429-205250/drsr/anon-node-02/drsr/g0121_CRK6/result.json
g0122,feynman_I_27_6,drsr,1314,anon-node-03,g0122_feynman_I_27_6,ok,budget_exhausted_with_output,budget_exhausted_with_output,True,True,3903.183,0.0022827637997291828,0.0022895015957521284,0.0022780888596817196,0.013953894720376019,0.9869410880069952,0.9704413177385606,True,True,1/((c0 + c1*x2)*(c2/x0 - c3/x1)),1/((-0.6148630594027967 + -0.550344477153554*x2)*(-0.5729176413199806/x0 - 1.1728262765601714/x1)),x0;x1;x2,add;mul;pow,22.0,6.0,3,d1;d2;n,target,True,deepinfra/meta-llama/Meta-Llama-3.1-8B-Instruct-Turbo,/home/anonymous/projects/scientific-intelligent-modelling/exp-planning/02.E1选择验证/llm_configs/benchmark_llm_deepinfra_llama31_8b_turbo.config,"Calculate the focal length given the object distance, image distance, and refractive index.",/home/anonymous/projects/scientific-intelligent-modelling/experiments/semantic200_llm_physics_v2_4host_seed1314_20260429-205250/drsr/anon-node-03/drsr/g0122_feynman_I_27_6/result.json
g0123,feynman_I_6_2,drsr,1314,anon-node-04,g0123_feynman_I_6_2,ok,budget_exhausted_with_output,budget_exhausted_with_output,True,True,3902.907,2.3239904184691557e-31,2.4298734792972347e-31,2.3487068122320926e-31,1.6620102375506952e-31,1.0,1.0,True,True,sqrt(2)*exp(-x1**2/(2*x0**2))/(2*sqrt(pi)*x0),sqrt(2)*exp(-x1**2/(2*x0**2))/(2*sqrt(pi)*x0),x0;x1,exp;mul;pi;pow,20.0,5.0,2,sigma;theta,target,True,deepinfra/meta-llama/Meta-Llama-3.1-8B-Instruct,/home/anonymous/projects/scientific-intelligent-modelling/exp-planning/02.E1选择验证/llm_configs/benchmark_llm_deepinfra_llama31_8b.config,Calculate the probability density given a value and the standard deviation.,/home/anonymous/projects/scientific-intelligent-modelling/experiments/semantic200_llm_physics_v2_4host_seed1314_20260429-205250/drsr/anon-node-04/drsr/g0123_feynman_I_6_2/result.json
g0124,I.13.12_3_0,drsr,1314,anon-node-05,g0124_I.13.12_3_0,ok,budget_exhausted_with_output,budget_exhausted_with_output,True,True,3904.045,0.9998780863879007,1.0047444692856733,0.9999069643654209,38.04364965441669,8.10474638758274e-05,-37.65916220083899,True,True,c0 + c1*x0**2 + c2*x1**2 + c3*x2**2 + c4*x3**2 + c5*x4**2 + c6*x0*x1 + c7*x0*x2 + c8*x0*x3 + c9*x3*x4,0.48880316252064554 + 0.0008667161960599564*x0**2 + 0.00876993332320652*x1**2 + -0.09828351723632393*x2**2 + 0.4360787652339542*x3**2 + 0.3860361507365303*x4**2 + 0.0018503993816081316*x0*x1 + 0.002426299461354727*x0*x2 + 0.013296724683443404*x0*x3 + -1.138559929329876*x3*x4,x0;x1;x2;x3;x4,add;mul;pow,43.0,4.0,5,U;m1;m2;r1;G,r2,True,deepinfra/meta-llama/Meta-Llama-3.1-8B-Instruct-Turbo,/home/anonymous/projects/scientific-intelligent-modelling/exp-planning/02.E1选择验证/llm_configs/benchmark_llm_deepinfra_llama31_8b_turbo.config,"Calculate the final distance between the two objects given the potential energy of two objects, the mass of the first object, the mass of the second object, the initial distance between the two objects and the gravitatio",/home/anonymous/projects/scientific-intelligent-modelling/experiments/semantic200_llm_physics_v2_4host_seed1314_20260429-205250/drsr/anon-node-05/drsr/g0124_I.13.12_3_0/result.json
g0125,II.36.38_5_0,drsr,1314,anon-node-02,g0125_II.36.38_5_0,ok,completed,not_timeout,False,False,3617.934,0.9998935082183757,1.0000555925916734,1.0005291558213862,1.0001282387966428,-0.000771160221388234,-0.00019662210861359775,True,True,c0 + c1*x0 + c2*x1 + c3*x2 + c4*x3 + c5*x4 + c6*x5 + c7*x6 + c8*x7 + c9*x5*x7,-2.688794547700592 + -0.06083786079284918*x0 + 0.3225466972783904*x1 + 0.2997333644375033*x2 + -0.16033833328451172*x3 + -0.34784204855772527*x4 + 1.4736795899116113*x5 + 0.5218211296793458*x6 + 0.5477240312547066*x7 + -0.5503793839286479*x5*x7,x0;x1;x2;x3;x4;x5;x6;x7,add;mul,30.0,3.0,8,f;mom;H;kb;T;alpha;c;M,epsilon,True,deepinfra/meta-llama/Meta-Llama-3.1-8B-Instruct,/home/anonymous/projects/scientific-intelligent-modelling/exp-planning/02.E1选择验证/llm_configs/benchmark_llm_deepinfra_llama31_8b.config,"Calculate the electric permittivity of a medium given the resultant value of the function, the momentum of an object or particle, the magnetic field strength, the Boltzmann constant, the temperature in Kelvin, the polari",/home/anonymous/projects/scientific-intelligent-modelling/experiments/semantic200_llm_physics_v2_4host_seed1314_20260429-205250/drsr/anon-node-02/drsr/g0125_II.36.38_5_0/result.json
g0126,feynman_I_6_2b,drsr,1314,anon-node-03,g0126_feynman_I_6_2b,ok,budget_exhausted_with_output,budget_exhausted_with_output,True,True,3902.871,9.117196230924071e-32,9.081126501946564e-32,9.417213072418555e-32,6.822454584942207e-32,1.0,1.0,True,True,sqrt(2)*exp(-(x1 - x2)**2/(2*x0**2))/(2*sqrt(pi)*x0),sqrt(2)*exp(-(x1 - x2)**2/(2*x0**2))/(2*sqrt(pi)*x0),x0;x1;x2,add;exp;mul;pi;pow,24.0,7.0,3,sigma;theta;theta1,target,True,deepinfra/meta-llama/Meta-Llama-3.1-8B-Instruct-Turbo,/home/anonymous/projects/scientific-intelligent-modelling/exp-planning/02.E1选择验证/llm_configs/benchmark_llm_deepinfra_llama31_8b_turbo.config,"Calculate the probability density given a value, the mean, and the standard deviation.",/home/anonymous/projects/scientific-intelligent-modelling/experiments/semantic200_llm_physics_v2_4host_seed1314_20260429-205250/drsr/anon-node-03/drsr/g0126_feynman_I_6_2b/result.json
g0127,feynman_test_7,drsr,1314,anon-node-04,g0127_feynman_test_7,ok,budget_exhausted_with_output,budget_exhausted_with_output,True,True,3905.838,2.5809910489781146e-32,2.533777094484627e-32,2.5199648802650844e-32,1.2866185233799977e-32,1.0,1.0,True,True,sqrt(8*pi*x0*x1/3 - x2*x3**2/x4**2),sqrt(8*pi*x0*x1/3 - x2*x3**2/x4**2),x0;x1;x2;x3;x4,add;mul;pi;pow,17.0,5.0,5,G;rho;alpha;c;d,target,True,deepinfra/meta-llama/Meta-Llama-3.1-8B-Instruct,/home/anonymous/projects/scientific-intelligent-modelling/exp-planning/02.E1选择验证/llm_configs/benchmark_llm_deepinfra_llama31_8b.config,"Calculate the Hubble parameter given the gravitational constant, density, curvature constant, speed of light, and scale factor.",/home/anonymous/projects/scientific-intelligent-modelling/experiments/semantic200_llm_physics_v2_4host_seed1314_20260429-205250/drsr/anon-node-04/drsr/g0127_feynman_test_7/result.json
g0128,feynman_test_4,drsr,1314,anon-node-05,g0128_feynman_test_4,ok,completed,not_timeout,False,False,3615.533,0.0019807562603938304,0.001941082817162687,0.002015161072195058,0.01650531852824498,0.9328857307378711,0.8405354017677564,True,True,c0 + c1*sqrt(x1 - x2)/x0 + c2*x3/(x0*x4),1.450790036407946 + 1.0378554924714904*sqrt(x1 - x2)/x0 + -0.36310149953386195*x3/(x0*x4),x0;x1;x2;x3;x4,add;mul;pow,23.0,6.0,5,m;E_n;U;L;r,target,True,deepinfra/meta-llama/Meta-Llama-3.1-8B-Instruct-Turbo,/home/anonymous/projects/scientific-intelligent-modelling/exp-planning/02.E1选择验证/llm_configs/benchmark_llm_deepinfra_llama31_8b_turbo.config,"Calculate the velocity given mass, total energy, potential energy, angular momentum, and radius.",/home/anonymous/projects/scientific-intelligent-modelling/experiments/semantic200_llm_physics_v2_4host_seed1314_20260429-205250/drsr/anon-node-05/drsr/g0128_feynman_test_4/result.json
g0129,Korns-5,drsr,1314,anon-node-02,g0129_Korns-5,ok,budget_exhausted_with_output,budget_exhausted_with_output,True,True,3900.888,0.010861613218235816,0.03223802922567437,0.03044913940458318,0.02948104353963039,0.5484348835387232,0.3218092941308135,True,True,c0 + c1*x0 + c2*x1 + c3*x2 + c4*x3 + c5*x4 + c6*x0**2 + c7*x1**2 + c8*x4**2 + c9*x0*x4,7.177427909658906 + 0.0014673284673038197*x0 + 0.0014162378234631493*x1 + 0.0067745953983852645*x2 + 0.00509427760619755*x3 + 0.004787173207345045*x4 + 0.00011784491554212785*x0**2 + 0.00013619121931528135*x1**2 + 0.002245669238920522*x4**2 + 0.00025337856555199083*x0*x4,x0;x1;x2;x3;x4,add;mul;pow,36.0,4.0,5,x1;x2;x3;x4;x5,target,True,deepinfra/meta-llama/Meta-Llama-3.1-8B-Instruct,/home/anonymous/projects/scientific-intelligent-modelling/exp-planning/02.E1选择验证/llm_configs/benchmark_llm_deepinfra_llama31_8b.config,This is an abstract symbolic regression problem.,/home/anonymous/projects/scientific-intelligent-modelling/experiments/semantic200_llm_physics_v2_4host_seed1314_20260429-205250/drsr/anon-node-02/drsr/g0129_Korns-5/result.json
g0130,Keijzer-10,drsr,1314,anon-node-03,g0130_Keijzer-10,ok,completed,not_timeout,False,False,3611.17,0.001584650452799484,0.004283990230036307,0.0040272127972266775,0.004159368518052658,0.9692750128280705,0.9727941537893389,True,,,,,,,,2,x1;x2,target,True,deepinfra/meta-llama/Meta-Llama-3.1-8B-Instruct-Turbo,/home/anonymous/projects/scientific-intelligent-modelling/exp-planning/02.E1选择验证/llm_configs/benchmark_llm_deepinfra_llama31_8b_turbo.config,This is an abstract symbolic regression problem.,/home/anonymous/projects/scientific-intelligent-modelling/experiments/semantic200_llm_physics_v2_4host_seed1314_20260429-205250/drsr/anon-node-03/drsr/g0130_Keijzer-10/result.json
g0131,II.6.15b_3_0,drsr,1314,anon-node-04,g0131_II.6.15b_3_0,ok,completed,not_timeout,False,False,3615.609,0.26008551184257006,0.2884925194869183,0.25759303205653783,10.015753598961714,0.05514094607404496,-56.304480822091,True,True,c0 + c1*x0/(4*pi*x1*x2*sin(x3)),1.2598424905410626 + 37.487646128540334*x0/(4*pi*x1*x2*sin(x3)),x0;x1;x2;x3,add;mul;pi;pow;sin,19.0,5.0,4,Ef;epsilon;p_d;theta,r,True,deepinfra/meta-llama/Meta-Llama-3.1-8B-Instruct,/home/anonymous/projects/scientific-intelligent-modelling/exp-planning/02.E1选择验证/llm_configs/benchmark_llm_deepinfra_llama31_8b.config,"Calculate the distance from the dipole to the point where the electric field is being measured given the electric field, the electric constant or permittivity of the medium, the dipole moment and the angle between the di",/home/anonymous/projects/scientific-intelligent-modelling/experiments/semantic200_llm_physics_v2_4host_seed1314_20260429-205250/drsr/anon-node-04/drsr/g0131_II.6.15b_3_0/result.json
g0132,CRK19,drsr,1314,anon-node-05,g0132_CRK19,ok,budget_exhausted_with_output,budget_exhausted_with_output,True,True,3901.121,8.076992679804783e-08,9.318301212140764e-08,7.297987456169997e-08,3.7170928001452946e-06,0.9999998757834834,0.998323959208209,True,True,c0 + c1*x0 + c2*x0**2 + c3*x0**3 + c4*x1 + c5*x1**2 + c6*x0*x1 + c7*exp(c8*x0) + c9*x1**3,0.2786515062138032 + 0.0021423190952435745*x0 + -1.2595616517362304e-05*x0**2 + 1.9979892561000657e-08*x0**3 + -0.0809996083134328*x1 + -0.12448647054883058*x1**2 + 0.0004122724218589154*x0*x1 + -0.007789611387750245*exp(-0.5425462823165375*x0) + 0.0013430503829090481*x1**3,x0;x1,add;exp;mul;pow,38.0,5.0,2,t;A,dA_dt,True,deepinfra/meta-llama/Meta-Llama-3.1-8B-Instruct-Turbo,/home/anonymous/projects/scientific-intelligent-modelling/exp-planning/02.E1选择验证/llm_configs/benchmark_llm_deepinfra_llama31_8b_turbo.config,Calculate Rate of change of concentration in chemistry reaction kinetics given Time and Concentration at time t,/home/anonymous/projects/scientific-intelligent-modelling/experiments/semantic200_llm_physics_v2_4host_seed1314_20260429-205250/drsr/anon-node-05/drsr/g0132_CRK19/result.json
g0133,feynman_III_10_19,drsr,1314,anon-node-02,g0133_feynman_III_10_19,ok,budget_exhausted_with_output,budget_exhausted_with_output,True,True,3903.811,5.873296913168867e-26,5.872994452498146e-26,5.873651847221333e-26,5.873484901354465e-26,1.0,1.0,True,True,0.5*c0*x0*sqrt(x1**2 + x2**2 + x3**2),0.5*1.9999999999995153*x0*sqrt(x1**2 + x2**2 + x3**2),x0;x1;x2;x3,add;mul;pow,16.0,5.0,4,mom;Bx;By;Bz,target,True,deepinfra/meta-llama/Meta-Llama-3.1-8B-Instruct,/home/anonymous/projects/scientific-intelligent-modelling/exp-planning/02.E1选择验证/llm_configs/benchmark_llm_deepinfra_llama31_8b.config,Calculate the magnetic energy given the magnetic moment and the components of the magnetic field vector.,/home/anonymous/projects/scientific-intelligent-modelling/experiments/semantic200_llm_physics_v2_4host_seed1314_20260429-205250/drsr/anon-node-02/drsr/g0133_feynman_III_10_19/result.json
g0134,Korns-11,drsr,1314,anon-node-03,g0134_Korns-11,ok,budget_exhausted_with_output,budget_exhausted_with_output,True,True,3900.874,0.4218608394534842,0.8801022258130422,0.5730477073598808,0.7862468633082881,-0.16200737554848965,-0.4009347510071011,True,True,c0 + c1*x0 + c2*x1 + c3*x2**2 + c4*x3 + c5*x4 + c6*x0**2 + c7*x0*x1 + c8*x0*x2 + c9*x0*x4,6.030091574519347 + -0.06765913045288216*x0 + -0.0740953303736241*x1 + -2.5495526442757255e-05*x2**2 + 0.011666751360392748*x3 + -0.03447290460647874*x4 + 0.0011611080448571463*x0**2 + -0.0020706487789487666*x0*x1 + 0.0012176035660531252*x0*x2 + -0.0011346233139884433*x0*x4,x0;x1;x2;x3;x4,add;mul;pow,36.0,4.0,5,x1;x2;x3;x4;x5,target,True,deepinfra/meta-llama/Meta-Llama-3.1-8B-Instruct-Turbo,/home/anonymous/projects/scientific-intelligent-modelling/exp-planning/02.E1选择验证/llm_configs/benchmark_llm_deepinfra_llama31_8b_turbo.config,This is an abstract symbolic regression problem.,/home/anonymous/projects/scientific-intelligent-modelling/experiments/semantic200_llm_physics_v2_4host_seed1314_20260429-205250/drsr/anon-node-03/drsr/g0134_Korns-11/result.json
g0135,Korns-12,drsr,1314,anon-node-04,g0135_Korns-12,ok,budget_exhausted_with_output,budget_exhausted_with_output,True,True,3903.742,0.18704191564112616,0.36404374906026127,0.2932080644017272,0.3321931507827924,-0.320845342935284,-0.5770344845081117,True,True,c0 + c1*x0 + c2*x1**2 + c3*x2 + c4*x3**2 + c5*x4 + c6*x0*x1 + c7*x0*x2 + c8*x0*x3 + c9*x1*x2,2.399742381750933 + 0.0044966529361070975*x0 + -0.00031445884495064595*x1**2 + -0.002589548761479852*x2 + -0.00016151865216337778*x3**2 + -0.004752148992938377*x4 + -0.00017833196759080525*x0*x1 + -1.1529949895081801e-06*x0*x2 + -0.0002044836309348555*x0*x3 + -0.00039204236360693145*x1*x2,x0;x1;x2;x3;x4,add;mul;pow,37.0,4.0,5,x1;x2;x3;x4;x5,target,True,deepinfra/meta-llama/Meta-Llama-3.1-8B-Instruct,/home/anonymous/projects/scientific-intelligent-modelling/exp-planning/02.E1选择验证/llm_configs/benchmark_llm_deepinfra_llama31_8b.config,This is an abstract symbolic regression problem.,/home/anonymous/projects/scientific-intelligent-modelling/experiments/semantic200_llm_physics_v2_4host_seed1314_20260429-205250/drsr/anon-node-04/drsr/g0135_Korns-12/result.json
g0136,I.24.6_3_1,drsr,1314,anon-node-05,g0136_I.24.6_3_1,ok,completed,not_timeout,False,False,3619.884,0.029889322813714148,0.02991293482348557,0.029764107684574735,0.45126705087810587,0.8247057174985923,-0.20364446122442525,True,True,c0 + c1*x0**2/(x1*(x2**2 + x3**2)) + c2*sin(x2*x3) + c3*x0*x3,2.0965646688468498 + 0.005013262923915803*x0**2/(x1*(x2**2 + x3**2)) + 0.21617667766663373*sin(x2*x3) + 0.0027937282606276966*x0*x3,x0;x1;x2;x3,add;mul;pow;sin,29.0,6.0,4,E_n;m;omega;omega_0,x,True,deepinfra/meta-llama/Meta-Llama-3.1-8B-Instruct-Turbo,/home/anonymous/projects/scientific-intelligent-modelling/exp-planning/02.E1选择验证/llm_configs/benchmark_llm_deepinfra_llama31_8b_turbo.config,"Calculate the displacement from the equilibrium position given the quantum mechanical energy of the nth state, the mass of the object, the angular frequency of the perturbation and the natural angular frequency",/home/anonymous/projects/scientific-intelligent-modelling/experiments/semantic200_llm_physics_v2_4host_seed1314_20260429-205250/drsr/anon-node-05/drsr/g0136_I.24.6_3_1/result.json
g0137,feynman_I_24_6,drsr,1314,anon-node-02,g0137_feynman_I_24_6,ok,budget_exhausted_with_output,budget_exhausted_with_output,True,True,3903.382,0.01498322127471325,0.014627170588215657,0.015138595288073216,0.06856740371213153,0.9588089832514528,0.8953702001270162,True,True,c0 + c1*x0 + c2*x1**2 + c3*x2**2 + c4*x3**2 + c5*x0*x1**2 + c6*x0*x2**2 + c7*x0*x3**2 + c8*x1**2*x2**2 + c9*x1**2*x3**2,9.319659979888494 + -9.301310435855683*x0 + -2.1868489111716922*x1**2 + 0.0054149704670106765*x2**2 + -2.162342737110176*x3**2 + 1.0821522289744454*x0*x1**2 + 1.0763416840899174*x0*x2**2 + 2.153258148716575*x0*x3**2 + 0.0031224048365021957*x1**2*x2**2 + 0.5031307141312311*x1**2*x3**2,x0;x1;x2;x3,add;mul;pow,54.0,4.0,4,m;omega;omega_0;x,target,True,deepinfra/meta-llama/Meta-Llama-3.1-8B-Instruct,/home/anonymous/projects/scientific-intelligent-modelling/exp-planning/02.E1选择验证/llm_configs/benchmark_llm_deepinfra_llama31_8b.config,"Calculate the energy given the mass, angular frequency, natural frequency, and displacement.",/home/anonymous/projects/scientific-intelligent-modelling/experiments/semantic200_llm_physics_v2_4host_seed1314_20260429-205250/drsr/anon-node-02/drsr/g0137_feynman_I_24_6/result.json
g0138,I.50.26_0_0,drsr,1314,anon-node-03,g0138_I.50.26_0_0,ok,budget_exhausted_with_output,budget_exhausted_with_output,True,True,3903.355,0.9999569331519328,1.057895352196481,1.0000190217269727,5.838727215018874,-6.855495072621842e-05,-5.074240436835139,True,True,c0 + c1*x0**2 + c2*sin(x1*x2) + c3*x3 + c4*x3**2,0.10828676786784763 + 4.233476535718159*x0**2 + 0.5686331582945283*sin(x1*x2) + 0.4552011903761275*x3 + -0.7586979457199061*x3**2,x0;x1;x2;x3,add;mul;pow;sin,21.0,5.0,4,x;omega;t;alpha,x1,True,deepinfra/meta-llama/Meta-Llama-3.1-8B-Instruct-Turbo,/home/anonymous/projects/scientific-intelligent-modelling/exp-planning/02.E1选择验证/llm_configs/benchmark_llm_deepinfra_llama31_8b_turbo.config,"Calculate the initial amplitude given the resulting displacement, the angular frequency, the time and the non-linearity coefficient",/home/anonymous/projects/scientific-intelligent-modelling/experiments/semantic200_llm_physics_v2_4host_seed1314_20260429-205250/drsr/anon-node-03/drsr/g0138_I.50.26_0_0/result.json
g0139,II.36.38_0_0,drsr,1314,anon-node-04,g0139_II.36.38_0_0,ok,budget_exhausted_with_output,budget_exhausted_with_output,True,True,3907.252,0.9998980810789492,1.0065356227989886,1.0001238090048028,1.0126956779050866,-0.0002727216174329694,-0.013525598858545429,True,True,c0 + c1*x0 + c2*x0**2*x1 + c3*x0**2*x2 + c4*x0**2*x3 + c5*x0**2*x4 + c6*x0**2*x5 + c7*x0**2*x6 + c8*x0**2*x7,-0.7172652855936834 + 0.9094095393570154*x0 + 0.9796143102552702*x0**2*x1 + -1.3059338444201152*x0**2*x2 + 0.3640950185819281*x0**2*x3 + 0.8925942913069239*x0**2*x4 + -0.8988451838945963*x0**2*x5 + 0.23560927474604684*x0**2*x6 + 0.16761947609589076*x0**2*x7,x0;x1;x2;x3;x4;x5;x6;x7,add;mul;pow,47.0,4.0,8,f;H;kb;T;alpha;epsilon;c;M,mom,True,deepinfra/meta-llama/Meta-Llama-3.1-8B-Instruct,/home/anonymous/projects/scientific-intelligent-modelling/exp-planning/02.E1选择验证/llm_configs/benchmark_llm_deepinfra_llama31_8b.config,"Calculate the momentum of an object or particle given the resultant value of the function, the magnetic field strength, the Boltzmann constant, the temperature in Kelvin, the polarizability of a medium or molecule, the e",/home/anonymous/projects/scientific-intelligent-modelling/experiments/semantic200_llm_physics_v2_4host_seed1314_20260429-205250/drsr/anon-node-04/drsr/g0139_II.36.38_0_0/result.json
g0140,Korns-9,drsr,1314,anon-node-05,g0140_Korns-9,ok,budget_exhausted_with_output,budget_exhausted_with_output,True,True,3900.878,0.08212573075186838,0.0457613569496408,0.7896005972438563,0.999679891057004,0.19181955108377857,-0.0008091545470509942,True,True,c0 + c1*sin(c2*x0) + c3*cos(c4*x1) + c5*exp(c6*x2) + c7*x3 + c8*(0.5*x1 + x4),0.2571564633485208 + 0.8192739643916152*sin(-0.07290484146845455*x0) + 0.009973746930681315*cos(0.16040825960396687*x1) + 0.3688754737420368*exp(0.9536568181415996*x2) + 0.18689434961879248*x3 + 0.7796779041581443*(0.5*x1 + x4),x0;x1;x2;x3;x4,add;cos;exp;mul;sin,30.0,5.0,5,x1;x2;x3;x4;x5,target,True,deepinfra/meta-llama/Meta-Llama-3.1-8B-Instruct-Turbo,/home/anonymous/projects/scientific-intelligent-modelling/exp-planning/02.E1选择验证/llm_configs/benchmark_llm_deepinfra_llama31_8b_turbo.config,This is an abstract symbolic regression problem.,/home/anonymous/projects/scientific-intelligent-modelling/experiments/semantic200_llm_physics_v2_4host_seed1314_20260429-205250/drsr/anon-node-05/drsr/g0140_Korns-9/result.json
g0141,Keijzer-15,drsr,1314,anon-node-02,g0141_Keijzer-15,ok,budget_exhausted_with_output,budget_exhausted_with_output,True,True,3901.329,7.984638948527795e-24,4.922993733623293e-23,1.5794024088411724e-23,1.874867633540507e-23,1.0,1.0,True,True,c0 + c1*x0 + c2*x1 + c3*x0**2 + c4*x1**2 + c5*x0**3 + c6*x1**3 + c7*x0*x1,3.61946454965617e-14 + -0.9999999999992139*x0 + -0.999999999988254*x1 + 5.752511485293654e-13*x0**2 + -1.6550568713503584e-13*x1**2 + 0.19999999999953627*x0**3 + 0.49999999999706773*x1**3 + 5.896673708305716e-13*x0*x1,x0;x1,add;mul;pow,32.0,4.0,2,x1;x2,target,True,deepinfra/meta-llama/Meta-Llama-3.1-8B-Instruct,/home/anonymous/projects/scientific-intelligent-modelling/exp-planning/02.E1选择验证/llm_configs/benchmark_llm_deepinfra_llama31_8b.config,This is an abstract symbolic regression problem.,/home/anonymous/projects/scientific-intelligent-modelling/experiments/semantic200_llm_physics_v2_4host_seed1314_20260429-205250/drsr/anon-node-02/drsr/g0141_Keijzer-15/result.json
g0142,BPG10,drsr,1314,anon-node-03,g0142_BPG10,ok,budget_exhausted_with_output,budget_exhausted_with_output,True,True,3900.87,3.1621763334472614e-12,3.051812517729567e-12,3.200367709780971e-12,3.0474551518231974e-10,0.9999999999947856,0.9999999894231237,True,True,c0 + c1*exp(c2*x0) + c3*x0**2 + c4*x1 + c5*x0*x1,0.224720271640943 + -0.13103571184540078*exp(-0.0507636868076648*x0) + 0.00016509104910565565*x0**2 + 0.10168339429834575*x1 + -7.853698827330314e-06*x0*x1,x0;x1,add;exp;mul;pow,20.0,5.0,2,t;P,dP_dt,True,deepinfra/meta-llama/Meta-Llama-3.1-8B-Instruct-Turbo,/home/anonymous/projects/scientific-intelligent-modelling/exp-planning/02.E1选择验证/llm_configs/benchmark_llm_deepinfra_llama31_8b_turbo.config,Calculate Population growth rate given Time and Population at time t,/home/anonymous/projects/scientific-intelligent-modelling/experiments/semantic200_llm_physics_v2_4host_seed1314_20260429-205250/drsr/anon-node-03/drsr/g0142_BPG10/result.json
g0143,MatSci8,drsr,1314,anon-node-04,g0143_MatSci8,ok,budget_exhausted_with_output,budget_exhausted_with_output,True,True,3904.407,5.9285987147390084e-08,5.082624355067187e-08,6.301805067454826e-08,4.757269757614484e-07,0.9999998755020877,0.999889749595626,True,True,c0 + c1*x0 + c2*x1 + c3*x0**2 + c4*x1**2 + c5*x0*x1 + c6*x0**2*x1 + c7*x0*x1**2 + c8*exp(c9*x0),77.05617816458057 + -78.37178844467655*x0 + -18.862487567208007*x1 + -93.97028644367408*x0**2 + 0.06607570559749297*x1**2 + -50.12123113427061*x0*x1 + -36.03425660755834*x0**2*x1 + 0.0730117357400388*x0*x1**2 + 147.48575508405116*exp(-3.555912120956567*x0),x0;x1,add;exp;mul;pow,40.0,5.0,2,epsilon;T,sigma,True,deepinfra/meta-llama/Meta-Llama-3.1-8B-Instruct,/home/anonymous/projects/scientific-intelligent-modelling/exp-planning/02.E1选择验证/llm_configs/benchmark_llm_deepinfra_llama31_8b.config,Calculate Stress given Strain and Temperature,/home/anonymous/projects/scientific-intelligent-modelling/experiments/semantic200_llm_physics_v2_4host_seed1314_20260429-205250/drsr/anon-node-04/drsr/g0143_MatSci8/result.json
g0144,Nguyen-8,drsr,1314,anon-node-05,g0144_Nguyen-8,ok,budget_exhausted_with_output,budget_exhausted_with_output,True,True,3900.893,6.718271817022862e-10,2.248742974887711e-10,2.675064167600193e-09,4.123478047726698e-08,0.9999999776489757,0.9997863358429613,True,True,c0 + c1*x0 + c2*x0**2 + c3*sin(x0)**2 + c4*cos(x0)**2 + c5*x0**3 + c6*x0**4 + c7*sin(x0)/(c8 + Abs(x0)) + c9*cos(x0),0.053585617681712626 + 0.3476367204289193*x0 + 0.1954807691784097*x0**2 + 0.021784730394368287*sin(x0)**2 + 0.03317072479904748*cos(x0)**2 + -0.05052364069349255*x0**3 + 0.003091632070751438*x0**4 + 0.6407319447272687*sin(x0)/(0.3910683172799066 + Abs(x0)) + 0.0703579261900033*cos(x0),x0,abs;add;cos;mul;pow;sin,46.0,6.0,1,x1,target,True,deepinfra/meta-llama/Meta-Llama-3.1-8B-Instruct-Turbo,/home/anonymous/projects/scientific-intelligent-modelling/exp-planning/02.E1选择验证/llm_configs/benchmark_llm_deepinfra_llama31_8b_turbo.config,This is an abstract symbolic regression problem.,/home/anonymous/projects/scientific-intelligent-modelling/experiments/semantic200_llm_physics_v2_4host_seed1314_20260429-205250/drsr/anon-node-05/drsr/g0144_Nguyen-8/result.json
g0145,first_principles_rydberg,drsr,1314,anon-node-02,g0145_first_principles_rydberg,ok,budget_exhausted_with_output,budget_exhausted_with_output,True,True,3900.844,0.00037635604726378056,0.0006897599587482182,0.0002882411842484008,0.0006062271466892816,0.8607186136611661,0.9799116358007189,True,True,c0 + c1*x0 + c2*x1,-16.417475391253582 + 1.0098373836387857*x0 + -0.08278649834736984*x1,x0;x1,add;mul,8.0,3.0,2,n_1;n_2,target,True,deepinfra/meta-llama/Meta-Llama-3.1-8B-Instruct,/home/anonymous/projects/scientific-intelligent-modelling/exp-planning/02.E1选择验证/llm_configs/benchmark_llm_deepinfra_llama31_8b.config,"The Rydberg formula is a model for the energy levels of an electron in a hydrogen atom. Data was synthetically generated using the Rydberg formula, with a range of parameters using the scripts in the publication reposito",/home/anonymous/projects/scientific-intelligent-modelling/experiments/semantic200_llm_physics_v2_4host_seed1314_20260429-205250/drsr/anon-node-02/drsr/g0145_first_principles_rydberg/result.json
g0146,CRK17,drsr,1314,anon-node-03,g0146_CRK17,ok,budget_exhausted_with_output,budget_exhausted_with_output,True,True,3900.826,3.843828294387311e-07,4.004286259099679e-07,3.5432595782286585e-07,3.2884573727357687e-06,0.9999993321659145,0.997979069306501,True,True,c0 + c1*x0**2 + c2*x1**2 + c3*x0*x1 + c4*exp(c5*x0) + c6/(exp(c7*x0) + 1),0.021530300010396793 + 0.0001380037287882555*x0**2 + -0.0005259015326378114*x1**2 + -0.00014819195813630122*x0*x1 + -0.3930426052982927*exp(-0.7967438724886243*x0) + -0.18713700336257763/(exp(0.3480654451221524*x0) + 1),x0;x1,add;exp;mul;pow,32.0,7.0,2,t;A,dA_dt,True,deepinfra/meta-llama/Meta-Llama-3.1-8B-Instruct-Turbo,/home/anonymous/projects/scientific-intelligent-modelling/exp-planning/02.E1选择验证/llm_configs/benchmark_llm_deepinfra_llama31_8b_turbo.config,Calculate Rate of change of concentration in chemistry reaction kinetics given Time and Concentration at time t,/home/anonymous/projects/scientific-intelligent-modelling/experiments/semantic200_llm_physics_v2_4host_seed1314_20260429-205250/drsr/anon-node-03/drsr/g0146_CRK17/result.json
g0147,MatSci25,drsr,1314,anon-node-04,g0147_MatSci25,ok,budget_exhausted_with_output,budget_exhausted_with_output,True,True,3902.262,0.0003043383391623473,0.00031043660362080284,0.0003254931443692989,0.0003333948140741782,0.998682850332417,0.8378652743958119,True,True,c0 + c1*x0 + c2*x1 + c3*x0**2 + c4*x1**2 + c5*x0*x1 + c6*sin(x0) + c7*sin(x1) + c8*cos(x0) + c9*cos(x1),-103.14321045328877 + 63.33660718800912*x0 + -172.67520587329892*x1 + 53.65893194491859*x0**2 + 0.6324965233065059*x1**2 + -316.2571719153029*x0*x1 + 25.881673900096043*sin(x0) + -1.06994940122424*sin(x1) + 104.27805124945343*cos(x0) + 0.3403758615841912*cos(x1),x0;x1,add;cos;mul;pow;sin,38.0,4.0,2,epsilon;T,sigma,True,deepinfra/meta-llama/Meta-Llama-3.1-8B-Instruct,/home/anonymous/projects/scientific-intelligent-modelling/exp-planning/02.E1选择验证/llm_configs/benchmark_llm_deepinfra_llama31_8b.config,Calculate Stress given Strain and Temperature,/home/anonymous/projects/scientific-intelligent-modelling/experiments/semantic200_llm_physics_v2_4host_seed1314_20260429-205250/drsr/anon-node-04/drsr/g0147_MatSci25/result.json
g0148,MatSci11,drsr,1314,anon-node-05,g0148_MatSci11,ok,budget_exhausted_with_output,budget_exhausted_with_output,True,True,3900.99,6.890512771850763e-06,7.526780419557303e-06,6.707329943269646e-06,4.2275067157323753e-05,0.9999865332885876,0.9968054422463044,True,True,c0 + c1*x0 + c2*x1 + c3*exp(c4*x0) + c5*x1**2 + c6*x0**2*x1 + c7*x0**3,-426.2534925648714 + 641.9765806009681*x0 + 3.989844968356915*x1 + 3.8841846971346583*exp(6.918148082948962*x0) + -0.008887850165694851*x1**2 + 3.9492930589878124*x0**2*x1 + 190.80869148354083*x0**3,x0;x1,add;exp;mul;pow,30.0,5.0,2,epsilon;T,sigma,True,deepinfra/meta-llama/Meta-Llama-3.1-8B-Instruct-Turbo,/home/anonymous/projects/scientific-intelligent-modelling/exp-planning/02.E1选择验证/llm_configs/benchmark_llm_deepinfra_llama31_8b_turbo.config,Calculate Stress given Strain and Temperature,/home/anonymous/projects/scientific-intelligent-modelling/experiments/semantic200_llm_physics_v2_4host_seed1314_20260429-205250/drsr/anon-node-05/drsr/g0148_MatSci11/result.json
g0149,PO32,drsr,1314,anon-node-02,g0149_PO32,ok,budget_exhausted_with_output,budget_exhausted_with_output,True,True,3900.935,0.060869446214231876,0.05330775089778482,0.054941893644041916,0.024282155959911927,0.9450551987862729,0.975371769880406,True,True,c0 + c1*x0 + c2*x1 + c3*x2 + c4*x0*x1 + c5*x1*x2 + c6*sin(x0) + c7*cos(x1),0.11987443556206456 + -19.498110760878852*x0 + -0.0049941694104389*x1 + -0.06561343446884935*x2 + 0.011626582969049384*x0*x1 + -0.002516626322895781*x1*x2 + 20.04658430772046*sin(x0) + 0.13343467147777488*cos(x1),x0;x1;x2,add;cos;mul;sin,27.0,4.0,3,x;t;v,dv_dt,True,deepinfra/meta-llama/Meta-Llama-3.1-8B-Instruct,/home/anonymous/projects/scientific-intelligent-modelling/exp-planning/02.E1选择验证/llm_configs/benchmark_llm_deepinfra_llama31_8b.config,"Calculate Acceleration in Non-linear Harmonic Oscillator given Position at time t, Time and Velocity at time t",/home/anonymous/projects/scientific-intelligent-modelling/experiments/semantic200_llm_physics_v2_4host_seed1314_20260429-205250/drsr/anon-node-02/drsr/g0149_PO32/result.json
g0150,CRK28,drsr,1314,anon-node-03,g0150_CRK28,ok,budget_exhausted_with_output,budget_exhausted_with_output,True,True,3900.876,2.5947780762270106e-06,2.885897505741744e-06,2.581400234043616e-06,0.00022645971821747273,0.9999208857026703,-1.9206699612281124,True,True,c0 + c1*x0 + c2*x1 + c3*x0**2 + c4*x1**2 + c5*x0*x1 + c6*exp(-c7*x0) + c8*exp(-c9*x1),-0.5052465295472346 + 0.006413853832845964*x0 + 0.08952099411646705*x1 + -0.00020432608487334*x0**2 + -0.06558069027334809*x1**2 + 0.0059842137953234655*x0*x1 + -0.020504048541823455*exp(-1.0508260114352996*x0) + 1.0235553008012372*exp(-0.549175170586647*x1),x0;x1,add;exp;mul;pow,36.0,5.0,2,t;A,dA_dt,True,deepinfra/meta-llama/Meta-Llama-3.1-8B-Instruct-Turbo,/home/anonymous/projects/scientific-intelligent-modelling/exp-planning/02.E1选择验证/llm_configs/benchmark_llm_deepinfra_llama31_8b_turbo.config,Calculate Rate of change of concentration in chemistry reaction kinetics given Time and Concentration at time t,/home/anonymous/projects/scientific-intelligent-modelling/experiments/semantic200_llm_physics_v2_4host_seed1314_20260429-205250/drsr/anon-node-03/drsr/g0150_CRK28/result.json
g0151,MatSci3,drsr,1314,anon-node-04,g0151_MatSci3,ok,budget_exhausted_with_output,budget_exhausted_with_output,True,True,3901.931,0.0021428844855993314,0.002102979668103446,0.002050690033062121,0.008653854116983864,0.9875797356937458,-0.06810893098512394,True,True,c0 + c1*x0 + c2*x0**2 + c3*x1 + c4*x1**2 + c5*x0*x1 + c6*x0**3 + c7*x1**3 + c8*x0**2*x1 + c9*x0*x1**2,-649.8347960595793 + -818.4027017315815*x0 + 15.17860699123064*x0**2 + -17.72140391467461*x1 + 11.689469819546785*x1**2 + 36.27816161702748*x0*x1 + 0.8819957386930646*x0**3 + -0.042547052190244676*x1**3 + 138.4724898388168*x0**2*x1 + 20.999917434241855*x0*x1**2,x0;x1,add;mul;pow,44.0,4.0,2,epsilon;T,sigma,True,deepinfra/meta-llama/Meta-Llama-3.1-8B-Instruct,/home/anonymous/projects/scientific-intelligent-modelling/exp-planning/02.E1选择验证/llm_configs/benchmark_llm_deepinfra_llama31_8b.config,Calculate Stress given Strain and Temperature,/home/anonymous/projects/scientific-intelligent-modelling/experiments/semantic200_llm_physics_v2_4host_seed1314_20260429-205250/drsr/anon-node-04/drsr/g0151_MatSci3/result.json
g0152,first_principles_tully_fisher,drsr,1314,anon-node-05,g0152_first_principles_tully_fisher,ok,budget_exhausted_with_output,budget_exhausted_with_output,True,True,3900.771,0.0003520071506868081,0.0004585158196408982,0.0002142240113040757,8.91047540501471e-05,0.9776969284274752,0.9935422295935712,True,True,"c0 + c1*power(x0, c2)","-27.96970488846502 + 45.20634560136517*power(x0, -0.2847705025820231)",x0,add;mul;power,7.0,4.0,1,DV,target,True,deepinfra/meta-llama/Meta-Llama-3.1-8B-Instruct-Turbo,/home/anonymous/projects/scientific-intelligent-modelling/exp-planning/02.E1选择验证/llm_configs/benchmark_llm_deepinfra_llama31_8b_turbo.config,"The Tully-Fisher relation is an empirical correlation between the luminosity of a spiral galaxy and its rotational velocity, named after astronomers Richard Tully and J. Richard Fisher, who first proposed it in 1977, bas",/home/anonymous/projects/scientific-intelligent-modelling/experiments/semantic200_llm_physics_v2_4host_seed1314_20260429-205250/drsr/anon-node-05/drsr/g0152_first_principles_tully_fisher/result.json
g0153,MatSci21,drsr,1314,anon-node-02,g0153_MatSci21,ok,budget_exhausted_with_output,budget_exhausted_with_output,True,True,3901.152,0.00010334747571412671,0.00010079462141240145,9.749306056955207e-05,0.00027518955140945164,0.9999020587030003,0.9897351237390832,True,True,c0 + c1*x0 + c2*x1 + c3*x0**2 + c4*x0**3 + c5*x0**4 + c6*x1**3 + c7*x0*x1,-237.519657016846 + -407.7665927503439*x0 + 0.8064246597202365*x1 + -87.76780216249801*x0**2 + 708.8098593440508*x0**3 + 1346.3093228263724*x0**4 + 9.285441650210595e-07*x1**3 + -0.7523027121921482*x0*x1,x0;x1,add;mul;pow,32.0,4.0,2,epsilon;T,sigma,True,deepinfra/meta-llama/Meta-Llama-3.1-8B-Instruct,/home/anonymous/projects/scientific-intelligent-modelling/exp-planning/02.E1选择验证/llm_configs/benchmark_llm_deepinfra_llama31_8b.config,Calculate Stress given Strain and Temperature,/home/anonymous/projects/scientific-intelligent-modelling/experiments/semantic200_llm_physics_v2_4host_seed1314_20260429-205250/drsr/anon-node-02/drsr/g0153_MatSci21/result.json
g0154,first_principles_leavitt,drsr,1314,anon-node-03,g0154_first_principles_leavitt,ok,completed,not_timeout,False,False,3610.809,7.42924660887333e-05,0.0003697258443694813,0.00027002487602552757,0.00014674720482988962,0.7723079642058677,0.9903131550863097,True,True,c0 + c1*x0 + c2*sin(c3*x0) + c4*exp(c5*x0),5.982489232928819 + -3.5483167936285582*x0 + 0.6916081142959644*sin(2.2470815790910197*x0) + 8.904584980727199*exp(0.18393418066395684*x0),x0,add;exp;mul;sin,17.0,5.0,1,logP,target,True,deepinfra/meta-llama/Meta-Llama-3.1-8B-Instruct-Turbo,/home/anonymous/projects/scientific-intelligent-modelling/exp-planning/02.E1选择验证/llm_configs/benchmark_llm_deepinfra_llama31_8b_turbo.config,The Leavitt dataset models the relationship between the luminosity of a star and its period. The dataset is based on the Leavitt Law. The data was taken from 1912 paper by Leavitt. y-axis is magnitude at maxima and minim,/home/anonymous/projects/scientific-intelligent-modelling/experiments/semantic200_llm_physics_v2_4host_seed1314_20260429-205250/drsr/anon-node-03/drsr/g0154_first_principles_leavitt/result.json
g0155,PO8,drsr,1314,anon-node-04,g0155_PO8,ok,budget_exhausted_with_output,budget_exhausted_with_output,True,True,3901.636,0.0006342191547088703,0.0006359708577638906,0.0007816842325820583,0.0007099829211799508,0.9992133602349569,0.9992840321999106,True,True,c0 + c1*x0**3 + c2*x1**2 + c3*x2**2 + c4*x0*x1 + c5*x0*x2 + c6*x1*x2 + c7*x0 + c8*x1 + c9*x2,-0.127911475342988 + -0.8759247510711928*x0**3 + -4.297662967112914e-06*x1**2 + -0.3115304215693958*x2**2 + 0.0003047542360859579*x0*x1 + 0.0006753504968065933*x0*x2 + -8.104344474220068e-05*x1*x2 + -0.4080902581706238*x0 + -0.0004542951481067858*x1 + 0.0006904223586819925*x2,x0;x1;x2,add;mul;pow,38.0,4.0,3,x;t;v,dv_dt,True,deepinfra/meta-llama/Meta-Llama-3.1-8B-Instruct,/home/anonymous/projects/scientific-intelligent-modelling/exp-planning/02.E1选择验证/llm_configs/benchmark_llm_deepinfra_llama31_8b.config,"Calculate Acceleration in Non-linear Harmonic Oscillator given Position at time t, Time and Velocity at time t",/home/anonymous/projects/scientific-intelligent-modelling/experiments/semantic200_llm_physics_v2_4host_seed1314_20260429-205250/drsr/anon-node-04/drsr/g0155_PO8/result.json
g0156,Keijzer-12,drsr,1314,anon-node-05,g0156_Keijzer-12,ok,budget_exhausted_with_output,budget_exhausted_with_output,True,True,3901.041,6.158855154887085e-05,0.0036278616271223896,0.00019740866883461607,0.0006586402158206011,0.9996951127183519,0.9982234265286498,True,True,c0 + c1*x0 + c2*x1 + c3*x0**2 + c4*x1**2 + c5*sin(c6*x0) + c7*cos(c8*x0),-78.02789948744586 + -43.05365401664611*x0 + -0.9356326017139818*x1 + 23.92774946100325*x0**2 + 0.4142839393930766*x1**2 + 111.46749807213536*sin(0.38740335514762203*x0) + 78.69005567883416*cos(0.7940235703992459*x0),x0;x1,add;cos;mul;pow;sin,30.0,5.0,2,x1;x2,target,True,deepinfra/meta-llama/Meta-Llama-3.1-8B-Instruct-Turbo,/home/anonymous/projects/scientific-intelligent-modelling/exp-planning/02.E1选择验证/llm_configs/benchmark_llm_deepinfra_llama31_8b_turbo.config,This is an abstract symbolic regression problem.,/home/anonymous/projects/scientific-intelligent-modelling/experiments/semantic200_llm_physics_v2_4host_seed1314_20260429-205250/drsr/anon-node-05/drsr/g0156_Keijzer-12/result.json
g0157,PO26,drsr,1314,anon-node-02,g0157_PO26,ok,budget_exhausted_with_output,budget_exhausted_with_output,True,True,3901.161,0.10608615729820987,0.11164553712609726,0.1063622448559187,0.4730074409170714,0.8935704321568916,0.4066485332768781,True,True,c0 + c1*x0 + c2*x1 + c3*x2 + c4*x0**2 + c5*x2**2 + c6*x0*x2 + c7*x0*x1 + c8*x1**2 + c9*x0**3,0.06440892089038337 + 0.28055757885252186*x0 + -0.02374854008567189*x1 + -0.03307634764949787*x2 + 0.14143584394175102*x0**2 + 0.7854588071549998*x2**2 + -0.00801607236916749*x0*x2 + -0.027939062034145062*x0*x1 + 0.00046911142159419643*x1**2 + -2.9213446805211394*x0**3,x0;x1;x2,add;mul;pow,39.0,4.0,3,x;t;v,dv_dt,True,deepinfra/meta-llama/Meta-Llama-3.1-8B-Instruct,/home/anonymous/projects/scientific-intelligent-modelling/exp-planning/02.E1选择验证/llm_configs/benchmark_llm_deepinfra_llama31_8b.config,"Calculate Acceleration in Non-linear Harmonic Oscillator given Position at time t, Time and Velocity at time t",/home/anonymous/projects/scientific-intelligent-modelling/experiments/semantic200_llm_physics_v2_4host_seed1314_20260429-205250/drsr/anon-node-02/drsr/g0157_PO26/result.json
g0158,PO0,drsr,1314,anon-node-03,g0158_PO0,ok,completed,not_timeout,False,False,3611.841,0.13413605959102662,0.12666554332255986,0.14601186037780486,0.08732619373908565,0.8537059331597352,0.9021264192747455,True,True,c0 + c1*x0 + c2*x1 + c3*x2 + c4*x0**2 + c5*x2**2 + c6*x0*x2 + c7/(x1**2 + 1),0.35307311435262895 + -1.0299278175677336*x0 + 0.00020397943672701937*x1 + 0.027806859362038285*x2 + -0.22056695409208393*x0**2 + -0.28414920650786873*x2**2 + 0.01205826877408961*x0*x2 + 0.6081757781099703/(x1**2 + 1),x0;x1;x2,add;mul;pow,34.0,6.0,3,x;t;v,dv_dt,True,deepinfra/meta-llama/Meta-Llama-3.1-8B-Instruct-Turbo,/home/anonymous/projects/scientific-intelligent-modelling/exp-planning/02.E1选择验证/llm_configs/benchmark_llm_deepinfra_llama31_8b_turbo.config,"Calculate Acceleration in Non-linear Harmonic Oscillator given Position at time t, Time and Velocity at time t",/home/anonymous/projects/scientific-intelligent-modelling/experiments/semantic200_llm_physics_v2_4host_seed1314_20260429-205250/drsr/anon-node-03/drsr/g0158_PO0/result.json
g0159,CRK30,drsr,1314,anon-node-04,g0159_CRK30,ok,completed,not_timeout,False,False,3624.129,0.07833927165780524,0.07671433961152374,0.07729499916143456,0.3589951684454074,0.607324305565739,-1347.8392927537534,True,True,c0 + c1*x0,0.049798757431578584 + -0.0007504349454735098*x0,x0,add;mul,5.0,3.0,2,t;A,dA_dt,True,deepinfra/meta-llama/Meta-Llama-3.1-8B-Instruct,/home/anonymous/projects/scientific-intelligent-modelling/exp-planning/02.E1选择验证/llm_configs/benchmark_llm_deepinfra_llama31_8b.config,Calculate Rate of change of concentration in chemistry reaction kinetics given Time and Concentration at time t,/home/anonymous/projects/scientific-intelligent-modelling/experiments/semantic200_llm_physics_v2_4host_seed1314_20260429-205250/drsr/anon-node-04/drsr/g0159_CRK30/result.json
g0160,PO16,drsr,1314,anon-node-05,g0160_PO16,ok,budget_exhausted_with_output,budget_exhausted_with_output,True,True,3901.054,6.730605624294835e-06,5.978397678364287e-06,7.37412688082818e-06,5.9110930761891585e-06,0.9999926242961004,0.999994013854271,True,True,c0 + c1*x0**2 + c2*x1 + c3*x2 + c4*x0**3 + c5*x2**3 + c6*x0*x2 + c7*sin(x1) + c8*cos(x1),-0.00020113279278344856 + 0.00033555483166843264*x0**2 + -6.958554608446228e-07*x1 + -0.12805568389245714*x2 + -3.1065110948734795*x0**3 + 0.018303266543794657*x2**3 + -0.1153348561397238*x0*x2 + 0.8890506243489423*sin(x1) + 0.0003153438774299221*cos(x1),x0;x1;x2,add;cos;mul;pow;sin,35.0,4.0,3,x;t;v,dv_dt,True,deepinfra/meta-llama/Meta-Llama-3.1-8B-Instruct-Turbo,/home/anonymous/projects/scientific-intelligent-modelling/exp-planning/02.E1选择验证/llm_configs/benchmark_llm_deepinfra_llama31_8b_turbo.config,"Calculate Acceleration in Non-linear Harmonic Oscillator given Position at time t, Time and Velocity at time t",/home/anonymous/projects/scientific-intelligent-modelling/experiments/semantic200_llm_physics_v2_4host_seed1314_20260429-205250/drsr/anon-node-05/drsr/g0160_PO16/result.json
g0161,CRK13,drsr,1314,anon-node-02,g0161_CRK13,ok,budget_exhausted_with_output,budget_exhausted_with_output,True,True,3900.841,2.5077441350295446e-09,2.4306232956537816e-09,2.3969396346525923e-09,3.122052546474885e-07,0.9999999882384301,0.9998370672632849,True,True,c0 + c1*x1 + c2*exp(-c3*x0) + c4*x0*x1 + c5*x1**2,0.0006298768926374331 + -0.016088701070016757*x1 + -0.001470479229670433*exp(-0.15803067758602524*x0) + -0.00013239695914157016*x0*x1 + -0.0164793743742944*x1**2,x0;x1,add;exp;mul;pow,21.0,5.0,2,t;A,dA_dt,True,deepinfra/meta-llama/Meta-Llama-3.1-8B-Instruct,/home/anonymous/projects/scientific-intelligent-modelling/exp-planning/02.E1选择验证/llm_configs/benchmark_llm_deepinfra_llama31_8b.config,Calculate Rate of change of concentration in chemistry reaction kinetics given Time and Concentration at time t,/home/anonymous/projects/scientific-intelligent-modelling/experiments/semantic200_llm_physics_v2_4host_seed1314_20260429-205250/drsr/anon-node-02/drsr/g0161_CRK13/result.json
g0162,CRK11,drsr,1314,anon-node-03,g0162_CRK11,ok,budget_exhausted_with_output,budget_exhausted_with_output,True,True,3900.913,2.08556299569342e-10,1.7335255991688425e-10,2.1473280870899696e-10,2.6994990536768462e-06,0.9999999997788735,0.9999957263549046,True,True,c0 + c1*x0 + c2*x1 + c3*x0**2 + c4*x1**2 + c5*x0*x1 + c6*sin(c7*x0) + c8*cos(c9*x1),0.1990227728975262 + -9.736552867653666e-06*x0 + 0.4479186452096251*x1 + 1.3016496539991857e-09*x0**2 + -1.0231343493207814*x1**2 + 1.3553833333903968e-05*x0*x1 + 1.789633811343792e-08*sin(29.746364421030872*x0) + -0.002053765933313923*cos(-5.981173417894222*x1),x0;x1,add;cos;mul;pow;sin,34.0,5.0,2,t;A,dA_dt,True,deepinfra/meta-llama/Meta-Llama-3.1-8B-Instruct-Turbo,/home/anonymous/projects/scientific-intelligent-modelling/exp-planning/02.E1选择验证/llm_configs/benchmark_llm_deepinfra_llama31_8b_turbo.config,Calculate Rate of change of concentration in chemistry reaction kinetics given Time and Concentration at time t,/home/anonymous/projects/scientific-intelligent-modelling/experiments/semantic200_llm_physics_v2_4host_seed1314_20260429-205250/drsr/anon-node-03/drsr/g0162_CRK11/result.json
g0163,CRK8,drsr,1314,anon-node-04,g0163_CRK8,ok,budget_exhausted_with_output,budget_exhausted_with_output,True,True,3901.013,1.5092097003640117e-11,2.3240758398230613e-11,2.9078585950293123e-11,6.6268489792000125,0.9999999999695329,-14.454292543579008,True,True,c0 + c1*x0 + c2*x1 + c3*x0**2 + c4*x1**2 + c5*x0*x1 + c6*exp(-x0) + c7*exp(-x1),0.16639821619988882 + -5.3689896795696894e-08*x0 + -0.6808621825414134*x1 + 7.160340745032588e-10*x0**2 + -0.6767460556814415*x1**2 + -6.838423519490099e-05*x0*x1 + -0.0006500040765086501*exp(-x0) + -0.16639728438782128*exp(-x1),x0;x1,add;exp;mul;pow,34.0,5.0,2,t;A,dA_dt,True,deepinfra/meta-llama/Meta-Llama-3.1-8B-Instruct,/home/anonymous/projects/scientific-intelligent-modelling/exp-planning/02.E1选择验证/llm_configs/benchmark_llm_deepinfra_llama31_8b.config,Calculate Rate of change of concentration in chemistry reaction kinetics given Time and Concentration at time t,/home/anonymous/projects/scientific-intelligent-modelling/experiments/semantic200_llm_physics_v2_4host_seed1314_20260429-205250/drsr/anon-node-04/drsr/g0163_CRK8/result.json
g0164,CRK18,drsr,1314,anon-node-05,g0164_CRK18,ok,budget_exhausted_with_output,budget_exhausted_with_output,True,True,3901.022,2.9309593645290622e-12,1.8836090388713497e-12,3.700996649447616e-12,1.6819054007359508e-06,0.9999999999959349,0.9999429245926302,True,True,c0 + c1*x0 + c2*x1 + c3*x0**2 + c4*x1**2 + c5*exp(c6*x1),-2.2184665737285316 + 1.4471951757187552e-08*x0 + 0.77434436206174*x1 + -2.00541219787702e-10*x0**2 + -0.6659198561880835*x1**2 + 2.218469677723874*exp(-0.303959988022103*x1),x0;x1,add;exp;mul;pow,24.0,5.0,2,t;A,dA_dt,True,deepinfra/meta-llama/Meta-Llama-3.1-8B-Instruct-Turbo,/home/anonymous/projects/scientific-intelligent-modelling/exp-planning/02.E1选择验证/llm_configs/benchmark_llm_deepinfra_llama31_8b_turbo.config,Calculate Rate of change of concentration in chemistry reaction kinetics given Time and Concentration at time t,/home/anonymous/projects/scientific-intelligent-modelling/experiments/semantic200_llm_physics_v2_4host_seed1314_20260429-205250/drsr/anon-node-05/drsr/g0164_CRK18/result.json
g0165,CRK10,drsr,1314,anon-node-02,g0165_CRK10,ok,budget_exhausted_with_output,budget_exhausted_with_output,True,True,3900.993,2.1836745827615317e-10,2.0705172340907304e-10,2.30738367200626e-10,9.012728521320802e-06,0.9999999997481814,0.9999596921340357,True,True,c0 + c1*x0 + c2*x1 + c3*x0**2 + c4*x1**2 + c5*x0*x1 + c6*exp(-x0) + c7*exp(-x1),0.4627122997139901 + -3.476780428274614e-05*x0 + 0.09409291619701343*x1 + -5.233625090412311e-10*x0**2 + -0.19116652085062255*x1**2 + 2.0735245736210057e-05*x0*x1 + -0.0008397126062602967*exp(-x0) + -0.44016651894917735*exp(-x1),x0;x1,add;exp;mul;pow,34.0,5.0,2,t;A,dA_dt,True,deepinfra/meta-llama/Meta-Llama-3.1-8B-Instruct,/home/anonymous/projects/scientific-intelligent-modelling/exp-planning/02.E1选择验证/llm_configs/benchmark_llm_deepinfra_llama31_8b.config,Calculate Rate of change of concentration in chemistry reaction kinetics given Time and Concentration at time t,/home/anonymous/projects/scientific-intelligent-modelling/experiments/semantic200_llm_physics_v2_4host_seed1314_20260429-205250/drsr/anon-node-02/drsr/g0165_CRK10/result.json
g0166,CRK24,drsr,1314,anon-node-03,g0166_CRK24,ok,budget_exhausted_with_output,budget_exhausted_with_output,True,True,3900.89,5.780424028457378e-08,4.521283391336608e-08,4.270490267646764e-08,0.00019460627453511702,0.999999953006712,0.9994497094973505,True,True,c0 + c1*exp(-c2*x0) + c3*x1**2 + c4*x0**2 + c5*x0*x1,0.42578394534735603 + -0.017086148904810368*exp(-0.8871619080769855*x0) + -0.17753425512923693*x1**2 + -2.109993384753258e-08*x0**2 + 9.821751609903395e-07*x0*x1,x0;x1,add;exp;mul;pow,23.0,5.0,2,t;A,dA_dt,True,deepinfra/meta-llama/Meta-Llama-3.1-8B-Instruct-Turbo,/home/anonymous/projects/scientific-intelligent-modelling/exp-planning/02.E1选择验证/llm_configs/benchmark_llm_deepinfra_llama31_8b_turbo.config,Calculate Rate of change of concentration in chemistry reaction kinetics given Time and Concentration at time t,/home/anonymous/projects/scientific-intelligent-modelling/experiments/semantic200_llm_physics_v2_4host_seed1314_20260429-205250/drsr/anon-node-03/drsr/g0166_CRK24/result.json
g0167,BPG3,drsr,1314,anon-node-04,g0167_BPG3,ok,budget_exhausted_with_output,budget_exhausted_with_output,True,True,3901.337,3.0685493931788043e-09,3.765154903218835e-09,3.0026473006318867e-09,2.0510328983093316,0.9999999968159986,-1.3541302909103772,True,True,c0 + c1*exp(c2*x0) + c3*x1/(1 + exp(-c4*x1)),6.423281783350467e-07 + 0.09511587434878181*exp(-0.8724494823124785*x0) + -1.7383017156164744*x1/(1 + exp(--0.5850316457062185*x1)),x0;x1,add;exp;mul;pow,20.0,7.0,2,t;P,dP_dt,True,deepinfra/meta-llama/Meta-Llama-3.1-8B-Instruct,/home/anonymous/projects/scientific-intelligent-modelling/exp-planning/02.E1选择验证/llm_configs/benchmark_llm_deepinfra_llama31_8b.config,Calculate Population growth rate given Time and Population at time t,/home/anonymous/projects/scientific-intelligent-modelling/experiments/semantic200_llm_physics_v2_4host_seed1314_20260429-205250/drsr/anon-node-04/drsr/g0167_BPG3/result.json
g0168,CRK34,drsr,1314,anon-node-05,g0168_CRK34,ok,completed,not_timeout,False,False,3611.076,,133.60879466433852,243.55244949681727,4954439.453850464,-263.84387512779057,-6101513.718991689,True,True,c0/x0 + c1*x1,0.2739233746429086/x0 + -0.4604265724722594*x1,x0;x1,add;mul;pow,9.0,4.0,2,t;A,dA_dt,True,deepinfra/meta-llama/Meta-Llama-3.1-8B-Instruct-Turbo,/home/anonymous/projects/scientific-intelligent-modelling/exp-planning/02.E1选择验证/llm_configs/benchmark_llm_deepinfra_llama31_8b_turbo.config,Calculate Rate of change of concentration in chemistry reaction kinetics given Time and Concentration at time t,/home/anonymous/projects/scientific-intelligent-modelling/experiments/semantic200_llm_physics_v2_4host_seed1314_20260429-205250/drsr/anon-node-05/drsr/g0168_CRK34/result.json
g0169,CRK9,drsr,1314,anon-node-02,g0169_CRK9,ok,budget_exhausted_with_output,budget_exhausted_with_output,True,True,3901.382,4.6067127764042355e-10,5.217182191421313e-10,4.099057940308317e-10,1.5530367836710973e-05,0.9999999995429996,0.9999345198568638,True,True,c0 + c1*x0 + c2*x1 + c3*x0**2 + c4*x1**2 + c5*exp(-x0) + c6*exp(-x1),1.0160401840279438 + 3.365796620198545e-07*x0 + -0.5568840383230312*x1 + -4.50236918399268e-09*x0**2 + 0.0425160985967668*x1**2 + 0.007519231759449223*exp(-x0) + -0.18237587916465994*exp(-x1),x0;x1,add;exp;mul;pow,30.0,5.0,2,t;A,dA_dt,True,deepinfra/meta-llama/Meta-Llama-3.1-8B-Instruct,/home/anonymous/projects/scientific-intelligent-modelling/exp-planning/02.E1选择验证/llm_configs/benchmark_llm_deepinfra_llama31_8b.config,Calculate Rate of change of concentration in chemistry reaction kinetics given Time and Concentration at time t,/home/anonymous/projects/scientific-intelligent-modelling/experiments/semantic200_llm_physics_v2_4host_seed1314_20260429-205250/drsr/anon-node-02/drsr/g0169_CRK9/result.json
g0170,BPG17,drsr,1314,anon-node-03,g0170_BPG17,ok,budget_exhausted_with_output,budget_exhausted_with_output,True,True,3901.076,4.287978758501772e-10,4.369685593636087e-10,3.169180108501821e-10,4.32214186585766e-05,0.9999999996043109,0.9983435099687186,True,True,c0 + c1*x0 + c2*x1 + c3*exp(c4*x0) + c5*x0**2 + c6*x1**2 + c7*x0*x1,0.4686085101651483 + -8.595743021750159e-05*x0 + -0.40154125620142705*x1 + -0.004753827177478976*exp(-0.8754770116243934*x0) + 8.154180387775734e-09*x0**2 + 0.07109039350150914*x1**2 + 5.167248461371919e-05*x0*x1,x0;x1,add;exp;mul;pow,28.0,5.0,2,t;P,dP_dt,True,deepinfra/meta-llama/Meta-Llama-3.1-8B-Instruct-Turbo,/home/anonymous/projects/scientific-intelligent-modelling/exp-planning/02.E1选择验证/llm_configs/benchmark_llm_deepinfra_llama31_8b_turbo.config,Calculate Population growth rate given Time and Population at time t,/home/anonymous/projects/scientific-intelligent-modelling/experiments/semantic200_llm_physics_v2_4host_seed1314_20260429-205250/drsr/anon-node-03/drsr/g0170_BPG17/result.json
g0171,CRK2,drsr,1314,anon-node-04,g0171_CRK2,ok,budget_exhausted_with_output,budget_exhausted_with_output,True,True,3901.627,5.446871714526565e-11,5.1383174525680864e-11,5.906952898877838e-11,1.7968900322208643e-09,0.9999999999323228,0.9999999836606844,True,True,c0 + c1*exp(-c2*x0) + c3*x1,0.2700903230520157 + -8.840075392720905e-07*exp(-0.5941313277751769*x0) + -0.2741166828176204*x1,x0;x1,add;exp;mul,12.0,5.0,2,t;A,dA_dt,True,deepinfra/meta-llama/Meta-Llama-3.1-8B-Instruct,/home/anonymous/projects/scientific-intelligent-modelling/exp-planning/02.E1选择验证/llm_configs/benchmark_llm_deepinfra_llama31_8b.config,Calculate Rate of change of concentration in chemistry reaction kinetics given Time and Concentration at time t,/home/anonymous/projects/scientific-intelligent-modelling/experiments/semantic200_llm_physics_v2_4host_seed1314_20260429-205250/drsr/anon-node-04/drsr/g0171_CRK2/result.json
g0172,CRK0,drsr,1314,anon-node-05,g0172_CRK0,ok,budget_exhausted_with_output,budget_exhausted_with_output,True,True,3900.986,7.663555150696788e-09,7.775360853503729e-09,6.765374738050863e-09,2.8776853233541936e-05,0.9999999925204576,0.9998907386829413,True,True,c0 + c1*x0 + c2*x1 + c3*exp(-c4*x0) + c5*log(x1) + c6*x0*x1,1.8733256612285387 + -0.00013638550264837387*x0 + -1.7999336238865216*x1 + -0.0005531700217390351*exp(-0.4513665298709456*x0) + 1.492350166527293*log(x1) + 0.00011621441244537593*x0*x1,x0;x1,add;exp;log;mul,23.0,5.0,2,t;A,dA_dt,True,deepinfra/meta-llama/Meta-Llama-3.1-8B-Instruct-Turbo,/home/anonymous/projects/scientific-intelligent-modelling/exp-planning/02.E1选择验证/llm_configs/benchmark_llm_deepinfra_llama31_8b_turbo.config,Calculate Rate of change of concentration in chemistry reaction kinetics given Time and Concentration at time t,/home/anonymous/projects/scientific-intelligent-modelling/experiments/semantic200_llm_physics_v2_4host_seed1314_20260429-205250/drsr/anon-node-05/drsr/g0172_CRK0/result.json
g0173,feynman-ii.35.18,drsr,1314,anon-node-02,g0173_feynman-ii.35.18,ok,budget_exhausted_with_output,budget_exhausted_with_output,True,True,3901.518,6.554266365370685e-14,6.575847292252552e-14,8.333157688495406e-14,1.1365872585343876e-11,0.9999999999998579,0.9999999988559588,True,True,c0 + c1*x0*x2/(2*pi*x3) + c2*x0 + c3*x1 + c4*x2 + c5*x3,-0.9255675473745584 + -0.00036617413537627755*x0*x2/(2*pi*x3) + 0.5000000131486295*x0 + -0.6116857325823866*x1 + -0.38499918185055204*x2 + 0.8338657839483137*x3,x0;x1;x2;x3,add;mul;pi;pow,25.0,4.0,4,x0;x1;x2;x3,y,True,deepinfra/meta-llama/Meta-Llama-3.1-8B-Instruct,/home/anonymous/projects/scientific-intelligent-modelling/exp-planning/02.E1选择验证/llm_configs/benchmark_llm_deepinfra_llama31_8b.config,"Calculate the Number of atoms with the equivalent magnetic moment given Number of atoms per unit volume, Magnetic moment, Magnetic flux density, Boltzmann constant",/home/anonymous/projects/scientific-intelligent-modelling/experiments/semantic200_llm_physics_v2_4host_seed1314_20260429-205250/drsr/anon-node-02/drsr/g0173_feynman-ii.35.18/result.json
g0174,feynman-ii.35.18,drsr,1314,anon-node-03,g0174_feynman-ii.35.18,ok,budget_exhausted_with_output,budget_exhausted_with_output,True,True,3901.435,7.751481951775142e-14,9.831409509399289e-14,9.39053498505181e-14,2.1751728442913453e-11,0.9999999999998399,0.9999999978383576,True,True,c0*x0 + c1*x1 + c2*x2 + c3*x3/(x4**2 + x5),0.49999998518864947*x0 + -0.4032015818406758*x1 + 0.6472858102951147*x2 + -1.1753053659213991e-06*x3/(x4**2 + x5),x0;x1;x2;x3;x4;x5,add;mul;pow,20.0,6.0,6,x0;x1;x2;x3;x4;x5,y,True,deepinfra/meta-llama/Meta-Llama-3.1-8B-Instruct-Turbo,/home/anonymous/projects/scientific-intelligent-modelling/exp-planning/02.E1选择验证/llm_configs/benchmark_llm_deepinfra_llama31_8b_turbo.config,"Calculate the Number of atoms with the equivalent magnetic moment given Number of atoms per unit volume, Magnetic moment, Magnetic flux density, Boltzmann constant There are 6 candidate variables in an unknown order. The",/home/anonymous/projects/scientific-intelligent-modelling/experiments/semantic200_llm_physics_v2_4host_seed1314_20260429-205250/drsr/anon-node-03/drsr/g0174_feynman-ii.35.18/result.json
g0175,feynman-bonus.2,drsr,1314,anon-node-04,g0175_feynman-bonus.2,ok,budget_exhausted_with_output,budget_exhausted_with_output,True,True,3905.576,0.9280402001896093,0.9682790383721167,0.9353418955089523,0.9813533566915636,0.03853130815165173,0.0077851690686981945,True,True,c0 + c1*x0 + c2*x1 + c3*x2**2 + c4*x3 + c5*sin(x4) + c6*sin(x5),-0.6655925113100494 + 2.8845356831312986e-07*x0 + -0.07628535448014273*x1 + -0.0111817380209178*x2**2 + 1.6991487407509504e-11*x3 + 0.3889777254528908*sin(x4) + -0.05292486977170774*sin(x5),x0;x1;x2;x3;x4;x5,add;mul;pow;sin,24.0,4.0,6,x0;x1;x2;x3;x4;x5,y,True,deepinfra/meta-llama/Meta-Llama-3.1-8B-Instruct,/home/anonymous/projects/scientific-intelligent-modelling/exp-planning/02.E1选择验证/llm_configs/benchmark_llm_deepinfra_llama31_8b.config,"Calculate the Inverse radius given Mass (The Earth), Variable, Angular Momentum, Energy, Angle, Angle",/home/anonymous/projects/scientific-intelligent-modelling/experiments/semantic200_llm_physics_v2_4host_seed1314_20260429-205250/drsr/anon-node-04/drsr/g0175_feynman-bonus.2/result.json
g0176,feynman_II_8_7,drsr,1314,anon-node-05,g0176_feynman_II_8_7,ok,budget_exhausted_with_output,budget_exhausted_with_output,True,True,3903.398,1.8172249732336436e-23,1.8172120222721264e-23,1.817224408082286e-23,1.817086782047685e-23,1.0,1.0,True,True,0.5*c0*x0**2/(c1*x1*x2),0.5*-0.11925586278969898*x0**2/(-1.2488444747867788*x1*x2),x0;x1;x2,mul;pow,15.0,3.0,3,q;epsilon;d,target,True,deepinfra/meta-llama/Meta-Llama-3.1-8B-Instruct-Turbo,/home/anonymous/projects/scientific-intelligent-modelling/exp-planning/02.E1选择验证/llm_configs/benchmark_llm_deepinfra_llama31_8b_turbo.config,"Calculate the energy given the charge, diameter, and permittivity.",/home/anonymous/projects/scientific-intelligent-modelling/experiments/semantic200_llm_physics_v2_4host_seed1314_20260429-205250/drsr/anon-node-05/drsr/g0176_feynman_II_8_7/result.json
g0177,feynman_I_14_3,drsr,1314,anon-node-02,g0177_feynman_I_14_3,ok,budget_exhausted_with_output,budget_exhausted_with_output,True,True,3902.976,5.671225276667391e-32,5.446326830150925e-32,5.83491957556151e-32,7.588272882953632e-33,1.0,1.0,True,True,x0*x1*x2,x0*x1*x2,x0;x1;x2,mul,4.0,2.0,3,m;g;z,target,True,deepinfra/meta-llama/Meta-Llama-3.1-8B-Instruct,/home/anonymous/projects/scientific-intelligent-modelling/exp-planning/02.E1选择验证/llm_configs/benchmark_llm_deepinfra_llama31_8b.config,"Calculate the gravitational potential energy given the mass, gravitational acceleration, and height.",/home/anonymous/projects/scientific-intelligent-modelling/experiments/semantic200_llm_physics_v2_4host_seed1314_20260429-205250/drsr/anon-node-02/drsr/g0177_feynman_I_14_3/result.json
g0178,feynman_I_43_16,drsr,1314,anon-node-03,g0178_feynman_I_43_16,ok,budget_exhausted_with_output,budget_exhausted_with_output,True,True,3903.968,2.1679060936645774e-25,2.168024616330559e-25,2.1679595796270554e-25,2.1679082032046277e-25,1.0,1.0,True,True,c0*x0*x1*x2/x3,0.9999999999995344*x0*x1*x2/x3,x0;x1;x2;x3,mul;pow,8.0,3.0,4,mu_drift;q;Volt;d,target,True,deepinfra/meta-llama/Meta-Llama-3.1-8B-Instruct-Turbo,/home/anonymous/projects/scientific-intelligent-modelling/exp-planning/02.E1选择验证/llm_configs/benchmark_llm_deepinfra_llama31_8b_turbo.config,"Calculate the drift velocity given the mobility, charge, voltage, and distance.",/home/anonymous/projects/scientific-intelligent-modelling/experiments/semantic200_llm_physics_v2_4host_seed1314_20260429-205250/drsr/anon-node-03/drsr/g0178_feynman_I_43_16/result.json
g0179,feynman_III_15_14,drsr,1314,anon-node-04,g0179_feynman_III_15_14,ok,budget_exhausted_with_output,budget_exhausted_with_output,True,True,3905.725,0.06836684450344756,0.06793870249283794,0.06730141919439463,0.3951165876437025,0.9078113777003676,0.5174189960783949,True,True,c0 + c1*x0**2 + c2*x1**2 + c3*x2**2 + c4*x0*x1 + c5*x0*x2 + c6*x1*x2 + c7*x0/x2 + c8*x1/x2 + c9*x2/x0,-0.021924214685373335 + -0.0008422795405522291*x0**2 + 0.001367517919843847*x1**2 + -0.0008029973406526806*x2**2 + -0.0028260845513646982*x0*x1 + 0.0019204559261323916*x0*x2 + 0.0006076364028934692*x1*x2 + 0.040521598902488486*x0/x2 + -0.013866309577338747*x1/x2 + 0.0048308220899807765*x2/x0,x0;x1;x2,add;mul;pow,47.0,4.0,3,h;E_n;d,target,True,deepinfra/meta-llama/Meta-Llama-3.1-8B-Instruct,/home/anonymous/projects/scientific-intelligent-modelling/exp-planning/02.E1选择验证/llm_configs/benchmark_llm_deepinfra_llama31_8b.config,"Calculate the effective mass given Planck's constant, energy parameter, and lattice spacing.",/home/anonymous/projects/scientific-intelligent-modelling/experiments/semantic200_llm_physics_v2_4host_seed1314_20260429-205250/drsr/anon-node-04/drsr/g0179_feynman_III_15_14/result.json
g0180,feynman_II_15_4,drsr,1314,anon-node-05,g0180_feynman_II_15_4,ok,budget_exhausted_with_output,budget_exhausted_with_output,True,True,3902.912,2.5378204289119933e-31,2.6170181750538427e-31,2.5014480601663078e-31,5.908606957084231e-32,1.0,1.0,True,True,-x0*x1*cos(x2),-x0*x1*cos(x2),x0;x1;x2,cos;mul,6.0,3.0,3,mom;B;theta,target,True,deepinfra/meta-llama/Meta-Llama-3.1-8B-Instruct-Turbo,/home/anonymous/projects/scientific-intelligent-modelling/exp-planning/02.E1选择验证/llm_configs/benchmark_llm_deepinfra_llama31_8b_turbo.config,"Calculate the potential energy given the magnetic moment, magnetic field, and angle.",/home/anonymous/projects/scientific-intelligent-modelling/experiments/semantic200_llm_physics_v2_4host_seed1314_20260429-205250/drsr/anon-node-05/drsr/g0180_feynman_II_15_4/result.json
g0181,feynman_II_3_24,drsr,1314,anon-node-02,g0181_feynman_II_3_24,ok,budget_exhausted_with_output,budget_exhausted_with_output,True,True,3902.476,1.562221083234203e-24,1.5622468890891925e-24,1.5622726763175272e-24,1.5614975333719298e-24,1.0,1.0,True,True,c0*x0/x1**2,0.07957747154604711*x0/x1**2,x0;x1,mul;pow,6.0,3.0,2,Pwr;r,target,True,deepinfra/meta-llama/Meta-Llama-3.1-8B-Instruct,/home/anonymous/projects/scientific-intelligent-modelling/exp-planning/02.E1选择验证/llm_configs/benchmark_llm_deepinfra_llama31_8b.config,Calculate the radiation flux given the power and the distance from the source.,/home/anonymous/projects/scientific-intelligent-modelling/experiments/semantic200_llm_physics_v2_4host_seed1314_20260429-205250/drsr/anon-node-02/drsr/g0181_feynman_II_3_24/result.json
g0182,I.11.19_3_0,drsr,1314,anon-node-03,g0182_I.11.19_3_0,ok,completed,not_timeout,False,False,3617.582,0.04471452333532665,0.043583022352628425,0.044580964135000796,0.20791439321395078,0.8310104771616059,0.5795927017807797,True,True,c0 + c1*x0 + c2*x1 + c3*x2 + c4*x3 + c5*x4 + c6*x5 + c7*x1*x4 + c8*x2*x5,12.37549416046882 + 0.40182598661108926*x0 + -6.5606590273946175*x1 + 1.237062389249422*x2 + 1.2247697708551675*x3 + 2.5812271217741*x4 + 1.2178159216146378*x5 + -0.4644860875515505*x1*x4 + -0.003954504848244225*x2*x5,x0;x1;x2;x3;x4;x5,add;mul,28.0,3.0,6,A;x1;x2;x3;y2;y3,y1,True,deepinfra/meta-llama/Meta-Llama-3.1-8B-Instruct-Turbo,/home/anonymous/projects/scientific-intelligent-modelling/exp-planning/02.E1选择验证/llm_configs/benchmark_llm_deepinfra_llama31_8b_turbo.config,"Calculate the first variable or value given the resulting sum of products, the first coefficient, the second coefficient, the third coefficient, the second variable or value and the third variable or value",/home/anonymous/projects/scientific-intelligent-modelling/experiments/semantic200_llm_physics_v2_4host_seed1314_20260429-205250/drsr/anon-node-03/drsr/g0182_I.11.19_3_0/result.json
g0183,feynman_II_21_32,drsr,1314,anon-node-04,g0183_feynman_II_21_32,ok,budget_exhausted_with_output,budget_exhausted_with_output,True,True,3905.194,0.0017257240862035069,0.0015462219329103034,0.001474016102202942,0.07988136083045,0.9966266075781086,0.8964989877320328,True,True,c0 + c1*x0/(x1*x2) + c2*x3/(x4*sqrt(-x3**2/x4**2 + 1)) + c3*x0*x3/(x1*x2*x4),-0.0006857800367985017 + 0.06336192630462584*x0/(x1*x2) + 0.002361965575868937*x3/(x4*sqrt(-x3**2/x4**2 + 1)) + 0.18113350609838946*x0*x3/(x1*x2*x4),x0;x1;x2;x3;x4,add;mul;pow,42.0,7.0,5,q;epsilon;r;v;c,target,True,deepinfra/meta-llama/Meta-Llama-3.1-8B-Instruct,/home/anonymous/projects/scientific-intelligent-modelling/exp-planning/02.E1选择验证/llm_configs/benchmark_llm_deepinfra_llama31_8b.config,"Calculate the electric potential given the charge, distance, permittivity, velocity, and speed of light.",/home/anonymous/projects/scientific-intelligent-modelling/experiments/semantic200_llm_physics_v2_4host_seed1314_20260429-205250/drsr/anon-node-04/drsr/g0183_feynman_II_21_32/result.json
g0184,III.15.14_1_0,drsr,1314,anon-node-05,g0184_III.15.14_1_0,ok,completed,not_timeout,False,False,3620.821,0.9319478513729345,0.9528293892985817,0.9193035788145576,1.0000358376725533,0.06286393765460252,-0.0001424646273819885,True,True,c0 + c1*x0 + c2*exp(-x0/x2) + c3*x1 + c4*x2 + c5*x0**2 + c6*x1**2 + c7*x2**2,-7.901480456368033 + -23.76863970546837*x0 + 17.930345108638583*exp(-x0/x2) + -0.3328509476019915*x1 + -4.15146409644412*x2 + 1.6431618327161077*x0**2 + 0.16943353183523818*x1**2 + 0.519285754626315*x2**2,x0;x1;x2,add;exp;mul;pow,35.0,6.0,3,m;h;d,E_n,True,deepinfra/meta-llama/Meta-Llama-3.1-8B-Instruct-Turbo,/home/anonymous/projects/scientific-intelligent-modelling/exp-planning/02.E1选择验证/llm_configs/benchmark_llm_deepinfra_llama31_8b_turbo.config,"Calculate the nth energy level of the system given the mass of a particle in a quantum mechanical system, the Planck constant and the width or distance between the boundaries of the quantum well",/home/anonymous/projects/scientific-intelligent-modelling/experiments/semantic200_llm_physics_v2_4host_seed1314_20260429-205250/drsr/anon-node-05/drsr/g0184_III.15.14_1_0/result.json
g0185,I.11.19_2_0,drsr,1314,anon-node-02,g0185_I.11.19_2_0,ok,completed,not_timeout,False,False,3616.947,0.05966311117441988,0.05917718287629067,0.05806688413146291,0.2631947302645909,0.8304566976772358,0.5828692953233034,True,True,c0 + c1*x0 + c2*x1 + c3*x2 + c4*x3 + c5*x4 + c6*x5 + c7*x3*x4 + c8*x3*x5 + c9*x4*x5,-15.661394510461307 + -0.403281553057832*x0 + 1.2007271870823488*x1 + -1.2036009818546405*x2 + 2.6572384529186936*x3 + -2.566213694316525*x4 + 5.201077262862835*x5 + -0.007410797327512849*x3*x4 + -0.47253749527015737*x3*x5 + 0.4599621942250509*x4*x5,x0;x1;x2;x3;x4;x5,add;mul,32.0,3.0,6,A;x1;x2;y1;y2;y3,x3,True,deepinfra/meta-llama/Meta-Llama-3.1-8B-Instruct,/home/anonymous/projects/scientific-intelligent-modelling/exp-planning/02.E1选择验证/llm_configs/benchmark_llm_deepinfra_llama31_8b.config,"Calculate the third coefficient given the resulting sum of products, the first coefficient, the second coefficient, the first variable or value, the second variable or value and the third variable or value",/home/anonymous/projects/scientific-intelligent-modelling/experiments/semantic200_llm_physics_v2_4host_seed1314_20260429-205250/drsr/anon-node-02/drsr/g0185_I.11.19_2_0/result.json
g0186,I.11.19_4_0,drsr,1314,anon-node-03,g0186_I.11.19_4_0,ok,budget_exhausted_with_output,budget_exhausted_with_output,True,True,3904.323,0.03773441131318575,0.03684140999539371,0.03712871139854155,0.17132289527419656,0.8925322689436657,0.7270362680378584,True,True,c0 + c1*x0 + c2*x1 + c3*x2 + c4*x3 + c5*x4 + c6*x5 + c7*x0*x1 + c8*x0*x2 + c9*x4*x5,-0.017166124347825655 + -0.8714763161887958*x0 + 1.1760257323017955*x1 + 0.002598329449816833*x2 + -1.2118497385887073*x3 + 1.2317619141151437*x4 + -1.1706998554314054*x5 + 0.0009048365798611228*x0*x1 + 0.15553858344942287*x0*x2 + -0.009939717795631462*x4*x5,x0;x1;x2;x3;x4;x5,add;mul,32.0,3.0,6,A;x1;x2;x3;y1;y3,y2,True,deepinfra/meta-llama/Meta-Llama-3.1-8B-Instruct-Turbo,/home/anonymous/projects/scientific-intelligent-modelling/exp-planning/02.E1选择验证/llm_configs/benchmark_llm_deepinfra_llama31_8b_turbo.config,"Calculate the second variable or value given the resulting sum of products, the first coefficient, the second coefficient, the third coefficient, the first variable or value and the third variable or value",/home/anonymous/projects/scientific-intelligent-modelling/experiments/semantic200_llm_physics_v2_4host_seed1314_20260429-205250/drsr/anon-node-03/drsr/g0186_I.11.19_4_0/result.json
g0187,I.11.19_1_0,drsr,1314,anon-node-04,g0187_I.11.19_1_0,ok,completed,not_timeout,False,False,3620.223,73.46174603137845,74.48659569123102,73.08740310894538,27.93913605423411,-213.37553084565005,-43.57370925568874,True,True,x0*x2 + x1*x3 + x4,x0*x2 + x1*x3 + x4,x0;x1;x2;x3;x4,add;mul,8.0,3.0,6,A;x1;x3;y1;y2;y3,x2,True,deepinfra/meta-llama/Meta-Llama-3.1-8B-Instruct,/home/anonymous/projects/scientific-intelligent-modelling/exp-planning/02.E1选择验证/llm_configs/benchmark_llm_deepinfra_llama31_8b.config,"Calculate the second coefficient given the resulting sum of products, the first coefficient, the third coefficient, the first variable or value, the second variable or value and the third variable or value",/home/anonymous/projects/scientific-intelligent-modelling/experiments/semantic200_llm_physics_v2_4host_seed1314_20260429-205250/drsr/anon-node-04/drsr/g0187_I.11.19_1_0/result.json
g0188,feynman_III_15_27,drsr,1314,anon-node-05,g0188_feynman_III_15_27,ok,budget_exhausted_with_output,budget_exhausted_with_output,True,True,3902.761,0.015219338706604722,0.016271123604901024,0.014731025586259886,0.18177205163490567,0.9653491966093386,0.740406739997725,True,True,c0 + c1*x0**2 + c2*x1**2 + c3*x0*x1 + c4*x0/(x2 + 1) + c5*x1/(x2 + 1) + c6/(x2 + 1) + c7*x0*x1**2 + c8*x0**2*x2 + c9*x1**2*x2,-1.430913918358857 + -0.15371180853507038*x0**2 + 0.37075661288425904*x1**2 + -0.7238526065367646*x0*x1 + 9.38840771831701*x0/(x2 + 1) + -7.271503813251383*x1/(x2 + 1) + 14.905705044719163/(x2 + 1) + 0.057701072700800764*x0*x1**2 + 0.051988042203614304*x0**2*x2 + -0.015589967359046705*x1**2*x2,x0;x1;x2,add;mul;pow,57.0,5.0,3,alpha;n;d,target,True,deepinfra/meta-llama/Meta-Llama-3.1-8B-Instruct-Turbo,/home/anonymous/projects/scientific-intelligent-modelling/exp-planning/02.E1选择验证/llm_configs/benchmark_llm_deepinfra_llama31_8b_turbo.config,"Calculate the wave number given the phase constant, integer index, and lattice spacing.",/home/anonymous/projects/scientific-intelligent-modelling/experiments/semantic200_llm_physics_v2_4host_seed1314_20260429-205250/drsr/anon-node-05/drsr/g0188_feynman_III_15_27/result.json
g0189,feynman_I_12_2,drsr,1314,anon-node-02,g0189_feynman_I_12_2,ok,budget_exhausted_with_output,budget_exhausted_with_output,True,True,3903.621,3.4500996109186356e-31,3.5108537826536874e-31,3.318335911151474e-31,3.982576748605853e-32,1.0,1.0,True,True,x0*x1/(4*pi*x2*x3**2),x0*x1/(4*pi*x2*x3**2),x0;x1;x2;x3,mul;pi;pow,13.0,3.0,4,q1;q2;epsilon;r,target,True,deepinfra/meta-llama/Meta-Llama-3.1-8B-Instruct,/home/anonymous/projects/scientific-intelligent-modelling/exp-planning/02.E1选择验证/llm_configs/benchmark_llm_deepinfra_llama31_8b.config,"Calculate the electrostatic force given the charges of two particles, the distance between them, and the vacuum permittivity.",/home/anonymous/projects/scientific-intelligent-modelling/experiments/semantic200_llm_physics_v2_4host_seed1314_20260429-205250/drsr/anon-node-02/drsr/g0189_feynman_I_12_2/result.json
g0190,feynman_II_11_20,drsr,1314,anon-node-03,g0190_feynman_II_11_20,ok,completed,not_timeout,False,False,3621.649,0.23910749699228517,0.21451592212410686,0.23533309636903219,0.7185019090649498,0.6404425470154624,0.19389023581055487,True,True,c0 + c1*x0 + c2*x1 + c3*x2 + c4*x3 + c5*x4 + c6*x0*x1 + c7*exp(c8*x4),1.4546233495750105 + -1.2326974435465605*x0 + 0.019268905974935*x1 + 1.6736912331005767*x2 + -1.9372683995243274*x3 + -0.6736237382247823*x4 + 0.9666087136283726*x0*x1 + 28.695496460800246*exp(-1.3792397759389194*x4),x0;x1;x2;x3;x4,add;exp;mul,27.0,5.0,5,n_rho;p_d;Ef;kb;T,target,True,deepinfra/meta-llama/Meta-Llama-3.1-8B-Instruct-Turbo,/home/anonymous/projects/scientific-intelligent-modelling/exp-planning/02.E1选择验证/llm_configs/benchmark_llm_deepinfra_llama31_8b_turbo.config,"Calculate the polarization given the number density, dipole moment, electric field, temperature, and Boltzmann's constant.",/home/anonymous/projects/scientific-intelligent-modelling/experiments/semantic200_llm_physics_v2_4host_seed1314_20260429-205250/drsr/anon-node-03/drsr/g0190_feynman_II_11_20/result.json
g0191,II.34.29b_2_0,drsr,1314,anon-node-04,g0191_II.34.29b_2_0,ok,budget_exhausted_with_output,budget_exhausted_with_output,True,True,3909.611,0.27448317695548263,0.27170491463671753,0.29016161738133434,0.8372292251504523,0.5600721006645121,0.07679989929577069,True,True,c0 + c1*x0 + c2*x1 + c3*x2 + c4*x3 + c5*x4 + c6*x0*x3*x4/(2*x2),93.31240066291583 + 0.03577322467198176*x0 + -15.436980752649095*x1 + 10.646980404808385*x2 + -13.014104380940125*x3 + -13.11097541597972*x4 + -0.00295880628300709*x0*x3*x4/(2*x2),x0;x1;x2;x3;x4,add;mul;pow,26.0,4.0,5,E_n;g_;h;mom;B,Jz,True,deepinfra/meta-llama/Meta-Llama-3.1-8B-Instruct,/home/anonymous/projects/scientific-intelligent-modelling/exp-planning/02.E1选择验证/llm_configs/benchmark_llm_deepinfra_llama31_8b.config,"Calculate the z-component of the total angular momentum given the energy of the nth state, the g-factor of the particle or atom, the Planck constant, the magnetic moment of the particle or atom and the magnetic field str",/home/anonymous/projects/scientific-intelligent-modelling/experiments/semantic200_llm_physics_v2_4host_seed1314_20260429-205250/drsr/anon-node-04/drsr/g0191_II.34.29b_2_0/result.json
g0192,strogatz_shearflow1,drsr,1314,anon-node-05,g0192_strogatz_shearflow1,ok,completed,not_timeout,False,False,3611.591,0.4323893907144542,0.5701385793960172,0.7219637126583054,2.563610800913821,0.26642582760952416,-2.160224707054908,True,True,c0 + c1*sin(x0) + c2*cos(x0) + c3*x1 + c4*sin(x1) + c5*cos(x1) + c6*sin(x0)*cos(x1) + c7*sin(x1)*cos(x0),-0.01909451127160164 + -0.1525197259413414*sin(x0) + -0.06598183217492357*cos(x0) + -0.3098941282895607*x1 + 0.6886149992880513*sin(x1) + -0.9552221042883632*cos(x1) + -0.5682792073868019*sin(x0)*cos(x1) + 0.2526273610855956*sin(x1)*cos(x0),x0;x1,add;cos;mul;sin,33.0,4.0,2,x;y,target,True,deepinfra/meta-llama/Meta-Llama-3.1-8B-Instruct-Turbo,/home/anonymous/projects/scientific-intelligent-modelling/exp-planning/02.E1选择验证/llm_configs/benchmark_llm_deepinfra_llama31_8b_turbo.config,This formula is about Polar orientation dynamics of a particle in shear flow. Calculate the Angular velocity of polar angle (dtheta/dt) given Polar angle of particle and Azimuthal angle of particle,/home/anonymous/projects/scientific-intelligent-modelling/experiments/semantic200_llm_physics_v2_4host_seed1314_20260429-205250/drsr/anon-node-05/drsr/g0192_strogatz_shearflow1/result.json
g0193,II.21.32_3_0,drsr,1314,anon-node-02,g0193_II.21.32_3_0,ok,budget_exhausted_with_output,budget_exhausted_with_output,True,True,3903.792,0.5598723460648262,0.5053138919822917,0.5480811876508376,1.0000222382991695,0.3009460642871503,-2.697924467565116e-05,True,True,c0 + c1*x0/(x2*x3) + c2*x1/(x2*x3) + c3*x4,1.6690936345194427 + 117.92679820119504*x0/(x2*x3) + -11.25015662715014*x1/(x2*x3) + 0.5711023264438586*x4,x0;x1;x2;x3;x4,add;mul;pow,23.0,4.0,5,Volt;q;epsilon;r;c,v,True,deepinfra/meta-llama/Meta-Llama-3.1-8B-Instruct,/home/anonymous/projects/scientific-intelligent-modelling/exp-planning/02.E1选择验证/llm_configs/benchmark_llm_deepinfra_llama31_8b.config,"Calculate the velocity of the charge given the electric potential, the electric charge, the electric constant (permittivity of free space), the distance from the charge and the speed of light",/home/anonymous/projects/scientific-intelligent-modelling/experiments/semantic200_llm_physics_v2_4host_seed1314_20260429-205250/drsr/anon-node-02/drsr/g0193_II.21.32_3_0/result.json
g0194,II.21.32_2_0,drsr,1314,anon-node-03,g0194_II.21.32_2_0,ok,completed,not_timeout,False,False,3615.622,0.6010193747639122,0.5899382047351804,0.5866612672716849,0.9999396278507612,0.2875141446694136,2.181607172424549e-05,True,True,c0 + c1*x0 + c2*x1/x2**2 + c3*x3 + c4*x4,3.4936739373169563 + -13.617221945775801*x0 + 1.3155905430739276*x1/x2**2 + 0.4234806955029082*x3 + -0.11270236650594713*x4,x0;x1;x2;x3;x4,add;mul;pow,17.0,4.0,5,Volt;q;epsilon;v;c,r,True,deepinfra/meta-llama/Meta-Llama-3.1-8B-Instruct-Turbo,/home/anonymous/projects/scientific-intelligent-modelling/exp-planning/02.E1选择验证/llm_configs/benchmark_llm_deepinfra_llama31_8b_turbo.config,"Calculate the distance from the charge given the electric potential, the electric charge, the electric constant (permittivity of free space), the velocity of the charge and the speed of light",/home/anonymous/projects/scientific-intelligent-modelling/experiments/semantic200_llm_physics_v2_4host_seed1314_20260429-205250/drsr/anon-node-03/drsr/g0194_II.21.32_2_0/result.json
g0195,III.15.27_2_0,drsr,1314,anon-node-04,g0195_III.15.27_2_0,ok,budget_exhausted_with_output,budget_exhausted_with_output,True,True,3903.924,0.09909028092652986,0.09224391531182859,0.1005049170184536,1.0008262517311877,0.8785423937710509,-0.0008921076985521914,True,True,c0*exp(c1*x0 + c2*x1 + c3*x2),24.197391942548812*exp(-0.8321161064636325*x0 + 0.33382549038943554*x1 + -0.43939861152369764*x2),x0;x1;x2,add;exp;mul,13.0,5.0,3,k;alpha;n,d,True,deepinfra/meta-llama/Meta-Llama-3.1-8B-Instruct,/home/anonymous/projects/scientific-intelligent-modelling/exp-planning/02.E1选择验证/llm_configs/benchmark_llm_deepinfra_llama31_8b.config,"Calculate the diameter or a characteristic length given the spring constant or a proportionality constant, a material-dependent constant or a dimensionless parameter and the number of turns or a dimensionless quantity",/home/anonymous/projects/scientific-intelligent-modelling/experiments/semantic200_llm_physics_v2_4host_seed1314_20260429-205250/drsr/anon-node-04/drsr/g0195_III.15.27_2_0/result.json
g0196,II.34.29b_4_0,drsr,1314,anon-node-05,g0196_II.34.29b_4_0,ok,completed,not_timeout,False,False,3626.341,0.2834931577942761,0.27371649700173784,0.2981067254007489,0.8413115390984228,0.5480261425790873,0.0706702248390727,True,True,c0 + c1*x0 + c2*log(x1 + 1) + c3*x2 + c4*sin(x3) + c5*x4,87.52425902887819 + 0.030245180234995048*x0 + -60.994605627099915*log(x1 + 1) + 13.332439679032102*x2 + 20.957707708993926*sin(x3) + -15.406847247172688*x4,x0;x1;x2;x3;x4,add;log;mul;sin,21.0,5.0,5,E_n;g_;h;Jz;mom,B,True,deepinfra/meta-llama/Meta-Llama-3.1-8B-Instruct-Turbo,/home/anonymous/projects/scientific-intelligent-modelling/exp-planning/02.E1选择验证/llm_configs/benchmark_llm_deepinfra_llama31_8b_turbo.config,"Calculate the magnetic field strength given the energy of the nth state, the g-factor of the particle or atom, the Planck constant, the z-component of the total angular momentum and the magnetic moment of the particle or",/home/anonymous/projects/scientific-intelligent-modelling/experiments/semantic200_llm_physics_v2_4host_seed1314_20260429-205250/drsr/anon-node-05/drsr/g0196_II.34.29b_4_0/result.json
g0197,III.15.27_1_0,drsr,1314,anon-node-02,g0197_III.15.27_1_0,ok,budget_exhausted_with_output,budget_exhausted_with_output,True,True,3903.401,0.4201211459440252,0.44800574447610475,0.41687837366855296,0.9999924223376891,0.4962132116869157,-5.337008523698117e-05,True,True,c0 + c1*x0 + c2*x1 + c3*x2 + c4*x0*x1 + c5*x0*x2 + c6*x1*x2 + c7*x0**2 + c8*x1**2 + c9*x2**2,6.632649770579835 + -0.7839748338731677*x0 + 1.6696287577799185*x1 + -1.9656855997501066*x2 + -0.05945639465718058*x0*x1 + 0.06606179194687763*x0*x2 + -0.17172566924328256*x1*x2 + 0.02244850595597762*x0**2 + 0.01130558850353959*x1**2 + 0.18601709014876974*x2**2,x0;x1;x2,add;mul;pow,38.0,4.0,3,k;alpha;d,n,True,deepinfra/meta-llama/Meta-Llama-3.1-8B-Instruct,/home/anonymous/projects/scientific-intelligent-modelling/exp-planning/02.E1选择验证/llm_configs/benchmark_llm_deepinfra_llama31_8b.config,"Calculate the number of turns or a dimensionless quantity given the spring constant or a proportionality constant, a material-dependent constant or a dimensionless parameter and the diameter or a characteristic length",/home/anonymous/projects/scientific-intelligent-modelling/experiments/semantic200_llm_physics_v2_4host_seed1314_20260429-205250/drsr/anon-node-02/drsr/g0197_III.15.27_1_0/result.json
g0198,feynman_II_34_29b,drsr,1314,anon-node-03,g0198_feynman_II_34_29b,ok,completed,not_timeout,False,False,3616.3,0.10254071763754154,0.10077319851523231,0.1007087910268417,0.42210335367971785,0.8141170387262662,0.5110294189768363,True,True,c0 + c1*x0*x3*x4 + c2*x3**2/(2*x1) + c3*x2**2/(2*x1) + c4*x3*x4,-137.03049805517347 + 7.599852729786641*x0*x3*x4 + 25.350043975508633*x3**2/(2*x1) + 61.01097250120754*x2**2/(2*x1) + -4.742496571415809*x3*x4,x0;x1;x2;x3;x4,add;mul;pow,29.0,4.0,5,g_;h;Jz;mom;B,target,True,deepinfra/meta-llama/Meta-Llama-3.1-8B-Instruct-Turbo,/home/anonymous/projects/scientific-intelligent-modelling/exp-planning/02.E1选择验证/llm_configs/benchmark_llm_deepinfra_llama31_8b_turbo.config,"Calculate the energy given the g-factor, magnetic moment, magnetic field, angular momentum quantum number, and Planck's constant.",/home/anonymous/projects/scientific-intelligent-modelling/experiments/semantic200_llm_physics_v2_4host_seed1314_20260429-205250/drsr/anon-node-03/drsr/g0198_feynman_II_34_29b/result.json
g0199,III.13.18_0_0,drsr,1314,anon-node-04,g0199_III.13.18_0_0,ok,completed,not_timeout,False,False,3622.454,0.251344952147199,0.25060891685288866,0.25222044762485085,0.6949365464848527,0.662764676041444,0.21917388021248974,True,True,c0 + c1*x0**2 + c2*x1 + c3*x2*x3 + c4*x3 + c5*x1**2 + c6*x0*x3 + c7*x2**2 + c8*x1*x3 + c9*x0*x2,158.3035063556997 + 2.37328481256936e-06*x0**2 + -133.0016441184526*x1 + -8.458299032642286*x2*x3 + 60.10284386055755*x3 + 22.213851418355635*x1**2 + 0.008246871710319214*x0*x3 + 3.9588381892396423*x2**2 + -13.213300504654066*x1*x3 + -0.006519046867081233*x0*x2,x0;x1;x2;x3,add;mul;pow,39.0,4.0,4,v;d;k;h,E_n,True,deepinfra/meta-llama/Meta-Llama-3.1-8B-Instruct,/home/anonymous/projects/scientific-intelligent-modelling/exp-planning/02.E1选择验证/llm_configs/benchmark_llm_deepinfra_llama31_8b.config,"Calculate the nth energy level of a quantum system given the velocity of a particle or wave, the distance between particles or the diameter of a nanoparticle, Boltzmann's constant, relating energy to temperature and the ",/home/anonymous/projects/scientific-intelligent-modelling/experiments/semantic200_llm_physics_v2_4host_seed1314_20260429-205250/drsr/anon-node-04/drsr/g0199_III.13.18_0_0/result.json
g0200,Korns-3,drsr,1314,anon-node-05,g0200_Korns-3,ok,budget_exhausted_with_output,budget_exhausted_with_output,True,True,3900.795,0.034692631774183226,1.6919945087565058,0.6571674386586617,6.6621092146813154,0.27412486863863283,-5.666656076764901,True,True,c6*c7*(c0 + c1*x0 + c2*x1 + c3*x2)/(c8*(c9 + x4)),-0.1886206833481898*-1.3494413944703871*(0.6480553695482255 + 0.4903327321273101*x0 + -0.10415499376803364*x1 + 0.03667003256323115*x2)/(-0.061076429590404026*(-0.4957530489260734 + x4)),x0;x1;x2;x4,add;mul;pow,22.0,4.0,5,x1;x2;x3;x4;x5,target,True,deepinfra/meta-llama/Meta-Llama-3.1-8B-Instruct-Turbo,/home/anonymous/projects/scientific-intelligent-modelling/exp-planning/02.E1选择验证/llm_configs/benchmark_llm_deepinfra_llama31_8b_turbo.config,This is an abstract symbolic regression problem.,/home/anonymous/projects/scientific-intelligent-modelling/experiments/semantic200_llm_physics_v2_4host_seed1314_20260429-205250/drsr/anon-node-05/drsr/g0200_Korns-3/result.json
g0001,feynman-iii.15.12,llmsr,1314,anon-node-02,g0001_feynman-iii.15.12,ok,completed,not_timeout,False,False,3606.615,1.053174647600878e+46,2.568112197535224e+45,2.9635662644225505e+46,8.301823701777936e+49,-3.054209634637904e+46,-1.4719829514121408e+51,True,True,c0*x0**2*x1**2*x2,1.0*x0**2*x1**2*x2,x0;x1;x2,mul;pow,9.0,3.0,5,x0;x1;x2;x3;x4,y,True,deepinfra/meta-llama/Meta-Llama-3.1-8B-Instruct,/home/anonymous/projects/scientific-intelligent-modelling/exp-planning/02.E1选择验证/llm_configs/benchmark_llm_deepinfra_llama31_8b.config,"Calculate the Energy given Amplitude, Propagation coefficient, Lattice constant There are 5 candidate variables in an unknown order. The unordered semantic-role multiset is: 1 variable with semantic role ""A, Amplitude""; ",/home/anonymous/projects/scientific-intelligent-modelling/experiments/semantic200_llm_physics_v2_4host_seed1314_20260429-205250/llmsr/anon-node-02/llmsr/g0001_feynman-iii.15.12/result.json
g0002,feynman-iii.15.14,llmsr,1314,anon-node-03,g0002_feynman-iii.15.14,ok,completed,not_timeout,False,False,3610.685,0.9251967528222159,0.912885199839055,0.9430906061984956,1.0267082230306914,-0.042519459570072415,-0.031927289001767445,True,True,6.62607015e-34/(c0**c1*x0**c2*x1**c3),6.62607015e-34/(1.0**1.0*x0**1.0*x1**1.0),x0;x1,mul;pow,17.0,4.0,3,x0;x1;x2,y,True,deepinfra/meta-llama/Meta-Llama-3.1-8B-Instruct-Turbo,/home/anonymous/projects/scientific-intelligent-modelling/exp-planning/02.E1选择验证/llm_configs/benchmark_llm_deepinfra_llama31_8b_turbo.config,"Calculate the Effective mass given Planck constant, Amplitude There are 3 candidate variables in an unknown order. The unordered semantic-role multiset is: 1 variable with semantic role ""A, Amplitude""; 1 variable with se",/home/anonymous/projects/scientific-intelligent-modelling/experiments/semantic200_llm_physics_v2_4host_seed1314_20260429-205250/llmsr/anon-node-03/llmsr/g0002_feynman-iii.15.14/result.json
g0003,feynman-ii.11.20,llmsr,1314,anon-node-04,g0003_feynman-ii.11.20,ok,completed,not_timeout,False,False,3624.796,0.9999974625542081,1.000017642540483,0.9999923123991524,1.0000000004018648,-1.6113833750219797e-05,-0.00015247575891397247,True,True,c0*x0*x1**2/(c1 + x2**2) + c2*x3,1.0*x0*x1**2/(1.0 + x2**2) + 85.8437115456909*x3,x0;x1;x2;x3,add;mul;pow,17.0,6.0,4,x0;x1;x2;x3,y,True,deepinfra/meta-llama/Meta-Llama-3.1-8B-Instruct,/home/anonymous/projects/scientific-intelligent-modelling/exp-planning/02.E1选择验证/llm_configs/benchmark_llm_deepinfra_llama31_8b.config,"Calculate the Polarizability given Number of atom, Electric dipole moment, Magnitude of electric field, Boltzmann constant",/home/anonymous/projects/scientific-intelligent-modelling/experiments/semantic200_llm_physics_v2_4host_seed1314_20260429-205250/llmsr/anon-node-04/llmsr/g0003_feynman-ii.11.20/result.json
g0004,feynman-iii.12.43,llmsr,1314,anon-node-05,g0004_feynman-iii.12.43,ok,completed,not_timeout,False,False,3611.551,0.9999999999999994,1.0000000000000002,1.0000000000000004,1.0,-3.0534362772108494,-0.9674963767255915,True,True,c0*x0/(c1*x1 + c2*x2),1.0*x0/(1.0*x1 + 1.0*x2),x0;x1;x2,add;mul;pow,12.0,5.0,3,x0;x1;x2,y,True,deepinfra/meta-llama/Meta-Llama-3.1-8B-Instruct-Turbo,/home/anonymous/projects/scientific-intelligent-modelling/exp-planning/02.E1选择验证/llm_configs/benchmark_llm_deepinfra_llama31_8b_turbo.config,"Calculate the Spin magnetic moment given Spin state There are 3 candidate variables in an unknown order. The unordered semantic-role multiset is: 1 variable with semantic role ""m, Spin state""; 2 distractor/meaningless va",/home/anonymous/projects/scientific-intelligent-modelling/experiments/semantic200_llm_physics_v2_4host_seed1314_20260429-205250/llmsr/anon-node-05/llmsr/g0004_feynman-iii.12.43/result.json
g0005,feynman-ii.11.27,llmsr,1314,anon-node-02,g0005_feynman-ii.11.27,ok,completed,not_timeout,False,False,3606.694,1.0,1.0,1.0,1.0,-0.08155757896360538,-23.64358439431123,True,True,c0*x0*x1/(x2*(-c1**2*x0**2/(9*x2**2) + 1)),1.0*x0*x1/(x2*(-1.0**2*x0**2/(9*x2**2) + 1)),x0;x1;x2,add;mul;pow,22.0,6.0,3,x0;x1;x2,y,True,deepinfra/meta-llama/Meta-Llama-3.1-8B-Instruct,/home/anonymous/projects/scientific-intelligent-modelling/exp-planning/02.E1选择验证/llm_configs/benchmark_llm_deepinfra_llama31_8b.config,"Calculate the Polarizability given Number of atom, Molecular polarizability, Vacuum permittivity",/home/anonymous/projects/scientific-intelligent-modelling/experiments/semantic200_llm_physics_v2_4host_seed1314_20260429-205250/llmsr/anon-node-02/llmsr/g0005_feynman-ii.11.27/result.json
g0006,feynman-ii.11.27,llmsr,1314,anon-node-03,g0006_feynman-ii.11.27,ok,completed,not_timeout,False,False,3611.457,0.8395855282853512,0.8436847869857256,0.8531841784013156,0.9484085717441201,0.07723218501807594,-32.84704174452654,True,True,c0*x0/x1**2 + c1*sqrt(x2),1.0*x0/x1**2 + 1.0*sqrt(x2),x0;x1;x2,add;mul;pow,12.0,4.0,5,x0;x1;x2;x3;x4,y,True,deepinfra/meta-llama/Meta-Llama-3.1-8B-Instruct-Turbo,/home/anonymous/projects/scientific-intelligent-modelling/exp-planning/02.E1选择验证/llm_configs/benchmark_llm_deepinfra_llama31_8b_turbo.config,"Calculate the Polarizability given Number of atom, Molecular polarizability, Vacuum permittivity There are 5 candidate variables in an unknown order. The unordered semantic-role multiset is: 1 variable with semantic role",/home/anonymous/projects/scientific-intelligent-modelling/experiments/semantic200_llm_physics_v2_4host_seed1314_20260429-205250/llmsr/anon-node-03/llmsr/g0006_feynman-ii.11.27/result.json
g0007,CRK22,llmsr,1314,anon-node-04,g0007_CRK22,ok,completed,not_timeout,False,False,3623.686,3.1709772850649665e-05,3.176665293091539e-05,4.5213403021604576e-05,0.7731208898957276,0.9999454664060873,-47.82901955817526,True,True,c0*x1/(c1*x0**2 + c2*x1**2 + c3*x0*x1 + 1),-0.8193793004195503*x1/(0.026027658196573163*x0**2 + 1.6631586464401757*x1**2 + 1.9510379172773593*x0*x1 + 1),x0;x1,add;mul;pow,21.0,6.0,2,t;A,dA_dt,True,deepinfra/meta-llama/Meta-Llama-3.1-8B-Instruct,/home/anonymous/projects/scientific-intelligent-modelling/exp-planning/02.E1选择验证/llm_configs/benchmark_llm_deepinfra_llama31_8b.config,Calculate Rate of change of concentration in chemistry reaction kinetics given Time and Concentration at time t,/home/anonymous/projects/scientific-intelligent-modelling/experiments/semantic200_llm_physics_v2_4host_seed1314_20260429-205250/llmsr/anon-node-04/llmsr/g0007_CRK22/result.json
g0008,feynman-ii.34.29a,llmsr,1314,anon-node-05,g0008_feynman-ii.34.29a,ok,budget_exhausted_with_output,budget_exhausted_with_output,True,True,3601.998,0.9999999999418788,1.0000000000371407,0.9999999999618171,0.9999999999998233,-0.0001264660869155776,-4.7567392913450135e-08,True,True,9.27400915000000e-24,9.27400915000000e-24,,,1.0,1.0,3,x0;x1;x2,y,True,deepinfra/meta-llama/Meta-Llama-3.1-8B-Instruct-Turbo,/home/anonymous/projects/scientific-intelligent-modelling/exp-planning/02.E1选择验证/llm_configs/benchmark_llm_deepinfra_llama31_8b_turbo.config,"Calculate the Bohr magneton given Electric charge, Planck constant There are 3 candidate variables in an unknown order. The unordered semantic-role multiset is: 1 variable with semantic role ""h, Planck constant""; 1 varia",/home/anonymous/projects/scientific-intelligent-modelling/experiments/semantic200_llm_physics_v2_4host_seed1314_20260429-205250/llmsr/anon-node-05/llmsr/g0008_feynman-ii.34.29a/result.json
g0009,feynman-ii.15.4,llmsr,1314,anon-node-02,g0009_feynman-ii.15.4,ok,completed,not_timeout,False,False,3606.727,1299491.6341989452,1018254.6961353669,912253.9741074778,492994.2875566674,-912435.0201171068,-493063.5908968904,True,True,-c0*x0*x1*cos(x2),-1.0*x0*x1*cos(x2),x0;x1;x2,cos;mul,7.0,3.0,6,x0;x1;x2;x3;x4;x5,y,True,deepinfra/meta-llama/Meta-Llama-3.1-8B-Instruct,/home/anonymous/projects/scientific-intelligent-modelling/exp-planning/02.E1选择验证/llm_configs/benchmark_llm_deepinfra_llama31_8b.config,"Calculate the Energy from magnetic field given Magnetic dipole moment, Magnetic field strength, Angle There are 6 candidate variables in an unknown order. The unordered semantic-role multiset is: 1 variable with semantic",/home/anonymous/projects/scientific-intelligent-modelling/experiments/semantic200_llm_physics_v2_4host_seed1314_20260429-205250/llmsr/anon-node-02/llmsr/g0009_feynman-ii.15.4/result.json
g0010,feynman-bonus.7,llmsr,1314,anon-node-03,g0010_feynman-bonus.7,ok,completed,not_timeout,False,False,3611.05,0.6511262643536354,0.6087555284747678,0.6863630707281894,0.007655768051679407,0.051826997482270376,0.9792939340224853,True,True,199866666.666667*sqrt(6)*sqrt(pi)*sqrt(c0*x0/(c1*x2)),199866666.666667*sqrt(6)*sqrt(pi)*sqrt(1.0*x0/(1.0*x2)),x0;x2,mul;pi;pow,19.0,5.0,3,x0;x1;x2,y,True,deepinfra/meta-llama/Meta-Llama-3.1-8B-Instruct-Turbo,/home/anonymous/projects/scientific-intelligent-modelling/exp-planning/02.E1选择验证/llm_configs/benchmark_llm_deepinfra_llama31_8b_turbo.config,"Calculate the Hubble's constant given Gravitational constant, Density of the universe, Spacetime curvature",/home/anonymous/projects/scientific-intelligent-modelling/experiments/semantic200_llm_physics_v2_4host_seed1314_20260429-205250/llmsr/anon-node-03/llmsr/g0010_feynman-bonus.7/result.json
g0011,feynman-i.25.13,llmsr,1314,anon-node-04,g0011_feynman-i.25.13,ok,completed,not_timeout,False,False,3616.239,1.6638274106536254e-15,1.6090795276484084e-15,1.9694297205031167e-15,1.4981547589532991e-27,0.999999999999998,1.0,True,True,c0*x0/x1,1.0*x0/x1,x0;x1,mul;pow,6.0,3.0,3,x0;x1;x2,y,True,deepinfra/meta-llama/Meta-Llama-3.1-8B-Instruct,/home/anonymous/projects/scientific-intelligent-modelling/exp-planning/02.E1选择验证/llm_configs/benchmark_llm_deepinfra_llama31_8b.config,"Calculate the Voltage given Electric charge, Electrostatic Capacitance There are 3 candidate variables in an unknown order. The unordered semantic-role multiset is: 1 variable with semantic role ""C, Electrostatic Capacit",/home/anonymous/projects/scientific-intelligent-modelling/experiments/semantic200_llm_physics_v2_4host_seed1314_20260429-205250/llmsr/anon-node-04/llmsr/g0011_feynman-i.25.13/result.json
g0012,feynman-i.26.2,llmsr,1314,anon-node-05,g0012_feynman-i.26.2,ok,completed,not_timeout,False,False,3611.128,1.139866391827608e-16,1.3402381973070456e-16,2.5399985856257016e-16,1.1547034873770513e-15,0.9999999999999998,0.9999999999999988,True,True,c0 + c1*sin(x0)/sin(x1) + c2*sin(x0)/sin(x2) + c3*sin(x1)/sin(x3),1.1286758436861302e-08 + -6.966974584618663e-09*sin(x0)/sin(x1) + -7.235161380072079e-09*sin(x0)/sin(x2) + 0.9999999925382828*sin(x1)/sin(x3),x0;x1;x2;x3,add;mul;pow;sin,26.0,5.0,5,x0;x1;x2;x3;x4,y,True,deepinfra/meta-llama/Meta-Llama-3.1-8B-Instruct-Turbo,/home/anonymous/projects/scientific-intelligent-modelling/exp-planning/02.E1选择验证/llm_configs/benchmark_llm_deepinfra_llama31_8b_turbo.config,"Calculate the Relative refractive index given Refraction angle 1, Refraction angle 2 There are 5 candidate variables in an unknown order. The unordered semantic-role multiset is: 1 variable with semantic role ""theta_1, R",/home/anonymous/projects/scientific-intelligent-modelling/experiments/semantic200_llm_physics_v2_4host_seed1314_20260429-205250/llmsr/anon-node-05/llmsr/g0012_feynman-i.26.2/result.json
g0013,feynman-bonus.20,llmsr,1314,anon-node-02,g0013_feynman-bonus.20,ok,completed,not_timeout,False,False,3606.57,1.0,1.0,1.0,,-0.02101722284107188,,True,True,c0*x1**2*exp(-c1*x0/x2)/(x0**4*x2**2),1.0*x1**2*exp(-1.0*x0/x2)/(x0**4*x2**2),x0;x1;x2,exp;mul;pow,19.0,5.0,3,x0;x1;x2,y,True,deepinfra/meta-llama/Meta-Llama-3.1-8B-Instruct,/home/anonymous/projects/scientific-intelligent-modelling/exp-planning/02.E1选择验证/llm_configs/benchmark_llm_deepinfra_llama31_8b.config,"Calculate the Differential cross section given Fine structure constant, Planck constant, Electron mass",/home/anonymous/projects/scientific-intelligent-modelling/experiments/semantic200_llm_physics_v2_4host_seed1314_20260429-205250/llmsr/anon-node-02/llmsr/g0013_feynman-bonus.20/result.json
g0014,feynman-i.14.4,llmsr,1314,anon-node-03,g0014_feynman-i.14.4,ok,completed,not_timeout,False,False,3611.076,0.11172944546533313,0.13383950841171227,0.09167135977547487,0.30870546010285166,0.8986131462568065,-22.629449937895718,True,True,0.5*c0*x0**2*x1**2,0.5*0.00013611700223600115*x0**2*x1**2,x0;x1,mul;pow,9.0,3.0,5,x0;x1;x2;x3;x4,y,True,deepinfra/meta-llama/Meta-Llama-3.1-8B-Instruct-Turbo,/home/anonymous/projects/scientific-intelligent-modelling/exp-planning/02.E1选择验证/llm_configs/benchmark_llm_deepinfra_llama31_8b_turbo.config,"Calculate the Elastic energy given Spring constant, Position There are 5 candidate variables in an unknown order. The unordered semantic-role multiset is: 1 variable with semantic role ""k_spring, Spring constant""; 1 vari",/home/anonymous/projects/scientific-intelligent-modelling/experiments/semantic200_llm_physics_v2_4host_seed1314_20260429-205250/llmsr/anon-node-03/llmsr/g0014_feynman-i.14.4/result.json
g0015,feynman-i.41.16,llmsr,1314,anon-node-04,g0015_feynman-i.41.16,ok,budget_exhausted_with_output,budget_exhausted_with_output,True,True,3607.736,1.2667435786954995e+60,1.7639548604712606e+60,1.79236233240574e+60,1.0,-1.9811706216068545e+60,-27.456208505619323,True,True,c0*x0*x1**3/(exp(c1*x0*x1) - 1),5.97397656119277e-08*x0*x1**3/(exp(1.7508195154821302*x0*x1) - 1),x0;x1,add;exp;mul;pow,15.0,6.0,2,x0;x1,y,True,deepinfra/meta-llama/Meta-Llama-3.1-8B-Instruct,/home/anonymous/projects/scientific-intelligent-modelling/exp-planning/02.E1选择验证/llm_configs/benchmark_llm_deepinfra_llama31_8b.config,"Calculate the Radiation per frequency given Planck constant, Frequency of electromagnetic wave",/home/anonymous/projects/scientific-intelligent-modelling/experiments/semantic200_llm_physics_v2_4host_seed1314_20260429-205250/llmsr/anon-node-04/llmsr/g0015_feynman-i.41.16/result.json
g0016,first_principles_newton,llmsr,1314,anon-node-05,g0016_first_principles_newton,ok,budget_exhausted_with_output,budget_exhausted_with_output,True,True,3601.849,0.05007683027495667,0.04284700962946443,0.0013244759670925452,0.09315682283830268,-1.0706503149779727,-0.4785415142981768,True,True,c0/x0**2 + c1,1.0/x0**2 + 43.294985134006794,x0,add;mul;pow,7.0,4.0,3,r;m1;m2,target,True,deepinfra/meta-llama/Meta-Llama-3.1-8B-Instruct-Turbo,/home/anonymous/projects/scientific-intelligent-modelling/exp-planning/02.E1选择验证/llm_configs/benchmark_llm_deepinfra_llama31_8b_turbo.config,"The Newton's law of gravitation is a model for the gravitational force between two bodies, given their masses and distance. Data was synthetically generated using the Newton's law of gravitation, with a range of paramete",/home/anonymous/projects/scientific-intelligent-modelling/experiments/semantic200_llm_physics_v2_4host_seed1314_20260429-205250/llmsr/anon-node-05/llmsr/g0016_first_principles_newton/result.json
g0017,feynman-ii.11.28,llmsr,1314,anon-node-02,g0017_feynman-ii.11.28,ok,completed,not_timeout,False,False,3606.686,0.9999999083656184,0.9999999048520345,0.9999999126058451,0.9999974755451944,-129607358978998.27,-26770721851826.04,True,True,c0*x0*x1,1.0*x0*x1,x0;x1,mul,4.0,2.0,2,x0;x1,y,True,deepinfra/meta-llama/Meta-Llama-3.1-8B-Instruct,/home/anonymous/projects/scientific-intelligent-modelling/exp-planning/02.E1选择验证/llm_configs/benchmark_llm_deepinfra_llama31_8b.config,"Calculate the Electric dipole moment per unit volume given Number of electric dipoles, Molecular polarizability",/home/anonymous/projects/scientific-intelligent-modelling/experiments/semantic200_llm_physics_v2_4host_seed1314_20260429-205250/llmsr/anon-node-02/llmsr/g0017_feynman-ii.11.28/result.json
g0018,feynman-i.38.12,llmsr,1314,anon-node-03,g0018_feynman-i.38.12,ok,budget_exhausted_with_output,budget_exhausted_with_output,True,True,3602.533,0.9997980383573678,0.9998254317339581,0.9998422215098081,124254236.17512545,-0.10338403797564899,-125506209.51091363,True,True,4*pi*x0*x2**2/(c0*c1),4*pi*x0*x2**2/(1.0*1.0),x0;x2,mul;pi;pow,13.0,3.0,4,x0;x1;x2;x3,y,True,deepinfra/meta-llama/Meta-Llama-3.1-8B-Instruct-Turbo,/home/anonymous/projects/scientific-intelligent-modelling/exp-planning/02.E1选择验证/llm_configs/benchmark_llm_deepinfra_llama31_8b_turbo.config,"Calculate the Bohr radius given Vacuum permittivity, Planck constant There are 4 candidate variables in an unknown order. The unordered semantic-role multiset is: 1 variable with semantic role ""epsilon, Vacuum permittivi",/home/anonymous/projects/scientific-intelligent-modelling/experiments/semantic200_llm_physics_v2_4host_seed1314_20260429-205250/llmsr/anon-node-03/llmsr/g0018_feynman-i.38.12/result.json
g0019,feynman-ii.15.5,llmsr,1314,anon-node-04,g0019_feynman-ii.15.5,ok,completed,not_timeout,False,False,3615.461,1.1933878693796202e-14,9.742006503017473e-15,6.526383117435177e-15,1.8569020795698514e-32,0.9999999999999934,1.0,True,True,-x0*x1*cos(x2),-x0*x1*cos(x2),x0;x1;x2,cos;mul,6.0,3.0,5,x0;x1;x2;x3;x4,y,True,deepinfra/meta-llama/Meta-Llama-3.1-8B-Instruct,/home/anonymous/projects/scientific-intelligent-modelling/exp-planning/02.E1选择验证/llm_configs/benchmark_llm_deepinfra_llama31_8b.config,"Calculate the Energy given Electric dipole moment, Magnitude of electric field, Angle There are 5 candidate variables in an unknown order. The unordered semantic-role multiset is: 1 variable with semantic role ""E, Magnit",/home/anonymous/projects/scientific-intelligent-modelling/experiments/semantic200_llm_physics_v2_4host_seed1314_20260429-205250/llmsr/anon-node-04/llmsr/g0019_feynman-ii.15.5/result.json
g0020,feynman-i.29.4,llmsr,1314,anon-node-05,g0020_feynman-i.29.4,ok,completed,not_timeout,False,False,3611.597,0.4009693012370724,0.4419348195530909,0.41914836342107337,52149529.16594236,0.2704536860275427,-4758938730.073906,True,True,c0*x0 + c1*sin(2*pi*x0) + c2*cos(2*pi*x0) + c3*exp(-x1**2 - x2**2) + c4*sin(2*pi*x1) + c5*cos(2*pi*x1) + c6*sin(2*pi*x2) + c7*cos(2*pi*x2) + c8*sin(2*pi*x0*x1) + c9*cos(2*pi*x0*x1),1.0*x0 + 1.0*sin(2*pi*x0) + 26.07316551812543*cos(2*pi*x0) + 1.0*exp(-x1**2 - x2**2) + 1.541353349812763*sin(2*pi*x1) + 0.4638829201787583*cos(2*pi*x1) + -3879094.61544275*sin(2*pi*x2) + 26.07316551812121*cos(2*pi*x2) + 1.0000104450310907*sin(2*pi*x0*x1) + -1.5612525994372373*cos(2*pi*x0*x1),x0;x1;x2,add;cos;exp;mul;pi;pow;sin,76.0,7.0,4,x0;x1;x2;x3,y,True,deepinfra/meta-llama/Meta-Llama-3.1-8B-Instruct-Turbo,/home/anonymous/projects/scientific-intelligent-modelling/exp-planning/02.E1选择验证/llm_configs/benchmark_llm_deepinfra_llama31_8b_turbo.config,"Calculate the Wavenumber given Frequency of electromagnetic waves There are 4 candidate variables in an unknown order. The unordered semantic-role multiset is: 1 variable with semantic role ""omega, Frequency of electroma",/home/anonymous/projects/scientific-intelligent-modelling/experiments/semantic200_llm_physics_v2_4host_seed1314_20260429-205250/llmsr/anon-node-05/llmsr/g0020_feynman-i.29.4/result.json
g0021,feynman-i.14.3,llmsr,1314,anon-node-02,g0021_feynman-i.14.3,ok,completed,not_timeout,False,False,3606.561,1.763874667394304e-15,1.6517477435360791e-15,1.5109789263315634e-15,1.5398781156476027e-19,0.9999999999999984,1.0,True,True,c0*x0*x1,9.806650003848254*x0*x1,x0;x1,mul,4.0,2.0,4,x0;x1;x2;x3,y,True,deepinfra/meta-llama/Meta-Llama-3.1-8B-Instruct,/home/anonymous/projects/scientific-intelligent-modelling/exp-planning/02.E1选择验证/llm_configs/benchmark_llm_deepinfra_llama31_8b.config,"Calculate the Potential energy given Mass, Gravitational acceleration There are 4 candidate variables in an unknown order. The unordered semantic-role multiset is: 1 variable with semantic role ""g, Gravitational accelera",/home/anonymous/projects/scientific-intelligent-modelling/experiments/semantic200_llm_physics_v2_4host_seed1314_20260429-205250/llmsr/anon-node-02/llmsr/g0021_feynman-i.14.3/result.json
g0022,feynman-ii.11.20,llmsr,1314,anon-node-03,g0022_feynman-ii.11.20,ok,completed,not_timeout,False,False,3611.772,0.9603746758496347,0.9503595099684201,1.0052085468848442,1.0004535011712954,-0.00523247247175096,-0.0038921402369933578,True,True,c0*x0*x1*x3 + c1*x2 + c2*x4 + c3*x1*x3 + c4*x1*x4 + c5*x2*x4,1.1987853582759936e-05*x0*x1*x3 + 18992.12369417532*x2 + 143.48937570276667*x4 + -397281.0121707438*x1*x3 + 1.0*x1*x4 + -33.60610124942844*x2*x4,x0;x1;x2;x3;x4,add;mul,24.0,3.0,6,x0;x1;x2;x3;x4;x5,y,True,deepinfra/meta-llama/Meta-Llama-3.1-8B-Instruct-Turbo,/home/anonymous/projects/scientific-intelligent-modelling/exp-planning/02.E1选择验证/llm_configs/benchmark_llm_deepinfra_llama31_8b_turbo.config,"Calculate the Polarizability given Number of atom, Electric dipole moment, Magnitude of electric field, Boltzmann constant There are 6 candidate variables in an unknown order. The unordered semantic-role multiset is: 1 v",/home/anonymous/projects/scientific-intelligent-modelling/experiments/semantic200_llm_physics_v2_4host_seed1314_20260429-205250/llmsr/anon-node-03/llmsr/g0022_feynman-ii.11.20/result.json
g0023,feynman-i.34.27,llmsr,1314,anon-node-04,g0023_feynman-i.34.27,ok,completed,not_timeout,False,False,3615.653,5.251608617877176e+31,5.290743080445585e+31,4.967559556442646e+31,4.931716051031886e+31,-8.695076879168083e+31,-4.807739975010762e+33,True,True,c0*x0,-7.4215928905913e-09*x0,x0,mul,3.0,2.0,4,x0;x1;x2;x3,y,True,deepinfra/meta-llama/Meta-Llama-3.1-8B-Instruct,/home/anonymous/projects/scientific-intelligent-modelling/exp-planning/02.E1选择验证/llm_configs/benchmark_llm_deepinfra_llama31_8b.config,"Calculate the Energy given Planck constant There are 4 candidate variables in an unknown order. The unordered semantic-role multiset is: 1 variable with semantic role ""h, Planck constant""; 3 distractor/meaningless variab",/home/anonymous/projects/scientific-intelligent-modelling/experiments/semantic200_llm_physics_v2_4host_seed1314_20260429-205250/llmsr/anon-node-04/llmsr/g0023_feynman-i.34.27/result.json
g0024,feynman-iii.13.18,llmsr,1314,anon-node-05,g0024_feynman-iii.13.18,ok,completed,not_timeout,False,False,3611.727,0.9960846301830891,0.9978548885024744,1.0084192986574851,1.0002104165783379,-0.008764353003670067,-0.004228066043005407,True,True,c0*(x3/(2*pi))**c1*sqrt(x0**2 + x1**2/x2**2)*exp(-c2*x4) + c3*x4**c4 + c5*x0*x4,1.0*(x3/(2*pi))**1.0*sqrt(x0**2 + x1**2/x2**2)*exp(-1.0*x4) + 1.0518344339550987e-07*x4**8.397447621603671 + 1.0*x0*x4,x0;x1;x2;x3;x4,add;exp;mul;pi;pow,38.0,7.0,5,x0;x1;x2;x3;x4,y,True,deepinfra/meta-llama/Meta-Llama-3.1-8B-Instruct-Turbo,/home/anonymous/projects/scientific-intelligent-modelling/exp-planning/02.E1选择验证/llm_configs/benchmark_llm_deepinfra_llama31_8b_turbo.config,"Calculate the Speed of the waves given Energy, Lattice constant, Wavenumber There are 5 candidate variables in an unknown order. The unordered semantic-role multiset is: 1 variable with semantic role ""A, Energy""; 1 varia",/home/anonymous/projects/scientific-intelligent-modelling/experiments/semantic200_llm_physics_v2_4host_seed1314_20260429-205250/llmsr/anon-node-05/llmsr/g0024_feynman-iii.13.18/result.json
g0025,feynman-bonus.4,llmsr,1314,anon-node-02,g0025_feynman-bonus.4,ok,completed,not_timeout,False,False,3613.23,8.718968276975278e+48,7.926085960194304e+48,9.742817188499757e+48,2.343544250234401e+51,-2.0942573108748383e+49,-4.3818361420541146e+51,True,True,c0 + c1*x0 + c2*x1 + c3*x2 + c4*x3 + c5*x4 + c6*x5 + c7*x6 + c8*x7,1.0 + 0.0007410891629879846*x0 + 0.20348196956847645*x1 + 1.0*x2 + 0.05969639814150964*x3 + 1.0*x4 + 1.0*x5 + 1.0*x6 + 1.0*x7,x0;x1;x2;x3;x4;x5;x6;x7,add;mul,26.0,3.0,8,x0;x1;x2;x3;x4;x5;x6;x7,y,True,deepinfra/meta-llama/Meta-Llama-3.1-8B-Instruct,/home/anonymous/projects/scientific-intelligent-modelling/exp-planning/02.E1选择验证/llm_configs/benchmark_llm_deepinfra_llama31_8b.config,"Calculate the Velocity given Mass (The Earth), Energy, Potential energy, Angular momentum, Distance There are 8 candidate variables in an unknown order. The unordered semantic-role multiset is: 1 variable with semantic r",/home/anonymous/projects/scientific-intelligent-modelling/experiments/semantic200_llm_physics_v2_4host_seed1314_20260429-205250/llmsr/anon-node-02/llmsr/g0025_feynman-bonus.4/result.json
g0026,feynman-bonus.4,llmsr,1314,anon-node-03,g0026_feynman-bonus.4,ok,completed,not_timeout,False,False,3611.603,2.5693704070385037e-32,1.7422944564783832e-31,2.2082060433096583e-32,2.2351166775425346e-30,1.0,1.0,True,True,sqrt(c2*x3**2/(x0*x4**2) + (2*c0*x1 - 2*c1*x2)/x0),sqrt(1.0*x3**2/(x0*x4**2) + (2*1.0*x1 - 2*1.0*x2)/x0),x0;x1;x2;x3;x4,add;mul;pow,27.0,6.0,5,x0;x1;x2;x3;x4,y,True,deepinfra/meta-llama/Meta-Llama-3.1-8B-Instruct-Turbo,/home/anonymous/projects/scientific-intelligent-modelling/exp-planning/02.E1选择验证/llm_configs/benchmark_llm_deepinfra_llama31_8b_turbo.config,"Calculate the Velocity given Mass (The Earth), Energy, Potential energy, Angular momentum, Distance",/home/anonymous/projects/scientific-intelligent-modelling/experiments/semantic200_llm_physics_v2_4host_seed1314_20260429-205250/llmsr/anon-node-03/llmsr/g0026_feynman-bonus.4/result.json
g0027,feynman-iii.17.37,llmsr,1314,anon-node-04,g0027_feynman-iii.17.37,ok,budget_exhausted_with_output,budget_exhausted_with_output,True,True,3610.088,5.69867121501124e+67,6.259169486935375e+67,5.670214442134646e+67,5.486455905351761e+67,-9.806295521350761e+67,-6.5239533563528466e+69,True,True,c0 + c1*x0 + c2*x1 + c3*x2 + c4*x3 + c5*x4,1.0 + 1.0*x0 + 1.0*x1 + -7.450580596923606e-09*x2 + 1.0*x3 + 1.0*x4,x0;x1;x2;x3;x4,add;mul,17.0,3.0,5,x0;x1;x2;x3;x4,y,True,deepinfra/meta-llama/Meta-Llama-3.1-8B-Instruct,/home/anonymous/projects/scientific-intelligent-modelling/exp-planning/02.E1选择验证/llm_configs/benchmark_llm_deepinfra_llama31_8b.config,"Calculate the Distribution given Variable, Variable, Angle There are 5 candidate variables in an unknown order. The unordered semantic-role multiset is: 1 variable with semantic role ""alpha, Variable""; 1 variable with se",/home/anonymous/projects/scientific-intelligent-modelling/experiments/semantic200_llm_physics_v2_4host_seed1314_20260429-205250/llmsr/anon-node-04/llmsr/g0027_feynman-iii.17.37/result.json
g0028,feynman-i.18.16,llmsr,1314,anon-node-05,g0028_feynman-i.18.16,ok,completed,not_timeout,False,False,3611.597,1.01685906622906e-14,5.5848646941181984e-15,5.393994391882852e-15,1.193257665606226e-16,0.9999999999999946,0.9999999999999999,True,True,c0*x0*x1*x3 + c1*x0**2*x3*sin(x4) + c2*x0*x1*x3*sin(x4),-1.4984127180701332e-10*x0*x1*x3 + -9.17952657974525e-09*x0**2*x3*sin(x4) + 0.9999999982863205*x0*x1*x3*sin(x4),x0;x1;x3;x4,add;mul;pow;sin,21.0,4.0,6,x0;x1;x2;x3;x4;x5,y,True,deepinfra/meta-llama/Meta-Llama-3.1-8B-Instruct-Turbo,/home/anonymous/projects/scientific-intelligent-modelling/exp-planning/02.E1选择验证/llm_configs/benchmark_llm_deepinfra_llama31_8b_turbo.config,"Calculate the Angular momentum given Mass, Distance, Velocity, Angle There are 6 candidate variables in an unknown order. The unordered semantic-role multiset is: 1 variable with semantic role ""m, Mass""; 1 variable with ",/home/anonymous/projects/scientific-intelligent-modelling/experiments/semantic200_llm_physics_v2_4host_seed1314_20260429-205250/llmsr/anon-node-05/llmsr/g0028_feynman-i.18.16/result.json
g0029,feynman-ii.34.11,llmsr,1314,anon-node-02,g0029_feynman-ii.34.11,ok,completed,not_timeout,False,False,3613.525,0.9989887052437325,1.0054260802372388,1.0031803840539988,1.0000094106712274,-0.0033072096183628386,-0.0006965906996281301,True,True,(c0*x0 + c1*x2)/(2*pi*x1),(-1.6774771836285676*x0 + 0.0031379832139074833*x2)/(2*pi*x1),x0;x1;x2,add;mul;pi;pow,15.0,4.0,7,x0;x1;x2;x3;x4;x5;x6,y,True,deepinfra/meta-llama/Meta-Llama-3.1-8B-Instruct,/home/anonymous/projects/scientific-intelligent-modelling/exp-planning/02.E1选择验证/llm_configs/benchmark_llm_deepinfra_llama31_8b.config,"Calculate the Angular frequency given g-factor, Electric charge, Magnetic field strength, Mass There are 7 candidate variables in an unknown order. The unordered semantic-role multiset is: 1 variable with semantic role """,/home/anonymous/projects/scientific-intelligent-modelling/experiments/semantic200_llm_physics_v2_4host_seed1314_20260429-205250/llmsr/anon-node-02/llmsr/g0029_feynman-ii.34.11/result.json
g0030,feynman-bonus.8,llmsr,1314,anon-node-03,g0030_feynman-bonus.8,ok,budget_exhausted_with_output,budget_exhausted_with_output,True,True,3602.032,9.976286675728275e-05,0.00010969596397723472,8.620048995785147e-05,1.7195992123669441,0.9998517033959919,-81.78622762253818,True,True,c0*x1 + c1*x0,1.0*x1 + 1.0*x0,x0;x1,add;mul,7.0,3.0,3,x0;x1;x2,y,True,deepinfra/meta-llama/Meta-Llama-3.1-8B-Instruct-Turbo,/home/anonymous/projects/scientific-intelligent-modelling/exp-planning/02.E1选择验证/llm_configs/benchmark_llm_deepinfra_llama31_8b_turbo.config,"Calculate the Energy given Electromagnetic energy, Electron mass There are 3 candidate variables in an unknown order. The unordered semantic-role multiset is: 1 variable with semantic role ""E, Electromagnetic energy""; 1 ",/home/anonymous/projects/scientific-intelligent-modelling/experiments/semantic200_llm_physics_v2_4host_seed1314_20260429-205250/llmsr/anon-node-03/llmsr/g0030_feynman-bonus.8/result.json
g0031,feynman-i.30.5,llmsr,1314,anon-node-04,g0031_feynman-i.30.5,ok,completed,not_timeout,False,False,3641.063,0.9998038657552931,1.0004661797590881,1.0000170452768844,1.0000089583487808,-0.0058924478053836715,-0.0022713452044820226,True,True,c0*x0*x2/(2*sin(x3)),1.0*x0*x2/(2*sin(x3)),x0;x2;x3,mul;pow;sin,9.0,4.0,6,x0;x1;x2;x3;x4;x5,y,True,deepinfra/meta-llama/Meta-Llama-3.1-8B-Instruct,/home/anonymous/projects/scientific-intelligent-modelling/exp-planning/02.E1选择验证/llm_configs/benchmark_llm_deepinfra_llama31_8b.config,"Calculate the Interplanar distance given Wavelength of X-ray, Number of phase difference, Incidence/Reflection angle There are 6 candidate variables in an unknown order. The unordered semantic-role multiset is: 1 variabl",/home/anonymous/projects/scientific-intelligent-modelling/experiments/semantic200_llm_physics_v2_4host_seed1314_20260429-205250/llmsr/anon-node-04/llmsr/g0031_feynman-i.30.5/result.json
g0032,feynman-i.41.16,llmsr,1314,anon-node-05,g0032_feynman-i.41.16,ok,completed,not_timeout,False,False,3611.729,0.9984174014663075,1.0030697250622789,1.0014612737477793,1.3870580951338357e+23,-0.10695567397799621,-4.1104339875899875e+24,True,True,c0*x0**2*x1**3 + c1*x0**2*x1**4 + c2*x0**3*x1**5 + c3*x0**4*x1**6,1.0*x0**2*x1**3 + 1.0*x0**2*x1**4 + 1.0*x0**3*x1**5 + 1.0*x0**4*x1**6,x0;x1,add;mul;pow,33.0,4.0,5,x0;x1;x2;x3;x4,y,True,deepinfra/meta-llama/Meta-Llama-3.1-8B-Instruct-Turbo,/home/anonymous/projects/scientific-intelligent-modelling/exp-planning/02.E1选择验证/llm_configs/benchmark_llm_deepinfra_llama31_8b_turbo.config,"Calculate the Radiation per frequency given Planck constant, Frequency of electromagnetic wave There are 5 candidate variables in an unknown order. The unordered semantic-role multiset is: 1 variable with semantic role """,/home/anonymous/projects/scientific-intelligent-modelling/experiments/semantic200_llm_physics_v2_4host_seed1314_20260429-205250/llmsr/anon-node-05/llmsr/g0032_feynman-i.41.16/result.json
g0033,feynman-iii.4.33,llmsr,1314,anon-node-02,g0033_feynman-iii.4.33,ok,completed,not_timeout,False,False,3611.335,3.2029278672969404e+43,2.773023689599151e+43,4.483842297653008e+43,1.0144127284391641e+43,-7.840202479932648e+43,-9.043616071644871e+44,True,True,c0*x0 + c1*x1**2,-8.159704688471582e-09*x0 + 3.4115844747864664e-05*x1**2,x0;x1,add;mul;pow,9.0,4.0,2,x0;x1,y,True,deepinfra/meta-llama/Meta-Llama-3.1-8B-Instruct,/home/anonymous/projects/scientific-intelligent-modelling/exp-planning/02.E1选择验证/llm_configs/benchmark_llm_deepinfra_llama31_8b.config,"Calculate the Energy given Planck constant, Frequency",/home/anonymous/projects/scientific-intelligent-modelling/experiments/semantic200_llm_physics_v2_4host_seed1314_20260429-205250/llmsr/anon-node-02/llmsr/g0033_feynman-iii.4.33/result.json
g0034,feynman-iii.4.33,llmsr,1314,anon-node-03,g0034_feynman-iii.4.33,ok,completed,not_timeout,False,False,3611.567,0.9999999165580776,0.9999999241687585,0.9999998965755051,0.9999989440253079,-0.748545365476093,-87.36944307506819,True,True,6.62607015e-34*x0*x1,6.62607015e-34*x0*x1,x0;x1,mul,4.0,2.0,5,x0;x1;x2;x3;x4,y,True,deepinfra/meta-llama/Meta-Llama-3.1-8B-Instruct-Turbo,/home/anonymous/projects/scientific-intelligent-modelling/exp-planning/02.E1选择验证/llm_configs/benchmark_llm_deepinfra_llama31_8b_turbo.config,"Calculate the Energy given Planck constant, Frequency There are 5 candidate variables in an unknown order. The unordered semantic-role multiset is: 1 variable with semantic role ""h, Planck constant""; 1 variable with sema",/home/anonymous/projects/scientific-intelligent-modelling/experiments/semantic200_llm_physics_v2_4host_seed1314_20260429-205250/llmsr/anon-node-03/llmsr/g0034_feynman-iii.4.33/result.json
g0035,feynman-i.37.4,llmsr,1314,anon-node-04,g0035_feynman-i.37.4,ok,completed,not_timeout,False,False,3628.012,0.3830391560088301,0.3736638132982501,0.3860494386004632,0.48810108217920123,0.24999928237616587,-53.01615530103572,True,True,c0*sin(c1 + x0) + c2*x1 + c3*x2,0.04916968617756138*sin(0.44501532250389025 + x0) + 0.9999999606696266*x1 + 1.009555669102554*x2,x0;x1;x2,add;mul;sin,13.0,5.0,6,x0;x1;x2;x3;x4;x5,y,True,deepinfra/meta-llama/Meta-Llama-3.1-8B-Instruct,/home/anonymous/projects/scientific-intelligent-modelling/exp-planning/02.E1选择验证/llm_configs/benchmark_llm_deepinfra_llama31_8b.config,"Calculate the Amplitude of wave given Amplitude of wave, Amplitude of wave, Phase difference There are 6 candidate variables in an unknown order. The unordered semantic-role multiset is: 1 variable with semantic role ""de",/home/anonymous/projects/scientific-intelligent-modelling/experiments/semantic200_llm_physics_v2_4host_seed1314_20260429-205250/llmsr/anon-node-04/llmsr/g0035_feynman-i.37.4/result.json
g0036,feynman-ii.37.1,llmsr,1314,anon-node-05,g0036_feynman-ii.37.1,ok,budget_exhausted_with_output,budget_exhausted_with_output,True,True,3602.528,0.9999999459068738,1.0000010553364718,1.0000000672882312,1.000157388240139,-1.1102151815656214e-06,-0.0007584379556702103,True,True,-c0*x0**2*x1 + c1*x0**2*x2**2,-1.0*x0**2*x1 + 1.0*x0**2*x2**2,x0;x1;x2,add;mul;pow,16.0,4.0,6,x0;x1;x2;x3;x4;x5,y,True,deepinfra/meta-llama/Meta-Llama-3.1-8B-Instruct-Turbo,/home/anonymous/projects/scientific-intelligent-modelling/exp-planning/02.E1选择验证/llm_configs/benchmark_llm_deepinfra_llama31_8b_turbo.config,"Calculate the Energy of magnetic field given Magnetic moment, Volume magnetic susceptibility, Magnetic field strength There are 6 candidate variables in an unknown order. The unordered semantic-role multiset is: 1 variab",/home/anonymous/projects/scientific-intelligent-modelling/experiments/semantic200_llm_physics_v2_4host_seed1314_20260429-205250/llmsr/anon-node-05/llmsr/g0036_feynman-ii.37.1/result.json
g0037,PO14,llmsr,1314,anon-node-02,g0037_PO14,ok,completed,not_timeout,False,False,3613.005,0.003977978768154405,0.00395243678625358,0.003961566191764469,0.0066321227926514036,0.9960310807878552,0.9897743028872745,True,True,-c0*x0 - c1*x2 + c2*sin(c3*x1) + c4*x0**2 + c5*x1**2 + c6*x2**2 + c7*x0*x2,-0.03637092900586658*x0 - 1.7126739058226685*x2 + 0.34329245271221565*sin(0.9991165874712662*x1) + 0.015551033381807522*x0**2 + -2.114331496213483e-05*x1**2 + -1.8441509654036388*x2**2 + 0.1518065864893784*x0*x2,x0;x1;x2,add;mul;pow;sin,34.0,5.0,3,x;t;v,dv_dt,True,deepinfra/meta-llama/Meta-Llama-3.1-8B-Instruct,/home/anonymous/projects/scientific-intelligent-modelling/exp-planning/02.E1选择验证/llm_configs/benchmark_llm_deepinfra_llama31_8b.config,"Calculate Acceleration in Non-linear Harmonic Oscillator given Position at time t, Time and Velocity at time t",/home/anonymous/projects/scientific-intelligent-modelling/experiments/semantic200_llm_physics_v2_4host_seed1314_20260429-205250/llmsr/anon-node-02/llmsr/g0037_PO14/result.json
g0038,feynman-i.44.4,llmsr,1314,anon-node-03,g0038_feynman-i.44.4,ok,completed,not_timeout,False,False,3611.563,0.908266234247032,0.9056574037186055,0.9022449048388573,3.993049917470865,0.0975307840997236,-2.9937299400265194,True,True,c0*x1*x2*x3*x4 + c1*exp(c2/(x0*x5)) + c3*log(x0) + c4*log(x5),35383.8056865083*x1*x2*x3*x4 + 34407.15000480726*exp(1.0/(x0*x5)) + -10911.90061025749*log(x0) + -63988.870197023236*log(x5),x0;x1;x2;x3;x4;x5,add;exp;log;mul;pow,26.0,6.0,6,x0;x1;x2;x3;x4;x5,y,True,deepinfra/meta-llama/Meta-Llama-3.1-8B-Instruct-Turbo,/home/anonymous/projects/scientific-intelligent-modelling/exp-planning/02.E1选择验证/llm_configs/benchmark_llm_deepinfra_llama31_8b_turbo.config,"Calculate the Energy given Number of molecules, Boltzmann constant, Temperature, Volume There are 6 candidate variables in an unknown order. The unordered semantic-role multiset is: 1 variable with semantic role ""k, Bolt",/home/anonymous/projects/scientific-intelligent-modelling/experiments/semantic200_llm_physics_v2_4host_seed1314_20260429-205250/llmsr/anon-node-03/llmsr/g0038_feynman-i.44.4/result.json
g0039,feynman-ii.11.3,llmsr,1314,anon-node-04,g0039_feynman-ii.11.3,ok,completed,not_timeout,False,False,3626.847,1.003000826292336,1.0409833369130241,11.12282767493416,4.010371619245891,-10.138168453828994,-3.010576271455932,True,True,c0*x0*x1/(x2*(x3**2 + x4**2)),1.0*x0*x1/(x2*(x3**2 + x4**2)),x0;x1;x2;x3;x4,add;mul;pow,16.0,5.0,6,x0;x1;x2;x3;x4;x5,y,True,deepinfra/meta-llama/Meta-Llama-3.1-8B-Instruct,/home/anonymous/projects/scientific-intelligent-modelling/exp-planning/02.E1选择验证/llm_configs/benchmark_llm_deepinfra_llama31_8b.config,"Calculate the Position given Electric charge, Magnitude of electric field, Mass, Angular velocity, Angular velocity There are 6 candidate variables in an unknown order. The unordered semantic-role multiset is: 1 variable",/home/anonymous/projects/scientific-intelligent-modelling/experiments/semantic200_llm_physics_v2_4host_seed1314_20260429-205250/llmsr/anon-node-04/llmsr/g0039_feynman-ii.11.3/result.json
g0040,feynman-bonus.16,llmsr,1314,anon-node-05,g0040_feynman-bonus.16,ok,completed,not_timeout,False,False,3611.689,0.5531298898711231,0.5178868371850682,0.5714341267642283,0.9268968837087714,0.20718559204676168,-3.5098067182192096,True,True,0.5*c0*x3**2 + c1*x0*x3 + c2*x3*x4 + c3*x1*x2 + c4*sqrt(x2**2 + x3**2) + c5*exp(x0*x4),0.5*1.0*x3**2 + 1.0*x0*x3 + 1.0*x3*x4 + 1.0000074029624262*x1*x2 + 0.05643599656269401*sqrt(x2**2 + x3**2) + 5.034732900868205*exp(x0*x4),x0;x1;x2;x3;x4,add;exp;mul;pow,36.0,6.0,6,x0;x1;x2;x3;x4;x5,y,True,deepinfra/meta-llama/Meta-Llama-3.1-8B-Instruct-Turbo,/home/anonymous/projects/scientific-intelligent-modelling/exp-planning/02.E1选择验证/llm_configs/benchmark_llm_deepinfra_llama31_8b_turbo.config,"Calculate the Energy given Momentum, Electric charge, Vector potential, Speed of light, Mass There are 6 candidate variables in an unknown order. The unordered semantic-role multiset is: 1 variable with semantic role ""A,",/home/anonymous/projects/scientific-intelligent-modelling/experiments/semantic200_llm_physics_v2_4host_seed1314_20260429-205250/llmsr/anon-node-05/llmsr/g0040_feynman-bonus.16/result.json
g0041,feynman-bonus.11,llmsr,1314,anon-node-02,g0041_feynman-bonus.11,ok,completed,not_timeout,False,False,3613.054,0.02705364389957819,0.03184457725733872,0.02953555905061608,0.07763656821536834,0.9619341154215857,0.8474806520628957,True,True,c0*x0*sin(2*pi*x2/x4)*sin(2*pi*x3/x4) + c1*x0*x5 + c2*x0*x6 + c3*x0*x4 + c4*x0*x1 + c5*x0*exp(-x4/x1) + c6*x0*cos(2*pi*x2/x4) + c7*x0**2*x1 + c8*x0**2*x2,1.0*x0*sin(2*pi*x2/x4)*sin(2*pi*x3/x4) + 1.0*x0*x5 + 1.0184773550629374*x0*x6 + 99.47202891109993*x0*x4 + 0.0002058073703389361*x0*x1 + -834.1813047984051*x0*exp(-x4/x1) + -834.7415320827291*x0*cos(2*pi*x2/x4) + -0.0032215902689804975*x0**2*x1 + 1.0*x0**2*x2,x0;x1;x2;x3;x4;x5;x6,add;cos;exp;mul;pi;pow;sin,69.0,6.0,7,x0;x1;x2;x3;x4;x5;x6,y,True,deepinfra/meta-llama/Meta-Llama-3.1-8B-Instruct,/home/anonymous/projects/scientific-intelligent-modelling/exp-planning/02.E1选择验证/llm_configs/benchmark_llm_deepinfra_llama31_8b.config,"Calculate the Wave intensity given Amplitude of wave, Wavelength of X-ray, Number of phase difference, Wavelength of X-ray There are 7 candidate variables in an unknown order. The unordered semantic-role multiset is: 1 v",/home/anonymous/projects/scientific-intelligent-modelling/experiments/semantic200_llm_physics_v2_4host_seed1314_20260429-205250/llmsr/anon-node-02/llmsr/g0041_feynman-bonus.11/result.json
g0042,feynman-bonus.5,llmsr,1314,anon-node-03,g0042_feynman-bonus.5,ok,completed,not_timeout,False,False,3611.58,0.09730686501851113,0.09103473947394297,0.08281180124374875,0.3133568027805564,0.8962254435651237,-14.12769233206979,True,True,2*pi*sqrt(x0**3/(x1*x2))*(c0*x0 + c1*x1 + c2*x2 + 1),2*pi*sqrt(x0**3/(x1*x2))*(4179870.8210873436*x0 + 8.776899985003822e-09*x1 + 6.293074014322932e-09*x2 + 1),x0;x1;x2,add;mul;pi;pow,26.0,5.0,3,x0;x1;x2,y,True,deepinfra/meta-llama/Meta-Llama-3.1-8B-Instruct-Turbo,/home/anonymous/projects/scientific-intelligent-modelling/exp-planning/02.E1选择验证/llm_configs/benchmark_llm_deepinfra_llama31_8b_turbo.config,"Calculate the Orbital period given Semimajor axis of elliptical orbit, Gravitational constant, Mass (The Earth)",/home/anonymous/projects/scientific-intelligent-modelling/experiments/semantic200_llm_physics_v2_4host_seed1314_20260429-205250/llmsr/anon-node-03/llmsr/g0042_feynman-bonus.5/result.json
g0043,feynman-i.18.4,llmsr,1314,anon-node-04,g0043_feynman-i.18.4,ok,completed,not_timeout,False,False,3640.033,0.28289891907025017,0.2635727376307938,0.26724367964122003,0.013618437599399656,0.7325098149953362,0.9863613772597087,True,True,c0 + c1*x0 + c2*x2 + c3*x3 + c4*x4,0.010216341311508713 + -0.012881245643706024*x0 + 0.4877874656230217*x2 + 0.006548008567665554*x3 + 0.5069500808473154*x4,x0;x2;x3;x4,add;mul,14.0,3.0,6,x0;x1;x2;x3;x4;x5,y,True,deepinfra/meta-llama/Meta-Llama-3.1-8B-Instruct,/home/anonymous/projects/scientific-intelligent-modelling/exp-planning/02.E1选择验证/llm_configs/benchmark_llm_deepinfra_llama31_8b.config,"Calculate the Center of gravity given Mass, Position, Mass, Position There are 6 candidate variables in an unknown order. The unordered semantic-role multiset is: 1 variable with semantic role ""m_1, Mass""; 1 variable wit",/home/anonymous/projects/scientific-intelligent-modelling/experiments/semantic200_llm_physics_v2_4host_seed1314_20260429-205250/llmsr/anon-node-04/llmsr/g0043_feynman-i.18.4/result.json
g0044,feynman-bonus.5,llmsr,1314,anon-node-05,g0044_feynman-bonus.5,ok,budget_exhausted_with_output,budget_exhausted_with_output,True,True,3602.427,0.2537535360172397,0.23143093018071245,0.2846387941843816,3.4185808460043345,0.6433085122812814,-266.6828175504408,True,True,1.00173715244876e-7*pi*sqrt(c0*x0**3/c1),1.00173715244876e-7*pi*sqrt(1.368804430981319*x0**3/0.6311955690186811),x0,mul;pi;pow,13.0,5.0,6,x0;x1;x2;x3;x4;x5,y,True,deepinfra/meta-llama/Meta-Llama-3.1-8B-Instruct-Turbo,/home/anonymous/projects/scientific-intelligent-modelling/exp-planning/02.E1选择验证/llm_configs/benchmark_llm_deepinfra_llama31_8b_turbo.config,"Calculate the Orbital period given Semimajor axis of elliptical orbit, Gravitational constant, Mass (The Earth) There are 6 candidate variables in an unknown order. The unordered semantic-role multiset is: 1 variable wit",/home/anonymous/projects/scientific-intelligent-modelling/experiments/semantic200_llm_physics_v2_4host_seed1314_20260429-205250/llmsr/anon-node-05/llmsr/g0044_feynman-bonus.5/result.json
g0045,feynman-i.11.19,llmsr,1314,anon-node-02,g0045_feynman-i.11.19,ok,completed,not_timeout,False,False,3613.182,166546.29498084512,144947.3652380846,241370.3918938263,11495477.51834175,-241783.57245867024,-11527169.113053698,True,True,c0*(x0*x1 + x2*x3 + x4*x5 + x6*x7),-7.111511119567426e-09*(x0*x1 + x2*x3 + x4*x5 + x6*x7),x0;x1;x2;x3;x4;x5;x6;x7,add;mul,15.0,4.0,8,x0;x1;x2;x3;x4;x5;x6;x7,y,True,deepinfra/meta-llama/Meta-Llama-3.1-8B-Instruct,/home/anonymous/projects/scientific-intelligent-modelling/exp-planning/02.E1选择验证/llm_configs/benchmark_llm_deepinfra_llama31_8b.config,"Calculate the Inner product given Element of a vector, Element of a vector, Element of a vector, Element of a vector, Element of a vector, Element of a vector There are 8 candidate variables in an unknown order. The unor",/home/anonymous/projects/scientific-intelligent-modelling/experiments/semantic200_llm_physics_v2_4host_seed1314_20260429-205250/llmsr/anon-node-02/llmsr/g0045_feynman-i.11.19/result.json
g0046,feynman-ii.15.4,llmsr,1314,anon-node-03,g0046_feynman-ii.15.4,ok,completed,not_timeout,False,False,3610.936,1.3886260079110292e-31,6.192208907449187e-32,1.3090679122578728e-31,2.4135151640882717e-31,1.0,1.0,True,True,-x0*x1*cos(x2),-x0*x1*cos(x2),x0;x1;x2,cos;mul,6.0,3.0,3,x0;x1;x2,y,True,deepinfra/meta-llama/Meta-Llama-3.1-8B-Instruct-Turbo,/home/anonymous/projects/scientific-intelligent-modelling/exp-planning/02.E1选择验证/llm_configs/benchmark_llm_deepinfra_llama31_8b_turbo.config,"Calculate the Energy from magnetic field given Magnetic dipole moment, Magnetic field strength, Angle",/home/anonymous/projects/scientific-intelligent-modelling/experiments/semantic200_llm_physics_v2_4host_seed1314_20260429-205250/llmsr/anon-node-03/llmsr/g0046_feynman-ii.15.4/result.json
g0047,feynman-i.15.3x,llmsr,1314,anon-node-04,g0047_feynman-i.15.3x,ok,completed,not_timeout,False,False,3626.2,0.2867247141066188,0.33277584345120104,0.2298271334834642,0.4892502743809208,0.7698807704442236,0.5107209294332875,True,True,c0 + c1*x1 + c2*x2 + c3*x0**2 + c4*x0*x1 + c5*x0*x2 + c6*x1*x2 + c7*x0**3 + c8*x0**2*x1 + c9*x0**2*x2,8.748281723318444 + 9.214599296541063e-06*x1 + -3.894620093058238*x2 + -0.005169052269687316*x0**2 + 2.1997451249459514e-08*x0*x1 + -21.716389099308465*x0*x2 + -1.0277511419700114*x1*x2 + 0.0002450949202709009*x0**3 + -9.404270880579925e-09*x0**2*x1 + -279.02535924312156*x0**2*x2,x0;x1;x2,add;mul;pow,42.0,4.0,4,x0;x1;x2;x3,y,True,deepinfra/meta-llama/Meta-Llama-3.1-8B-Instruct,/home/anonymous/projects/scientific-intelligent-modelling/exp-planning/02.E1选择验证/llm_configs/benchmark_llm_deepinfra_llama31_8b.config,"Calculate the Position given Position, Velocity, Time There are 4 candidate variables in an unknown order. The unordered semantic-role multiset is: 1 variable with semantic role ""t, Time""; 1 variable with semantic role """,/home/anonymous/projects/scientific-intelligent-modelling/experiments/semantic200_llm_physics_v2_4host_seed1314_20260429-205250/llmsr/anon-node-04/llmsr/g0047_feynman-i.15.3x/result.json
g0048,feynman-bonus.17,llmsr,1314,anon-node-05,g0048_feynman-bonus.17,ok,completed,not_timeout,False,False,3611.707,6.482786889042316e-32,7.749249562859584e-32,7.336336967024836e-32,5.732356926546368e-32,1.0,1.0,True,True,c0*x0 + c1*x1**2/(2*x0) + c2*x2*(x3**2 + x5**2) + c3*x4*(x3**2 + x5**2) + c4*(x0**2 + x5**2) + c5*x1*x2*x3 + c6*x0*x2**2 + c7*exp(-x4**2/(2*x5**2)),1.0*x0 + 1.0*x1**2/(2*x0) + 1.0*x2*(x3**2 + x5**2) + 1.0*x4*(x3**2 + x5**2) + 1.0*(x0**2 + x5**2) + 1.0*x1*x2*x3 + 1.0*x0*x2**2 + 1.0*exp(-x4**2/(2*x5**2)),x0;x1;x2;x3;x4;x5,add;exp;mul;pow,64.0,6.0,6,x0;x1;x2;x3;x4;x5,y,True,deepinfra/meta-llama/Meta-Llama-3.1-8B-Instruct-Turbo,/home/anonymous/projects/scientific-intelligent-modelling/exp-planning/02.E1选择验证/llm_configs/benchmark_llm_deepinfra_llama31_8b_turbo.config,"Calculate the Energy given Mass, Momentum, Frequency of electromagnetic waves, Position, Deviation from the harmonic oscillator, Distance",/home/anonymous/projects/scientific-intelligent-modelling/experiments/semantic200_llm_physics_v2_4host_seed1314_20260429-205250/llmsr/anon-node-05/llmsr/g0048_feynman-bonus.17/result.json
g0049,feynman-iii.15.27,llmsr,1314,anon-node-02,g0049_feynman-iii.15.27,ok,completed,not_timeout,False,False,3613.383,0.9999999999935523,0.9999999999492725,1.0000000000253553,0.9999999999950471,-0.00017343611025721906,-0.0003187108067983502,True,True,c0*sqrt(x0**2 + x1**2) + c1*x2/(x3**c2 + 1) + c3*exp(c4*x4 + c5*x5),1.0*sqrt(x0**2 + x1**2) + 33.52832283732554*x2/(x3**-2941.5984681402474 + 1) + 1.0*exp(1.0*x4 + 1.0*x5),x0;x1;x2;x3;x4;x5,add;exp;mul;pow,32.0,6.0,6,x0;x1;x2;x3;x4;x5,y,True,deepinfra/meta-llama/Meta-Llama-3.1-8B-Instruct,/home/anonymous/projects/scientific-intelligent-modelling/exp-planning/02.E1选择验证/llm_configs/benchmark_llm_deepinfra_llama31_8b.config,"Calculate the Wavenumber given Parameter of state, Number of atoms, Lattice constant There are 6 candidate variables in an unknown order. The unordered semantic-role multiset is: 1 variable with semantic role ""b, Lattice",/home/anonymous/projects/scientific-intelligent-modelling/experiments/semantic200_llm_physics_v2_4host_seed1314_20260429-205250/llmsr/anon-node-02/llmsr/g0049_feynman-iii.15.27/result.json
g0050,feynman-i.24.6,llmsr,1314,anon-node-03,g0050_feynman-i.24.6,ok,completed,not_timeout,False,False,3610.584,0.5503965960825918,0.6181270397177904,0.5427151921935067,0.6832392612432923,0.4328951618958907,-18.13059609903494,True,True,c0*(x0**2 + x4**2)*(x1**2 + x5**2) + c1*x2**2 + c2*x3**2,0.47321102831930656*(x0**2 + x4**2)*(x1**2 + x5**2) + 1.0*x2**2 + 4.5253957568787575*x3**2,x0;x1;x2;x3;x4;x5,add;mul;pow,27.0,5.0,6,x0;x1;x2;x3;x4;x5,y,True,deepinfra/meta-llama/Meta-Llama-3.1-8B-Instruct-Turbo,/home/anonymous/projects/scientific-intelligent-modelling/exp-planning/02.E1选择验证/llm_configs/benchmark_llm_deepinfra_llama31_8b_turbo.config,"Calculate the Energy given Mass, Angular velocity, Angular velocity, Position There are 6 candidate variables in an unknown order. The unordered semantic-role multiset is: 1 variable with semantic role ""m, Mass""; 1 varia",/home/anonymous/projects/scientific-intelligent-modelling/experiments/semantic200_llm_physics_v2_4host_seed1314_20260429-205250/llmsr/anon-node-03/llmsr/g0050_feynman-i.24.6/result.json
g0051,feynman-bonus.10,llmsr,1314,anon-node-04,g0051_feynman-bonus.10,ok,completed,not_timeout,False,False,3636.104,0.024150151933409598,0.024637466708655353,0.02281383642590311,0.40934344118094185,0.9771401569005234,0.5904535744932258,True,True,c0*cos(x0) + c1*sin(x0) + c2*cos(x1) + c3*x2 + c4*sin(x2) + c5*cos(x3) + c6*x4 + c7*x4**2 + c8*sin(x4) + c9,-0.001671494551623699*cos(x0) + -0.0005676444184665026*sin(x0) + 0.0005194378192953286*cos(x1) + -0.7753124792015867*x2 + -7.413565141301741e-05*sin(x2) + 0.001536872507605965*cos(x3) + 1.0*x4 + 1.0*x4**2 + 1.0*sin(x4) + 1.221145989863338,x0;x1;x2;x3;x4,add;cos;mul;pow;sin,37.0,4.0,5,x0;x1;x2;x3;x4,y,True,deepinfra/meta-llama/Meta-Llama-3.1-8B-Instruct,/home/anonymous/projects/scientific-intelligent-modelling/exp-planning/02.E1选择验证/llm_configs/benchmark_llm_deepinfra_llama31_8b.config,"Calculate the Value given Angle, Velocity There are 5 candidate variables in an unknown order. The unordered semantic-role multiset is: 1 variable with semantic role ""theta_2, Angle""; 1 variable with semantic role ""v, Ve",/home/anonymous/projects/scientific-intelligent-modelling/experiments/semantic200_llm_physics_v2_4host_seed1314_20260429-205250/llmsr/anon-node-04/llmsr/g0051_feynman-bonus.10/result.json
g0052,feynman-i.18.12,llmsr,1314,anon-node-05,g0052_feynman-i.18.12,ok,completed,not_timeout,False,False,3611.434,9.288290379732037e-15,7.688734698323362e-15,9.261517545298647e-15,5.123270882482586e-31,0.9999999999999908,1.0,True,True,c0*x0*x1*sin(x3),1.0*x0*x1*sin(x3),x0;x1;x3,mul;sin,6.0,3.0,4,x0;x1;x2;x3,y,True,deepinfra/meta-llama/Meta-Llama-3.1-8B-Instruct-Turbo,/home/anonymous/projects/scientific-intelligent-modelling/exp-planning/02.E1选择验证/llm_configs/benchmark_llm_deepinfra_llama31_8b_turbo.config,"Calculate the Torque given Distance, Force, Angle There are 4 candidate variables in an unknown order. The unordered semantic-role multiset is: 1 variable with semantic role ""F, Force""; 1 variable with semantic role ""r, ",/home/anonymous/projects/scientific-intelligent-modelling/experiments/semantic200_llm_physics_v2_4host_seed1314_20260429-205250/llmsr/anon-node-05/llmsr/g0052_feynman-i.18.12/result.json
g0053,feynman-ii.8.7,llmsr,1314,anon-node-02,g0053_feynman-ii.8.7,ok,completed,not_timeout,False,False,3612.943,0.901350262555324,0.8908625512730977,0.904169590011385,0.9898493922161563,-8.387182537972215e-05,-0.052864829627861765,True,True,c0 + c1*x0**2*x1 + c2*x0**3 + c3*x1**2 + c4*x0 + c5*x1,125.42322238839576 + 1.0*x0**2*x1 + 1.0*x0**3 + 1.0*x1**2 + 1.0335261902960478*x0 + 1.0*x1,x0;x1,add;mul;pow,24.0,4.0,5,x0;x1;x2;x3;x4,y,True,deepinfra/meta-llama/Meta-Llama-3.1-8B-Instruct,/home/anonymous/projects/scientific-intelligent-modelling/exp-planning/02.E1选择验证/llm_configs/benchmark_llm_deepinfra_llama31_8b.config,"Calculate the Energy given Electric charge, Vacuum permittivity There are 5 candidate variables in an unknown order. The unordered semantic-role multiset is: 1 variable with semantic role ""epsilon, Vacuum permittivity""; ",/home/anonymous/projects/scientific-intelligent-modelling/experiments/semantic200_llm_physics_v2_4host_seed1314_20260429-205250/llmsr/anon-node-02/llmsr/g0053_feynman-ii.8.7/result.json
g0054,feynman_II_2_42,llmsr,1314,anon-node-03,g0054_feynman_II_2_42,ok,completed,not_timeout,False,False,3614.771,1.663356125015031e-31,1.7533830228873973e-31,1.5399786144190214e-31,2.2533538094474046e-32,1.0,1.0,True,True,c0*x0*x3*(-x1 + x2)/x4,1.0*x0*x3*(-x1 + x2)/x4,x0;x1;x2;x3;x4,add;mul;pow,12.0,4.0,5,kappa;T1;T2;A;d,target,True,deepinfra/meta-llama/Meta-Llama-3.1-8B-Instruct-Turbo,/home/anonymous/projects/scientific-intelligent-modelling/exp-planning/02.E1选择验证/llm_configs/benchmark_llm_deepinfra_llama31_8b_turbo.config,"Calculate the heat flow rate given the thermal conductivity, two temperatures, area, and thickness.",/home/anonymous/projects/scientific-intelligent-modelling/experiments/semantic200_llm_physics_v2_4host_seed1314_20260429-205250/llmsr/anon-node-03/llmsr/g0054_feynman_II_2_42/result.json
g0055,feynman_II_34_11,llmsr,1314,anon-node-04,g0055_feynman_II_34_11,ok,completed,not_timeout,False,False,3622.244,7.042141117777455e-32,6.90210173582611e-32,7.059656529863693e-32,1.1642345075526984e-32,1.0,1.0,True,True,c0*x0*x1*x2/(2*x3),1.0*x0*x1*x2/(2*x3),x0;x1;x2;x3,mul;pow,9.0,3.0,4,g_;q;B;m,target,True,deepinfra/meta-llama/Meta-Llama-3.1-8B-Instruct,/home/anonymous/projects/scientific-intelligent-modelling/exp-planning/02.E1选择验证/llm_configs/benchmark_llm_deepinfra_llama31_8b.config,"Calculate the precession frequency given the g-factor, charge, magnetic field, and mass.",/home/anonymous/projects/scientific-intelligent-modelling/experiments/semantic200_llm_physics_v2_4host_seed1314_20260429-205250/llmsr/anon-node-04/llmsr/g0055_feynman_II_34_11/result.json
g0056,feynman_II_15_5,llmsr,1314,anon-node-05,g0056_feynman_II_15_5,ok,completed,not_timeout,False,False,3613.633,2.5797610353156213e-31,2.565362415108536e-31,2.677004436935004e-31,6.434843782767636e-32,1.0,1.0,True,True,-c0*x0*x1*cos(x2),-1.0*x0*x1*cos(x2),x0;x1;x2,cos;mul,7.0,3.0,3,p_d;Ef;theta,target,True,deepinfra/meta-llama/Meta-Llama-3.1-8B-Instruct-Turbo,/home/anonymous/projects/scientific-intelligent-modelling/exp-planning/02.E1选择验证/llm_configs/benchmark_llm_deepinfra_llama31_8b_turbo.config,"Calculate the potential energy given the electric dipole moment, electric field, and angle.",/home/anonymous/projects/scientific-intelligent-modelling/experiments/semantic200_llm_physics_v2_4host_seed1314_20260429-205250/llmsr/anon-node-05/llmsr/g0056_feynman_II_15_5/result.json
g0057,feynman_III_17_37,llmsr,1314,anon-node-02,g0057_feynman_III_17_37,ok,completed,not_timeout,False,False,3615.918,0.034203133585386375,0.03398578570976307,0.03402812051163986,0.20836255098563816,0.9647003945561928,0.532600482584334,True,True,c0*(c4*sin(c5*x2) + c6*x0*x1 + c7*x0**3 + c8*x1**3 + c9*x2 + cos(c3*x2))*exp(-c1*x0**2 - c2*x1**2),1.1839707868268068*(2.855973832899764*sin(1.4551923681714818*x2) + -0.07753548580922125*x0*x1 + 0.007709929793083238*x0**3 + 0.0008719685715407714*x1**3 + 0.15488034694278624*x2 + cos(1.9174344042359062*x2))*exp(--0.04520639026555991*x0**2 - -0.044826655108474146*x1**2),x0;x1;x2,add;cos;exp;mul;pow;sin,44.0,6.0,3,beta;alpha;theta,target,True,deepinfra/meta-llama/Meta-Llama-3.1-8B-Instruct,/home/anonymous/projects/scientific-intelligent-modelling/exp-planning/02.E1选择验证/llm_configs/benchmark_llm_deepinfra_llama31_8b.config,Calculate the scattering amplitude given the scaling coefficients and the angle.,/home/anonymous/projects/scientific-intelligent-modelling/experiments/semantic200_llm_physics_v2_4host_seed1314_20260429-205250/llmsr/anon-node-02/llmsr/g0057_feynman_III_17_37/result.json
g0058,feynman_II_36_38,llmsr,1314,anon-node-03,g0058_feynman_II_36_38,ok,completed,not_timeout,False,False,3617.306,0.01912972796518723,0.020099210906167272,0.022745583424520543,0.28235147629544993,0.9303541174239259,0.5956398373182696,True,True,c0*x0**2/(x2*x3) + c1*x1*x7 + c2*x4/(x5*x6) + c3*x0*x1/(x2*x3) + c4*x7**2 + c5*x5 + c6*x6 + c7*exp(-x7/x5) + c8*sin(x0*x1),0.10692581240251027*x0**2/(x2*x3) + -0.05708415750944994*x1*x7 + 0.8341271707001977*x4/(x5*x6) + 1.1911308927065698*x0*x1/(x2*x3) + 0.03836775630139597*x7**2 + 0.19666310185765085*x5 + -0.20378359514445868*x6 + -0.9621665839234963*exp(-x7/x5) + -0.01007828320723487*sin(x0*x1),x0;x1;x2;x3;x4;x5;x6;x7,add;exp;mul;pow;sin,61.0,6.0,8,mom;H;kb;T;alpha;epsilon;c;M,target,True,deepinfra/meta-llama/Meta-Llama-3.1-8B-Instruct-Turbo,/home/anonymous/projects/scientific-intelligent-modelling/exp-planning/02.E1选择验证/llm_configs/benchmark_llm_deepinfra_llama31_8b_turbo.config,"Calculate the interaction parameter given the magnetic moment, magnetic field intensity, temperature, Boltzmann's constant, permittivity, speed of light, material constants, and magnetization.",/home/anonymous/projects/scientific-intelligent-modelling/experiments/semantic200_llm_physics_v2_4host_seed1314_20260429-205250/llmsr/anon-node-03/llmsr/g0058_feynman_II_36_38/result.json
g0059,feynman_II_38_3,llmsr,1314,anon-node-04,g0059_feynman_II_38_3,ok,completed,not_timeout,False,False,3625.036,7.133833496851067e-32,7.16314007857317e-32,6.871173900488662e-32,1.3240208279809047e-32,1.0,1.0,True,True,c0*x0*x1*x3/x2,1.0*x0*x1*x3/x2,x0;x1;x2;x3,mul;pow,8.0,3.0,4,Y;A;d;x,target,True,deepinfra/meta-llama/Meta-Llama-3.1-8B-Instruct,/home/anonymous/projects/scientific-intelligent-modelling/exp-planning/02.E1选择验证/llm_configs/benchmark_llm_deepinfra_llama31_8b.config,"Calculate the elastic force given Young's modulus, cross-sectional area, displacement, and length.",/home/anonymous/projects/scientific-intelligent-modelling/experiments/semantic200_llm_physics_v2_4host_seed1314_20260429-205250/llmsr/anon-node-04/llmsr/g0059_feynman_II_38_3/result.json
g0060,feynman-i.27.6,llmsr,1314,anon-node-05,g0060_feynman-i.27.6,ok,completed,not_timeout,False,False,3611.493,0.3468047054622524,0.3316437535075023,0.33010656509955555,1.9352982069194375,0.5116069820368416,-3.092788928802827,True,True,c0 + c1*x0/(x0*(c2*x1 - 1) + 1) + c3*x2 + c4*x3 + c5*x4 + c6*x5,0.3535343585636489 + 0.3519634479617839*x0/(x0*(-0.628203044851823*x1 - 1) + 1) + 1.0*x2 + -0.0012380635735354574*x3 + 0.14677307440414877*x4 + 1.0*x5,x0;x1;x2;x3;x4;x5,add;mul;pow,28.0,8.0,6,x0;x1;x2;x3;x4;x5,y,True,deepinfra/meta-llama/Meta-Llama-3.1-8B-Instruct-Turbo,/home/anonymous/projects/scientific-intelligent-modelling/exp-planning/02.E1选择验证/llm_configs/benchmark_llm_deepinfra_llama31_8b_turbo.config,"Calculate the Focal length given Distance, Refractive index, Distance There are 6 candidate variables in an unknown order. The unordered semantic-role multiset is: 1 variable with semantic role ""d_1, Distance""; 1 variabl",/home/anonymous/projects/scientific-intelligent-modelling/experiments/semantic200_llm_physics_v2_4host_seed1314_20260429-205250/llmsr/anon-node-05/llmsr/g0060_feynman-i.27.6/result.json
g0061,feynman-ii.38.3,llmsr,1314,anon-node-02,g0061_feynman-ii.38.3,ok,completed,not_timeout,False,False,3612.03,0.9232354904928466,0.9093760994701944,0.9102689905032194,0.9783503553538816,0.08730711852434636,0.021049057453288667,True,True,0.5*c0*x2*x3/(x0*x1) + c1*x4 + c2*x5 + c3*x6,0.5*1.0*x2*x3/(x0*x1) + 0.09810910560324435*x4 + 1.0*x5 + 4.324003624878175e-05*x6,x0;x1;x2;x3;x4;x5;x6,add;mul;pow,21.0,4.0,7,x0;x1;x2;x3;x4;x5;x6,y,True,deepinfra/meta-llama/Meta-Llama-3.1-8B-Instruct,/home/anonymous/projects/scientific-intelligent-modelling/exp-planning/02.E1选择验证/llm_configs/benchmark_llm_deepinfra_llama31_8b.config,"Calculate the Force given Young's modulus, Area, Displacement, Length There are 7 candidate variables in an unknown order. The unordered semantic-role multiset is: 1 variable with semantic role ""A, Area""; 1 variable with",/home/anonymous/projects/scientific-intelligent-modelling/experiments/semantic200_llm_physics_v2_4host_seed1314_20260429-205250/llmsr/anon-node-02/llmsr/g0061_feynman-ii.38.3/result.json
g0062,Keijzer-7,llmsr,1314,anon-node-03,g0062_Keijzer-7,ok,completed,not_timeout,False,False,3610.531,1.5753489870178165e-08,2.00865288608117e-08,1.5146770151107325e-08,1.3985296388886176e-07,0.9999997293986449,0.9958916026244857,True,True,c0 + c1*x0 + c2*x0**2 + c3/(x0 + 1) + c4*sin(c5*x0 + c6) + c7*log(c8 + x0),0.013046732777292475 + 0.00031729607297861827*x0 + -1.7889716939492786e-06*x0**2 + -0.018141293351036904/(x0 + 1) + -3.0205631455899115e-05*sin(0.3511110930621067*x0 + 0.9929858246743669) + 0.9939562974609563*log(-0.005394511965438756 + x0),x0,add;log;mul;pow;sin,31.0,6.0,1,x1,target,True,deepinfra/meta-llama/Meta-Llama-3.1-8B-Instruct-Turbo,/home/anonymous/projects/scientific-intelligent-modelling/exp-planning/02.E1选择验证/llm_configs/benchmark_llm_deepinfra_llama31_8b_turbo.config,This is an abstract symbolic regression problem.,/home/anonymous/projects/scientific-intelligent-modelling/experiments/semantic200_llm_physics_v2_4host_seed1314_20260429-205250/llmsr/anon-node-03/llmsr/g0062_Keijzer-7/result.json
g0063,feynman-bonus.11,llmsr,1314,anon-node-04,g0063_feynman-bonus.11,ok,completed,not_timeout,False,False,3638.528,0.26216800130211965,0.28990220922292564,0.2695298924348062,0.39574327767605016,0.6526257127872495,0.21457962827344845,True,True,c0 + c1*x0 + c2*x1 + c3*x2 + c4*x3,-105.97932100061763 + 3287.2737167831647*x0 + 1.0*x1 + 2.120762161825892*x2 + 1.0*x3,x0;x1;x2;x3,add;mul,14.0,3.0,4,x0;x1;x2;x3,y,True,deepinfra/meta-llama/Meta-Llama-3.1-8B-Instruct,/home/anonymous/projects/scientific-intelligent-modelling/exp-planning/02.E1选择验证/llm_configs/benchmark_llm_deepinfra_llama31_8b.config,"Calculate the Wave intensity given Amplitude of wave, Wavelength of X-ray, Number of phase difference, Wavelength of X-ray",/home/anonymous/projects/scientific-intelligent-modelling/experiments/semantic200_llm_physics_v2_4host_seed1314_20260429-205250/llmsr/anon-node-04/llmsr/g0063_feynman-bonus.11/result.json
g0064,feynman-i.39.10,llmsr,1314,anon-node-05,g0064_feynman-i.39.10,ok,completed,not_timeout,False,False,3611.479,2.0057884618926786e-15,1.9756277810843482e-15,2.135655036681999e-15,8.13728062240379e-18,0.9999999999999974,0.9999999999999997,True,True,c0*x0*x1 + c1*x2 + c2*x3/x4 + c3*x0*x4 + c4,1.0*x0*x1 + 1.0*x2 + -7.207825598366541e-09*x3/x4 + 1.4999999955549883*x0*x4 + 2.2247693154398007e-07,x0;x1;x2;x3;x4,add;mul;pow,19.0,4.0,5,x0;x1;x2;x3;x4,y,True,deepinfra/meta-llama/Meta-Llama-3.1-8B-Instruct-Turbo,/home/anonymous/projects/scientific-intelligent-modelling/exp-planning/02.E1选择验证/llm_configs/benchmark_llm_deepinfra_llama31_8b_turbo.config,"Calculate the Internal energy given Pressure, Volume There are 5 candidate variables in an unknown order. The unordered semantic-role multiset is: 1 variable with semantic role ""P, Pressure""; 1 variable with semantic rol",/home/anonymous/projects/scientific-intelligent-modelling/experiments/semantic200_llm_physics_v2_4host_seed1314_20260429-205250/llmsr/anon-node-05/llmsr/g0064_feynman-i.39.10/result.json
g0065,feynman-i.50.26,llmsr,1314,anon-node-02,g0065_feynman-i.50.26,ok,completed,not_timeout,False,False,3611.037,0.00021506754684137076,0.00023316333065015178,0.0002406967022218665,0.0038040346190264264,0.9997275675843552,0.9961951233070642,True,True,c0*x0*(c1*sin(c2*x2 + x3) + c3*cos(c4*x1*x2) + c5*exp(-c6*x3) + c7*x3**3 + 1),0.7359464396331115*x0*(1.2197920390865022*sin(0.0021309626728454704*x2 + x3) + 1.358618591559812*cos(0.9999655357648164*x1*x2) + -0.9996453070482256*exp(--0.3507498720114016*x3) + 2.112734727836377*x3**3 + 1),x0;x1;x2;x3,add;cos;exp;mul;pow;sin,32.0,7.0,4,x0;x1;x2;x3,y,True,deepinfra/meta-llama/Meta-Llama-3.1-8B-Instruct,/home/anonymous/projects/scientific-intelligent-modelling/exp-planning/02.E1选择验证/llm_configs/benchmark_llm_deepinfra_llama31_8b.config,"Calculate the Amplitude given Amplitude, Angular velocity, Time, Variable",/home/anonymous/projects/scientific-intelligent-modelling/experiments/semantic200_llm_physics_v2_4host_seed1314_20260429-205250/llmsr/anon-node-02/llmsr/g0065_feynman-i.50.26/result.json
g0066,Nguyen-5,llmsr,1314,anon-node-03,g0066_Nguyen-5,ok,completed,not_timeout,False,False,3610.726,2.5646671795956496e-08,3.5455253773989715e-07,3.3210079617881336e-07,0.00036388772534762004,0.9999900734116514,-0.707247665935703,True,True,c0*exp(c1*x0) + c2*sin(c3*x0) + c4*cos(x0) + c5*x0**3 + c6*tan(c7*x0) + c8*(2*x0**4 + x0**2) + c9*(sin(2*x0) + 3*sin(4*x0)),0.4876075970129259*exp(1.5439248677467596*x0) + -0.6538654088926418*sin(0.04208621161829962*x0) + -1.4878551166134146*cos(x0) + -0.3373712162445093*x0**3 + 1.8799340274456127*tan(-0.36856272915145555*x0) + -0.3129731309527073*(2*x0**4 + x0**2) + -0.002289194521263802*(sin(2*x0) + 3*sin(4*x0)),x0,add;cos;exp;mul;pow;sin;tan,52.0,7.0,1,x1,target,True,deepinfra/meta-llama/Meta-Llama-3.1-8B-Instruct-Turbo,/home/anonymous/projects/scientific-intelligent-modelling/exp-planning/02.E1选择验证/llm_configs/benchmark_llm_deepinfra_llama31_8b_turbo.config,This is an abstract symbolic regression problem.,/home/anonymous/projects/scientific-intelligent-modelling/experiments/semantic200_llm_physics_v2_4host_seed1314_20260429-205250/llmsr/anon-node-03/llmsr/g0066_Nguyen-5/result.json
g0067,Nguyen-6,llmsr,1314,anon-node-04,g0067_Nguyen-6,ok,completed,not_timeout,False,False,3618.763,6.286824846425439e-07,0.0012142595666582983,1.991142892576926e-06,0.00896556786269379,0.999976262789896,0.9895701986917356,True,True,c0 + c1*x0 + c2*x0**2 + c3*x0**3 + c4*exp(c5*x0) + c6*sin(c7*x0) + c8*cos(c9*x0),1.3045181233727052 + 3.3126859106468367*x0 + 2.67910028876526*x0**2 + 0.7124577832131999*x0**3 + -0.8487596376983321*exp(2.001108041514082*x0) + 2.9882664135196237*sin(0.13116304113571578*x0) + -0.4561247056551643*cos(0.41271330280567153*x0),x0,add;cos;exp;mul;pow;sin,33.0,5.0,1,x1,target,True,deepinfra/meta-llama/Meta-Llama-3.1-8B-Instruct,/home/anonymous/projects/scientific-intelligent-modelling/exp-planning/02.E1选择验证/llm_configs/benchmark_llm_deepinfra_llama31_8b.config,This is an abstract symbolic regression problem.,/home/anonymous/projects/scientific-intelligent-modelling/experiments/semantic200_llm_physics_v2_4host_seed1314_20260429-205250/llmsr/anon-node-04/llmsr/g0067_Nguyen-6/result.json
g0068,Nguyen-9,llmsr,1314,anon-node-05,g0068_Nguyen-9,ok,completed,not_timeout,False,False,3610.867,8.998399906069067e-08,2.45473988145021e-07,5.867449700294361e-07,1.958539580003703e-05,0.9990881388276217,0.9995878971460617,True,True,c0 + c1*sin(c2*x0) + c3*cos(c4*x1) + c5*exp(c6*x0**2) + c7*exp(c8*x1**2) + c9*x0**3*x1**3,-0.1555084817698023 + 1.0247794658102662*sin(0.9733986585074855*x0) + -1.1426922169996796*cos(2.1911895084165467*x1) + -0.0003478591044840854*exp(3.186741283448652*x0**2) + 1.2992444311786235*exp(-1.3530028217727725*x1**2) + -0.0024021900319695006*x0**3*x1**3,x0;x1,add;cos;exp;mul;pow;sin,38.0,6.0,2,x1;x2,target,True,deepinfra/meta-llama/Meta-Llama-3.1-8B-Instruct-Turbo,/home/anonymous/projects/scientific-intelligent-modelling/exp-planning/02.E1选择验证/llm_configs/benchmark_llm_deepinfra_llama31_8b_turbo.config,This is an abstract symbolic regression problem.,/home/anonymous/projects/scientific-intelligent-modelling/experiments/semantic200_llm_physics_v2_4host_seed1314_20260429-205250/llmsr/anon-node-05/llmsr/g0068_Nguyen-9/result.json
g0069,feynman-ii.8.31,llmsr,1314,anon-node-02,g0069_feynman-ii.8.31,ok,completed,not_timeout,False,False,3612.655,0.999999999999998,0.9999999999999982,0.9999999999999983,0.9999999999999958,-0.2587301363142829,-42.215967068585876,True,True,c0*exp(-c1*x0) + c2*x2,1.0*exp(-1.0*x0) + 1.0*x2,x0;x2,add;exp;mul,11.0,5.0,3,x0;x1;x2,y,True,deepinfra/meta-llama/Meta-Llama-3.1-8B-Instruct,/home/anonymous/projects/scientific-intelligent-modelling/exp-planning/02.E1选择验证/llm_configs/benchmark_llm_deepinfra_llama31_8b.config,"Calculate the Energy given Vacuum permittivity There are 3 candidate variables in an unknown order. The unordered semantic-role multiset is: 1 variable with semantic role ""epsilon, Vacuum permittivity""; 2 distractor/mean",/home/anonymous/projects/scientific-intelligent-modelling/experiments/semantic200_llm_physics_v2_4host_seed1314_20260429-205250/llmsr/anon-node-02/llmsr/g0069_feynman-ii.8.31/result.json
g0070,III.21.20_3_0,llmsr,1314,anon-node-03,g0070_III.21.20_3_0,ok,budget_exhausted_with_output,budget_exhausted_with_output,True,True,3605.211,0.059921455667139904,0.05895799674703372,0.06232730848216001,1.0240515442595286,0.9307788704729929,-0.02406063865610064,True,True,c0 + c1*exp(c2*x0 + c3*x1 + c4*x2 + c5*x3) + c6*x0**2 + c7*x1**2 + c8*x2**2 + c9*x3**2,-0.0314473168988082 + 2.4296949968441535*exp(0.7375120539253083*x0 + 0.3257224445122176*x1 + 0.34278455109092204*x2 + 0.331320164294385*x3) + -0.00024517609670657715*x0**2 + 0.0525202054109803*x1**2 + 0.051679832841710696*x2**2 + 0.052176125153983295*x3**2,x0;x1;x2;x3,add;exp;mul;pow,38.0,6.0,4,j;rho_c_0;q;A_vec,m,True,deepinfra/meta-llama/Meta-Llama-3.1-8B-Instruct-Turbo,/home/anonymous/projects/scientific-intelligent-modelling/exp-planning/02.E1选择验证/llm_configs/benchmark_llm_deepinfra_llama31_8b_turbo.config,"Calculate the mass of a charge carrier given the current density, the charge carrier density, the elementary charge and the vector potential",/home/anonymous/projects/scientific-intelligent-modelling/experiments/semantic200_llm_physics_v2_4host_seed1314_20260429-205250/llmsr/anon-node-03/llmsr/g0070_III.21.20_3_0/result.json
g0071,feynman-ii.36.38,llmsr,1314,anon-node-04,g0071_feynman-ii.36.38,ok,completed,not_timeout,False,False,3623.888,0.9999999999999998,1.0,0.9999999999999996,1.0,-0.001505686325139699,-0.00023959068636325576,True,True,c0*x0*x5/(c1*x1 + c2*x3) + c3*x4 + c4*x2,1.0*x0*x5/(1.0*x1 + 1.0*x3) + 1.0*x4 + 1.0*x2,x0;x1;x2;x3;x4;x5,add;mul;pow,20.0,6.0,8,x0;x1;x2;x3;x4;x5;x6;x7,y,True,deepinfra/meta-llama/Meta-Llama-3.1-8B-Instruct,/home/anonymous/projects/scientific-intelligent-modelling/exp-planning/02.E1选择验证/llm_configs/benchmark_llm_deepinfra_llama31_8b.config,"Calculate the Parameter of magnetization given Magnetic moment, Magnetic field strength, Boltzmann constant, Temperature, Constant There are 8 candidate variables in an unknown order. The unordered semantic-role multiset",/home/anonymous/projects/scientific-intelligent-modelling/experiments/semantic200_llm_physics_v2_4host_seed1314_20260429-205250/llmsr/anon-node-04/llmsr/g0071_feynman-ii.36.38/result.json
g0072,feynman-i.43.31,llmsr,1314,anon-node-05,g0072_feynman-i.43.31,ok,budget_exhausted_with_output,budget_exhausted_with_output,True,True,3602.273,0.593854119764162,0.5721662807323843,0.5765195595337774,0.7087960935063571,0.2886613114486126,-35.044502922771144,True,True,c0*x1/(6*pi),4.672691629459269e-08*x1/(6*pi),x1,mul;pi;pow,7.0,3.0,2,x0;x1,y,True,deepinfra/meta-llama/Meta-Llama-3.1-8B-Instruct-Turbo,/home/anonymous/projects/scientific-intelligent-modelling/exp-planning/02.E1选择验证/llm_configs/benchmark_llm_deepinfra_llama31_8b_turbo.config,"Calculate the Diffusion coefficient given Viscosity, Boltzmann constant",/home/anonymous/projects/scientific-intelligent-modelling/experiments/semantic200_llm_physics_v2_4host_seed1314_20260429-205250/llmsr/anon-node-05/llmsr/g0072_feynman-i.43.31/result.json
g0073,feynman-i.43.31,llmsr,1314,anon-node-02,g0073_feynman-i.43.31,ok,completed,not_timeout,False,False,3611.422,1.0004295080648853,1.0005760380468072,1.000556150242224,1.0001128637622272,-0.23453625776180842,-28.615989545650393,True,True,c0*x1*x2/x0,1.0*x1*x2/x0,x0;x1;x2,mul;pow,7.0,3.0,3,x0;x1;x2,y,True,deepinfra/meta-llama/Meta-Llama-3.1-8B-Instruct,/home/anonymous/projects/scientific-intelligent-modelling/exp-planning/02.E1选择验证/llm_configs/benchmark_llm_deepinfra_llama31_8b.config,"Calculate the Diffusion coefficient given Viscosity, Boltzmann constant There are 3 candidate variables in an unknown order. The unordered semantic-role multiset is: 1 variable with semantic role ""k, Boltzmann constant"";",/home/anonymous/projects/scientific-intelligent-modelling/experiments/semantic200_llm_physics_v2_4host_seed1314_20260429-205250/llmsr/anon-node-02/llmsr/g0073_feynman-i.43.31/result.json
g0074,feynman-iii.4.32,llmsr,1314,anon-node-03,g0074_feynman-iii.4.32,ok,completed,not_timeout,False,False,3611.337,0.3994856130144624,0.4165296858302446,0.38789316746924996,35.00282126060878,0.5206140682114894,-35.215884118103986,True,True,c0*(x0**2 + x1**2)/(c1 + c2*x3) + c3*exp(-c4/(c5*x2)) + c6*x0*x2 + c7*sin(c8*x1),1.0*(x0**2 + x1**2)/(1.0 + 1.0*x3) + 588017.5758570204*exp(-73400.39566971769/(180.05427119842315*x2)) + -8.384985856035748e-08*x0*x2 + 1.0*sin(1.0*x1),x0;x1;x2;x3,add;exp;mul;pow;sin,39.0,6.0,4,x0;x1;x2;x3,y,True,deepinfra/meta-llama/Meta-Llama-3.1-8B-Instruct-Turbo,/home/anonymous/projects/scientific-intelligent-modelling/exp-planning/02.E1选择验证/llm_configs/benchmark_llm_deepinfra_llama31_8b_turbo.config,"Calculate the Average number of photons given Planck constant, Frequency There are 4 candidate variables in an unknown order. The unordered semantic-role multiset is: 1 variable with semantic role ""h, Planck constant""; 1",/home/anonymous/projects/scientific-intelligent-modelling/experiments/semantic200_llm_physics_v2_4host_seed1314_20260429-205250/llmsr/anon-node-03/llmsr/g0074_feynman-iii.4.32/result.json
g0075,feynman-bonus.3,llmsr,1314,anon-node-04,g0075_feynman-bonus.3,ok,completed,not_timeout,False,False,3624.706,0.2558308452294069,0.229179401173088,0.2489850259989571,0.18343815686362702,0.6175312953726348,0.6351150083036268,True,True,c0*x0*(-c1*x1 + 1)/(c1*x1*cos(x2 - x3) + 1),1.2168782578537767*x0*(-0.8925390226972459*x1 + 1)/(0.8925390226972459*x1*cos(x2 - x3) + 1),x0;x1;x2;x3,add;cos;mul;pow,22.0,8.0,6,x0;x1;x2;x3;x4;x5,y,True,deepinfra/meta-llama/Meta-Llama-3.1-8B-Instruct,/home/anonymous/projects/scientific-intelligent-modelling/exp-planning/02.E1选择验证/llm_configs/benchmark_llm_deepinfra_llama31_8b.config,"Calculate the Distance given Semimajor axis of elliptical orbit, Orbital eccentricity, Angle, Angle There are 6 candidate variables in an unknown order. The unordered semantic-role multiset is: 1 variable with semantic r",/home/anonymous/projects/scientific-intelligent-modelling/experiments/semantic200_llm_physics_v2_4host_seed1314_20260429-205250/llmsr/anon-node-04/llmsr/g0075_feynman-bonus.3/result.json
g0076,feynman-bonus.17,llmsr,1314,anon-node-05,g0076_feynman-bonus.17,ok,completed,not_timeout,False,False,3611.839,3.465484081960567e-15,2.7475329073234807e-15,4.110801039097757e-15,5.009961271595517e-17,0.9999999999999954,1.0,True,True,c0*x0 + c1*x1**2/(2*x0) + c2*(x5 - 1)**2 + c3*(x3**2 + x4**2) + c4*x6 + c5*sqrt(x3**2 + x4**2) + c6*x0**2 + c7*exp(-x5),1.0*x0 + 0.9999999929109835*x1**2/(2*x0) + 1.0*(x5 - 1)**2 + 4629.164867611531*(x3**2 + x4**2) + 1.0*x6 + 1.0*sqrt(x3**2 + x4**2) + 1.0*x0**2 + 1.0*exp(-x5),x0;x1;x3;x4;x5;x6,add;exp;mul;pow,54.0,6.0,7,x0;x1;x2;x3;x4;x5;x6,y,True,deepinfra/meta-llama/Meta-Llama-3.1-8B-Instruct-Turbo,/home/anonymous/projects/scientific-intelligent-modelling/exp-planning/02.E1选择验证/llm_configs/benchmark_llm_deepinfra_llama31_8b_turbo.config,"Calculate the Energy given Mass, Momentum, Frequency of electromagnetic waves, Position, Deviation from the harmonic oscillator, Distance There are 7 candidate variables in an unknown order. The unordered semantic-role m",/home/anonymous/projects/scientific-intelligent-modelling/experiments/semantic200_llm_physics_v2_4host_seed1314_20260429-205250/llmsr/anon-node-05/llmsr/g0076_feynman-bonus.17/result.json
g0077,I.40.1_4_0,llmsr,1314,anon-node-02,g0077_I.40.1_4_0,ok,completed,not_timeout,False,False,3617.941,0.5228429219398358,0.5277540768976619,0.5078977198684743,1.0271086537343452,0.44015134678412005,-0.126281915677801,True,True,c0 + c1*x0 + c2*x1 + c3*x2 + c4/x3**2 + c5*x4 + c6*x5,0.354346173904147 + -0.967217014558443*x0 + 0.5359925932425272*x1 + -0.28628028870034045*x2 + 1.706407408840347/x3**2 + 0.24340741631342114*x4 + 0.24791930323649702*x5,x0;x1;x2;x3;x4;x5,add;mul;pow,22.0,4.0,6,n;n_0;m;x;T;kb,g,True,deepinfra/meta-llama/Meta-Llama-3.1-8B-Instruct,/home/anonymous/projects/scientific-intelligent-modelling/exp-planning/02.E1选择验证/llm_configs/benchmark_llm_deepinfra_llama31_8b.config,"Calculate the acceleration due to gravity given the density of particles at a given point, the density of particles at the reference point, the mass of a particle, the height or distance from the reference point, the tem",/home/anonymous/projects/scientific-intelligent-modelling/experiments/semantic200_llm_physics_v2_4host_seed1314_20260429-205250/llmsr/anon-node-02/llmsr/g0077_I.40.1_4_0/result.json
g0078,III.21.20_2_0,llmsr,1314,anon-node-03,g0078_III.21.20_2_0,ok,completed,not_timeout,False,False,3615.426,4.079952118027052e-15,4.716526522248293e-15,4.131655688330666e-15,9.139549854327354e-17,0.9999999999999927,0.9999999999999999,True,True,c0 + c1*x0 + c2*x1 + c3*x2 + c4*x3**2 + c5*x0*x3/(x1*x2),-6.962626726811404e-07 + -3.366989259202607e-08*x0 + -8.52524733006945e-08*x1 + -8.60262163292196e-08*x2 + -1.5476578590692142e-08*x3**2 + -0.9999999942810334*x0*x3/(x1*x2),x0;x1;x2;x3,add;mul;pow,26.0,4.0,4,j;rho_c_0;q;m,A_vec,True,deepinfra/meta-llama/Meta-Llama-3.1-8B-Instruct-Turbo,/home/anonymous/projects/scientific-intelligent-modelling/exp-planning/02.E1选择验证/llm_configs/benchmark_llm_deepinfra_llama31_8b_turbo.config,"Calculate the vector potential given the current density, the charge carrier density, the elementary charge and the mass of a charge carrier",/home/anonymous/projects/scientific-intelligent-modelling/experiments/semantic200_llm_physics_v2_4host_seed1314_20260429-205250/llmsr/anon-node-03/llmsr/g0078_III.21.20_2_0/result.json
g0079,I.11.19_5_0,llmsr,1314,anon-node-04,g0079_I.11.19_5_0,ok,completed,not_timeout,False,False,3628.849,0.037920652526350566,0.03771300589397696,0.03778680991874198,0.17329021463198813,0.8891404061918217,0.7234457330781345,True,True,c0 + c1*x0 + c2*x1 + c3*x2 + c4*x3 + c5*x4 + c6*x5 + c7*x0*x1 + c8*x0*x2 + c9*x0*x3,0.07787874207667175 + -0.8687383650354046*x0 + 1.2260315059909357*x1 + -1.2490171216645085*x2 + -0.009846948331525978*x3 + 1.2055049783010388*x4 + -1.203361728187695*x5 + -0.0003976515849739041*x0*x1 + 0.001273135643803665*x0*x2 + 0.1547977640900725*x0*x3,x0;x1;x2;x3;x4;x5,add;mul,32.0,3.0,6,A;x1;x2;x3;y1;y2,y3,True,deepinfra/meta-llama/Meta-Llama-3.1-8B-Instruct,/home/anonymous/projects/scientific-intelligent-modelling/exp-planning/02.E1选择验证/llm_configs/benchmark_llm_deepinfra_llama31_8b.config,"Calculate the third variable or value given the resulting sum of products, the first coefficient, the second coefficient, the third coefficient, the first variable or value and the second variable or value",/home/anonymous/projects/scientific-intelligent-modelling/experiments/semantic200_llm_physics_v2_4host_seed1314_20260429-205250/llmsr/anon-node-04/llmsr/g0079_I.11.19_5_0/result.json
g0080,II.37.1_2_0,llmsr,1314,anon-node-05,g0080_II.37.1_2_0,ok,completed,not_timeout,False,False,3614.581,2.1389565104490306e-13,2.2367673823915782e-13,2.126684426334758e-13,,0.999999999999612,,True,True,c0 + c1*x0**c2*x1**c3*x2**c4 + c5*x1*x2,-1.0000167464684948 + 1.0000078005039559*x0**0.999998334941661*x1**-0.9999993941762947*x2**-0.9999995174895153 + 2.053792274083568e-07*x1*x2,x0;x1;x2,add;mul;pow,17.0,4.0,3,E_n;mom;B,chi,True,deepinfra/meta-llama/Meta-Llama-3.1-8B-Instruct-Turbo,/home/anonymous/projects/scientific-intelligent-modelling/exp-planning/02.E1选择验证/llm_configs/benchmark_llm_deepinfra_llama31_8b_turbo.config,"Calculate the magnetic susceptibility given the nth energy level, the magnetic moment and the magnetic field strength",/home/anonymous/projects/scientific-intelligent-modelling/experiments/semantic200_llm_physics_v2_4host_seed1314_20260429-205250/llmsr/anon-node-05/llmsr/g0080_II.37.1_2_0/result.json
g0081,II.36.38_4_0,llmsr,1314,anon-node-02,g0081_II.36.38_4_0,ok,completed,not_timeout,False,False,3618.517,0.15163803351233085,0.1437029834939051,0.15300346738813927,1.835101846320023,0.7755707960036675,-0.963467655603951,True,True,c0*exp(c1*x0 + c2*x1 + c3*x2)/(c4*x3 + c5*x4 + c6*x5 + c7*x6 + c8*x7 + 1),-26.18879006035027*exp(0.18479853396187101*x0 + -0.6673747196439311*x1 + -0.058228880313500285*x2)/(-0.0679614452714897*x3 + -0.060851369446915264*x4 + -0.05659235620014676*x5 + -0.18686466243510103*x6 + 0.08709274420436403*x7 + 1),x0;x1;x2;x3;x4;x5;x6;x7,add;exp;mul;pow,32.0,5.0,8,f;mom;H;kb;T;epsilon;c;M,alpha,True,deepinfra/meta-llama/Meta-Llama-3.1-8B-Instruct,/home/anonymous/projects/scientific-intelligent-modelling/exp-planning/02.E1选择验证/llm_configs/benchmark_llm_deepinfra_llama31_8b.config,"Calculate the polarizability of a medium or molecule given the resultant value of the function, the momentum of an object or particle, the magnetic field strength, the Boltzmann constant, the temperature in Kelvin, the e",/home/anonymous/projects/scientific-intelligent-modelling/experiments/semantic200_llm_physics_v2_4host_seed1314_20260429-205250/llmsr/anon-node-02/llmsr/g0081_II.36.38_4_0/result.json
g0082,II.34.2_1_0,llmsr,1314,anon-node-03,g0082_II.34.2_1_0,ok,completed,not_timeout,False,False,3613.499,2.5888556994398737e-15,2.624700054771935e-15,2.5615393709388552e-15,1.7664545553817756e-32,0.9999999999999949,1.0,True,True,2*c0*x0/(x1*x2),2*1.0*x0/(x1*x2),x0;x1;x2,mul;pow,10.0,3.0,3,mom;q;r,v,True,deepinfra/meta-llama/Meta-Llama-3.1-8B-Instruct-Turbo,/home/anonymous/projects/scientific-intelligent-modelling/exp-planning/02.E1选择验证/llm_configs/benchmark_llm_deepinfra_llama31_8b_turbo.config,"Calculate the velocity of an object given the momentum of an object, a factor or quantity, possibly a charge or a proportionality constant, though more context is needed for precise definition and possibly the radius of ",/home/anonymous/projects/scientific-intelligent-modelling/experiments/semantic200_llm_physics_v2_4host_seed1314_20260429-205250/llmsr/anon-node-03/llmsr/g0082_II.34.2_1_0/result.json
g0083,feynman-i.12.11,llmsr,1314,anon-node-04,g0083_feynman-i.12.11,ok,completed,not_timeout,False,False,3640.117,0.6423405680523432,0.723224596178495,0.6350367241140211,0.9313470564825673,0.36424844316188953,0.06865237028233384,True,True,c0*x0 + c1*x2 + c2*x5*sin(x6),4.761485236177298*x0 + -0.044590860502822884*x2 + 1.0*x5*sin(x6),x0;x2;x5;x6,add;mul;sin,12.0,4.0,7,x0;x1;x2;x3;x4;x5;x6,y,True,deepinfra/meta-llama/Meta-Llama-3.1-8B-Instruct,/home/anonymous/projects/scientific-intelligent-modelling/exp-planning/02.E1选择验证/llm_configs/benchmark_llm_deepinfra_llama31_8b.config,"Calculate the Force given Electric charge, Electric field, Magnetic field strength, Velocity, Angle There are 7 candidate variables in an unknown order. The unordered semantic-role multiset is: 1 variable with semantic r",/home/anonymous/projects/scientific-intelligent-modelling/experiments/semantic200_llm_physics_v2_4host_seed1314_20260429-205250/llmsr/anon-node-04/llmsr/g0083_feynman-i.12.11/result.json
g0084,feynman-ii.21.32,llmsr,1314,anon-node-05,g0084_feynman-ii.21.32,ok,completed,not_timeout,False,False,3611.333,0.12004747772480028,0.13175793858259857,0.1075086783364812,0.01584861918375119,0.8924507821022118,0.984151341620835,True,True,8987500000.0*c0*x0/x2**2,8987500000.0*1.4131070086902515*x0/x2**2,x0;x2,mul;pow,7.0,3.0,5,x0;x1;x2;x3;x4,y,True,deepinfra/meta-llama/Meta-Llama-3.1-8B-Instruct-Turbo,/home/anonymous/projects/scientific-intelligent-modelling/exp-planning/02.E1选择验证/llm_configs/benchmark_llm_deepinfra_llama31_8b_turbo.config,"Calculate the Electric potential given Electric charge, Vacuum permittivity, Distance There are 5 candidate variables in an unknown order. The unordered semantic-role multiset is: 1 variable with semantic role ""epsilon, ",/home/anonymous/projects/scientific-intelligent-modelling/experiments/semantic200_llm_physics_v2_4host_seed1314_20260429-205250/llmsr/anon-node-05/llmsr/g0084_feynman-ii.21.32/result.json
g0085,feynman-i.12.1,llmsr,1314,anon-node-02,g0085_feynman-i.12.1,ok,completed,not_timeout,False,False,3611.04,1.6385121807162625e-15,2.109594906189448e-15,1.7878664945728553e-15,1.643455698756341e-32,0.9999999999999978,1.0,True,True,c0*x0*x1 + c1*x0*x2 + c2*x1*x2,1.0*x0*x1 + 1.0*x0*x2 + 1.0*x1*x2,x0;x1;x2,add;mul,13.0,3.0,3,x0;x1;x2,y,True,deepinfra/meta-llama/Meta-Llama-3.1-8B-Instruct,/home/anonymous/projects/scientific-intelligent-modelling/exp-planning/02.E1选择验证/llm_configs/benchmark_llm_deepinfra_llama31_8b.config,"Calculate the Force of friction given Coefficient of friction, Normal force There are 3 candidate variables in an unknown order. The unordered semantic-role multiset is: 1 variable with semantic role ""mu, Coefficient of ",/home/anonymous/projects/scientific-intelligent-modelling/experiments/semantic200_llm_physics_v2_4host_seed1314_20260429-205250/llmsr/anon-node-02/llmsr/g0085_feynman-i.12.1/result.json
g0086,feynman-i.10.7,llmsr,1314,anon-node-03,g0086_feynman-i.10.7,ok,budget_exhausted_with_output,budget_exhausted_with_output,True,True,3602.186,0.3401629247835892,0.33580328993297864,0.3529623145572487,35.94563320893114,0.3784359253498428,-2493.652285104535,True,True,c0 + c1*exp(x0) + c2*sin(x1) + c3*cos(x2),1.78990376061471 + 0.0006597188095138743*exp(x0) + 0.007178467662054286*sin(x1) + -0.04371645975185457*cos(x2),x0;x1;x2,add;cos;exp;mul;sin,14.0,4.0,3,x0;x1;x2,y,True,deepinfra/meta-llama/Meta-Llama-3.1-8B-Instruct-Turbo,/home/anonymous/projects/scientific-intelligent-modelling/exp-planning/02.E1选择验证/llm_configs/benchmark_llm_deepinfra_llama31_8b_turbo.config,"Calculate the Mass given Invariant mass, Velocity There are 3 candidate variables in an unknown order. The unordered semantic-role multiset is: 1 variable with semantic role ""m_0, Invariant mass""; 1 variable with semanti",/home/anonymous/projects/scientific-intelligent-modelling/experiments/semantic200_llm_physics_v2_4host_seed1314_20260429-205250/llmsr/anon-node-03/llmsr/g0086_feynman-i.10.7/result.json
g0087,feynman-bonus.7,llmsr,1314,anon-node-04,g0087_feynman-bonus.7,ok,completed,not_timeout,False,False,3621.61,1.7085327620264005e+20,1.3824973177691192e+20,2.0717005807029168e+20,1.535429169597467e+23,-2.861940922664697e+20,-2.0581842807501644e+25,True,True,c0 + 8*pi*c1*x0*x2/3 - c2*x1,5.450631011088623e-08 + 8*pi*-9.679423369171782e-09*x0*x2/3 - -3.827966915032544e-08*x1,x0;x1;x2,add;mul;pi,12.0,3.0,5,x0;x1;x2;x3;x4,y,True,deepinfra/meta-llama/Meta-Llama-3.1-8B-Instruct,/home/anonymous/projects/scientific-intelligent-modelling/exp-planning/02.E1选择验证/llm_configs/benchmark_llm_deepinfra_llama31_8b.config,"Calculate the Hubble's constant given Gravitational constant, Density of the universe, Spacetime curvature There are 5 candidate variables in an unknown order. The unordered semantic-role multiset is: 1 variable with sem",/home/anonymous/projects/scientific-intelligent-modelling/experiments/semantic200_llm_physics_v2_4host_seed1314_20260429-205250/llmsr/anon-node-04/llmsr/g0087_feynman-bonus.7/result.json
g0088,strogatz_lv1,llmsr,1314,anon-node-05,g0088_strogatz_lv1,ok,completed,not_timeout,False,False,3610.573,2.122129295518868e-15,8.807747209113423e-13,1.0961353726457265e-13,3.3189797982395845e-15,0.999999999999884,0.9999999999999943,True,True,c0*x0 + c1*x0*x1/(c2 + x1) - c3*x0**2 + c4*x0*x1 + c5*exp(-c6*x1) + c7*sin(c8*x1),2.9999993160725014*x0 + 5.763378291786451e-06*x0*x1/(1.6665343478335692 + x1) - 0.9999999706876955*x0**2 + -2.0000012650995953*x0*x1 + 2.015408356011461e-06*exp(-5.192160877460358*x1) + -7.644908799209773e-07*sin(1.6264021094415508*x1),x0;x1,add;exp;mul;pow;sin,36.0,5.0,2,x;y,target,True,deepinfra/meta-llama/Meta-Llama-3.1-8B-Instruct-Turbo,/home/anonymous/projects/scientific-intelligent-modelling/exp-planning/02.E1选择验证/llm_configs/benchmark_llm_deepinfra_llama31_8b_turbo.config,This formula is about Interspecies competition dynamics for Species A. Calculate the Net population growth rate of Species A (dx/dt) given Population size of Species A and Population size of Species B,/home/anonymous/projects/scientific-intelligent-modelling/experiments/semantic200_llm_physics_v2_4host_seed1314_20260429-205250/llmsr/anon-node-05/llmsr/g0088_strogatz_lv1/result.json
g0089,strogatz_lv2,llmsr,1314,anon-node-02,g0089_strogatz_lv2,ok,completed,not_timeout,False,False,3612.491,4.592090951259498e-14,7.542804214460387e-13,1.5778344376266078e-13,5.966348104220356e-15,0.9999999999998394,0.9999999999999913,True,True,c0*x1 - c1*x0*x1 + c2*x1**2,2.0000008285894317*x1 - 0.9999999469784411*x0*x1 + -1.000000492352776*x1**2,x0;x1,add;mul;pow,14.0,4.0,2,x;y,target,True,deepinfra/meta-llama/Meta-Llama-3.1-8B-Instruct,/home/anonymous/projects/scientific-intelligent-modelling/exp-planning/02.E1选择验证/llm_configs/benchmark_llm_deepinfra_llama31_8b.config,This formula is about Interspecies competition dynamics for Species B. Calculate the Net population growth rate of Species B (dy/dt) given Population size of Species A and Population size of Species B,/home/anonymous/projects/scientific-intelligent-modelling/experiments/semantic200_llm_physics_v2_4host_seed1314_20260429-205250/llmsr/anon-node-02/llmsr/g0089_strogatz_lv2/result.json
g0090,Korns-1,llmsr,1314,anon-node-03,g0090_Korns-1,ok,completed,not_timeout,False,False,3610.944,5.510731367470733e-19,8.348633194350549e-20,6.144009480933441e-19,6.860709689510353e-19,1.0,1.0,True,True,c0 + c1*x0 + c2*x1 + c3*x2 + c4*x3 + c5*x4,1.5700000633028774 + -8.68615751847235e-09*x0 + -6.822898924914591e-09*x1 + -1.0134196878867913e-08*x2 + 24.29999999227039*x3 + -1.0404775199818458e-08*x4,x0;x1;x2;x3;x4,add;mul,17.0,3.0,5,x1;x2;x3;x4;x5,target,True,deepinfra/meta-llama/Meta-Llama-3.1-8B-Instruct-Turbo,/home/anonymous/projects/scientific-intelligent-modelling/exp-planning/02.E1选择验证/llm_configs/benchmark_llm_deepinfra_llama31_8b_turbo.config,This is an abstract symbolic regression problem.,/home/anonymous/projects/scientific-intelligent-modelling/experiments/semantic200_llm_physics_v2_4host_seed1314_20260429-205250/llmsr/anon-node-03/llmsr/g0090_Korns-1/result.json
g0091,strogatz_shearflow2,llmsr,1314,anon-node-04,g0091_strogatz_shearflow2,ok,completed,not_timeout,False,False,3638.259,0.08546336078500485,0.05285835731107461,0.0740912063261604,2.9831151218167666,0.9228085832285108,-2.125994583939482,True,True,c0*sin(x0)*cos(x1) + c1*cos(x0)*cos(x1) + c2*sin(x0)*sin(x1) + c3*sin(x1)*cos(x0) + c4*x0*sin(x1) + c5*x0*cos(x1) + c6*x1*sin(x0) + c7*x1*cos(x0) + c8*sin(x1) + c9*cos(x1),0.5268999282785658*sin(x0)*cos(x1) + -0.06067674218171071*cos(x0)*cos(x1) + 1.1048479396658486*sin(x0)*sin(x1) + -0.36689971298343416*sin(x1)*cos(x0) + -0.04762863930582151*x0*sin(x1) + 0.25095418683572995*x0*cos(x1) + -0.7725147440327614*x1*sin(x0) + 0.07455201060566176*x1*cos(x0) + -0.018991850928487024*sin(x1) + 0.04162747775997131*cos(x1),x0;x1,add;cos;mul;sin,53.0,4.0,2,x;y,target,True,deepinfra/meta-llama/Meta-Llama-3.1-8B-Instruct,/home/anonymous/projects/scientific-intelligent-modelling/exp-planning/02.E1选择验证/llm_configs/benchmark_llm_deepinfra_llama31_8b.config,This formula is about Azimuthal orientation dynamics of a particle in shear flow. Calculate the Angular velocity of azimuthal angle (dphi/dt) given Polar angle of particle and Azimuthal angle of particle,/home/anonymous/projects/scientific-intelligent-modelling/experiments/semantic200_llm_physics_v2_4host_seed1314_20260429-205250/llmsr/anon-node-04/llmsr/g0091_strogatz_shearflow2/result.json
g0092,strogatz_glider2,llmsr,1314,anon-node-05,g0092_strogatz_glider2,ok,completed,not_timeout,False,False,3611.183,0.0014921539361456286,0.0014812159648257845,0.001012275949695296,0.9888495041006466,0.9918369412028991,0.0032644082519348583,True,True,c0 + c1*x0 + c2*x1 + c3*sin(x1) + c4*cos(x1) + c5*x0**2 + c6*x1**2 + c7*x0*sin(x1) + c8*x0*cos(x1) + c9*sin(x0),0.586064376933574 + 0.7842429565210748*x0 + -0.0044979669889216424*x1 + -0.007120584974424425*sin(x1) + -0.9219248465128999*cos(x1) + 0.010668118373658893*x0**2 + 0.000229184625387771*x1**2 + 0.001550132898051679*x0*sin(x1) + 0.1835222238672852*x0*cos(x1) + -0.225427807920545*sin(x0),x0;x1,add;cos;mul;pow;sin,40.0,4.0,2,x;y,target,True,deepinfra/meta-llama/Meta-Llama-3.1-8B-Instruct-Turbo,/home/anonymous/projects/scientific-intelligent-modelling/exp-planning/02.E1选择验证/llm_configs/benchmark_llm_deepinfra_llama31_8b_turbo.config,This formula is about Phugoid oscillation trajectory angle dynamics. Calculate the Rate of change of flight path angle (dtheta/dt) given Current flight velocity and Current flight path angle,/home/anonymous/projects/scientific-intelligent-modelling/experiments/semantic200_llm_physics_v2_4host_seed1314_20260429-205250/llmsr/anon-node-05/llmsr/g0092_strogatz_glider2/result.json
g0093,Nguyen-11,llmsr,1314,anon-node-02,g0093_Nguyen-11,ok,completed,not_timeout,False,False,3612.639,3.5598657051263362e-06,0.0002711694527217233,8.047610637000247e-05,0.0007198968444646096,0.6069307511479323,0.9962617241826554,True,True,c0 + c1*x0 + c2*x1 + c3*x0*x1 + c4*x0**2 + c5*x1**2 + c6*x0*x1**2 + c7*x0**2*x1,0.9115755497636002 + 0.3112476728958669*x0 + -1.5468395081671835*x1 + 1.6246828602059231*x0*x1 + -0.260690775676812*x0**2 + 0.6273460537222117*x1**2 + -0.7750670587822563*x0*x1**2 + 0.07531899542380896*x0**2*x1,x0;x1,add;mul;pow,34.0,4.0,2,x1;x2,target,True,deepinfra/meta-llama/Meta-Llama-3.1-8B-Instruct,/home/anonymous/projects/scientific-intelligent-modelling/exp-planning/02.E1选择验证/llm_configs/benchmark_llm_deepinfra_llama31_8b.config,This is an abstract symbolic regression problem.,/home/anonymous/projects/scientific-intelligent-modelling/experiments/semantic200_llm_physics_v2_4host_seed1314_20260429-205250/llmsr/anon-node-02/llmsr/g0093_Nguyen-11/result.json
g0094,first_principles_planck,llmsr,1314,anon-node-03,g0094_first_principles_planck,ok,budget_exhausted_with_output,budget_exhausted_with_output,True,True,3602.163,0.8486199691459627,1.266274461280533,1.1597503990356988,2.268347080455312,-2.570192931534253,-201.70045408967235,True,True,c0 + c1*exp(-c2*x0/(c3*x1)),-97.91532188900521 + 1.0*exp(-1.0*x0/(1.0*x1)),x0;x1,add;exp;mul;pow,15.0,6.0,2,nu;T,target,True,deepinfra/meta-llama/Meta-Llama-3.1-8B-Instruct-Turbo,/home/anonymous/projects/scientific-intelligent-modelling/exp-planning/02.E1选择验证/llm_configs/benchmark_llm_deepinfra_llama31_8b_turbo.config,"The Planck's law is a model for the spectral radiance of a black body, given it's temperature and frequency. Data was synthetically generated using the Planck's law, with a range of parameters using the scripts in the pu",/home/anonymous/projects/scientific-intelligent-modelling/experiments/semantic200_llm_physics_v2_4host_seed1314_20260429-205250/llmsr/anon-node-03/llmsr/g0094_first_principles_planck/result.json
g0095,strogatz_bacres2,llmsr,1314,anon-node-04,g0095_strogatz_bacres2,ok,completed,not_timeout,False,False,3618.971,2.85256944073481e-05,2.2973910518681016e-05,2.79750062911701e-05,0.2911349226437556,0.9998331677235835,0.7088649549115197,True,True,c0*x0*x1/((c1 + x0)*(c2 + x1)) + c3*x0**2/(c4 + x0**2) + c5*x1**2/(c6 + x1**2) + c7*x0*x1/(c8 + x0*x1),243.73607036657424*x0*x1/((3.0146524430555677 + x0)*(3.2589258817916553 + x1)) + -66.2695991574609*x0**2/(15.79058272432419 + x0**2) + -72.22177615014273*x1**2/(26.85970661593171 + x1**2) + -74.93741657947102*x0*x1/(298.6920741353589 + x0*x1),x0;x1,add;mul;pow,50.0,6.0,2,x;y,target,True,deepinfra/meta-llama/Meta-Llama-3.1-8B-Instruct,/home/anonymous/projects/scientific-intelligent-modelling/exp-planning/02.E1选择验证/llm_configs/benchmark_llm_deepinfra_llama31_8b.config,This formula is about Dynamics of bacterial growth in a chemostat. Calculate the Rate of change of bacterial population (dy/dt) given Current nutrient concentration and Current bacterial population density,/home/anonymous/projects/scientific-intelligent-modelling/experiments/semantic200_llm_physics_v2_4host_seed1314_20260429-205250/llmsr/anon-node-04/llmsr/g0095_strogatz_bacres2/result.json
g0096,strogatz_predprey2,llmsr,1314,anon-node-05,g0096_strogatz_predprey2,ok,completed,not_timeout,False,False,3610.761,2.2477476125644013e-13,1.94132059033159e-13,2.0463425006772704e-13,6.017485254637517e-13,0.9999999999997351,0.9999999999992538,True,True,c0*c1*x0*x1/(c2 + x0) - c3*x1**2 + c4*exp(c5*x0),1.0000002920469886*0.9999995179511596*x0*x1/(1.000001024411936 + x0) - 0.07499995802926915*x1**2 + -1.0505260335765053e-07*exp(0.08579028348489624*x0),x0;x1,add;exp;mul;pow,23.0,5.0,2,x;y,target,True,deepinfra/meta-llama/Meta-Llama-3.1-8B-Instruct-Turbo,/home/anonymous/projects/scientific-intelligent-modelling/exp-planning/02.E1选择验证/llm_configs/benchmark_llm_deepinfra_llama31_8b_turbo.config,This formula is about Predator dynamics based on prey availability. Calculate the Rate of change of predator population (dy/dt) given Prey population size and Predator population size,/home/anonymous/projects/scientific-intelligent-modelling/experiments/semantic200_llm_physics_v2_4host_seed1314_20260429-205250/llmsr/anon-node-05/llmsr/g0096_strogatz_predprey2/result.json
g0097,Keijzer-1,llmsr,1314,anon-node-02,g0097_Keijzer-1,ok,completed,not_timeout,False,False,3610.54,0.2195256804712241,0.40835116741735206,0.21985177118658342,2.2152393355317037,0.7389230030339675,-7.863735098424186,True,True,c0 + c1*x0 + c2*x0**2 + c3*exp(c4*x0) + c5*sin(c6*x0) + c7*cos(c8*x0) + c9*x0**3,-12.86767643362492 + 0.11699745541393612*x0 + 4.471870589809815*x0**2 + 2.1158207374835545e-05*exp(9.907770169024772*x0) + 3.293414830373458*sin(-0.002680539392454844*x0) + 12.947332302466585*cos(0.8898188696510687*x0) + -0.28449691821836426*x0**3,x0,add;cos;exp;mul;pow;sin,33.0,5.0,1,x1,target,True,deepinfra/meta-llama/Meta-Llama-3.1-8B-Instruct,/home/anonymous/projects/scientific-intelligent-modelling/exp-planning/02.E1选择验证/llm_configs/benchmark_llm_deepinfra_llama31_8b.config,This is an abstract symbolic regression problem.,/home/anonymous/projects/scientific-intelligent-modelling/experiments/semantic200_llm_physics_v2_4host_seed1314_20260429-205250/llmsr/anon-node-02/llmsr/g0097_Keijzer-1/result.json
g0098,strogatz_barmag1,llmsr,1314,anon-node-03,g0098_strogatz_barmag1,ok,completed,not_timeout,False,False,3610.779,2.6394858535906724e-13,1.6132566461593505e-13,1.281012653647929e-13,2.3749353087245506e-13,0.9999999999997371,0.9999999999995948,True,True,c0*sin(x0 - x1) + c1*sin(x0) + c2*sin(x1),0.5000004218914117*sin(x0 - x1) + -1.0000005504285936*sin(x0) + 8.140308416755364e-08*sin(x1),x0;x1,add;mul;sin,17.0,6.0,2,x;y,target,True,deepinfra/meta-llama/Meta-Llama-3.1-8B-Instruct-Turbo,/home/anonymous/projects/scientific-intelligent-modelling/exp-planning/02.E1选择验证/llm_configs/benchmark_llm_deepinfra_llama31_8b_turbo.config,This formula is about Coupled dynamics of the first magnetic dipole. Calculate the Angular velocity of the first magnet (dtheta/dt) given Angle of the first magnet and Angle of the second magnet,/home/anonymous/projects/scientific-intelligent-modelling/experiments/semantic200_llm_physics_v2_4host_seed1314_20260429-205250/llmsr/anon-node-03/llmsr/g0098_strogatz_barmag1/result.json
g0099,Keijzer-2,llmsr,1314,anon-node-04,g0099_Keijzer-2,ok,completed,not_timeout,False,False,3639.59,0.5809937622447607,1.1998150362294755,0.5844644837699039,8.172411859634382,0.3922274520491503,-37.58380411363886,True,True,c0 + c1*x0 + c2*x0**2 + c3*x0**3 + c4*exp(c5*x0) + c6*sin(c7*x0) + c8*cos(c9*x0),206.00111792944475 + 124.14188734908416*x0 + -14.73322505684279*x0**2 + -6.104396223418765*x0**3 + 1.2057098738647345e-05*exp(6.145207271846761*x0) + 224.12400016536554*sin(-0.5544342943401726*x0) + -206.0917988432322*cos(0.3830952136153737*x0),x0,add;cos;exp;mul;pow;sin,33.0,5.0,1,x1,target,True,deepinfra/meta-llama/Meta-Llama-3.1-8B-Instruct,/home/anonymous/projects/scientific-intelligent-modelling/exp-planning/02.E1选择验证/llm_configs/benchmark_llm_deepinfra_llama31_8b.config,This is an abstract symbolic regression problem.,/home/anonymous/projects/scientific-intelligent-modelling/experiments/semantic200_llm_physics_v2_4host_seed1314_20260429-205250/llmsr/anon-node-04/llmsr/g0099_Keijzer-2/result.json
g0100,PO18,llmsr,1314,anon-node-05,g0100_PO18,ok,completed,not_timeout,False,False,3610.983,5.622935710346539e-07,5.868602710076526e-07,5.683274209833384e-07,2.2743683231413793e-06,0.9999994292197829,0.9999975476991962,True,True,-c0*x0 - c1*x0**2 - c2*x0**3 - c3*x1 + c4*x2 + c5*x0*x2 + c6*x2**2 + c7*x0*x2**2 + c8*x1*x2 + c9*x2**3,-1.3625812721809465*x0 - -5.7817592748693355e-05*x0**2 - 0.45222962901596075*x0**3 - -7.678970677989478e-06*x1 + -0.00022801867617841618*x2 + -0.49301786034654665*x0*x2 + -0.00010049830520444753*x2**2 + -0.25115352148999615*x0*x2**2 + 5.239639285537245e-06*x1*x2 + 0.00010988992489054138*x2**3,x0;x1;x2,add;mul;pow,48.0,4.0,3,x;t;v,dv_dt,True,deepinfra/meta-llama/Meta-Llama-3.1-8B-Instruct-Turbo,/home/anonymous/projects/scientific-intelligent-modelling/exp-planning/02.E1选择验证/llm_configs/benchmark_llm_deepinfra_llama31_8b_turbo.config,"Calculate Acceleration in Non-linear Harmonic Oscillator given Position at time t, Time and Velocity at time t",/home/anonymous/projects/scientific-intelligent-modelling/experiments/semantic200_llm_physics_v2_4host_seed1314_20260429-205250/llmsr/anon-node-05/llmsr/g0100_PO18/result.json
g0101,PO21,llmsr,1314,anon-node-02,g0101_PO21,ok,completed,not_timeout,False,False,3612.947,0.035479971462688775,0.035877427409667005,0.039479747284248586,0.17180231087643974,0.9605067683709305,0.8159617225519382,True,True,c0 + c1*x2 + c2*x0 + c3*x0**2 + c4*x2**2 + c5*x0*x2 + c6*sin(x1) + c7*cos(x1) + c8*sin(x0) + c9*cos(x0),-2.709707766296701 + 4.450737867377194*x2 + -0.03772475136383136*x0 + 0.001352053630235986*x0**2 + 0.017424598942142572*x2**2 + -0.0006625844741432708*x0*x2 + 0.7739276454021141*sin(x1) + 3.4310634099007897*cos(x1) + -0.17530344385133964*sin(x0) + -1.1724816448032902*cos(x0),x0;x1;x2,add;cos;mul;pow;sin,38.0,4.0,3,x;t;v,dv_dt,True,deepinfra/meta-llama/Meta-Llama-3.1-8B-Instruct,/home/anonymous/projects/scientific-intelligent-modelling/exp-planning/02.E1选择验证/llm_configs/benchmark_llm_deepinfra_llama31_8b.config,"Calculate Acceleration in Non-linear Harmonic Oscillator given Position at time t, Time and Velocity at time t",/home/anonymous/projects/scientific-intelligent-modelling/experiments/semantic200_llm_physics_v2_4host_seed1314_20260429-205250/llmsr/anon-node-02/llmsr/g0101_PO21/result.json
g0102,CRK23,llmsr,1314,anon-node-03,g0102_CRK23,ok,completed,not_timeout,False,False,3610.883,6.755297279766128e-06,6.841748784366837e-06,5.9465716989092284e-06,0.37022446770318296,0.9999928437683527,-0.20799347937965607,True,True,c0 + c1*exp(-x0) + c2*exp(-x1) + c3*x0**2 + c4*x1**2 + c5*x0*x1 + c6/(x0 + 1) + c7/(x1 + 1),0.9860444627610724 + 0.1316959295214002*exp(-x0) + -1.2268283493290288*exp(-x1) + 1.117113790932336e-06*x0**2 + -0.07851400477918259*x1**2 + -4.8436532815235897e-05*x0*x1 + -0.08101701841405523/(x0 + 1) + -0.5001137568419184/(x1 + 1),x0;x1,add;exp;mul;pow,42.0,5.0,2,t;A,dA_dt,True,deepinfra/meta-llama/Meta-Llama-3.1-8B-Instruct-Turbo,/home/anonymous/projects/scientific-intelligent-modelling/exp-planning/02.E1选择验证/llm_configs/benchmark_llm_deepinfra_llama31_8b_turbo.config,Calculate Rate of change of concentration in chemistry reaction kinetics given Time and Concentration at time t,/home/anonymous/projects/scientific-intelligent-modelling/experiments/semantic200_llm_physics_v2_4host_seed1314_20260429-205250/llmsr/anon-node-03/llmsr/g0102_CRK23/result.json
g0103,BPG9,llmsr,1314,anon-node-04,g0103_BPG9,ok,completed,not_timeout,False,False,3637.392,0.006443354329980784,0.006301049065018884,0.006694099176952404,1.9491025116791814,0.9924108341680334,-1.1104192853607628,True,True,c0*x1*(-c1*x0 + 1) - c2*x1**2 + c3*x1*log(x1) + c4*x1**2*exp(-c5*x0),-0.23749568554688869*x1*(-0.0002994549252914959*x0 + 1) - 0.21776493986306256*x1**2 + 1.0895778353499774*x1*log(x1) + 1.6431477508027528*x1**2*exp(-0.7033868415042007*x0),x0;x1,add;exp;log;mul;pow,31.0,5.0,2,t;P,dP_dt,True,deepinfra/meta-llama/Meta-Llama-3.1-8B-Instruct,/home/anonymous/projects/scientific-intelligent-modelling/exp-planning/02.E1选择验证/llm_configs/benchmark_llm_deepinfra_llama31_8b.config,Calculate Population growth rate given Time and Population at time t,/home/anonymous/projects/scientific-intelligent-modelling/experiments/semantic200_llm_physics_v2_4host_seed1314_20260429-205250/llmsr/anon-node-04/llmsr/g0103_BPG9/result.json
g0104,PO27,llmsr,1314,anon-node-05,g0104_PO27,ok,completed,not_timeout,False,False,3610.774,2.0486782720388138e-05,1.941406542297287e-05,2.0047176861059065e-05,1.988027912898078e-05,0.9999799141440016,0.9999692499950709,True,True,-c0*x0 - c1*x2 + c2*sin(x1) + c3*x0**2 + c4*x2**2 + c5*cos(x1) + c6*x0*x2 + c7*x1**2 + c8*x0**3 + c9*x2**3,--0.018324663491733333*x0 - 1.0275024195579399*x2 + 0.667685443624566*sin(x1) + -0.011355216232080481*x0**2 + -0.0089135021929544*x2**2 + -0.008752935653741559*cos(x1) + -0.0005067314076564205*x0*x2 + 1.9161749942753697e-07*x1**2 + 0.0006882988728491484*x0**3 + 0.29082326409357556*x2**3,x0;x1;x2,add;cos;mul;pow;sin,46.0,4.0,3,x;t;v,dv_dt,True,deepinfra/meta-llama/Meta-Llama-3.1-8B-Instruct-Turbo,/home/anonymous/projects/scientific-intelligent-modelling/exp-planning/02.E1选择验证/llm_configs/benchmark_llm_deepinfra_llama31_8b_turbo.config,"Calculate Acceleration in Non-linear Harmonic Oscillator given Position at time t, Time and Velocity at time t",/home/anonymous/projects/scientific-intelligent-modelling/experiments/semantic200_llm_physics_v2_4host_seed1314_20260429-205250/llmsr/anon-node-05/llmsr/g0104_PO27/result.json
g0105,BPG7,llmsr,1314,anon-node-02,g0105_BPG7,ok,completed,not_timeout,False,False,3606.49,0.00017980323922720765,0.00023874169775823254,0.0001370498193555218,77.1979916078918,0.9998472711243364,-81.48578979966025,True,True,c0 + c1*x0 + c2*x1 + c3*x0**2 + c4*x1**2 + c5*x0**3 + c6*x1**3,0.5811147607568561 + -0.013789108384438456*x0 + 0.1990095378718178*x1 + 0.0005278552982739197*x0**2 + 0.0944289121838874*x1**2 + -5.871631490291164e-06*x0**3 + -0.007572699236350978*x1**3,x0;x1,add;mul;pow,28.0,4.0,2,t;P,dP_dt,True,deepinfra/meta-llama/Meta-Llama-3.1-8B-Instruct,/home/anonymous/projects/scientific-intelligent-modelling/exp-planning/02.E1选择验证/llm_configs/benchmark_llm_deepinfra_llama31_8b.config,Calculate Population growth rate given Time and Population at time t,/home/anonymous/projects/scientific-intelligent-modelling/experiments/semantic200_llm_physics_v2_4host_seed1314_20260429-205250/llmsr/anon-node-02/llmsr/g0105_BPG7/result.json
g0106,Korns-4,llmsr,1314,anon-node-03,g0106_Korns-4,ok,completed,not_timeout,False,False,3610.487,7.769831592368284e-11,8.005774298027419e-11,7.933727107499012e-11,1.5392205571649772e-10,0.99999994795527,0.999999904708459,True,True,c0 + c1*x0 + c2*x1 + c3*x2 + c4*x3 + c5*x4 + c6*x0**2 + c7*x1**2 + c8*x0*x1 + c9*sin(x2),-2.2999657762153234 + 1.8557844179450813e-10*x0 + 2.1569037802070858e-08*x1 + -4.655799251974024e-09*x2 + 8.746731962737552e-08*x3 + 2.654094990530222e-08*x4 + -2.166830645768951e-08*x0**2 + -1.5287296395367873e-08*x1**2 + -5.026979462874306e-09*x0*x1 + 0.13000206055883404*sin(x2),x0;x1;x2;x3;x4,add;mul;pow;sin,35.0,4.0,5,x1;x2;x3;x4;x5,target,True,deepinfra/meta-llama/Meta-Llama-3.1-8B-Instruct-Turbo,/home/anonymous/projects/scientific-intelligent-modelling/exp-planning/02.E1选择验证/llm_configs/benchmark_llm_deepinfra_llama31_8b_turbo.config,This is an abstract symbolic regression problem.,/home/anonymous/projects/scientific-intelligent-modelling/experiments/semantic200_llm_physics_v2_4host_seed1314_20260429-205250/llmsr/anon-node-03/llmsr/g0106_Korns-4/result.json
g0107,BPG16,llmsr,1314,anon-node-04,g0107_BPG16,ok,completed,not_timeout,False,False,3623.562,0.012180835005402952,0.01565852129173466,0.021252372427189713,4.066622877235228,0.9780913511325289,-3.33480262491271,True,True,c0 + c1*x1/(c2*x1 + c3*x0**2 + c4*x1**2 + c5*x0*x1 + 1),-0.08015087751149487 + 0.24620610159773654*x1/(-0.6825519949236409*x1 + -0.0012561022849728073*x0**2 + -0.009925824405597958*x1**2 + 0.21562690152315905*x0*x1 + 1),x0;x1,add;mul;pow,26.0,7.0,2,t;P,dP_dt,True,deepinfra/meta-llama/Meta-Llama-3.1-8B-Instruct,/home/anonymous/projects/scientific-intelligent-modelling/exp-planning/02.E1选择验证/llm_configs/benchmark_llm_deepinfra_llama31_8b.config,Calculate Population growth rate given Time and Population at time t,/home/anonymous/projects/scientific-intelligent-modelling/experiments/semantic200_llm_physics_v2_4host_seed1314_20260429-205250/llmsr/anon-node-04/llmsr/g0107_BPG16/result.json
g0108,BPG8,llmsr,1314,anon-node-05,g0108_BPG8,ok,completed,not_timeout,False,False,3610.799,7.11879259566138e-07,8.70809762524927e-07,1.2182895839930985e-06,0.008347610448600334,0.9999987145153855,0.9910090735629843,True,True,c0 + c1*x0 + c2*x1 + c3*x0**2 + c4*x1**2 + c5*x0*x1 + c6*log(x0) + c7*log(x1) + c8*exp(-x0) + c9*exp(-x1),0.14291693822320828 + 0.2830521742239077*x0 + 2.0016376904234927*x1 + -4.8294931736851825e-06*x0**2 + -0.025366259227338955*x1**2 + -0.0035293547719159072*x0*x1 + 0.0009308852512458126*log(x0) + 0.5283628885369928*log(x1) + 0.7124957278914112*exp(-x0) + 0.9963084198649576*exp(-x1),x0;x1,add;exp;log;mul;pow,42.0,5.0,2,t;P,dP_dt,True,deepinfra/meta-llama/Meta-Llama-3.1-8B-Instruct-Turbo,/home/anonymous/projects/scientific-intelligent-modelling/exp-planning/02.E1选择验证/llm_configs/benchmark_llm_deepinfra_llama31_8b_turbo.config,Calculate Population growth rate given Time and Population at time t,/home/anonymous/projects/scientific-intelligent-modelling/experiments/semantic200_llm_physics_v2_4host_seed1314_20260429-205250/llmsr/anon-node-05/llmsr/g0108_BPG8/result.json
g0109,BPG0,llmsr,1314,anon-node-02,g0109_BPG0,ok,completed,not_timeout,False,False,3611.163,3.7104684405050516e-06,4.28112739804388e-06,3.7171548483640766e-06,0.07123313998745098,0.9999957780540311,0.9250637677255049,True,True,x1*(-x1/(c3 + c4*x0 + c5*x1) + 1)*(c0 + c1*x0 + c2*x1),x1*(-x1/(0.15105403838733433 + 0.1665811805845507*x0 + 1.2360660192281103*x1) + 1)*(5.1681881273032255 + 8.491237073828827e-06*x0 + -0.050990126913967995*x1),x0;x1,add;mul;pow,25.0,7.0,2,t;P,dP_dt,True,deepinfra/meta-llama/Meta-Llama-3.1-8B-Instruct,/home/anonymous/projects/scientific-intelligent-modelling/exp-planning/02.E1选择验证/llm_configs/benchmark_llm_deepinfra_llama31_8b.config,Calculate Population growth rate given Time and Population at time t,/home/anonymous/projects/scientific-intelligent-modelling/experiments/semantic200_llm_physics_v2_4host_seed1314_20260429-205250/llmsr/anon-node-02/llmsr/g0109_BPG0/result.json
g0110,CRK5,llmsr,1314,anon-node-03,g0110_CRK5,ok,completed,not_timeout,False,False,3610.324,1.453100984500319e-07,1.493932758995861e-07,1.395527349791725e-07,6.5453495290773996e-06,0.9999961288717978,0.9887147227725813,True,True,c0*(c1*exp(-c2*x0) + c3*x1**2 + c4*x0*x1)/(c5*x0**2 + c6*x1**2 + c7*cos(c8*x0) + 1),0.23421329394965082*(1.3454799510466564*exp(-0.13265388377470724*x0) + 1.9029963490519213*x1**2 + -0.1543864268578032*x0*x1)/(0.031606837761128354*x0**2 + 1.1705014295731422*x1**2 + 1.6782110147493388*cos(0.09729073306970616*x0) + 1),x0;x1,add;cos;exp;mul;pow,39.0,7.0,2,t;A,dA_dt,True,deepinfra/meta-llama/Meta-Llama-3.1-8B-Instruct-Turbo,/home/anonymous/projects/scientific-intelligent-modelling/exp-planning/02.E1选择验证/llm_configs/benchmark_llm_deepinfra_llama31_8b_turbo.config,Calculate Rate of change of concentration in chemistry reaction kinetics given Time and Concentration at time t,/home/anonymous/projects/scientific-intelligent-modelling/experiments/semantic200_llm_physics_v2_4host_seed1314_20260429-205250/llmsr/anon-node-03/llmsr/g0110_CRK5/result.json
g0111,CRK16,llmsr,1314,anon-node-04,g0111_CRK16,ok,completed,not_timeout,False,False,3615.356,7.557367869209776e-07,7.467792743326449e-07,7.63219535064541e-07,0.2508471797277283,0.9999989570515798,-8.497546212377625,True,True,c0*x1**c1*exp(-c2*x0),0.7251851684775726*x1**0.3349514472267046*exp(-0.16422638894660485*x0),x0;x1,exp;mul;pow,10.0,4.0,2,t;A,dA_dt,True,deepinfra/meta-llama/Meta-Llama-3.1-8B-Instruct,/home/anonymous/projects/scientific-intelligent-modelling/exp-planning/02.E1选择验证/llm_configs/benchmark_llm_deepinfra_llama31_8b.config,Calculate Rate of change of concentration in chemistry reaction kinetics given Time and Concentration at time t,/home/anonymous/projects/scientific-intelligent-modelling/experiments/semantic200_llm_physics_v2_4host_seed1314_20260429-205250/llmsr/anon-node-04/llmsr/g0111_CRK16/result.json
g0112,CRK15,llmsr,1314,anon-node-05,g0112_CRK15,ok,completed,not_timeout,False,False,3610.885,2.5900958321568605e-05,2.5817850986971456e-05,2.4314132920438072e-05,0.02921845169391778,0.9998845404521375,-4.507814367871055,True,True,c0*exp(-c1*x0) + c2*x1**3 - c3*x0**2 + c4*sin(c5*x0) + c6*cos(c7*x1) + c8*tanh(c9*x0),0.31628918557678076*exp(-0.2014581713583757*x0) + -0.00025233642961898994*x1**3 - -4.996369634906551e-05*x0**2 + -4.407649810284848e-05*sin(0.8922016834691238*x0) + -0.011636266474281315*cos(0.8968758510048417*x1) + 0.278598497484109*tanh(0.3527924301632192*x0),x0;x1,add;cos;exp;mul;pow;sin;tanh,37.0,5.0,2,t;A,dA_dt,True,deepinfra/meta-llama/Meta-Llama-3.1-8B-Instruct-Turbo,/home/anonymous/projects/scientific-intelligent-modelling/exp-planning/02.E1选择验证/llm_configs/benchmark_llm_deepinfra_llama31_8b_turbo.config,Calculate Rate of change of concentration in chemistry reaction kinetics given Time and Concentration at time t,/home/anonymous/projects/scientific-intelligent-modelling/experiments/semantic200_llm_physics_v2_4host_seed1314_20260429-205250/llmsr/anon-node-05/llmsr/g0112_CRK15/result.json
g0113,Nguyen-7,llmsr,1314,anon-node-02,g0113_Nguyen-7,ok,completed,not_timeout,False,False,3611.907,2.6712406906000312e-08,2.8750196668232474e-06,3.4193727951553206e-05,0.00021088268854467485,0.9984103449872795,0.6199215336756952,True,True,c0 + c1*x0 + c2*x0**2 + c3*sin(x0) + c4*cos(x0) + c5*x0**3 + c6*exp(x0) + c7*log(x0 + 1),-0.6568797589347276 + -0.018511676202040073*x0 + 0.4732259657060653*x0**2 + 0.9989736068458612*sin(x0) + 0.18319008836431688*cos(x0) + -0.28145549854967317*x0**3 + 0.47850757725814863*exp(x0) + -0.5344724892556459*log(x0 + 1),x0,add;cos;exp;log;mul;pow;sin,33.0,5.0,1,x1,target,True,deepinfra/meta-llama/Meta-Llama-3.1-8B-Instruct,/home/anonymous/projects/scientific-intelligent-modelling/exp-planning/02.E1选择验证/llm_configs/benchmark_llm_deepinfra_llama31_8b.config,This is an abstract symbolic regression problem.,/home/anonymous/projects/scientific-intelligent-modelling/experiments/semantic200_llm_physics_v2_4host_seed1314_20260429-205250/llmsr/anon-node-02/llmsr/g0113_Nguyen-7/result.json
g0114,Korns-8,llmsr,1314,anon-node-03,g0114_Korns-8,ok,completed,not_timeout,False,False,3610.418,0.0698562450674043,0.05248997552623944,0.08714167166184132,0.10643084085526791,0.6838787146070369,0.5839305083951272,True,True,c0 + c1*x0**2 + c2*x1**2 + c3*x2**2 + c4*x3**2 + c5*x4**2 + c6*x0*x1 + c7*x0*x2 + c8*x0*x3 + c9*x0*x4,-368.61749970567445 + 1.436533752435082*x0**2 + 0.20148320578775908*x1**2 + 0.020675378551972833*x2**2 + 1.0551667545396606*x3**2 + 1.2990865360991866*x4**2 + 0.2759580180690515*x0*x1 + 0.15084776870403932*x0*x2 + -0.289662082257322*x0*x3 + -0.0032991166758250066*x0*x4,x0;x1;x2;x3;x4,add;mul;pow,43.0,4.0,5,x1;x2;x3;x4;x5,target,True,deepinfra/meta-llama/Meta-Llama-3.1-8B-Instruct-Turbo,/home/anonymous/projects/scientific-intelligent-modelling/exp-planning/02.E1选择验证/llm_configs/benchmark_llm_deepinfra_llama31_8b_turbo.config,This is an abstract symbolic regression problem.,/home/anonymous/projects/scientific-intelligent-modelling/experiments/semantic200_llm_physics_v2_4host_seed1314_20260429-205250/llmsr/anon-node-03/llmsr/g0114_Korns-8/result.json
g0115,MatSci23,llmsr,1314,anon-node-04,g0115_MatSci23,ok,completed,not_timeout,False,False,3620.678,5.138754899714632e-05,5.280676626915924e-05,5.809942754887118e-05,0.00021424750221830675,0.9998731761626676,0.941075509390005,True,True,c0 + c1*x0**2 + c2*x1 + c3*x0*x1,407.84301232770105 + 122.29047236192483*x0**2 + -1.4472791818448323*x1 + 2.2788932138579576*x0*x1,x0;x1,add;mul;pow,14.0,4.0,2,epsilon;T,sigma,True,deepinfra/meta-llama/Meta-Llama-3.1-8B-Instruct,/home/anonymous/projects/scientific-intelligent-modelling/exp-planning/02.E1选择验证/llm_configs/benchmark_llm_deepinfra_llama31_8b.config,Calculate Stress given Strain and Temperature,/home/anonymous/projects/scientific-intelligent-modelling/experiments/semantic200_llm_physics_v2_4host_seed1314_20260429-205250/llmsr/anon-node-04/llmsr/g0115_MatSci23/result.json
g0116,Korns-2,llmsr,1314,anon-node-05,g0116_Korns-2,ok,completed,not_timeout,False,False,3611.001,0.645614400219375,7.733901113481456,1.1584605435869626,1.3469133823599515,-0.15899490664711258,-0.34706143587573046,True,True,c0 + c1*x0 + c2*x1**2 + c3*(x2**3 + 5*x3) + c4*(x4**4 + 2*x4) + c5*(x0*x1 + x1*x4 + x2*x3) + c6*(x0*x2 + x1*x4 + x2*x3) + c7*(2*x0*x4 + x1*x3 + 3*x2*x4) + c8*(x0*x4 + 2*x1*x2 + x3*x4) + c9*(x0*x1*x2 + x2*x3 + 5*x4),10.75354965886455 + -0.5938772240006088*x0 + -0.014775109456547168*x1**2 + -5.294138229351269e-05*(x2**3 + 5*x3) + -8.874860474448545e-07*(x4**4 + 2*x4) + 0.014321188276869536*(x0*x1 + x1*x4 + x2*x3) + -0.006666153281017489*(x0*x2 + x1*x4 + x2*x3) + 7.999380571467456e-05*(2*x0*x4 + x1*x3 + 3*x2*x4) + 0.006551930970702639*(x0*x4 + 2*x1*x2 + x3*x4) + 0.0009991424779081627*(x0*x1*x2 + x2*x3 + 5*x4),x0;x1;x2;x3;x4,add;mul;pow,92.0,5.0,5,x1;x2;x3;x4;x5,target,True,deepinfra/meta-llama/Meta-Llama-3.1-8B-Instruct-Turbo,/home/anonymous/projects/scientific-intelligent-modelling/exp-planning/02.E1选择验证/llm_configs/benchmark_llm_deepinfra_llama31_8b_turbo.config,This is an abstract symbolic regression problem.,/home/anonymous/projects/scientific-intelligent-modelling/experiments/semantic200_llm_physics_v2_4host_seed1314_20260429-205250/llmsr/anon-node-05/llmsr/g0116_Korns-2/result.json
g0117,PO37,llmsr,1314,anon-node-02,g0117_PO37,ok,completed,not_timeout,False,False,3611.984,5.5164291982871125e-06,6.162845423838105e-06,4.677036004262748e-06,2.930447585656446e-06,0.9999953145743128,0.9999970695495798,True,True,-c0*x0 - c1*x2 + c2*sin(c3*x1) + c4*x0**2 + c5*x2**2 + c6*x1**2 + c7*x0*x2 + c8*x0*x1 + c9*x1*x2,-1.731147651079588*x0 - 1.927828491807125*x2 + 0.7190141950486725*sin(0.9999364265992464*x1) + -0.001365028976608359*x0**2 + 0.0028981232580841594*x2**2 + -5.183342742192538e-08*x1**2 + -0.013336669445161983*x0*x2 + -0.1398427238148739*x0*x1 + 0.000563609007876186*x1*x2,x0;x1;x2,add;mul;pow;sin,42.0,5.0,3,x;t;v,dv_dt,True,deepinfra/meta-llama/Meta-Llama-3.1-8B-Instruct,/home/anonymous/projects/scientific-intelligent-modelling/exp-planning/02.E1选择验证/llm_configs/benchmark_llm_deepinfra_llama31_8b.config,"Calculate Acceleration in Non-linear Harmonic Oscillator given Position at time t, Time and Velocity at time t",/home/anonymous/projects/scientific-intelligent-modelling/experiments/semantic200_llm_physics_v2_4host_seed1314_20260429-205250/llmsr/anon-node-02/llmsr/g0117_PO37/result.json
g0118,BPG14,llmsr,1314,anon-node-03,g0118_BPG14,ok,completed,not_timeout,False,False,3611.277,1.4380735456277475e-05,1.723716297295737e-05,1.1868682891905927e-05,0.1893443368480363,0.9999789389463435,-16.570278692127417,True,True,c0 + c1*x0 + c2*x1 + c3*x0**2 + c4*x1**2 + c5*x0*x1 + c6/(c7*x1**2 + 1),0.2681807299006996 + -0.0824448223877682*x0 + 0.2893217297768317*x1 + 0.0007415447662712367*x0**2 + -0.0032015967206509913*x1**2 + -4.953389129514673e-05*x0*x1 + 11.356422788284004/(-40.373035647735996*x1**2 + 1),x0;x1,add;mul;pow,33.0,7.0,2,t;P,dP_dt,True,deepinfra/meta-llama/Meta-Llama-3.1-8B-Instruct-Turbo,/home/anonymous/projects/scientific-intelligent-modelling/exp-planning/02.E1选择验证/llm_configs/benchmark_llm_deepinfra_llama31_8b_turbo.config,Calculate Population growth rate given Time and Population at time t,/home/anonymous/projects/scientific-intelligent-modelling/experiments/semantic200_llm_physics_v2_4host_seed1314_20260429-205250/llmsr/anon-node-03/llmsr/g0118_BPG14/result.json
g0119,first_principles_kepler,llmsr,1314,anon-node-04,g0119_first_principles_kepler,ok,completed,not_timeout,False,False,3638.76,4.856306735327174e-13,2.8036867308995556e-06,1.2523525899512122e-06,2.2700419113804784e-05,,,True,True,"c0*power(x0, c1) + c2","366.3351586201275*power(x0, 1.498569165616509) + -1.082976849530566",x0,add;mul;power,7.0,4.0,1,a,target,True,deepinfra/meta-llama/Meta-Llama-3.1-8B-Instruct,/home/anonymous/projects/scientific-intelligent-modelling/exp-planning/02.E1选择验证/llm_configs/benchmark_llm_deepinfra_llama31_8b.config,"The Keppler dataset is based on the Kepler's third law of planetary motion. The features are the semi-major axis (a) and the period (P) of a planet's orbit, given by the equation: P^2 = k a^3 Each row corresponds to a pl",/home/anonymous/projects/scientific-intelligent-modelling/experiments/semantic200_llm_physics_v2_4host_seed1314_20260429-205250/llmsr/anon-node-04/llmsr/g0119_first_principles_kepler/result.json
g0120,feynman_test_8,llmsr,1314,anon-node-05,g0120_feynman_test_8,ok,completed,not_timeout,False,False,3615.008,3.00583401708346e-32,3.073399113850253e-32,2.9500999983026757e-32,1.3578392060234748e-32,1.0,1.0,True,True,c0*x0/(c1*x0*(1 - cos(x3))/(x1*x2**2) + 1),1.0*x0/(1.0*x0*(1 - cos(x3))/(x1*x2**2) + 1),x0;x1;x2;x3,add;cos;mul;pow,22.0,8.0,4,E_n;m;c;theta,target,True,deepinfra/meta-llama/Meta-Llama-3.1-8B-Instruct-Turbo,/home/anonymous/projects/scientific-intelligent-modelling/exp-planning/02.E1选择验证/llm_configs/benchmark_llm_deepinfra_llama31_8b_turbo.config,"Calculate the scattered photon energy given the initial energy, mass, speed of light, and scattering angle.",/home/anonymous/projects/scientific-intelligent-modelling/experiments/semantic200_llm_physics_v2_4host_seed1314_20260429-205250/llmsr/anon-node-05/llmsr/g0120_feynman_test_8/result.json
g0121,CRK6,llmsr,1314,anon-node-02,g0121_CRK6,ok,completed,not_timeout,False,False,3613.196,4.888535005486404e-06,4.696729799910519e-06,5.144907170393805e-06,0.01993948364004668,0.9999769669047102,-0.3306571290781717,True,True,c0*exp(-c1*x0) + c2*x1 + c3*x0*x1 + c4*sin(c5*x0) + c6*cos(c7*x1) + c8*tanh(c9*x0),-1.3080750320426064*exp(-0.02635763590876947*x0) + -0.09575369405713413*x1 + -0.0007080576793946622*x0*x1 + -0.0009282482360195976*sin(-0.25642763155776005*x0) + 1.7934851263441678*cos(0.0022752529412709242*x1) + -0.18472201726181559*tanh(0.20208854431274184*x0),x0;x1,add;cos;exp;mul;sin;tanh,33.0,5.0,2,t;A,dA_dt,True,deepinfra/meta-llama/Meta-Llama-3.1-8B-Instruct,/home/anonymous/projects/scientific-intelligent-modelling/exp-planning/02.E1选择验证/llm_configs/benchmark_llm_deepinfra_llama31_8b.config,Calculate Rate of change of concentration in chemistry reaction kinetics given Time and Concentration at time t,/home/anonymous/projects/scientific-intelligent-modelling/experiments/semantic200_llm_physics_v2_4host_seed1314_20260429-205250/llmsr/anon-node-02/llmsr/g0121_CRK6/result.json
g0122,feynman_I_27_6,llmsr,1314,anon-node-03,g0122_feynman_I_27_6,ok,completed,not_timeout,False,False,3614.144,7.008754310985102e-11,6.992767783158982e-11,7.017638057586196e-11,8.642736875356965e-11,0.999999999597721,0.99999999981692,True,True,1/(c0*(1/x1 + 1/x0) + c1*(x2 - 1)/(c2*x0 + c3*x1)),1/(1.0000005048151341*(1/x1 + 1/x0) + 1.4133250867411717*(x2 - 1)/(5.259953280065458e-05*x0 + 1.4132630303144424*x1)),x0;x1;x2,add;mul;pow,26.0,7.0,3,d1;d2;n,target,True,deepinfra/meta-llama/Meta-Llama-3.1-8B-Instruct-Turbo,/home/anonymous/projects/scientific-intelligent-modelling/exp-planning/02.E1选择验证/llm_configs/benchmark_llm_deepinfra_llama31_8b_turbo.config,"Calculate the focal length given the object distance, image distance, and refractive index.",/home/anonymous/projects/scientific-intelligent-modelling/experiments/semantic200_llm_physics_v2_4host_seed1314_20260429-205250/llmsr/anon-node-03/llmsr/g0122_feynman_I_27_6/result.json
g0123,feynman_I_6_2,llmsr,1314,anon-node-04,g0123_feynman_I_6_2,ok,completed,not_timeout,False,False,3626.881,1.5266580715871485e-07,1.481305116080782e-07,1.4976075335982065e-07,3.4423543772604116e-07,0.9999988057362729,0.9999991095698689,True,True,sqrt(2)*exp(-(-c0 + x1)**2/(2*x0**2))/(2*sqrt(pi)*x0),sqrt(2)*exp(-(--0.0006370409738935346 + x1)**2/(2*x0**2))/(2*sqrt(pi)*x0),x0;x1,add;exp;mul;pi;pow,24.0,7.0,2,sigma;theta,target,True,deepinfra/meta-llama/Meta-Llama-3.1-8B-Instruct,/home/anonymous/projects/scientific-intelligent-modelling/exp-planning/02.E1选择验证/llm_configs/benchmark_llm_deepinfra_llama31_8b.config,Calculate the probability density given a value and the standard deviation.,/home/anonymous/projects/scientific-intelligent-modelling/experiments/semantic200_llm_physics_v2_4host_seed1314_20260429-205250/llmsr/anon-node-04/llmsr/g0123_feynman_I_6_2/result.json
g0124,I.13.12_3_0,llmsr,1314,anon-node-05,g0124_I.13.12_3_0,ok,completed,not_timeout,False,False,3615.414,0.9998349628456338,1.004043366388808,0.9999400479341147,84.72110691191298,4.796349853353199e-05,-85.09181936260484,True,True,c0*x0/(x4*(x1 + x2)) + c1*x3**2 + c2*x0**2 + c3*x4**2 + c4*x1*x2 + c5*x0*x3 + c6*x1*x4 + c7*x2*x4 + c8*x3/(x1*x2) + c9,-0.7888179492030355*x0/(x4*(x1 + x2)) + -0.3148303034357316*x3**2 + 0.0002585138961926165*x0**2 + 0.02450464609478902*x4**2 + 0.2435338531148492*x1*x2 + 0.03394307577874304*x0*x3 + -0.4008661604445944*x1*x4 + -0.17523199523757416*x2*x4 + 2.6537291930574147*x3/(x1*x2) + 3.4669968049860307,x0;x1;x2;x3;x4,add;mul;pow,53.0,5.0,5,U;m1;m2;r1;G,r2,True,deepinfra/meta-llama/Meta-Llama-3.1-8B-Instruct-Turbo,/home/anonymous/projects/scientific-intelligent-modelling/exp-planning/02.E1选择验证/llm_configs/benchmark_llm_deepinfra_llama31_8b_turbo.config,"Calculate the final distance between the two objects given the potential energy of two objects, the mass of the first object, the mass of the second object, the initial distance between the two objects and the gravitatio",/home/anonymous/projects/scientific-intelligent-modelling/experiments/semantic200_llm_physics_v2_4host_seed1314_20260429-205250/llmsr/anon-node-05/llmsr/g0124_I.13.12_3_0/result.json
g0125,II.36.38_5_0,llmsr,1314,anon-node-02,g0125_II.36.38_5_0,ok,completed,not_timeout,False,False,3618.844,0.9995803297526511,1.0003082976219315,1.0019801350002842,1.0006722621684454,-0.002222490357920437,-0.000740682677765836,True,True,c0 + c1*x5*x6/(x3*x4) + c2*x1*x2/(x6*x7) + c3*x0*x3/(x5*x6) + c4*x5*x7/(x3*x4) + c5*x0*x5*x6/(x3*x4*x7) + c6*x1*x5*x7/(x3*x4*x6) + c7*x0*x1*x5*x6/(x3*x4*x7),-1.5272974721403776 + 4.289826150990423*x5*x6/(x3*x4) + 0.003417365844300594*x1*x2/(x6*x7) + 0.1681670015167688*x0*x3/(x5*x6) + -3.8428539396834838*x5*x7/(x3*x4) + -0.304625261350495*x0*x5*x6/(x3*x4*x7) + 1.1302959919106335*x1*x5*x7/(x3*x4*x6) + 0.008515300402171423*x0*x1*x5*x6/(x3*x4*x7),x0;x1;x2;x3;x4;x5;x6;x7,add;mul;pow,85.0,4.0,8,f;mom;H;kb;T;alpha;c;M,epsilon,True,deepinfra/meta-llama/Meta-Llama-3.1-8B-Instruct,/home/anonymous/projects/scientific-intelligent-modelling/exp-planning/02.E1选择验证/llm_configs/benchmark_llm_deepinfra_llama31_8b.config,"Calculate the electric permittivity of a medium given the resultant value of the function, the momentum of an object or particle, the magnetic field strength, the Boltzmann constant, the temperature in Kelvin, the polari",/home/anonymous/projects/scientific-intelligent-modelling/experiments/semantic200_llm_physics_v2_4host_seed1314_20260429-205250/llmsr/anon-node-02/llmsr/g0125_II.36.38_5_0/result.json
g0126,feynman_I_6_2b,llmsr,1314,anon-node-03,g0126_feynman_I_6_2b,ok,completed,not_timeout,False,False,3613.281,6.676296206054544e-32,6.808295487759516e-32,6.834141921199635e-32,6.449986509130811e-32,1.0,1.0,True,True,sqrt(2)*exp(-(x1 - x2)**2/(2*x0**2))/(2*sqrt(pi)*sqrt(x0**2)),sqrt(2)*exp(-(x1 - x2)**2/(2*x0**2))/(2*sqrt(pi)*sqrt(x0**2)),x0;x1;x2,add;exp;mul;pi;pow,26.0,7.0,3,sigma;theta;theta1,target,True,deepinfra/meta-llama/Meta-Llama-3.1-8B-Instruct-Turbo,/home/anonymous/projects/scientific-intelligent-modelling/exp-planning/02.E1选择验证/llm_configs/benchmark_llm_deepinfra_llama31_8b_turbo.config,"Calculate the probability density given a value, the mean, and the standard deviation.",/home/anonymous/projects/scientific-intelligent-modelling/experiments/semantic200_llm_physics_v2_4host_seed1314_20260429-205250/llmsr/anon-node-03/llmsr/g0126_feynman_I_6_2b/result.json
g0127,feynman_test_7,llmsr,1314,anon-node-04,g0127_feynman_test_7,ok,completed,not_timeout,False,False,3622.71,2.396825897287744e-32,2.3777750818383983e-32,2.3717818094811582e-32,1.0288207357750065e-32,1.0,1.0,True,True,sqrt(8*pi*c0*x0*x1/3 - c1*x2*x3**2/x4**2),sqrt(8*pi*1.0*x0*x1/3 - 1.0*x2*x3**2/x4**2),x0;x1;x2;x3;x4,add;mul;pi;pow,19.0,5.0,5,G;rho;alpha;c;d,target,True,deepinfra/meta-llama/Meta-Llama-3.1-8B-Instruct,/home/anonymous/projects/scientific-intelligent-modelling/exp-planning/02.E1选择验证/llm_configs/benchmark_llm_deepinfra_llama31_8b.config,"Calculate the Hubble parameter given the gravitational constant, density, curvature constant, speed of light, and scale factor.",/home/anonymous/projects/scientific-intelligent-modelling/experiments/semantic200_llm_physics_v2_4host_seed1314_20260429-205250/llmsr/anon-node-04/llmsr/g0127_feynman_test_7/result.json
g0128,feynman_test_4,llmsr,1314,anon-node-05,g0128_feynman_test_4,ok,completed,not_timeout,False,False,3615.332,2.893409478960581e-32,2.8406071357546625e-32,2.9392079647951827e-32,2.54700789342406e-32,1.0,1.0,True,True,sqrt((2*x1 - 2*x2)/x0 - x3**2/(x0**2*x4**2)),sqrt((2*x1 - 2*x2)/x0 - x3**2/(x0**2*x4**2)),x0;x1;x2;x3;x4,add;mul;pow,25.0,6.0,5,m;E_n;U;L;r,target,True,deepinfra/meta-llama/Meta-Llama-3.1-8B-Instruct-Turbo,/home/anonymous/projects/scientific-intelligent-modelling/exp-planning/02.E1选择验证/llm_configs/benchmark_llm_deepinfra_llama31_8b_turbo.config,"Calculate the velocity given mass, total energy, potential energy, angular momentum, and radius.",/home/anonymous/projects/scientific-intelligent-modelling/experiments/semantic200_llm_physics_v2_4host_seed1314_20260429-205250/llmsr/anon-node-05/llmsr/g0128_feynman_test_4/result.json
g0129,Korns-5,llmsr,1314,anon-node-02,g0129_Korns-5,ok,completed,not_timeout,False,False,3611.526,0.01145383902485407,0.033591249031092923,0.033092589759754036,0.025867653039998124,0.5092321345995312,0.40493280535362375,True,True,c0 + c1*x0 + c2*x1**2 + c3*x2**2 + c4*x3**2 + c5*x4**2 + c6*x0*x1 + c7*x0*x2 + c8*x0*x3 + c9*x0*x4,7.25444237371495 + 0.0029462281533535663*x0 + 0.00015194472663069913*x1**2 + -1.664055008508846e-05*x2**2 + 0.00011948152429809171*x3**2 + 0.0021850791859997086*x4**2 + 6.173244612640765e-05*x0*x1 + -0.00011789300279178014*x0*x2 + -0.00015169681292263632*x0*x3 + 0.00011373092460173186*x0*x4,x0;x1;x2;x3;x4,add;mul;pow,41.0,4.0,5,x1;x2;x3;x4;x5,target,True,deepinfra/meta-llama/Meta-Llama-3.1-8B-Instruct,/home/anonymous/projects/scientific-intelligent-modelling/exp-planning/02.E1选择验证/llm_configs/benchmark_llm_deepinfra_llama31_8b.config,This is an abstract symbolic regression problem.,/home/anonymous/projects/scientific-intelligent-modelling/experiments/semantic200_llm_physics_v2_4host_seed1314_20260429-205250/llmsr/anon-node-02/llmsr/g0129_Korns-5/result.json
g0130,Keijzer-10,llmsr,1314,anon-node-03,g0130_Keijzer-10,ok,completed,not_timeout,False,False,3610.395,0.0004498186607921642,0.0021512033791126145,0.0027731462926815055,0.0024158792910836365,0.9788427161516771,0.9841980723344239,True,True,c0 + c1*x0**3 + c2*x1**3 + c3*x0**2*x1 + c4*x0*x1**2 + c5*sin(x0)*cos(x1) + c6*sin(x1)*cos(x0) + c7*exp(-x0**2) + c8*exp(-x1**2) + c9*exp(-(x0 + x1)**2),0.3787397315372488 + -0.01190968586779471*x0**3 + 0.02884996575812894*x1**3 + 0.5093749463406598*x0**2*x1 + 0.2702063116425248*x0*x1**2 + 0.598106481228067*sin(x0)*cos(x1) + -2.1541481333911103*sin(x1)*cos(x0) + 1.8748879454522112*exp(-x0**2) + -0.15785171441859064*exp(-x1**2) + -1.2181714276097886*exp(-(x0 + x1)**2),x0;x1,add;cos;exp;mul;pow;sin,62.0,7.0,2,x1;x2,target,True,deepinfra/meta-llama/Meta-Llama-3.1-8B-Instruct-Turbo,/home/anonymous/projects/scientific-intelligent-modelling/exp-planning/02.E1选择验证/llm_configs/benchmark_llm_deepinfra_llama31_8b_turbo.config,This is an abstract symbolic regression problem.,/home/anonymous/projects/scientific-intelligent-modelling/experiments/semantic200_llm_physics_v2_4host_seed1314_20260429-205250/llmsr/anon-node-03/llmsr/g0130_Keijzer-10/result.json
g0131,II.6.15b_3_0,llmsr,1314,anon-node-04,g0131_II.6.15b_3_0,ok,completed,not_timeout,False,False,3640.698,0.20495478504811776,0.2305303147190253,0.20154760082872528,0.04121030314660774,0.26071728757679313,0.7642179389694502,True,True,c0 + c1*x0 + c2*x1 + c3*x2 + c4*x3 + c5*x0**2 + c6*x1**2 + c7*x2**2 + c8*x3**2 + c9*x0*x1,0.5175688348621555 + 2.4070979733843187*x0 + -0.51947661626619*x1 + 0.27834541080028646*x2 + 1.0236466895441136*x3 + -28.300226440919964*x0**2 + 0.07208456417768698*x1**2 + -0.020713671905882976*x2**2 + -0.19163201227960927*x3**2 + -0.4714286845884742*x0*x1,x0;x1;x2;x3,add;mul;pow,38.0,4.0,4,Ef;epsilon;p_d;theta,r,True,deepinfra/meta-llama/Meta-Llama-3.1-8B-Instruct,/home/anonymous/projects/scientific-intelligent-modelling/exp-planning/02.E1选择验证/llm_configs/benchmark_llm_deepinfra_llama31_8b.config,"Calculate the distance from the dipole to the point where the electric field is being measured given the electric field, the electric constant or permittivity of the medium, the dipole moment and the angle between the di",/home/anonymous/projects/scientific-intelligent-modelling/experiments/semantic200_llm_physics_v2_4host_seed1314_20260429-205250/llmsr/anon-node-04/llmsr/g0131_II.6.15b_3_0/result.json
g0132,CRK19,llmsr,1314,anon-node-05,g0132_CRK19,ok,completed,not_timeout,False,False,3610.928,5.503473488313637e-05,6.387677066427012e-05,5.938098176432754e-05,0.005153362700957263,0.9998989296877244,-1.3236562997191492,True,True,c0 + c1*x0 + c2*x1 + c3*x0**2 + c4*x1**2 + c5*x1*exp(-c6*x0),0.19669518985098233 + 0.0025917843872265687*x0 + 0.03958011140285636*x1 + -8.397445610770129e-06*x0**2 + -0.16676889100315684*x1**2 + -0.003383057536235952*x1*exp(-1.2732443828264222*x0),x0;x1,add;exp;mul;pow,26.0,5.0,2,t;A,dA_dt,True,deepinfra/meta-llama/Meta-Llama-3.1-8B-Instruct-Turbo,/home/anonymous/projects/scientific-intelligent-modelling/exp-planning/02.E1选择验证/llm_configs/benchmark_llm_deepinfra_llama31_8b_turbo.config,Calculate Rate of change of concentration in chemistry reaction kinetics given Time and Concentration at time t,/home/anonymous/projects/scientific-intelligent-modelling/experiments/semantic200_llm_physics_v2_4host_seed1314_20260429-205250/llmsr/anon-node-05/llmsr/g0132_CRK19/result.json
g0133,feynman_III_10_19,llmsr,1314,anon-node-02,g0133_feynman_III_10_19,ok,completed,not_timeout,False,False,3615.973,3.0499056907372667e-16,3.0686953906942435e-16,3.015539932218965e-16,7.521408057319134e-16,0.9999999999999981,0.9999999999999981,True,True,c0 + c1*x0*(x1**2 + x2**2 + x3**2)**0.5,6.944787350748882e-07 + 0.9999999570401884*x0*(x1**2 + x2**2 + x3**2)**0.5,x0;x1;x2;x3,add;mul;pow,17.0,6.0,4,mom;Bx;By;Bz,target,True,deepinfra/meta-llama/Meta-Llama-3.1-8B-Instruct,/home/anonymous/projects/scientific-intelligent-modelling/exp-planning/02.E1选择验证/llm_configs/benchmark_llm_deepinfra_llama31_8b.config,Calculate the magnetic energy given the magnetic moment and the components of the magnetic field vector.,/home/anonymous/projects/scientific-intelligent-modelling/experiments/semantic200_llm_physics_v2_4host_seed1314_20260429-205250/llmsr/anon-node-02/llmsr/g0133_feynman_III_10_19/result.json
g0134,Korns-11,llmsr,1314,anon-node-03,g0134_Korns-11,ok,completed,not_timeout,False,False,3610.531,0.42566003743209097,0.7627232820970428,0.600804066373649,0.8698938033534973,-0.2182908114267439,-0.5499768783507535,True,True,c0 + c1*(x0 + 2*x1) + c2*(x2 - 3*x3) + c3*x4**3 + c4*sin(2*x0*x1) + c5*cos(x2**2) + c6*(x0**2 + 3*x1**2) + c7*x3**4 + c8*exp(-(x0 + 3*x4)**2) + c9*(x0**4 - 4*x1**3),5.412681756654238 + -0.03686471241355775*(x0 + 2*x1) + -0.004796442891358982*(x2 - 3*x3) + -2.1943707363279872e-05*x4**3 + -1.4315433262715451*sin(2*x0*x1) + -1.7373409889252702*cos(x2**2) + 0.0004041201236896055*(x0**2 + 3*x1**2) + -2.3692584760000438e-07*x3**4 + -85.77641220541706*exp(-(x0 + 3*x4)**2) + 4.105221760194327e-07*(x0**4 - 4*x1**3),x0;x1;x2;x3;x4,add;cos;exp;mul;pow;sin,73.0,8.0,5,x1;x2;x3;x4;x5,target,True,deepinfra/meta-llama/Meta-Llama-3.1-8B-Instruct-Turbo,/home/anonymous/projects/scientific-intelligent-modelling/exp-planning/02.E1选择验证/llm_configs/benchmark_llm_deepinfra_llama31_8b_turbo.config,This is an abstract symbolic regression problem.,/home/anonymous/projects/scientific-intelligent-modelling/experiments/semantic200_llm_physics_v2_4host_seed1314_20260429-205250/llmsr/anon-node-03/llmsr/g0134_Korns-11/result.json
g0135,Korns-12,llmsr,1314,anon-node-04,g0135_Korns-12,ok,completed,not_timeout,False,False,3625.352,0.20035852156046305,0.3386502676272849,0.2450790285112782,0.2904485433755558,-0.10403339048923721,-0.3788585580378212,True,True,c0 + c1*x0 + c2*x1**2 + c3*x2**2 + c4*x3**2 + c5*x4**2 + c6*x0*x1 + c7*x0*x2 + c8*x0*x3 + c9*x0*x4,2.583897185483203 + 0.0035537553334977516*x0 + -0.00028181434888608205*x1**2 + -8.795894841954388e-05*x2**2 + -0.0001765719494438345*x3**2 + -0.00014952668843022911*x4**2 + -0.00021283939488511328*x0*x1 + 0.00010233815915740607*x0*x2 + -0.0002194133678394708*x0*x3 + 5.8891130518647955e-05*x0*x4,x0;x1;x2;x3;x4,add;mul;pow,41.0,4.0,5,x1;x2;x3;x4;x5,target,True,deepinfra/meta-llama/Meta-Llama-3.1-8B-Instruct,/home/anonymous/projects/scientific-intelligent-modelling/exp-planning/02.E1选择验证/llm_configs/benchmark_llm_deepinfra_llama31_8b.config,This is an abstract symbolic regression problem.,/home/anonymous/projects/scientific-intelligent-modelling/experiments/semantic200_llm_physics_v2_4host_seed1314_20260429-205250/llmsr/anon-node-04/llmsr/g0135_Korns-12/result.json
g0136,I.24.6_3_1,llmsr,1314,anon-node-05,g0136_I.24.6_3_1,ok,completed,not_timeout,False,False,3614.853,1.368738042716578e-15,1.325159083636468e-15,1.3605533683059729e-15,4.7532154630061955e-19,0.999999999999992,1.0,True,True,sqrt(2)*c0*sqrt(x0/(x1*(x2**2 + x3**2))),sqrt(2)*1.4142135633481043*sqrt(x0/(x1*(x2**2 + x3**2))),x0;x1;x2;x3,add;mul;pow,21.0,7.0,4,E_n;m;omega;omega_0,x,True,deepinfra/meta-llama/Meta-Llama-3.1-8B-Instruct-Turbo,/home/anonymous/projects/scientific-intelligent-modelling/exp-planning/02.E1选择验证/llm_configs/benchmark_llm_deepinfra_llama31_8b_turbo.config,"Calculate the displacement from the equilibrium position given the quantum mechanical energy of the nth state, the mass of the object, the angular frequency of the perturbation and the natural angular frequency",/home/anonymous/projects/scientific-intelligent-modelling/experiments/semantic200_llm_physics_v2_4host_seed1314_20260429-205250/llmsr/anon-node-05/llmsr/g0136_I.24.6_3_1/result.json
g0137,feynman_I_24_6,llmsr,1314,anon-node-02,g0137_feynman_I_24_6,ok,completed,not_timeout,False,False,3615.343,1.4243280986580947e-18,1.4243281070009341e-18,1.424328109511642e-18,1.4243281416263823e-18,1.0,1.0,True,True,0.5*c0*x0*x3**2*(x1**2 + x2**2),0.5*0.4999999994032739*x0*x3**2*(x1**2 + x2**2),x0;x1;x2;x3,add;mul;pow,14.0,4.0,4,m;omega;omega_0;x,target,True,deepinfra/meta-llama/Meta-Llama-3.1-8B-Instruct,/home/anonymous/projects/scientific-intelligent-modelling/exp-planning/02.E1选择验证/llm_configs/benchmark_llm_deepinfra_llama31_8b.config,"Calculate the energy given the mass, angular frequency, natural frequency, and displacement.",/home/anonymous/projects/scientific-intelligent-modelling/experiments/semantic200_llm_physics_v2_4host_seed1314_20260429-205250/llmsr/anon-node-02/llmsr/g0137_feynman_I_24_6/result.json
g0138,I.50.26_0_0,llmsr,1314,anon-node-03,g0138_I.50.26_0_0,ok,completed,not_timeout,False,False,3615.057,0.9988829671187426,2.024524747463957,1.0000947264238345,8.757776461114725e+143,-0.00014426339741424599,-9.111033613632185e+143,True,True,c0*(c1*x0 + c2*x0**2 + 1)*exp(-c3*x1**2) + c4*x2**c5 + c6*x3*sin(x1*x2),302.5366745208662*(-5173.633083665903*x0 + 983.8439046918807*x0**2 + 1)*exp(-6.755384223262417*x1**2) + 8929.574356592904*x2**-1568.0942350953023 + 2.1746879071261827*x3*sin(x1*x2),x0;x1;x2;x3,add;exp;mul;pow;sin,32.0,6.0,4,x;omega;t;alpha,x1,True,deepinfra/meta-llama/Meta-Llama-3.1-8B-Instruct-Turbo,/home/anonymous/projects/scientific-intelligent-modelling/exp-planning/02.E1选择验证/llm_configs/benchmark_llm_deepinfra_llama31_8b_turbo.config,"Calculate the initial amplitude given the resulting displacement, the angular frequency, the time and the non-linearity coefficient",/home/anonymous/projects/scientific-intelligent-modelling/experiments/semantic200_llm_physics_v2_4host_seed1314_20260429-205250/llmsr/anon-node-03/llmsr/g0138_I.50.26_0_0/result.json
g0139,II.36.38_0_0,llmsr,1314,anon-node-04,g0139_II.36.38_0_0,ok,completed,not_timeout,False,False,3625.171,0.9997855821654369,1.0050286398693615,1.000338971375089,1.0023623073835282,-0.0004879160241435532,-0.003183759967956945,True,True,c0 + c1*x0 + c2*x1 + c3*x2 + c4*x3 + c5*x4 + c6*x5 + c7*x6 + c8*x7 + c9*exp(-x3/x2),284.52255516136563 + 8.511406356677327*x0 + 45.23681061637006*x1 + 104.77528080743447*x2 + -186.1408771825785*x3 + 38.459444247155716*x4 + -17.996334423616716*x5 + 0.41325898286980617*x6 + 41.37804896302854*x7 + -986.3426733156881*exp(-x3/x2),x0;x1;x2;x3;x4;x5;x6;x7,add;exp;mul;pow,35.0,6.0,8,f;H;kb;T;alpha;epsilon;c;M,mom,True,deepinfra/meta-llama/Meta-Llama-3.1-8B-Instruct,/home/anonymous/projects/scientific-intelligent-modelling/exp-planning/02.E1选择验证/llm_configs/benchmark_llm_deepinfra_llama31_8b.config,"Calculate the momentum of an object or particle given the resultant value of the function, the magnetic field strength, the Boltzmann constant, the temperature in Kelvin, the polarizability of a medium or molecule, the e",/home/anonymous/projects/scientific-intelligent-modelling/experiments/semantic200_llm_physics_v2_4host_seed1314_20260429-205250/llmsr/anon-node-04/llmsr/g0139_II.36.38_0_0/result.json
g0140,Korns-9,llmsr,1314,anon-node-05,g0140_Korns-9,ok,completed,not_timeout,False,False,3611.134,0.07102031071552407,10143187599603.78,0.7527120860473548,0.9996036050739789,0.22957607462580998,-0.0007327823894649477,True,True,c0*(c1*x0 + c2*x1 + c3*x2 + c4*x3 + c5*x4) + c6*(x0**2 + 10*x1**2 + 100*x2**2 + 1000*x3**2) + c7*(x0*sin(x1) + 10*x1*cos(x2) + 100*x2*sin(x3) + 1000*x3*cos(x4)) + c8*(100*exp(x2)/(x3**2 + 1000) + 10*exp(x1)/(x2**2 + 100) + exp(x0)/(x1**2 + 10)) + c9*(tan(x0) + 10*tan(x1) + 100*tan(x2) + 1000*tan(x3)),1.0*(1.0*x0 + 1.0*x1 + 1.0*x2 + 1.0*x3 + 1.0*x4) + 1.0*(x0**2 + 10*x1**2 + 100*x2**2 + 1000*x3**2) + 1.0*(x0*sin(x1) + 10*x1*cos(x2) + 100*x2*sin(x3) + 1000*x3*cos(x4)) + 0.3910517549115037*(100*exp(x2)/(x3**2 + 1000) + 10*exp(x1)/(x2**2 + 100) + exp(x0)/(x1**2 + 10)) + 1.0*(tan(x0) + 10*tan(x1) + 100*tan(x2) + 1000*tan(x3)),x0;x1;x2;x3;x4,add;cos;exp;mul;pow;sin;tan,114.0,8.0,5,x1;x2;x3;x4;x5,target,True,deepinfra/meta-llama/Meta-Llama-3.1-8B-Instruct-Turbo,/home/anonymous/projects/scientific-intelligent-modelling/exp-planning/02.E1选择验证/llm_configs/benchmark_llm_deepinfra_llama31_8b_turbo.config,This is an abstract symbolic regression problem.,/home/anonymous/projects/scientific-intelligent-modelling/experiments/semantic200_llm_physics_v2_4host_seed1314_20260429-205250/llmsr/anon-node-05/llmsr/g0140_Korns-9/result.json
g0141,Keijzer-15,llmsr,1314,anon-node-02,g0141_Keijzer-15,ok,completed,not_timeout,False,False,3616.577,1.7780509785051714e-14,1.7656269584801004e-14,3.570416626121283e-14,3.5779589877153315e-14,0.9999999999999643,0.9999999999999641,True,True,c0 + c1*x0 + c2*x1 + c3*x0*x1 + c4*x0**2 + c5*x1**2 + c6*x0**3 + c7*x1**3,5.209048131600231e-07 + -0.9999998900749971*x0 + -0.9999993460607479*x1 + 3.0665567298253756e-08*x0*x1 + -4.591525354798798e-08*x0**2 + -4.9678496946706334e-08*x1**2 + 0.19999997636737635*x0**3 + 0.4999998576502903*x1**3,x0;x1,add;mul;pow,32.0,4.0,2,x1;x2,target,True,deepinfra/meta-llama/Meta-Llama-3.1-8B-Instruct,/home/anonymous/projects/scientific-intelligent-modelling/exp-planning/02.E1选择验证/llm_configs/benchmark_llm_deepinfra_llama31_8b.config,This is an abstract symbolic regression problem.,/home/anonymous/projects/scientific-intelligent-modelling/experiments/semantic200_llm_physics_v2_4host_seed1314_20260429-205250/llmsr/anon-node-02/llmsr/g0141_Keijzer-15/result.json
g0142,BPG10,llmsr,1314,anon-node-03,g0142_BPG10,ok,completed,not_timeout,False,False,3610.394,8.230125858548228e-12,7.546663843037027e-12,8.540676732438085e-12,1.4645299861186647e-11,0.9999999999860847,0.999999999491702,True,True,c0*x1/(c1 + (-c1 + c2)*exp(-c3*x0)),0.16057800705734177*x1/(1.5897440635882647 + (-1.5897440635882647 + 0.7394697043855116)*exp(-0.06734193855531544*x0)),x0;x1,add;exp;mul;pow,18.0,7.0,2,t;P,dP_dt,True,deepinfra/meta-llama/Meta-Llama-3.1-8B-Instruct-Turbo,/home/anonymous/projects/scientific-intelligent-modelling/exp-planning/02.E1选择验证/llm_configs/benchmark_llm_deepinfra_llama31_8b_turbo.config,Calculate Population growth rate given Time and Population at time t,/home/anonymous/projects/scientific-intelligent-modelling/experiments/semantic200_llm_physics_v2_4host_seed1314_20260429-205250/llmsr/anon-node-03/llmsr/g0142_BPG10/result.json
g0143,MatSci8,llmsr,1314,anon-node-04,g0143_MatSci8,ok,completed,not_timeout,False,False,3626.123,9.482431393582108e-06,8.204830607076606e-06,1.0505156800198212e-05,1.7860904591313546e-05,0.9999792461036743,0.9958607099155441,True,True,c0 + c1*x0**2 + c2*x1 + c3*x0*x1,643.6380296728204 + 192.58819685059166*x0**2 + -2.36695468513939*x1 + 3.677443454731704*x0*x1,x0;x1,add;mul;pow,14.0,4.0,2,epsilon;T,sigma,True,deepinfra/meta-llama/Meta-Llama-3.1-8B-Instruct,/home/anonymous/projects/scientific-intelligent-modelling/exp-planning/02.E1选择验证/llm_configs/benchmark_llm_deepinfra_llama31_8b.config,Calculate Stress given Strain and Temperature,/home/anonymous/projects/scientific-intelligent-modelling/experiments/semantic200_llm_physics_v2_4host_seed1314_20260429-205250/llmsr/anon-node-04/llmsr/g0143_MatSci8/result.json
g0144,Nguyen-8,llmsr,1314,anon-node-05,g0144_Nguyen-8,ok,completed,not_timeout,False,False,3611.245,2.7682015764277282e-12,4.506392749658699e-13,2.8880819237311286e-12,1.3797190836038066e-11,0.9999999999758692,0.9999999285078006,True,True,c0*sin(c1*x0) + c2*exp(c3*x0**2) + c4*x0**c5,2.7953626301481863e-05*sin(0.8012601256214098*x0) + 3.975127580708613e-05*exp(0.05083936835116035*x0**2) + 0.999935978721475*x0**0.500016021182795,x0,add;exp;mul;pow;sin,20.0,6.0,1,x1,target,True,deepinfra/meta-llama/Meta-Llama-3.1-8B-Instruct-Turbo,/home/anonymous/projects/scientific-intelligent-modelling/exp-planning/02.E1选择验证/llm_configs/benchmark_llm_deepinfra_llama31_8b_turbo.config,This is an abstract symbolic regression problem.,/home/anonymous/projects/scientific-intelligent-modelling/experiments/semantic200_llm_physics_v2_4host_seed1314_20260429-205250/llmsr/anon-node-05/llmsr/g0144_Nguyen-8/result.json
g0145,first_principles_rydberg,llmsr,1314,anon-node-02,g0145_first_principles_rydberg,ok,completed,not_timeout,False,False,3610.887,0.0003763560472488332,0.0006897589428385119,0.0002882410064615762,0.0006062329015277615,0.860718699569762,0.9799114451043902,True,True,c0 + c1*x0 + c2*x1,-16.417470125022717 + 1.0098380946564158*x0 + -0.08278763658771714*x1,x0;x1,add;mul,8.0,3.0,2,n_1;n_2,target,True,deepinfra/meta-llama/Meta-Llama-3.1-8B-Instruct,/home/anonymous/projects/scientific-intelligent-modelling/exp-planning/02.E1选择验证/llm_configs/benchmark_llm_deepinfra_llama31_8b.config,"The Rydberg formula is a model for the energy levels of an electron in a hydrogen atom. Data was synthetically generated using the Rydberg formula, with a range of parameters using the scripts in the publication reposito",/home/anonymous/projects/scientific-intelligent-modelling/experiments/semantic200_llm_physics_v2_4host_seed1314_20260429-205250/llmsr/anon-node-02/llmsr/g0145_first_principles_rydberg/result.json
g0146,CRK17,llmsr,1314,anon-node-03,g0146_CRK17,ok,completed,not_timeout,False,False,3611.338,1.4607527735388922e-05,1.628437604002054e-05,1.3858628961347216e-05,0.000381252212008258,0.9999738792357893,0.765700384745789,True,True,c0 + c1*exp(-c2*x0) + c3*x1 + c4*x0**2 + c5*x1**2 + c6*x0*x1,0.15089851951950864 + -0.0469977513149602*exp(-1.3954310604821487*x0) + -0.5562894724051762*x1 + 0.0007721275808754745*x0**2 + -0.015348733624204204*x1**2 + 0.007328803060799355*x0*x1,x0;x1,add;exp;mul;pow,26.0,5.0,2,t;A,dA_dt,True,deepinfra/meta-llama/Meta-Llama-3.1-8B-Instruct-Turbo,/home/anonymous/projects/scientific-intelligent-modelling/exp-planning/02.E1选择验证/llm_configs/benchmark_llm_deepinfra_llama31_8b_turbo.config,Calculate Rate of change of concentration in chemistry reaction kinetics given Time and Concentration at time t,/home/anonymous/projects/scientific-intelligent-modelling/experiments/semantic200_llm_physics_v2_4host_seed1314_20260429-205250/llmsr/anon-node-03/llmsr/g0146_CRK17/result.json
g0147,MatSci25,llmsr,1314,anon-node-04,g0147_MatSci25,ok,completed,not_timeout,False,False,3634.607,0.0012166808354623837,0.00120548285075279,0.0012368851089193643,0.0012692220181778873,0.9949947861015375,0.38275895436609975,True,True,c0 + c1*exp(c2*x0) + c3*sin(c4*x1) + c5*x0**2*x1,-36.632429551542884 + 36.8745133784754*exp(2.2156040595433346*x0) + 0.1270613795059687*sin(0.9447621070639943*x1) + -0.25555807387406104*x0**2*x1,x0;x1,add;exp;mul;pow;sin,20.0,5.0,2,epsilon;T,sigma,True,deepinfra/meta-llama/Meta-Llama-3.1-8B-Instruct,/home/anonymous/projects/scientific-intelligent-modelling/exp-planning/02.E1选择验证/llm_configs/benchmark_llm_deepinfra_llama31_8b.config,Calculate Stress given Strain and Temperature,/home/anonymous/projects/scientific-intelligent-modelling/experiments/semantic200_llm_physics_v2_4host_seed1314_20260429-205250/llmsr/anon-node-04/llmsr/g0147_MatSci25/result.json
g0148,MatSci11,llmsr,1314,anon-node-05,g0148_MatSci11,ok,completed,not_timeout,False,False,3610.536,2.0714541918404815e-06,2.592688137637346e-06,2.4791595960666262e-06,4.132705396777222e-06,0.9999950224415516,0.9996877079811634,True,True,c0*(c2 + exp(c1*x0)) + c3*x1 + c4*x0**2 + c5*sin(x0*x1) + c6*cos(x0*x1) + c7*x0**3 + c8*exp(-x1**2) + c9*tanh(x0*x1),135.51164468288363*(0.1606360995505332 + exp(3.69479297304006*x0)) + -0.5756382703849191*x1 + -1765.181948769237*x0**2 + -0.014605649995397315*sin(x0*x1) + 0.012859877194729408*cos(x0*x1) + 559.8168443678329*x0**3 + 1.0*exp(-x1**2) + 5.14867918462359*tanh(x0*x1),x0;x1,add;cos;exp;mul;pow;sin;tanh,48.0,6.0,2,epsilon;T,sigma,True,deepinfra/meta-llama/Meta-Llama-3.1-8B-Instruct-Turbo,/home/anonymous/projects/scientific-intelligent-modelling/exp-planning/02.E1选择验证/llm_configs/benchmark_llm_deepinfra_llama31_8b_turbo.config,Calculate Stress given Strain and Temperature,/home/anonymous/projects/scientific-intelligent-modelling/experiments/semantic200_llm_physics_v2_4host_seed1314_20260429-205250/llmsr/anon-node-05/llmsr/g0148_MatSci11/result.json
g0149,PO32,llmsr,1314,anon-node-02,g0149_PO32,ok,completed,not_timeout,False,False,3611.844,0.06461146317941849,0.05896654849514063,0.058931705442408354,0.021369506152273465,0.9410651758438219,0.9783259313576133,True,True,-c0 - c1*x0 - c2*x0**2 - c3*x0**3 - c4*x1 - c5*x2 - c6*x0*x1 - c7*x0*x2 - c8*x1*x2,--0.12543541982312745 - -0.4170444734727287*x0 - 0.049918688568444614*x0**2 - 3.093538488977637*x0**3 - 0.004486432098405776*x1 - 0.07821290255052926*x2 - -0.010121393656008811*x0*x1 - 0.060976836783159245*x0*x2 - -0.003175894734154097*x1*x2,x0;x1;x2,add;mul;pow,43.0,4.0,3,x;t;v,dv_dt,True,deepinfra/meta-llama/Meta-Llama-3.1-8B-Instruct,/home/anonymous/projects/scientific-intelligent-modelling/exp-planning/02.E1选择验证/llm_configs/benchmark_llm_deepinfra_llama31_8b.config,"Calculate Acceleration in Non-linear Harmonic Oscillator given Position at time t, Time and Velocity at time t",/home/anonymous/projects/scientific-intelligent-modelling/experiments/semantic200_llm_physics_v2_4host_seed1314_20260429-205250/llmsr/anon-node-02/llmsr/g0149_PO32/result.json
g0150,CRK28,llmsr,1314,anon-node-03,g0150_CRK28,ok,completed,not_timeout,False,False,3610.437,4.376386738185288e-05,0.00029987884273125886,3.879390887509119e-05,0.0005157271310106264,0.9988110511493535,-5.651376022143589,True,True,c0*(c1*x1 + c2*x0**c3) + c4*exp(-c5*x0),0.029575759007656015*(-0.27347621247532217*x1 + 1.0412710797150262*x0**0.20860201075015933) + 0.0810654805960419*exp(-0.281615797897345*x0),x0;x1,add;exp;mul;pow,19.0,6.0,2,t;A,dA_dt,True,deepinfra/meta-llama/Meta-Llama-3.1-8B-Instruct-Turbo,/home/anonymous/projects/scientific-intelligent-modelling/exp-planning/02.E1选择验证/llm_configs/benchmark_llm_deepinfra_llama31_8b_turbo.config,Calculate Rate of change of concentration in chemistry reaction kinetics given Time and Concentration at time t,/home/anonymous/projects/scientific-intelligent-modelling/experiments/semantic200_llm_physics_v2_4host_seed1314_20260429-205250/llmsr/anon-node-03/llmsr/g0150_CRK28/result.json
g0151,MatSci3,llmsr,1314,anon-node-04,g0151_MatSci3,ok,completed,not_timeout,False,False,3622.3,0.006120946898259538,0.006038639433905939,0.006064101574805102,0.028911015151995734,0.9632719996075731,-2.568365386133359,True,True,c0 + c1*x0**2 + c2*x1 + c3*x0*x1,190.57785676164355 + 57.51636447574721*x0**2 + -0.5449927034662595*x1 + 0.7705848847378122*x0*x1,x0;x1,add;mul;pow,14.0,4.0,2,epsilon;T,sigma,True,deepinfra/meta-llama/Meta-Llama-3.1-8B-Instruct,/home/anonymous/projects/scientific-intelligent-modelling/exp-planning/02.E1选择验证/llm_configs/benchmark_llm_deepinfra_llama31_8b.config,Calculate Stress given Strain and Temperature,/home/anonymous/projects/scientific-intelligent-modelling/experiments/semantic200_llm_physics_v2_4host_seed1314_20260429-205250/llmsr/anon-node-04/llmsr/g0151_MatSci3/result.json
g0152,first_principles_tully_fisher,llmsr,1314,anon-node-05,g0152_first_principles_tully_fisher,ok,completed,not_timeout,False,False,3610.957,0.00019268734208859333,9.304876156392116e-05,0.0005564793331526117,6.443119126422529e-05,0.9420643917533746,0.9953304192954407,True,True,"c0 + c1*power(x0, c2) + c3/(exp((c4 - x0)/c5) + 1) + c6*sin(c7*x0)","125.12944067433624 + -255.34631219048146*power(x0, 0.009292267882017242) + 125.12944465557786/(exp((1.0 - x0)/1.0) + 1) + 0.3277976814084716*sin(-8.793592831973283*x0)",x0,add;exp;mul;pow;power;sin,29.0,9.0,1,DV,target,True,deepinfra/meta-llama/Meta-Llama-3.1-8B-Instruct-Turbo,/home/anonymous/projects/scientific-intelligent-modelling/exp-planning/02.E1选择验证/llm_configs/benchmark_llm_deepinfra_llama31_8b_turbo.config,"The Tully-Fisher relation is an empirical correlation between the luminosity of a spiral galaxy and its rotational velocity, named after astronomers Richard Tully and J. Richard Fisher, who first proposed it in 1977, bas",/home/anonymous/projects/scientific-intelligent-modelling/experiments/semantic200_llm_physics_v2_4host_seed1314_20260429-205250/llmsr/anon-node-05/llmsr/g0152_first_principles_tully_fisher/result.json
g0153,MatSci21,llmsr,1314,anon-node-02,g0153_MatSci21,ok,completed,not_timeout,False,False,3612.617,0.04631294058986531,0.045264848669122566,0.04446817282542553,0.0704633789488407,0.9553273792382114,-1.6283623856043605,True,True,c0 + c1*x0**2 + c2*x1 + c3*x0*x1,531.2421157555923 + 159.07970290424797*x0**2 + -1.8809375834871713*x1 + 1.8171844171187703*x0*x1,x0;x1,add;mul;pow,14.0,4.0,2,epsilon;T,sigma,True,deepinfra/meta-llama/Meta-Llama-3.1-8B-Instruct,/home/anonymous/projects/scientific-intelligent-modelling/exp-planning/02.E1选择验证/llm_configs/benchmark_llm_deepinfra_llama31_8b.config,Calculate Stress given Strain and Temperature,/home/anonymous/projects/scientific-intelligent-modelling/experiments/semantic200_llm_physics_v2_4host_seed1314_20260429-205250/llmsr/anon-node-02/llmsr/g0153_MatSci21/result.json
g0154,first_principles_leavitt,llmsr,1314,anon-node-03,g0154_first_principles_leavitt,ok,completed,not_timeout,False,False,3610.413,4.737913286190615e-05,0.0004244772164620623,0.00037589712681116864,0.007012326852064966,0.6830337141059969,0.5371133455059554,True,True,c0 + c1*x0 + c2*x0**2 + c3*x0**3 + c4*exp(c5*x0) + c6/(exp(c7*(-c8 + x0)) + 1),14.954230364180109 + -3.012176489857025*x0 + 3.946865557098449*x0**2 + -2.4929794795704447*x0**3 + 0.00765124562008426*exp(3.4245474262567677*x0) + 0.3929365849351883/(exp(413.1291726868499*(-0.7374076672923484 + x0)) + 1),x0,add;exp;mul;pow,35.0,9.0,1,logP,target,True,deepinfra/meta-llama/Meta-Llama-3.1-8B-Instruct-Turbo,/home/anonymous/projects/scientific-intelligent-modelling/exp-planning/02.E1选择验证/llm_configs/benchmark_llm_deepinfra_llama31_8b_turbo.config,The Leavitt dataset models the relationship between the luminosity of a star and its period. The dataset is based on the Leavitt Law. The data was taken from 1912 paper by Leavitt. y-axis is magnitude at maxima and minim,/home/anonymous/projects/scientific-intelligent-modelling/experiments/semantic200_llm_physics_v2_4host_seed1314_20260429-205250/llmsr/anon-node-03/llmsr/g0154_first_principles_leavitt/result.json
g0155,PO8,llmsr,1314,anon-node-04,g0155_PO8,ok,completed,not_timeout,False,False,3623.994,0.0006419587878238825,0.0006592633531437171,0.0008021892337160172,0.0006754925509339432,0.9991927252411807,0.9993188133105158,True,True,-c0*x0 - c1*x2 - c2*x0**2 - c3*x0*x1 - c4*x1*x2 - c5*x0**3 - c6*x0**2*x1 - c7*x0*x2 - c8*x2**2 + c9*x1,-0.5236225752253961*x0 - -0.0016977955439066322*x2 - 0.051324534272690396*x0**2 - -0.0007532007681168404*x0*x1 - 0.0001256614562382307*x1*x2 - 0.8365573861669757*x0**3 - -0.0007100145142199752*x0**2*x1 - -0.0012119160028002908*x0*x2 - 0.3732885518272828*x2**2 + -0.0013914480412787293*x1,x0;x1;x2,add;mul;pow,52.0,4.0,3,x;t;v,dv_dt,True,deepinfra/meta-llama/Meta-Llama-3.1-8B-Instruct,/home/anonymous/projects/scientific-intelligent-modelling/exp-planning/02.E1选择验证/llm_configs/benchmark_llm_deepinfra_llama31_8b.config,"Calculate Acceleration in Non-linear Harmonic Oscillator given Position at time t, Time and Velocity at time t",/home/anonymous/projects/scientific-intelligent-modelling/experiments/semantic200_llm_physics_v2_4host_seed1314_20260429-205250/llmsr/anon-node-04/llmsr/g0155_PO8/result.json
g0156,Keijzer-12,llmsr,1314,anon-node-05,g0156_Keijzer-12,ok,completed,not_timeout,False,False,3614.731,6.492011425596273e-16,1.4613389996056745e-14,2.911137666073048e-15,1.2773799972662556e-15,0.9999999999999956,0.9999999999999966,True,True,c0 + c1*x0 + c2*x1 + c3*x0**2 + c4*x1**2 + c5*x0**3 + c6*x1**3 + c7*x0**4,-1.192763973946335e-06 + 1.6075045560712288e-06*x0 + -1.000000171997198*x1 + 1.2388131712242068e-06*x0**2 + 0.5000000736758566*x1**2 + -1.0000002221747206*x0**3 + 4.892533886386708e-08*x1**3 + 0.9999998615817175*x0**4,x0;x1,add;mul;pow,33.0,4.0,2,x1;x2,target,True,deepinfra/meta-llama/Meta-Llama-3.1-8B-Instruct-Turbo,/home/anonymous/projects/scientific-intelligent-modelling/exp-planning/02.E1选择验证/llm_configs/benchmark_llm_deepinfra_llama31_8b_turbo.config,This is an abstract symbolic regression problem.,/home/anonymous/projects/scientific-intelligent-modelling/experiments/semantic200_llm_physics_v2_4host_seed1314_20260429-205250/llmsr/anon-node-05/llmsr/g0156_Keijzer-12/result.json
g0157,PO26,llmsr,1314,anon-node-02,g0157_PO26,ok,completed,not_timeout,False,False,3612.235,0.12122909984052399,0.12066355288788153,0.12314329845222717,0.19030309183386424,0.876778756834257,0.761279403041431,True,True,c0*x0 + c1*x0**2 + c2*x1 + c3*x2 + c4*x0*x1 + c5*x0*x2 + c6*x1*x2 + c7*sin(x0) + c8*cos(x1) + c9*exp(x2),-16.686163610928258*x0 + -0.06526916972447176*x0**2 + -0.006231946092259213*x1 + -0.48840557639338267*x2 + -0.02813589673375121*x0*x1 + -0.4657535065124352*x0*x2 + 0.01734037796573462*x1*x2 + 16.860754840534*sin(x0) + -0.0004181191311713939*cos(x1) + -0.009299719399344066*exp(x2),x0;x1;x2,add;cos;exp;mul;pow;sin,39.0,4.0,3,x;t;v,dv_dt,True,deepinfra/meta-llama/Meta-Llama-3.1-8B-Instruct,/home/anonymous/projects/scientific-intelligent-modelling/exp-planning/02.E1选择验证/llm_configs/benchmark_llm_deepinfra_llama31_8b.config,"Calculate Acceleration in Non-linear Harmonic Oscillator given Position at time t, Time and Velocity at time t",/home/anonymous/projects/scientific-intelligent-modelling/experiments/semantic200_llm_physics_v2_4host_seed1314_20260429-205250/llmsr/anon-node-02/llmsr/g0157_PO26/result.json
g0158,PO0,llmsr,1314,anon-node-03,g0158_PO0,ok,completed,not_timeout,False,False,3611.138,0.0007492957343768153,0.0006927010704994498,0.000750344010273551,0.0005981295284351417,0.9992482057518607,0.9993296275014532,True,True,-c0*x2 - c1*x0 + c2*x0**3 + c3*x2**3 + c4*x1*x2 + c5*sin(x1) + c6*cos(x1) + c7*exp(x0) + c8*exp(x2) + c9*tanh(x2),-0.015797921109518696*x2 - 0.6227899390588792*x0 + -0.7925583968791423*x0**3 + -0.03622142512743152*x2**3 + -0.00035820473885367235*x1*x2 + 0.9407688073754849*sin(x1) + 0.012825398492039774*cos(x1) + -0.0020815253725828403*exp(x0) + 0.0014771431275841837*exp(x2) + -0.7103985606292037*tanh(x2),x0;x1;x2,add;cos;exp;mul;pow;sin;tanh,43.0,4.0,3,x;t;v,dv_dt,True,deepinfra/meta-llama/Meta-Llama-3.1-8B-Instruct-Turbo,/home/anonymous/projects/scientific-intelligent-modelling/exp-planning/02.E1选择验证/llm_configs/benchmark_llm_deepinfra_llama31_8b_turbo.config,"Calculate Acceleration in Non-linear Harmonic Oscillator given Position at time t, Time and Velocity at time t",/home/anonymous/projects/scientific-intelligent-modelling/experiments/semantic200_llm_physics_v2_4host_seed1314_20260429-205250/llmsr/anon-node-03/llmsr/g0158_PO0/result.json
g0159,CRK30,llmsr,1314,anon-node-04,g0159_CRK30,ok,completed,not_timeout,False,False,3627.014,0.00014274639839501605,0.0001387158238531061,0.0001468047237662504,0.0009412826516238441,0.9992541995280866,-2.53664655598494,True,True,-c0*x1 + c1*x1**2 + c2*exp(-c3*x0),--0.028363189050058777*x1 + -0.008309928366396128*x1**2 + 0.07170148757424799*exp(-0.18186191673376975*x0),x0;x1,add;exp;mul;pow,17.0,5.0,2,t;A,dA_dt,True,deepinfra/meta-llama/Meta-Llama-3.1-8B-Instruct,/home/anonymous/projects/scientific-intelligent-modelling/exp-planning/02.E1选择验证/llm_configs/benchmark_llm_deepinfra_llama31_8b.config,Calculate Rate of change of concentration in chemistry reaction kinetics given Time and Concentration at time t,/home/anonymous/projects/scientific-intelligent-modelling/experiments/semantic200_llm_physics_v2_4host_seed1314_20260429-205250/llmsr/anon-node-04/llmsr/g0159_CRK30/result.json
g0160,PO16,llmsr,1314,anon-node-05,g0160_PO16,ok,completed,not_timeout,False,False,3611.107,6.62253699477462e-06,6.040855245438537e-06,7.276190873545625e-06,6.229983078130687e-06,0.999992722253052,0.9999936909153495,True,True,c0*x0 + c1*x0**2 + c2*x0**3 + c3*x2 + c4*x2**2 + c5*x2**3 + c6*sin(x1) + c7*cos(x1) + c8*x0*x2 + c9*x1,0.001298569308694711*x0 + 0.0003266514412122091*x0**2 + -3.107676244219686*x0**3 + -0.12820439443980716*x2 + -0.0004887274467701384*x2**2 + 0.018376292023246695*x2**3 + 0.8889599985349839*sin(x1) + 0.0004889085230029422*cos(x1) + -0.1152464824755051*x0*x2 + 1.0313402234638847e-05*x1,x0;x1;x2,add;cos;mul;pow;sin,42.0,4.0,3,x;t;v,dv_dt,True,deepinfra/meta-llama/Meta-Llama-3.1-8B-Instruct-Turbo,/home/anonymous/projects/scientific-intelligent-modelling/exp-planning/02.E1选择验证/llm_configs/benchmark_llm_deepinfra_llama31_8b_turbo.config,"Calculate Acceleration in Non-linear Harmonic Oscillator given Position at time t, Time and Velocity at time t",/home/anonymous/projects/scientific-intelligent-modelling/experiments/semantic200_llm_physics_v2_4host_seed1314_20260429-205250/llmsr/anon-node-05/llmsr/g0160_PO16/result.json
g0161,CRK13,llmsr,1314,anon-node-02,g0161_CRK13,ok,completed,not_timeout,False,False,3611.39,1.1339303059343212e-06,1.0967172470965793e-06,1.153270009641019e-06,7.339468792831906e-05,0.9999943410064763,0.9616970016151185,True,True,c0*exp(c1*x0) + c2*x1/(c3*x1 + 1),-0.00022825457905046*exp(0.008505238222000971*x0) + -0.02105334439917634*x1/(-0.3651029367884535*x1 + 1),x0;x1,add;exp;mul;pow,17.0,6.0,2,t;A,dA_dt,True,deepinfra/meta-llama/Meta-Llama-3.1-8B-Instruct,/home/anonymous/projects/scientific-intelligent-modelling/exp-planning/02.E1选择验证/llm_configs/benchmark_llm_deepinfra_llama31_8b.config,Calculate Rate of change of concentration in chemistry reaction kinetics given Time and Concentration at time t,/home/anonymous/projects/scientific-intelligent-modelling/experiments/semantic200_llm_physics_v2_4host_seed1314_20260429-205250/llmsr/anon-node-02/llmsr/g0161_CRK13/result.json
g0162,CRK11,llmsr,1314,anon-node-03,g0162_CRK11,ok,completed,not_timeout,False,False,3611.126,3.3092403013767323e-06,4.312318686347838e-06,2.79365485811128e-06,0.0004061514231349331,0.9999971231650434,0.9993570114295485,True,True,c0 + c1/(c2 + x1) + c3*x1**2 + c4*x1**3 + c5*x0*x1,-0.0013770361054554654 + 0.5292254097297422/(1.299616879933135 + x1) + -0.2877305551407173*x1**2 + -0.32045039119023055*x1**3 + -3.604016545570001e-07*x0*x1,x0;x1,add;mul;pow,23.0,5.0,2,t;A,dA_dt,True,deepinfra/meta-llama/Meta-Llama-3.1-8B-Instruct-Turbo,/home/anonymous/projects/scientific-intelligent-modelling/exp-planning/02.E1选择验证/llm_configs/benchmark_llm_deepinfra_llama31_8b_turbo.config,Calculate Rate of change of concentration in chemistry reaction kinetics given Time and Concentration at time t,/home/anonymous/projects/scientific-intelligent-modelling/experiments/semantic200_llm_physics_v2_4host_seed1314_20260429-205250/llmsr/anon-node-03/llmsr/g0162_CRK11/result.json
g0163,CRK8,llmsr,1314,anon-node-04,g0163_CRK8,ok,completed,not_timeout,False,False,3626.12,2.787359170274882e-06,2.2886339965202435e-06,2.1632635126961237e-06,244384.99110107718,0.9999977334434463,-569922.5273944528,True,True,c0*x1**2 + c1*x0*x1 + c2*exp(-c3*x0) + c4*sin(c5*x0) + c6*cos(c7*x1) + c8*x0**2*x1**2,-0.6623933652296246*x1**2 + -0.03992374965714907*x0*x1 + -0.5899350790219502*exp(-1.4472900703511236*x0) + -5.687978899396483e-05*sin(1.152578189510383*x0) + -8.728574071012375e-06*cos(0.9570851219417368*x1) + -0.37187974185440476*x0**2*x1**2,x0;x1,add;cos;exp;mul;pow;sin,37.0,5.0,2,t;A,dA_dt,True,deepinfra/meta-llama/Meta-Llama-3.1-8B-Instruct,/home/anonymous/projects/scientific-intelligent-modelling/exp-planning/02.E1选择验证/llm_configs/benchmark_llm_deepinfra_llama31_8b.config,Calculate Rate of change of concentration in chemistry reaction kinetics given Time and Concentration at time t,/home/anonymous/projects/scientific-intelligent-modelling/experiments/semantic200_llm_physics_v2_4host_seed1314_20260429-205250/llmsr/anon-node-04/llmsr/g0163_CRK8/result.json
g0164,CRK18,llmsr,1314,anon-node-05,g0164_CRK18,ok,completed,not_timeout,False,False,3611.187,1.3851435585824524e-07,9.994956845440174e-08,1.6964093774464867e-07,0.013495158630890201,0.9999998136720221,0.5420422123384736,True,True,c0*x1**c1*exp(-c2*x0) + c3*x0**c4,-0.4727622748903262*x1**2.0147279674381893*exp(-0.09952550119979137*x0) + 2.1177617923029114e-06*x0**0.22562965467151672,x0;x1,add;exp;mul;pow,16.0,5.0,2,t;A,dA_dt,True,deepinfra/meta-llama/Meta-Llama-3.1-8B-Instruct-Turbo,/home/anonymous/projects/scientific-intelligent-modelling/exp-planning/02.E1选择验证/llm_configs/benchmark_llm_deepinfra_llama31_8b_turbo.config,Calculate Rate of change of concentration in chemistry reaction kinetics given Time and Concentration at time t,/home/anonymous/projects/scientific-intelligent-modelling/experiments/semantic200_llm_physics_v2_4host_seed1314_20260429-205250/llmsr/anon-node-05/llmsr/g0164_CRK18/result.json
g0165,CRK10,llmsr,1314,anon-node-02,g0165_CRK10,ok,completed,not_timeout,False,False,3612.188,7.2200133048223e-07,8.246747667320328e-07,6.951489421955183e-07,0.004777000504199195,0.9999992413423574,0.9786356933331247,True,True,c0*x1**2 + c1*exp(-c2*x0) + c3*x0*x1 + c4*sin(c5*x0) + c6*cos(c7*x1) + c8*x1**3 + c9*log(x1 + 1.0e-6),0.5368156545312625*x1**2 + 0.06157832667457264*exp(-0.8094384568417303*x0) + 4.8640804391531e-07*x0*x1 + 1.1095151171716775e-05*sin(0.608863007969683*x0) + 0.548501809224337*cos(1.7332287808431535*x1) + -0.30701507047064913*x1**3 + 0.9134625416997441*log(x1 + 1.0e-6),x0;x1,add;cos;exp;log;mul;pow;sin,40.0,5.0,2,t;A,dA_dt,True,deepinfra/meta-llama/Meta-Llama-3.1-8B-Instruct,/home/anonymous/projects/scientific-intelligent-modelling/exp-planning/02.E1选择验证/llm_configs/benchmark_llm_deepinfra_llama31_8b.config,Calculate Rate of change of concentration in chemistry reaction kinetics given Time and Concentration at time t,/home/anonymous/projects/scientific-intelligent-modelling/experiments/semantic200_llm_physics_v2_4host_seed1314_20260429-205250/llmsr/anon-node-02/llmsr/g0165_CRK10/result.json
g0166,CRK24,llmsr,1314,anon-node-03,g0166_CRK24,ok,completed,not_timeout,False,False,3610.478,1.1192392742648692e-07,9.067130412568327e-08,8.222889079842497e-08,0.0001125706504371117,0.9999999095137628,0.9996816826180933,True,True,c0*exp(-c1*x0) + c2*x1 + c3*x1**2 + c4*x0*x1 + c5*x1*sin(c6*x0) + c7*cos(c8*x0) + c9,-0.001033705049569274*exp(-1.1379187568107716*x0) + 0.15194739399704887*x1 + -0.2258208469105675*x1**2 + 1.4180318934759806e-07*x0*x1 + -7.580465500799056e-07*x1*sin(-1.8066116353570523*x0) + -1.4726260500138843e-06*cos(2.9348199335267084*x0) + 0.3062931252516124,x0;x1,add;cos;exp;mul;pow;sin,34.0,5.0,2,t;A,dA_dt,True,deepinfra/meta-llama/Meta-Llama-3.1-8B-Instruct-Turbo,/home/anonymous/projects/scientific-intelligent-modelling/exp-planning/02.E1选择验证/llm_configs/benchmark_llm_deepinfra_llama31_8b_turbo.config,Calculate Rate of change of concentration in chemistry reaction kinetics given Time and Concentration at time t,/home/anonymous/projects/scientific-intelligent-modelling/experiments/semantic200_llm_physics_v2_4host_seed1314_20260429-205250/llmsr/anon-node-03/llmsr/g0166_CRK24/result.json
g0167,BPG3,llmsr,1314,anon-node-04,g0167_BPG3,ok,completed,not_timeout,False,False,3614.396,2.411699553150132e-07,1.8953209226446451e-07,2.1314490932296134e-07,2.737372037146538,0.999999773981547,-2.1418952058007523,True,True,c0*x1*exp(c1*x0) + c2*x0*x1 + c3*x1**2,-0.8393296754932393*x1*exp(0.024326622939681648*x0) + 0.02050047683509099*x0*x1 + 0.2576379401967657*x1**2,x0;x1,add;exp;mul;pow,17.0,5.0,2,t;P,dP_dt,True,deepinfra/meta-llama/Meta-Llama-3.1-8B-Instruct,/home/anonymous/projects/scientific-intelligent-modelling/exp-planning/02.E1选择验证/llm_configs/benchmark_llm_deepinfra_llama31_8b.config,Calculate Population growth rate given Time and Population at time t,/home/anonymous/projects/scientific-intelligent-modelling/experiments/semantic200_llm_physics_v2_4host_seed1314_20260429-205250/llmsr/anon-node-04/llmsr/g0167_BPG3/result.json
g0168,CRK34,llmsr,1314,anon-node-05,g0168_CRK34,ok,completed,not_timeout,False,False,3610.993,5.922394367776956e-08,4.467824672360124e-08,7.251116775231847e-08,0.00031407059390911314,0.999999921149885,0.9996132142961098,True,True,c0*x1 + c1*x0*x1 + c2*x1*exp(-c3*x0) + c4*x1**2 + c5*x1*sin(c6*x0),0.6703759635427157*x1 + -2.1554718601500477e-07*x0*x1 + 0.1645362214685807*x1*exp(-1.2418907311819394*x0) + -0.27993981640225946*x1**2 + -3.0623911257329516e-06*x1*sin(0.7311046937969828*x0),x0;x1,add;exp;mul;pow;sin,28.0,5.0,2,t;A,dA_dt,True,deepinfra/meta-llama/Meta-Llama-3.1-8B-Instruct-Turbo,/home/anonymous/projects/scientific-intelligent-modelling/exp-planning/02.E1选择验证/llm_configs/benchmark_llm_deepinfra_llama31_8b_turbo.config,Calculate Rate of change of concentration in chemistry reaction kinetics given Time and Concentration at time t,/home/anonymous/projects/scientific-intelligent-modelling/experiments/semantic200_llm_physics_v2_4host_seed1314_20260429-205250/llmsr/anon-node-05/llmsr/g0168_CRK34/result.json
g0169,CRK9,llmsr,1314,anon-node-02,g0169_CRK9,ok,completed,not_timeout,False,False,3612.206,1.8698207227773768e-07,2.0100230353998345e-07,2.160381007459795e-07,0.0038645032658389186,0.9999997591409798,0.9837062309368163,True,True,c0*x1**2 + c1*exp(-c2*x0) + c3*x0*x1 + c4*sin(c5*x0) + c6*cos(c7*x1) + c8*tanh(c9*x1),-0.073722059097662*x1**2 + 0.10172331815892942*exp(-1.2096696055456417*x0) + 3.6128213790168143e-07*x0*x1 + 8.391493430441344e-06*sin(0.5599929599578386*x0) + 0.2012425163968886*cos(1.2710491043405512*x1) + 0.5650770746989584*tanh(0.7366623937360951*x1),x0;x1,add;cos;exp;mul;pow;sin;tanh,35.0,5.0,2,t;A,dA_dt,True,deepinfra/meta-llama/Meta-Llama-3.1-8B-Instruct,/home/anonymous/projects/scientific-intelligent-modelling/exp-planning/02.E1选择验证/llm_configs/benchmark_llm_deepinfra_llama31_8b.config,Calculate Rate of change of concentration in chemistry reaction kinetics given Time and Concentration at time t,/home/anonymous/projects/scientific-intelligent-modelling/experiments/semantic200_llm_physics_v2_4host_seed1314_20260429-205250/llmsr/anon-node-02/llmsr/g0169_CRK9/result.json
g0170,BPG17,llmsr,1314,anon-node-03,g0170_BPG17,ok,completed,not_timeout,False,False,3610.311,4.640446519413666e-06,4.377286808970708e-06,4.669728987784192e-06,2.664195122537838,0.9999941695927228,-101.10707558523717,True,True,c0*exp(c1*x0)/(exp(c2*(-c3 + x1)) + 1)**c4 + c5*(-c6 + x1)/(1 + exp(-c7*(-c6 + x1))),0.6595929706389674*exp(-2.4722649848479256e-05*x0)/(exp(1.08603898983039*(-0.8537900743180452 + x1)) + 1)**1.0822848841220272 + 0.6448559864136955*(-3.037298128654224 + x1)/(1 + exp(-1.008643970603427*(-3.037298128654224 + x1))),x0;x1,add;exp;mul;pow,41.0,9.0,2,t;P,dP_dt,True,deepinfra/meta-llama/Meta-Llama-3.1-8B-Instruct-Turbo,/home/anonymous/projects/scientific-intelligent-modelling/exp-planning/02.E1选择验证/llm_configs/benchmark_llm_deepinfra_llama31_8b_turbo.config,Calculate Population growth rate given Time and Population at time t,/home/anonymous/projects/scientific-intelligent-modelling/experiments/semantic200_llm_physics_v2_4host_seed1314_20260429-205250/llmsr/anon-node-03/llmsr/g0170_BPG17/result.json
g0171,CRK2,llmsr,1314,anon-node-04,g0171_CRK2,ok,completed,not_timeout,False,False,3620.569,2.1716135764222984e-05,1.8634531009115847e-05,2.164112837020486e-05,0.0012987574090909636,0.9999752052915698,0.9881902582900096,True,True,x1*(-c0 - c1*x0 - c2*x1)*exp(x0*(-c0 - c1*x0 - c2*x1)),x1*(--0.27173073012153715 - -1.3131670938902954e-07*x0 - 0.275786615113781*x1)*exp(x0*(--0.27173073012153715 - -1.3131670938902954e-07*x0 - 0.275786615113781*x1)),x0;x1,add;exp;mul,29.0,6.0,2,t;A,dA_dt,True,deepinfra/meta-llama/Meta-Llama-3.1-8B-Instruct,/home/anonymous/projects/scientific-intelligent-modelling/exp-planning/02.E1选择验证/llm_configs/benchmark_llm_deepinfra_llama31_8b.config,Calculate Rate of change of concentration in chemistry reaction kinetics given Time and Concentration at time t,/home/anonymous/projects/scientific-intelligent-modelling/experiments/semantic200_llm_physics_v2_4host_seed1314_20260429-205250/llmsr/anon-node-04/llmsr/g0171_CRK2/result.json
g0172,CRK0,llmsr,1314,anon-node-05,g0172_CRK0,ok,completed,not_timeout,False,False,3611.226,1.2382150736487738e-07,7.777185752388601e-08,1.3241113488937884e-07,3.1443403666672957e-06,0.9999998536112568,0.999988061419817,True,True,c0*x1 + c1*x0*x1 + c2*x1**2 + c3*exp(-x0*x1) + c4*sin(x0*x1),0.5233385295611617*x1 + 8.959295789304005e-09*x0*x1 + -0.4460620182437266*x1**2 + -0.00438288353544335*exp(-x0*x1) + 8.182011840807982e-07*sin(x0*x1),x0;x1,add;exp;mul;pow;sin,26.0,5.0,2,t;A,dA_dt,True,deepinfra/meta-llama/Meta-Llama-3.1-8B-Instruct-Turbo,/home/anonymous/projects/scientific-intelligent-modelling/exp-planning/02.E1选择验证/llm_configs/benchmark_llm_deepinfra_llama31_8b_turbo.config,Calculate Rate of change of concentration in chemistry reaction kinetics given Time and Concentration at time t,/home/anonymous/projects/scientific-intelligent-modelling/experiments/semantic200_llm_physics_v2_4host_seed1314_20260429-205250/llmsr/anon-node-05/llmsr/g0172_CRK0/result.json
g0173,feynman-ii.35.18,llmsr,1314,anon-node-02,g0173_feynman-ii.35.18,ok,completed,not_timeout,False,False,3606.82,6.582397732918634e-14,6.668589558123317e-14,8.359488636216642e-14,1.1407343720697703e-11,0.9999999999998574,0.9999999988517845,True,True,c0*x0*exp(-c1*x2/(c2*x1)) + c3*x0*exp(-c4*x2/(c5*x3)),1.0*x0*exp(-1.0*x2/(1.0*x1)) + 0.5000000037135551*x0*exp(-0.00010826497143415662*x2/(0.9997629812752223*x3)),x0;x1;x2;x3,add;exp;mul;pow,29.0,6.0,4,x0;x1;x2;x3,y,True,deepinfra/meta-llama/Meta-Llama-3.1-8B-Instruct,/home/anonymous/projects/scientific-intelligent-modelling/exp-planning/02.E1选择验证/llm_configs/benchmark_llm_deepinfra_llama31_8b.config,"Calculate the Number of atoms with the equivalent magnetic moment given Number of atoms per unit volume, Magnetic moment, Magnetic flux density, Boltzmann constant",/home/anonymous/projects/scientific-intelligent-modelling/experiments/semantic200_llm_physics_v2_4host_seed1314_20260429-205250/llmsr/anon-node-02/llmsr/g0173_feynman-ii.35.18/result.json
g0174,feynman-ii.35.18,llmsr,1314,anon-node-03,g0174_feynman-ii.35.18,ok,completed,not_timeout,False,False,3611.986,7.757723665049564e-14,9.849311524807346e-14,9.394741326156299e-14,2.2035848995877655e-11,0.9999999999998398,0.9999999978101223,True,True,c0*x0*exp(-c1*x1/(c2*x2)) + c3*x3*exp(-c4*x4/(c5*x5)),0.4999999861274385*x0*exp(-1.0*x1/(1.0*x2)) + -1.9221312511422265e-08*x3*exp(-0.7086407712845972*x4/(0.7081105054779527*x5)),x0;x1;x2;x3;x4;x5,add;exp;mul;pow,29.0,6.0,6,x0;x1;x2;x3;x4;x5,y,True,deepinfra/meta-llama/Meta-Llama-3.1-8B-Instruct-Turbo,/home/anonymous/projects/scientific-intelligent-modelling/exp-planning/02.E1选择验证/llm_configs/benchmark_llm_deepinfra_llama31_8b_turbo.config,"Calculate the Number of atoms with the equivalent magnetic moment given Number of atoms per unit volume, Magnetic moment, Magnetic flux density, Boltzmann constant There are 6 candidate variables in an unknown order. The",/home/anonymous/projects/scientific-intelligent-modelling/experiments/semantic200_llm_physics_v2_4host_seed1314_20260429-205250/llmsr/anon-node-03/llmsr/g0174_feynman-ii.35.18/result.json
g0175,feynman-bonus.2,llmsr,1314,anon-node-04,g0175_feynman-bonus.2,ok,completed,not_timeout,False,False,3623.21,0.9999733791349381,1.0000575688903193,0.9997165385150077,1.0000036018105563,-0.02764150426744516,-0.011071494213072963,True,True,c0*x0*x1**2/(x3*(sin(x4) + sin(x5) + 1)),-3.659272771681585e-06*x0*x1**2/(x3*(sin(x4) + sin(x5) + 1)),x0;x1;x3;x4;x5,add;mul;pow;sin,17.0,5.0,6,x0;x1;x2;x3;x4;x5,y,True,deepinfra/meta-llama/Meta-Llama-3.1-8B-Instruct,/home/anonymous/projects/scientific-intelligent-modelling/exp-planning/02.E1选择验证/llm_configs/benchmark_llm_deepinfra_llama31_8b.config,"Calculate the Inverse radius given Mass (The Earth), Variable, Angular Momentum, Energy, Angle, Angle",/home/anonymous/projects/scientific-intelligent-modelling/experiments/semantic200_llm_physics_v2_4host_seed1314_20260429-205250/llmsr/anon-node-04/llmsr/g0175_feynman-bonus.2/result.json
g0176,feynman_II_8_7,llmsr,1314,anon-node-05,g0176_feynman_II_8_7,ok,completed,not_timeout,False,False,3614.159,1.4781865953532649e-16,1.4781865990083693e-16,1.4781865935732976e-16,1.4781866350142428e-16,0.9999999999999998,0.9999999999999998,True,True,0.25*c0*x0**2/(pi*x1*x2),0.25*0.599999992705158*x0**2/(pi*x1*x2),x0;x1;x2,mul;pi;pow,15.0,3.0,3,q;epsilon;d,target,True,deepinfra/meta-llama/Meta-Llama-3.1-8B-Instruct-Turbo,/home/anonymous/projects/scientific-intelligent-modelling/exp-planning/02.E1选择验证/llm_configs/benchmark_llm_deepinfra_llama31_8b_turbo.config,"Calculate the energy given the charge, diameter, and permittivity.",/home/anonymous/projects/scientific-intelligent-modelling/experiments/semantic200_llm_physics_v2_4host_seed1314_20260429-205250/llmsr/anon-node-05/llmsr/g0176_feynman_II_8_7/result.json
g0177,feynman_I_14_3,llmsr,1314,anon-node-02,g0177_feynman_I_14_3,ok,completed,not_timeout,False,False,3615.049,5.671225276667391e-32,5.446326830150925e-32,5.83491957556151e-32,7.588272882953632e-33,1.0,1.0,True,True,c0*x0*x1*x2,1.0*x0*x1*x2,x0;x1;x2,mul,5.0,2.0,3,m;g;z,target,True,deepinfra/meta-llama/Meta-Llama-3.1-8B-Instruct,/home/anonymous/projects/scientific-intelligent-modelling/exp-planning/02.E1选择验证/llm_configs/benchmark_llm_deepinfra_llama31_8b.config,"Calculate the gravitational potential energy given the mass, gravitational acceleration, and height.",/home/anonymous/projects/scientific-intelligent-modelling/experiments/semantic200_llm_physics_v2_4host_seed1314_20260429-205250/llmsr/anon-node-02/llmsr/g0177_feynman_I_14_3/result.json
g0178,feynman_I_43_16,llmsr,1314,anon-node-03,g0178_feynman_I_43_16,ok,completed,not_timeout,False,False,3615.044,7.073462275166902e-32,7.216730829807647e-32,7.064987373690216e-32,1.23710086566913e-32,1.0,1.0,True,True,c0*x0*x1*x2/(c1*x3),1.0*x0*x1*x2/(1.0*x3),x0;x1;x2;x3,mul;pow,11.0,3.0,4,mu_drift;q;Volt;d,target,True,deepinfra/meta-llama/Meta-Llama-3.1-8B-Instruct-Turbo,/home/anonymous/projects/scientific-intelligent-modelling/exp-planning/02.E1选择验证/llm_configs/benchmark_llm_deepinfra_llama31_8b_turbo.config,"Calculate the drift velocity given the mobility, charge, voltage, and distance.",/home/anonymous/projects/scientific-intelligent-modelling/experiments/semantic200_llm_physics_v2_4host_seed1314_20260429-205250/llmsr/anon-node-03/llmsr/g0178_feynman_I_43_16/result.json
g0179,feynman_III_15_14,llmsr,1314,anon-node-04,g0179_feynman_III_15_14,ok,completed,not_timeout,False,False,3644.887,0.006253625665691556,0.0057078490837417645,0.006197261853747053,0.01395059733307433,0.9915110700611408,0.9829612487128181,True,True,c0*x0**c1*x1**c2/(c3 + x2**c4),0.010991979941248706*x0**2.338820153031532*x1**-0.9613947952588034/(0.5655282445263488 + x2**2.295949308381117),x0;x1;x2,add;mul;pow,15.0,5.0,3,h;E_n;d,target,True,deepinfra/meta-llama/Meta-Llama-3.1-8B-Instruct,/home/anonymous/projects/scientific-intelligent-modelling/exp-planning/02.E1选择验证/llm_configs/benchmark_llm_deepinfra_llama31_8b.config,"Calculate the effective mass given Planck's constant, energy parameter, and lattice spacing.",/home/anonymous/projects/scientific-intelligent-modelling/experiments/semantic200_llm_physics_v2_4host_seed1314_20260429-205250/llmsr/anon-node-04/llmsr/g0179_feynman_III_15_14/result.json
g0180,feynman_II_15_4,llmsr,1314,anon-node-05,g0180_feynman_II_15_4,ok,completed,not_timeout,False,False,3614.084,2.5378204289119933e-31,2.6170181750538427e-31,2.5014480601663078e-31,5.908606957084231e-32,1.0,1.0,True,True,-c0*x0*x1*cos(x2),-1.0*x0*x1*cos(x2),x0;x1;x2,cos;mul,7.0,3.0,3,mom;B;theta,target,True,deepinfra/meta-llama/Meta-Llama-3.1-8B-Instruct-Turbo,/home/anonymous/projects/scientific-intelligent-modelling/exp-planning/02.E1选择验证/llm_configs/benchmark_llm_deepinfra_llama31_8b_turbo.config,"Calculate the potential energy given the magnetic moment, magnetic field, and angle.",/home/anonymous/projects/scientific-intelligent-modelling/experiments/semantic200_llm_physics_v2_4host_seed1314_20260429-205250/llmsr/anon-node-05/llmsr/g0180_feynman_II_15_4/result.json
g0181,feynman_II_3_24,llmsr,1314,anon-node-02,g0181_feynman_II_3_24,ok,completed,not_timeout,False,False,3614.357,9.274853505666664e-15,9.27485350329174e-15,9.27485350098282e-15,9.274853561236399e-15,0.9999999999999841,0.9999999999999858,True,True,c0*x0/x1**2,0.07957746388215642*x0/x1**2,x0;x1,mul;pow,6.0,3.0,2,Pwr;r,target,True,deepinfra/meta-llama/Meta-Llama-3.1-8B-Instruct,/home/anonymous/projects/scientific-intelligent-modelling/exp-planning/02.E1选择验证/llm_configs/benchmark_llm_deepinfra_llama31_8b.config,Calculate the radiation flux given the power and the distance from the source.,/home/anonymous/projects/scientific-intelligent-modelling/experiments/semantic200_llm_physics_v2_4host_seed1314_20260429-205250/llmsr/anon-node-02/llmsr/g0181_feynman_II_3_24/result.json
g0182,I.11.19_3_0,llmsr,1314,anon-node-03,g0182_I.11.19_3_0,ok,completed,not_timeout,False,False,3616.057,0.02209268365675826,0.02185897771395847,0.021939789547486353,0.14083808224230263,0.9168345808857541,0.715222420503931,True,True,c0 + c1*x0 + c2*x1 + c3*x2 + c4*x3 + c5*x4 + c6*x5 + c7*x0**2 + c8*x1**2 + c9*x4**3,40.19206254854884 + 0.3935981215992209*x0 + -26.316790655112925*x1 + 1.2052230029709843*x2 + 1.2119839005619069*x3 + 1.2542385742296494*x4 + 1.2179922804677714*x5 + 0.00010610468329599165*x0**2 + 3.0570639050477206*x1**2 + -0.0018614699806044548*x4**3,x0;x1;x2;x3;x4;x5,add;mul;pow,35.0,4.0,6,A;x1;x2;x3;y2;y3,y1,True,deepinfra/meta-llama/Meta-Llama-3.1-8B-Instruct-Turbo,/home/anonymous/projects/scientific-intelligent-modelling/exp-planning/02.E1选择验证/llm_configs/benchmark_llm_deepinfra_llama31_8b_turbo.config,"Calculate the first variable or value given the resulting sum of products, the first coefficient, the second coefficient, the third coefficient, the second variable or value and the third variable or value",/home/anonymous/projects/scientific-intelligent-modelling/experiments/semantic200_llm_physics_v2_4host_seed1314_20260429-205250/llmsr/anon-node-03/llmsr/g0182_I.11.19_3_0/result.json
g0183,feynman_II_21_32,llmsr,1314,anon-node-04,g0183_feynman_II_21_32,ok,completed,not_timeout,False,False,3646.631,0.011503414862001028,0.00977881371543209,0.009800709342655072,0.21006091462207263,0.977570368073821,0.727827404599849,True,True,c0*x0/(4*pi*x1*x2) + c1*x3**2/(x2*x4**2) + c2*exp(-c3*x2/x4),1.3555402427622545*x0/(4*pi*x1*x2) + 0.29606082085558316*x3**2/(x2*x4**2) + -0.0159599185928183*exp(-1.3315505330339874*x2/x4),x0;x1;x2;x3;x4,add;exp;mul;pi;pow,35.0,6.0,5,q;epsilon;r;v;c,target,True,deepinfra/meta-llama/Meta-Llama-3.1-8B-Instruct,/home/anonymous/projects/scientific-intelligent-modelling/exp-planning/02.E1选择验证/llm_configs/benchmark_llm_deepinfra_llama31_8b.config,"Calculate the electric potential given the charge, distance, permittivity, velocity, and speed of light.",/home/anonymous/projects/scientific-intelligent-modelling/experiments/semantic200_llm_physics_v2_4host_seed1314_20260429-205250/llmsr/anon-node-04/llmsr/g0183_feynman_II_21_32/result.json
g0184,III.15.14_1_0,llmsr,1314,anon-node-05,g0184_III.15.14_1_0,ok,completed,not_timeout,False,False,3614.34,6.88621790208357e-15,3.987991841333109e-15,8.103702408495973e-15,7.400343787820325e-16,0.9999999999999918,0.9999999999999992,True,True,c0*x1**2*(c1**2 + 1/4)/(8*x0*x2**2),0.33850598904197426*x1**2*(0.22207819463125666**2 + 1/4)/(8*x0*x2**2),x0;x1;x2,add;mul;pow,17.0,4.0,3,m;h;d,E_n,True,deepinfra/meta-llama/Meta-Llama-3.1-8B-Instruct-Turbo,/home/anonymous/projects/scientific-intelligent-modelling/exp-planning/02.E1选择验证/llm_configs/benchmark_llm_deepinfra_llama31_8b_turbo.config,"Calculate the nth energy level of the system given the mass of a particle in a quantum mechanical system, the Planck constant and the width or distance between the boundaries of the quantum well",/home/anonymous/projects/scientific-intelligent-modelling/experiments/semantic200_llm_physics_v2_4host_seed1314_20260429-205250/llmsr/anon-node-05/llmsr/g0184_III.15.14_1_0/result.json
g0185,I.11.19_2_0,llmsr,1314,anon-node-02,g0185_I.11.19_2_0,ok,completed,not_timeout,False,False,3618.029,0.05966307858927905,0.05917681165879128,0.05806579057714383,0.2631999168550756,0.8304598906298679,0.5828610752265652,True,True,c0 + c1*x0 + c2*x1 + c3*x2 + c4*x3 + c5*x4 + c6*x5 + c7*x3*x4 + c8*x3*x5 + c9*x4*x5,-15.67970474840438 + -0.4032589534777115*x0 + 1.2012107602511986*x1 + -1.2014501952534895*x2 + 2.6616480396874147*x3 + -2.5655575815009835*x4 + 5.201785995957977*x5 + -0.008036218393049263*x3*x4 + -0.4732146248683358*x3*x5 + 0.4604040169111736*x4*x5,x0;x1;x2;x3;x4;x5,add;mul,32.0,3.0,6,A;x1;x2;y1;y2;y3,x3,True,deepinfra/meta-llama/Meta-Llama-3.1-8B-Instruct,/home/anonymous/projects/scientific-intelligent-modelling/exp-planning/02.E1选择验证/llm_configs/benchmark_llm_deepinfra_llama31_8b.config,"Calculate the third coefficient given the resulting sum of products, the first coefficient, the second coefficient, the first variable or value, the second variable or value and the third variable or value",/home/anonymous/projects/scientific-intelligent-modelling/experiments/semantic200_llm_physics_v2_4host_seed1314_20260429-205250/llmsr/anon-node-02/llmsr/g0185_I.11.19_2_0/result.json
g0186,I.11.19_4_0,llmsr,1314,anon-node-03,g0186_I.11.19_4_0,ok,budget_exhausted_with_output,budget_exhausted_with_output,True,True,3606.152,0.03667329906453881,0.03576446847231752,0.03623079767306874,0.16551185326104584,0.8951312482005837,0.7362948304264975,True,True,c0 + c1*x0 + c2*x1 + c3*x2 + c4*x3 + c5*x4 + c6*x5 + c7*x0*x1 + c8*x0*x2 + c9*x1*x4,3.763314086872084 + -0.8720672003616322*x0 + -0.04555386812221976*x1 + -0.003991087949559347*x2 + -1.21201292352713*x3 + -0.02401886142929237*x4 + -1.1977638342232042*x5 + 0.000921375764871057*x0*x1 + 0.15571318688997315*x0*x2 + 0.4076826582250957*x1*x4,x0;x1;x2;x3;x4;x5,add;mul,32.0,3.0,6,A;x1;x2;x3;y1;y3,y2,True,deepinfra/meta-llama/Meta-Llama-3.1-8B-Instruct-Turbo,/home/anonymous/projects/scientific-intelligent-modelling/exp-planning/02.E1选择验证/llm_configs/benchmark_llm_deepinfra_llama31_8b_turbo.config,"Calculate the second variable or value given the resulting sum of products, the first coefficient, the second coefficient, the third coefficient, the first variable or value and the third variable or value",/home/anonymous/projects/scientific-intelligent-modelling/experiments/semantic200_llm_physics_v2_4host_seed1314_20260429-205250/llmsr/anon-node-03/llmsr/g0186_I.11.19_4_0/result.json
g0187,I.11.19_1_0,llmsr,1314,anon-node-04,g0187_I.11.19_1_0,ok,completed,not_timeout,False,False,3629.68,0.035153839457816874,0.0360831348001051,0.03443039721831804,0.1591092481731278,0.899010850475817,0.7461593173749753,True,True,c0*(x0 + x1*x3 + x2*x4 + x5) + c1*x0*x3 + c2*x0*x4 + c3*x0*x5 + c4*x1*x3 + c5*x1*x4 + c6*x1*x5 + c7*x2*x3 + c8*x2*x4 + c9*x2*x5,-0.860950049471795*(x0 + x1*x3 + x2*x4 + x5) + -0.00037011300208301625*x0*x3 + 0.15415649482106122*x0*x4 + 0.006677835377426922*x0*x5 + 1.4142416338378128*x1*x3 + -0.30679909095929137*x1*x4 + 0.2328009024805829*x1*x5 + -0.1527282418913179*x2*x3 + 1.1684713474123838*x2*x4 + -0.4409339448422506*x2*x5,x0;x1;x2;x3;x4;x5,add;mul,48.0,5.0,6,A;x1;x3;y1;y2;y3,x2,True,deepinfra/meta-llama/Meta-Llama-3.1-8B-Instruct,/home/anonymous/projects/scientific-intelligent-modelling/exp-planning/02.E1选择验证/llm_configs/benchmark_llm_deepinfra_llama31_8b.config,"Calculate the second coefficient given the resulting sum of products, the first coefficient, the third coefficient, the first variable or value, the second variable or value and the third variable or value",/home/anonymous/projects/scientific-intelligent-modelling/experiments/semantic200_llm_physics_v2_4host_seed1314_20260429-205250/llmsr/anon-node-04/llmsr/g0187_I.11.19_1_0/result.json
g0188,feynman_III_15_27,llmsr,1314,anon-node-05,g0188_feynman_III_15_27,ok,completed,not_timeout,False,False,3613.424,2.816155574438286e-15,2.772044953737202e-15,2.9141144996757603e-15,3.621589513914737e-15,0.9999999999999931,0.9999999999999948,True,True,c0*x0**c1*x1**c2/(c3*x2),2.5715241452473445*x0**0.9999998459140257*x1**-1.0000000387135386/(0.4092706964205188*x2),x0;x1;x2,mul;pow,14.0,3.0,3,alpha;n;d,target,True,deepinfra/meta-llama/Meta-Llama-3.1-8B-Instruct-Turbo,/home/anonymous/projects/scientific-intelligent-modelling/exp-planning/02.E1选择验证/llm_configs/benchmark_llm_deepinfra_llama31_8b_turbo.config,"Calculate the wave number given the phase constant, integer index, and lattice spacing.",/home/anonymous/projects/scientific-intelligent-modelling/experiments/semantic200_llm_physics_v2_4host_seed1314_20260429-205250/llmsr/anon-node-05/llmsr/g0188_feynman_III_15_27/result.json
g0189,feynman_I_12_2,llmsr,1314,anon-node-02,g0189_feynman_I_12_2,ok,completed,not_timeout,False,False,3616.665,3.4500996109186356e-31,3.5108537826536874e-31,3.318335911151474e-31,3.982576748605853e-32,1.0,1.0,True,True,c0*x0*x1/(4*pi*x2*x3**2),1.0*x0*x1/(4*pi*x2*x3**2),x0;x1;x2;x3,mul;pi;pow,14.0,3.0,4,q1;q2;epsilon;r,target,True,deepinfra/meta-llama/Meta-Llama-3.1-8B-Instruct,/home/anonymous/projects/scientific-intelligent-modelling/exp-planning/02.E1选择验证/llm_configs/benchmark_llm_deepinfra_llama31_8b.config,"Calculate the electrostatic force given the charges of two particles, the distance between them, and the vacuum permittivity.",/home/anonymous/projects/scientific-intelligent-modelling/experiments/semantic200_llm_physics_v2_4host_seed1314_20260429-205250/llmsr/anon-node-02/llmsr/g0189_feynman_I_12_2/result.json
g0190,feynman_II_11_20,llmsr,1314,anon-node-03,g0190_feynman_II_11_20,ok,completed,not_timeout,False,False,3614.748,7.073410888420226e-16,7.685254871141766e-16,7.045363203006321e-16,2.1844767833328258e-16,0.9999999999999989,0.9999999999999998,True,True,c0*x0**2*x1*exp(-x2/(x3*x4)) + c1*x0*x1**2*x2/(x3*x4),-5.238563003523433e-09*x0**2*x1*exp(-x2/(x3*x4)) + 0.33333332880468314*x0*x1**2*x2/(x3*x4),x0;x1;x2;x3;x4,add;exp;mul;pow,30.0,6.0,5,n_rho;p_d;Ef;kb;T,target,True,deepinfra/meta-llama/Meta-Llama-3.1-8B-Instruct-Turbo,/home/anonymous/projects/scientific-intelligent-modelling/exp-planning/02.E1选择验证/llm_configs/benchmark_llm_deepinfra_llama31_8b_turbo.config,"Calculate the polarization given the number density, dipole moment, electric field, temperature, and Boltzmann's constant.",/home/anonymous/projects/scientific-intelligent-modelling/experiments/semantic200_llm_physics_v2_4host_seed1314_20260429-205250/llmsr/anon-node-03/llmsr/g0190_feynman_II_11_20/result.json
g0191,II.34.29b_2_0,llmsr,1314,anon-node-04,g0191_II.34.29b_2_0,ok,completed,not_timeout,False,False,3629.214,0.11910508457439344,0.12595317978390963,0.12830911024522168,0.391656863113499,0.8054644241191873,0.5681258553738275,True,True,c0 + c1*x0 + c2*x1 + c3*x2 + c4*x3 + c5*x4 + c7*x0**2 + c8*x1**2 + c9*x2**2 + c6*x0*x2/(2*pi*c1*x3*x4),112.32595460569325 + -0.037759281404966115*x0 + -52.380399306283806*x1 + -1.8012426368016543*x2 + 0.5738646740661377*x3 + 0.5554072320605558*x4 + 1.2972068242136142e-05*x0**2 + 6.132897171931848*x1**2 + 0.16590294748708315*x2**2 + -0.015861965575630608*x0*x2/(2*pi*-0.037759281404966115*x3*x4),x0;x1;x2;x3;x4,add;mul;pi;pow,49.0,4.0,5,E_n;g_;h;mom;B,Jz,True,deepinfra/meta-llama/Meta-Llama-3.1-8B-Instruct,/home/anonymous/projects/scientific-intelligent-modelling/exp-planning/02.E1选择验证/llm_configs/benchmark_llm_deepinfra_llama31_8b.config,"Calculate the z-component of the total angular momentum given the energy of the nth state, the g-factor of the particle or atom, the Planck constant, the magnetic moment of the particle or atom and the magnetic field str",/home/anonymous/projects/scientific-intelligent-modelling/experiments/semantic200_llm_physics_v2_4host_seed1314_20260429-205250/llmsr/anon-node-04/llmsr/g0191_II.34.29b_2_0/result.json
g0192,strogatz_shearflow1,llmsr,1314,anon-node-05,g0192_strogatz_shearflow1,ok,completed,not_timeout,False,False,3610.775,0.09151331189950822,0.11025240074625847,0.030979556083160515,2.4189152602925232,0.9685222375913447,-1.98185503319135,True,True,c0 + c1*sin(x0) + c2*cos(x1) + c3*x0**2 + c4*x1**2 + c5*x0*x1 + c6*sin(x0 + 2*x1) + c7*cos(x0 + x1) + c8*sin(2*x0 + x1) + c9*exp(-x0**2 - x1**2),-0.8862694140338557 + 0.16632329156975795*sin(x0) + 1.2144423934393742*cos(x1) + -0.0875617182484085*x0**2 + 0.4431179390178291*x1**2 + -0.11745409874620617*x0*x1 + 0.1655149195402204*sin(x0 + 2*x1) + -0.45841486477667476*cos(x0 + x1) + -0.14610458309841853*sin(2*x0 + x1) + -5.252267686198881*exp(-x0**2 - x1**2),x0;x1,add;cos;exp;mul;pow;sin,60.0,7.0,2,x;y,target,True,deepinfra/meta-llama/Meta-Llama-3.1-8B-Instruct-Turbo,/home/anonymous/projects/scientific-intelligent-modelling/exp-planning/02.E1选择验证/llm_configs/benchmark_llm_deepinfra_llama31_8b_turbo.config,This formula is about Polar orientation dynamics of a particle in shear flow. Calculate the Angular velocity of polar angle (dtheta/dt) given Polar angle of particle and Azimuthal angle of particle,/home/anonymous/projects/scientific-intelligent-modelling/experiments/semantic200_llm_physics_v2_4host_seed1314_20260429-205250/llmsr/anon-node-05/llmsr/g0192_strogatz_shearflow1/result.json
g0193,II.21.32_3_0,llmsr,1314,anon-node-02,g0193_II.21.32_3_0,ok,completed,not_timeout,False,False,3617.467,0.5631180004946157,0.506392903394562,0.5517367279943125,1.000022209824372,0.29628358011173805,-2.6950769743239178e-05,True,True,c0*x0/(x2*x3) + c1*x1/(x2*x3) + c2*x4,118.39734223913683*x0/(x2*x3) + -10.917801501349967*x1/(x2*x3) + 0.7805336245009483*x4,x0;x1;x2;x3;x4,add;mul;pow,22.0,4.0,5,Volt;q;epsilon;r;c,v,True,deepinfra/meta-llama/Meta-Llama-3.1-8B-Instruct,/home/anonymous/projects/scientific-intelligent-modelling/exp-planning/02.E1选择验证/llm_configs/benchmark_llm_deepinfra_llama31_8b.config,"Calculate the velocity of the charge given the electric potential, the electric charge, the electric constant (permittivity of free space), the distance from the charge and the speed of light",/home/anonymous/projects/scientific-intelligent-modelling/experiments/semantic200_llm_physics_v2_4host_seed1314_20260429-205250/llmsr/anon-node-02/llmsr/g0193_II.21.32_3_0/result.json
g0194,II.21.32_2_0,llmsr,1314,anon-node-03,g0194_II.21.32_2_0,ok,completed,not_timeout,False,False,3615.672,0.020054728574282914,0.026940400194180626,0.0185264364864275,39152.13697214146,0.9775000930133892,-39152.64661610987,True,True,c0*sqrt(x4**2/(x0**2*x2**2)) + c1*x3/x4**2 + c2*x1/(x0*x2) + c3*x0/x2**2 + c4*x3**2/x4**2 + c5*x1**2/(x0**2*x2**2),-0.010021559308192077*sqrt(x4**2/(x0**2*x2**2)) + -8.581312992092188*x3/x4**2 + 0.13006331220379155*x1/(x0*x2) + -0.9078794225545693*x0/x2**2 + 6.993088934049953*x3**2/x4**2 + -1.0862362384040499e-05*x1**2/(x0**2*x2**2),x0;x1;x2;x3;x4,add;mul;pow,55.0,6.0,5,Volt;q;epsilon;v;c,r,True,deepinfra/meta-llama/Meta-Llama-3.1-8B-Instruct-Turbo,/home/anonymous/projects/scientific-intelligent-modelling/exp-planning/02.E1选择验证/llm_configs/benchmark_llm_deepinfra_llama31_8b_turbo.config,"Calculate the distance from the charge given the electric potential, the electric charge, the electric constant (permittivity of free space), the velocity of the charge and the speed of light",/home/anonymous/projects/scientific-intelligent-modelling/experiments/semantic200_llm_physics_v2_4host_seed1314_20260429-205250/llmsr/anon-node-03/llmsr/g0194_II.21.32_2_0/result.json
g0195,III.15.27_2_0,llmsr,1314,anon-node-04,g0195_III.15.27_2_0,ok,completed,not_timeout,False,False,3644.236,0.42199210838729817,0.426418871106296,0.416869635899807,0.9998803644530834,0.49622377105562276,5.384182044720909e-05,True,True,c0*x0**2 + c1*x1**2 + c2*x2**2 + c3*x0*x1 + c4*x0*x2 + c5*x1*x2 + c6*x0 + c7*x1 + c8*x2 + c9,0.022537195281620962*x0**2 + 0.010690585235039005*x1**2 + 0.1900191146165405*x2**2 + -0.05913801343715425*x0*x1 + 0.06624683881282582*x0*x2 + -0.17043392404691657*x1*x2 + -0.7886223052975265*x0 + 1.6646901106536889*x1 + -1.9986006412857302*x2 + 6.723736670167817,x0;x1;x2,add;mul;pow,38.0,4.0,3,k;alpha;n,d,True,deepinfra/meta-llama/Meta-Llama-3.1-8B-Instruct,/home/anonymous/projects/scientific-intelligent-modelling/exp-planning/02.E1选择验证/llm_configs/benchmark_llm_deepinfra_llama31_8b.config,"Calculate the diameter or a characteristic length given the spring constant or a proportionality constant, a material-dependent constant or a dimensionless parameter and the number of turns or a dimensionless quantity",/home/anonymous/projects/scientific-intelligent-modelling/experiments/semantic200_llm_physics_v2_4host_seed1314_20260429-205250/llmsr/anon-node-04/llmsr/g0195_III.15.27_2_0/result.json
g0196,II.34.29b_4_0,llmsr,1314,anon-node-05,g0196_II.34.29b_4_0,ok,completed,not_timeout,False,False,3615.357,0.029766059998106005,0.03064418546711294,0.02943291345610984,0.12168132453167523,0.955375352863943,0.8655883430655331,True,True,(c0 + c1*x0)*(c4 + c5*x2)*(c8 + c9*x4)/((c2 + c3*x1)*(c6 + c7*x3)),(58.44012362067173 + -19.335893812853286*x0)*(-0.006584512844827404 + 0.1675689575426712*x2)*(-8.481930395481093 + 1.5124677675137408*x4)/((0.1538943959267049 + -13.712750412731248*x1)*(0.2790001395247756 + -14.596920607938427*x3)),x0;x1;x2;x3;x4,add;mul;pow,30.0,5.0,5,E_n;g_;h;Jz;mom,B,True,deepinfra/meta-llama/Meta-Llama-3.1-8B-Instruct-Turbo,/home/anonymous/projects/scientific-intelligent-modelling/exp-planning/02.E1选择验证/llm_configs/benchmark_llm_deepinfra_llama31_8b_turbo.config,"Calculate the magnetic field strength given the energy of the nth state, the g-factor of the particle or atom, the Planck constant, the z-component of the total angular momentum and the magnetic moment of the particle or",/home/anonymous/projects/scientific-intelligent-modelling/experiments/semantic200_llm_physics_v2_4host_seed1314_20260429-205250/llmsr/anon-node-05/llmsr/g0196_II.34.29b_4_0/result.json
g0197,III.15.27_1_0,llmsr,1314,anon-node-02,g0197_III.15.27_1_0,ok,completed,not_timeout,False,False,3616.532,0.2770651428662578,0.2935684014788196,0.27963203493002914,,0.6620718807091277,,True,True,c0*x0**2*x1 + c1*x0*x1**2 + c2*x0*x2 + c3*x1*x2 + c4*x0 + c5*x1 + c6*x2 + c7*log(x0) + c8*log(x1) + c9*log(x2),-0.0009109843915564589*x0**2*x1 + -0.011104129315090373*x0*x1**2 + 0.035625916961106924*x0*x2 + -0.46671420491742543*x1*x2 + 0.4239046460903394*x0 + 4.110552056185377*x1 + 1.9042865229149875*x2 + -4.717010386799727*log(x0) + -2.851142050698377*log(x1) + -3.6143781989685215*log(x2),x0;x1;x2,add;log;mul;pow,42.0,4.0,3,k;alpha;d,n,True,deepinfra/meta-llama/Meta-Llama-3.1-8B-Instruct,/home/anonymous/projects/scientific-intelligent-modelling/exp-planning/02.E1选择验证/llm_configs/benchmark_llm_deepinfra_llama31_8b.config,"Calculate the number of turns or a dimensionless quantity given the spring constant or a proportionality constant, a material-dependent constant or a dimensionless parameter and the diameter or a characteristic length",/home/anonymous/projects/scientific-intelligent-modelling/experiments/semantic200_llm_physics_v2_4host_seed1314_20260429-205250/llmsr/anon-node-02/llmsr/g0197_III.15.27_1_0/result.json
g0198,feynman_II_34_29b,llmsr,1314,anon-node-03,g0198_feynman_II_34_29b,ok,completed,not_timeout,False,False,3615.794,0.020048964272743067,0.020420867218018186,0.019731535136257753,0.15937727091920398,0.963580575794751,0.8153750827045516,True,True,c0*x0*x3*x4/(x1*x2) + c1*x3*x4 + c2*x0*x3 + c3*x0*x4 + c4*x3 + c5*x4 + c6*x0*x4 + c7*x0*x3*x4/x1 + c8*x3*x4/x1 + c9*x0*x3*x4/(x1*x2),-17.05119384950362*x0*x3*x4/(x1*x2) + -0.012562337116207588*x3*x4 + -0.06057001923896949*x0*x3 + 0.02025985211887318*x0*x4 + 0.07622116800344284*x3 + -0.30112324036116483*x4 + 0.020231390306638848*x0*x4 + 32.592780734849825*x0*x3*x4/x1 + 0.23855542616761*x3*x4/x1 + -17.05074351335149*x0*x3*x4/(x1*x2),x0;x1;x2;x3;x4,add;mul;pow,60.0,4.0,5,g_;h;Jz;mom;B,target,True,deepinfra/meta-llama/Meta-Llama-3.1-8B-Instruct-Turbo,/home/anonymous/projects/scientific-intelligent-modelling/exp-planning/02.E1选择验证/llm_configs/benchmark_llm_deepinfra_llama31_8b_turbo.config,"Calculate the energy given the g-factor, magnetic moment, magnetic field, angular momentum quantum number, and Planck's constant.",/home/anonymous/projects/scientific-intelligent-modelling/experiments/semantic200_llm_physics_v2_4host_seed1314_20260429-205250/llmsr/anon-node-03/llmsr/g0198_feynman_II_34_29b/result.json
g0199,III.13.18_0_0,llmsr,1314,anon-node-04,g0199_III.13.18_0_0,ok,completed,not_timeout,False,False,3644.915,0.21372022411601818,0.20966741728801472,0.21562938760168898,,0.7116893294432649,,True,True,c0 + c1*sqrt(x0**2 + x1**2) + c2*x2*log(x0 + x1) + c3*x3*exp(-x1**2) + c4*x0*x1 + c5*x2*x3 + c6*sin(x0) + c7*cos(x1) + c8*tan(x2) + c9*exp(x3),26.729692383587956 + 0.04916623302701113*sqrt(x0**2 + x1**2) + -2.6336304010377924*x2*log(x0 + x1) + 151.80092012072143*x3*exp(-x1**2) + -0.008580644513201329*x0*x1 + -0.24343120490373463*x2*x3 + 0.005533947162646916*sin(x0) + 10.312563238888165*cos(x1) + 0.0006780650043151452*tan(x2) + 0.3591693528916711*exp(x3),x0;x1;x2;x3,add;cos;exp;log;mul;pow;sin;tan,53.0,6.0,4,v;d;k;h,E_n,True,deepinfra/meta-llama/Meta-Llama-3.1-8B-Instruct,/home/anonymous/projects/scientific-intelligent-modelling/exp-planning/02.E1选择验证/llm_configs/benchmark_llm_deepinfra_llama31_8b.config,"Calculate the nth energy level of a quantum system given the velocity of a particle or wave, the distance between particles or the diameter of a nanoparticle, Boltzmann's constant, relating energy to temperature and the ",/home/anonymous/projects/scientific-intelligent-modelling/experiments/semantic200_llm_physics_v2_4host_seed1314_20260429-205250/llmsr/anon-node-04/llmsr/g0199_III.13.18_0_0/result.json
g0200,Korns-3,llmsr,1314,anon-node-05,g0200_Korns-3,ok,completed,not_timeout,False,False,3611.107,0.5031634168776472,1.9707924578235094,11.701696665949541,8.539735004297397,-11.92512395605595,-7.545563338244451,True,True,c0*(x0 + x1) + c1*x2**2 + c2*x3/(x4 + 1) + c3*sin(x0*x1) + c4*x0*x2 + c5*x1*x3 + c6*x2*x4 + c7*x3*x4 + c8*exp(-(x0 - x1)**2) + c9*cos(x2*x3),0.041199403191589004*(x0 + x1) + -0.006828468753424794*x2**2 + 7.206586250435182*x3/(x4 + 1) + -4.156519663797259*sin(x0*x1) + 0.0033204568084854286*x0*x2 + 0.000565534202226483*x1*x3 + -0.0007844553106064168*x2*x4 + -0.008058712184599715*x3*x4 + -5.802172455433656*exp(-(x0 - x1)**2) + -4.424524101708634*cos(x2*x3),x0;x1;x2;x3;x4,add;cos;exp;mul;pow;sin,59.0,8.0,5,x1;x2;x3;x4;x5,target,True,deepinfra/meta-llama/Meta-Llama-3.1-8B-Instruct-Turbo,/home/anonymous/projects/scientific-intelligent-modelling/exp-planning/02.E1选择验证/llm_configs/benchmark_llm_deepinfra_llama31_8b_turbo.config,This is an abstract symbolic regression problem.,/home/anonymous/projects/scientific-intelligent-modelling/experiments/semantic200_llm_physics_v2_4host_seed1314_20260429-205250/llmsr/anon-node-05/llmsr/g0200_Korns-3/result.json
