condition,algorithm,minute,expected_run_count,available_run_count,coverage_rate,mean_id_quality,mean_ood_quality,mean_quality,mean_relative_progress,cumulative_eff_score,diagnostic_available_mean_id_quality,diagnostic_available_mean_ood_quality,diagnostic_available_mean_quality,diagnostic_available_mean_relative_progress,diagnostic_available_cumulative_eff_score,native_eff_schema_version,formal_ready
clean,drsr,1,150,150,1.0,0.23841217067992745,0.17168859258202165,0.20505038163097444,0.5545666657144772,55.45666657144772,0.23841217067992745,0.17168859258202165,0.20505038163097444,0.5545666657144772,55.45666657144772,algorithm_native_internal_best_so_far.v1,true
clean,drsr,2,150,150,1.0,0.2847527194197522,0.20850983102767257,0.2466312752237123,0.6240844699209307,58.932556781770394,0.2847527194197522,0.20850983102767257,0.2466312752237123,0.6240844699209307,58.932556781770394,algorithm_native_internal_best_so_far.v1,true
clean,drsr,3,150,150,1.0,0.2945178134066847,0.21674409928100616,0.2556309563438454,0.6462082422798959,60.828645930510135,0.2945178134066847,0.21674409928100616,0.2556309563438454,0.6462082422798959,60.828645930510135,algorithm_native_internal_best_so_far.v1,true
clean,drsr,4,150,150,1.0,0.3039409931349708,0.22331007461846372,0.2636255338767172,0.6561724821361427,62.025796501286166,0.3039409931349708,0.22331007461846372,0.2636255338767172,0.6561724821361427,62.025796501286166,algorithm_native_internal_best_so_far.v1,true
clean,drsr,5,150,150,1.0,0.3136633793095668,0.22944429082739076,0.27155383506847874,0.6665104296209391,62.95084579344772,0.3136633793095668,0.22944429082739076,0.27155383506847874,0.6665104296209391,62.95084579344772,algorithm_native_internal_best_so_far.v1,true
clean,drsr,6,150,150,1.0,0.32932217585429524,0.24583272996666447,0.28757745291047987,0.6864197356356635,63.89936708846748,0.32932217585429524,0.24583272996666447,0.28757745291047987,0.6864197356356635,63.89936708846748,algorithm_native_internal_best_so_far.v1,true
clean,drsr,7,150,150,1.0,0.33141830162959596,0.2450404444405974,0.2882293730350967,0.6855478816636175,64.56442724245238,0.33141830162959596,0.2450404444405974,0.2882293730350967,0.6855478816636175,64.56442724245238,algorithm_native_internal_best_so_far.v1,true
clean,drsr,8,150,150,1.0,0.33522521653677173,0.25311559449184706,0.2941704055143094,0.6986257624136636,65.22669586731664,0.33522521653677173,0.25311559449184706,0.2941704055143094,0.6986257624136636,65.22669586731664,algorithm_native_internal_best_so_far.v1,true
clean,drsr,9,150,150,1.0,0.34356682586950615,0.2617029811163141,0.3026349034929103,0.7088473275358813,65.8553666324579,0.34356682586950615,0.2617029811163141,0.3026349034929103,0.7088473275358813,65.8553666324579,algorithm_native_internal_best_so_far.v1,true
clean,drsr,10,150,150,1.0,0.3584160095875506,0.27818417394344674,0.31830009176549867,0.7279963791611316,66.54979376082343,0.3584160095875506,0.27818417394344674,0.31830009176549867,0.7279963791611316,66.54979376082343,algorithm_native_internal_best_so_far.v1,true
clean,drsr,11,150,150,1.0,0.36835549193793854,0.2845318417338219,0.3264436668358802,0.7427453285988002,67.25204276982858,0.36835549193793854,0.2845318417338219,0.3264436668358802,0.7427453285988002,67.25204276982858,algorithm_native_internal_best_so_far.v1,true
clean,drsr,12,150,150,1.0,0.36939247921183205,0.2849059619688293,0.32714922059033075,0.7445168158783912,67.85201267132946,0.36939247921183205,0.2849059619688293,0.32714922059033075,0.7445168158783912,67.85201267132946,algorithm_native_internal_best_so_far.v1,true
clean,drsr,13,150,150,1.0,0.37643540860388974,0.2903676697593892,0.33340153918163973,0.7539875378573085,68.43253121859111,0.37643540860388974,0.2903676697593892,0.33340153918163973,0.7539875378573085,68.43253121859111,algorithm_native_internal_best_so_far.v1,true
clean,drsr,14,150,150,1.0,0.38163238109467795,0.29768327430216107,0.3396578276984198,0.7664016464397514,69.01879074897569,0.38163238109467795,0.29768327430216107,0.3396578276984198,0.7664016464397514,69.01879074897569,algorithm_native_internal_best_so_far.v1,true
clean,drsr,15,150,150,1.0,0.38279472496357986,0.2987378188011291,0.34076627188235475,0.7692524846728555,69.54588793019634,0.38279472496357986,0.2987378188011291,0.34076627188235475,0.7692524846728555,69.54588793019634,algorithm_native_internal_best_so_far.v1,true
clean,drsr,16,150,150,1.0,0.38471347534440836,0.3002027771496296,0.3424581262470193,0.7713534095293458,70.02022874411747,0.38471347534440836,0.3002027771496296,0.3424581262470193,0.7713534095293458,70.02022874411747,algorithm_native_internal_best_so_far.v1,true
clean,drsr,17,150,150,1.0,0.3861090456474674,0.3022000105960774,0.3441545281217727,0.7750172618978575,70.4603168291568,0.3861090456474674,0.3022000105960774,0.3441545281217727,0.7750172618978575,70.4603168291568,algorithm_native_internal_best_so_far.v1,true
clean,drsr,18,150,150,1.0,0.39323091368057644,0.3095066605639895,0.3513687871222834,0.7845507072342404,70.90446982328275,0.39323091368057644,0.3095066605639895,0.3513687871222834,0.7845507072342404,70.90446982328275,algorithm_native_internal_best_so_far.v1,true
clean,drsr,19,150,150,1.0,0.39548008842687904,0.31132425327688557,0.3534021708518827,0.7870795708401633,71.31517967911083,0.39548008842687904,0.31132425327688557,0.3534021708518827,0.7870795708401633,71.31517967911083,algorithm_native_internal_best_so_far.v1,true
clean,drsr,20,150,150,1.0,0.3958235274431613,0.3114760267205876,0.35364977708187484,0.7877410170637793,71.68812578047418,0.3958235274431613,0.3114760267205876,0.35364977708187484,0.7877410170637793,71.68812578047418,algorithm_native_internal_best_so_far.v1,true
clean,drsr,21,150,150,1.0,0.39671280697128536,0.3121447166873249,0.3544287618293055,0.7893898853169127,72.03340495910358,0.39671280697128536,0.3121447166873249,0.3544287618293055,0.7893898853169127,72.03340495910358,algorithm_native_internal_best_so_far.v1,true
clean,drsr,22,150,150,1.0,0.39856504536434395,0.3134302378399167,0.35599764160213054,0.7915625243390729,72.35717075341283,0.39856504536434395,0.3134302378399167,0.35599764160213054,0.7915625243390729,72.35717075341283,algorithm_native_internal_best_so_far.v1,true
clean,drsr,23,150,150,1.0,0.39869397852022853,0.31114464536752473,0.35491931194387677,0.786676022529418,72.63153734034886,0.39869397852022853,0.31114464536752473,0.35491931194387677,0.786676022529418,72.63153734034886,algorithm_native_internal_best_so_far.v1,true
clean,drsr,24,150,150,1.0,0.40524456441845924,0.31839850606359776,0.3618215352410287,0.7944921330262176,72.91560717211024,0.40524456441845924,0.31839850606359776,0.3618215352410287,0.7944921330262176,72.91560717211024,algorithm_native_internal_best_so_far.v1,true
clean,drsr,25,150,150,1.0,0.40568259676493695,0.31889915784953016,0.3622908773072338,0.7955152727927116,73.18104397639668,0.40568259676493695,0.31889915784953016,0.3622908773072338,0.7955152727927116,73.18104397639668,algorithm_native_internal_best_so_far.v1,true
clean,drsr,26,150,150,1.0,0.40773545759040175,0.32035730086411074,0.36404637922725647,0.799060745504742,73.43969899847659,0.40773545759040175,0.32035730086411074,0.36404637922725647,0.799060745504742,73.43969899847659,algorithm_native_internal_best_so_far.v1,true
clean,drsr,27,150,150,1.0,0.4130539824356363,0.3245169724599961,0.3687854774478164,0.8040265565254892,73.69758628196075,0.4130539824356363,0.3245169724599961,0.3687854774478164,0.8040265565254892,73.69758628196075,algorithm_native_internal_best_so_far.v1,true
clean,drsr,28,150,150,1.0,0.4194005953982171,0.3276679377062663,0.37353426655224187,0.8110385340581023,73.96209582209823,0.4194005953982171,0.3276679377062663,0.37353426655224187,0.8110385340581023,73.96209582209823,algorithm_native_internal_best_so_far.v1,true
clean,drsr,29,150,150,1.0,0.4199191790895043,0.32854240720941696,0.3742307931494607,0.8117798537049491,74.21091959962915,0.4199191790895043,0.32854240720941696,0.3742307931494607,0.8117798537049491,74.21091959962915,algorithm_native_internal_best_so_far.v1,true
clean,drsr,30,150,150,1.0,0.42022932137697405,0.328284876945209,0.3742570991610916,0.8109607637872002,74.44042482559885,0.42022932137697405,0.328284876945209,0.3742570991610916,0.8109607637872002,74.44042482559885,algorithm_native_internal_best_so_far.v1,true
clean,drsr,31,150,150,1.0,0.42059863023751887,0.33149146503322774,0.37604504763537344,0.8148325046510242,74.66761274945381,0.42059863023751887,0.33149146503322774,0.37604504763537344,0.8148325046510242,74.66761274945381,algorithm_native_internal_best_so_far.v1,true
clean,drsr,32,150,150,1.0,0.4249178956449723,0.3357215266832851,0.3803197111641288,0.8278041529403469,74.92113782897195,0.4249178956449723,0.3357215266832851,0.3803197111641288,0.8278041529403469,74.92113782897195,algorithm_native_internal_best_so_far.v1,true
clean,drsr,33,150,150,1.0,0.4264077151791269,0.3388946286301996,0.3826511719046634,0.832369634705356,75.17313254538297,0.4264077151791269,0.3388946286301996,0.3826511719046634,0.832369634705356,75.17313254538297,algorithm_native_internal_best_so_far.v1,true
clean,drsr,34,150,150,1.0,0.4290000407537043,0.3414965043418452,0.3852482725477749,0.8350641895456269,75.41822920447648,0.4290000407537043,0.3414965043418452,0.3852482725477749,0.8350641895456269,75.41822920447648,algorithm_native_internal_best_so_far.v1,true
clean,drsr,35,150,150,1.0,0.43052383376959236,0.3421255049650125,0.3863246693673027,0.8367507124857662,75.65413897716506,0.43052383376959236,0.3421255049650125,0.3863246693673027,0.8367507124857662,75.65413897716506,algorithm_native_internal_best_so_far.v1,true
clean,drsr,36,150,150,1.0,0.4305969306052659,0.3421695034110853,0.3863832170081759,0.8368163960254142,75.87712510564774,0.4305969306052659,0.3421695034110853,0.3863832170081759,0.8368163960254142,75.87712510564774,algorithm_native_internal_best_so_far.v1,true
clean,drsr,37,150,150,1.0,0.4315307241654259,0.3437583081207515,0.3876445161430889,0.8405589301060051,76.09817288686268,0.4315307241654259,0.3437583081207515,0.3876445161430889,0.8405589301060051,76.09817288686268,algorithm_native_internal_best_so_far.v1,true
clean,drsr,38,150,150,1.0,0.43252888956686264,0.3441023335286542,0.3883156115477587,0.841452405480469,76.3099378253149,0.43252888956686264,0.3441023335286542,0.3883156115477587,0.841452405480469,76.3099378253149,algorithm_native_internal_best_so_far.v1,true
clean,drsr,39,150,150,1.0,0.4340483042336924,0.343773085812256,0.38891069502297443,0.843848430444784,76.51698667708833,0.4340483042336924,0.343773085812256,0.38891069502297443,0.843848430444784,76.51698667708833,algorithm_native_internal_best_so_far.v1,true
clean,drsr,40,150,150,1.0,0.43425292729744625,0.34401592423392185,0.38913442576568436,0.8443874982485039,76.71503075578238,0.43425292729744625,0.34401592423392185,0.38913442576568436,0.8443874982485039,76.71503075578238,algorithm_native_internal_best_so_far.v1,true
clean,drsr,41,150,150,1.0,0.43424224131927663,0.34397621363752295,0.3891092274784,0.8443413352616227,76.90330155505993,0.43424224131927663,0.34397621363752295,0.3891092274784,0.8443413352616227,76.90330155505993,algorithm_native_internal_best_so_far.v1,true
clean,drsr,42,150,150,1.0,0.4342759183226375,0.3432970270190813,0.38878647267085964,0.8436965539410239,77.08107188456094,0.4342759183226375,0.3432970270190813,0.38878647267085964,0.8436965539410239,77.08107188456094,algorithm_native_internal_best_so_far.v1,true
clean,drsr,43,150,150,1.0,0.4281305743276032,0.34184094432285916,0.38498575932523144,0.8377879326089127,77.23683284680118,0.4281305743276032,0.34184094432285916,0.38498575932523144,0.8377879326089127,77.23683284680118,algorithm_native_internal_best_so_far.v1,true
clean,drsr,44,150,150,1.0,0.4316260788507637,0.3452513983272004,0.3884387385889822,0.8415131597885299,77.39398019071143,0.4316260788507637,0.3452513983272004,0.3884387385889822,0.8415131597885299,77.39398019071143,algorithm_native_internal_best_so_far.v1,true
clean,drsr,45,150,150,1.0,0.4322900589726933,0.34404310308038427,0.38816658102653906,0.8413483720547823,77.5437770132618,0.4322900589726933,0.34404310308038427,0.38816658102653906,0.8413483720547823,77.5437770132618,algorithm_native_internal_best_so_far.v1,true
clean,drsr,46,150,150,1.0,0.4322904924527317,0.344052359285834,0.38817142586928305,0.8413542084240727,77.68707361824322,0.4322904924527317,0.344052359285834,0.38817142586928305,0.8413542084240727,77.68707361824322,algorithm_native_internal_best_so_far.v1,true
clean,drsr,47,150,150,1.0,0.43638647658926627,0.34896433288787876,0.39267540473857276,0.8460803584148686,77.83432813363137,0.43638647658926627,0.34896433288787876,0.39267540473857276,0.8460803584148686,77.83432813363137,algorithm_native_internal_best_so_far.v1,true
clean,drsr,48,150,150,1.0,0.4407047228586458,0.3527448348818417,0.3967247788702438,0.8497944013834504,77.98318463372958,0.4407047228586458,0.3527448348818417,0.3967247788702438,0.8497944013834504,77.98318463372958,algorithm_native_internal_best_so_far.v1,true
clean,drsr,49,150,150,1.0,0.4451339137034652,0.3594391072736489,0.40228651048855707,0.8553561330017635,78.137315831004,0.4451339137034652,0.3594391072736489,0.40228651048855707,0.8553561330017635,78.137315831004,algorithm_native_internal_best_so_far.v1,true
clean,drsr,50,150,150,1.0,0.44636560548439397,0.36074704457787415,0.4035563250311341,0.8592609637292712,78.29309144184246,0.44636560548439397,0.36074704457787415,0.4035563250311341,0.8592609637292712,78.29309144184246,algorithm_native_internal_best_so_far.v1,true
clean,drsr,51,150,150,1.0,0.4474949191725144,0.3624316484243585,0.4049632837984365,0.8670129760251172,78.45795822930657,0.4474949191725144,0.3624316484243585,0.4049632837984365,0.8670129760251172,78.45795822930657,algorithm_native_internal_best_so_far.v1,true
clean,drsr,52,150,150,1.0,0.44837175574213556,0.3634741093293807,0.4059229325357582,0.8688181746009682,78.61995552220638,0.44837175574213556,0.3634741093293807,0.4059229325357582,0.8688181746009682,78.61995552220638,algorithm_native_internal_best_so_far.v1,true
clean,drsr,53,150,150,1.0,0.44897546798926974,0.3641283976644844,0.40655193282687707,0.8712265717586826,78.78038385529435,0.44897546798926974,0.3641283976644844,0.40655193282687707,0.8712265717586826,78.78038385529435,algorithm_native_internal_best_so_far.v1,true
clean,drsr,54,150,150,1.0,0.4495444397107318,0.3647403365639916,0.40714238813736175,0.8720082831039935,78.93631801187036,0.4495444397107318,0.3647403365639916,0.40714238813736175,0.8720082831039935,78.93631801187036,algorithm_native_internal_best_so_far.v1,true
clean,drsr,55,150,150,1.0,0.449937465653842,0.3648430586052087,0.40739026212952545,0.872256157096157,79.08703251546572,0.449937465653842,0.3648430586052087,0.40739026212952545,0.872256157096157,79.08703251546572,algorithm_native_internal_best_so_far.v1,true
clean,drsr,56,150,150,1.0,0.4499290735717428,0.364843056119285,0.40738606484551393,0.872227091114588,79.2323124546799,0.4499290735717428,0.364843056119285,0.40738606484551393,0.872227091114588,79.2323124546799,algorithm_native_internal_best_so_far.v1,true
clean,drsr,57,150,150,1.0,0.4500850843917137,0.364964518330038,0.4075248013608758,0.8723655741347985,79.37273780483427,0.4500850843917137,0.364964518330038,0.4075248013608758,0.8723655741347985,79.37273780483427,algorithm_native_internal_best_so_far.v1,true
clean,drsr,58,150,150,1.0,0.45077434731984,0.36473595160468064,0.40775514946226027,0.8732034587067475,79.50976553010739,0.45077434731984,0.36473595160468064,0.40775514946226027,0.8732034587067475,79.50976553010739,algorithm_native_internal_best_so_far.v1,true
clean,drsr,59,150,150,1.0,0.45532153877714215,0.36886237785627624,0.4120919583167091,0.8767960605922275,79.64823740348223,0.45532153877714215,0.36886237785627624,0.4120919583167091,0.8767960605922275,79.64823740348223,algorithm_native_internal_best_so_far.v1,true
clean,drsr,60,150,150,1.0,0.4557867142995833,0.36945343190013935,0.4126200730998613,0.8773982843462047,79.78309725400119,0.4557867142995833,0.36945343190013935,0.4126200730998613,0.8773982843462047,79.78309725400119,algorithm_native_internal_best_so_far.v1,true
clean,drsr,61,150,150,1.0,0.4593427754588658,0.3740638952379773,0.4167033353484216,0.8871600178648055,79.92953831191069,0.4593427754588658,0.3740638952379773,0.4167033353484216,0.8871600178648055,79.92953831191069,algorithm_native_internal_best_so_far.v1,true
clean,drsr,62,150,150,1.0,0.4593427754588658,0.3740638952379773,0.4167033353484216,0.8871600178648055,80.07125546472633,0.4593427754588658,0.3740638952379773,0.4167033353484216,0.8871600178648055,80.07125546472633,algorithm_native_internal_best_so_far.v1,true
clean,drsr,63,150,150,1.0,0.4592588936489984,0.37504011070800486,0.4171495021785016,0.8885490321888869,80.21067844495114,0.4592588936489984,0.37504011070800486,0.4171495021785016,0.8885490321888869,80.21067844495114,algorithm_native_internal_best_so_far.v1,true
clean,drsr,64,150,150,1.0,0.459259258691552,0.3750738704281312,0.41716656455984163,0.8885936461123551,80.34581416629933,0.459259258691552,0.3750738704281312,0.41716656455984163,0.8885936461123551,80.34581416629933,algorithm_native_internal_best_so_far.v1,true
clean,drsr,65,150,150,1.0,0.4592613393044158,0.3750716277117079,0.4171664835080618,0.8885934319015488,80.4767915358971,0.4592613393044158,0.3750716277117079,0.4171664835080618,0.8885934319015488,80.4767915358971,algorithm_native_internal_best_so_far.v1,true
clean,drsr,66,150,150,1.0,0.4592613393044158,0.3750716277117079,0.4171664835080618,0.8885934319015488,80.60379989429497,0.4592613393044158,0.3750716277117079,0.4171664835080618,0.8885934319015488,80.60379989429497,algorithm_native_internal_best_so_far.v1,true
clean,drsr,67,150,150,1.0,0.45928052765749083,0.37549914354675856,0.4173898356021247,0.8894185262581142,80.72824844252654,0.45928052765749083,0.37549914354675856,0.4173898356021247,0.8894185262581142,80.72824844252654,algorithm_native_internal_best_so_far.v1,true
clean,drsr,68,150,150,1.0,0.4594302989399812,0.375634799641952,0.4175325492909667,0.8895767083143366,80.84926936001047,0.4594302989399812,0.375634799641952,0.4175325492909667,0.8895767083143366,80.84926936001047,algorithm_native_internal_best_so_far.v1,true
clean,drsr,69,150,150,1.0,0.4594259277419633,0.3756298877909819,0.4175279077664727,0.8895438037885415,80.96673473709515,0.4594259277419633,0.3756298877909819,0.4175279077664727,0.8895438037885415,80.96673473709515,algorithm_native_internal_best_so_far.v1,true
clean,drsr,70,150,150,1.0,0.4623876426342047,0.37857900141307166,0.4204833220236383,0.8924955661928173,81.08506076398355,0.4623876426342047,0.37857900141307166,0.4204833220236383,0.8924955661928173,81.08506076398355,algorithm_native_internal_best_so_far.v1,true
clean,drsr,71,150,150,1.0,0.4627411446037301,0.37875354226650404,0.4207473434351172,0.8927594874507552,81.20042538343554,0.4627411446037301,0.37875354226650404,0.4207473434351172,0.8927594874507552,81.20042538343554,algorithm_native_internal_best_so_far.v1,true
clean,drsr,72,150,150,1.0,0.4687164522801017,0.3811020777589528,0.42490926501952736,0.8983040834213957,81.32028625786198,0.4687164522801017,0.3811020777589528,0.42490926501952736,0.8983040834213957,81.32028625786198,algorithm_native_internal_best_so_far.v1,true
clean,drsr,73,150,150,1.0,0.4687164522801017,0.3811348235151472,0.42492563789762455,0.8983227381406271,81.43688882712502,0.4687164522801017,0.3811348235151472,0.42492563789762455,0.8983227381406271,81.43688882712502,algorithm_native_internal_best_so_far.v1,true
clean,drsr,74,150,150,1.0,0.4687139662618974,0.38111819314239503,0.42491607970214634,0.8983087532269125,81.55032107706509,0.4687139662618974,0.38111819314239503,0.42491607970214634,0.8983087532269125,81.55032107706509,algorithm_native_internal_best_so_far.v1,true
clean,drsr,75,150,150,1.0,0.46880461975540216,0.38138605117014845,0.4250953354627754,0.8991674438308761,81.66187338781207,0.46880461975540216,0.38138605117014845,0.4250953354627754,0.8991674438308761,81.66187338781207,algorithm_native_internal_best_so_far.v1,true
clean,drsr,76,150,150,1.0,0.4688496550060785,0.3813221964829926,0.4250859257445356,0.8989777982329652,81.77024057775265,0.4688496550060785,0.3813221964829926,0.4250859257445356,0.8989777982329652,81.77024057775265,algorithm_native_internal_best_so_far.v1,true
clean,drsr,77,150,150,1.0,0.4709144287296657,0.3837926286290182,0.427353528679342,0.9012084423311986,81.8786899758743,0.4709144287296657,0.3837926286290182,0.427353528679342,0.9012084423311986,81.8786899758743,algorithm_native_internal_best_so_far.v1,true
clean,drsr,78,150,150,1.0,0.46948221409321783,0.38390443803111995,0.42669332606216887,0.8999067437288011,81.98268977583591,0.46948221409321783,0.38390443803111995,0.42669332606216887,0.8999067437288011,81.98268977583591,algorithm_native_internal_best_so_far.v1,true
clean,drsr,79,150,150,1.0,0.4695325041634727,0.38399327713583425,0.42676289064965345,0.9002283352263892,82.08446374731443,0.4695325041634727,0.38399327713583425,0.42676289064965345,0.9002283352263892,82.08446374731443,algorithm_native_internal_best_so_far.v1,true
clean,drsr,80,150,150,1.0,0.47005665604204144,0.3826653457731675,0.4263610009076045,0.9000785792713473,82.18350617456218,0.47005665604204144,0.3826653457731675,0.4263610009076045,0.9000785792713473,82.18350617456218,algorithm_native_internal_best_so_far.v1,true
clean,drsr,81,150,150,1.0,0.47008158457030824,0.38298340325270663,0.42653249391150744,0.9005081238581389,82.28063341173814,0.47008158457030824,0.38298340325270663,0.42653249391150744,0.9005081238581389,82.28063341173814,algorithm_native_internal_best_so_far.v1,true
clean,drsr,82,150,150,1.0,0.46963871697548104,0.38172890348629684,0.4256838102308889,0.8966387548796175,82.37067294925306,0.46963871697548104,0.38172890348629684,0.4256838102308889,0.8966387548796175,82.37067294925306,algorithm_native_internal_best_so_far.v1,true
clean,drsr,83,150,150,1.0,0.4698742359115967,0.3823680061905349,0.42612112105106575,0.8973037419159292,82.45934404855836,0.4698742359115967,0.3823680061905349,0.42612112105106575,0.8973037419159292,82.45934404855836,algorithm_native_internal_best_so_far.v1,true
clean,drsr,84,150,150,1.0,0.47742680318258096,0.38676223420966666,0.43209451869612375,0.8947602828708504,82.54287600377891,0.47742680318258096,0.38676223420966666,0.43209451869612375,0.8947602828708504,82.54287600377891,algorithm_native_internal_best_so_far.v1,true
clean,drsr,85,150,150,1.0,0.4775663231343248,0.38653118777239087,0.43204875545335786,0.8944413978012553,82.62406734232418,0.4775663231343248,0.38653118777239087,0.43204875545335786,0.8944413978012553,82.62406734232418,algorithm_native_internal_best_so_far.v1,true
clean,drsr,86,150,150,1.0,0.4777179704158999,0.3866095239300579,0.43216374717297884,0.894905490048605,82.70391015235367,0.4777179704158999,0.3866095239300579,0.43216374717297884,0.894905490048605,82.70391015235367,algorithm_native_internal_best_so_far.v1,true
clean,drsr,87,150,150,1.0,0.4777179704158999,0.3866095239300579,0.43216374717297884,0.894905490048605,82.78191749548593,0.4777179704158999,0.3866095239300579,0.43216374717297884,0.894905490048605,82.78191749548593,algorithm_native_internal_best_so_far.v1,true
clean,drsr,88,150,150,1.0,0.47855074444230544,0.3865515442939738,0.4325511443681396,0.8958192903174644,82.85919035385251,0.47855074444230544,0.3865515442939738,0.4325511443681396,0.8958192903174644,82.85919035385251,algorithm_native_internal_best_so_far.v1,true
clean,drsr,89,150,150,1.0,0.47855074444230544,0.3865515442939738,0.4325511443681396,0.8958192903174644,82.93472674349178,0.47855074444230544,0.3865515442939738,0.4325511443681396,0.8958192903174644,82.93472674349178,algorithm_native_internal_best_so_far.v1,true
clean,drsr,90,150,150,1.0,0.47891731279036376,0.3874112904249064,0.433164301607635,0.8967312876674292,83.00959787708346,0.47891731279036376,0.3874112904249064,0.433164301607635,0.8967312876674292,83.00959787708346,algorithm_native_internal_best_so_far.v1,true
clean,drsr,91,150,150,1.0,0.4789173127643344,0.38740211119120543,0.43315971197776987,0.8967260593658992,83.08281774586925,0.4789173127643344,0.38740211119120543,0.43315971197776987,0.8967260593658992,83.08281774586925,algorithm_native_internal_best_so_far.v1,true
clean,drsr,92,150,150,1.0,0.4798852407167772,0.3880780417006102,0.43398164120869365,0.9031384852116651,83.16141590647031,0.4798852407167772,0.3880780417006102,0.43398164120869365,0.9031384852116651,83.16141590647031,algorithm_native_internal_best_so_far.v1,true
clean,drsr,93,150,150,1.0,0.4798853412014586,0.38807791167192784,0.4339816264366932,0.9031383818890689,83.23832367294811,0.4798853412014586,0.38807791167192784,0.4339816264366932,0.9031383818890689,83.23832367294811,algorithm_native_internal_best_so_far.v1,true
clean,drsr,94,150,150,1.0,0.4844160592841526,0.39278446099810677,0.4386002601411297,0.9074727910942786,83.31820617759152,0.4844160592841526,0.39278446099810677,0.4386002601411297,0.9074727910942786,83.31820617759152,algorithm_native_internal_best_so_far.v1,true
clean,drsr,95,150,150,1.0,0.4848829064142844,0.39350768168678113,0.4391952940505327,0.9087903669264918,83.39779386722371,0.4848829064142844,0.39350768168678113,0.4391952940505327,0.9087903669264918,83.39779386722371,algorithm_native_internal_best_so_far.v1,true
clean,drsr,96,150,150,1.0,0.48488209683790917,0.3935115652200191,0.4391968310289641,0.9087929252513766,83.47572614491031,0.48488209683790917,0.3935115652200191,0.4391968310289641,0.9087929252513766,83.47572614491031,algorithm_native_internal_best_so_far.v1,true
clean,drsr,97,150,150,1.0,0.48535931832410084,0.39333497637592324,0.439347147350012,0.9092236650057115,83.55249563311301,0.48535931832410084,0.39333497637592324,0.439347147350012,0.9092236650057115,83.55249563311301,algorithm_native_internal_best_so_far.v1,true
clean,drsr,98,150,150,1.0,0.48535931832409934,0.3933349763759232,0.4393471473500113,0.9092236650057058,83.62769839706665,0.48535931832409934,0.3933349763759232,0.4393471473500113,0.9092236650057058,83.62769839706665,algorithm_native_internal_best_so_far.v1,true
clean,drsr,99,150,150,1.0,0.48536591622829217,0.3933393439664487,0.4393526300973705,0.9092607920212293,83.70141941529955,0.48536591622829217,0.3933393439664487,0.4393526300973705,0.9092607920212293,83.70141941529955,algorithm_native_internal_best_so_far.v1,true
clean,drsr,100,150,150,1.0,0.48549811445011887,0.3940633438414198,0.43978072914576927,0.9097542213693195,83.77415944251588,0.48549811445011887,0.3940633438414198,0.43978072914576927,0.9097542213693195,83.77415944251588,algorithm_native_internal_best_so_far.v1,true
clean,drsr,101,150,150,1.0,0.48551027136860353,0.39432149924036863,0.4399158853044861,0.9100902755866714,83.84579180010154,0.48551027136860353,0.39432149924036863,0.4399158853044861,0.9100902755866714,83.84579180010154,algorithm_native_internal_best_so_far.v1,true
clean,drsr,102,150,150,1.0,0.48579353331709135,0.3943308550483402,0.4400621941827157,0.9106942649258227,83.91661174806703,0.48579353331709135,0.3943308550483402,0.4400621941827157,0.9106942649258227,83.91661174806703,algorithm_native_internal_best_so_far.v1,true
clean,drsr,103,150,150,1.0,0.4867058865096298,0.3959053103275713,0.4413055984186005,0.9119378219592799,83.98726388833754,0.4867058865096298,0.3959053103275713,0.4413055984186005,0.9119378219592799,83.98726388833754,algorithm_native_internal_best_so_far.v1,true
clean,drsr,104,150,150,1.0,0.4867275367546402,0.3959632525114954,0.44134539463306777,0.9120716461976722,84.05668601075513,0.4867275367546402,0.3959632525114954,0.44134539463306777,0.9120716461976722,84.05668601075513,algorithm_native_internal_best_so_far.v1,true
clean,drsr,105,150,150,1.0,0.48634728816861583,0.3960023093534226,0.4411747987610192,0.911299438267788,84.12405037090772,0.48634728816861583,0.3960023093534226,0.4411747987610192,0.911299438267788,84.12405037090772,algorithm_native_internal_best_so_far.v1,true
clean,drsr,106,150,150,1.0,0.48661219167637737,0.39628196341679295,0.4414470775465852,0.9116846886883475,84.19050714919007,0.48661219167637737,0.39628196341679295,0.4414470775465852,0.9116846886883475,84.19050714919007,algorithm_native_internal_best_so_far.v1,true
clean,drsr,107,150,150,1.0,0.4866121836235872,0.3962819587616457,0.44144707119261645,0.9116846655397853,84.2557217230666,0.4866121836235872,0.3962819587616457,0.44144707119261645,0.9116846655397853,84.2557217230666,algorithm_native_internal_best_so_far.v1,true
clean,drsr,108,150,150,1.0,0.48671449897491614,0.39639082055493824,0.4415526597649271,0.911790354256674,84.31982647957217,0.48671449897491614,0.39639082055493824,0.4415526597649271,0.911790354256674,84.31982647957217,algorithm_native_internal_best_so_far.v1,true
clean,drsr,109,150,150,1.0,0.48678134137872425,0.3964672602383986,0.44162430080856135,0.9118620632543591,84.38282079008468,0.48678134137872425,0.3964672602383986,0.44162430080856135,0.9118620632543591,84.38282079008468,algorithm_native_internal_best_so_far.v1,true
clean,drsr,110,150,150,1.0,0.4873807238516248,0.3964620519361359,0.44192138789388025,0.9131824693084787,84.44587011863707,0.4873807238516248,0.3964620519361359,0.44192138789388025,0.9131824693084787,84.44587011863707,algorithm_native_internal_best_so_far.v1,true
clean,drsr,111,150,150,1.0,0.4883357835304324,0.396528742195371,0.44243226286290166,0.9146697344720542,84.50912330177732,0.4883357835304324,0.396528742195371,0.44243226286290166,0.9146697344720542,84.50912330177732,algorithm_native_internal_best_so_far.v1,true
clean,drsr,112,150,150,1.0,0.48833604162941135,0.3965285998716295,0.4424323207505204,0.9146701393701481,84.57124732530623,0.48833604162941135,0.3965285998716295,0.4424323207505204,0.9146701393701481,84.57124732530623,algorithm_native_internal_best_so_far.v1,true
clean,drsr,113,150,150,1.0,0.4883030400178301,0.39651007784850345,0.4424065589331667,0.9144865747669233,84.63210936204416,0.4883030400178301,0.39651007784850345,0.4424065589331667,0.9144865747669233,84.63210936204416,algorithm_native_internal_best_so_far.v1,true
clean,drsr,114,150,150,1.0,0.49151884661785306,0.4003580230629962,0.4459384348404245,0.9207744865567542,84.69741935584794,0.49151884661785306,0.4003580230629962,0.4459384348404245,0.9207744865567542,84.69741935584794,algorithm_native_internal_best_so_far.v1,true
clean,drsr,115,150,150,1.0,0.49309962551403913,0.4018397138037582,0.44746966965889856,0.9280040093169964,84.76788006520317,0.49309962551403913,0.4018397138037582,0.44746966965889856,0.9280040093169964,84.76788006520317,algorithm_native_internal_best_so_far.v1,true
clean,drsr,116,150,150,1.0,0.49532154576635196,0.40474390289095463,0.45003272432865327,0.9303521547204961,84.8391501980208,0.49532154576635196,0.40474390289095463,0.45003272432865327,0.9303521547204961,84.8391501980208,algorithm_native_internal_best_so_far.v1,true
clean,drsr,117,150,150,1.0,0.4971917756789697,0.40621518069846413,0.45170347818871687,0.9334021890616252,84.91180890492801,0.4971917756789697,0.40621518069846413,0.45170347818871687,0.9334021890616252,84.91180890492801,algorithm_native_internal_best_so_far.v1,true
clean,drsr,118,150,150,1.0,0.4971917756789697,0.40621518069846413,0.45170347818871687,0.9334021890616252,84.9832361083283,0.4971917756789697,0.40621518069846413,0.45170347818871687,0.9334021890616252,84.9832361083283,algorithm_native_internal_best_so_far.v1,true
clean,drsr,119,150,150,1.0,0.4972201213758558,0.40649730313558424,0.4518587122557199,0.9339442912433519,85.05391840258045,0.4972201213758558,0.40649730313558424,0.4518587122557199,0.9339442912433519,85.05391840258045,algorithm_native_internal_best_so_far.v1,true
clean,drsr,120,150,150,1.0,0.49756697633162816,0.4068441582809433,0.4522055673062855,0.9346835412425838,85.1240387002611,0.49756697633162816,0.4068441582809433,0.4522055673062855,0.9346835412425838,85.1240387002611,algorithm_native_internal_best_so_far.v1,true
clean,drsr,121,150,150,1.0,0.49742760995565666,0.40711180487693793,0.45226970741629713,0.9347687564444797,85.19307041054364,0.49742760995565666,0.40711180487693793,0.45226970741629713,0.9347687564444797,85.19307041054364,algorithm_native_internal_best_so_far.v1,true
clean,drsr,122,150,150,1.0,0.49742694789918107,0.4071210688757308,0.45227400838745574,0.9347827396072057,85.26098191505328,0.49742694789918107,0.4071210688757308,0.45227400838745574,0.9347827396072057,85.26098191505328,algorithm_native_internal_best_so_far.v1,true
clean,drsr,123,150,150,1.0,0.49742694789918107,0.4071210688757308,0.45227400838745574,0.9347827396072057,85.32778916745707,0.49742694789918107,0.4071210688757308,0.45227400838745574,0.9347827396072057,85.32778916745707,algorithm_native_internal_best_so_far.v1,true
clean,drsr,124,150,150,1.0,0.49793483677341943,0.407159547146174,0.4525471919597965,0.9357523071198337,85.39430079281615,0.49793483677341943,0.407159547146174,0.4525471919597965,0.9357523071198337,85.39430079281615,algorithm_native_internal_best_so_far.v1,true
clean,drsr,125,150,150,1.0,0.49801434794858446,0.4072199923801417,0.45261717016436287,0.9358539926173266,85.45982958056749,0.49801434794858446,0.4072199923801417,0.45261717016436287,0.9358539926173266,85.45982958056749,algorithm_native_internal_best_so_far.v1,true
clean,drsr,126,150,150,1.0,0.4980152731910292,0.4072248036129732,0.45262003840200093,0.9358626475750256,85.52432509784474,0.4980152731910292,0.4072248036129732,0.45262003840200093,0.9358626475750256,85.52432509784474,algorithm_native_internal_best_so_far.v1,true
clean,drsr,127,150,150,1.0,0.49803103194283144,0.40723392558026833,0.4526324787615497,0.9359224085355794,85.58785199355903,0.49803103194283144,0.40723392558026833,0.4526324787615497,0.9359224085355794,85.58785199355903,algorithm_native_internal_best_so_far.v1,true
clean,drsr,128,150,150,1.0,0.4994851609270745,0.40903501542127746,0.4542600881741758,0.937725093344064,85.6517946290344,0.4994851609270745,0.40903501542127746,0.4542600881741758,0.937725093344064,85.6517946290344,algorithm_native_internal_best_so_far.v1,true
clean,drsr,129,150,150,1.0,0.4994812928186041,0.40904465696634085,0.4542629748924723,0.9377389631746867,85.71475665762689,0.4994812928186041,0.40904465696634085,0.4542629748924723,0.9377389631746867,85.71475665762689,algorithm_native_internal_best_so_far.v1,true
clean,drsr,130,150,150,1.0,0.5001380577763364,0.40961811231558654,0.4548780850459614,0.9399810243201917,85.77847470204532,0.5001380577763364,0.40961811231558654,0.4548780850459614,0.9399810243201917,85.77847470204532,algorithm_native_internal_best_so_far.v1,true
clean,drsr,131,150,150,1.0,0.5001380050807555,0.4096181132030081,0.4548780591418817,0.9399809793506503,85.84121991756454,0.5001380050807555,0.4096181132030081,0.4548780591418817,0.9399809793506503,85.84121991756454,algorithm_native_internal_best_so_far.v1,true
clean,drsr,132,150,150,1.0,0.5001380050807555,0.4096181132030081,0.4548780591418817,0.9399809793506503,85.90301444800015,0.5001380050807555,0.4096181132030081,0.4548780591418817,0.9399809793506503,85.90301444800015,algorithm_native_internal_best_so_far.v1,true
clean,drsr,133,150,150,1.0,0.5001672619510006,0.4095439681801035,0.454855615065552,0.9399501696014401,85.9638565721516,0.5001672619510006,0.4095439681801035,0.454855615065552,0.9399501696014401,85.9638565721516,algorithm_native_internal_best_so_far.v1,true
clean,drsr,134,150,150,1.0,0.5001672319906576,0.40954400613207514,0.4548556190613662,0.9399501957377904,86.02379062440257,0.5001672319906576,0.40954400613207514,0.4548556190613662,0.9399501957377904,86.02379062440257,algorithm_native_internal_best_so_far.v1,true
clean,drsr,135,150,150,1.0,0.5001667682144474,0.40948596920295455,0.45482636870870086,0.9398005274790484,86.08272589939148,0.5001667682144474,0.40948596920295455,0.45482636870870086,0.9398005274790484,86.08272589939148,algorithm_native_internal_best_so_far.v1,true
clean,drsr,136,150,150,1.0,0.5004152747436721,0.409856181824202,0.4551357282839369,0.9402099535551502,86.14109552774532,0.5004152747436721,0.409856181824202,0.4551357282839369,0.9402099535551502,86.14109552774532,algorithm_native_internal_best_so_far.v1,true
clean,drsr,137,150,150,1.0,0.5004152747436721,0.409856181824202,0.4551357282839369,0.9402099535551502,86.19861304473635,0.5004152747436721,0.409856181824202,0.4551357282839369,0.9402099535551502,86.19861304473635,algorithm_native_internal_best_so_far.v1,true
clean,drsr,138,150,150,1.0,0.50081581862142,0.4099464370853703,0.45538112785339496,0.9404693988858418,86.25548497838741,0.50081581862142,0.4099464370853703,0.45538112785339496,0.9404693988858418,86.25548497838741,algorithm_native_internal_best_so_far.v1,true
clean,drsr,139,150,150,1.0,0.50081581862142,0.4099464370853703,0.45538112785339496,0.9404693988858418,86.31153861083487,0.50081581862142,0.4099464370853703,0.45538112785339496,0.9404693988858418,86.31153861083487,algorithm_native_internal_best_so_far.v1,true
clean,drsr,140,150,150,1.0,0.5008158911154633,0.40994472132344123,0.45538030621945214,0.9404653856561146,86.36678861051185,0.5008158911154633,0.40994472132344123,0.45538030621945214,0.9404653856561146,86.36678861051185,algorithm_native_internal_best_so_far.v1,true
clean,drsr,141,150,150,1.0,0.5012107314467894,0.40980608599642737,0.4555084087216083,0.9410056845950614,86.42163811298697,0.5012107314467894,0.40980608599642737,0.4555084087216083,0.9410056845950614,86.42163811298697,algorithm_native_internal_best_so_far.v1,true
clean,drsr,142,150,150,1.0,0.5014431411330744,0.40999232918348844,0.45571773515828135,0.941795487189777,86.4762712862686,0.5014431411330744,0.40999232918348844,0.45571773515828135,0.941795487189777,86.4762712862686,algorithm_native_internal_best_so_far.v1,true
clean,drsr,143,150,150,1.0,0.5014431411330744,0.40999232918348844,0.45571773515828135,0.941795487189777,86.53014035922462,0.5014431411330744,0.40999232918348844,0.45571773515828135,0.941795487189777,86.53014035922462,algorithm_native_internal_best_so_far.v1,true
clean,drsr,144,150,150,1.0,0.5028782691172737,0.4101521866570658,0.4565152278871697,0.9440694833604132,86.58484041461917,0.5028782691172737,0.4101521866570658,0.4565152278871697,0.9440694833604132,86.58484041461917,algorithm_native_internal_best_so_far.v1,true
clean,drsr,145,150,150,1.0,0.5081621010353154,0.4157112445751874,0.4619366728052512,0.9494909652632777,86.6425249395275,0.5081621010353154,0.4157112445751874,0.4619366728052512,0.9494909652632777,86.6425249395275,algorithm_native_internal_best_so_far.v1,true
clean,drsr,146,150,150,1.0,0.5084891766974317,0.41579331691370086,0.46214124680556606,0.9503817439303761,86.70002938783922,0.5084891766974317,0.41579331691370086,0.46214124680556606,0.9503817439303761,86.70002938783922,algorithm_native_internal_best_so_far.v1,true
clean,drsr,147,150,150,1.0,0.5085046393482491,0.41578760590636565,0.46214612262730725,0.9504156685783427,86.75677454069634,0.5085046393482491,0.41578760590636565,0.46214612262730725,0.9504156685783427,86.75677454069634,algorithm_native_internal_best_so_far.v1,true
clean,drsr,148,150,150,1.0,0.5085870635364675,0.415983734461749,0.4622853989991082,0.9507866142623462,86.81300350613915,0.5085870635364675,0.415983734461749,0.4622853989991082,0.9507866142623462,86.81300350613915,algorithm_native_internal_best_so_far.v1,true
clean,drsr,149,150,150,1.0,0.5086210680855097,0.41602574663522074,0.462323407360365,0.9508376548107973,86.86851197576962,0.5086210680855097,0.41602574663522074,0.462323407360365,0.9508376548107973,86.86851197576962,algorithm_native_internal_best_so_far.v1,true
clean,drsr,150,150,150,1.0,0.5086877843491385,0.41565431436979094,0.4621710493594645,0.9502264086663988,86.92287283504209,0.5086877843491385,0.41565431436979094,0.4621710493594645,0.9502264086663988,86.92287283504209,algorithm_native_internal_best_so_far.v1,true
clean,drsr,151,150,150,1.0,0.508687784249423,0.4156543141404241,0.46217104919492336,0.950226408184047,86.97651368261403,0.508687784249423,0.4156543141404241,0.46217104919492336,0.950226408184047,86.97651368261403,algorithm_native_internal_best_so_far.v1,true
clean,drsr,152,150,150,1.0,0.5086256255900824,0.4156126727721164,0.46211914918109925,0.950046874413412,87.02933061523723,0.5086256255900824,0.4156126727721164,0.46211914918109925,0.950046874413412,87.02933061523723,algorithm_native_internal_best_so_far.v1,true
clean,drsr,153,150,150,1.0,0.5088790534916083,0.4160278732946854,0.46245346339314675,0.9507351631340721,87.08190699234945,0.5088790534916083,0.4160278732946854,0.46245346339314675,0.9507351631340721,87.08190699234945,algorithm_native_internal_best_so_far.v1,true
clean,drsr,154,150,150,1.0,0.5088790534916083,0.4160278732946854,0.46245346339314675,0.9507351631340721,87.13380055936932,0.5088790534916083,0.4160278732946854,0.46245346339314675,0.9507351631340721,87.13380055936932,algorithm_native_internal_best_so_far.v1,true
clean,drsr,155,150,150,1.0,0.5086605189751012,0.41610454174305955,0.4623825303590802,0.9504359879682854,87.18483151574003,0.5086605189751012,0.41610454174305955,0.4623825303590802,0.9504359879682854,87.18483151574003,algorithm_native_internal_best_so_far.v1,true
clean,drsr,156,150,150,1.0,0.5090486902834643,0.41617391810836923,0.4626113041959167,0.9517710178722845,87.23606401748035,0.5090486902834643,0.41617391810836923,0.4626113041959167,0.9517710178722845,87.23606401748035,algorithm_native_internal_best_so_far.v1,true
clean,drsr,157,150,150,1.0,0.5090486902834643,0.41617391810836923,0.4626113041959167,0.9517710178722845,87.28664387588638,0.5090486902834643,0.41617391810836923,0.4626113041959167,0.9517710178722845,87.28664387588638,algorithm_native_internal_best_so_far.v1,true
clean,drsr,158,150,150,1.0,0.5090489574434004,0.41617399367842495,0.4626114755609126,0.9517722378482949,87.3365842550569,0.5090489574434004,0.41617399367842495,0.4626114755609126,0.9517722378482949,87.3365842550569,algorithm_native_internal_best_so_far.v1,true
clean,drsr,159,150,150,1.0,0.5090489574530043,0.4161739936781297,0.4626114755655669,0.9517722378808661,87.38589645337787,0.5090489574530043,0.4161739936781297,0.4626114755655669,0.9517722378808661,87.38589645337787,algorithm_native_internal_best_so_far.v1,true
clean,drsr,160,150,150,1.0,0.5090489595412979,0.41617399303052405,0.462611476285911,0.9517722413567049,87.43459225139219,0.5090489595412979,0.41617399303052405,0.462611476285911,0.9517722413567049,87.43459225139219,algorithm_native_internal_best_so_far.v1,true
clean,drsr,161,150,150,1.0,0.5090489595412979,0.41617399303052405,0.462611476285911,0.9517722413567049,87.482683132661,0.5090489595412979,0.41617399303052405,0.462611476285911,0.9517722413567049,87.482683132661,algorithm_native_internal_best_so_far.v1,true
clean,drsr,162,150,150,1.0,0.5090489595412979,0.41617399303052405,0.462611476285911,0.9517722413567049,87.53018029934626,0.5090489595412979,0.41617399303052405,0.462611476285911,0.9517722413567049,87.53018029934626,algorithm_native_internal_best_so_far.v1,true
clean,drsr,163,150,150,1.0,0.5091350706004719,0.4158207952739162,0.462477932937194,0.9512170713200203,87.57675408359567,0.5091350706004719,0.4158207952739162,0.462477932937194,0.9512170713200203,87.57675408359567,algorithm_native_internal_best_so_far.v1,true
clean,drsr,164,150,150,1.0,0.5091239923384271,0.41619186233133654,0.46265792733488165,0.9518462762579437,87.62314355641396,0.5091239923384271,0.41619186233133654,0.46265792733488165,0.9518462762579437,87.62314355641396,algorithm_native_internal_best_so_far.v1,true
clean,drsr,165,150,150,1.0,0.5091575353971127,0.41620926478868614,0.4626834000928993,0.9520278957245586,87.66908080499604,0.5091575353971127,0.41620926478868614,0.4626834000928993,0.9520278957245586,87.66908080499604,algorithm_native_internal_best_so_far.v1,true
clean,drsr,166,150,150,1.0,0.5091575353971127,0.4162092647887955,0.462683400092954,0.9520278957246414,87.71446459275188,0.5091575353971127,0.4162092647887955,0.462683400092954,0.9520278957246414,87.71446459275188,algorithm_native_internal_best_so_far.v1,true
clean,drsr,167,150,150,1.0,0.5087600469703379,0.41628032735234455,0.46252018716134113,0.9513397116824702,87.75889277583867,0.5087600469703379,0.41628032735234455,0.46252018716134113,0.9513397116824702,87.75889277583867,algorithm_native_internal_best_so_far.v1,true
clean,drsr,168,150,150,1.0,0.5095783675299846,0.41688970306602957,0.46323403529800694,0.9531587552136057,87.80387481599058,0.5095783675299846,0.41688970306602957,0.46323403529800694,0.9531587552136057,87.80387481599058,algorithm_native_internal_best_so_far.v1,true
clean,drsr,169,150,150,1.0,0.5101672909953594,0.418381757515956,0.4642745242556577,0.9544912705112605,87.84911299489671,0.5101672909953594,0.418381757515956,0.4642745242556577,0.9544912705112605,87.84911299489671,algorithm_native_internal_best_so_far.v1,true
clean,drsr,170,150,150,1.0,0.5101672909953594,0.418381757515956,0.4642745242556577,0.9544912705112605,87.89381895993334,0.5101672909953594,0.418381757515956,0.4642745242556577,0.9544912705112605,87.89381895993334,algorithm_native_internal_best_so_far.v1,true
clean,drsr,171,150,150,1.0,0.5105711715424082,0.4193710774374086,0.46497112448990824,0.9571587397715096,87.93956197172994,0.5105711715424082,0.4193710774374086,0.46497112448990824,0.9571587397715096,87.93956197172994,algorithm_native_internal_best_so_far.v1,true
clean,drsr,172,150,150,1.0,0.5111430440290979,0.4193099690925565,0.46522650656082715,0.9582639543927168,87.98541565468076,0.5111430440290979,0.4193099690925565,0.46522650656082715,0.9582639543927168,87.98541565468076,algorithm_native_internal_best_so_far.v1,true
clean,drsr,173,150,150,1.0,0.51108120163888,0.4188253241800689,0.46495326290947436,0.9563823502866834,88.02965160481942,0.51108120163888,0.4188253241800689,0.46495326290947436,0.9563823502866834,88.02965160481942,algorithm_native_internal_best_so_far.v1,true
clean,drsr,174,150,150,1.0,0.5111272072369876,0.41879983705349627,0.46496352214524184,0.9564348461852451,88.0734092658177,0.5111272072369876,0.41879983705349627,0.46496352214524184,0.9564348461852451,88.0734092658177,algorithm_native_internal_best_so_far.v1,true
clean,drsr,175,150,150,1.0,0.5111272072369876,0.41879983705349627,0.46496352214524184,0.9564348461852451,88.11666683926174,0.5111272072369876,0.41879983705349627,0.46496352214524184,0.9564348461852451,88.11666683926174,algorithm_native_internal_best_so_far.v1,true
clean,drsr,176,150,150,1.0,0.5111214279536614,0.41879305881490836,0.4649572433842849,0.9563893944359374,88.15940702451363,0.5111214279536614,0.41879305881490836,0.4649572433842849,0.9563893944359374,88.15940702451363,algorithm_native_internal_best_so_far.v1,true
clean,drsr,177,150,150,1.0,0.5111226194627224,0.4187931819021784,0.4649579006824504,0.9563939987964037,88.20166687115278,0.5111226194627224,0.4187931819021784,0.4649579006824504,0.9563939987964037,88.20166687115278,algorithm_native_internal_best_so_far.v1,true
clean,drsr,178,150,150,1.0,0.5111226194627224,0.4187931819021784,0.4649579006824504,0.9563939987964037,88.2434518880544,0.5111226194627224,0.4187931819021784,0.4649579006824504,0.9563939987964037,88.2434518880544,algorithm_native_internal_best_so_far.v1,true
clean,drsr,179,150,150,1.0,0.5111226194627224,0.4187931819021784,0.4649579006824504,0.9563939987964037,88.2847700332588,0.5111226194627224,0.4187931819021784,0.4649579006824504,0.9563939987964037,88.2847700332588,algorithm_native_internal_best_so_far.v1,true
clean,drsr,180,150,150,1.0,0.5111226194627224,0.4187931819021784,0.4649579006824504,0.9563939987964037,88.32562908796092,0.5111226194627224,0.4187931819021784,0.4649579006824504,0.9563939987964037,88.32562908796092,algorithm_native_internal_best_so_far.v1,true
clean,dso,1,150,150,1.0,0.20568006862282084,0.16269821816109456,0.18418914339195772,0.6504111309319608,65.04111309319607,0.20568006862282084,0.16269821816109456,0.18418914339195772,0.6504111309319608,65.04111309319607,algorithm_native_internal_best_so_far.v1,true
clean,dso,2,150,150,1.0,0.2238626282005391,0.18301513644801584,0.20343888232427745,0.7071541675401504,67.87826492360556,0.2238626282005391,0.18301513644801584,0.20343888232427745,0.7071541675401504,67.87826492360556,algorithm_native_internal_best_so_far.v1,true
clean,dso,3,150,150,1.0,0.23490278491408711,0.19257170613832314,0.21373724552620507,0.7154626019730489,69.10093001483867,0.23490278491408711,0.19257170613832314,0.21373724552620507,0.7154626019730489,69.10093001483867,algorithm_native_internal_best_so_far.v1,true
clean,dso,4,150,150,1.0,0.23764314003491416,0.19167151198499355,0.21465732600995385,0.7167457556421445,69.74434140218261,0.23764314003491416,0.19167151198499355,0.21465732600995385,0.7167457556421445,69.74434140218261,algorithm_native_internal_best_so_far.v1,true
clean,dso,5,150,150,1.0,0.24111486163909807,0.1926051008926616,0.2168599812658798,0.7255985141011485,70.30744340376906,0.24111486163909807,0.1926051008926616,0.2168599812658798,0.7255985141011485,70.30744340376906,algorithm_native_internal_best_so_far.v1,true
clean,dso,6,150,150,1.0,0.2503778667802763,0.20582096561957117,0.2280994161999237,0.7500096116680002,71.08969636427422,0.2503778667802763,0.20582096561957117,0.2280994161999237,0.7500096116680002,71.08969636427422,algorithm_native_internal_best_so_far.v1,true
clean,dso,7,150,150,1.0,0.2528426787749363,0.20558762957250512,0.22921515417372074,0.7564802097560884,71.74088559446488,0.2528426787749363,0.20558762957250512,0.22921515417372074,0.7564802097560884,71.74088559446488,algorithm_native_internal_best_so_far.v1,true
clean,dso,8,150,150,1.0,0.2742466197781295,0.23115192606908294,0.2526992729236063,0.7906019895133155,72.65579976407321,0.2742466197781295,0.23115192606908294,0.2526992729236063,0.7906019895133155,72.65579976407321,algorithm_native_internal_best_so_far.v1,true
clean,dso,9,150,150,1.0,0.2874646311134594,0.24162958375098503,0.2645471074322223,0.8041831570888575,73.51830153571905,0.2874646311134594,0.24162958375098503,0.2645471074322223,0.8041831570888575,73.51830153571905,algorithm_native_internal_best_so_far.v1,true
clean,dso,10,150,150,1.0,0.29467514122913513,0.2513679436234964,0.2730215424263158,0.818276233400109,74.34923371614823,0.29467514122913513,0.2513679436234964,0.2730215424263158,0.818276233400109,74.34923371614823,algorithm_native_internal_best_so_far.v1,true
clean,dso,11,150,150,1.0,0.2961229338236189,0.25301425422914947,0.27456859402638417,0.8232098581103754,75.07393845204727,0.2961229338236189,0.25301425422914947,0.27456859402638417,0.8232098581103754,75.07393845204727,algorithm_native_internal_best_so_far.v1,true
clean,dso,12,150,150,1.0,0.2964433836151129,0.2521097831661149,0.27427658339061384,0.8222245278317214,75.66964797964101,0.2964433836151129,0.2521097831661149,0.27427658339061384,0.8222245278317214,75.66964797964101,algorithm_native_internal_best_so_far.v1,true
clean,dso,13,150,150,1.0,0.3028877973861394,0.26192931392160174,0.28240855565387063,0.8387529684702696,76.3008517386707,0.3028877973861394,0.26192931392160174,0.28240855565387063,0.8387529684702696,76.3008517386707,algorithm_native_internal_best_so_far.v1,true
clean,dso,14,150,150,1.0,0.3041389400364915,0.26253904309757575,0.2833389915670337,0.842914485093429,76.87160865086157,0.3041389400364915,0.26253904309757575,0.2833389915670337,0.842914485093429,76.87160865086157,algorithm_native_internal_best_so_far.v1,true
clean,dso,15,150,150,1.0,0.30945352081671457,0.2667000727516698,0.2880767967841922,0.8468073387370793,77.39221699905131,0.30945352081671457,0.2667000727516698,0.2880767967841922,0.8468073387370793,77.39221699905131,algorithm_native_internal_best_so_far.v1,true
clean,dso,16,150,150,1.0,0.3093473187614992,0.26673783075710794,0.2880425747593036,0.8464678347357422,77.845627403709,0.3093473187614992,0.26673783075710794,0.2880425747593036,0.8464678347357422,77.845627403709,algorithm_native_internal_best_so_far.v1,true
clean,dso,17,150,150,1.0,0.3144229348590958,0.27610166960614246,0.2952623022326191,0.8589060582375957,78.31886142841786,0.3144229348590958,0.27610166960614246,0.2952623022326191,0.8589060582375957,78.31886142841786,algorithm_native_internal_best_so_far.v1,true
clean,dso,18,150,150,1.0,0.3145412069339114,0.27624170998231495,0.2953914584581132,0.8592687250735942,78.74152871058128,0.3145412069339114,0.27624170998231495,0.2953914584581132,0.8592687250735942,78.74152871058128,algorithm_native_internal_best_so_far.v1,true
clean,dso,19,150,150,1.0,0.3154834471028235,0.27621045794853916,0.29584695252568133,0.8602565326057311,79.12490368689664,0.3154834471028235,0.27621045794853916,0.29584695252568133,0.8602565326057311,79.12490368689664,algorithm_native_internal_best_so_far.v1,true
clean,dso,20,150,150,1.0,0.3202171009834394,0.2818919165807312,0.30105450878208523,0.8670025973848777,79.5036714894762,0.3202171009834394,0.2818919165807312,0.30105450878208523,0.8670025973848777,79.5036714894762,algorithm_native_internal_best_so_far.v1,true
clean,dso,21,150,150,1.0,0.3252917813610255,0.2877264125954877,0.30650909697825657,0.8742381184287908,79.88082103011442,0.3252917813610255,0.2877264125954877,0.30650909697825657,0.8742381184287908,79.88082103011442,algorithm_native_internal_best_so_far.v1,true
clean,dso,22,150,150,1.0,0.3268194862106079,0.2886847628697809,0.3077521245401944,0.8769320624100412,80.23592944879123,0.3268194862106079,0.2886847628697809,0.3077521245401944,0.8769320624100412,80.23592944879123,algorithm_native_internal_best_so_far.v1,true
clean,dso,23,150,150,1.0,0.326422628586558,0.2879663497207919,0.3071944891536749,0.8748109945815372,80.55093684050264,0.326422628586558,0.2879663497207919,0.3071944891536749,0.8748109945815372,80.55093684050264,algorithm_native_internal_best_so_far.v1,true
clean,dso,24,150,150,1.0,0.33249315086148434,0.2945387951487365,0.31351597300511036,0.8822868133326071,80.87084286103422,0.33249315086148434,0.2945387951487365,0.31351597300511036,0.8822868133326071,80.87084286103422,algorithm_native_internal_best_so_far.v1,true
clean,dso,25,150,150,1.0,0.3327622559514081,0.2947690252002751,0.3137656405758415,0.8832521738261437,81.16901784189743,0.3327622559514081,0.2947690252002751,0.3137656405758415,0.8832521738261437,81.16901784189743,algorithm_native_internal_best_so_far.v1,true
clean,dso,26,150,150,1.0,0.33356222234726307,0.29580913577498263,0.3146856790611227,0.8865307827034666,81.4568663199147,0.33356222234726307,0.29580913577498263,0.3146856790611227,0.8865307827034666,81.4568663199147,algorithm_native_internal_best_so_far.v1,true
clean,dso,27,150,150,1.0,0.3342098113473955,0.29727696638760903,0.3157433888675021,0.8901790901507034,81.7369049382538,0.3342098113473955,0.29727696638760903,0.3157433888675021,0.8901790901507034,81.7369049382538,algorithm_native_internal_best_so_far.v1,true
clean,dso,28,150,150,1.0,0.3349503822770815,0.2988162291630771,0.3168833057200791,0.8928079922881894,82.00632973434541,0.3349503822770815,0.2988162291630771,0.3168833057200791,0.8928079922881894,82.00632973434541,algorithm_native_internal_best_so_far.v1,true
clean,dso,29,150,150,1.0,0.3350072211800012,0.29766948325329173,0.31633835221664625,0.8897836258707971,82.24674466030179,0.3350072211800012,0.29766948325329173,0.31633835221664625,0.8897836258707971,82.24674466030179,algorithm_native_internal_best_so_far.v1,true
clean,dso,30,150,150,1.0,0.3352213060856062,0.29833020527143583,0.31677575567852073,0.8906580723134844,82.47404674600334,0.3352213060856062,0.29833020527143583,0.31677575567852073,0.8906580723134844,82.47404674600334,algorithm_native_internal_best_so_far.v1,true
clean,dso,31,150,150,1.0,0.33534511845731246,0.2993284266833939,0.3173367725703528,0.8945235996580213,82.69915362406135,0.33534511845731246,0.2993284266833939,0.3173367725703528,0.8945235996580213,82.69915362406135,algorithm_native_internal_best_so_far.v1,true
clean,dso,32,150,150,1.0,0.33560765762757494,0.2999337632667681,0.31777071044717126,0.8960097796099808,82.91483563459063,0.33560765762757494,0.2999337632667681,0.31777071044717126,0.8960097796099808,82.91483563459063,algorithm_native_internal_best_so_far.v1,true
clean,dso,33,150,150,1.0,0.34057126041918606,0.30473848358170624,0.3226548720004459,0.9006259469339959,83.13143439394848,0.34057126041918606,0.30473848358170624,0.3226548720004459,0.9006259469339959,83.13143439394848,algorithm_native_internal_best_so_far.v1,true
clean,dso,34,150,150,1.0,0.34514692430068067,0.30947260369111435,0.3273097639958973,0.9046556275351202,83.3471440515827,0.34514692430068067,0.30947260369111435,0.3273097639958973,0.9046556275351202,83.3471440515827,algorithm_native_internal_best_so_far.v1,true
clean,dso,35,150,150,1.0,0.34520532759963646,0.3104382044402421,0.32782176601993906,0.9075756730520099,83.5588704302575,0.34520532759963646,0.3104382044402421,0.32782176601993906,0.9075756730520099,83.5588704302575,algorithm_native_internal_best_so_far.v1,true
clean,dso,36,150,150,1.0,0.34528642383989466,0.3100380115266581,0.32766221768327625,0.9064377851980561,83.75567343274494,0.34528642383989466,0.3100380115266581,0.32766221768327625,0.9064377851980561,83.75567343274494,algorithm_native_internal_best_so_far.v1,true
clean,dso,37,150,150,1.0,0.3453076798460276,0.3097492162055142,0.3275284480257708,0.9060099899062819,83.94068223160666,0.3453076798460276,0.3097492162055142,0.3275284480257708,0.9060099899062819,83.94068223160666,algorithm_native_internal_best_so_far.v1,true
clean,dso,38,150,150,1.0,0.34551806516512223,0.30993092943917216,0.32772449730214714,0.9067851209148436,84.11799354370869,0.34551806516512223,0.30993092943917216,0.32772449730214714,0.9067851209148436,84.11799354370869,algorithm_native_internal_best_so_far.v1,true
clean,dso,39,150,150,1.0,0.34656791223516753,0.3106418452285208,0.32860487873184396,0.9111665039526322,84.29744628349215,0.34656791223516753,0.3106418452285208,0.32860487873184396,0.9111665039526322,84.29744628349215,algorithm_native_internal_best_so_far.v1,true
clean,dso,40,150,150,1.0,0.3519010220422916,0.3159237382253794,0.3339123801338353,0.9162991121465598,84.48075790677125,0.3519010220422916,0.3159237382253794,0.3339123801338353,0.9162991121465598,84.48075790677125,algorithm_native_internal_best_so_far.v1,true
clean,dso,41,150,150,1.0,0.35213646997271225,0.31273316144263125,0.3324348157076715,0.9146303137641144,84.6510572596893,0.35213646997271225,0.31273316144263125,0.3324348157076715,0.9146303137641144,84.6510572596893,algorithm_native_internal_best_so_far.v1,true
clean,dso,42,150,150,1.0,0.3521705712981094,0.3127492978951111,0.33245993459661005,0.9147491985146762,84.81353017854117,0.3521705712981094,0.3127492978951111,0.33245993459661005,0.9147491985146762,84.81353017854117,algorithm_native_internal_best_so_far.v1,true
clean,dso,43,150,150,1.0,0.3524093611786468,0.31235881010211736,0.3323840856403819,0.9134070792071067,84.96532500975441,0.3524093611786468,0.31235881010211736,0.3323840856403819,0.9134070792071067,84.96532500975441,algorithm_native_internal_best_so_far.v1,true
clean,dso,44,150,150,1.0,0.35244311642980863,0.3126077876974829,0.33252545206364553,0.914020831468726,85.11161496741619,0.35244311642980863,0.3126077876974829,0.33252545206364553,0.914020831468726,85.11161496741619,algorithm_native_internal_best_so_far.v1,true
clean,dso,45,150,150,1.0,0.35665086555646847,0.3183452480142541,0.3374980567853611,0.9199940853892057,85.26467704678295,0.35665086555646847,0.3183452480142541,0.3374980567853611,0.9199940853892057,85.26467704678295,algorithm_native_internal_best_so_far.v1,true
clean,dso,46,150,150,1.0,0.3569155944988496,0.31833056126607695,0.3376230778824631,0.9204537930692082,85.41208361765551,0.3569155944988496,0.31833056126607695,0.3376230778824631,0.9204537930692082,85.41208361765551,algorithm_native_internal_best_so_far.v1,true
clean,dso,47,150,150,1.0,0.35790463472436895,0.3203171500808434,0.3391108924026059,0.9222889642232485,85.55712218796762,0.35790463472436895,0.3203171500808434,0.3391108924026059,0.9222889642232485,85.55712218796762,algorithm_native_internal_best_so_far.v1,true
clean,dso,48,150,150,1.0,0.3616825882620656,0.3235379410437878,0.3426102646529265,0.9257883364735691,85.70340784337156,0.3616825882620656,0.3235379410437878,0.3426102646529265,0.9257883364735691,85.70340784337156,algorithm_native_internal_best_so_far.v1,true
clean,dso,49,150,150,1.0,0.3598030482375527,0.32207058145110096,0.3409368148443266,0.9205809513043832,85.83309533902599,0.3598030482375527,0.32207058145110096,0.3409368148443266,0.9205809513043832,85.83309533902599,algorithm_native_internal_best_so_far.v1,true
clean,dso,50,150,150,1.0,0.3598329480706212,0.3220550277786041,0.34094398792461245,0.9206123999210754,85.95765823208761,0.3598329480706212,0.3220550277786041,0.34094398792461245,0.9206123999210754,85.95765823208761,algorithm_native_internal_best_so_far.v1,true
clean,dso,51,150,150,1.0,0.3597922331381391,0.32180987673378647,0.3408010549359625,0.9199996374429208,86.07613481075828,0.3597922331381391,0.32180987673378647,0.3408010549359625,0.9199996374429208,86.07613481075828,algorithm_native_internal_best_so_far.v1,true
clean,dso,52,150,150,1.0,0.35978527963083196,0.3217205056256382,0.3407528926282349,0.9196807038924597,86.18944126419075,0.35978527963083196,0.3217205056256382,0.3407528926282349,0.9196807038924597,86.18944126419075,algorithm_native_internal_best_so_far.v1,true
clean,dso,53,150,150,1.0,0.35981665332335006,0.32159277472346304,0.3407047140234063,0.9194778549384806,86.2980892685239,0.35981665332335006,0.32159277472346304,0.3407047140234063,0.9194778549384806,86.2980892685239,algorithm_native_internal_best_so_far.v1,true
clean,dso,54,150,150,1.0,0.3599535739668527,0.3220237076601947,0.3409886408135235,0.9204740812297346,86.40455813619889,0.3599535739668527,0.3220237076601947,0.3409886408135235,0.9204740812297346,86.40455813619889,algorithm_native_internal_best_so_far.v1,true
clean,dso,55,150,150,1.0,0.35995357963605185,0.3220237076813121,0.34098864365868176,0.9204740925789587,86.50715542932065,0.35995357963605185,0.3220237076813121,0.34098864365868176,0.9204740925789587,86.50715542932065,algorithm_native_internal_best_so_far.v1,true
clean,dso,56,150,150,1.0,0.35998286762304094,0.32226825452728,0.34112556107516023,0.9210612410712884,86.60713701285293,0.35998286762304094,0.32226825452728,0.34112556107516023,0.9210612410712884,86.60713701285293,algorithm_native_internal_best_so_far.v1,true
clean,dso,57,150,150,1.0,0.35998286762304094,0.32226825452728,0.34112556107516023,0.9210612410712884,86.70361047064723,0.35998286762304094,0.32226825452728,0.34112556107516023,0.9210612410712884,86.70361047064723,algorithm_native_internal_best_so_far.v1,true
clean,dso,58,150,150,1.0,0.3600713851815285,0.32228650883677773,0.3411789470091529,0.9213170780739642,86.7971983557636,0.3600713851815285,0.32228650883677773,0.3411789470091529,0.9213170780739642,86.7971983557636,algorithm_native_internal_best_so_far.v1,true
clean,dso,59,150,150,1.0,0.3600713851815285,0.32228650883677773,0.3411789470091529,0.9213170780739642,86.88761377019804,0.3600713851815285,0.32228650883677773,0.3411789470091529,0.9213170780739642,86.88761377019804,algorithm_native_internal_best_so_far.v1,true
clean,dso,60,150,150,1.0,0.36010135446636143,0.3224524083246923,0.34127688139552664,0.9218136967999916,86.9758430353614,0.36010135446636143,0.3224524083246923,0.34127688139552664,0.9218136967999916,86.9758430353614,algorithm_native_internal_best_so_far.v1,true
clean,dso,61,150,150,1.0,0.36010232762058497,0.32244994284591416,0.34127613523324934,0.9218108050017881,87.06117479707973,0.36010232762058497,0.32244994284591416,0.34127613523324934,0.9218108050017881,87.06117479707973,algorithm_native_internal_best_so_far.v1,true
clean,dso,62,150,150,1.0,0.36010232762058497,0.32244994284591416,0.34127613523324934,0.9218108050017881,87.14375392132327,0.36010232762058497,0.32244994284591416,0.34127613523324934,0.9218108050017881,87.14375392132327,algorithm_native_internal_best_so_far.v1,true
clean,dso,63,150,150,1.0,0.36010232762058497,0.32244994284591416,0.34127613523324934,0.9218108050017881,87.223711486067,0.36010232762058497,0.32244994284591416,0.34127613523324934,0.9218108050017881,87.223711486067,algorithm_native_internal_best_so_far.v1,true
clean,dso,64,150,150,1.0,0.36010232762058497,0.32244994284591416,0.34127613523324934,0.9218108050017881,87.30117037691251,0.36010232762058497,0.32244994284591416,0.34127613523324934,0.9218108050017881,87.30117037691251,algorithm_native_internal_best_so_far.v1,true
clean,dso,65,150,150,1.0,0.3601069652009241,0.32244304650934963,0.34127500585513665,0.9218037579363808,87.37623507563136,0.3601069652009241,0.32244304650934963,0.34127500585513665,0.9218037579363808,87.37623507563136,algorithm_native_internal_best_so_far.v1,true
clean,dso,66,150,150,1.0,0.36050724227754777,0.32254675879109274,0.34152700053431995,0.9224999190120652,87.45007987601888,0.36050724227754777,0.32254675879109274,0.34152700053431995,0.9224999190120652,87.45007987601888,algorithm_native_internal_best_so_far.v1,true
clean,dso,67,150,150,1.0,0.36243461921530096,0.3233767855256232,0.34290570237046186,0.9274779979965031,87.52915032264023,0.36243461921530096,0.3233767855256232,0.34290570237046186,0.9274779979965031,87.52915032264023,algorithm_native_internal_best_so_far.v1,true
clean,dso,68,150,150,1.0,0.3625694813326921,0.323859657661841,0.3432145694972663,0.9286003279105349,87.60754565305808,0.3625694813326921,0.323859657661841,0.3432145694972663,0.9286003279105349,87.60754565305808,algorithm_native_internal_best_so_far.v1,true
clean,dso,69,150,150,1.0,0.36243856804628355,0.323845778423921,0.34314217323510204,0.9283307107455401,87.68327790554353,0.36243856804628355,0.323845778423921,0.34314217323510204,0.9283307107455401,87.68327790554353,algorithm_native_internal_best_so_far.v1,true
clean,dso,70,150,150,1.0,0.36249759600440834,0.32429419859157915,0.3433958972979935,0.9293428912833628,87.75829235158342,0.36249759600440834,0.32429419859157915,0.3433958972979935,0.9293428912833628,87.75829235158342,algorithm_native_internal_best_so_far.v1,true
clean,dso,71,150,150,1.0,0.36249759600440834,0.32429419859157915,0.3433958972979935,0.9293428912833628,87.83119371463629,0.36249759600440834,0.32429419859157915,0.3433958972979935,0.9293428912833628,87.83119371463629,algorithm_native_internal_best_so_far.v1,true
clean,dso,72,150,150,1.0,0.3626201045772534,0.3240225575261867,0.34332133105171986,0.9290421711259004,87.9016523729412,0.3626201045772534,0.3240225575261867,0.34332133105171986,0.9290421711259004,87.9016523729412,algorithm_native_internal_best_so_far.v1,true
clean,dso,73,150,150,1.0,0.3638209813785887,0.3250366608846908,0.3444288211316396,0.9328299804953607,87.97536943700415,0.3638209813785887,0.3250366608846908,0.3444288211316396,0.9328299804953607,87.97536943700415,algorithm_native_internal_best_so_far.v1,true
clean,dso,74,150,150,1.0,0.3638411677100242,0.3249235623596467,0.34438236503483527,0.9326035809289421,88.04678820262428,0.3638411677100242,0.3249235623596467,0.34438236503483527,0.9326035809289421,88.04678820262428,algorithm_native_internal_best_so_far.v1,true
clean,dso,75,150,150,1.0,0.3630829487917614,0.32491114771239743,0.3439970482520792,0.9319756744118289,88.11546525913839,0.3630829487917614,0.32491114771239743,0.3439970482520792,0.9319756744118289,88.11546525913839,algorithm_native_internal_best_so_far.v1,true
clean,dso,76,150,150,1.0,0.3635359456523858,0.32319035475003927,0.3433631502012124,0.9302785698699606,88.18010199239967,0.3635359456523858,0.32319035475003927,0.3433631502012124,0.9302785698699606,88.18010199239967,algorithm_native_internal_best_so_far.v1,true
clean,dso,77,150,150,1.0,0.3635359456523858,0.32319035475003927,0.3433631502012124,0.9302785698699606,88.24305984947235,0.3635359456523858,0.32319035475003927,0.3433631502012124,0.9302785698699606,88.24305984947235,algorithm_native_internal_best_so_far.v1,true
clean,dso,78,150,150,1.0,0.36356123883203206,0.32309082597849587,0.34332603240526377,0.9301437284503971,88.3042305289027,0.36356123883203206,0.32309082597849587,0.34332603240526377,0.9301437284503971,88.3042305289027,algorithm_native_internal_best_so_far.v1,true
clean,dso,79,150,150,1.0,0.36362235243994445,0.32293476796349174,0.3432785602017179,0.9297944521312433,88.36341046161438,0.36362235243994445,0.32293476796349174,0.3432785602017179,0.9297944521312433,88.36341046161438,algorithm_native_internal_best_so_far.v1,true
clean,dso,80,150,150,1.0,0.3636155401061548,0.32305110708782847,0.34333332359699154,0.9300379324801268,88.42141524644435,0.3636155401061548,0.32305110708782847,0.34333332359699154,0.9300379324801268,88.42141524644435,algorithm_native_internal_best_so_far.v1,true
clean,dso,81,150,150,1.0,0.3636564261293124,0.32310084013934953,0.3433786331343308,0.9302224528608685,88.47821561730416,0.3636564261293124,0.32310084013934953,0.3433786331343308,0.9302224528608685,88.47821561730416,algorithm_native_internal_best_so_far.v1,true
clean,dso,82,150,150,1.0,0.36390256242495417,0.3240661990056602,0.343984380715307,0.9317967563576961,88.53555049557812,0.36390256242495417,0.3240661990056602,0.343984380715307,0.9317967563576961,88.53555049557812,algorithm_native_internal_best_so_far.v1,true
clean,dso,83,150,150,1.0,0.3639244078474436,0.3240661990056602,0.3439953034265517,0.9318592162900436,88.59157906345074,0.3639244078474436,0.3240661990056602,0.3439953034265517,0.9318592162900436,88.59157906345074,algorithm_native_internal_best_so_far.v1,true
clean,dso,84,150,150,1.0,0.36392661858666175,0.32406615005341666,0.34399638432003904,0.9318639373814999,88.64627923814953,0.36392661858666175,0.32406615005341666,0.34399638432003904,0.9318639373814999,88.64627923814953,algorithm_native_internal_best_so_far.v1,true
clean,dso,85,150,150,1.0,0.3640268184595803,0.3245911601274321,0.344308989293506,0.933228191220605,88.70129735443085,0.3640268184595803,0.3245911601274321,0.344308989293506,0.933228191220605,88.70129735443085,algorithm_native_internal_best_so_far.v1,true
clean,dso,86,150,150,1.0,0.3642149707422076,0.32464368544452366,0.3444293280933655,0.9338956567668493,88.75581210236402,0.3642149707422076,0.32464368544452366,0.3444293280933655,0.9338956567668493,88.75581210236402,algorithm_native_internal_best_so_far.v1,true
clean,dso,87,150,150,1.0,0.3642312731290996,0.3236884827003392,0.3439598779147192,0.9309348197470141,88.8056703767587,0.3642312731290996,0.3236884827003392,0.3439598779147192,0.9309348197470141,88.8056703767587,algorithm_native_internal_best_so_far.v1,true
clean,dso,88,150,150,1.0,0.36425600174872824,0.32441438026993563,0.3443351910093318,0.9323522310658764,88.85600620323403,0.36425600174872824,0.32441438026993563,0.3443351910093318,0.9323522310658764,88.85600620323403,algorithm_native_internal_best_so_far.v1,true
clean,dso,89,150,150,1.0,0.36428280642250976,0.32456740872926576,0.3444251075758876,0.93261628800002,88.90550758072581,0.36428280642250976,0.32456740872926576,0.3444251075758876,0.93261628800002,88.90550758072581,algorithm_native_internal_best_so_far.v1,true
clean,dso,90,150,150,1.0,0.3647228873214104,0.3244952974162361,0.3446090923688231,0.933153106027983,88.95450539208218,0.3647228873214104,0.3244952974162361,0.3446090923688231,0.933153106027983,88.95450539208218,algorithm_native_internal_best_so_far.v1,true
clean,dso,91,150,150,1.0,0.3643172671871422,0.3244890288432021,0.34440314801517197,0.9325522159216151,89.00176600966546,0.3643172671871422,0.3244890288432021,0.34440314801517197,0.9325522159216151,89.00176600966546,algorithm_native_internal_best_so_far.v1,true
clean,dso,92,150,150,1.0,0.3643643953393267,0.3239149538819984,0.34413967461066247,0.9310110045763984,89.04632399279562,0.3643643953393267,0.3239149538819984,0.34413967461066247,0.9310110045763984,89.04632399279562,algorithm_native_internal_best_so_far.v1,true
clean,dso,93,150,150,1.0,0.36467281238361365,0.3239656480151454,0.3443192301993794,0.9314841878264466,89.09043253892304,0.36467281238361365,0.3239656480151454,0.3443192301993794,0.9314841878264466,89.09043253892304,algorithm_native_internal_best_so_far.v1,true
clean,dso,94,150,150,1.0,0.36469902627342043,0.32367232732298096,0.3441856767982005,0.9305546700113454,89.13261375660615,0.36469902627342043,0.32367232732298096,0.3441856767982005,0.9305546700113454,89.13261375660615,algorithm_native_internal_best_so_far.v1,true
clean,dso,95,150,150,1.0,0.36469902627342043,0.32367232732298096,0.3441856767982005,0.9305546700113454,89.1739069486538,0.36469902627342043,0.32367232732298096,0.3441856767982005,0.9305546700113454,89.1739069486538,algorithm_native_internal_best_so_far.v1,true
clean,dso,96,150,150,1.0,0.36469902627342043,0.32367232732298096,0.3441856767982005,0.9305546700113454,89.21433986586715,0.36469902627342043,0.32367232732298096,0.3441856767982005,0.9305546700113454,89.21433986586715,algorithm_native_internal_best_so_far.v1,true
clean,dso,97,150,150,1.0,0.3646662195654319,0.32391484161570183,0.34429053059056663,0.9308122254355135,89.25420463574018,0.3646662195654319,0.32391484161570183,0.34429053059056663,0.9308122254355135,89.25420463574018,algorithm_native_internal_best_so_far.v1,true
clean,dso,98,150,150,1.0,0.36452871065974174,0.32380598015274414,0.3441673454062428,0.9304528042753842,89.29288908259527,0.36452871065974174,0.32380598015274414,0.3441673454062428,0.9304528042753842,89.29288908259527,algorithm_native_internal_best_so_far.v1,true
clean,dso,99,150,150,1.0,0.3645287106597627,0.3238059801527432,0.3441673454062528,0.9304528042754492,89.33079202547354,0.3645287106597627,0.3238059801527432,0.3441673454062528,0.9304528042754492,89.33079202547354,algorithm_native_internal_best_so_far.v1,true
clean,dso,100,150,150,1.0,0.3645287106597627,0.3238059801527432,0.3441673454062528,0.9304528042754492,89.36793690949426,0.3645287106597627,0.3238059801527432,0.3441673454062528,0.9304528042754492,89.36793690949426,algorithm_native_internal_best_so_far.v1,true
clean,dso,101,150,150,1.0,0.36454438774867776,0.32376771069987087,0.3441560492242742,0.9303792131144507,89.40427338872149,0.36454438774867776,0.32376771069987087,0.3441560492242742,0.9303792131144507,89.40427338872149,algorithm_native_internal_best_so_far.v1,true
clean,dso,102,150,150,1.0,0.36461984375004064,0.32395770435819704,0.3442887740541186,0.9307073300742087,89.44021907125777,0.36461984375004064,0.32395770435819704,0.3442887740541186,0.9307073300742087,89.44021907125777,algorithm_native_internal_best_so_far.v1,true
clean,dso,103,150,150,1.0,0.36453161559767955,0.3230164933487389,0.3437740544732091,0.9285227542650254,89.47334583198831,0.36453161559767955,0.3230164933487389,0.3437740544732091,0.9285227542650254,89.47334583198831,algorithm_native_internal_best_so_far.v1,true
clean,dso,104,150,150,1.0,0.3645143894753506,0.3230209260749854,0.34376765777516777,0.9285024987581816,89.50581606317897,0.3645143894753506,0.3230209260749854,0.34376765777516777,0.9285024987581816,89.50581606317897,algorithm_native_internal_best_so_far.v1,true
clean,dso,105,150,150,1.0,0.36479571938496524,0.3230249650440707,0.34391034221451783,0.9288015404264244,89.53795261536433,0.36479571938496524,0.3230249650440707,0.34391034221451783,0.9288015404264244,89.53795261536433,algorithm_native_internal_best_so_far.v1,true
clean,dso,106,150,150,1.0,0.36479832653265404,0.32294570244025284,0.34387201448645327,0.9286523653566733,89.56934208631058,0.36479832653265404,0.32294570244025284,0.34387201448645327,0.9286523653566733,89.56934208631058,algorithm_native_internal_best_so_far.v1,true
clean,dso,107,150,150,1.0,0.3647801271711689,0.3235956770174131,0.3441879020942908,0.929695304785562,89.60111954792036,0.3647801271711689,0.3235956770174131,0.3441879020942908,0.929695304785562,89.60111954792036,algorithm_native_internal_best_so_far.v1,true
clean,dso,108,150,150,1.0,0.3650660517007902,0.3244351071327402,0.3447505794167649,0.9320834231176466,89.6345197586967,0.3650660517007902,0.3244351071327402,0.3447505794167649,0.9320834231176466,89.6345197586967,algorithm_native_internal_best_so_far.v1,true
clean,dso,109,150,150,1.0,0.3650696913381446,0.32470788484182955,0.3448887880899868,0.9329728947394867,89.66812315057975,0.3650696913381446,0.32470788484182955,0.3448887880899868,0.9329728947394867,89.66812315057975,algorithm_native_internal_best_so_far.v1,true
clean,dso,110,150,150,1.0,0.36520948458615893,0.32470788484182955,0.34495868471399405,0.9332730325409659,89.70138842424808,0.36520948458615893,0.32470788484182955,0.34495868471399405,0.9332730325409659,89.70138842424808,algorithm_native_internal_best_so_far.v1,true
clean,dso,111,150,150,1.0,0.36520948458615893,0.32470788484182955,0.34495868471399405,0.9332730325409659,89.73405432361609,0.36520948458615893,0.32470788484182955,0.34495868471399405,0.9332730325409659,89.73405432361609,algorithm_native_internal_best_so_far.v1,true
clean,dso,112,150,150,1.0,0.36520948458615893,0.32470788484182955,0.34495868471399405,0.9332730325409659,89.76613690335252,0.36520948458615893,0.32470788484182955,0.34495868471399405,0.9332730325409659,89.76613690335252,algorithm_native_internal_best_so_far.v1,true
clean,dso,113,150,150,1.0,0.36520948458615893,0.32470788484182955,0.34495868471399405,0.9332730325409659,89.7976516498193,0.36520948458615893,0.32470788484182955,0.34495868471399405,0.9332730325409659,89.7976516498193,algorithm_native_internal_best_so_far.v1,true
clean,dso,114,150,150,1.0,0.36520948458615893,0.32470788484182955,0.34495868471399405,0.9332730325409659,89.82861350599717,0.36520948458615893,0.32470788484182955,0.34495868471399405,0.9332730325409659,89.82861350599717,algorithm_native_internal_best_so_far.v1,true
clean,dso,115,150,150,1.0,0.36520948458615893,0.32470788484182955,0.34495868471399405,0.9332730325409659,89.85903689511107,0.36520948458615893,0.32470788484182955,0.34495868471399405,0.9332730325409659,89.85903689511107,algorithm_native_internal_best_so_far.v1,true
clean,dso,116,150,150,1.0,0.36541923392070175,0.3245569266267337,0.3449880802737175,0.9330956606364468,89.88878283621912,0.36541923392070175,0.3245569266267337,0.3449880802737175,0.9330956606364468,89.88878283621912,algorithm_native_internal_best_so_far.v1,true
clean,dso,117,150,150,1.0,0.36544996243161587,0.3244794307195625,0.3449646965755889,0.9330722769383183,89.91800031363462,0.36544996243161587,0.3244794307195625,0.3449646965755889,0.9330722769383183,89.91800031363462,algorithm_native_internal_best_so_far.v1,true
clean,dso,118,150,150,1.0,0.36544996243161587,0.3244794307195625,0.3449646965755889,0.9330722769383183,89.94672257956849,0.36544996243161587,0.3244794307195625,0.3449646965755889,0.9330722769383183,89.94672257956849,algorithm_native_internal_best_so_far.v1,true
clean,dso,119,150,150,1.0,0.3665556423496868,0.3252340968662965,0.34589486960799143,0.9360885634495094,89.97749681289105,0.3665556423496868,0.3252340968662965,0.34589486960799143,0.9360885634495094,89.97749681289105,algorithm_native_internal_best_so_far.v1,true
clean,dso,120,150,150,1.0,0.3665556423496868,0.3252340968662965,0.34589486960799143,0.9360885634495094,90.00775814232489,0.3665556423496868,0.3252340968662965,0.34589486960799143,0.9360885634495094,90.00775814232489,algorithm_native_internal_best_so_far.v1,true
clean,dso,121,150,150,1.0,0.3665556423496868,0.3252340968662965,0.34589486960799143,0.9360885634495094,90.03751928449535,0.3665556423496868,0.3252340968662965,0.34589486960799143,0.9360885634495094,90.03751928449535,algorithm_native_internal_best_so_far.v1,true
clean,dso,122,150,150,1.0,0.36688021225123923,0.32481900846203443,0.3458496103566366,0.9358743001953443,90.06661691347108,0.36688021225123923,0.32481900846203443,0.3458496103566366,0.9358743001953443,90.06661691347108,algorithm_native_internal_best_so_far.v1,true
clean,dso,123,150,150,1.0,0.36688021225123923,0.32481900846203443,0.3458496103566366,0.9358743001953443,90.09524141026836,0.36688021225123923,0.32481900846203443,0.3458496103566366,0.9358743001953443,90.09524141026836,algorithm_native_internal_best_so_far.v1,true
clean,dso,124,150,150,1.0,0.36688021225123923,0.32481900846203443,0.3458496103566366,0.9358743001953443,90.12340422163341,0.36688021225123923,0.32481900846203443,0.3458496103566366,0.9358743001953443,90.12340422163341,algorithm_native_internal_best_so_far.v1,true
clean,dso,125,150,150,1.0,0.36697875333086183,0.32380643270134435,0.34539259301610287,0.9333978800660511,90.14913529191318,0.36697875333086183,0.32380643270134435,0.34539259301610287,0.9333978800660511,90.14913529191318,algorithm_native_internal_best_so_far.v1,true
clean,dso,126,150,150,1.0,0.3670405957004773,0.32382312926756396,0.3454318624840204,0.9336314548865696,90.17464330934766,0.3670405957004773,0.32382312926756396,0.3454318624840204,0.9336314548865696,90.17464330934766,algorithm_native_internal_best_so_far.v1,true
clean,dso,127,150,150,1.0,0.36704121772440906,0.32382312926756396,0.3454321734959863,0.933633631970331,90.19975133995936,0.36704121772440906,0.32382312926756396,0.3454321734959863,0.933633631970331,90.19975133995936,algorithm_native_internal_best_so_far.v1,true
clean,dso,128,150,150,1.0,0.36704121772440906,0.32382312926756396,0.3454321734959863,0.933633631970331,90.22446705759275,0.36704121772440906,0.32382312926756396,0.3454321734959863,0.933633631970331,90.22446705759275,algorithm_native_internal_best_so_far.v1,true
clean,dso,129,150,150,1.0,0.36704121772440906,0.32382312926756396,0.3454321734959863,0.933633631970331,90.24879958580547,0.36704121772440906,0.32382312926756396,0.3454321734959863,0.933633631970331,90.24879958580547,algorithm_native_internal_best_so_far.v1,true
clean,dso,130,150,150,1.0,0.36704121772440906,0.32382312926756396,0.3454321734959863,0.933633631970331,90.2727577674303,0.36704121772440906,0.32382312926756396,0.3454321734959863,0.933633631970331,90.2727577674303,algorithm_native_internal_best_so_far.v1,true
clean,dso,131,150,150,1.0,0.36706316116565085,0.3238116049444354,0.34543738305504285,0.9336388415293876,90.2963541520525,0.36706316116565085,0.3238116049444354,0.34543738305504285,0.9336388415293876,90.2963541520525,algorithm_native_internal_best_so_far.v1,true
clean,dso,132,150,150,1.0,0.367203975593908,0.32393338156090407,0.3455686785774058,0.9341373124150435,90.31997064515441,0.367203975593908,0.32393338156090407,0.3455686785774058,0.9341373124150435,90.31997064515441,algorithm_native_internal_best_so_far.v1,true
clean,dso,133,150,150,1.0,0.367203975593908,0.32393338156090407,0.3455686785774058,0.9341373124150435,90.34323200302171,0.367203975593908,0.32393338156090407,0.3455686785774058,0.9341373124150435,90.34323200302171,algorithm_native_internal_best_so_far.v1,true
clean,dso,134,150,150,1.0,0.367203975593908,0.32393338156090407,0.3455686785774058,0.9341373124150435,90.36614617644322,0.367203975593908,0.32393338156090407,0.3455686785774058,0.9341373124150435,90.36614617644322,algorithm_native_internal_best_so_far.v1,true
clean,dso,135,150,150,1.0,0.367203975593908,0.32393338156090407,0.3455686785774058,0.9341373124150435,90.38872088062887,0.367203975593908,0.32393338156090407,0.3455686785774058,0.9341373124150435,90.38872088062887,algorithm_native_internal_best_so_far.v1,true
clean,dso,136,150,150,1.0,0.367203975593908,0.32393338156090407,0.3455686785774058,0.9341373124150435,90.4109636038706,0.367203975593908,0.32393338156090407,0.3455686785774058,0.9341373124150435,90.4109636038706,algorithm_native_internal_best_so_far.v1,true
clean,dso,137,150,150,1.0,0.36729717962530584,0.3246095047436104,0.3459533421844579,0.9363036262773141,90.43446286681849,0.36729717962530584,0.3246095047436104,0.3459533421844579,0.9363036262773141,90.43446286681849,algorithm_native_internal_best_so_far.v1,true
clean,dso,138,150,150,1.0,0.3672940126281744,0.3246104161713788,0.3459522143997764,0.9362970353326043,90.45761678469125,0.3672940126281744,0.3246104161713788,0.3459522143997764,0.9362970353326043,90.45761678469125,algorithm_native_internal_best_so_far.v1,true
clean,dso,139,150,150,1.0,0.36749233156070993,0.3247353602979526,0.3461138459293311,0.9370622202718454,90.4809880454286,0.36749233156070993,0.3247353602979526,0.3461138459293311,0.9370622202718454,90.4809880454286,algorithm_native_internal_best_so_far.v1,true
clean,dso,140,150,150,1.0,0.36749267791872414,0.3247386589635075,0.34611566844111563,0.9370640427836299,90.50402673280671,0.36749267791872414,0.3247386589635075,0.34611566844111563,0.9370640427836299,90.50402673280671,algorithm_native_internal_best_so_far.v1,true
clean,dso,141,150,150,1.0,0.36749267791872414,0.3247386589635075,0.34611566844111563,0.9370640427836299,90.52673863029293,0.36749267791872414,0.3247386589635075,0.34611566844111563,0.9370640427836299,90.52673863029293,algorithm_native_internal_best_so_far.v1,true
clean,dso,142,150,150,1.0,0.36749957426182983,0.3247853107295821,0.34614244249570575,0.9372205144190029,90.54924083319158,0.36749957426182983,0.3247853107295821,0.34614244249570575,0.9372205144190029,90.54924083319158,algorithm_native_internal_best_so_far.v1,true
clean,dso,143,150,150,1.0,0.36743668601035373,0.3247883055630271,0.3461124957866901,0.9370851495134176,90.57133365919263,0.36743668601035373,0.3247883055630271,0.3461124957866901,0.9370851495134176,90.57133365919263,algorithm_native_internal_best_so_far.v1,true
clean,dso,144,150,150,1.0,0.36743668601035373,0.3247883055630271,0.3461124957866901,0.9370851495134176,90.59311964038812,0.36743668601035373,0.3247883055630271,0.3461124957866901,0.9370851495134176,90.59311964038812,algorithm_native_internal_best_so_far.v1,true
clean,dso,145,150,150,1.0,0.36743668601035373,0.3247883055630271,0.3461124957866901,0.9370851495134176,90.61460512529123,0.36743668601035373,0.3247883055630271,0.3461124957866901,0.9370851495134176,90.61460512529123,algorithm_native_internal_best_so_far.v1,true
clean,dso,146,150,150,1.0,0.36743668601035373,0.3247883055630271,0.3461124957866901,0.9370851495134176,90.63579628848336,0.36743668601035373,0.3247883055630271,0.3461124957866901,0.9370851495134176,90.63579628848336,algorithm_native_internal_best_so_far.v1,true
clean,dso,147,150,150,1.0,0.3675112794566329,0.3247375892811266,0.34612443436887946,0.9371305829939415,90.65673004365965,0.3675112794566329,0.3247375892811266,0.34612443436887946,0.9371305829939415,90.65673004365965,algorithm_native_internal_best_so_far.v1,true
clean,dso,148,150,150,1.0,0.36751119759318546,0.3247298937900958,0.34612054569164036,0.9371238318876347,90.67737634869414,0.36751119759318546,0.3247298937900958,0.34612054569164036,0.9371238318876347,90.67737634869414,algorithm_native_internal_best_so_far.v1,true
clean,dso,149,150,150,1.0,0.3681542897025976,0.32483594350904366,0.34649511660582033,0.938592214893622,90.69873101406773,0.3681542897025976,0.32483594350904366,0.34649511660582033,0.938592214893622,90.69873101406773,algorithm_native_internal_best_so_far.v1,true
clean,dso,150,150,150,1.0,0.368174285765424,0.3257883245068523,0.3469813051361378,0.9416608048723214,90.72184667722217,0.368174285765424,0.3257883245068523,0.3469813051361378,0.9416608048723214,90.72184667722217,algorithm_native_internal_best_so_far.v1,true
clean,dso,151,150,150,1.0,0.36848089063598094,0.32630284591266945,0.34739186827432494,0.9431821389017455,90.74566367863244,0.36848089063598094,0.32630284591266945,0.34739186827432494,0.9431821389017455,90.74566367863244,algorithm_native_internal_best_so_far.v1,true
clean,dso,152,150,150,1.0,0.368575050406792,0.32558595174526195,0.34708050107602667,0.9411782683746511,90.76784896257213,0.368575050406792,0.32558595174526195,0.34708050107602667,0.9411782683746511,90.76784896257213,algorithm_native_internal_best_so_far.v1,true
clean,dso,153,150,150,1.0,0.36856087986027525,0.32577592076715833,0.3471684003137165,0.9417258521102324,90.79010214066659,0.36856087986027525,0.32577592076715833,0.3471684003137165,0.9417258521102324,90.79010214066659,algorithm_native_internal_best_so_far.v1,true
clean,dso,154,150,150,1.0,0.36864762868504936,0.3256072146547144,0.3471274216698816,0.9415531130858213,90.81195414825046,0.36864762868504936,0.3256072146547144,0.3471274216698816,0.9415531130858213,90.81195414825046,algorithm_native_internal_best_so_far.v1,true
clean,dso,155,150,150,1.0,0.36864762868504936,0.3256072146547144,0.3471274216698816,0.9415531130858213,90.83352419444616,0.36864762868504936,0.3256072146547144,0.3471274216698816,0.9415531130858213,90.83352419444616,algorithm_native_internal_best_so_far.v1,true
clean,dso,156,150,150,1.0,0.3735536832655965,0.33067343429152873,0.3521135587785624,0.9465392501945022,90.85801394332438,0.3735536832655965,0.33067343429152873,0.3521135587785624,0.9465392501945022,90.85801394332438,algorithm_native_internal_best_so_far.v1,true
clean,dso,157,150,150,1.0,0.3735536832655965,0.33067343429152873,0.3521135587785624,0.9465392501945022,90.8821917208793,0.3735536832655965,0.33067343429152873,0.3521135587785624,0.9465392501945022,90.8821917208793,algorithm_native_internal_best_so_far.v1,true
clean,dso,158,150,150,1.0,0.3735536832655965,0.33067343429152873,0.3521135587785624,0.9465392501945022,90.9060634506171,0.3735536832655965,0.33067343429152873,0.3521135587785624,0.9465392501945022,90.9060634506171,algorithm_native_internal_best_so_far.v1,true
clean,dso,159,150,150,1.0,0.37355312557729853,0.33021255663147914,0.35188284110438856,0.9455327275224246,90.92900187389776,0.37355312557729853,0.33021255663147914,0.35188284110438856,0.9455327275224246,90.92900187389776,algorithm_native_internal_best_so_far.v1,true
clean,dso,160,150,150,1.0,0.37355312557729853,0.33021255663147914,0.35188284110438856,0.9455327275224246,90.95165356688742,0.37355312557729853,0.33021255663147914,0.35188284110438856,0.9455327275224246,90.95165356688742,algorithm_native_internal_best_so_far.v1,true
clean,dso,161,150,150,1.0,0.37355312557729853,0.33021255663147914,0.35188284110438856,0.9455327275224246,90.9740238723865,0.37355312557729853,0.33021255663147914,0.35188284110438856,0.9455327275224246,90.9740238723865,algorithm_native_internal_best_so_far.v1,true
clean,dso,162,150,150,1.0,0.3735832788712426,0.33021255663147914,0.35189791775136064,0.945618941130823,90.99617121955129,0.3735832788712426,0.33021255663147914,0.35189791775136064,0.945618941130823,90.99617121955129,algorithm_native_internal_best_so_far.v1,true
clean,dso,163,150,150,1.0,0.3736188489148367,0.3302488258543695,0.3519338373846029,0.9464486720138034,91.01855585747663,0.3736188489148367,0.3302488258543695,0.3519338373846029,0.9464486720138034,91.01855585747663,algorithm_native_internal_best_so_far.v1,true
clean,dso,164,150,150,1.0,0.3738995090773515,0.3303670499425027,0.3521332795099269,0.9472138822303403,91.04113410360806,0.3738995090773515,0.3303670499425027,0.3521332795099269,0.9472138822303403,91.04113410360806,algorithm_native_internal_best_so_far.v1,true
clean,dso,165,150,150,1.0,0.3738995090773515,0.3303670499425026,0.3521332795099269,0.9472138822303403,91.06343867402882,0.3738995090773515,0.3303670499425026,0.3521332795099269,0.9472138822303403,91.06343867402882,algorithm_native_internal_best_so_far.v1,true
clean,dso,166,150,150,1.0,0.37395516248430505,0.33049553369121404,0.3522253480877593,0.9476019828316623,91.08570831022844,0.37395516248430505,0.33049553369121404,0.3522253480877593,0.9476019828316623,91.08570831022844,algorithm_native_internal_best_so_far.v1,true
clean,dso,167,150,150,1.0,0.37397896060917624,0.33036073420683226,0.352169847408004,0.9472951772280273,91.10752752826781,0.37397896060917624,0.33036073420683226,0.352169847408004,0.9472951772280273,91.10752752826781,algorithm_native_internal_best_so_far.v1,true
clean,dso,168,150,150,1.0,0.37408225588207583,0.33036073424667345,0.35222149506437445,0.9474983366566937,91.12920792194284,0.37408225588207583,0.33036073424667345,0.35222149506437445,0.9474983366566937,91.12920792194284,algorithm_native_internal_best_so_far.v1,true
clean,dso,169,150,150,1.0,0.37420373105584875,0.3303376426240844,0.3522706868399664,0.9477910106977743,91.1508049228176,0.37420373105584875,0.3303376426240844,0.3522706868399664,0.9477910106977743,91.1508049228176,algorithm_native_internal_best_so_far.v1,true
clean,dso,170,150,150,1.0,0.37420373105584875,0.3303376426240844,0.3522706868399664,0.9477910106977743,91.17214784132914,0.37420373105584875,0.3303376426240844,0.3522706868399664,0.9477910106977743,91.17214784132914,algorithm_native_internal_best_so_far.v1,true
clean,dso,171,150,150,1.0,0.37420373105584875,0.3303376426240844,0.3522706868399664,0.9477910106977743,91.19324113506275,0.37420373105584875,0.3303376426240844,0.3522706868399664,0.9477910106977743,91.19324113506275,algorithm_native_internal_best_so_far.v1,true
clean,dso,172,150,150,1.0,0.37453208987866277,0.3295661263910208,0.3520491081348416,0.9472467404706587,91.21377272176045,0.37453208987866277,0.3295661263910208,0.3520491081348416,0.9472467404706587,91.21377272176045,algorithm_native_internal_best_so_far.v1,true
clean,dso,173,150,150,1.0,0.37454732373082805,0.3295485655423659,0.3520479446365968,0.9472399408104689,91.23406301863494,0.37454732373082805,0.3295485655423659,0.3520479446365968,0.9472399408104689,91.23406301863494,algorithm_native_internal_best_so_far.v1,true
clean,dso,174,150,150,1.0,0.37454732373082805,0.3295485655423659,0.3520479446365968,0.9472399408104689,91.25412009370628,0.37454732373082805,0.3295485655423659,0.3520479446365968,0.9472399408104689,91.25412009370628,algorithm_native_internal_best_so_far.v1,true
clean,dso,175,150,150,1.0,0.37454732373082805,0.3295485655423659,0.3520479446365968,0.9472399408104689,91.27394794506252,0.37454732373082805,0.3295485655423659,0.3520479446365968,0.9472399408104689,91.27394794506252,algorithm_native_internal_best_so_far.v1,true
clean,dso,176,150,150,1.0,0.374568188146889,0.32994131880761485,0.35225475347725177,0.9485954215784133,91.29432063945329,0.374568188146889,0.32994131880761485,0.35225475347725177,0.9485954215784133,91.29432063945329,algorithm_native_internal_best_so_far.v1,true
clean,dso,177,150,150,1.0,0.374568188146889,0.32994131880761485,0.35225475347725177,0.9485954215784133,91.31446313390747,0.374568188146889,0.32994131880761485,0.35225475347725177,0.9485954215784133,91.31446313390747,algorithm_native_internal_best_so_far.v1,true
clean,dso,178,150,150,1.0,0.3745924610615026,0.3297456985762413,0.35216907981887174,0.9481609761843676,91.33413523775313,0.3745924610615026,0.3297456985762413,0.35216907981887174,0.9481609761843676,91.33413523775313,algorithm_native_internal_best_so_far.v1,true
clean,dso,179,150,150,1.0,0.37458979348875876,0.32974658547993,0.3521681894843442,0.948155772934367,91.35358463471225,0.37458979348875876,0.32974658547993,0.3521681894843442,0.948155772934367,91.35358463471225,algorithm_native_internal_best_so_far.v1,true
clean,dso,180,150,150,1.0,0.37458979348875876,0.32974658547993,0.3521681894843442,0.948155772934367,91.37281792726073,0.37458979348875876,0.32974658547993,0.3521681894843442,0.948155772934367,91.37281792726073,algorithm_native_internal_best_so_far.v1,true
clean,e2esr,1,150,150,1.0,0.06536445179242278,0.06185973298990417,0.0636120923911635,0.4432928958935616,44.32928958935616,0.06536445179242278,0.06185973298990417,0.0636120923911635,0.4432928958935616,44.32928958935616,algorithm_native_internal_best_so_far.v1,true
clean,e2esr,2,150,150,1.0,0.07592981629592704,0.069663759612769,0.072796787954348,0.5383173453909909,49.08051206422762,0.07592981629592704,0.069663759612769,0.072796787954348,0.5383173453909909,49.08051206422762,algorithm_native_internal_best_so_far.v1,true
clean,e2esr,3,150,150,1.0,0.0780694618761939,0.07340466062378873,0.0757370612499913,0.5578647037649487,51.31583150165003,0.0780694618761939,0.07340466062378873,0.0757370612499913,0.5578647037649487,51.31583150165003,algorithm_native_internal_best_so_far.v1,true
clean,e2esr,4,150,150,1.0,0.07890159576510716,0.07481540932239947,0.07685850254375332,0.5683693857673395,52.696108270421014,0.07890159576510716,0.07481540932239947,0.07685850254375332,0.5683693857673395,52.696108270421014,algorithm_native_internal_best_so_far.v1,true
clean,e2esr,5,150,150,1.0,0.08149156700590329,0.07508325375154201,0.07828741037872265,0.5814171807163304,53.78523023066342,0.08149156700590329,0.07508325375154201,0.07828741037872265,0.5814171807163304,53.78523023066342,algorithm_native_internal_best_so_far.v1,true
clean,e2esr,6,150,150,1.0,0.08404298761239022,0.07700019007295106,0.0805215888426706,0.5919754638100296,54.68728292238668,0.08404298761239022,0.07700019007295106,0.0805215888426706,0.5919754638100296,54.68728292238668,algorithm_native_internal_best_so_far.v1,true
clean,e2esr,7,150,150,1.0,0.08518506241640417,0.07903538993566418,0.08211022617603417,0.6049566974459112,55.51705246841589,0.08518506241640417,0.07903538993566418,0.08211022617603417,0.6049566974459112,55.51705246841589,algorithm_native_internal_best_so_far.v1,true
clean,e2esr,8,150,150,1.0,0.08490907894259554,0.0788248884627858,0.08186698370269067,0.6034337131464877,56.12034232419499,0.08490907894259554,0.0788248884627858,0.08186698370269067,0.6034337131464877,56.12034232419499,algorithm_native_internal_best_so_far.v1,true
clean,e2esr,9,150,150,1.0,0.08672116142732006,0.07998522478866542,0.08335319310799276,0.6147070726906357,56.71482731806928,0.08672116142732006,0.07998522478866542,0.08335319310799276,0.6147070726906357,56.71482731806928,algorithm_native_internal_best_so_far.v1,true
clean,e2esr,10,150,150,1.0,0.08654274110686927,0.07986323346786378,0.08320298728736654,0.6094149481321249,57.1374940675836,0.08654274110686927,0.07986323346786378,0.08320298728736654,0.6094149481321249,57.1374940675836,algorithm_native_internal_best_so_far.v1,true
clean,e2esr,11,150,150,1.0,0.08645447799700658,0.0799000679022147,0.08317727294961064,0.6083122841796794,57.47328809943672,0.08645447799700658,0.0799000679022147,0.08317727294961064,0.6083122841796794,57.47328809943672,algorithm_native_internal_best_so_far.v1,true
clean,e2esr,12,150,150,1.0,0.08645662822001376,0.08034688229770073,0.08340175525885725,0.6071685361107726,57.74358522540677,0.08645662822001376,0.08034688229770073,0.08340175525885725,0.6071685361107726,57.74358522540677,algorithm_native_internal_best_so_far.v1,true
clean,e2esr,13,150,150,1.0,0.0864591487418761,0.08036569798452817,0.08341242336320218,0.6079908984939117,57.97862404263633,0.0864591487418761,0.08036569798452817,0.08341242336320218,0.6079908984939117,57.97862404263633,algorithm_native_internal_best_so_far.v1,true
clean,e2esr,14,150,150,1.0,0.08720133381045495,0.08110472436009276,0.08415302908527389,0.6129207536983573,58.2152991374363,0.08720133381045495,0.08110472436009276,0.08415302908527389,0.6129207536983573,58.2152991374363,algorithm_native_internal_best_so_far.v1,true
clean,e2esr,15,150,150,1.0,0.08725574309865217,0.08110472436009276,0.08418023372937247,0.619587420365024,58.46486199737403,0.08725574309865217,0.08110472436009276,0.08418023372937247,0.619587420365024,58.46486199737403,algorithm_native_internal_best_so_far.v1,true
clean,e2esr,16,150,150,1.0,0.08549696015316326,0.07964049640121229,0.0825687282771878,0.6075513769552151,58.60800422850825,0.08549696015316326,0.07964049640121229,0.0825687282771878,0.6075513769552151,58.60800422850825,algorithm_native_internal_best_so_far.v1,true
clean,e2esr,17,150,150,1.0,0.08624806117275623,0.08073599420880266,0.08349202769077947,0.617358285652802,58.79199389537718,0.08624806117275623,0.08073599420880266,0.08349202769077947,0.617358285652802,58.79199389537718,algorithm_native_internal_best_so_far.v1,true
clean,e2esr,18,150,150,1.0,0.08584254244944255,0.0799693809871815,0.08290596171831204,0.6087743215878072,58.90785157667738,0.08584254244944255,0.0799693809871815,0.08290596171831204,0.6087743215878072,58.90785157667738,algorithm_native_internal_best_so_far.v1,true
clean,e2esr,19,150,150,1.0,0.0856593821849681,0.07996620454464712,0.08281279336480767,0.6049681419945913,58.991481188402744,0.0856593821849681,0.07996620454464712,0.08281279336480767,0.6049681419945913,58.991481188402744,algorithm_native_internal_best_so_far.v1,true
clean,e2esr,20,150,150,1.0,0.08539820425308614,0.07976661977343545,0.08258241201326084,0.6027613283488755,59.05571377072698,0.08539820425308614,0.07976661977343545,0.08258241201326084,0.6027613283488755,59.05571377072698,algorithm_native_internal_best_so_far.v1,true
clean,e2esr,21,150,150,1.0,0.08422078984395304,0.07862396889509682,0.08142237936952497,0.5945585456926269,59.07476809446678,0.08422078984395304,0.07862396889509682,0.08142237936952497,0.5945585456926269,59.07476809446678,algorithm_native_internal_best_so_far.v1,true
clean,e2esr,22,150,150,1.0,0.08421763732288873,0.07864448828593948,0.08143106280441416,0.5946010312886322,59.092283323302986,0.08421763732288873,0.07864448828593948,0.08143106280441416,0.5946010312886322,59.092283323302986,algorithm_native_internal_best_so_far.v1,true
clean,e2esr,23,150,150,1.0,0.08421780926915495,0.07864383477451767,0.08143082202183635,0.594599515125395,59.108268896748044,0.08421780926915495,0.07864383477451767,0.08143082202183635,0.594599515125395,59.108268896748044,algorithm_native_internal_best_so_far.v1,true
clean,e2esr,24,150,150,1.0,0.08324936344378055,0.07802486716268353,0.08063711530323209,0.5873974900147623,59.09291390111173,0.08324936344378055,0.07802486716268353,0.08063711530323209,0.5873974900147623,59.09291390111173,algorithm_native_internal_best_so_far.v1,true
clean,e2esr,25,150,150,1.0,0.08321670934388602,0.07799724234295918,0.08060697584342262,0.586981278628532,59.077122459581375,0.08321670934388602,0.07799724234295918,0.08060697584342262,0.586981278628532,59.077122459581375,algorithm_native_internal_best_so_far.v1,true
clean,e2esr,26,150,150,1.0,0.08306793481957155,0.07795848854088704,0.08051321168022933,0.5864290821044775,59.06042191153778,0.08306793481957155,0.07795848854088704,0.08051321168022933,0.5864290821044775,59.06042191153778,algorithm_native_internal_best_so_far.v1,true
clean,e2esr,27,150,150,1.0,0.0830164617161451,0.077958839858078,0.08048765078711159,0.5797735034333988,59.02030814975267,0.0830164617161451,0.077958839858078,0.08048765078711159,0.5797735034333988,59.02030814975267,algorithm_native_internal_best_so_far.v1,true
clean,e2esr,28,150,150,1.0,0.08297769824429298,0.07791320275398278,0.08044545049913793,0.5795148003328042,58.98213571702153,0.08297769824429298,0.07791320275398278,0.08044545049913793,0.5795148003328042,58.98213571702153,algorithm_native_internal_best_so_far.v1,true
clean,e2esr,29,150,150,1.0,0.08264326883890166,0.07748181913986028,0.080062543989381,0.5759572299997396,58.93432838195093,0.08264326883890166,0.07748181913986028,0.080062543989381,0.5759572299997396,58.93432838195093,algorithm_native_internal_best_so_far.v1,true
clean,e2esr,30,150,150,1.0,0.08278608726849006,0.07765705647574858,0.08022157187211938,0.5810056398344549,58.90653623533408,0.08278608726849006,0.07765705647574858,0.08022157187211938,0.5810056398344549,58.90653623533408,algorithm_native_internal_best_so_far.v1,true
clean,e2esr,31,150,150,1.0,0.08275101964839332,0.0776187555573354,0.08018488760286442,0.5804754593455516,58.87882687079282,0.08275101964839332,0.0776187555573354,0.08018488760286442,0.5804754593455516,58.87882687079282,algorithm_native_internal_best_so_far.v1,true
clean,e2esr,32,150,150,1.0,0.08367349429567672,0.07755762792470164,0.08061556111018923,0.5868606552310014,58.872803078677414,0.08367349429567672,0.07755762792470164,0.08061556111018923,0.5868606552310014,58.872803078677414,algorithm_native_internal_best_so_far.v1,true
clean,e2esr,33,150,150,1.0,0.08435513721662541,0.07825736406144371,0.08130625063903461,0.5916214987200299,58.88157116332365,0.08435513721662541,0.07825736406144371,0.08130625063903461,0.5916214987200299,58.88157116332365,algorithm_native_internal_best_so_far.v1,true
clean,e2esr,34,150,150,1.0,0.08356582246962928,0.07758393304118026,0.08057487775540483,0.5938831699568523,58.89647545251076,0.08356582246962928,0.07758393304118026,0.08057487775540483,0.5938831699568523,58.89647545251076,algorithm_native_internal_best_so_far.v1,true
clean,e2esr,35,150,150,1.0,0.08352547565681595,0.07757424156007181,0.08054985860844392,0.5936991642599664,58.9100023374675,0.08352547565681595,0.07757424156007181,0.08054985860844392,0.5936991642599664,58.9100023374675,algorithm_native_internal_best_so_far.v1,true
clean,e2esr,36,150,150,1.0,0.08355019900638726,0.07758294860494545,0.08056657380566641,0.594023721309886,58.92367927617641,0.08355019900638726,0.07758294860494545,0.08056657380566641,0.594023721309886,58.92367927617641,algorithm_native_internal_best_so_far.v1,true
clean,e2esr,37,150,150,1.0,0.08359567678732704,0.07753668088133701,0.08056617883433209,0.5940596517816775,58.93671403028428,0.08359567678732704,0.07753668088133701,0.08056617883433209,0.5940596517816775,58.93671403028428,algorithm_native_internal_best_so_far.v1,true
clean,e2esr,38,150,150,1.0,0.08365237477710748,0.07759293841370714,0.08062265659540738,0.5943943915979372,58.94994363895559,0.08365237477710748,0.07759293841370714,0.08062265659540738,0.5943943915979372,58.94994363895559,algorithm_native_internal_best_so_far.v1,true
clean,e2esr,39,150,150,1.0,0.0836287633873203,0.07773286685598402,0.08068081512165219,0.5948985010956849,58.96378739461233,0.0836287633873203,0.07773286685598402,0.08068081512165219,0.5948985010956849,58.96378739461233,algorithm_native_internal_best_so_far.v1,true
clean,e2esr,40,150,150,1.0,0.08362854263551806,0.07737024079420574,0.08049939171486194,0.5937175582034239,58.973986605255575,0.08362854263551806,0.07737024079420574,0.08049939171486194,0.5937175582034239,58.973986605255575,algorithm_native_internal_best_so_far.v1,true
clean,e2esr,41,150,150,1.0,0.08360826794877357,0.07679880747687565,0.08020353771282465,0.5911305327761098,58.977378475313024,0.08360826794877357,0.07679880747687565,0.08020353771282465,0.5911305327761098,58.977378475313024,algorithm_native_internal_best_so_far.v1,true
clean,e2esr,42,150,150,1.0,0.08361905602297078,0.07679880747687565,0.08020893174992326,0.5912055238940019,58.980787378029376,0.08361905602297078,0.07679880747687565,0.08020893174992326,0.5912055238940019,58.980787378029376,algorithm_native_internal_best_so_far.v1,true
clean,e2esr,43,150,150,1.0,0.08359952785635505,0.07678230393544797,0.08019091589590156,0.5910642450135418,58.98370917159508,0.08359952785635505,0.07678230393544797,0.08019091589590156,0.5910642450135418,58.98370917159508,algorithm_native_internal_best_so_far.v1,true
clean,e2esr,44,150,150,1.0,0.08371279732152107,0.07673849257492288,0.08022564494822203,0.5911684697087628,58.98673503066964,0.08371279732152107,0.07673849257492288,0.08022564494822203,0.5911684697087628,58.98673503066964,algorithm_native_internal_best_so_far.v1,true
clean,e2esr,45,150,150,1.0,0.08377479207985028,0.07677044961603684,0.08027262084794361,0.5915391472520145,58.99045013499257,0.08377479207985028,0.07677044961603684,0.08027262084794361,0.5915391472520145,58.99045013499257,algorithm_native_internal_best_so_far.v1,true
clean,e2esr,46,150,150,1.0,0.08534804647612579,0.0778327634713651,0.0815904049737455,0.6042999661866095,59.02174462376797,0.08534804647612579,0.0778327634713651,0.0815904049737455,0.6042999661866095,59.02174462376797,algorithm_native_internal_best_so_far.v1,true
clean,e2esr,47,150,150,1.0,0.08534804647612579,0.0778327634713651,0.0815904049737455,0.6042999661866095,59.05170743216995,0.08534804647612579,0.0778327634713651,0.0815904049737455,0.6042999661866095,59.05170743216995,algorithm_native_internal_best_so_far.v1,true
clean,e2esr,48,150,150,1.0,0.08637994957591358,0.07771533211815981,0.08204764084703674,0.6106062530622907,59.093559887879515,0.08637994957591358,0.07771533211815981,0.08204764084703674,0.6106062530622907,59.093559887879515,algorithm_native_internal_best_so_far.v1,true
clean,e2esr,49,150,150,1.0,0.08646457662971609,0.07771533211815981,0.082089954373938,0.6172729197289574,59.147309522267605,0.08646457662971609,0.07771533211815981,0.082089954373938,0.6172729197289574,59.147309522267605,algorithm_native_internal_best_so_far.v1,true
clean,e2esr,50,150,150,1.0,0.0864231073345293,0.07771534870484455,0.08206922801968697,0.6169552100091039,59.19827375184045,0.0864231073345293,0.07771534870484455,0.08206922801968697,0.6169552100091039,59.19827375184045,algorithm_native_internal_best_so_far.v1,true
clean,e2esr,51,150,150,1.0,0.0864231073345293,0.07771534870484455,0.08206922801968697,0.6169552100091039,59.24723938417516,0.0864231073345293,0.07771534870484455,0.08206922801968697,0.6169552100091039,59.24723938417516,algorithm_native_internal_best_so_far.v1,true
clean,e2esr,52,150,150,1.0,0.08642677691274152,0.07771206358244627,0.08206942024759392,0.6169553434676641,59.2943219796096,0.08642677691274152,0.07771206358244627,0.08206942024759392,0.6169553434676641,59.2943219796096,algorithm_native_internal_best_so_far.v1,true
clean,e2esr,53,150,150,1.0,0.08645493516219126,0.07790011484795818,0.08217752500507475,0.6178652437703345,59.34134466635346,0.08645493516219126,0.07790011484795818,0.08217752500507475,0.6178652437703345,59.34134466635346,algorithm_native_internal_best_so_far.v1,true
clean,e2esr,54,150,150,1.0,0.08645493516219126,0.07790011484795818,0.08217752500507475,0.6178652437703345,59.38662577210678,0.08645493516219126,0.07790011484795818,0.08217752500507475,0.6178652437703345,59.38662577210678,algorithm_native_internal_best_so_far.v1,true
clean,e2esr,55,150,150,1.0,0.08645493516219126,0.07790011484795818,0.08217752500507475,0.6178652437703345,59.43026029219635,0.08645493516219126,0.07790011484795818,0.08217752500507475,0.6178652437703345,59.43026029219635,algorithm_native_internal_best_so_far.v1,true
clean,e2esr,56,150,150,1.0,0.08631763454405737,0.07790011484795818,0.08210887469600782,0.6108066355530195,59.45973177903752,0.08631763454405737,0.07790011484795818,0.08210887469600782,0.6108066355530195,59.45973177903752,algorithm_native_internal_best_so_far.v1,true
clean,e2esr,57,150,150,1.0,0.08634304288755762,0.07790652537440786,0.08212478413098277,0.6108829122832748,59.48830299744611,0.08634304288755762,0.07790652537440786,0.08212478413098277,0.6108829122832748,59.48830299744611,algorithm_native_internal_best_so_far.v1,true
clean,e2esr,58,150,150,1.0,0.08634304288755762,0.07790652537440786,0.08212478413098277,0.6108829122832748,59.51588900142683,0.08634304288755762,0.07790652537440786,0.08212478413098277,0.6108829122832748,59.51588900142683,algorithm_native_internal_best_so_far.v1,true
clean,e2esr,59,150,150,1.0,0.08634297334724388,0.07790652537440786,0.08212474936082588,0.6108824233701359,59.542539057962195,0.08634297334724388,0.07790652537440786,0.08212474936082588,0.6108824233701359,59.542539057962195,algorithm_native_internal_best_so_far.v1,true
clean,e2esr,60,150,150,1.0,0.08598180559596978,0.07776017721444135,0.08187099140520558,0.6046268055445335,59.55787474957038,0.08598180559596978,0.07776017721444135,0.08187099140520558,0.6046268055445335,59.55787474957038,algorithm_native_internal_best_so_far.v1,true
clean,e2esr,61,150,150,1.0,0.08599535723258749,0.07776017721444135,0.08187776722351445,0.6050096817742061,59.57333529756792,0.08599535723258749,0.07776017721444135,0.08187776722351445,0.6050096817742061,59.57333529756792,algorithm_native_internal_best_so_far.v1,true
clean,e2esr,62,150,150,1.0,0.08602432088533105,0.07773190250314561,0.08187811169423835,0.6050213303819044,59.58831590628764,0.08602432088533105,0.07773190250314561,0.08187811169423835,0.6050213303819044,59.58831590628764,algorithm_native_internal_best_so_far.v1,true
clean,e2esr,63,150,150,1.0,0.08602432088533105,0.07773190250314561,0.08187811169423835,0.6050213303819044,59.602820940127366,0.08602432088533105,0.07773190250314561,0.08187811169423835,0.6050213303819044,59.602820940127366,algorithm_native_internal_best_so_far.v1,true
clean,e2esr,64,150,150,1.0,0.086026559685983,0.07776344605613134,0.0818950028710572,0.6051009220066985,59.61699705357334,0.086026559685983,0.07776344605613134,0.0818950028710572,0.6051009220066985,59.61699705357334,algorithm_native_internal_best_so_far.v1,true
clean,e2esr,65,150,150,1.0,0.08619557107331256,0.07790309676004338,0.08204933391667803,0.6064522123385141,59.63281588711609,0.08619557107331256,0.07790309676004338,0.08204933391667803,0.6064522123385141,59.63281588711609,algorithm_native_internal_best_so_far.v1,true
clean,e2esr,66,150,150,1.0,0.08603415402013628,0.07793524823871567,0.08198470112942603,0.6058734061244354,59.64727838295438,0.08603415402013628,0.07793524823871567,0.08198470112942603,0.6058734061244354,59.64727838295438,algorithm_native_internal_best_so_far.v1,true
clean,e2esr,67,150,150,1.0,0.08600385048031266,0.07793352831934809,0.0819686893998304,0.6057964713514004,59.661194334479546,0.08600385048031266,0.07793352831934809,0.0819686893998304,0.6057964713514004,59.661194334479546,algorithm_native_internal_best_so_far.v1,true
clean,e2esr,68,150,150,1.0,0.086936096978901,0.07793352831934809,0.0824348126491246,0.6122577429147787,59.68420286325893,0.086936096978901,0.07793352831934809,0.0824348126491246,0.6122577429147787,59.68420286325893,algorithm_native_internal_best_so_far.v1,true
clean,e2esr,69,150,150,1.0,0.086936096978901,0.07793352831934809,0.0824348126491246,0.6122577429147787,59.70654447816065,0.086936096978901,0.07793352831934809,0.0824348126491246,0.6122577429147787,59.70654447816065,algorithm_native_internal_best_so_far.v1,true
clean,e2esr,70,150,150,1.0,0.086936096978901,0.07793352831934809,0.0824348126491246,0.6122577429147787,59.728247761208046,0.086936096978901,0.07793352831934809,0.0824348126491246,0.6122577429147787,59.728247761208046,algorithm_native_internal_best_so_far.v1,true
clean,e2esr,71,150,150,1.0,0.08682870406680747,0.07796945907781828,0.08239908157231292,0.6117486539919241,59.748622657517686,0.08682870406680747,0.07796945907781828,0.08239908157231292,0.6117486539919241,59.748622657517686,algorithm_native_internal_best_so_far.v1,true
clean,e2esr,72,150,150,1.0,0.08678618179679999,0.07777655716589947,0.08228136948134976,0.6107193484211799,59.7670019934149,0.08678618179679999,0.07777655716589947,0.08228136948134976,0.6107193484211799,59.7670019934149,algorithm_native_internal_best_so_far.v1,true
clean,e2esr,73,150,150,1.0,0.08679079772398957,0.07777655716589947,0.08228367744494455,0.6107543932735017,59.78492579250992,0.08679079772398957,0.07777655716589947,0.08228367744494455,0.6107543932735017,59.78492579250992,algorithm_native_internal_best_so_far.v1,true
clean,e2esr,74,150,150,1.0,0.08674897578382101,0.07774281389398209,0.0822458948389016,0.6105279517509613,59.80205916254486,0.08674897578382101,0.07774281389398209,0.0822458948389016,0.6105279517509613,59.80205916254486,algorithm_native_internal_best_so_far.v1,true
clean,e2esr,75,150,150,1.0,0.08674897578382101,0.07774281389398209,0.0822458948389016,0.6105279517509613,59.81873564271221,0.08674897578382101,0.07774281389398209,0.0822458948389016,0.6105279517509613,59.81873564271221,algorithm_native_internal_best_so_far.v1,true
clean,e2esr,76,150,150,1.0,0.0867487697870712,0.0776250450664091,0.08218690742674019,0.6101439923497413,59.834468058399864,0.0867487697870712,0.0776250450664091,0.08218690742674019,0.6101439923497413,59.834468058399864,algorithm_native_internal_best_so_far.v1,true
clean,e2esr,77,150,150,1.0,0.0867487697870712,0.0776250450664091,0.08218690742674019,0.6101439923497413,59.84979183991382,0.0867487697870712,0.0776250450664091,0.08218690742674019,0.6101439923497413,59.84979183991382,algorithm_native_internal_best_so_far.v1,true
clean,e2esr,78,150,150,1.0,0.08672397440179211,0.07764749854662431,0.08218573647420824,0.6101383541294607,59.86471547546551,0.08672397440179211,0.07764749854662431,0.08218573647420824,0.6101383541294607,59.86471547546551,algorithm_native_internal_best_so_far.v1,true
clean,e2esr,79,150,150,1.0,0.08672397440179211,0.07764749854662431,0.08218573647420824,0.6101383541294607,59.87926129745894,0.08672397440179211,0.07764749854662431,0.08218573647420824,0.6101383541294607,59.87926129745894,algorithm_native_internal_best_so_far.v1,true
clean,e2esr,80,150,150,1.0,0.08672397440179211,0.07764749854662431,0.08218573647420824,0.6101383541294607,59.89344347390253,0.08672397440179211,0.07764749854662431,0.08218573647420824,0.6101383541294607,59.89344347390253,algorithm_native_internal_best_so_far.v1,true
clean,e2esr,81,150,150,1.0,0.08672397440179211,0.07764749854662431,0.08218573647420824,0.6101383541294607,59.90727547314997,0.08672397440179211,0.07764749854662431,0.08218573647420824,0.6101383541294607,59.90727547314997,algorithm_native_internal_best_so_far.v1,true
clean,e2esr,82,150,150,1.0,0.08682083387067682,0.07762289922195997,0.08222186654631844,0.6103119541028831,59.92098181384678,0.08682083387067682,0.07762289922195997,0.08222186654631844,0.6103119541028831,59.92098181384678,algorithm_native_internal_best_so_far.v1,true
clean,e2esr,83,150,150,1.0,0.08682083387067682,0.07762289922195997,0.08222186654631844,0.6103119541028831,59.9343578812738,0.08682083387067682,0.07762289922195997,0.08222186654631844,0.6103119541028831,59.9343578812738,algorithm_native_internal_best_so_far.v1,true
clean,e2esr,84,150,150,1.0,0.08682083387067682,0.07762289922195997,0.08222186654631844,0.6103119541028831,59.94741547090492,0.08682083387067682,0.07762289922195997,0.08222186654631844,0.6103119541028831,59.94741547090492,algorithm_native_internal_best_so_far.v1,true
clean,e2esr,85,150,150,1.0,0.08682083387067682,0.07762289922195997,0.08222186654631844,0.6103119541028831,59.960165823132954,0.08682083387067682,0.07762289922195997,0.08222186654631844,0.6103119541028831,59.960165823132954,algorithm_native_internal_best_so_far.v1,true
clean,e2esr,86,150,150,1.0,0.08682083387067682,0.07762289922195997,0.08222186654631844,0.6103119541028831,59.972619655541735,0.08682083387067682,0.07762289922195997,0.08222186654631844,0.6103119541028831,59.972619655541735,algorithm_native_internal_best_so_far.v1,true
clean,e2esr,87,150,150,1.0,0.08682082428924218,0.07762290027993904,0.08222186228459065,0.6103119242728795,59.98478715866526,0.08682082428924218,0.07762290027993904,0.08222186228459065,0.6103119242728795,59.98478715866526,algorithm_native_internal_best_so_far.v1,true
clean,e2esr,88,150,150,1.0,0.08682082428924218,0.07762290027993904,0.08222186228459065,0.6103119242728795,59.99667812762687,0.08682082428924218,0.07762290027993904,0.08222186228459065,0.6103119242728795,59.99667812762687,algorithm_native_internal_best_so_far.v1,true
clean,e2esr,89,150,150,1.0,0.0866460492656807,0.07757148100287635,0.08210876513427857,0.6096357098545149,60.007542092321536,0.0866460492656807,0.07757148100287635,0.08210876513427857,0.6096357098545149,60.007542092321536,algorithm_native_internal_best_so_far.v1,true
clean,e2esr,90,150,150,1.0,0.0866460492656807,0.07757148100287635,0.08210876513427857,0.6096357098545149,60.018164635578536,0.0866460492656807,0.07757148100287635,0.08210876513427857,0.6096357098545149,60.018164635578536,algorithm_native_internal_best_so_far.v1,true
clean,e2esr,91,150,150,1.0,0.0866460492656807,0.07757148100287635,0.08210876513427857,0.6096357098545149,60.02855371634637,0.0866460492656807,0.07757148100287635,0.08210876513427857,0.6096357098545149,60.02855371634637,algorithm_native_internal_best_so_far.v1,true
clean,e2esr,92,150,150,1.0,0.0866460492656807,0.07757148100287635,0.08210876513427857,0.6096357098545149,60.0387169475323,0.0866460492656807,0.07757148100287635,0.08210876513427857,0.6096357098545149,60.0387169475323,algorithm_native_internal_best_so_far.v1,true
clean,e2esr,93,150,150,1.0,0.0866460492656807,0.07757148100287635,0.08210876513427857,0.6096357098545149,60.0486616146067,0.0866460492656807,0.07757148100287635,0.08210876513427857,0.6096357098545149,60.0486616146067,algorithm_native_internal_best_so_far.v1,true
clean,e2esr,94,150,150,1.0,0.0866460492656807,0.07757148100287635,0.08210876513427857,0.6096357098545149,60.05839469301995,0.0866460492656807,0.07757148100287635,0.08210876513427857,0.6096357098545149,60.05839469301995,algorithm_native_internal_best_so_far.v1,true
clean,e2esr,95,150,150,1.0,0.0866460492656807,0.07757148100287635,0.08210876513427857,0.6096357098545149,60.06792286451922,0.0866460492656807,0.07757148100287635,0.08210876513427857,0.6096357098545149,60.06792286451922,algorithm_native_internal_best_so_far.v1,true
clean,e2esr,96,150,150,1.0,0.08697566863320501,0.07799970217536015,0.0824876854042826,0.613157996968217,60.080921581522375,0.08697566863320501,0.07799970217536015,0.0824876854042826,0.613157996968217,60.080921581522375,algorithm_native_internal_best_so_far.v1,true
clean,e2esr,97,150,150,1.0,0.08697566863320501,0.07799970217536015,0.0824876854042826,0.613157996968217,60.09365228374196,0.08697566863320501,0.07799970217536015,0.0824876854042826,0.613157996968217,60.09365228374196,algorithm_native_internal_best_so_far.v1,true
clean,e2esr,98,150,150,1.0,0.08697566863320501,0.07799970217536015,0.0824876854042826,0.613157996968217,60.10612317571216,0.08697566863320501,0.07799970217536015,0.0824876854042826,0.613157996968217,60.10612317571216,algorithm_native_internal_best_so_far.v1,true
clean,e2esr,99,150,150,1.0,0.08719213216519613,0.07802257052990136,0.08260735134754875,0.6152651692574094,60.12047058732862,0.08719213216519613,0.07802257052990136,0.08260735134754875,0.6152651692574094,60.12047058732862,algorithm_native_internal_best_so_far.v1,true
clean,e2esr,100,150,150,1.0,0.08713945860086497,0.07802257052990136,0.08258101456538319,0.6148732277067627,60.134139109162085,0.08713945860086497,0.07802257052990136,0.08258101456538319,0.6148732277067627,60.134139109162085,algorithm_native_internal_best_so_far.v1,true
clean,e2esr,101,150,150,1.0,0.08713945860086497,0.07802257052990136,0.08258101456538319,0.6148732277067627,60.147536967196885,0.08713945860086497,0.07802257052990136,0.08258101456538319,0.6148732277067627,60.147536967196885,algorithm_native_internal_best_so_far.v1,true
clean,e2esr,102,150,150,1.0,0.08713945860086497,0.07802257052990136,0.08258101456538319,0.6148732277067627,60.16067212213295,0.08713945860086497,0.07802257052990136,0.08258101456538319,0.6148732277067627,60.16067212213295,algorithm_native_internal_best_so_far.v1,true
clean,e2esr,103,150,150,1.0,0.08712094861825354,0.07802257052990136,0.08257175957407747,0.6144534566543819,60.17314468080582,0.08712094861825354,0.07802257052990136,0.08257175957407747,0.6144534566543819,60.17314468080582,algorithm_native_internal_best_so_far.v1,true
clean,e2esr,104,150,150,1.0,0.08712094861825354,0.07802257052990136,0.08257175957407747,0.6144534566543819,60.18537738258113,0.08712094861825354,0.07802257052990136,0.08257175957407747,0.6144534566543819,60.18537738258113,algorithm_native_internal_best_so_far.v1,true
clean,e2esr,105,150,150,1.0,0.08712094861825354,0.07802257052990136,0.08257175957407747,0.6144534566543819,60.19737708051309,0.08712094861825354,0.07802257052990136,0.08257175957407747,0.6144534566543819,60.19737708051309,algorithm_native_internal_best_so_far.v1,true
clean,e2esr,106,150,150,1.0,0.08712094861825354,0.07802257052990136,0.08257175957407747,0.6144534566543819,60.20915036905013,0.08712094861825354,0.07802257052990136,0.08257175957407747,0.6144534566543819,60.20915036905013,algorithm_native_internal_best_so_far.v1,true
clean,e2esr,107,150,150,1.0,0.08708077908750197,0.07802257052990136,0.0825516748087017,0.6141518209562142,60.22042169359752,0.08708077908750197,0.07802257052990136,0.0825516748087017,0.6141518209562142,60.22042169359752,algorithm_native_internal_best_so_far.v1,true
clean,e2esr,108,150,150,1.0,0.08708077908750197,0.07802257052990136,0.0825516748087017,0.6141518209562142,60.231484289912544,0.08708077908750197,0.07802257052990136,0.0825516748087017,0.6141518209562142,60.231484289912544,algorithm_native_internal_best_so_far.v1,true
clean,e2esr,109,150,150,1.0,0.08708077908750197,0.07802257052990136,0.0825516748087017,0.6141518209562142,60.242343902808955,0.08708077908750197,0.07802257052990136,0.0825516748087017,0.6141518209562142,60.242343902808955,algorithm_native_internal_best_so_far.v1,true
clean,e2esr,110,150,150,1.0,0.08706206289703654,0.07800281767645714,0.08253244028674685,0.613265050293844,60.25219991305055,0.08706206289703654,0.07800281767645714,0.08253244028674685,0.613265050293844,60.25219991305055,algorithm_native_internal_best_so_far.v1,true
clean,e2esr,111,150,150,1.0,0.08706206289703654,0.07800281767645714,0.08253244028674685,0.613265050293844,60.261878337522035,0.08706206289703654,0.07800281767645714,0.08253244028674685,0.613265050293844,60.261878337522035,algorithm_native_internal_best_so_far.v1,true
clean,e2esr,112,150,150,1.0,0.08706220818538414,0.07808656183800793,0.08257438501169606,0.6135776054390323,60.27166300007901,0.08706220818538414,0.07808656183800793,0.08257438501169606,0.6135776054390323,60.27166300007901,algorithm_native_internal_best_so_far.v1,true
clean,e2esr,113,150,150,1.0,0.08706220818538414,0.07808656183800793,0.08257438501169606,0.6135776054390323,60.28127448276772,0.08706220818538414,0.07808656183800793,0.08257438501169606,0.6135776054390323,60.28127448276772,algorithm_native_internal_best_so_far.v1,true
clean,e2esr,114,150,150,1.0,0.08706220818538414,0.07808656183800793,0.08257438501169606,0.6135776054390323,60.290717342953116,0.08706220818538414,0.07808656183800793,0.08257438501169606,0.6135776054390323,60.290717342953116,algorithm_native_internal_best_so_far.v1,true
clean,e2esr,115,150,150,1.0,0.08706220818538414,0.07808656183800793,0.08257438501169606,0.6135776054390323,60.29999597948313,0.08706220818538414,0.07808656183800793,0.08257438501169606,0.6135776054390323,60.29999597948313,algorithm_native_internal_best_so_far.v1,true
clean,e2esr,116,150,150,1.0,0.08706220818538414,0.07808656183800793,0.08257438501169606,0.6135776054390323,60.30911463952123,0.08706220818538414,0.07808656183800793,0.08257438501169606,0.6135776054390323,60.30911463952123,algorithm_native_internal_best_so_far.v1,true
clean,e2esr,117,150,150,1.0,0.08620778975981444,0.07808656183800793,0.0821471757989112,0.6076557494870716,60.31301600968521,0.08620778975981444,0.07808656183800793,0.0821471757989112,0.6076557494870716,60.31301600968521,algorithm_native_internal_best_so_far.v1,true
clean,e2esr,118,150,150,1.0,0.08620778975981444,0.07808656183800793,0.0821471757989112,0.6076557494870716,60.31685125493115,0.08620778975981444,0.07808656183800793,0.0821471757989112,0.6076557494870716,60.31685125493115,algorithm_native_internal_best_so_far.v1,true
clean,e2esr,119,150,150,1.0,0.08620778975981444,0.07808656183800793,0.0821471757989112,0.6076557494870716,60.3206220422738,0.08620778975981444,0.07808656183800793,0.0821471757989112,0.6076557494870716,60.3206220422738,algorithm_native_internal_best_so_far.v1,true
clean,e2esr,120,150,150,1.0,0.08620778975981444,0.07808656183800793,0.0821471757989112,0.6076557494870716,60.32432998316074,0.08620778975981444,0.07808656183800793,0.0821471757989112,0.6076557494870716,60.32432998316074,algorithm_native_internal_best_so_far.v1,true
clean,e2esr,121,150,150,1.0,0.08620779032780365,0.0780865589372283,0.08214717463251599,0.6076557413302585,60.3279766290274,0.08620779032780365,0.0780865589372283,0.08214717463251599,0.6076557413302585,60.3279766290274,algorithm_native_internal_best_so_far.v1,true
clean,e2esr,122,150,150,1.0,0.08620779032780365,0.0780865589372283,0.08214717463251599,0.6076557413302585,60.33156349381427,0.08620779032780365,0.0780865589372283,0.08214717463251599,0.6076557413302585,60.33156349381427,algorithm_native_internal_best_so_far.v1,true
clean,e2esr,123,150,150,1.0,0.08620779032780365,0.0780865589372283,0.08214717463251599,0.6076557413302585,60.33509203559648,0.08620779032780365,0.0780865589372283,0.08214717463251599,0.6076557413302585,60.33509203559648,algorithm_native_internal_best_so_far.v1,true
clean,e2esr,124,150,150,1.0,0.08620779032780365,0.0780865589372283,0.08214717463251599,0.6076557413302585,60.33856366541447,0.08620779032780365,0.0780865589372283,0.08214717463251599,0.6076557413302585,60.33856366541447,algorithm_native_internal_best_so_far.v1,true
clean,e2esr,125,150,150,1.0,0.08620779032780365,0.0780865589372283,0.08214717463251599,0.6076557413302585,60.341979749155364,0.08620779032780365,0.0780865589372283,0.08214717463251599,0.6076557413302585,60.341979749155364,algorithm_native_internal_best_so_far.v1,true
clean,e2esr,126,150,150,1.0,0.08620779032780365,0.0780865589372283,0.08214717463251599,0.6076557413302585,60.345341609344814,0.08620779032780365,0.0780865589372283,0.08214717463251599,0.6076557413302585,60.345341609344814,algorithm_native_internal_best_so_far.v1,true
clean,e2esr,127,150,150,1.0,0.08624979650721697,0.07813144079366294,0.08219061865043996,0.6082750862104336,60.34913819998811,0.08624979650721697,0.07813144079366294,0.08219061865043996,0.6082750862104336,60.34913819998811,algorithm_native_internal_best_so_far.v1,true
clean,e2esr,128,150,150,1.0,0.08624665116878523,0.07812666413543319,0.08218665765210922,0.608179383126143,60.352800700868,0.08624665116878523,0.07812666413543319,0.08218665765210922,0.608179383126143,60.352800700868,algorithm_native_internal_best_so_far.v1,true
clean,e2esr,129,150,150,1.0,0.08624665116878523,0.07812666413543319,0.08218665765210922,0.608179383126143,60.35640641878852,0.08624665116878523,0.07812666413543319,0.08218665765210922,0.608179383126143,60.35640641878852,algorithm_native_internal_best_so_far.v1,true
clean,e2esr,130,150,150,1.0,0.08623851487551622,0.0781207238212934,0.08217961934840483,0.6080927420610027,60.35989001715246,0.08623851487551622,0.0781207238212934,0.08217961934840483,0.6080927420610027,60.35989001715246,algorithm_native_internal_best_so_far.v1,true
clean,e2esr,131,150,150,1.0,0.08623851487551622,0.0781207238212934,0.08217961934840483,0.6080927420610027,60.36332043080854,0.08623851487551622,0.0781207238212934,0.08217961934840483,0.6080927420610027,60.36332043080854,algorithm_native_internal_best_so_far.v1,true
clean,e2esr,132,150,150,1.0,0.08623851487551622,0.0781207238212934,0.08217961934840483,0.6080927420610027,60.36669886850015,0.08623851487551622,0.0781207238212934,0.08217961934840483,0.6080927420610027,60.36669886850015,algorithm_native_internal_best_so_far.v1,true
clean,e2esr,133,150,150,1.0,0.08623851487551622,0.0781207238212934,0.08217961934840483,0.6080927420610027,60.37002650261744,0.08623851487551622,0.0781207238212934,0.08217961934840483,0.6080927420610027,60.37002650261744,algorithm_native_internal_best_so_far.v1,true
clean,e2esr,134,150,150,1.0,0.08623851487551622,0.0781207238212934,0.08217961934840483,0.6080927420610027,60.37330447055388,0.08623851487551622,0.0781207238212934,0.08217961934840483,0.6080927420610027,60.37330447055388,algorithm_native_internal_best_so_far.v1,true
clean,e2esr,135,150,150,1.0,0.08623851487551622,0.0781207238212934,0.08217961934840483,0.6080927420610027,60.37653387600238,0.08623851487551622,0.0781207238212934,0.08217961934840483,0.6080927420610027,60.37653387600238,algorithm_native_internal_best_so_far.v1,true
clean,e2esr,136,150,150,1.0,0.08623851487551622,0.0781207238212934,0.08217961934840483,0.6080927420610027,60.37971579019427,0.08623851487551622,0.0781207238212934,0.08217961934840483,0.6080927420610027,60.37971579019427,algorithm_native_internal_best_so_far.v1,true
clean,e2esr,137,150,150,1.0,0.08623851487551622,0.0781207238212934,0.08217961934840483,0.6080927420610027,60.382851253084105,0.08623851487551622,0.0781207238212934,0.08217961934840483,0.6080927420610027,60.382851253084105,algorithm_native_internal_best_so_far.v1,true
clean,e2esr,138,150,150,1.0,0.08623956127915056,0.07811850951796669,0.08217903539855864,0.6080897379420055,60.38593909758495,0.08623956127915056,0.07811850951796669,0.08217903539855864,0.6080897379420055,60.38593909758495,algorithm_native_internal_best_so_far.v1,true
clean,e2esr,139,150,150,1.0,0.08623956127915056,0.07811850951796669,0.08217903539855864,0.6080897379420055,60.38898251266852,0.08623956127915056,0.07811850951796669,0.08217903539855864,0.6080897379420055,60.38898251266852,algorithm_native_internal_best_so_far.v1,true
clean,e2esr,140,150,150,1.0,0.08725165520503866,0.07895248081664007,0.0831020680108394,0.6147564046086722,60.39674435515565,0.08725165520503866,0.07895248081664007,0.0831020680108394,0.6147564046086722,60.39674435515565,algorithm_native_internal_best_so_far.v1,true
clean,e2esr,141,150,150,1.0,0.08725141983235517,0.07899181938296533,0.08312161960766028,0.6148836721961708,60.40448636128659,0.08725141983235517,0.07899181938296533,0.08312161960766028,0.6148836721961708,60.40448636128659,algorithm_native_internal_best_so_far.v1,true
clean,e2esr,142,150,150,1.0,0.08725141983235517,0.07899181938296533,0.08312161960766028,0.6148836721961708,60.41211932507763,0.08725141983235517,0.07899181938296533,0.08312161960766028,0.6148836721961708,60.41211932507763,algorithm_native_internal_best_so_far.v1,true
clean,e2esr,143,150,150,1.0,0.08730123517705979,0.07899181938296533,0.0831465272800126,0.6152543458670615,60.41990474648763,0.08730123517705979,0.07899181938296533,0.0831465272800126,0.6152543458670615,60.41990474648763,algorithm_native_internal_best_so_far.v1,true
clean,e2esr,144,150,150,1.0,0.08730123517705979,0.07899181938296533,0.0831465272800126,0.6152543458670615,60.427582037044694,0.08730123517705979,0.07899181938296533,0.0831465272800126,0.6152543458670615,60.427582037044694,algorithm_native_internal_best_so_far.v1,true
clean,e2esr,145,150,150,1.0,0.08730123517705979,0.07899181938296533,0.0831465272800126,0.6152543458670615,60.43515343393891,0.08730123517705979,0.07899181938296533,0.0831465272800126,0.6152543458670615,60.43515343393891,algorithm_native_internal_best_so_far.v1,true
clean,e2esr,146,150,150,1.0,0.08737321021986665,0.0790051185170462,0.08318916436845644,0.6154736915663838,60.44277134984781,0.08737321021986665,0.0790051185170462,0.08318916436845644,0.6154736915663838,60.44277134984781,algorithm_native_internal_best_so_far.v1,true
clean,e2esr,147,150,150,1.0,0.08737321021986665,0.0790051185170462,0.08318916436845644,0.6154736915663838,60.450285620642305,0.08737321021986665,0.0790051185170462,0.08318916436845644,0.6154736915663838,60.450285620642305,algorithm_native_internal_best_so_far.v1,true
clean,e2esr,148,150,150,1.0,0.08737321021986665,0.0790051185170462,0.08318916436845644,0.6154736915663838,60.45769834723686,0.08737321021986665,0.0790051185170462,0.08318916436845644,0.6154736915663838,60.45769834723686,algorithm_native_internal_best_so_far.v1,true
clean,e2esr,149,150,150,1.0,0.08736859429267706,0.0790051185170462,0.08318685640486165,0.6154386467140619,60.46498805411049,0.08736859429267706,0.0790051185170462,0.08318685640486165,0.6154386467140619,60.46498805411049,algorithm_native_internal_best_so_far.v1,true
clean,e2esr,150,150,150,1.0,0.08736859429267706,0.0790051185170462,0.08318685640486165,0.6154386467140619,60.47218056489247,0.08736859429267706,0.0790051185170462,0.08318685640486165,0.6154386467140619,60.47218056489247,algorithm_native_internal_best_so_far.v1,true
clean,e2esr,151,150,150,1.0,0.08727076272444859,0.07896152684279119,0.08311614478361992,0.6148920847265489,60.47891584904983,0.08727076272444859,0.07896152684279119,0.08311614478361992,0.6148920847265489,60.47891584904983,algorithm_native_internal_best_so_far.v1,true
clean,e2esr,152,150,150,1.0,0.08727465196775207,0.07895622570956663,0.08311543883865936,0.6148978303105849,60.485566291036726,0.08727465196775207,0.07895622570956663,0.08311543883865936,0.6148978303105849,60.485566291036726,algorithm_native_internal_best_so_far.v1,true
clean,e2esr,153,150,150,1.0,0.08727465196775207,0.07895622570956663,0.08311543883865936,0.6148978303105849,60.492129799141445,0.08727465196775207,0.07895622570956663,0.08311543883865936,0.6148978303105849,60.492129799141445,algorithm_native_internal_best_so_far.v1,true
clean,e2esr,154,150,150,1.0,0.08727465196775207,0.07895622570956663,0.08311543883865936,0.6148978303105849,60.49860806688116,0.08727465196775207,0.07895622570956663,0.08311543883865936,0.6148978303105849,60.49860806688116,algorithm_native_internal_best_so_far.v1,true
clean,e2esr,155,150,150,1.0,0.08727455587520123,0.07895622570956663,0.08311539079238398,0.614897154718139,60.5050023082033,0.08727455587520123,0.07895622570956663,0.08311539079238398,0.614897154718139,60.5050023082033,algorithm_native_internal_best_so_far.v1,true
clean,e2esr,156,150,150,1.0,0.08727455587520123,0.07895622570956663,0.08311539079238398,0.614897154718139,60.51131457207261,0.08727455587520123,0.07895622570956663,0.08311539079238398,0.614897154718139,60.51131457207261,algorithm_native_internal_best_so_far.v1,true
clean,e2esr,157,150,150,1.0,0.08727455587520123,0.07895622570956663,0.08311539079238398,0.614897154718139,60.517546424937194,0.08727455587520123,0.07895622570956663,0.08311539079238398,0.614897154718139,60.517546424937194,algorithm_native_internal_best_so_far.v1,true
clean,e2esr,158,150,150,1.0,0.08727455587520123,0.07895622570956663,0.08311539079238398,0.614897154718139,60.523699393588316,0.08727455587520123,0.07895622570956663,0.08311539079238398,0.614897154718139,60.523699393588316,algorithm_native_internal_best_so_far.v1,true
clean,e2esr,159,150,150,1.0,0.08727455587520123,0.07895622570956663,0.08311539079238398,0.614897154718139,60.52977496640734,0.08727455587520123,0.07895622570956663,0.08311539079238398,0.614897154718139,60.52977496640734,algorithm_native_internal_best_so_far.v1,true
clean,e2esr,160,150,150,1.0,0.08727455587520123,0.07895622570956663,0.08311539079238398,0.614897154718139,60.535774594566135,0.08727455587520123,0.07895622570956663,0.08311539079238398,0.614897154718139,60.535774594566135,algorithm_native_internal_best_so_far.v1,true
clean,e2esr,161,150,150,1.0,0.08727455587520123,0.07895622570956663,0.08311539079238398,0.614897154718139,60.54169969318257,0.08727455587520123,0.07895622570956663,0.08311539079238398,0.614897154718139,60.54169969318257,algorithm_native_internal_best_so_far.v1,true
clean,e2esr,162,150,150,1.0,0.08727455587520123,0.07895622570956663,0.08311539079238398,0.614897154718139,60.547551642433376,0.08727455587520123,0.07895622570956663,0.08311539079238398,0.614897154718139,60.547551642433376,algorithm_native_internal_best_so_far.v1,true
clean,e2esr,163,150,150,1.0,0.08727455587520123,0.07895622570956663,0.08311539079238398,0.614897154718139,60.553331788625904,0.08727455587520123,0.07895622570956663,0.08311539079238398,0.614897154718139,60.553331788625904,algorithm_native_internal_best_so_far.v1,true
clean,e2esr,164,150,150,1.0,0.08727455587520123,0.07895622570956663,0.08311539079238398,0.614897154718139,60.5590414452307,0.08727455587520123,0.07895622570956663,0.08311539079238398,0.614897154718139,60.5590414452307,algorithm_native_internal_best_so_far.v1,true
clean,e2esr,165,150,150,1.0,0.08727455587520123,0.07895622570956663,0.08311539079238398,0.614897154718139,60.56468189387666,0.08727455587520123,0.07895622570956663,0.08311539079238398,0.614897154718139,60.56468189387666,algorithm_native_internal_best_so_far.v1,true
clean,e2esr,166,150,150,1.0,0.08727455587520123,0.07895622570956663,0.08311539079238398,0.614897154718139,60.570254385310015,0.08727455587520123,0.07895622570956663,0.08311539079238398,0.614897154718139,60.570254385310015,algorithm_native_internal_best_so_far.v1,true
clean,e2esr,167,150,150,1.0,0.08727455587520123,0.07895622570956663,0.08311539079238398,0.614897154718139,60.57576014031902,0.08727455587520123,0.07895622570956663,0.08311539079238398,0.614897154718139,60.57576014031902,algorithm_native_internal_best_so_far.v1,true
clean,e2esr,168,150,150,1.0,0.08727455587520123,0.07895622570956663,0.08311539079238398,0.614897154718139,60.58120035062554,0.08727455587520123,0.07895622570956663,0.08311539079238398,0.614897154718139,60.58120035062554,algorithm_native_internal_best_so_far.v1,true
clean,e2esr,169,150,150,1.0,0.08746816354008767,0.0788771352386479,0.08317264938936782,0.6179127938510193,60.58836058159877,0.08746816354008767,0.0788771352386479,0.08317264938936782,0.6179127938510193,60.58836058159877,algorithm_native_internal_best_so_far.v1,true
clean,e2esr,170,150,150,1.0,0.08746816354008767,0.0788771352386479,0.08317264938936782,0.6179127938510193,60.59543657456055,0.08746816354008767,0.0788771352386479,0.08317264938936782,0.6179127938510193,60.59543657456055,algorithm_native_internal_best_so_far.v1,true
clean,e2esr,171,150,150,1.0,0.08746605768166583,0.07887928311541414,0.08317267039854001,0.6179129355693278,60.60242989024694,0.08746605768166583,0.07887928311541414,0.08317267039854001,0.6179129355693278,60.60242989024694,algorithm_native_internal_best_so_far.v1,true
clean,e2esr,172,150,150,1.0,0.08746605768166583,0.07887928311541414,0.08317267039854001,0.6179129355693278,60.609341888309054,0.08746605768166583,0.07887928311541414,0.08317267039854001,0.6179129355693278,60.609341888309054,algorithm_native_internal_best_so_far.v1,true
clean,e2esr,173,150,150,1.0,0.08746605768166583,0.07887928311541414,0.08317267039854001,0.6179129355693278,60.61617397887913,0.08746605768166583,0.07887928311541414,0.08317267039854001,0.6179129355693278,60.61617397887913,algorithm_native_internal_best_so_far.v1,true
clean,e2esr,174,150,150,1.0,0.08746605768166583,0.07887928311541414,0.08317267039854001,0.6179129355693278,60.62292753967254,0.08746605768166583,0.07887928311541414,0.08317267039854001,0.6179129355693278,60.62292753967254,algorithm_native_internal_best_so_far.v1,true
clean,e2esr,175,150,150,1.0,0.08746608003999204,0.0788792802991787,0.0831726801695854,0.61791300396184,60.62960395599547,0.08746608003999204,0.0788792802991787,0.0831726801695854,0.61791300396184,60.62960395599547,algorithm_native_internal_best_so_far.v1,true
clean,e2esr,176,150,150,1.0,0.08746608003999204,0.0788792802991787,0.0831726801695854,0.61791300396184,60.636204503951085,0.08746608003999204,0.0788792802991787,0.0831726801695854,0.61791300396184,60.636204503951085,algorithm_native_internal_best_so_far.v1,true
clean,e2esr,177,150,150,1.0,0.08746608003999204,0.0788792802991787,0.0831726801695854,0.61791300396184,60.642730469443926,0.08746608003999204,0.0788792802991787,0.0831726801695854,0.61791300396184,60.642730469443926,algorithm_native_internal_best_so_far.v1,true
clean,e2esr,178,150,150,1.0,0.08746608003999204,0.0788792802991787,0.0831726801695854,0.61791300396184,60.649183109481804,0.08746608003999204,0.0788792802991787,0.0831726801695854,0.61791300396184,60.649183109481804,algorithm_native_internal_best_so_far.v1,true
clean,e2esr,179,150,150,1.0,0.08746608003999204,0.0788792802991787,0.0831726801695854,0.61791300396184,60.655563652982934,0.08746608003999204,0.0788792802991787,0.0831726801695854,0.61791300396184,60.655563652982934,algorithm_native_internal_best_so_far.v1,true
clean,e2esr,180,150,150,1.0,0.08746608003999204,0.0788792802991787,0.0831726801695854,0.61791300396184,60.66187330155627,0.08746608003999204,0.0788792802991787,0.0831726801695854,0.61791300396184,60.66187330155627,algorithm_native_internal_best_so_far.v1,true
clean,fepysr,1,150,150,1.0,0.1601880182977842,0.12730194435977604,0.14374498132878025,0.5438363431927346,54.383634319273455,0.1601880182977842,0.12730194435977604,0.14374498132878025,0.5438363431927346,54.383634319273455,algorithm_native_internal_best_so_far.v1,true
clean,fepysr,2,150,150,1.0,0.1700966709808218,0.1373819417631633,0.1537393063719926,0.5538306682359468,54.88335057143408,0.1700966709808218,0.1373819417631633,0.1537393063719926,0.5538306682359468,54.88335057143408,algorithm_native_internal_best_so_far.v1,true
clean,fepysr,3,150,150,1.0,0.18813522109623734,0.1530385567829863,0.1705868889396119,0.5729975154121387,55.68881756136068,0.18813522109623734,0.1530385567829863,0.1705868889396119,0.5729975154121387,55.68881756136068,algorithm_native_internal_best_so_far.v1,true
clean,fepysr,4,150,150,1.0,0.20138525352831627,0.1589404912237269,0.18016287237602158,0.6019133525245433,56.814446984134094,0.20138525352831627,0.1589404912237269,0.18016287237602158,0.6019133525245433,56.814446984134094,algorithm_native_internal_best_so_far.v1,true
clean,fepysr,5,150,150,1.0,0.21972828515273796,0.17804210348899904,0.19888519432086835,0.6357968700193136,58.167494987693544,0.21972828515273796,0.17804210348899904,0.19888519432086835,0.6357968700193136,58.167494987693544,algorithm_native_internal_best_so_far.v1,true
clean,fepysr,6,150,150,1.0,0.24913372138370102,0.20494747155700022,0.22704059647035058,0.6969728190047905,60.08912613982446,0.24913372138370102,0.20494747155700022,0.22704059647035058,0.6969728190047905,60.08912613982446,algorithm_native_internal_best_so_far.v1,true
clean,fepysr,7,150,150,1.0,0.2611195814330343,0.2165315901801773,0.23882558580660568,0.7182011795155194,61.76498211292839,0.2611195814330343,0.2165315901801773,0.23882558580660568,0.7182011795155194,61.76498211292839,algorithm_native_internal_best_so_far.v1,true
clean,fepysr,8,150,150,1.0,0.26886453044154857,0.2228592070671893,0.24586186875436872,0.728809393218388,63.15447676404218,0.26886453044154857,0.2228592070671893,0.24586186875436872,0.728809393218388,63.15447676404218,algorithm_native_internal_best_so_far.v1,true
clean,fepysr,9,150,150,1.0,0.27533239602161924,0.23027893083108442,0.2528056634263517,0.7383794382697396,64.34152865992348,0.27533239602161924,0.23027893083108442,0.2528056634263517,0.7383794382697396,64.34152865992348,algorithm_native_internal_best_so_far.v1,true
clean,fepysr,10,150,150,1.0,0.2852587914160332,0.23766437531774598,0.2614615833668897,0.7506480775360089,65.41385656929123,0.2852587914160332,0.23766437531774598,0.2614615833668897,0.7506480775360089,65.41385656929123,algorithm_native_internal_best_so_far.v1,true
clean,fepysr,11,150,150,1.0,0.28725138314912013,0.23873788294021528,0.26299463304466775,0.7551256824647982,66.33192126721745,0.28725138314912013,0.23873788294021528,0.26299463304466775,0.7551256824647982,66.33192126721745,algorithm_native_internal_best_so_far.v1,true
clean,fepysr,12,150,150,1.0,0.28943461978112645,0.2406492289935271,0.2650419243873267,0.7587052397734677,67.12680482639492,0.28943461978112645,0.2406492289935271,0.2650419243873267,0.7587052397734677,67.12680482639492,algorithm_native_internal_best_so_far.v1,true
clean,fepysr,13,150,150,1.0,0.29105534488804374,0.2420647395387507,0.26656004221339724,0.7608551533634359,67.81593640408326,0.29105534488804374,0.2420647395387507,0.26656004221339724,0.7608551533634359,67.81593640408326,algorithm_native_internal_best_so_far.v1,true
clean,fepysr,14,150,150,1.0,0.2912751605662483,0.24196094187636555,0.26661805122130694,0.7611172378093605,68.40849264528704,0.2912751605662483,0.24196094187636555,0.26661805122130694,0.7611172378093605,68.40849264528704,algorithm_native_internal_best_so_far.v1,true
clean,fepysr,15,150,150,1.0,0.2953998252977153,0.24416966025849732,0.2697847427781063,0.7668973742803042,68.96057563080326,0.2953998252977153,0.24416966025849732,0.2697847427781063,0.7668973742803042,68.96057563080326,algorithm_native_internal_best_so_far.v1,true
clean,fepysr,16,150,150,1.0,0.29838167045931563,0.24615151920276238,0.27226659483103904,0.7758052714770713,69.49932260060976,0.29838167045931563,0.24615151920276238,0.27226659483103904,0.7758052714770713,69.49932260060976,algorithm_native_internal_best_so_far.v1,true
clean,fepysr,17,150,150,1.0,0.2992411081873029,0.2473396118839245,0.2732903600356138,0.7785761138553212,69.99098664678165,0.2992411081873029,0.2473396118839245,0.2732903600356138,0.7785761138553212,69.99098664678165,algorithm_native_internal_best_so_far.v1,true
clean,fepysr,18,150,150,1.0,0.3082015561242255,0.25378598102747013,0.28099376857584796,0.7890293436897337,70.4860948535701,0.3082015561242255,0.25378598102747013,0.28099376857584796,0.7890293436897337,70.4860948535701,algorithm_native_internal_best_so_far.v1,true
clean,fepysr,19,150,150,1.0,0.3091444953157974,0.2561588222354141,0.2826516587756059,0.7952297124173261,70.96171992663128,0.3091444953157974,0.2561588222354141,0.2826516587756059,0.7952297124173261,70.96171992663128,algorithm_native_internal_best_so_far.v1,true
clean,fepysr,20,150,150,1.0,0.3176766753202921,0.26541767202133976,0.2915471736708161,0.8103102907527583,71.4651853840635,0.3176766753202921,0.26541767202133976,0.2915471736708161,0.8103102907527583,71.4651853840635,algorithm_native_internal_best_so_far.v1,true
clean,fepysr,21,150,150,1.0,0.3177943047467879,0.26545292028486106,0.29162361251582464,0.8106666974116655,71.92239892487794,0.3177943047467879,0.26545292028486106,0.29162361251582464,0.8106666974116655,71.92239892487794,algorithm_native_internal_best_so_far.v1,true
clean,fepysr,22,150,150,1.0,0.32641418862432076,0.27629366921461773,0.3013539289194693,0.822063399159536,72.38985078810865,0.32641418862432076,0.27629366921461773,0.3013539289194693,0.822063399159536,72.38985078810865,algorithm_native_internal_best_so_far.v1,true
clean,fepysr,23,150,150,1.0,0.3330442693138421,0.2831304566037736,0.30808736295880784,0.8255411978990185,72.83177552731705,0.3330442693138421,0.2831304566037736,0.30808736295880784,0.8255411978990185,72.83177552731705,algorithm_native_internal_best_so_far.v1,true
clean,fepysr,24,150,150,1.0,0.3341690227738678,0.2841709061699252,0.3091699644718965,0.8270072953385454,73.24298194425612,0.3341690227738678,0.2841709061699252,0.3091699644718965,0.8270072953385454,73.24298194425612,algorithm_native_internal_best_so_far.v1,true
clean,fepysr,25,150,150,1.0,0.3364814020238614,0.2865872139312,0.31153430797753073,0.8302938345833956,73.63443800481946,0.3364814020238614,0.2865872139312,0.31153430797753073,0.8302938345833956,73.63443800481946,algorithm_native_internal_best_so_far.v1,true
clean,fepysr,26,150,150,1.0,0.33656454877672165,0.28681190878899687,0.31168822878285934,0.8311936629660209,73.9992429391188,0.33656454877672165,0.28681190878899687,0.31168822878285934,0.8311936629660209,73.9992429391188,algorithm_native_internal_best_so_far.v1,true
clean,fepysr,27,150,150,1.0,0.3372045487082485,0.28595056426313453,0.3115775564856916,0.8316018404110131,74.33853705400705,0.3372045487082485,0.28595056426313453,0.3115775564856916,0.8316018404110131,74.33853705400705,algorithm_native_internal_best_so_far.v1,true
clean,fepysr,28,150,150,1.0,0.33773946353742673,0.28663901519267276,0.3121892393650498,0.8327121721371876,74.65756134542532,0.33773946353742673,0.28663901519267276,0.3121892393650498,0.8327121721371876,74.65756134542532,algorithm_native_internal_best_so_far.v1,true
clean,fepysr,29,150,150,1.0,0.33790444240615386,0.28678047398547063,0.3123424581958123,0.8335750067872388,74.9575592534701,0.33790444240615386,0.28678047398547063,0.3123424581958123,0.8335750067872388,74.9575592534701,algorithm_native_internal_best_so_far.v1,true
clean,fepysr,30,150,150,1.0,0.35066064345742004,0.2979515759524419,0.3243061097049311,0.8488643985666697,75.28852194024333,0.35066064345742004,0.2979515759524419,0.3243061097049311,0.8488643985666697,75.28852194024333,algorithm_native_internal_best_so_far.v1,true
clean,fepysr,31,150,150,1.0,0.35066064345742004,0.2979515759524419,0.3243061097049311,0.8488643985666697,75.59813219561183,0.35066064345742004,0.2979515759524419,0.3243061097049311,0.8488643985666697,75.59813219561183,algorithm_native_internal_best_so_far.v1,true
clean,fepysr,32,150,150,1.0,0.35091689298876866,0.2979515759524419,0.3244342344706054,0.8493276314453614,75.88983941276571,0.35091689298876866,0.2979515759524419,0.3244342344706054,0.8493276314453614,75.88983941276571,algorithm_native_internal_best_so_far.v1,true
clean,fepysr,33,150,150,1.0,0.3509659719272781,0.29891874670985696,0.3249423593185677,0.8509404423477422,76.16875471040233,0.3509659719272781,0.29891874670985696,0.3249423593185677,0.8509404423477422,76.16875471040233,algorithm_native_internal_best_so_far.v1,true
clean,fepysr,34,150,150,1.0,0.35800549394163717,0.306127031792215,0.3320662628669262,0.8584101748178047,76.45323302720759,0.35800549394163717,0.306127031792215,0.3320662628669262,0.8584101748178047,76.45323302720759,algorithm_native_internal_best_so_far.v1,true
clean,fepysr,35,150,150,1.0,0.36164373813409734,0.3097949026723753,0.33571932040323643,0.8640968619918569,76.73770311783552,0.36164373813409734,0.3097949026723753,0.33571932040323643,0.8640968619918569,76.73770311783552,algorithm_native_internal_best_so_far.v1,true
clean,fepysr,36,150,150,1.0,0.3620557494209699,0.3100957918211915,0.3360757706210808,0.8645247883042333,77.00755799874075,0.3620557494209699,0.3100957918211915,0.3360757706210808,0.8645247883042333,77.00755799874075,algorithm_native_internal_best_so_far.v1,true
clean,fepysr,37,150,150,1.0,0.36243504976005975,0.3111044046932291,0.3367697272266445,0.866531363275021,77.26824930492349,0.36243504976005975,0.3111044046932291,0.3367697272266445,0.866531363275021,77.26824930492349,algorithm_native_internal_best_so_far.v1,true
clean,fepysr,38,150,150,1.0,0.3634479494075876,0.31212372741539374,0.33778583841149074,0.8685722648555232,77.52059080967688,0.3634479494075876,0.31212372741539374,0.33778583841149074,0.8685722648555232,77.52059080967688,algorithm_native_internal_best_so_far.v1,true
clean,fepysr,39,150,150,1.0,0.3629858456255928,0.31218950533371714,0.33758767547965507,0.8678364966854323,77.7581051393914,0.3629858456255928,0.31218950533371714,0.33758767547965507,0.8678364966854323,77.7581051393914,algorithm_native_internal_best_so_far.v1,true
clean,fepysr,40,150,150,1.0,0.36513809976662337,0.31461003695173606,0.33987406835917994,0.8702675190543435,77.98982130854247,0.36513809976662337,0.31461003695173606,0.33987406835917994,0.8702675190543435,77.98982130854247,algorithm_native_internal_best_so_far.v1,true
clean,fepysr,41,150,150,1.0,0.36534409748374114,0.31481951409687736,0.3400818057903094,0.8708193985843802,78.21158029756431,0.36534409748374114,0.31481951409687736,0.3400818057903094,0.8708193985843802,78.21158029756431,algorithm_native_internal_best_so_far.v1,true
clean,fepysr,42,150,150,1.0,0.3658401366875308,0.31519249372657826,0.3405163152070546,0.8723668670842252,78.42646378353713,0.3658401366875308,0.31519249372657826,0.3405163152070546,0.8723668670842252,78.42646378353713,algorithm_native_internal_best_so_far.v1,true
clean,fepysr,43,150,150,1.0,0.3655359530175757,0.315117360702699,0.3403266568601374,0.876750991776213,78.6415483275856,0.3655359530175757,0.315117360702699,0.3403266568601374,0.876750991776213,78.6415483275856,algorithm_native_internal_best_so_far.v1,true
clean,fepysr,44,150,150,1.0,0.3655660627485403,0.31506509637391256,0.3403155795612265,0.8768140096298115,78.84699952384459,0.3655660627485403,0.31506509637391256,0.3403155795612265,0.8768140096298115,78.84699952384459,algorithm_native_internal_best_so_far.v1,true
clean,fepysr,45,150,150,1.0,0.37118622758497427,0.3209328330020138,0.3460595302934941,0.8825579603620791,79.05608389078598,0.37118622758497427,0.3209328330020138,0.3460595302934941,0.8825579603620791,79.05608389078598,algorithm_native_internal_best_so_far.v1,true
clean,fepysr,46,150,150,1.0,0.3713312232406546,0.3209662137835506,0.34614871851210266,0.8828318954045937,79.25667314403975,0.3713312232406546,0.3209662137835506,0.34614871851210266,0.8828318954045937,79.25667314403975,algorithm_native_internal_best_so_far.v1,true
clean,fepysr,47,150,150,1.0,0.3716889028932587,0.32091553982202575,0.3463022213576423,0.8832589457503781,79.4496353021461,0.3716889028932587,0.32091553982202575,0.3463022213576423,0.8832589457503781,79.4496353021461,algorithm_native_internal_best_so_far.v1,true
clean,fepysr,48,150,150,1.0,0.37429598876310755,0.32413558801609343,0.3492157883896006,0.8876092769350199,79.64362056029934,0.37429598876310755,0.32413558801609343,0.3492157883896006,0.8876092769350199,79.64362056029934,algorithm_native_internal_best_so_far.v1,true
clean,fepysr,49,150,150,1.0,0.37453775417504753,0.32379623083921616,0.34916699250713196,0.8875039238755401,79.82947304656984,0.37453775417504753,0.32379623083921616,0.34916699250713196,0.8875039238755401,79.82947304656984,algorithm_native_internal_best_so_far.v1,true
clean,fepysr,50,150,150,1.0,0.37930013391362444,0.32819416726382544,0.3537471505887251,0.8926717815402918,80.01822714871903,0.37930013391362444,0.32819416726382544,0.3537471505887251,0.8926717815402918,80.01822714871903,algorithm_native_internal_best_so_far.v1,true
clean,fepysr,51,150,150,1.0,0.3798653232533687,0.3286381963844235,0.3542517598188963,0.8947095490326077,80.20357475174926,0.3798653232533687,0.3286381963844235,0.3542517598188963,0.8947095490326077,80.20357475174926,algorithm_native_internal_best_so_far.v1,true
clean,fepysr,52,150,150,1.0,0.38459210915163883,0.3333952598246191,0.3589936844881291,0.8937373522535765,80.37992399162634,0.38459210915163883,0.3333952598246191,0.3589936844881291,0.8937373522535765,80.37992399162634,algorithm_native_internal_best_so_far.v1,true
clean,fepysr,53,150,150,1.0,0.3857434233834204,0.33383594165657043,0.3597896825199955,0.8972067545878859,80.55616458534638,0.3857434233834204,0.33383594165657043,0.3597896825199955,0.8972067545878859,80.55616458534638,algorithm_native_internal_best_so_far.v1,true
clean,fepysr,54,150,150,1.0,0.38649012160579493,0.3341250258145664,0.36030757371018074,0.8992742352901024,80.72970641763644,0.38649012160579493,0.3341250258145664,0.36030757371018074,0.8992742352901024,80.72970641763644,algorithm_native_internal_best_so_far.v1,true
clean,fepysr,55,150,150,1.0,0.3875336741380754,0.3349295513611759,0.36123161274962573,0.8996539860981776,80.89762809385793,0.3875336741380754,0.3349295513611759,0.36123161274962573,0.8996539860981776,80.89762809385793,algorithm_native_internal_best_so_far.v1,true
clean,fepysr,56,150,150,1.0,0.39310603809608813,0.3406140938813805,0.3668600659887345,0.9052824393372864,81.06960337671275,0.39310603809608813,0.3406140938813805,0.3668600659887345,0.9052824393372864,81.06960337671275,algorithm_native_internal_best_so_far.v1,true
clean,fepysr,57,150,150,1.0,0.39441986798540035,0.3413049820682442,0.3678624250268224,0.9089819613802286,81.24203482866557,0.39441986798540035,0.3413049820682442,0.3678624250268224,0.9089819613802286,81.24203482866557,algorithm_native_internal_best_so_far.v1,true
clean,fepysr,58,150,150,1.0,0.39525775038452904,0.3418215659016069,0.36853965814306816,0.9108572046502864,81.41175354653389,0.39525775038452904,0.3418215659016069,0.36853965814306816,0.9108572046502864,81.41175354653389,algorithm_native_internal_best_so_far.v1,true
clean,fepysr,59,150,150,1.0,0.3965572588532085,0.34261178551640387,0.36958452218480636,0.9129356699195961,81.57924191001568,0.3965572588532085,0.34261178551640387,0.36958452218480636,0.9129356699195961,81.57924191001568,algorithm_native_internal_best_so_far.v1,true
clean,fepysr,60,150,150,1.0,0.3973193079753503,0.34339840951578676,0.37035885874556873,0.9151732386434196,81.74487660925446,0.3973193079753503,0.34339840951578676,0.37035885874556873,0.9151732386434196,81.74487660925446,algorithm_native_internal_best_so_far.v1,true
clean,fepysr,61,150,150,1.0,0.3973193079753503,0.34339840951578676,0.37035885874556873,0.9151732386434196,81.90508066261654,0.3973193079753503,0.34339840951578676,0.37035885874556873,0.9151732386434196,81.90508066261654,algorithm_native_internal_best_so_far.v1,true
clean,fepysr,62,150,150,1.0,0.39959189070829026,0.34572856882581077,0.3726602297670507,0.9174747975785077,82.06382903512032,0.39959189070829026,0.34572856882581077,0.3726602297670507,0.9174747975785077,82.06382903512032,algorithm_native_internal_best_so_far.v1,true
clean,fepysr,63,150,150,1.0,0.40061811422226123,0.3466969695748408,0.37365754189855127,0.9209137175304067,82.2229963798492,0.40061811422226123,0.3466969695748408,0.37365754189855127,0.9209137175304067,82.2229963798492,algorithm_native_internal_best_so_far.v1,true
clean,fepysr,64,150,150,1.0,0.40740702354183606,0.3525028702867848,0.37995494691431053,0.9309760407128976,82.39291212502798,0.40740702354183606,0.3525028702867848,0.37995494691431053,0.9309760407128976,82.39291212502798,algorithm_native_internal_best_so_far.v1,true
clean,fepysr,65,150,150,1.0,0.40740793986212853,0.3525071904602355,0.3799575651611821,0.9309943129412447,82.55762780455252,0.40740793986212853,0.3525071904602355,0.3799575651611821,0.9309943129412447,82.55762780455252,algorithm_native_internal_best_so_far.v1,true
clean,fepysr,66,150,150,1.0,0.4073809633548344,0.3524182486191795,0.3798996059870071,0.9308878572901792,82.71719080340807,0.4073809633548344,0.3524182486191795,0.3798996059870071,0.9308878572901792,82.71719080340807,algorithm_native_internal_best_so_far.v1,true
clean,fepysr,67,150,150,1.0,0.4073760734906633,0.35241271498230053,0.37989439423648214,0.9308536420303274,82.8719396601189,0.4073760734906633,0.35241271498230053,0.37989439423648214,0.9308536420303274,82.8719396601189,algorithm_native_internal_best_so_far.v1,true
clean,fepysr,68,150,150,1.0,0.4073760734906633,0.35241271498230053,0.37989439423648214,0.9308536420303274,83.02213707986762,0.4073760734906633,0.35241271498230053,0.37989439423648214,0.9308536420303274,83.02213707986762,algorithm_native_internal_best_so_far.v1,true
clean,fepysr,69,150,150,1.0,0.4073760734906633,0.35241271498230053,0.37989439423648214,0.9308536420303274,83.16798095121786,0.4073760734906633,0.35241271498230053,0.37989439423648214,0.9308536420303274,83.16798095121786,algorithm_native_internal_best_so_far.v1,true
clean,fepysr,70,150,150,1.0,0.4073760734906633,0.35241271498230053,0.37989439423648214,0.9308536420303274,83.3096578548152,0.4073760734906633,0.35241271498230053,0.37989439423648214,0.9308536420303274,83.3096578548152,algorithm_native_internal_best_so_far.v1,true
clean,fepysr,71,150,150,1.0,0.4074151255725366,0.35241824469267996,0.3799166851326085,0.9308923443869708,83.44739837008113,0.4074151255725366,0.35241824469267996,0.3799166851326085,0.9308923443869708,83.44739837008113,algorithm_native_internal_best_so_far.v1,true
clean,fepysr,72,150,150,1.0,0.4074151255725366,0.35241824469267996,0.3799166851326085,0.9308923443869708,83.58131275992304,0.4074151255725366,0.35241824469267996,0.3799166851326085,0.9308923443869708,83.58131275992304,algorithm_native_internal_best_so_far.v1,true
clean,fepysr,73,150,150,1.0,0.407788332132796,0.35298468038861314,0.3803865062607048,0.9315053165864556,83.71239795031649,0.407788332132796,0.35298468038861314,0.3803865062607048,0.9315053165864556,83.71239795031649,algorithm_native_internal_best_so_far.v1,true
clean,fepysr,74,150,150,1.0,0.4120346429582464,0.35787671650221997,0.38495567973023337,0.9355160959855037,83.84536026988721,0.4120346429582464,0.35787671650221997,0.38495567973023337,0.9355160959855037,83.84536026988721,algorithm_native_internal_best_so_far.v1,true
clean,fepysr,75,150,150,1.0,0.4120346429582464,0.35787671650221997,0.38495567973023337,0.9355160959855037,83.97477692760272,0.4120346429582464,0.35787671650221997,0.38495567973023337,0.9355160959855037,83.97477692760272,algorithm_native_internal_best_so_far.v1,true
clean,fepysr,76,150,150,1.0,0.41233419004740846,0.35875998318103125,0.38554708661422005,0.9371614108551919,84.10295277178584,0.41233419004740846,0.35875998318103125,0.38554708661422005,0.9371614108551919,84.10295277178584,algorithm_native_internal_best_so_far.v1,true
clean,fepysr,77,150,150,1.0,0.41233419004740846,0.35875998318103125,0.38554708661422005,0.9371614108551919,84.22779937326288,0.41233419004740846,0.35875998318103125,0.38554708661422005,0.9371614108551919,84.22779937326288,algorithm_native_internal_best_so_far.v1,true
clean,fepysr,78,150,150,1.0,0.4138654198082054,0.36008235616311024,0.38697388798565807,0.9438218666130359,84.35798382567366,0.4138654198082054,0.36008235616311024,0.38697388798565807,0.9438218666130359,84.35798382567366,algorithm_native_internal_best_so_far.v1,true
clean,fepysr,79,150,150,1.0,0.4138654190066133,0.3600823588729733,0.38697388893979356,0.9438218726563046,84.48487247681236,0.4138654190066133,0.3600823588729733,0.38697388893979356,0.9438218726563046,84.48487247681236,algorithm_native_internal_best_so_far.v1,true
clean,fepysr,80,150,150,1.0,0.4138654190066133,0.3600823588729733,0.38697388893979356,0.9438218726563046,84.60858891167257,0.4138654190066133,0.3600823588729733,0.38697388893979356,0.9438218726563046,84.60858891167257,algorithm_native_internal_best_so_far.v1,true
clean,fepysr,81,150,150,1.0,0.4138654190066133,0.3600823588729733,0.38697388893979356,0.9438218726563046,84.72925061974613,0.4138654190066133,0.3600823588729733,0.38697388893979356,0.9438218726563046,84.72925061974613,algorithm_native_internal_best_so_far.v1,true
clean,fepysr,82,150,150,1.0,0.4138654190066133,0.3600823588729733,0.38697388893979356,0.9438218726563046,84.84696935933007,0.4138654190066133,0.3600823588729733,0.38697388893979356,0.9438218726563046,84.84696935933007,algorithm_native_internal_best_so_far.v1,true
clean,fepysr,83,150,150,1.0,0.41399958742679405,0.36100237579846106,0.38750098161262786,0.9458062797539126,84.96424235470431,0.41399958742679405,0.36100237579846106,0.38750098161262786,0.9458062797539126,84.96424235470431,algorithm_native_internal_best_so_far.v1,true
clean,fepysr,84,150,150,1.0,0.41399958742679405,0.36100237579846106,0.38750098161262786,0.9458062797539126,85.07872313590295,0.41399958742679405,0.36100237579846106,0.38750098161262786,0.9458062797539126,85.07872313590295,algorithm_native_internal_best_so_far.v1,true
clean,fepysr,85,150,150,1.0,0.41409496075244584,0.362629919561547,0.3883624401569967,0.9468621762799205,85.19175248286871,0.41409496075244584,0.362629919561547,0.3883624401569967,0.9468621762799205,85.19175248286871,algorithm_native_internal_best_so_far.v1,true
clean,fepysr,86,150,150,1.0,0.4155796868201711,0.3626246832479192,0.3891021850340455,0.9492971596795106,85.30498461641618,0.4155796868201711,0.3626246832479192,0.3891021850340455,0.9492971596795106,85.30498461641618,algorithm_native_internal_best_so_far.v1,true
clean,fepysr,87,150,150,1.0,0.4154472607900489,0.36355380273781357,0.38950053176393157,0.9502654550333479,85.41672669557617,0.4154472607900489,0.36355380273781357,0.38950053176393157,0.9502654550333479,85.41672669557617,algorithm_native_internal_best_so_far.v1,true
clean,fepysr,88,150,150,1.0,0.4154472607900489,0.36355380273781357,0.38950053176393157,0.9502654550333479,85.52592918202797,0.4154472607900489,0.36355380273781357,0.38950053176393157,0.9502654550333479,85.52592918202797,algorithm_native_internal_best_so_far.v1,true
clean,fepysr,89,150,150,1.0,0.4154472607900489,0.36355380273781357,0.38950053176393157,0.9502654550333479,85.63267768002018,0.4154472607900489,0.36355380273781357,0.38950053176393157,0.9502654550333479,85.63267768002018,algorithm_native_internal_best_so_far.v1,true
clean,fepysr,90,150,150,1.0,0.4154472607900489,0.36355380273781357,0.38950053176393157,0.9502654550333479,85.7370539891681,0.4154472607900489,0.36355380273781357,0.38950053176393157,0.9502654550333479,85.7370539891681,algorithm_native_internal_best_so_far.v1,true
clean,fepysr,91,150,150,1.0,0.4154472607900489,0.36355380273781357,0.38950053176393157,0.9502654550333479,85.83913631349961,0.4154472607900489,0.36355380273781357,0.38950053176393157,0.9502654550333479,85.83913631349961,algorithm_native_internal_best_so_far.v1,true
clean,fepysr,92,150,150,1.0,0.4154609094199339,0.3635075709624223,0.3894842401911785,0.9502052198430291,85.93893398383443,0.4154609094199339,0.3635075709624223,0.3894842401911785,0.9502052198430291,85.93893398383443,algorithm_native_internal_best_so_far.v1,true
clean,fepysr,93,150,150,1.0,0.41546815062080333,0.3632598957550253,0.38936402318791474,0.9494160602977564,86.03573690905961,0.41546815062080333,0.3632598957550253,0.38936402318791474,0.9494160602977564,86.03573690905961,algorithm_native_internal_best_so_far.v1,true
clean,fepysr,94,150,150,1.0,0.41564694846167693,0.36346921707298535,0.38955808276733156,0.950336614460313,86.13145951051675,0.41564694846167693,0.36346921707298535,0.38955808276733156,0.950336614460313,86.13145951051675,algorithm_native_internal_best_so_far.v1,true
clean,fepysr,95,150,150,1.0,0.4200410957259205,0.36780572374166676,0.393923409733794,0.9547019414267754,86.22976198032896,0.4200410957259205,0.36780572374166676,0.393923409733794,0.9547019414267754,86.22976198032896,algorithm_native_internal_best_so_far.v1,true
clean,fepysr,96,150,150,1.0,0.4200410957259205,0.36780572374166676,0.393923409733794,0.9547019414267754,86.32601648202011,0.4200410957259205,0.36780572374166676,0.393923409733794,0.9547019414267754,86.32601648202011,algorithm_native_internal_best_so_far.v1,true
clean,fepysr,97,150,150,1.0,0.4200751074485004,0.3676101475288502,0.39384262748867566,0.9543247239111651,86.41989747077366,0.4200751074485004,0.3676101475288502,0.39384262748867566,0.9543247239111651,86.41989747077366,algorithm_native_internal_best_so_far.v1,true
clean,fepysr,98,150,150,1.0,0.4204393058427808,0.3679847189799625,0.39421201241137194,0.9550031861735956,86.51255482941231,0.4204393058427808,0.3679847189799625,0.39421201241137194,0.9550031861735956,86.51255482941231,algorithm_native_internal_best_so_far.v1,true
clean,fepysr,99,150,150,1.0,0.42074837977619317,0.368115901133187,0.3944321404546904,0.9560121454986336,86.60435947305324,0.42074837977619317,0.368115901133187,0.3944321404546904,0.9560121454986336,86.60435947305324,algorithm_native_internal_best_so_far.v1,true
clean,fepysr,100,150,150,1.0,0.42077400911272356,0.3695372732598493,0.3951556411862867,0.9578054230940141,86.69612130141671,0.42077400911272356,0.3695372732598493,0.3951556411862867,0.9578054230940141,86.69612130141671,algorithm_native_internal_best_so_far.v1,true
clean,fepysr,101,150,150,1.0,0.4207359318848577,0.3694491761275001,0.3950925540061791,0.9575417881956355,86.78580503922015,0.4207359318848577,0.3694491761275001,0.3950925540061791,0.9575417881956355,86.78580503922015,algorithm_native_internal_best_so_far.v1,true
clean,fepysr,102,150,150,1.0,0.42097377605955355,0.3694363859309499,0.39520508099525203,0.958057453247467,86.87423582633316,0.42097377605955355,0.3694363859309499,0.39520508099525203,0.958057453247467,86.87423582633316,algorithm_native_internal_best_so_far.v1,true
clean,fepysr,103,150,150,1.0,0.42097377605955355,0.3694363859309499,0.39520508099525203,0.958057453247467,86.96094951078376,0.42097377605955355,0.3694363859309499,0.39520508099525203,0.958057453247467,86.96094951078376,algorithm_native_internal_best_so_far.v1,true
clean,fepysr,104,150,150,1.0,0.42097377605955355,0.3694363859309499,0.39520508099525203,0.958057453247467,87.04599562437956,0.42097377605955355,0.3694363859309499,0.39520508099525203,0.958057453247467,87.04599562437956,algorithm_native_internal_best_so_far.v1,true
clean,fepysr,105,150,150,1.0,0.42145120711046524,0.3694874503635376,0.3954693287370017,0.9593405511456689,87.13064381000038,0.42145120711046524,0.3694874503635376,0.3954693287370017,0.9593405511456689,87.13064381000038,algorithm_native_internal_best_so_far.v1,true
clean,fepysr,106,150,150,1.0,0.4215038211816234,0.36950960092802104,0.3955067110548225,0.9594424302261623,87.21379097238356,0.4215038211816234,0.36950960092802104,0.3955067110548225,0.9594424302261623,87.21379097238356,algorithm_native_internal_best_so_far.v1,true
clean,fepysr,107,150,150,1.0,0.4215038211816234,0.36950960092802104,0.3955067110548225,0.9594424302261623,87.29538398219881,0.4215038211816234,0.36950960092802104,0.3955067110548225,0.9594424302261623,87.29538398219881,algorithm_native_internal_best_so_far.v1,true
clean,fepysr,108,150,150,1.0,0.4222877105853072,0.36993264109356305,0.39611017583943536,0.9612566383768762,87.37714583271261,0.4222877105853072,0.36993264109356305,0.39611017583943536,0.9612566383768762,87.37714583271261,algorithm_native_internal_best_so_far.v1,true
clean,fepysr,109,150,150,1.0,0.4227058405140473,0.3692363521379339,0.3959710963259908,0.960961413280707,87.4571366170737,0.4227058405140473,0.3692363521379339,0.3959710963259908,0.960961413280707,87.4571366170737,algorithm_native_internal_best_so_far.v1,true
clean,fepysr,110,150,150,1.0,0.4224424439476393,0.3689718262835493,0.3957071351155946,0.9601731269424368,87.53495639959341,0.4224424439476393,0.3689718262835493,0.3957071351155946,0.9601731269424368,87.53495639959341,algorithm_native_internal_best_so_far.v1,true
clean,fepysr,111,150,150,1.0,0.4224424439476393,0.3689718262835493,0.3957071351155946,0.9601731269424368,87.61137402386956,0.4224424439476393,0.3689718262835493,0.3957071351155946,0.9601731269424368,87.61137402386956,algorithm_native_internal_best_so_far.v1,true
clean,fepysr,112,150,150,1.0,0.42284865661663096,0.3693853783239335,0.3961170174702824,0.9605344254809222,87.68674963569296,0.42284865661663096,0.3693853783239335,0.3961170174702824,0.9605344254809222,87.68674963569296,algorithm_native_internal_best_so_far.v1,true
clean,fepysr,113,150,150,1.0,0.42301138853772974,0.3693771370900569,0.39619426281389347,0.9609477065573492,87.76115690135704,0.42301138853772974,0.3693771370900569,0.39619426281389347,0.9609477065573492,87.76115690135704,algorithm_native_internal_best_so_far.v1,true
clean,fepysr,114,150,150,1.0,0.42301138853772974,0.3693771370900569,0.39619426281389347,0.9609477065573492,87.83425877639546,0.42301138853772974,0.3693771370900569,0.39619426281389347,0.9609477065573492,87.83425877639546,algorithm_native_internal_best_so_far.v1,true
clean,fepysr,115,150,150,1.0,0.42301138853772974,0.3693771370900569,0.39619426281389347,0.9609477065573492,87.90608931447666,0.42301138853772974,0.3693771370900569,0.39619426281389347,0.9609477065573492,87.90608931447666,algorithm_native_internal_best_so_far.v1,true
clean,fepysr,116,150,150,1.0,0.42301138853772974,0.3693771370900569,0.39619426281389347,0.9609477065573492,87.97668139500475,0.42301138853772974,0.3693771370900569,0.39619426281389347,0.9609477065573492,87.97668139500475,algorithm_native_internal_best_so_far.v1,true
clean,fepysr,117,150,150,1.0,0.4231217761637431,0.3693018913199984,0.39621183374187097,0.9610324549238232,88.04613920780285,0.4231217761637431,0.3693018913199984,0.39621183374187097,0.9610324549238232,88.04613920780285,algorithm_native_internal_best_so_far.v1,true
clean,fepysr,118,150,150,1.0,0.4233859267683805,0.3706948162488955,0.3970403715086382,0.9628213146432795,88.11593575234967,0.4233859267683805,0.3706948162488955,0.3970403715086382,0.9628213146432795,88.11593575234967,algorithm_native_internal_best_so_far.v1,true
clean,fepysr,119,150,150,1.0,0.4233859267683805,0.3706948162488955,0.3970403715086382,0.9628213146432795,88.18455924572764,0.4233859267683805,0.3706948162488955,0.3970403715086382,0.9628213146432795,88.18455924572764,algorithm_native_internal_best_so_far.v1,true
clean,fepysr,120,150,150,1.0,0.4233859267683805,0.3706948162488955,0.3970403715086382,0.9628213146432795,88.25203901421598,0.4233859267683805,0.3706948162488955,0.3970403715086382,0.9628213146432795,88.25203901421598,algorithm_native_internal_best_so_far.v1,true
clean,fepysr,121,150,150,1.0,0.42342571890386893,0.37069485481349634,0.3970602868586829,0.9628867038800915,88.3184574553217,0.42342571890386893,0.37069485481349634,0.3970602868586829,0.9628867038800915,88.3184574553217,algorithm_native_internal_best_so_far.v1,true
clean,fepysr,122,150,150,1.0,0.42473787070750857,0.3711044177440896,0.3979211442257994,0.9672517007277027,88.38736493579259,0.42473787070750857,0.3711044177440896,0.3979211442257994,0.9672517007277027,88.38736493579259,algorithm_native_internal_best_so_far.v1,true
clean,fepysr,123,150,150,1.0,0.4247479996554814,0.3713229408314596,0.39803547024347075,0.9678624901965317,88.45564854623048,0.4247479996554814,0.3713229408314596,0.39803547024347075,0.9678624901965317,88.45564854623048,algorithm_native_internal_best_so_far.v1,true
clean,fepysr,124,150,150,1.0,0.42474799958624637,0.3713229323245553,0.3980354659554011,0.9678624717060474,88.52283079320124,0.42474799958624637,0.3713229323245553,0.3980354659554011,0.9678624717060474,88.52283079320124,algorithm_native_internal_best_so_far.v1,true
clean,fepysr,125,150,150,1.0,0.42474799958624637,0.3713229323245553,0.3980354659554011,0.9678624717060474,88.58893812422046,0.42474799958624637,0.3713229323245553,0.3980354659554011,0.9678624717060474,88.58893812422046,algorithm_native_internal_best_so_far.v1,true
clean,fepysr,126,150,150,1.0,0.42501687507813785,0.3704578590298354,0.3977373670539869,0.9662866781651849,88.65274550273077,0.42501687507813785,0.3704578590298354,0.3977373670539869,0.9662866781651849,88.65274550273077,algorithm_native_internal_best_so_far.v1,true
clean,fepysr,127,150,150,1.0,0.42501687507813785,0.3704578590298354,0.3977373670539869,0.9662866781651849,88.71554804063462,0.42501687507813785,0.3704578590298354,0.3977373670539869,0.9662866781651849,88.71554804063462,algorithm_native_internal_best_so_far.v1,true
clean,fepysr,128,150,150,1.0,0.42501687507813785,0.3704578590298354,0.3977373670539869,0.9662866781651849,88.7773692888837,0.42501687507813785,0.3704578590298354,0.3977373670539869,0.9662866781651849,88.7773692888837,algorithm_native_internal_best_so_far.v1,true
clean,fepysr,129,150,150,1.0,0.42501687507813785,0.3704578590298354,0.3977373670539869,0.9662866781651849,88.8382320681677,0.42501687507813785,0.3704578590298354,0.3977373670539869,0.9662866781651849,88.8382320681677,algorithm_native_internal_best_so_far.v1,true
clean,fepysr,130,150,150,1.0,0.4257826847684289,0.369427744025886,0.39760521439715774,0.9648979318828254,88.89709023063013,0.4257826847684289,0.369427744025886,0.39760521439715774,0.9648979318828254,88.89709023063013,algorithm_native_internal_best_so_far.v1,true
clean,fepysr,131,150,150,1.0,0.4257826847684289,0.369427744025886,0.39760521439715774,0.9648979318828254,88.95504979519237,0.4257826847684289,0.369427744025886,0.39760521439715774,0.9648979318828254,88.95504979519237,algorithm_native_internal_best_so_far.v1,true
clean,fepysr,132,150,150,1.0,0.4257826847684289,0.369427744025886,0.39760521439715774,0.9648979318828254,89.01213118453396,0.4257826847684289,0.369427744025886,0.39760521439715774,0.9648979318828254,89.01213118453396,algorithm_native_internal_best_so_far.v1,true
clean,fepysr,133,150,150,1.0,0.4257826847684289,0.369427744025886,0.39760521439715774,0.9648979318828254,89.06835420711855,0.4257826847684289,0.369427744025886,0.39760521439715774,0.9648979318828254,89.06835420711855,algorithm_native_internal_best_so_far.v1,true
clean,fepysr,134,150,150,1.0,0.4257826847684289,0.369427744025886,0.39760521439715774,0.9648979318828254,89.12373808011232,0.4257826847684289,0.369427744025886,0.39760521439715774,0.9648979318828254,89.12373808011232,algorithm_native_internal_best_so_far.v1,true
clean,fepysr,135,150,150,1.0,0.42586677563809056,0.3694562372819295,0.3976615064600103,0.9652699788751844,89.17857704164865,0.42586677563809056,0.3694562372819295,0.3976615064600103,0.9652699788751844,89.17857704164865,algorithm_native_internal_best_so_far.v1,true
clean,fepysr,136,150,150,1.0,0.42586677563809056,0.3694562372819295,0.3976615064600103,0.9652699788751844,89.23260954786828,0.42586677563809056,0.3694562372819295,0.3976615064600103,0.9652699788751844,89.23260954786828,algorithm_native_internal_best_so_far.v1,true
clean,fepysr,137,150,150,1.0,0.42592717322977164,0.36944166948510326,0.39768442135743776,0.9653452167018379,89.28590817649831,0.42592717322977164,0.36944166948510326,0.39768442135743776,0.9653452167018379,89.28590817649831,algorithm_native_internal_best_so_far.v1,true
clean,fepysr,138,150,150,1.0,0.42592714694540423,0.3694416385799022,0.39768439276265344,0.9653450556562597,89.33843424453548,0.42592714694540423,0.3694416385799022,0.39768439276265344,0.9653450556562597,89.33843424453548,algorithm_native_internal_best_so_far.v1,true
clean,fepysr,139,150,150,1.0,0.42592714689930755,0.36944163873571984,0.3976843928175139,0.9653450560037328,89.39020454205948,0.42592714689930755,0.36944163873571984,0.3976843928175139,0.9653450560037328,89.39020454205948,algorithm_native_internal_best_so_far.v1,true
clean,fepysr,140,150,150,1.0,0.42765888855254164,0.37138322749828245,0.3995210580254122,0.9692288884855206,89.444009429963,0.42765888855254164,0.37138322749828245,0.3995210580254122,0.9692288884855206,89.444009429963,algorithm_native_internal_best_so_far.v1,true
clean,fepysr,141,150,150,1.0,0.42765888855254164,0.37138322749828245,0.3995210580254122,0.9692288884855206,89.49705112796718,0.42765888855254164,0.37138322749828245,0.3995210580254122,0.9692288884855206,89.49705112796718,algorithm_native_internal_best_so_far.v1,true
clean,fepysr,142,150,150,1.0,0.42765888855254164,0.37138322749828245,0.3995210580254122,0.9692288884855206,89.54934575980228,0.42765888855254164,0.37138322749828245,0.3995210580254122,0.9692288884855206,89.54934575980228,algorithm_native_internal_best_so_far.v1,true
clean,fepysr,143,150,150,1.0,0.42765888855254164,0.37138322749828245,0.3995210580254122,0.9692288884855206,89.60090899818515,0.42765888855254164,0.37138322749828245,0.3995210580254122,0.9692288884855206,89.60090899818515,algorithm_native_internal_best_so_far.v1,true
clean,fepysr,144,150,150,1.0,0.42765888855254164,0.37138322749828245,0.3995210580254122,0.9692288884855206,89.65175608047937,0.42765888855254164,0.37138322749828245,0.3995210580254122,0.9692288884855206,89.65175608047937,algorithm_native_internal_best_so_far.v1,true
clean,fepysr,145,150,150,1.0,0.42765888855254164,0.37138322749828245,0.3995210580254122,0.9692288884855206,89.70190182370747,0.42765888855254164,0.37138322749828245,0.3995210580254122,0.9692288884855206,89.70190182370747,algorithm_native_internal_best_so_far.v1,true
clean,fepysr,146,150,150,1.0,0.42765888855254164,0.37138322749828245,0.3995210580254122,0.9692288884855206,89.75136063894614,0.42765888855254164,0.37138322749828245,0.3995210580254122,0.9692288884855206,89.75136063894614,algorithm_native_internal_best_so_far.v1,true
clean,fepysr,147,150,150,1.0,0.42765888855254164,0.37138322749828245,0.3995210580254122,0.9692288884855206,89.80014654513394,0.42765888855254164,0.37138322749828245,0.3995210580254122,0.9692288884855206,89.80014654513394,algorithm_native_internal_best_so_far.v1,true
clean,fepysr,148,150,150,1.0,0.42773859580421797,0.3722250812016191,0.39998183850291874,0.9710837153410914,89.8495264437081,0.42773859580421797,0.3722250812016191,0.39998183850291874,0.9710837153410914,89.8495264437081,algorithm_native_internal_best_so_far.v1,true
clean,fepysr,149,150,150,1.0,0.42773859580421797,0.3722250812016191,0.39998183850291874,0.9710837153410914,89.89824352485172,0.42773859580421797,0.3722250812016191,0.39998183850291874,0.9710837153410914,89.89824352485172,algorithm_native_internal_best_so_far.v1,true
clean,fepysr,150,150,150,1.0,0.42773859580421797,0.3722250812016191,0.39998183850291874,0.9710837153410914,89.94631104491343,0.42773859580421797,0.3722250812016191,0.39998183850291874,0.9710837153410914,89.94631104491343,algorithm_native_internal_best_so_far.v1,true
clean,fepysr,151,150,150,1.0,0.42773859580421797,0.3722250812016191,0.39998183850291874,0.9710837153410914,89.99374190908027,0.42773859580421797,0.3722250812016191,0.39998183850291874,0.9710837153410914,89.99374190908027,algorithm_native_internal_best_so_far.v1,true
clean,fepysr,152,150,150,1.0,0.427782531874206,0.3725972588448863,0.4001898953595464,0.9721227957492893,90.04123228846088,0.427782531874206,0.3725972588448863,0.4001898953595464,0.9721227957492893,90.04123228846088,algorithm_native_internal_best_so_far.v1,true
clean,fepysr,153,150,150,1.0,0.43269223038210913,0.37765540236454,0.4051738163733248,0.9771265043976223,90.09137227637787,0.43269223038210913,0.37765540236454,0.4051738163733248,0.9771265043976223,90.09137227637787,algorithm_native_internal_best_so_far.v1,true
clean,fepysr,154,150,150,1.0,0.43278317074248673,0.37816893095941995,0.4054760508509534,0.978455907972697,90.14172434469535,0.43278317074248673,0.37816893095941995,0.4054760508509534,0.978455907972697,90.14172434469535,algorithm_native_internal_best_so_far.v1,true
clean,fepysr,155,150,150,1.0,0.43278317074248673,0.37816893095941995,0.4054760508509534,0.978455907972697,90.1914267089055,0.43278317074248673,0.37816893095941995,0.4054760508509534,0.978455907972697,90.1914267089055,algorithm_native_internal_best_so_far.v1,true
clean,fepysr,156,150,150,1.0,0.4327841392172727,0.3781684137554156,0.4054762764863443,0.9784563019942816,90.24049211589602,0.4327841392172727,0.3781684137554156,0.4054762764863443,0.9784563019942816,90.24049211589602,algorithm_native_internal_best_so_far.v1,true
clean,fepysr,157,150,150,1.0,0.4327890167183648,0.378169834363597,0.405479425540981,0.9784782641461262,90.28894647448658,0.4327890167183648,0.378169834363597,0.405479425540981,0.9784782641461262,90.28894647448658,algorithm_native_internal_best_so_far.v1,true
clean,fepysr,158,150,150,1.0,0.4327890167183648,0.378169834363597,0.405479425540981,0.9784782641461262,90.33678748676586,0.4327890167183648,0.378169834363597,0.405479425540981,0.9784782641461262,90.33678748676586,algorithm_native_internal_best_so_far.v1,true
clean,fepysr,159,150,150,1.0,0.4327890167183648,0.378169834363597,0.405479425540981,0.9784782641461262,90.38402672530579,0.4327890167183648,0.378169834363597,0.405479425540981,0.9784782641461262,90.38402672530579,algorithm_native_internal_best_so_far.v1,true
clean,fepysr,160,150,150,1.0,0.4327890167183648,0.378169834363597,0.405479425540981,0.9784782641461262,90.43067547336395,0.4327890167183648,0.378169834363597,0.405479425540981,0.9784782641461262,90.43067547336395,algorithm_native_internal_best_so_far.v1,true
clean,fepysr,161,150,150,1.0,0.4327890167183648,0.378169834363597,0.405479425540981,0.9784782641461262,90.47674473386861,0.4327890167183648,0.378169834363597,0.405479425540981,0.9784782641461262,90.47674473386861,algorithm_native_internal_best_so_far.v1,true
clean,fepysr,162,150,150,1.0,0.43283974696845023,0.37809856770799527,0.40546915733822286,0.9784339400673963,90.5222178775283,0.43283974696845023,0.37809856770799527,0.40546915733822286,0.9784339400673963,90.5222178775283,algorithm_native_internal_best_so_far.v1,true
clean,fepysr,163,150,150,1.0,0.43283974696845023,0.37809856770799527,0.40546915733822286,0.9784339400673963,90.56713306850506,0.43283974696845023,0.37809856770799527,0.40546915733822286,0.9784339400673963,90.56713306850506,algorithm_native_internal_best_so_far.v1,true
clean,fepysr,164,150,150,1.0,0.43283974696845023,0.37809856770799527,0.40546915733822286,0.9784339400673963,90.61150051325039,0.43283974696845023,0.37809856770799527,0.40546915733822286,0.9784339400673963,90.61150051325039,algorithm_native_internal_best_so_far.v1,true
clean,fepysr,165,150,150,1.0,0.43287112613297013,0.3769674909182505,0.40491930852561053,0.97676460682984,90.65431845367301,0.43287112613297013,0.3769674909182505,0.40491930852561053,0.97676460682984,90.65431845367301,algorithm_native_internal_best_so_far.v1,true
clean,fepysr,166,150,150,1.0,0.43287112613297013,0.3769674909182505,0.40491930852561053,0.97676460682984,90.69662051529538,0.43287112613297013,0.3769674909182505,0.40491930852561053,0.97676460682984,90.69662051529538,algorithm_native_internal_best_so_far.v1,true
clean,fepysr,167,150,150,1.0,0.43287112613297013,0.3769674909182505,0.40491930852561053,0.97676460682984,90.7384159654013,0.43287112613297013,0.3769674909182505,0.40491930852561053,0.97676460682984,90.7384159654013,algorithm_native_internal_best_so_far.v1,true
clean,fepysr,168,150,150,1.0,0.4364640309849668,0.38059849485898684,0.40853126292197706,0.9811918077951706,90.78234908929484,0.4364640309849668,0.38059849485898684,0.40853126292197706,0.9811918077951706,90.78234908929484,algorithm_native_internal_best_so_far.v1,true
clean,fepysr,169,150,150,1.0,0.4364640309849668,0.38059849485898684,0.40853126292197706,0.9811918077951706,90.82576229456244,0.4364640309849668,0.38059849485898684,0.40853126292197706,0.9811918077951706,90.82576229456244,algorithm_native_internal_best_so_far.v1,true
clean,fepysr,170,150,150,1.0,0.4364640309849668,0.38059849485898684,0.40853126292197706,0.9811918077951706,90.86866475623864,0.4364640309849668,0.38059849485898684,0.40853126292197706,0.9811918077951706,90.86866475623864,algorithm_native_internal_best_so_far.v1,true
clean,fepysr,171,150,150,1.0,0.4364640309849668,0.38059849485898684,0.40853126292197706,0.9811918077951706,90.91106543473734,0.4364640309849668,0.38059849485898684,0.40853126292197706,0.9811918077951706,90.91106543473734,algorithm_native_internal_best_so_far.v1,true
clean,fepysr,172,150,150,1.0,0.4364640309849668,0.38059849485898684,0.40853126292197706,0.9811918077951706,90.95297308209071,0.4364640309849668,0.38059849485898684,0.40853126292197706,0.9811918077951706,90.95297308209071,algorithm_native_internal_best_so_far.v1,true
clean,fepysr,173,150,150,1.0,0.4364640309849668,0.38059849485898684,0.40853126292197706,0.9811918077951706,90.99439624797178,0.4364640309849668,0.38059849485898684,0.40853126292197706,0.9811918077951706,90.99439624797178,algorithm_native_internal_best_so_far.v1,true
clean,fepysr,174,150,150,1.0,0.43645975624114625,0.38047528191948043,0.40846751908031353,0.9809467225509629,91.03520243192078,0.43645975624114625,0.38047528191948043,0.40846751908031353,0.9809467225509629,91.03520243192078,algorithm_native_internal_best_so_far.v1,true
clean,fepysr,175,150,150,1.0,0.43645975624114625,0.38047528191948043,0.40846751908031353,0.9809467225509629,91.07554225948176,0.43645975624114625,0.38047528191948043,0.40846751908031353,0.9809467225509629,91.07554225948176,algorithm_native_internal_best_so_far.v1,true
clean,fepysr,176,150,150,1.0,0.43645975624114625,0.38047528191948043,0.40846751908031353,0.9809467225509629,91.11542367991139,0.43645975624114625,0.38047528191948043,0.40846751908031353,0.9809467225509629,91.11542367991139,algorithm_native_internal_best_so_far.v1,true
clean,fepysr,177,150,150,1.0,0.43645975624114625,0.38047528191948043,0.40846751908031353,0.9809467225509629,91.15485446282203,0.43645975624114625,0.38047528191948043,0.40846751908031353,0.9809467225509629,91.15485446282203,algorithm_native_internal_best_so_far.v1,true
clean,fepysr,178,150,150,1.0,0.43645975624114625,0.38047528191948043,0.40846751908031353,0.9809467225509629,91.19384220322807,0.43645975624114625,0.38047528191948043,0.40846751908031353,0.9809467225509629,91.19384220322807,algorithm_native_internal_best_so_far.v1,true
clean,fepysr,179,150,150,1.0,0.4364771169000481,0.3804917151863745,0.4084844160432115,0.9810168327635299,91.23243349413939,0.4364771169000481,0.3804917151863745,0.4084844160432115,0.9810168327635299,91.23243349413939,algorithm_native_internal_best_so_far.v1,true
clean,fepysr,180,150,150,1.0,0.4364771169000481,0.3804917151863745,0.4084844160432115,0.9810168327635299,91.27059599292949,0.4364771169000481,0.3804917151863745,0.4084844160432115,0.9810168327635299,91.27059599292949,algorithm_native_internal_best_so_far.v1,true
clean,gplearn,1,150,150,1.0,0.24124087498849614,0.21124193800689112,0.22624140649769364,0.8720645946582342,87.20645946582341,0.24124087498849614,0.21124193800689112,0.22624140649769364,0.8720645946582342,87.20645946582341,algorithm_native_internal_best_so_far.v1,true
clean,gplearn,2,150,150,1.0,0.26035912510260384,0.21575342350180032,0.23805627430220208,0.8892893361107294,88.06769653844817,0.26035912510260384,0.21575342350180032,0.23805627430220208,0.8892893361107294,88.06769653844817,algorithm_native_internal_best_so_far.v1,true
clean,gplearn,3,150,150,1.0,0.2651258326441852,0.21868788174118667,0.24190685719268606,0.8992124139530624,88.68554482406752,0.2651258326441852,0.21868788174118667,0.24190685719268606,0.8992124139530624,88.68554482406752,algorithm_native_internal_best_so_far.v1,true
clean,gplearn,4,150,150,1.0,0.27142479601980996,0.22368019491125077,0.24755249546553035,0.9098002664310372,89.25916527882659,0.27142479601980996,0.22368019491125077,0.24755249546553035,0.9098002664310372,89.25916527882659,algorithm_native_internal_best_so_far.v1,true
clean,gplearn,5,150,150,1.0,0.2722922031299393,0.22352957322449876,0.24791088817721912,0.9105595766020789,89.61852375510284,0.2722922031299393,0.22352957322449876,0.24791088817721912,0.9105595766020789,89.61852375510284,algorithm_native_internal_best_so_far.v1,true
clean,gplearn,6,150,150,1.0,0.272849097560967,0.2231894294213789,0.24801926349117281,0.9104114828188534,89.85562784289992,0.272849097560967,0.2231894294213789,0.24801926349117281,0.9104114828188534,89.85562784289992,algorithm_native_internal_best_so_far.v1,true
clean,gplearn,7,150,150,1.0,0.2729927373274436,0.22381741380463732,0.24840507556604052,0.9126959828630631,90.05762362052941,0.2729927373274436,0.22381741380463732,0.24840507556604052,0.9126959828630631,90.05762362052941,algorithm_native_internal_best_so_far.v1,true
clean,gplearn,8,150,150,1.0,0.2722338252244944,0.22289936047037248,0.24756659284743346,0.9105364401914328,90.18212617035614,0.2722338252244944,0.22289936047037248,0.24756659284743346,0.9105364401914328,90.18212617035614,algorithm_native_internal_best_so_far.v1,true
clean,gplearn,9,150,150,1.0,0.272945908013698,0.22273429841296444,0.24784010321333114,0.9113926357646136,90.2884747710345,0.272945908013698,0.22273429841296444,0.24784010321333114,0.9113926357646136,90.2884747710345,algorithm_native_internal_best_so_far.v1,true
clean,gplearn,10,150,150,1.0,0.27540465270730297,0.22273943072274194,0.2490720417150224,0.9155528969964702,90.41515626389575,0.27540465270730297,0.22273943072274194,0.2490720417150224,0.9155528969964702,90.41515626389575,algorithm_native_internal_best_so_far.v1,true
clean,gplearn,11,150,150,1.0,0.27522620639015105,0.22202241643505782,0.2486243114126043,0.9135298581014805,90.50041349537322,0.27522620639015105,0.22202241643505782,0.2486243114126043,0.9135298581014805,90.50041349537322,algorithm_native_internal_best_so_far.v1,true
clean,gplearn,12,150,150,1.0,0.28166985072192563,0.22736713435728564,0.25451849253960557,0.9200799074715303,90.62604493302155,0.28166985072192563,0.22736713435728564,0.25451849253960557,0.9200799074715303,90.62604493302155,algorithm_native_internal_best_so_far.v1,true
clean,gplearn,13,150,150,1.0,0.2822682144171884,0.22762964367382077,0.25494892904550465,0.9220045671942781,90.74715353197588,0.2822682144171884,0.22762964367382077,0.25494892904550465,0.9220045671942781,90.74715353197588,algorithm_native_internal_best_so_far.v1,true
clean,gplearn,14,150,150,1.0,0.2825320619358502,0.22683070959639604,0.2546813857661232,0.9209278038175086,90.84326973553125,0.2825320619358502,0.22683070959639604,0.2546813857661232,0.9209278038175086,90.84326973553125,algorithm_native_internal_best_so_far.v1,true
clean,gplearn,15,150,150,1.0,0.2835240049651068,0.22692953110034372,0.2552267680327252,0.9231797943285723,90.94158371535296,0.2835240049651068,0.22692953110034372,0.2552267680327252,0.9231797943285723,90.94158371535296,algorithm_native_internal_best_so_far.v1,true
clean,gplearn,16,150,150,1.0,0.2837710235243016,0.2275924967779372,0.2556817601511195,0.9252073118838221,91.04028043241729,0.2837710235243016,0.2275924967779372,0.2556817601511195,0.9252073118838221,91.04028043241729,algorithm_native_internal_best_so_far.v1,true
clean,gplearn,17,150,150,1.0,0.2840085170257821,0.22776137631200005,0.2558849466688911,0.9257461657006125,91.13053549933753,0.2840085170257821,0.22776137631200005,0.2558849466688911,0.9257461657006125,91.13053549933753,algorithm_native_internal_best_so_far.v1,true
clean,gplearn,18,150,150,1.0,0.28420212773100323,0.22780303273066815,0.2560025802308356,0.9259106986212432,91.21167629727013,0.28420212773100323,0.22780303273066815,0.2560025802308356,0.9259106986212432,91.21167629727013,algorithm_native_internal_best_so_far.v1,true
clean,gplearn,19,150,150,1.0,0.28426467309776093,0.22765027211035194,0.2559574726040565,0.9257761274656569,91.28356768933831,0.28426467309776093,0.22765027211035194,0.2559574726040565,0.9257761274656569,91.28356768933831,algorithm_native_internal_best_so_far.v1,true
clean,gplearn,20,150,150,1.0,0.2846778301836652,0.2289471792620201,0.2568125047228426,0.9292583246312565,91.36568092802769,0.2846778301836652,0.2289471792620201,0.2568125047228426,0.9292583246312565,91.36568092802769,algorithm_native_internal_best_so_far.v1,true
clean,gplearn,21,150,150,1.0,0.2848881625716668,0.22939571027609976,0.25714193642388333,0.9309002536284601,91.44779256778095,0.2848881625716668,0.22939571027609976,0.25714193642388333,0.9309002536284601,91.44779256778095,algorithm_native_internal_best_so_far.v1,true
clean,gplearn,22,150,150,1.0,0.28522399664069126,0.22884951469195783,0.25703675566632456,0.9302615371534063,91.51953625630638,0.28522399664069126,0.22884951469195783,0.25703675566632456,0.9302615371534063,91.51953625630638,algorithm_native_internal_best_so_far.v1,true
clean,gplearn,23,150,150,1.0,0.2855297016485839,0.22896171679077734,0.2572457092196806,0.931235162095661,91.58927451514376,0.2855297016485839,0.22896171679077734,0.2572457092196806,0.931235162095661,91.58927451514376,algorithm_native_internal_best_so_far.v1,true
clean,gplearn,24,150,150,1.0,0.28555301982131237,0.22868956512033947,0.25712129247082594,0.9307007059924856,91.65097435198146,0.28555301982131237,0.22868956512033947,0.25712129247082594,0.9307007059924856,91.65097435198146,algorithm_native_internal_best_so_far.v1,true
clean,gplearn,25,150,150,1.0,0.287629177739661,0.23002002523140969,0.2588246014855354,0.9334068921774326,91.71856294661194,0.287629177739661,0.23002002523140969,0.2588246014855354,0.9334068921774326,91.71856294661194,algorithm_native_internal_best_so_far.v1,true
clean,gplearn,26,150,150,1.0,0.28672509395251977,0.22884967973966905,0.2577873868460945,0.9314553676221679,91.77344655490444,0.28672509395251977,0.22884967973966905,0.2577873868460945,0.9314553676221679,91.77344655490444,algorithm_native_internal_best_so_far.v1,true
clean,gplearn,27,150,150,1.0,0.28708144477989217,0.22904136546395867,0.2580614051219253,0.9319609113110752,91.82613709476381,0.28708144477989217,0.22904136546395867,0.2580614051219253,0.9319609113110752,91.82613709476381,algorithm_native_internal_best_so_far.v1,true
clean,gplearn,28,150,150,1.0,0.2914923474756347,0.23354929796226837,0.2625208227189515,0.9371171843685867,91.8934792855529,0.2914923474756347,0.23354929796226837,0.2625208227189515,0.9371171843685867,91.8934792855529,algorithm_native_internal_best_so_far.v1,true
clean,gplearn,29,150,150,1.0,0.29176107368535376,0.23369906446839878,0.2627300690768762,0.9376441387166462,91.9579942712809,0.29176107368535376,0.23369906446839878,0.2627300690768762,0.9376441387166462,91.9579942712809,algorithm_native_internal_best_so_far.v1,true
clean,gplearn,30,150,150,1.0,0.29188129147305036,0.2335351245283412,0.2627082080006957,0.9383665810550325,92.02061639908831,0.29188129147305036,0.2335351245283412,0.2627082080006957,0.9383665810550325,92.02061639908831,algorithm_native_internal_best_so_far.v1,true
clean,gplearn,31,150,150,1.0,0.29199826814141433,0.2337164474727596,0.2628573578070871,0.9389814840110817,92.08118194754056,0.29199826814141433,0.2337164474727596,0.2628573578070871,0.9389814840110817,92.08118194754056,algorithm_native_internal_best_so_far.v1,true
clean,gplearn,32,150,150,1.0,0.2920897552766283,0.23385988152644066,0.2629748184015346,0.9395195461867534,92.13964359351353,0.2920897552766283,0.23385988152644066,0.2629748184015346,0.9395195461867534,92.13964359351353,algorithm_native_internal_best_so_far.v1,true
clean,gplearn,33,150,150,1.0,0.29225912299865214,0.23386247136568955,0.26306079718217096,0.9398709318997834,92.19562691461852,0.29225912299865214,0.23386247136568955,0.26306079718217096,0.9398709318997834,92.19562691461852,algorithm_native_internal_best_so_far.v1,true
clean,gplearn,34,150,150,1.0,0.29219771135865275,0.23376387045775326,0.2629807909082031,0.9395828656443536,92.24746984549547,0.29219771135865275,0.23376387045775326,0.2629807909082031,0.9395828656443536,92.24746984549547,algorithm_native_internal_best_so_far.v1,true
clean,gplearn,35,150,150,1.0,0.29249795949935276,0.23381188118210636,0.26315492034072957,0.9402717902377699,92.29831867916067,0.29249795949935276,0.23381188118210636,0.26315492034072957,0.9402717902377699,92.29831867916067,algorithm_native_internal_best_so_far.v1,true
clean,gplearn,36,150,150,1.0,0.2924998114512248,0.2337602248700147,0.2631300181606198,0.9402115534794342,92.34617525329354,0.2924998114512248,0.2337602248700147,0.2631300181606198,0.9402115534794342,92.34617525329354,algorithm_native_internal_best_so_far.v1,true
clean,gplearn,37,150,150,1.0,0.2924673405339098,0.23378137624347134,0.2631243583886905,0.9401864752172994,92.39137720649452,0.2924673405339098,0.23378137624347134,0.2631243583886905,0.9401864752172994,92.39137720649452,algorithm_native_internal_best_so_far.v1,true
clean,gplearn,38,150,150,1.0,0.29287230776799605,0.23382160050694523,0.26334695413747056,0.9404741940668729,92.43495726439433,0.29287230776799605,0.23382160050694523,0.26334695413747056,0.9404741940668729,92.43495726439433,algorithm_native_internal_best_so_far.v1,true
clean,gplearn,39,150,150,1.0,0.29321778889452027,0.23461171761837718,0.2639147532564488,0.9415816477545886,92.47914207237035,0.29321778889452027,0.23461171761837718,0.2639147532564488,0.9415816477545886,92.47914207237035,algorithm_native_internal_best_so_far.v1,true
clean,gplearn,40,150,150,1.0,0.29370766122171443,0.23511435216228554,0.264411006692,0.9433297743841128,92.52548795652137,0.29370766122171443,0.23511435216228554,0.264411006692,0.9433297743841128,92.52548795652137,algorithm_native_internal_best_so_far.v1,true
clean,gplearn,41,150,150,1.0,0.29371259863535837,0.23504617629296892,0.2643793874641638,0.9431801781113223,92.56920819687772,0.29371259863535837,0.23504617629296892,0.2643793874641638,0.9431801781113223,92.56920819687772,algorithm_native_internal_best_so_far.v1,true
clean,gplearn,42,150,150,1.0,0.29347237199389836,0.2350415361862618,0.2642569540900802,0.9428365227179728,92.61002829389963,0.29347237199389836,0.2350415361862618,0.2642569540900802,0.9428365227179728,92.61002829389963,algorithm_native_internal_best_so_far.v1,true
clean,gplearn,43,150,150,1.0,0.29365493047619984,0.23501544093088522,0.2643351857035426,0.9431618272613442,92.64970630395159,0.29365493047619984,0.23501544093088522,0.2643351857035426,0.9431618272613442,92.64970630395159,algorithm_native_internal_best_so_far.v1,true
clean,gplearn,44,150,150,1.0,0.2935163321010697,0.2355841806075957,0.26455025635433277,0.9440822180562045,92.68967256535315,0.2935163321010697,0.2355841806075957,0.26455025635433277,0.9440822180562045,92.68967256535315,algorithm_native_internal_best_so_far.v1,true
clean,gplearn,45,150,150,1.0,0.29354211224744386,0.23530911486114714,0.2644256135542956,0.9434431524361092,92.72644240264776,0.29354211224744386,0.23530911486114714,0.2644256135542956,0.9434431524361092,92.72644240264776,algorithm_native_internal_best_so_far.v1,true
clean,gplearn,46,150,150,1.0,0.2935789834892691,0.23511651475596854,0.2643477491226189,0.943144445235426,92.76096418788462,0.2935789834892691,0.23511651475596854,0.2643477491226189,0.943144445235426,92.76096418788462,algorithm_native_internal_best_so_far.v1,true
clean,gplearn,47,150,150,1.0,0.2935357677344869,0.23509454257236048,0.2643151551534238,0.9438333831491091,92.795482786332,0.2935357677344869,0.23509454257236048,0.2643151551534238,0.9438333831491091,92.795482786332,algorithm_native_internal_best_so_far.v1,true
clean,gplearn,48,150,150,1.0,0.2937556180190461,0.2353329103973715,0.2645442642082089,0.9447854009001476,92.83054648015872,0.2937556180190461,0.2353329103973715,0.2645442642082089,0.9447854009001476,92.83054648015872,algorithm_native_internal_best_so_far.v1,true
clean,gplearn,49,150,150,1.0,0.29405819066245975,0.2355503905548058,0.26480429060863286,0.9453280328171396,92.86528641488432,0.29405819066245975,0.2355503905548058,0.26480429060863286,0.9453280328171396,92.86528641488432,algorithm_native_internal_best_so_far.v1,true
clean,gplearn,50,150,150,1.0,0.29385635439660523,0.23538101186512386,0.2646186831308646,0.944835327564133,92.8976513417149,0.29385635439660523,0.23538101186512386,0.2646186831308646,0.944835327564133,92.8976513417149,algorithm_native_internal_best_so_far.v1,true
clean,gplearn,51,150,150,1.0,0.293919750789089,0.23540471340716893,0.26466223209812906,0.9449894722986231,92.92904930030603,0.293919750789089,0.23540471340716893,0.26466223209812906,0.9449894722986231,92.92904930030603,algorithm_native_internal_best_so_far.v1,true
clean,gplearn,52,150,150,1.0,0.2946036468917624,0.23477947970433452,0.26469156329804855,0.9452861365496985,92.95981015328033,0.2946036468917624,0.23477947970433452,0.26469156329804855,0.9452861365496985,92.95981015328033,algorithm_native_internal_best_so_far.v1,true
clean,gplearn,53,150,150,1.0,0.29462830336613316,0.23517219546260928,0.2649002494143713,0.9462233315021533,92.99117851171306,0.29462830336613316,0.23517219546260928,0.2649002494143713,0.9462233315021533,92.99117851171306,algorithm_native_internal_best_so_far.v1,true
clean,gplearn,54,150,150,1.0,0.294732949697454,0.23512741706444332,0.2649301833809487,0.9463482637469462,93.02161643510162,0.294732949697454,0.23512741706444332,0.2649301833809487,0.9463482637469462,93.02161643510162,algorithm_native_internal_best_so_far.v1,true
clean,gplearn,55,150,150,1.0,0.294739422791392,0.2351508511804883,0.2649451369859401,0.9463940708091826,93.0510308104801,0.294739422791392,0.2351508511804883,0.2649451369859401,0.9463940708091826,93.0510308104801,algorithm_native_internal_best_so_far.v1,true
clean,gplearn,56,150,150,1.0,0.2953889578277831,0.23588635027008512,0.26563765404893414,0.9475505561205099,93.08145982479388,0.2953889578277831,0.23588635027008512,0.26563765404893414,0.9475505561205099,93.08145982479388,algorithm_native_internal_best_so_far.v1,true
clean,gplearn,57,150,150,1.0,0.2954464170675672,0.23600878809347914,0.26572760258052325,0.9478434247309436,93.11133495897458,0.2954464170675672,0.23600878809347914,0.26572760258052325,0.9478434247309436,93.11133495897458,algorithm_native_internal_best_so_far.v1,true
clean,gplearn,58,150,150,1.0,0.2954708549809678,0.23604991491860333,0.2657603849497856,0.9480226000236498,93.14048883903303,0.2954708549809678,0.23604991491860333,0.2657603849497856,0.9480226000236498,93.14048883903303,algorithm_native_internal_best_so_far.v1,true
clean,gplearn,59,150,150,1.0,0.2955100697152563,0.2360810416769256,0.26579555569609103,0.9481739145013647,93.16891091718733,0.2955100697152563,0.2360810416769256,0.26579555569609103,0.9481739145013647,93.16891091718733,algorithm_native_internal_best_so_far.v1,true
clean,gplearn,60,150,150,1.0,0.2956751407163059,0.23598617803006655,0.2658306593731863,0.94832994846819,93.19664564934786,0.2956751407163059,0.23598617803006655,0.2658306593731863,0.94832994846819,93.19664564934786,algorithm_native_internal_best_so_far.v1,true
clean,gplearn,61,150,150,1.0,0.29571100919512394,0.23599151488868572,0.2658512620419049,0.9483835033902155,93.22355884098187,0.29571100919512394,0.23599151488868572,0.2658512620419049,0.9483835033902155,93.22355884098187,algorithm_native_internal_best_so_far.v1,true
clean,gplearn,62,150,150,1.0,0.295727357203129,0.23725487088681027,0.26649111404496967,0.9519509242403852,93.25535776974084,0.295727357203129,0.23725487088681027,0.26649111404496967,0.9519509242403852,93.25535776974084,algorithm_native_internal_best_so_far.v1,true
clean,gplearn,63,150,150,1.0,0.29587561558687403,0.2373192272956723,0.2665974214412732,0.95233278934456,93.28675334378394,0.29587561558687403,0.2373192272956723,0.2665974214412732,0.95233278934456,93.28675334378394,algorithm_native_internal_best_so_far.v1,true
clean,gplearn,64,150,150,1.0,0.2961749559577647,0.23764822127508253,0.26691158861642367,0.953302597812105,93.31868313186872,0.2961749559577647,0.23764822127508253,0.26691158861642367,0.953302597812105,93.31868313186872,algorithm_native_internal_best_so_far.v1,true
clean,gplearn,65,150,150,1.0,0.29670452935622327,0.2374351511330594,0.26706984024464137,0.9537069640194183,93.35025256679293,0.29670452935622327,0.2374351511330594,0.26706984024464137,0.9537069640194183,93.35025256679293,algorithm_native_internal_best_so_far.v1,true
clean,gplearn,66,150,150,1.0,0.2968969428233818,0.23802218945631315,0.2674595661398475,0.9547838728058025,93.38249703215335,0.2968969428233818,0.23802218945631315,0.2674595661398475,0.9547838728058025,93.38249703215335,algorithm_native_internal_best_so_far.v1,true
clean,gplearn,67,150,150,1.0,0.29690347721446414,0.23840909222555723,0.26765628472001074,0.9557522160820531,93.41522426463173,0.29690347721446414,0.23840909222555723,0.26765628472001074,0.9557522160820531,93.41522426463173,algorithm_native_internal_best_so_far.v1,true
clean,gplearn,68,150,150,1.0,0.2971400751402382,0.23812035228544412,0.2676302137128412,0.9555247700436862,93.44665445198082,0.2971400751402382,0.23812035228544412,0.2676302137128412,0.9555247700436862,93.44665445198082,algorithm_native_internal_best_so_far.v1,true
clean,gplearn,69,150,150,1.0,0.2974003886233656,0.23834688266096501,0.2678736356421654,0.9559185161904213,93.4777442659962,0.2974003886233656,0.23834688266096501,0.2678736356421654,0.9559185161904213,93.4777442659962,algorithm_native_internal_best_so_far.v1,true
clean,gplearn,70,150,150,1.0,0.2977611574125269,0.23830650952764282,0.2680338334700849,0.95641421590792,93.50865394206471,0.2977611574125269,0.23830650952764282,0.2680338334700849,0.95641421590792,93.50865394206471,algorithm_native_internal_best_so_far.v1,true
clean,gplearn,71,150,150,1.0,0.2980373058190422,0.23819551373176662,0.2681164097754044,0.9565032528429364,93.53881832716652,0.2980373058190422,0.23819551373176662,0.2681164097754044,0.9565032528429364,93.53881832716652,algorithm_native_internal_best_so_far.v1,true
clean,gplearn,72,150,150,1.0,0.2981144930017532,0.23802322876354134,0.2680688608826473,0.9563893157766065,93.56798656675672,0.2981144930017532,0.23802322876354134,0.2680688608826473,0.9563893157766065,93.56798656675672,algorithm_native_internal_best_so_far.v1,true
clean,gplearn,73,150,150,1.0,0.2969292052380797,0.2375901707120471,0.2672596879750634,0.9542711504873154,93.59345408020843,0.2969292052380797,0.2375901707120471,0.2672596879750634,0.9542711504873154,93.59345408020843,algorithm_native_internal_best_so_far.v1,true
clean,gplearn,74,150,150,1.0,0.29726059725587695,0.23730151430515864,0.2672810557805178,0.9541986602829255,93.61813532275012,0.29726059725587695,0.23730151430515864,0.2672810557805178,0.9541986602829255,93.61813532275012,algorithm_native_internal_best_so_far.v1,true
clean,gplearn,75,150,150,1.0,0.29886557816620357,0.23876948868002884,0.2688175334231161,0.9582667275170771,93.64758248846954,0.29886557816620357,0.23876948868002884,0.2688175334231161,0.9582667275170771,93.64758248846954,algorithm_native_internal_best_so_far.v1,true
clean,gplearn,76,150,150,1.0,0.2989439573093457,0.23869030627374016,0.2688171317915428,0.9582878061410218,93.6762824638068,0.2989439573093457,0.23869030627374016,0.2688171317915428,0.9582878061410218,93.6762824638068,algorithm_native_internal_best_so_far.v1,true
clean,gplearn,77,150,150,1.0,0.29900863282993684,0.23876149798285587,0.26888506540639623,0.9586377015311904,93.70469139483683,0.29900863282993684,0.23876149798285587,0.26888506540639623,0.9586377015311904,93.70469139483683,algorithm_native_internal_best_so_far.v1,true
clean,gplearn,78,150,150,1.0,0.2995093300082143,0.2376558166119141,0.2685825733100641,0.9575019339057637,93.73091577939759,0.2995093300082143,0.2376558166119141,0.2685825733100641,0.9575019339057637,93.73091577939759,algorithm_native_internal_best_so_far.v1,true
clean,gplearn,79,150,150,1.0,0.29954262057488584,0.23734503441013222,0.26844382749250895,0.9562953609187199,93.75494894790992,0.29954262057488584,0.23734503441013222,0.26844382749250895,0.9562953609187199,93.75494894790992,algorithm_native_internal_best_so_far.v1,true
clean,gplearn,80,150,150,1.0,0.29961347244281106,0.23736068243618608,0.26848707743949857,0.9565165888199744,93.77865782208602,0.29961347244281106,0.23736068243618608,0.26848707743949857,0.9565165888199744,93.77865782208602,algorithm_native_internal_best_so_far.v1,true
clean,gplearn,81,150,150,1.0,0.29992856331339873,0.23754030406950047,0.2687344336914496,0.957388048379803,93.80285716796125,0.29992856331339873,0.23754030406950047,0.2687344336914496,0.957388048379803,93.80285716796125,algorithm_native_internal_best_so_far.v1,true
clean,gplearn,82,150,150,1.0,0.2998566771807436,0.23755813590401179,0.26870740654237774,0.9573631042448375,93.82643586621151,0.2998566771807436,0.23755813590401179,0.26870740654237774,0.9573631042448375,93.82643586621151,algorithm_native_internal_best_so_far.v1,true
clean,gplearn,83,150,150,1.0,0.29993403654298184,0.2369851573315838,0.26845959693728283,0.9566347146009991,93.84856882517403,0.29993403654298184,0.2369851573315838,0.26845959693728283,0.9566347146009991,93.84856882517403,algorithm_native_internal_best_so_far.v1,true
clean,gplearn,84,150,150,1.0,0.2999376215815052,0.2370191691788918,0.26847839538019846,0.9567428203176777,93.87030350620489,0.2999376215815052,0.2370191691788918,0.26847839538019846,0.9567428203176777,93.87030350620489,algorithm_native_internal_best_so_far.v1,true
clean,gplearn,85,150,150,1.0,0.3000792564178256,0.23722013313219875,0.2686496947750121,0.957414710861133,93.8923172424391,0.3000792564178256,0.23722013313219875,0.2686496947750121,0.957414710861133,93.8923172424391,algorithm_native_internal_best_so_far.v1,true
clean,gplearn,86,150,150,1.0,0.3000921937430963,0.23732329880647632,0.2687077462747862,0.9576846767677227,93.91413294516391,0.3000921937430963,0.23732329880647632,0.2687077462747862,0.9576846767677227,93.91413294516391,algorithm_native_internal_best_so_far.v1,true
clean,gplearn,87,150,150,1.0,0.3000513138157556,0.23702987588483007,0.26854059485029275,0.9566104950499031,93.93421244585157,0.3000513138157556,0.23702987588483007,0.26854059485029275,0.9566104950499031,93.93421244585157,algorithm_native_internal_best_so_far.v1,true
clean,gplearn,88,150,150,1.0,0.2999535545607106,0.2367423824490504,0.2683479685048804,0.9554127848327336,93.95247455991317,0.2999535545607106,0.2367423824490504,0.2683479685048804,0.9554127848327336,93.95247455991317,algorithm_native_internal_best_so_far.v1,true
clean,gplearn,89,150,150,1.0,0.29997888565338393,0.2372849335526521,0.2686319096030179,0.9570242712991065,93.97213694834011,0.29997888565338393,0.2372849335526521,0.2686319096030179,0.9570242712991065,93.97213694834011,algorithm_native_internal_best_so_far.v1,true
clean,gplearn,90,150,150,1.0,0.30020811456994134,0.23812031448009877,0.26916421452502004,0.959341942181663,93.99393758467153,0.30020811456994134,0.23812031448009877,0.26916421452502004,0.959341942181663,93.99393758467153,algorithm_native_internal_best_so_far.v1,true
clean,gplearn,91,150,150,1.0,0.3004304821843054,0.23811509077443097,0.2692727864793681,0.9598153727518678,94.01577933951233,0.3004304821843054,0.23811509077443097,0.2692727864793681,0.9598153727518678,94.01577933951233,algorithm_native_internal_best_so_far.v1,true
clean,gplearn,92,150,150,1.0,0.30503982958102216,0.24303904372588364,0.27403943665345293,0.9644545623032394,94.04218887093421,0.30503982958102216,0.24303904372588364,0.27403943665345293,0.9644545623032394,94.04218887093421,algorithm_native_internal_best_so_far.v1,true
clean,gplearn,93,150,150,1.0,0.3050176107738672,0.24311490577925834,0.2740662582765628,0.9645534190814866,94.06813675305479,0.3050176107738672,0.24311490577925834,0.2740662582765628,0.9645534190814866,94.06813675305479,algorithm_native_internal_best_so_far.v1,true
clean,gplearn,94,150,150,1.0,0.3050335360633648,0.24312747158191905,0.2740805038226418,0.9646118140921363,94.09359467492884,0.3050335360633648,0.24312747158191905,0.2740805038226418,0.9646118140921363,94.09359467492884,algorithm_native_internal_best_so_far.v1,true
clean,gplearn,95,150,150,1.0,0.3051019003328356,0.24313765956191943,0.2741197799473774,0.9648842021997617,94.1188033648767,0.3051019003328356,0.24313765956191943,0.2741197799473774,0.9648842021997617,94.1188033648767,algorithm_native_internal_best_so_far.v1,true
clean,gplearn,96,150,150,1.0,0.3043484554601307,0.24228530493185393,0.2733168801959922,0.9590334810156611,94.13739237255055,0.3043484554601307,0.24228530493185393,0.2733168801959922,0.9590334810156611,94.13739237255055,algorithm_native_internal_best_so_far.v1,true
clean,gplearn,97,150,150,1.0,0.3043737932737471,0.24227489615697573,0.2733243447153614,0.9590616451658173,94.15562713692199,0.3043737932737471,0.24227489615697573,0.2733243447153614,0.9590616451658173,94.15562713692199,algorithm_native_internal_best_so_far.v1,true
clean,gplearn,98,150,150,1.0,0.3042580962415673,0.24229580978098014,0.27327695301127375,0.9588623589883473,94.17328641000275,0.3042580962415673,0.24229580978098014,0.27327695301127375,0.9588623589883473,94.17328641000275,algorithm_native_internal_best_so_far.v1,true
clean,gplearn,99,150,150,1.0,0.3042548398230113,0.2431472512229841,0.2737010455229977,0.9618659064507025,94.19362281641756,0.3042548398230113,0.2431472512229841,0.2737010455229977,0.9618659064507025,94.19362281641756,algorithm_native_internal_best_so_far.v1,true
clean,gplearn,100,150,150,1.0,0.3045880479839391,0.2435931947352671,0.2740906213596032,0.9632669287220813,94.21495351697546,0.3045880479839391,0.2435931947352671,0.2740906213596032,0.9632669287220813,94.21495351697546,algorithm_native_internal_best_so_far.v1,true
clean,gplearn,101,150,150,1.0,0.3048825924219539,0.24416715733370936,0.27452487487783167,0.9648789303278981,94.23745786861718,0.3048825924219539,0.24416715733370936,0.27452487487783167,0.9648789303278981,94.23745786861718,algorithm_native_internal_best_so_far.v1,true
clean,gplearn,102,150,150,1.0,0.3049732226031111,0.24408717112801634,0.27453019686556357,0.965001392626337,94.2596410195389,0.3049732226031111,0.24408717112801634,0.27453019686556357,0.965001392626337,94.2596410195389,algorithm_native_internal_best_so_far.v1,true
clean,gplearn,103,150,150,1.0,0.30505379317940123,0.24406912362817715,0.2745614584037891,0.9651317304869004,94.28151997127824,0.30505379317940123,0.24406912362817715,0.2745614584037891,0.9651317304869004,94.28151997127824,algorithm_native_internal_best_so_far.v1,true
clean,gplearn,104,150,150,1.0,0.305030482963119,0.24403051895678735,0.274530500959953,0.964976240718319,94.30282866455279,0.305030482963119,0.24403051895678735,0.274530500959953,0.964976240718319,94.30282866455279,algorithm_native_internal_best_so_far.v1,true
clean,gplearn,105,150,150,1.0,0.3051304231149902,0.24407050705868816,0.274600465086839,0.9653342196424055,94.32407241026411,0.3051304231149902,0.24407050705868816,0.274600465086839,0.9653342196424055,94.32407241026411,algorithm_native_internal_best_so_far.v1,true
clean,gplearn,106,150,150,1.0,0.30513368363804444,0.24407251237575878,0.27460309800690147,0.9653460649004802,94.34492650535641,0.30513368363804444,0.24407251237575878,0.27460309800690147,0.9653460649004802,94.34492650535641,algorithm_native_internal_best_so_far.v1,true
clean,gplearn,107,150,150,1.0,0.3051131371033367,0.24390911641043744,0.27451112675688694,0.965047180167143,94.36511147275228,0.3051131371033367,0.24390911641043744,0.27451112675688694,0.965047180167143,94.36511147275228,algorithm_native_internal_best_so_far.v1,true
clean,gplearn,108,150,150,1.0,0.30508169641640703,0.24388421963878276,0.27448295802759465,0.9649270871523324,94.3848114472197,0.30508169641640703,0.24388421963878276,0.27448295802759465,0.9649270871523324,94.3848114472197,algorithm_native_internal_best_so_far.v1,true
clean,gplearn,109,150,150,1.0,0.3050121226541573,0.2439087039249725,0.2744604132895647,0.9648191066287046,94.40405088956513,0.3050121226541573,0.2439087039249725,0.2744604132895647,0.9648191066287046,94.40405088956513,algorithm_native_internal_best_so_far.v1,true
clean,gplearn,110,150,150,1.0,0.3050143975223188,0.24378256126740094,0.2743984793948598,0.964607240692362,94.42274791847122,0.3050143975223188,0.24378256126740094,0.2743984793948598,0.964607240692362,94.42274791847122,algorithm_native_internal_best_so_far.v1,true
clean,gplearn,111,150,150,1.0,0.3049792411475802,0.244025152850317,0.27450219699894857,0.9649938189662833,94.44145633268884,0.3049792411475802,0.244025152850317,0.27450219699894857,0.9649938189662833,94.44145633268884,algorithm_native_internal_best_so_far.v1,true
clean,gplearn,112,150,150,1.0,0.30498251872719456,0.24406236436686674,0.2745224415470306,0.9650838240391795,94.45991102975339,0.30498251872719456,0.24406236436686674,0.2745224415470306,0.9650838240391795,94.45991102975339,algorithm_native_internal_best_so_far.v1,true
clean,gplearn,113,150,150,1.0,0.30517929983352354,0.24411095986788572,0.2746451298507046,0.9655715056385257,94.47847067164807,0.30517929983352354,0.24411095986788572,0.2746451298507046,0.9655715056385257,94.47847067164807,algorithm_native_internal_best_so_far.v1,true
clean,gplearn,114,150,150,1.0,0.3052068915955975,0.24410744640189364,0.2746571689987456,0.9656036026445014,94.49673286105863,0.3052068915955975,0.24410744640189364,0.2746571689987456,0.9656036026445014,94.49673286105863,algorithm_native_internal_best_so_far.v1,true
clean,gplearn,115,150,150,1.0,0.30521786386602745,0.24432870931768666,0.27477328659185707,0.9665215970976493,94.5154757032213,0.30521786386602745,0.24432870931768666,0.27477328659185707,0.9665215970976493,94.5154757032213,algorithm_native_internal_best_so_far.v1,true
clean,gplearn,116,150,150,1.0,0.3052493161485788,0.24418230350922626,0.2747158098289025,0.9661257248362748,94.53355412374204,0.3052493161485788,0.24418230350922626,0.2747158098289025,0.9661257248362748,94.53355412374204,algorithm_native_internal_best_so_far.v1,true
clean,gplearn,117,150,150,1.0,0.3053240399253068,0.2441861358692061,0.27475508789725644,0.9663361466550602,94.55150335914173,0.3053240399253068,0.2441861358692061,0.27475508789725644,0.9663361466550602,94.55150335914173,algorithm_native_internal_best_so_far.v1,true
clean,gplearn,118,150,150,1.0,0.3051296797441996,0.24450023821453726,0.27481495897936836,0.9663946321237467,94.56919793416913,0.3051296797441996,0.24450023821453726,0.27481495897936836,0.9663946321237467,94.56919793416913,algorithm_native_internal_best_so_far.v1,true
clean,gplearn,119,150,150,1.0,0.3052574001480999,0.24460356035687256,0.2749304802524861,0.9667228010753507,94.58687089360919,0.3052574001480999,0.24460356035687256,0.2749304802524861,0.9667228010753507,94.58687089360919,algorithm_native_internal_best_so_far.v1,true
clean,gplearn,120,150,150,1.0,0.30535183788048437,0.24554239303366274,0.27544711545707345,0.9691850320417433,94.6063011628639,0.30535183788048437,0.24554239303366274,0.27544711545707345,0.9691850320417433,94.6063011628639,algorithm_native_internal_best_so_far.v1,true
clean,gplearn,121,150,150,1.0,0.3053545162743966,0.245504922556462,0.27542971941542915,0.9691054676976227,94.62534451498702,0.3053545162743966,0.245504922556462,0.27542971941542915,0.9691054676976227,94.62534451498702,algorithm_native_internal_best_so_far.v1,true
clean,gplearn,122,150,150,1.0,0.3053639067222644,0.24551062526215167,0.2754372659922079,0.9691402802188491,94.64410421586322,0.3053639067222644,0.24551062526215167,0.2754372659922079,0.9691402802188491,94.64410421586322,algorithm_native_internal_best_so_far.v1,true
clean,gplearn,123,150,150,1.0,0.3055381855846208,0.2455509217556508,0.27554455367013564,0.9695208951659631,94.66286832399928,0.3055381855846208,0.2455509217556508,0.27554455367013564,0.9695208951659631,94.66286832399928,algorithm_native_internal_best_so_far.v1,true
clean,gplearn,124,150,150,1.0,0.30557490646095575,0.246706816839821,0.2761408616503883,0.971259470286476,94.68273186193997,0.30557490646095575,0.246706816839821,0.2761408616503883,0.971259470286476,94.68273186193997,algorithm_native_internal_best_so_far.v1,true
clean,gplearn,125,150,150,1.0,0.3055798585377525,0.24670928213166585,0.27614457033470907,0.9712784643154311,94.70229277849681,0.3055798585377525,0.24670928213166585,0.27614457033470907,0.9712784643154311,94.70229277849681,algorithm_native_internal_best_so_far.v1,true
clean,gplearn,126,150,150,1.0,0.305593397232092,0.24646525603283181,0.2760293266324618,0.9704229311222893,94.7208642097169,0.305593397232092,0.24646525603283181,0.2760293266324618,0.9704229311222893,94.7208642097169,algorithm_native_internal_best_so_far.v1,true
clean,gplearn,127,150,150,1.0,0.3055426461681016,0.24744039610902396,0.2764915211385627,0.9722572499884286,94.74058752301711,0.3055426461681016,0.24744039610902396,0.2764915211385627,0.9722572499884286,94.74058752301711,algorithm_native_internal_best_so_far.v1,true
clean,gplearn,128,150,150,1.0,0.3056369040542281,0.24702142096510538,0.2763291625096667,0.9718683975606467,94.75969886858778,0.3056369040542281,0.24702142096510538,0.2763291625096667,0.9718683975606467,94.75969886858778,algorithm_native_internal_best_so_far.v1,true
clean,gplearn,129,150,150,1.0,0.3056216124798752,0.2469812979273988,0.27630145520363697,0.9715388249377984,94.77825843157376,0.3056216124798752,0.2469812979273988,0.27630145520363697,0.9715388249377984,94.77825843157376,algorithm_native_internal_best_so_far.v1,true
clean,gplearn,130,150,150,1.0,0.30562925918259104,0.24705449710248378,0.2763418781425373,0.971662822317759,94.79662784542147,0.30562925918259104,0.24705449710248378,0.2763418781425373,0.971662822317759,94.79662784542147,algorithm_native_internal_best_so_far.v1,true
clean,gplearn,131,150,150,1.0,0.30562805892398154,0.24704524071643846,0.2763366498202099,0.9716391317673062,94.81469872581314,0.30562805892398154,0.24704524071643846,0.2763366498202099,0.9716391317673062,94.81469872581314,algorithm_native_internal_best_so_far.v1,true
clean,gplearn,132,150,150,1.0,0.30540040078576763,0.24636369660948731,0.2758820486976274,0.9695220084996746,94.83089192372341,0.30540040078576763,0.24636369660948731,0.2758820486976274,0.9695220084996746,94.83089192372341,algorithm_native_internal_best_so_far.v1,true
clean,gplearn,133,150,150,1.0,0.3055748501693224,0.24609986291408933,0.2758373565417058,0.9693126000754783,94.84668416495518,0.3055748501693224,0.24609986291408933,0.2758373565417058,0.9693126000754783,94.84668416495518,algorithm_native_internal_best_so_far.v1,true
clean,gplearn,134,150,150,1.0,0.3055460658393746,0.24607241768252489,0.2758092417609497,0.9692762293215879,94.86221355874028,0.3055460658393746,0.24607241768252489,0.2758092417609497,0.9692762293215879,94.86221355874028,algorithm_native_internal_best_so_far.v1,true
clean,gplearn,135,150,150,1.0,0.3055262958108476,0.2462161095485078,0.2758712026796777,0.9694239866642793,94.87762233731574,0.3055262958108476,0.2462161095485078,0.2758712026796777,0.9694239866642793,94.87762233731574,algorithm_native_internal_best_so_far.v1,true
clean,gplearn,136,150,150,1.0,0.30569362752885576,0.2464124888637945,0.27605305819632514,0.9698523715582578,94.89311950509891,0.30569362752885576,0.2464124888637945,0.27605305819632514,0.9698523715582578,94.89311950509891,algorithm_native_internal_best_so_far.v1,true
clean,gplearn,137,150,150,1.0,0.30574807060061704,0.24663014828715135,0.27618910944388425,0.9706963403790673,94.90900647249167,0.30574807060061704,0.24663014828715135,0.27618910944388425,0.9706963403790673,94.90900647249167,algorithm_native_internal_best_so_far.v1,true
clean,gplearn,138,150,150,1.0,0.3057190331383377,0.2466370886143862,0.27617806087636204,0.9706453631838193,94.92462625398363,0.3057190331383377,0.2466370886143862,0.27617806087636204,0.9706453631838193,94.92462625398363,algorithm_native_internal_best_so_far.v1,true
clean,gplearn,139,150,150,1.0,0.3060784982305105,0.24663354976680463,0.2763560239986576,0.9711959480400529,94.94041739463127,0.3060784982305105,0.24663354976680463,0.2763560239986576,0.9711959480400529,94.94041739463127,algorithm_native_internal_best_so_far.v1,true
clean,gplearn,140,150,150,1.0,0.3061492679679053,0.24667295320121,0.27641111058455775,0.9713825670535331,94.95611624685071,0.3061492679679053,0.24667295320121,0.27641111058455775,0.9713825670535331,94.95611624685071,algorithm_native_internal_best_so_far.v1,true
clean,gplearn,141,150,150,1.0,0.3061459507001043,0.24634371041509265,0.2762448305575985,0.9708657327211354,94.97122587114336,0.3061459507001043,0.24634371041509265,0.2762448305575985,0.9708657327211354,94.97122587114336,algorithm_native_internal_best_so_far.v1,true
clean,gplearn,142,150,150,1.0,0.3063801165541712,0.24642550526666937,0.2764028109104203,0.9717187625731322,94.98672340907412,0.3063801165541712,0.24642550526666937,0.2764028109104203,0.9717187625731322,94.98672340907412,algorithm_native_internal_best_so_far.v1,true
clean,gplearn,143,150,150,1.0,0.3064024239430054,0.2472616971327491,0.2768320605378773,0.9727708421238592,95.00273991818817,0.3064024239430054,0.2472616971327491,0.2768320605378773,0.9727708421238592,95.00273991818817,algorithm_native_internal_best_so_far.v1,true
clean,gplearn,144,150,150,1.0,0.30640322579498896,0.2473811273035319,0.2768921765492605,0.9729590828469024,95.0186646985111,0.30640322579498896,0.2473811273035319,0.2768921765492605,0.9729590828469024,95.0186646985111,algorithm_native_internal_best_so_far.v1,true
clean,gplearn,145,150,150,1.0,0.30643555874481304,0.24837441418510917,0.2774049864649611,0.97511822843824,95.03585889261672,0.30643555874481304,0.24837441418510917,0.2774049864649611,0.97511822843824,95.03585889261672,algorithm_native_internal_best_so_far.v1,true
clean,gplearn,146,150,150,1.0,0.30638321763429,0.24836673356607197,0.2773749756001809,0.9749732088344215,95.052718221321,0.30638321763429,0.24836673356607197,0.2773749756001809,0.9749732088344215,95.052718221321,algorithm_native_internal_best_so_far.v1,true
clean,gplearn,147,150,150,1.0,0.3063960668518812,0.24840292830113442,0.2773994975765077,0.9750763881753244,95.06941836143129,0.3063960668518812,0.24840292830113442,0.2773994975765077,0.9750763881753244,95.06941836143129,algorithm_native_internal_best_so_far.v1,true
clean,gplearn,148,150,150,1.0,0.3066389782037648,0.2477577877535013,0.27719838297863303,0.9731202892032891,95.08457113547789,0.3066389782037648,0.2477577877535013,0.27719838297863303,0.9731202892032891,95.08457113547789,algorithm_native_internal_best_so_far.v1,true
clean,gplearn,149,150,150,1.0,0.306661759915086,0.2477884639344603,0.27722511192477306,0.973213168089552,95.09958285140726,0.306661759915086,0.2477884639344603,0.27722511192477306,0.973213168089552,95.09958285140726,algorithm_native_internal_best_so_far.v1,true
clean,gplearn,150,150,150,1.0,0.306675562061178,0.24778800810022716,0.27723178508070245,0.9732442111646981,95.11441510650769,0.306675562061178,0.24778800810022716,0.27723178508070245,0.9732442111646981,95.11441510650769,algorithm_native_internal_best_so_far.v1,true
clean,gplearn,151,150,150,1.0,0.30666783213499926,0.24775287872782978,0.2772103554314144,0.9731807590582238,95.12900888663562,0.30666783213499926,0.24775287872782978,0.2772103554314144,0.9731807590582238,95.12900888663562,algorithm_native_internal_best_so_far.v1,true
clean,gplearn,152,150,150,1.0,0.306671410326366,0.24775796474266343,0.27721468753451467,0.9731959580538802,95.14342064268003,0.306671410326366,0.24775796474266343,0.27721468753451467,0.9731959580538802,95.14342064268003,algorithm_native_internal_best_so_far.v1,true
clean,gplearn,153,150,150,1.0,0.30664479892412505,0.2478136581744544,0.27722922854928955,0.9732442907829041,95.15767559977553,0.30664479892412505,0.2478136581744544,0.27722922854928955,0.9732442907829041,95.15767559977553,algorithm_native_internal_best_so_far.v1,true
clean,gplearn,154,150,150,1.0,0.30662369001834366,0.2478009392564128,0.2772123146373781,0.9731456003134984,95.1716813428377,0.30662369001834366,0.2478009392564128,0.2772123146373781,0.9731456003134984,95.1716813428377,algorithm_native_internal_best_so_far.v1,true
clean,gplearn,155,150,150,1.0,0.3069727890572413,0.24737206556964778,0.2771724273134445,0.9729483275987069,95.18537909391533,0.3069727890572413,0.24737206556964778,0.2771724273134445,0.9729483275987069,95.18537909391533,algorithm_native_internal_best_so_far.v1,true
clean,gplearn,156,150,150,1.0,0.3070025254388193,0.24729472530816834,0.2771486253734938,0.9726739112460391,95.19872532488128,0.3070025254388193,0.24729472530816834,0.2771486253734938,0.9726739112460391,95.19872532488128,algorithm_native_internal_best_so_far.v1,true
clean,gplearn,157,150,150,1.0,0.307017814633276,0.24744954945046738,0.2772336820418717,0.9732273809784385,95.21225406865813,0.307017814633276,0.24744954945046738,0.2772336820418717,0.9732273809784385,95.21225406865813,algorithm_native_internal_best_so_far.v1,true
clean,gplearn,158,150,150,1.0,0.30706853149438873,0.24745744217026275,0.2772629868323257,0.9733440542025441,95.22568540632646,0.30706853149438873,0.24745744217026275,0.2772629868323257,0.9733440542025441,95.22568540632646,algorithm_native_internal_best_so_far.v1,true
clean,gplearn,159,150,150,1.0,0.307077331622692,0.24753273901763082,0.2773050353201614,0.973561015399092,95.2390842499339,0.307077331622692,0.24753273901763082,0.2773050353201614,0.973561015399092,95.2390842499339,algorithm_native_internal_best_so_far.v1,true
clean,gplearn,160,150,150,1.0,0.3071116002498361,0.2474245208492275,0.27726806054953174,0.9733567773076305,95.25218795918909,0.3071116002498361,0.2474245208492275,0.27726806054953174,0.9733567773076305,95.25218795918909,algorithm_native_internal_best_so_far.v1,true
clean,gplearn,161,150,150,1.0,0.30712069759944405,0.2474535777034618,0.27728713765145285,0.9734459196174318,95.26518425734159,0.30712069759944405,0.2474535777034618,0.27728713765145285,0.9734459196174318,95.26518425734159,algorithm_native_internal_best_so_far.v1,true
clean,gplearn,162,150,150,1.0,0.3071766687026031,0.2474752696950278,0.27732596919881536,0.9736130794604702,95.27812329245707,0.3071766687026031,0.2474752696950278,0.27732596919881536,0.9736130794604702,95.27812329245707,algorithm_native_internal_best_so_far.v1,true
clean,gplearn,163,150,150,1.0,0.30719627271158617,0.24832219479452888,0.27775923375305744,0.9750099594019283,95.29176054796463,0.30719627271158617,0.24832219479452888,0.27775923375305744,0.9750099594019283,95.29176054796463,algorithm_native_internal_best_so_far.v1,true
clean,gplearn,164,150,150,1.0,0.3071660664355319,0.2481962821861001,0.2776811743108159,0.9746583042898805,95.30501707162941,0.3071660664355319,0.2481962821861001,0.2776811743108159,0.9746583042898805,95.30501707162941,algorithm_native_internal_best_so_far.v1,true
clean,gplearn,165,150,150,1.0,0.30714683036848206,0.24812600407850155,0.2776364172234917,0.9744999923806226,95.3180169635472,0.30714683036848206,0.24812600407850155,0.2776364172234917,0.9744999923806226,95.3180169635472,algorithm_native_internal_best_so_far.v1,true
clean,gplearn,166,150,150,1.0,0.3073105503937479,0.24789361854785838,0.2776020844708029,0.9743204878182471,95.33075209498261,0.3073105503937479,0.24789361854785838,0.2776020844708029,0.9743204878182471,95.33075209498261,algorithm_native_internal_best_so_far.v1,true
clean,gplearn,167,150,150,1.0,0.30724085045420874,0.2478452935792063,0.2775430720167074,0.9740466595815765,95.34317074086988,0.30724085045420874,0.2478452935792063,0.2775430720167074,0.9740466595815765,95.34317074086988,algorithm_native_internal_best_so_far.v1,true
clean,gplearn,168,150,150,1.0,0.3072619753577553,0.24785632064940533,0.2775591480035802,0.9741179116794457,95.35548395769771,0.3072619753577553,0.24785632064940533,0.2775591480035802,0.9741179116794457,95.35548395769771,algorithm_native_internal_best_so_far.v1,true
clean,gplearn,169,150,150,1.0,0.30729034752207846,0.24785439041003804,0.2775723689660582,0.9741884861942172,95.36769321605111,0.30729034752207846,0.24785439041003804,0.2775723689660582,0.9741884861942172,95.36769321605111,algorithm_native_internal_best_so_far.v1,true
clean,gplearn,170,150,150,1.0,0.3072786103729275,0.24792230779534696,0.27760045908413716,0.9743276929905846,95.37984072242173,0.3072786103729275,0.24792230779534696,0.27760045908413716,0.9743276929905846,95.37984072242173,algorithm_native_internal_best_so_far.v1,true
clean,gplearn,171,150,150,1.0,0.30726701268677803,0.2479241335289531,0.2775955731078655,0.9743031648783522,95.39183180876918,0.30726701268677803,0.2479241335289531,0.2775955731078655,0.9743031648783522,95.39183180876918,algorithm_native_internal_best_so_far.v1,true
clean,gplearn,172,150,150,1.0,0.3071856506804487,0.24787337378069751,0.27752951223057304,0.9740507266274576,95.4035366974551,0.3071856506804487,0.24787337378069751,0.27752951223057304,0.9740507266274576,95.4035366974551,algorithm_native_internal_best_so_far.v1,true
clean,gplearn,173,150,150,1.0,0.3071344988727462,0.24784677731352697,0.27749063809313657,0.9737643972917601,95.41494076122228,0.3071344988727462,0.24784677731352697,0.27749063809313657,0.9737643972917601,95.41494076122228,algorithm_native_internal_best_so_far.v1,true
clean,gplearn,174,150,150,1.0,0.30715108347422576,0.24781241726806735,0.2774817503711465,0.9737340787432651,95.42619631934357,0.30715108347422576,0.24781241726806735,0.2774817503711465,0.9737340787432651,95.42619631934357,algorithm_native_internal_best_so_far.v1,true
clean,gplearn,175,150,150,1.0,0.3072552316862739,0.2478283980343738,0.2775418148603238,0.9739568588117898,95.43745054541121,0.3072552316862739,0.2478283980343738,0.2775418148603238,0.9739568588117898,95.43745054541121,algorithm_native_internal_best_so_far.v1,true
clean,gplearn,176,150,150,1.0,0.3072665879989495,0.24769810268505338,0.27748234534200134,0.9737158558311814,95.44843994903454,0.3072665879989495,0.24769810268505338,0.27748234534200134,0.9737158558311814,95.44843994903454,algorithm_native_internal_best_so_far.v1,true
clean,gplearn,177,150,150,1.0,0.30729686790849753,0.2477038921686736,0.2775003800385855,0.9738172205191056,95.45936244679089,0.30729686790849753,0.2477038921686736,0.2775003800385855,0.9738172205191056,95.45936244679089,algorithm_native_internal_best_so_far.v1,true
clean,gplearn,178,150,150,1.0,0.30733288092132405,0.247715508294893,0.27752419460810845,0.9739252120753282,95.47022288926696,0.30733288092132405,0.247715508294893,0.27752419460810845,0.9739252120753282,95.47022288926696,algorithm_native_internal_best_so_far.v1,true
clean,gplearn,179,150,150,1.0,0.30733328902040835,0.24771550566554648,0.27752439734297735,0.9739268843539413,95.48096292025093,0.30733328902040835,0.24771550566554648,0.27752439734297735,0.9739268843539413,95.48096292025093,algorithm_native_internal_best_so_far.v1,true
clean,gplearn,180,150,150,1.0,0.30733328902040835,0.24771550566554648,0.27752439734297735,0.9739268843539413,95.49158361755728,0.30733328902040835,0.24771550566554648,0.27752439734297735,0.9739268843539413,95.49158361755728,algorithm_native_internal_best_so_far.v1,true
clean,iMCTS,1,150,150,1.0,0.36424141587228553,0.3004083494203333,0.3323248826463096,0.48996116697385067,48.99611669738507,0.36424141587228553,0.3004083494203333,0.3323248826463096,0.48996116697385067,48.99611669738507,algorithm_native_internal_best_so_far.v1,true
clean,iMCTS,2,150,150,1.0,0.40144485801403457,0.3391489512294716,0.3702969046217531,0.5376117165110873,51.3786441742469,0.40144485801403457,0.3391489512294716,0.3702969046217531,0.5376117165110873,51.3786441742469,algorithm_native_internal_best_so_far.v1,true
clean,iMCTS,3,150,150,1.0,0.43096264873271756,0.363003302924542,0.3969829758286299,0.574589583867483,53.40541557841403,0.43096264873271756,0.363003302924542,0.3969829758286299,0.574589583867483,53.40541557841403,algorithm_native_internal_best_so_far.v1,true
clean,iMCTS,4,150,150,1.0,0.46169203352837723,0.4004518690292563,0.4310719512788167,0.6108810631293478,55.326088262044216,0.46169203352837723,0.4004518690292563,0.4310719512788167,0.6108810631293478,55.326088262044216,algorithm_native_internal_best_so_far.v1,true
clean,iMCTS,5,150,150,1.0,0.4770935552568766,0.42231588794698255,0.4497047216019296,0.6296965425189114,56.854801460013604,0.4770935552568766,0.42231588794698255,0.4497047216019296,0.6296965425189114,56.854801460013604,algorithm_native_internal_best_so_far.v1,true
clean,iMCTS,6,150,150,1.0,0.4912886462631836,0.4339054033904838,0.4625970248268337,0.6472622285207783,58.166705025357636,0.4912886462631836,0.4339054033904838,0.4625970248268337,0.6472622285207783,58.166705025357636,algorithm_native_internal_best_so_far.v1,true
clean,iMCTS,7,150,150,1.0,0.5133263817413419,0.45424756661673776,0.48378697417903965,0.6703348235219333,59.43338750061988,0.5133263817413419,0.45424756661673776,0.48378697417903965,0.6703348235219333,59.43338750061988,algorithm_native_internal_best_so_far.v1,true
clean,iMCTS,8,150,150,1.0,0.5285029261368117,0.47319775157775323,0.5008503388572821,0.689174108890489,60.61889042417351,0.5285029261368117,0.47319775157775323,0.5008503388572821,0.689174108890489,60.61889042417351,algorithm_native_internal_best_so_far.v1,true
clean,iMCTS,9,150,150,1.0,0.5332085513151363,0.47786370334467476,0.5055361273299052,0.6848029839927731,61.492380199185035,0.5332085513151363,0.47786370334467476,0.5055361273299052,0.6848029839927731,61.492380199185035,algorithm_native_internal_best_so_far.v1,true
clean,iMCTS,10,150,150,1.0,0.5498120067565948,0.49352995994165466,0.5216709833491242,0.700050849667166,62.34365067593819,0.5498120067565948,0.49352995994165466,0.5216709833491242,0.700050849667166,62.34365067593819,algorithm_native_internal_best_so_far.v1,true
clean,iMCTS,11,150,150,1.0,0.5647286905591735,0.5145614384925221,0.5396450645258474,0.7265786528474367,63.28130654946597,0.5647286905591735,0.5145614384925221,0.5396450645258474,0.7265786528474367,63.28130654946597,algorithm_native_internal_best_so_far.v1,true
clean,iMCTS,12,150,150,1.0,0.5749931819956215,0.5258234627780174,0.550408322386819,0.740721811136266,64.18054609647935,0.5749931819956215,0.5258234627780174,0.550408322386819,0.740721811136266,64.18054609647935,algorithm_native_internal_best_so_far.v1,true
clean,iMCTS,13,150,150,1.0,0.5850872318460478,0.5335484826287036,0.5593178572373753,0.7481357747526882,64.99847158715548,0.5850872318460478,0.5335484826287036,0.5593178572373753,0.7481357747526882,64.99847158715548,algorithm_native_internal_best_so_far.v1,true
clean,iMCTS,14,150,150,1.0,0.5919846464991566,0.5420851405504757,0.5670348935248157,0.7584582172421885,65.77328231123143,0.5919846464991566,0.5420851405504757,0.5670348935248157,0.7584582172421885,65.77328231123143,algorithm_native_internal_best_so_far.v1,true
clean,iMCTS,15,150,150,1.0,0.5996725991441356,0.5503772075564041,0.5750249033502695,0.7682971382858526,66.51037774572168,0.5996725991441356,0.5503772075564041,0.5750249033502695,0.7682971382858526,66.51037774572168,algorithm_native_internal_best_so_far.v1,true
clean,iMCTS,16,150,150,1.0,0.6071027126291507,0.5580040903679333,0.5825534014985415,0.7759531359817787,67.20318623650019,0.6071027126291507,0.5580040903679333,0.5825534014985415,0.7759531359817787,67.20318623650019,algorithm_native_internal_best_so_far.v1,true
clean,iMCTS,17,150,150,1.0,0.6092539200969813,0.559334558372704,0.5842942392348426,0.7780790754073255,67.82699337204326,0.6092539200969813,0.559334558372704,0.5842942392348426,0.7780790754073255,67.82699337204326,algorithm_native_internal_best_so_far.v1,true
clean,iMCTS,18,150,150,1.0,0.6191084434280901,0.5718566247904547,0.5954825341092722,0.7920871174636475,68.45931105950557,0.6191084434280901,0.5718566247904547,0.5954825341092722,0.7920871174636475,68.45931105950557,algorithm_native_internal_best_so_far.v1,true
clean,iMCTS,19,150,150,1.0,0.626953853414892,0.5785935464231783,0.6027736999190351,0.7996088038030716,69.06465681323198,0.626953853414892,0.5785935464231783,0.6027736999190351,0.7996088038030716,69.06465681323198,algorithm_native_internal_best_so_far.v1,true
clean,iMCTS,20,150,150,1.0,0.6348811128746852,0.5855239588632029,0.610202535868944,0.8080234836865611,69.65154139100318,0.6348811128746852,0.5855239588632029,0.610202535868944,0.8080234836865611,69.65154139100318,algorithm_native_internal_best_so_far.v1,true
clean,iMCTS,21,150,150,1.0,0.6379426441477624,0.585094378860044,0.6115185115039029,0.8081926593413562,70.18333779781901,0.6379426441477624,0.585094378860044,0.6115185115039029,0.8081926593413562,70.18333779781901,algorithm_native_internal_best_so_far.v1,true
clean,iMCTS,22,150,150,1.0,0.6466376918000744,0.5954067872014781,0.6210222395007758,0.8193004131144769,70.7172788666203,0.6466376918000744,0.5954067872014781,0.6210222395007758,0.8193004131144769,70.7172788666203,algorithm_native_internal_best_so_far.v1,true
clean,iMCTS,23,150,150,1.0,0.6511355582149957,0.5994729181230765,0.6253042381690357,0.82308423589542,71.22124168066038,0.6511355582149957,0.5994729181230765,0.6253042381690357,0.82308423589542,71.22124168066038,algorithm_native_internal_best_so_far.v1,true
clean,iMCTS,24,150,150,1.0,0.6526581684420529,0.6023482832534045,0.6275032258477282,0.8258933370539734,71.69491218169108,0.6526581684420529,0.6023482832534045,0.6275032258477282,0.8258933370539734,71.69491218169108,algorithm_native_internal_best_so_far.v1,true
clean,iMCTS,25,150,150,1.0,0.6533317945176937,0.60350173369525,0.6284167641064713,0.8272973383304847,72.13630504774538,0.6533317945176937,0.60350173369525,0.6284167641064713,0.8272973383304847,72.13630504774538,algorithm_native_internal_best_so_far.v1,true
clean,iMCTS,26,150,150,1.0,0.6521984291070382,0.6030754115961253,0.6276369203515813,0.8270548606728834,72.54281201003549,0.6521984291070382,0.6030754115961253,0.6276369203515813,0.8270548606728834,72.54281201003549,algorithm_native_internal_best_so_far.v1,true
clean,iMCTS,27,150,150,1.0,0.6596170531072355,0.6117336498134658,0.6356753514603503,0.8360918566576594,72.95267770098847,0.6596170531072355,0.6117336498134658,0.6356753514603503,0.8360918566576594,72.95267770098847,algorithm_native_internal_best_so_far.v1,true
clean,iMCTS,28,150,150,1.0,0.6605369941804473,0.609513756316596,0.6350253752485215,0.8356101746849499,73.33154697839942,0.6605369941804473,0.609513756316596,0.6350253752485215,0.8356101746849499,73.33154697839942,algorithm_native_internal_best_so_far.v1,true
clean,iMCTS,29,150,150,1.0,0.6630346419715949,0.6101380818769795,0.636586361924287,0.8385379014437723,73.69438294964004,0.6630346419715949,0.6101380818769795,0.636586361924287,0.8385379014437723,73.69438294964004,algorithm_native_internal_best_so_far.v1,true
clean,iMCTS,30,150,150,1.0,0.6635605773960566,0.6114182399568248,0.6374894086764405,0.8395021608099689,74.0362440540186,0.6635605773960566,0.6114182399568248,0.6374894086764405,0.8395021608099689,74.0362440540186,algorithm_native_internal_best_so_far.v1,true
clean,iMCTS,31,150,150,1.0,0.6641082144671522,0.6141583744028097,0.6391332944349809,0.8453378863002604,74.37487452421237,0.6641082144671522,0.6141583744028097,0.6391332944349809,0.8453378863002604,74.37487452421237,algorithm_native_internal_best_so_far.v1,true
clean,iMCTS,32,150,150,1.0,0.6669170814392825,0.6174344658619824,0.6421757736506323,0.8516215247133135,74.71197696005984,0.6669170814392825,0.6174344658619824,0.6421757736506323,0.8516215247133135,74.71197696005984,algorithm_native_internal_best_so_far.v1,true
clean,iMCTS,33,150,150,1.0,0.6698307591158447,0.6194762647270242,0.6446535119214344,0.8548626887669024,75.03847065450319,0.6698307591158447,0.6194762647270242,0.6446535119214344,0.8548626887669024,75.03847065450319,algorithm_native_internal_best_so_far.v1,true
clean,iMCTS,34,150,150,1.0,0.6777040258440485,0.6273190430041016,0.6525115344240751,0.8645908253013774,75.37437100378656,0.6777040258440485,0.6273190430041016,0.6525115344240751,0.8645908253013774,75.37437100378656,algorithm_native_internal_best_so_far.v1,true
clean,iMCTS,35,150,150,1.0,0.6832215765921367,0.6326944155888045,0.6579579960904705,0.8709137345616813,75.70914250242603,0.6832215765921367,0.6326944155888045,0.6579579960904705,0.8709137345616813,75.70914250242603,algorithm_native_internal_best_so_far.v1,true
clean,iMCTS,36,150,150,1.0,0.6835687286694271,0.6323168285126415,0.6579427785910343,0.8708351358474622,76.0250972547127,0.6835687286694271,0.6323168285126415,0.6579427785910343,0.8708351358474622,76.0250972547127,algorithm_native_internal_best_so_far.v1,true
clean,iMCTS,37,150,150,1.0,0.6894169411844863,0.6391611848457299,0.6642890630151081,0.8776454907159112,76.34237973624995,0.6894169411844863,0.6391611848457299,0.6642890630151081,0.8776454907159112,76.34237973624995,algorithm_native_internal_best_so_far.v1,true
clean,iMCTS,38,150,150,1.0,0.6897330136784968,0.6393713028395627,0.6645521582590297,0.8775248662401007,76.64264570698049,0.6897330136784968,0.6393713028395627,0.6645521582590297,0.8775248662401007,76.64264570698049,algorithm_native_internal_best_so_far.v1,true
clean,iMCTS,39,150,150,1.0,0.6898012608092624,0.6391533327754867,0.6644772967923748,0.8772588700812403,76.92683138136879,0.6898012608092624,0.6391533327754867,0.6644772967923748,0.8772588700812403,76.92683138136879,algorithm_native_internal_best_so_far.v1,true
clean,iMCTS,40,150,150,1.0,0.6899426594187198,0.6392056633676939,0.6645741613932069,0.8775518988585171,77.19754034398085,0.6899426594187198,0.6392056633676939,0.6645741613932069,0.8775518988585171,77.19754034398085,algorithm_native_internal_best_so_far.v1,true
clean,iMCTS,41,150,150,1.0,0.6938487624641049,0.6463502620255834,0.6700995122448443,0.8832107426688403,77.46884604941752,0.6938487624641049,0.6463502620255834,0.6700995122448443,0.8832107426688403,77.46884604941752,algorithm_native_internal_best_so_far.v1,true
clean,iMCTS,42,150,150,1.0,0.6941720180153936,0.6460285411900727,0.6701002796027332,0.883032287629322,77.72680754259643,0.6941720180153936,0.6460285411900727,0.6701002796027332,0.883032287629322,77.72680754259643,algorithm_native_internal_best_so_far.v1,true
clean,iMCTS,43,150,150,1.0,0.6944286866563286,0.6452516404332731,0.669840163544801,0.8825996322254422,77.97176465143242,0.6944286866563286,0.6452516404332731,0.669840163544801,0.8825996322254422,77.97176465143242,algorithm_native_internal_best_so_far.v1,true
clean,iMCTS,44,150,150,1.0,0.694442570230583,0.6452722245449775,0.6698573973877803,0.8826597847223453,78.20572405645065,0.694442570230583,0.6452722245449775,0.6698573973877803,0.8826597847223453,78.20572405645065,algorithm_native_internal_best_so_far.v1,true
clean,iMCTS,45,150,150,1.0,0.700029914161616,0.651726601235872,0.6758782576987439,0.8882506343321378,78.44170937593428,0.700029914161616,0.651726601235872,0.6758782576987439,0.8882506343321378,78.44170937593428,algorithm_native_internal_best_so_far.v1,true
clean,iMCTS,46,150,150,1.0,0.7008527153501877,0.6536062895644217,0.6772295024573045,0.890468707732076,78.67225636283152,0.7008527153501877,0.6536062895644217,0.6772295024573045,0.890468707732076,78.67225636283152,algorithm_native_internal_best_so_far.v1,true
clean,iMCTS,47,150,150,1.0,0.706242452432355,0.6603929661016434,0.6833177092669989,0.8969476039098887,78.90677772513274,0.706242452432355,0.6603929661016434,0.6833177092669989,0.8969476039098887,78.90677772513274,algorithm_native_internal_best_so_far.v1,true
clean,iMCTS,48,150,150,1.0,0.7067031164111207,0.6613028181829073,0.6840029672970136,0.8981598158420528,79.13405280553008,0.7067031164111207,0.6613028181829073,0.6840029672970136,0.8981598158420528,79.13405280553008,algorithm_native_internal_best_so_far.v1,true
clean,iMCTS,49,150,150,1.0,0.7072530004268519,0.6613031060831982,0.6842780532550248,0.8982507206266777,79.35223687200228,0.7072530004268519,0.6613031060831982,0.6842780532550248,0.8982507206266777,79.35223687200228,algorithm_native_internal_best_so_far.v1,true
clean,iMCTS,50,150,150,1.0,0.707840531392981,0.6608091115790247,0.6843248214860024,0.8982331106255002,79.56165835581322,0.707840531392981,0.6608091115790247,0.6843248214860024,0.8982331106255002,79.56165835581322,algorithm_native_internal_best_so_far.v1,true
clean,iMCTS,51,150,150,1.0,0.7081917201694675,0.6604949131086925,0.6843433166390797,0.8986030096989441,79.76359252471678,0.7081917201694675,0.6604949131086925,0.6843433166390797,0.8986030096989441,79.76359252471678,algorithm_native_internal_best_so_far.v1,true
clean,iMCTS,52,150,150,1.0,0.7093304760155726,0.6614133664294414,0.6853719212225068,0.8996199379304699,79.95971562603083,0.7093304760155726,0.6614133664294414,0.6853719212225068,0.8996199379304699,79.95971562603083,algorithm_native_internal_best_so_far.v1,true
clean,iMCTS,53,150,150,1.0,0.7178537513158306,0.6703864622854997,0.6941201068006648,0.9083901631783383,80.16498545040446,0.7178537513158306,0.6703864622854997,0.6941201068006648,0.9083901631783383,80.16498545040446,algorithm_native_internal_best_so_far.v1,true
clean,iMCTS,54,150,150,1.0,0.7179621563808397,0.6705030784694446,0.6942326174251418,0.9086420953681927,80.36311922978251,0.7179621563808397,0.6705030784694446,0.6942326174251418,0.9086420953681927,80.36311922978251,algorithm_native_internal_best_so_far.v1,true
clean,iMCTS,55,150,150,1.0,0.7180049631474434,0.6703101434885665,0.6941575533180047,0.9083598181858,80.5535349132152,0.7180049631474434,0.6703101434885665,0.6941575533180047,0.9083598181858,80.5535349132152,algorithm_native_internal_best_so_far.v1,true
clean,iMCTS,56,150,150,1.0,0.7232575691794433,0.6760552627430393,0.6996564159612411,0.9153301330739284,80.74959702739694,0.7232575691794433,0.6760552627430393,0.6996564159612411,0.9153301330739284,80.74959702739694,algorithm_native_internal_best_so_far.v1,true
clean,iMCTS,57,150,150,1.0,0.7271045330661611,0.6800699809686886,0.7035872570174244,0.9246221007755111,80.95508146687332,0.7271045330661611,0.6800699809686886,0.7035872570174244,0.9246221007755111,80.95508146687332,algorithm_native_internal_best_so_far.v1,true
clean,iMCTS,58,150,150,1.0,0.7280697750906239,0.6809816062728425,0.7045256906817329,0.9264928172646476,81.15670560928007,0.7280697750906239,0.6809816062728425,0.7045256906817329,0.9264928172646476,81.15670560928007,algorithm_native_internal_best_so_far.v1,true
clean,iMCTS,59,150,150,1.0,0.72815610654193,0.6813974546447296,0.7047767805933294,0.9271038710739878,81.35253071941767,0.72815610654193,0.6813974546447296,0.7047767805933294,0.9271038710739878,81.35253071941767,algorithm_native_internal_best_so_far.v1,true
clean,iMCTS,60,150,150,1.0,0.72815610654193,0.6813974546447296,0.7047767805933294,0.9271038710739878,81.54182832588404,0.72815610654193,0.6813974546447296,0.7047767805933294,0.9271038710739878,81.54182832588404,algorithm_native_internal_best_so_far.v1,true
clean,iMCTS,61,150,150,1.0,0.7284245301251978,0.6820918149986092,0.7052581725619032,0.9286648657180223,81.72747846106301,0.7284245301251978,0.6820918149986092,0.7052581725619032,0.9286648657180223,81.72747846106301,algorithm_native_internal_best_so_far.v1,true
clean,iMCTS,62,150,150,1.0,0.7300297730419919,0.6825231392184957,0.7062764561302435,0.9294279993809526,81.90837074295062,0.7300297730419919,0.6825231392184957,0.7062764561302435,0.9294279993809526,81.90837074295062,algorithm_native_internal_best_so_far.v1,true
clean,iMCTS,63,150,150,1.0,0.7306041309979857,0.6830071737273908,0.706805652362688,0.9299564956012104,82.08435929560413,0.7306041309979857,0.6830071737273908,0.706805652362688,0.9299564956012104,82.08435929560413,algorithm_native_internal_best_so_far.v1,true
clean,iMCTS,64,150,150,1.0,0.7353208879047212,0.6869840288376775,0.7111524583711991,0.9328164576709096,82.25931689672112,0.7353208879047212,0.6869840288376775,0.7111524583711991,0.9328164576709096,82.25931689672112,algorithm_native_internal_best_so_far.v1,true
clean,iMCTS,65,150,150,1.0,0.735797405945005,0.6876138828841862,0.7117056444145953,0.9337078336232827,82.43026253465352,0.735797405945005,0.6876138828841862,0.7117056444145953,0.9337078336232827,82.43026253465352,algorithm_native_internal_best_so_far.v1,true
clean,iMCTS,66,150,150,1.0,0.7360931663584256,0.6887364862157586,0.7124148262870917,0.9349625302931772,82.59792905729995,0.7360931663584256,0.6887364862157586,0.7124148262870917,0.9349625302931772,82.59792905729995,algorithm_native_internal_best_so_far.v1,true
clean,iMCTS,67,150,150,1.0,0.7360931663584256,0.6887364862157586,0.7124148262870917,0.9349625302931772,82.76059060912111,0.7360931663584256,0.6887364862157586,0.7124148262870917,0.9349625302931772,82.76059060912111,algorithm_native_internal_best_so_far.v1,true
clean,iMCTS,68,150,150,1.0,0.734765356788349,0.6878934066337099,0.7113293817110291,0.9330730843457781,82.91568940067195,0.734765356788349,0.6878934066337099,0.7113293817110291,0.9330730843457781,82.91568940067195,algorithm_native_internal_best_so_far.v1,true
clean,iMCTS,69,150,150,1.0,0.7348183696142611,0.687747007069467,0.7112826883418637,0.9328420106103569,83.06595768560476,0.7348183696142611,0.687747007069467,0.7112826883418637,0.9328420106103569,83.06595768560476,algorithm_native_internal_best_so_far.v1,true
clean,iMCTS,70,150,150,1.0,0.735927660249892,0.6891796436647971,0.7125536519573443,0.9342002793907886,83.2138729749401,0.735927660249892,0.6891796436647971,0.7125536519573443,0.9342002793907886,83.2138729749401,algorithm_native_internal_best_so_far.v1,true
clean,iMCTS,71,150,150,1.0,0.7359622959811661,0.6893253245501513,0.7126438102656585,0.9343863675225157,83.35788373236701,0.7359622959811661,0.6893253245501513,0.7126438102656585,0.9343863675225157,83.35788373236701,algorithm_native_internal_best_so_far.v1,true
clean,iMCTS,72,150,150,1.0,0.736504325218741,0.6898873271276595,0.7131958261732,0.9349383834300572,83.498660879737,0.736504325218741,0.6898873271276595,0.7131958261732,0.9349383834300572,83.498660879737,algorithm_native_internal_best_so_far.v1,true
clean,iMCTS,73,150,150,1.0,0.736504325218741,0.6898873271276595,0.7131958261732,0.9349383834300572,83.63558111895986,0.736504325218741,0.6898873271276595,0.7131958261732,0.9349383834300572,83.63558111895986,algorithm_native_internal_best_so_far.v1,true
clean,iMCTS,74,150,150,1.0,0.7372066014723847,0.6909488965000598,0.714077748986222,0.9346754557762518,83.76844550353641,0.7372066014723847,0.6909488965000598,0.714077748986222,0.9346754557762518,83.76844550353641,algorithm_native_internal_best_so_far.v1,true
clean,iMCTS,75,150,150,1.0,0.7372287242133668,0.6908311760715401,0.7140299501424533,0.9344645250607734,83.89748559690364,0.7372287242133668,0.6908311760715401,0.7140299501424533,0.9344645250607734,83.89748559690364,algorithm_native_internal_best_so_far.v1,true
clean,iMCTS,76,150,150,1.0,0.7374437242742137,0.6903042792044187,0.7138740017393161,0.9342442602466018,84.02284007621623,0.7374437242742137,0.6903042792044187,0.7138740017393161,0.9342442602466018,84.02284007621623,algorithm_native_internal_best_so_far.v1,true
clean,iMCTS,77,150,150,1.0,0.7383666278858472,0.6911009669378255,0.7147337974118363,0.93516813602351,84.1461384336985,0.7383666278858472,0.6911009669378255,0.7147337974118363,0.93516813602351,84.1461384336985,algorithm_native_internal_best_so_far.v1,true
clean,iMCTS,78,150,150,1.0,0.7384194032567669,0.6909651275488581,0.7146922654028125,0.9354368405620314,84.26661978783318,0.7384194032567669,0.6909651275488581,0.7146922654028125,0.9354368405620314,84.26661978783318,algorithm_native_internal_best_so_far.v1,true
clean,iMCTS,79,150,150,1.0,0.7386928213830466,0.6913339533664342,0.7150133873747404,0.936683635752132,84.3856292028633,0.7386928213830466,0.6913339533664342,0.7150133873747404,0.936683635752132,84.3856292028633,algorithm_native_internal_best_so_far.v1,true
clean,iMCTS,80,150,150,1.0,0.7386988944795285,0.691337415793835,0.7150181551366818,0.9366567564975562,84.50162978344945,0.7386988944795285,0.691337415793835,0.7150181551366818,0.9366567564975562,84.50162978344945,algorithm_native_internal_best_so_far.v1,true
clean,iMCTS,81,150,150,1.0,0.7386898229647781,0.6916683509078387,0.7151790869363085,0.9377747364577008,84.61614637434229,0.7386898229647781,0.6916683509078387,0.7151790869363085,0.9377747364577008,84.61614637434229,algorithm_native_internal_best_so_far.v1,true
clean,iMCTS,82,150,150,1.0,0.7387217233791387,0.6915943115463277,0.7151580174627331,0.9379515510011873,84.72808550514445,0.7387217233791387,0.6915943115463277,0.7151580174627331,0.9379515510011873,84.72808550514445,algorithm_native_internal_best_so_far.v1,true
clean,iMCTS,83,150,150,1.0,0.7391238922658634,0.6915468263173212,0.7153353592915923,0.9387827494853406,84.83832875145036,0.7391238922658634,0.6915468263173212,0.7153353592915923,0.9387827494853406,84.83832875145036,algorithm_native_internal_best_so_far.v1,true
clean,iMCTS,84,150,150,1.0,0.7394625860562956,0.6921063733398941,0.7157844796980949,0.9400644188929537,84.94747295547232,0.7394625860562956,0.6921063733398941,0.7157844796980949,0.9400644188929537,84.94747295547232,algorithm_native_internal_best_so_far.v1,true
clean,iMCTS,85,150,150,1.0,0.740021120760747,0.6927603994227085,0.7163907600917278,0.9418190234067839,85.05611330118062,0.740021120760747,0.6927603994227085,0.7163907600917278,0.9418190234067839,85.05611330118062,algorithm_native_internal_best_so_far.v1,true
clean,iMCTS,86,150,150,1.0,0.7404641769136574,0.6931191555725855,0.7167916662431213,0.9424150822048244,85.16292021884692,0.7404641769136574,0.6931191555725855,0.7167916662431213,0.9424150822048244,85.16292021884692,algorithm_native_internal_best_so_far.v1,true
clean,iMCTS,87,150,150,1.0,0.7441928568442486,0.6971461831735783,0.7206695200089133,0.9462709877156115,85.27170388037237,0.7441928568442486,0.6971461831735783,0.7206695200089133,0.9462709877156115,85.27170388037237,algorithm_native_internal_best_so_far.v1,true
clean,iMCTS,88,150,150,1.0,0.7444726332862769,0.6977103734965328,0.7210915033914046,0.947017986849949,85.3788640486067,0.7444726332862769,0.6977103734965328,0.7210915033914046,0.947017986849949,85.3788640486067,algorithm_native_internal_best_so_far.v1,true
clean,iMCTS,89,150,150,1.0,0.7445143992017345,0.6977034768977926,0.7211089380497633,0.9470354215083077,85.48363571267663,0.7445143992017345,0.6977034768977926,0.7211089380497633,0.9470354215083077,85.48363571267663,algorithm_native_internal_best_so_far.v1,true
clean,iMCTS,90,150,150,1.0,0.7470252846787532,0.7005942912639576,0.7238097879713552,0.9511600201480991,85.59066200492255,0.7470252846787532,0.7005942912639576,0.7238097879713552,0.9511600201480991,85.59066200492255,algorithm_native_internal_best_so_far.v1,true
clean,iMCTS,91,150,150,1.0,0.7469146099340304,0.7007489226043907,0.7238317662692104,0.9511736471862289,85.69535104573244,0.7469146099340304,0.7007489226043907,0.7238317662692104,0.9511736471862289,85.69535104573244,algorithm_native_internal_best_so_far.v1,true
clean,iMCTS,92,150,150,1.0,0.746913188890482,0.7010269718038697,0.7239700803471756,0.9514916795018822,85.7981099251287,0.746913188890482,0.7010269718038697,0.7239700803471756,0.9514916795018822,85.7981099251287,algorithm_native_internal_best_so_far.v1,true
clean,iMCTS,93,150,150,1.0,0.748564931384527,0.7023806241022301,0.7254727777433783,0.9532237066761252,85.90052133096185,0.748564931384527,0.7023806241022301,0.7254727777433783,0.9532237066761252,85.90052133096185,algorithm_native_internal_best_so_far.v1,true
clean,iMCTS,94,150,150,1.0,0.7512670192017995,0.7052861527180802,0.7282765859599397,0.9560669160356678,86.00377846152149,0.7512670192017995,0.7052861527180802,0.7282765859599397,0.9560669160356678,86.00377846152149,algorithm_native_internal_best_so_far.v1,true
clean,iMCTS,95,150,150,1.0,0.7512298342182269,0.7052564599451179,0.7282431470816723,0.9560046855837057,86.10479625201464,0.7512298342182269,0.7052564599451179,0.7282431470816723,0.9560046855837057,86.10479625201464,algorithm_native_internal_best_so_far.v1,true
clean,iMCTS,96,150,150,1.0,0.7512298342182269,0.7052564599451179,0.7282431470816723,0.9560046855837057,86.20370950520585,0.7512298342182269,0.7052564599451179,0.7282431470816723,0.9560046855837057,86.20370950520585,algorithm_native_internal_best_so_far.v1,true
clean,iMCTS,97,150,150,1.0,0.7512868490330978,0.704308203087503,0.7277975260603002,0.9550784953081165,86.29962847454198,0.7512868490330978,0.704308203087503,0.7277975260603002,0.9550784953081165,86.29962847454198,algorithm_native_internal_best_so_far.v1,true
clean,iMCTS,98,150,150,1.0,0.7512834742656015,0.7041509121394273,0.7277171932025143,0.9547707862188706,86.39327592502511,0.7512834742656015,0.7041509121394273,0.7277171932025143,0.9547707862188706,86.39327592502511,algorithm_native_internal_best_so_far.v1,true
clean,iMCTS,99,150,150,1.0,0.7549477541765696,0.707896997716422,0.7314223759464956,0.9580695341386252,86.48836357642752,0.7549477541765696,0.707896997716422,0.7314223759464956,0.9580695341386252,86.48836357642752,algorithm_native_internal_best_so_far.v1,true
clean,iMCTS,100,150,150,1.0,0.7550070948279403,0.7078463200499586,0.7314267074389494,0.9580863858604081,86.58156632652364,0.7550070948279403,0.7078463200499586,0.7314267074389494,0.9580863858604081,86.58156632652364,algorithm_native_internal_best_so_far.v1,true
clean,iMCTS,101,150,150,1.0,0.7553422939054903,0.707982443126502,0.731662368515996,0.9588771486002643,86.67370641101377,0.7553422939054903,0.707982443126502,0.731662368515996,0.9588771486002643,86.67370641101377,algorithm_native_internal_best_so_far.v1,true
clean,iMCTS,102,150,150,1.0,0.7553942428394865,0.7074531797173343,0.7314237112784102,0.9581025935453177,86.76328045947963,0.7553942428394865,0.7074531797173343,0.7314237112784102,0.9581025935453177,86.76328045947963,algorithm_native_internal_best_so_far.v1,true
clean,iMCTS,103,150,150,1.0,0.7553805801968846,0.7073575439960222,0.7313690620964534,0.957876463087916,86.85089566190014,0.7553805801968846,0.7073575439960222,0.7313690620964534,0.957876463087916,86.85089566190014,algorithm_native_internal_best_so_far.v1,true
clean,iMCTS,104,150,150,1.0,0.7554494337793848,0.7071767485470629,0.7313130911632238,0.9577117145962384,86.93666754457057,0.7554494337793848,0.7071767485470629,0.7313130911632238,0.9577117145962384,86.93666754457057,algorithm_native_internal_best_so_far.v1,true
clean,iMCTS,105,150,150,1.0,0.7554354249137452,0.7072655687970317,0.7313504968553886,0.9578041103444771,87.02089367304559,0.7554354249137452,0.7072655687970317,0.7313504968553886,0.9578041103444771,87.02089367304559,algorithm_native_internal_best_so_far.v1,true
clean,iMCTS,106,150,150,1.0,0.7555216807081973,0.7077534706060822,0.7316375756571398,0.9585759365650093,87.10425876722913,0.7555216807081973,0.7077534706060822,0.7316375756571398,0.9585759365650093,87.10425876722913,algorithm_native_internal_best_so_far.v1,true
clean,iMCTS,107,150,150,1.0,0.7554723947506109,0.7079556120224628,0.7317140033865369,0.9589329524996056,87.18639929510513,0.7554723947506109,0.7079556120224628,0.7317140033865369,0.9589329524996056,87.18639929510513,algorithm_native_internal_best_so_far.v1,true
clean,iMCTS,108,150,150,1.0,0.755530002315607,0.7080946596653961,0.7318123309905016,0.9593107395458594,87.26736850491514,0.755530002315607,0.7080946596653961,0.7318123309905016,0.9593107395458594,87.26736850491514,algorithm_native_internal_best_so_far.v1,true
clean,iMCTS,109,150,150,1.0,0.756465105086646,0.7083587367110973,0.7324119208988719,0.9592412030706964,87.3467882462193,0.756465105086646,0.7083587367110973,0.7324119208988719,0.9592412030706964,87.3467882462193,algorithm_native_internal_best_so_far.v1,true
clean,iMCTS,110,150,150,1.0,0.7562069015587625,0.7085368106529848,0.7323718561058737,0.9590568051175321,87.42459635772414,0.7562069015587625,0.7085368106529848,0.7323718561058737,0.9590568051175321,87.42459635772414,algorithm_native_internal_best_so_far.v1,true
clean,iMCTS,111,150,150,1.0,0.7562773810745,0.7089839776197635,0.7326306793471319,0.960004447618249,87.50185625325659,0.7562773810745,0.7089839776197635,0.7326306793471319,0.960004447618249,87.50185625325659,algorithm_native_internal_best_so_far.v1,true
clean,iMCTS,112,150,150,1.0,0.7564842422163668,0.7092073599865256,0.7328458011014465,0.9604427181414623,87.57812782076452,0.7564842422163668,0.7092073599865256,0.7328458011014465,0.9604427181414623,87.57812782076452,algorithm_native_internal_best_so_far.v1,true
clean,iMCTS,113,150,150,1.0,0.7564861573301291,0.7093304618125738,0.7329083095713517,0.960661641653532,87.65324318664584,0.7564861573301291,0.7093304618125738,0.7329083095713517,0.960661641653532,87.65324318664584,algorithm_native_internal_best_so_far.v1,true
clean,iMCTS,114,150,150,1.0,0.7565000424263336,0.7092392852741611,0.7328696638502475,0.9604916509298435,87.72689162442073,0.7565000424263336,0.7092392852741611,0.7328696638502475,0.9604916509298435,87.72689162442073,algorithm_native_internal_best_so_far.v1,true
clean,iMCTS,115,150,150,1.0,0.7565000424263336,0.7092392852741611,0.7328696638502475,0.9604916509298435,87.79925921979955,0.7565000424263336,0.7092392852741611,0.7328696638502475,0.9604916509298435,87.79925921979955,algorithm_native_internal_best_so_far.v1,true
clean,iMCTS,116,150,150,1.0,0.7565000424263336,0.7092392852741611,0.7328696638502475,0.9604916509298435,87.87037909801666,0.7565000424263336,0.7092392852741611,0.7328696638502475,0.9604916509298435,87.87037909801666,algorithm_native_internal_best_so_far.v1,true
clean,iMCTS,117,150,150,1.0,0.7564907807715762,0.7092474147640064,0.7328690977677914,0.9604896871344406,87.94028157336218,0.7564907807715762,0.7092474147640064,0.7328690977677914,0.9604896871344406,87.94028157336218,algorithm_native_internal_best_so_far.v1,true
clean,iMCTS,118,150,150,1.0,0.7568891947012627,0.709743709356099,0.7333164520286809,0.9612887335954681,88.00967641900783,0.7568891947012627,0.709743709356099,0.7333164520286809,0.9612887335954681,88.00967641900783,algorithm_native_internal_best_so_far.v1,true
clean,iMCTS,119,150,150,1.0,0.7570351383244319,0.7099349745389231,0.7334850564316775,0.9618753457483638,88.07839791611562,0.7570351383244319,0.7099349745389231,0.7334850564316775,0.9618753457483638,88.07839791611562,algorithm_native_internal_best_so_far.v1,true
clean,iMCTS,120,150,150,1.0,0.7570674743738393,0.7098896898046041,0.7334785820892216,0.9618494355470313,88.14595246310387,0.7570674743738393,0.7098896898046041,0.7334785820892216,0.9618494355470313,88.14595246310387,algorithm_native_internal_best_so_far.v1,true
clean,iMCTS,121,150,150,1.0,0.7570828488754997,0.7097880924792603,0.73343547067738,0.9617859859293604,88.2123379683091,0.7570828488754997,0.7097880924792603,0.73343547067738,0.9617859859293604,88.2123379683091,algorithm_native_internal_best_so_far.v1,true
clean,iMCTS,122,150,150,1.0,0.7550176188310986,0.7081483959158781,0.7315830073734882,0.9589886427785388,88.27534228232174,0.7550176188310986,0.7081483959158781,0.7315830073734882,0.9589886427785388,88.27534228232174,algorithm_native_internal_best_so_far.v1,true
clean,iMCTS,123,150,150,1.0,0.7551190938651053,0.7082320917967301,0.7316755928309177,0.9593468400418896,88.33761335323123,0.7551190938651053,0.7082320917967301,0.7316755928309177,0.9593468400418896,88.33761335323123,algorithm_native_internal_best_so_far.v1,true
clean,iMCTS,124,150,150,1.0,0.7551203619382013,0.7081516930532425,0.7316360274957219,0.9592340982134648,88.39878913119992,0.7551203619382013,0.7081516930532425,0.7316360274957219,0.9592340982134648,88.39878913119992,algorithm_native_internal_best_so_far.v1,true
clean,iMCTS,125,150,150,1.0,0.7573653447615657,0.7098267829256042,0.7335960638435849,0.9621569568611642,88.46132438363925,0.7573653447615657,0.7098267829256042,0.7335960638435849,0.9621569568611642,88.46132438363925,algorithm_native_internal_best_so_far.v1,true
clean,iMCTS,126,150,150,1.0,0.7576476434227106,0.7099917677987366,0.7338197056107235,0.962778744841898,88.52336049554837,0.7576476434227106,0.7099917677987366,0.7338197056107235,0.962778744841898,88.52336049554837,algorithm_native_internal_best_so_far.v1,true
clean,iMCTS,127,150,150,1.0,0.7576811355769544,0.709891721405663,0.7337864284913088,0.9626595518562698,88.5843258080687,0.7576811355769544,0.709891721405663,0.7337864284913088,0.9626595518562698,88.5843258080687,algorithm_native_internal_best_so_far.v1,true
clean,iMCTS,128,150,150,1.0,0.7577087230048264,0.7099122808157564,0.7338105019102914,0.9627607563719459,88.64441760360874,0.7577087230048264,0.7099122808157564,0.7338105019102914,0.9627607563719459,88.64441760360874,algorithm_native_internal_best_so_far.v1,true
clean,iMCTS,129,150,150,1.0,0.7578332758673959,0.7099000186590749,0.7338666472632354,0.9630312135574554,88.70378740013693,0.7578332758673959,0.7099000186590749,0.7338666472632354,0.9630312135574554,88.70378740013693,algorithm_native_internal_best_so_far.v1,true
clean,iMCTS,130,150,150,1.0,0.7622963892978385,0.7147335396096052,0.7385149644537218,0.9676999750175912,88.76583517014942,0.7622963892978385,0.7147335396096052,0.7385149644537218,0.9676999750175912,88.76583517014942,algorithm_native_internal_best_so_far.v1,true
clean,iMCTS,131,150,150,1.0,0.7622864620961239,0.7148716957756244,0.7385790789358742,0.9678826698920464,88.82707510769946,0.7622864620961239,0.7148716957756244,0.7385790789358742,0.9678826698920464,88.82707510769946,algorithm_native_internal_best_so_far.v1,true
clean,iMCTS,132,150,150,1.0,0.7624040167771151,0.7150641452846445,0.7387340810308797,0.9684969753656245,88.88785255034236,0.7624040167771151,0.7150641452846445,0.7387340810308797,0.9684969753656245,88.88785255034236,algorithm_native_internal_best_so_far.v1,true
clean,iMCTS,133,150,150,1.0,0.7625142594688404,0.715195858240913,0.7388550588548767,0.9688390674577076,88.94797325857866,0.7625142594688404,0.715195858240913,0.7388550588548767,0.9688390674577076,88.94797325857866,algorithm_native_internal_best_so_far.v1,true
clean,iMCTS,134,150,150,1.0,0.7626163934647586,0.7160781873469962,0.7393472904058773,0.9695600715797993,89.00773470558912,0.7626163934647586,0.7160781873469962,0.7393472904058773,0.9695600715797993,89.00773470558912,algorithm_native_internal_best_so_far.v1,true
clean,iMCTS,135,150,150,1.0,0.7626436524304386,0.7162007153212685,0.7394221838758535,0.9698325137738267,89.06681260686166,0.7626436524304386,0.7162007153212685,0.7394221838758535,0.9698325137738267,89.06681260686166,algorithm_native_internal_best_so_far.v1,true
clean,iMCTS,136,150,150,1.0,0.7629817670912666,0.7163465600178377,0.7396641635545521,0.970830601773366,89.1257556037034,0.7629817670912666,0.7163465600178377,0.7396641635545521,0.970830601773366,89.1257556037034,algorithm_native_internal_best_so_far.v1,true
clean,iMCTS,137,150,150,1.0,0.7636921919181373,0.7172887414744533,0.7404904666962953,0.9718807701719351,89.18460466511573,0.7636921919181373,0.7172887414744533,0.7404904666962953,0.9718807701719351,89.18460466511573,algorithm_native_internal_best_so_far.v1,true
clean,iMCTS,138,150,150,1.0,0.7634390905451633,0.7176284647088946,0.7405337776270289,0.9717749153418621,89.24252413518145,0.7634390905451633,0.7176284647088946,0.7405337776270289,0.9717749153418621,89.24252413518145,algorithm_native_internal_best_so_far.v1,true
clean,iMCTS,139,150,150,1.0,0.7680349303872879,0.7226159249747063,0.745325427680997,0.9765665653958304,89.30305746183183,0.7680349303872879,0.7226159249747063,0.745325427680997,0.9765665653958304,89.30305746183183,algorithm_native_internal_best_so_far.v1,true
clean,iMCTS,140,150,150,1.0,0.7681112285897688,0.7226890061570358,0.7454001173734022,0.9768605794463104,89.36293603670896,0.7681112285897688,0.7226890061570358,0.7454001173734022,0.9768605794463104,89.36293603670896,algorithm_native_internal_best_so_far.v1,true
clean,iMCTS,141,150,150,1.0,0.7681719891976545,0.7228392708579141,0.7455056300277844,0.9772862510786291,89.42226716487318,0.7681719891976545,0.7228392708579141,0.7455056300277844,0.9772862510786291,89.42226716487318,algorithm_native_internal_best_so_far.v1,true
clean,iMCTS,142,150,150,1.0,0.7681719891976545,0.7228392708579141,0.7455056300277844,0.9772862510786291,89.48076264334493,0.7681719891976545,0.7228392708579141,0.7455056300277844,0.9772862510786291,89.48076264334493,algorithm_native_internal_best_so_far.v1,true
clean,iMCTS,143,150,150,1.0,0.7681719891976545,0.7228392708579141,0.7455056300277844,0.9772862510786291,89.53844000323666,0.7681719891976545,0.7228392708579141,0.7455056300277844,0.9772862510786291,89.53844000323666,algorithm_native_internal_best_so_far.v1,true
clean,iMCTS,144,150,150,1.0,0.7682324176463926,0.7228442362484401,0.7455383269474164,0.9774114942187143,89.5954032630883,0.7682324176463926,0.7228442362484401,0.7455383269474164,0.9774114942187143,89.5954032630883,algorithm_native_internal_best_so_far.v1,true
clean,iMCTS,145,150,150,1.0,0.7683708262759706,0.7228772900960218,0.7456240581859962,0.9777190585638404,89.65179293614551,0.7683708262759706,0.7228772900960218,0.7456240581859962,0.9777190585638404,89.65179293614551,algorithm_native_internal_best_so_far.v1,true
clean,iMCTS,146,150,150,1.0,0.7683728440368796,0.7228769252721147,0.745624884654497,0.9777219256638982,89.70741211169513,0.7683728440368796,0.7228769252721147,0.745624884654497,0.9777219256638982,89.70741211169513,algorithm_native_internal_best_so_far.v1,true
clean,iMCTS,147,150,150,1.0,0.7686523257184583,0.722693629411609,0.7456729775650337,0.9777547553531251,89.76229689688981,0.7686523257184583,0.722693629411609,0.7456729775650337,0.9777547553531251,89.76229689688981,algorithm_native_internal_best_so_far.v1,true
clean,iMCTS,148,150,150,1.0,0.768972332798499,0.7225179639062085,0.7457451483523537,0.9779942880306374,89.81660184220178,0.768972332798499,0.7225179639062085,0.7457451483523537,0.9779942880306374,89.81660184220178,algorithm_native_internal_best_so_far.v1,true
clean,iMCTS,149,150,150,1.0,0.768972332798499,0.7225179639062085,0.7457451483523537,0.9779942880306374,89.87017786207335,0.768972332798499,0.7225179639062085,0.7457451483523537,0.9779942880306374,89.87017786207335,algorithm_native_internal_best_so_far.v1,true
clean,iMCTS,150,150,150,1.0,0.7689730420560295,0.7225412526208537,0.7457571473384415,0.9780472381549699,89.92307483509616,0.7689730420560295,0.7225412526208537,0.7457571473384415,0.9780472381549699,89.92307483509616,algorithm_native_internal_best_so_far.v1,true
clean,iMCTS,151,150,150,1.0,0.7689730420560295,0.7225412526208537,0.7457571473384415,0.9780472381549699,89.97527118595974,0.7689730420560295,0.7225412526208537,0.7457571473384415,0.9780472381549699,89.97527118595974,algorithm_native_internal_best_so_far.v1,true
clean,iMCTS,152,150,150,1.0,0.7689753889027353,0.7225367739115724,0.7457560814071539,0.9780431288955037,90.02677803927286,0.7689753889027353,0.7225367739115724,0.7457560814071539,0.9780431288955037,90.02677803927286,algorithm_native_internal_best_so_far.v1,true
clean,iMCTS,153,150,150,1.0,0.769013270380803,0.7225425355832791,0.745777902982041,0.978129234983318,90.07766787887454,0.769013270380803,0.7225425355832791,0.745777902982041,0.978129234983318,90.07766787887454,algorithm_native_internal_best_so_far.v1,true
clean,iMCTS,154,150,150,1.0,0.7690444446122797,0.7229488855336635,0.7459966650729716,0.9788888877570758,90.12839009249035,0.7690444446122797,0.7229488855336635,0.7459966650729716,0.9788888877570758,90.12839009249035,algorithm_native_internal_best_so_far.v1,true
clean,iMCTS,155,150,150,1.0,0.7694296330909283,0.722213938126485,0.7458217856087065,0.9789566679159123,90.1785015550652,0.7694296330909283,0.722213938126485,0.7458217856087065,0.9789566679159123,90.1785015550652,algorithm_native_internal_best_so_far.v1,true
clean,iMCTS,156,150,150,1.0,0.7694799687953029,0.7224364160246417,0.745958192409972,0.97955169566738,90.22835199103744,0.7694799687953029,0.7224364160246417,0.745958192409972,0.97955169566738,90.22835199103744,algorithm_native_internal_best_so_far.v1,true
clean,iMCTS,157,150,150,1.0,0.7696487997175818,0.7224726963977266,0.7460607480576541,0.979830375702505,90.27774489281587,0.7696487997175818,0.7224726963977266,0.7460607480576541,0.979830375702505,90.27774489281587,algorithm_native_internal_best_so_far.v1,true
clean,iMCTS,158,150,150,1.0,0.7697633253318562,0.7226892753743719,0.7462263003531139,0.9804838558937049,90.32692616304725,0.7697633253318562,0.7226892753743719,0.7462263003531139,0.9804838558937049,90.32692616304725,algorithm_native_internal_best_so_far.v1,true
clean,iMCTS,159,150,150,1.0,0.7697674727214125,0.7226939151255698,0.7462306939234912,0.9804982323230176,90.37549784272808,0.7697674727214125,0.7226939151255698,0.7462306939234912,0.9804982323230176,90.37549784272808,algorithm_native_internal_best_so_far.v1,true
clean,iMCTS,160,150,150,1.0,0.7697674727214125,0.7226939151255698,0.7462306939234912,0.9804982323230176,90.42346237641291,0.7697674727214125,0.7226939151255698,0.7462306939234912,0.9804982323230176,90.42346237641291,algorithm_native_internal_best_so_far.v1,true
clean,iMCTS,161,150,150,1.0,0.7698040681099467,0.7233625088854513,0.746583288497699,0.9810962788350912,90.47120253484208,0.7698040681099467,0.7233625088854513,0.746583288497699,0.9810962788350912,90.47120253484208,algorithm_native_internal_best_so_far.v1,true
clean,iMCTS,162,150,150,1.0,0.7698067459203425,0.72339405423959,0.7466004000799661,0.9811717902493015,90.51839992058336,0.7698067459203425,0.72339405423959,0.7466004000799661,0.9811717902493015,90.51839992058336,algorithm_native_internal_best_so_far.v1,true
clean,iMCTS,163,150,150,1.0,0.7698217794256004,0.7233888372294168,0.7466053083275084,0.9811887927942358,90.56502862830631,0.7698217794256004,0.7233888372294168,0.7466053083275084,0.9811887927942358,90.56502862830631,algorithm_native_internal_best_so_far.v1,true
clean,iMCTS,164,150,150,1.0,0.7698312620349202,0.7234076869338808,0.7466194744844004,0.9812434045829918,90.61112199312333,0.7698312620349202,0.7234076869338808,0.7466194744844004,0.9812434045829918,90.61112199312333,algorithm_native_internal_best_so_far.v1,true
clean,iMCTS,165,150,150,1.0,0.7698267367926479,0.7231620042686321,0.7464943705306399,0.9806913354450109,90.65632206313168,0.7698267367926479,0.7231620042686321,0.7464943705306399,0.9806913354450109,90.65632206313168,algorithm_native_internal_best_so_far.v1,true
clean,iMCTS,166,150,150,1.0,0.769823041352062,0.7231622236527218,0.7464926325023918,0.9806862396898168,90.70097448425126,0.769823041352062,0.7231622236527218,0.7464926325023918,0.9806862396898168,90.70097448425126,algorithm_native_internal_best_so_far.v1,true
clean,iMCTS,167,150,150,1.0,0.7698257582965392,0.7231620448792201,0.7464939015878795,0.9806916466898974,90.74509538356108,0.7698257582965392,0.7231620448792201,0.7464939015878795,0.9806916466898974,90.74509538356108,algorithm_native_internal_best_so_far.v1,true
clean,iMCTS,168,150,150,1.0,0.7697642016953662,0.7230901641439577,0.7464271829196617,0.980592054145415,90.7886317527931,0.7697642016953662,0.7230901641439577,0.7464271829196617,0.980592054145415,90.7886317527931,algorithm_native_internal_best_so_far.v1,true
clean,iMCTS,169,150,150,1.0,0.7712594958342525,0.7256188565202257,0.7484391761772391,0.9835372595494167,90.83339562381174,0.7712594958342525,0.7256188565202257,0.7484391761772391,0.9835372595494167,90.83339562381174,algorithm_native_internal_best_so_far.v1,true
clean,iMCTS,170,150,150,1.0,0.7708920225181973,0.7256063697425268,0.7482491961303619,0.9827497925147856,90.87716964515096,0.7708920225181973,0.7256063697425268,0.7482491961303619,0.9827497925147856,90.87716964515096,algorithm_native_internal_best_so_far.v1,true
clean,iMCTS,171,150,150,1.0,0.7709057974950267,0.7261354306299812,0.7485206140625038,0.983620914979773,90.92094111797451,0.7709057974950267,0.7261354306299812,0.7485206140625038,0.983620914979773,90.92094111797451,algorithm_native_internal_best_so_far.v1,true
clean,iMCTS,172,150,150,1.0,0.7709037399212524,0.7261173851573733,0.7485105625393127,0.9835798081030811,90.96417972083692,0.7709037399212524,0.7261173851573733,0.7485105625393127,0.9835798081030811,90.96417972083692,algorithm_native_internal_best_so_far.v1,true
clean,iMCTS,173,150,150,1.0,0.7708924094372888,0.725985537775291,0.7484389736062897,0.9832672614127628,91.00673779263136,0.7708924094372888,0.725985537775291,0.7484389736062897,0.9832672614127628,91.00673779263136,algorithm_native_internal_best_so_far.v1,true
clean,iMCTS,174,150,150,1.0,0.7709020610424273,0.7263436892193449,0.748622875130886,0.9840201070678438,91.04923936110349,0.7709020610424273,0.7263436892193449,0.748622875130886,0.9840201070678438,91.04923936110349,algorithm_native_internal_best_so_far.v1,true
clean,iMCTS,175,150,150,1.0,0.7709089456416636,0.7262894762294958,0.7485992109355796,0.9839294631123546,91.09120340081854,0.7709089456416636,0.7262894762294958,0.7485992109355796,0.9839294631123546,91.09120340081854,algorithm_native_internal_best_so_far.v1,true
clean,iMCTS,176,150,150,1.0,0.7709089456416636,0.7262894762294958,0.7485992109355796,0.9839294631123546,91.13269057644591,0.7709089456416636,0.7262894762294958,0.7485992109355796,0.9839294631123546,91.13269057644591,algorithm_native_internal_best_so_far.v1,true
clean,iMCTS,177,150,150,1.0,0.7709089456416636,0.7262894762294958,0.7485992109355796,0.9839294631123546,91.17370897042778,0.7709089456416636,0.7262894762294958,0.7485992109355796,0.9839294631123546,91.17370897042778,algorithm_native_internal_best_so_far.v1,true
clean,iMCTS,178,150,150,1.0,0.7709222190944937,0.7262947159464811,0.7486084675204874,0.9839616072753896,91.21428454209693,0.7709222190944937,0.7262947159464811,0.7486084675204874,0.9839616072753896,91.21428454209693,algorithm_native_internal_best_so_far.v1,true
clean,iMCTS,179,150,150,1.0,0.7709353137117139,0.7262147710785937,0.7485750423951537,0.9838327504585563,91.25433476837492,0.7709353137117139,0.7262147710785937,0.7485750423951537,0.9838327504585563,91.25433476837492,algorithm_native_internal_best_so_far.v1,true
clean,iMCTS,180,150,150,1.0,0.7709353137117139,0.7262147710785937,0.7485750423951537,0.9838327504585563,91.2939399921387,0.7709353137117139,0.7262147710785937,0.7485750423951537,0.9838327504585563,91.2939399921387,algorithm_native_internal_best_so_far.v1,true
clean,jaxsr,1,150,150,1.0,0.3314801841559754,0.2586145027843205,0.29504734347014816,0.9133333333333333,91.33333333333333,0.3314801841559754,0.2586145027843205,0.29504734347014816,0.9133333333333333,91.33333333333333,algorithm_native_internal_best_so_far.v1,true
clean,jaxsr,2,150,150,1.0,0.35255849596801475,0.2766648282241719,0.3146116620960935,0.96,93.66666666666667,0.35255849596801475,0.2766648282241719,0.3146116620960935,0.96,93.66666666666667,algorithm_native_internal_best_so_far.v1,true
clean,jaxsr,3,150,150,1.0,0.362388783848812,0.2854090186626726,0.3238989012557425,0.9866666666666667,95.33333333333333,0.362388783848812,0.2854090186626726,0.3238989012557425,0.9866666666666667,95.33333333333333,algorithm_native_internal_best_so_far.v1,true
clean,jaxsr,4,150,150,1.0,0.3690554505154787,0.2920756853293393,0.33056556792240915,0.9933333333333333,96.33333333333333,0.3690554505154787,0.2920756853293393,0.33056556792240915,0.9933333333333333,96.33333333333333,algorithm_native_internal_best_so_far.v1,true
clean,jaxsr,5,150,150,1.0,0.3702659228048842,0.292826969716115,0.3315464462604997,1.0,97.06666666666668,0.3702659228048842,0.292826969716115,0.3315464462604997,1.0,97.06666666666668,algorithm_native_internal_best_so_far.v1,true
clean,jaxsr,6,150,150,1.0,0.3702659228048842,0.292826969716115,0.3315464462604997,1.0,97.55555555555556,0.3702659228048842,0.292826969716115,0.3315464462604997,1.0,97.55555555555556,algorithm_native_internal_best_so_far.v1,true
clean,jaxsr,7,150,150,1.0,0.3702659228048842,0.292826969716115,0.3315464462604997,1.0,97.90476190476191,0.3702659228048842,0.292826969716115,0.3315464462604997,1.0,97.90476190476191,algorithm_native_internal_best_so_far.v1,true
clean,jaxsr,8,150,150,1.0,0.3702659228048842,0.292826969716115,0.3315464462604997,1.0,98.16666666666667,0.3702659228048842,0.292826969716115,0.3315464462604997,1.0,98.16666666666667,algorithm_native_internal_best_so_far.v1,true
clean,jaxsr,9,150,150,1.0,0.3702659228048842,0.292826969716115,0.3315464462604997,1.0,98.37037037037038,0.3702659228048842,0.292826969716115,0.3315464462604997,1.0,98.37037037037038,algorithm_native_internal_best_so_far.v1,true
clean,jaxsr,10,150,150,1.0,0.3702659228048842,0.292826969716115,0.3315464462604997,1.0,98.53333333333333,0.3702659228048842,0.292826969716115,0.3315464462604997,1.0,98.53333333333333,algorithm_native_internal_best_so_far.v1,true
clean,jaxsr,11,150,150,1.0,0.3702659228048842,0.292826969716115,0.3315464462604997,1.0,98.66666666666666,0.3702659228048842,0.292826969716115,0.3315464462604997,1.0,98.66666666666666,algorithm_native_internal_best_so_far.v1,true
clean,jaxsr,12,150,150,1.0,0.3702659228048842,0.292826969716115,0.3315464462604997,1.0,98.77777777777777,0.3702659228048842,0.292826969716115,0.3315464462604997,1.0,98.77777777777777,algorithm_native_internal_best_so_far.v1,true
clean,jaxsr,13,150,150,1.0,0.3702659228048842,0.292826969716115,0.3315464462604997,1.0,98.87179487179486,0.3702659228048842,0.292826969716115,0.3315464462604997,1.0,98.87179487179486,algorithm_native_internal_best_so_far.v1,true
clean,jaxsr,14,150,150,1.0,0.3702659228048842,0.292826969716115,0.3315464462604997,1.0,98.95238095238095,0.3702659228048842,0.292826969716115,0.3315464462604997,1.0,98.95238095238095,algorithm_native_internal_best_so_far.v1,true
clean,jaxsr,15,150,150,1.0,0.3702659228048842,0.292826969716115,0.3315464462604997,1.0,99.02222222222221,0.3702659228048842,0.292826969716115,0.3315464462604997,1.0,99.02222222222221,algorithm_native_internal_best_so_far.v1,true
clean,jaxsr,16,150,150,1.0,0.3702659228048842,0.292826969716115,0.3315464462604997,1.0,99.08333333333333,0.3702659228048842,0.292826969716115,0.3315464462604997,1.0,99.08333333333333,algorithm_native_internal_best_so_far.v1,true
clean,jaxsr,17,150,150,1.0,0.3702659228048842,0.292826969716115,0.3315464462604997,1.0,99.13725490196077,0.3702659228048842,0.292826969716115,0.3315464462604997,1.0,99.13725490196077,algorithm_native_internal_best_so_far.v1,true
clean,jaxsr,18,150,150,1.0,0.3702659228048842,0.292826969716115,0.3315464462604997,1.0,99.18518518518518,0.3702659228048842,0.292826969716115,0.3315464462604997,1.0,99.18518518518518,algorithm_native_internal_best_so_far.v1,true
clean,jaxsr,19,150,150,1.0,0.3702659228048842,0.292826969716115,0.3315464462604997,1.0,99.22807017543859,0.3702659228048842,0.292826969716115,0.3315464462604997,1.0,99.22807017543859,algorithm_native_internal_best_so_far.v1,true
clean,jaxsr,20,150,150,1.0,0.3702659228048842,0.292826969716115,0.3315464462604997,1.0,99.26666666666667,0.3702659228048842,0.292826969716115,0.3315464462604997,1.0,99.26666666666667,algorithm_native_internal_best_so_far.v1,true
clean,jaxsr,21,150,150,1.0,0.3702659228048842,0.292826969716115,0.3315464462604997,1.0,99.30158730158729,0.3702659228048842,0.292826969716115,0.3315464462604997,1.0,99.30158730158729,algorithm_native_internal_best_so_far.v1,true
clean,jaxsr,22,150,150,1.0,0.3702659228048842,0.292826969716115,0.3315464462604997,1.0,99.33333333333331,0.3702659228048842,0.292826969716115,0.3315464462604997,1.0,99.33333333333331,algorithm_native_internal_best_so_far.v1,true
clean,jaxsr,23,150,150,1.0,0.3702659228048842,0.292826969716115,0.3315464462604997,1.0,99.3623188405797,0.3702659228048842,0.292826969716115,0.3315464462604997,1.0,99.3623188405797,algorithm_native_internal_best_so_far.v1,true
clean,jaxsr,24,150,150,1.0,0.3702659228048842,0.292826969716115,0.3315464462604997,1.0,99.38888888888887,0.3702659228048842,0.292826969716115,0.3315464462604997,1.0,99.38888888888887,algorithm_native_internal_best_so_far.v1,true
clean,jaxsr,25,150,150,1.0,0.3702659228048842,0.292826969716115,0.3315464462604997,1.0,99.41333333333333,0.3702659228048842,0.292826969716115,0.3315464462604997,1.0,99.41333333333333,algorithm_native_internal_best_so_far.v1,true
clean,jaxsr,26,150,150,1.0,0.3702659228048842,0.292826969716115,0.3315464462604997,1.0,99.43589743589743,0.3702659228048842,0.292826969716115,0.3315464462604997,1.0,99.43589743589743,algorithm_native_internal_best_so_far.v1,true
clean,jaxsr,27,150,150,1.0,0.3702659228048842,0.292826969716115,0.3315464462604997,1.0,99.45679012345678,0.3702659228048842,0.292826969716115,0.3315464462604997,1.0,99.45679012345678,algorithm_native_internal_best_so_far.v1,true
clean,jaxsr,28,150,150,1.0,0.3702659228048842,0.292826969716115,0.3315464462604997,1.0,99.47619047619047,0.3702659228048842,0.292826969716115,0.3315464462604997,1.0,99.47619047619047,algorithm_native_internal_best_so_far.v1,true
clean,jaxsr,29,150,150,1.0,0.3702659228048842,0.292826969716115,0.3315464462604997,1.0,99.49425287356321,0.3702659228048842,0.292826969716115,0.3315464462604997,1.0,99.49425287356321,algorithm_native_internal_best_so_far.v1,true
clean,jaxsr,30,150,150,1.0,0.3702659228048842,0.292826969716115,0.3315464462604997,1.0,99.5111111111111,0.3702659228048842,0.292826969716115,0.3315464462604997,1.0,99.5111111111111,algorithm_native_internal_best_so_far.v1,true
clean,jaxsr,31,150,150,1.0,0.3702659228048842,0.292826969716115,0.3315464462604997,1.0,99.5268817204301,0.3702659228048842,0.292826969716115,0.3315464462604997,1.0,99.5268817204301,algorithm_native_internal_best_so_far.v1,true
clean,jaxsr,32,150,150,1.0,0.3702659228048842,0.292826969716115,0.3315464462604997,1.0,99.54166666666666,0.3702659228048842,0.292826969716115,0.3315464462604997,1.0,99.54166666666666,algorithm_native_internal_best_so_far.v1,true
clean,jaxsr,33,150,150,1.0,0.3702659228048842,0.292826969716115,0.3315464462604997,1.0,99.55555555555554,0.3702659228048842,0.292826969716115,0.3315464462604997,1.0,99.55555555555554,algorithm_native_internal_best_so_far.v1,true
clean,jaxsr,34,150,150,1.0,0.3702659228048842,0.292826969716115,0.3315464462604997,1.0,99.56862745098039,0.3702659228048842,0.292826969716115,0.3315464462604997,1.0,99.56862745098039,algorithm_native_internal_best_so_far.v1,true
clean,jaxsr,35,150,150,1.0,0.3702659228048842,0.292826969716115,0.3315464462604997,1.0,99.58095238095237,0.3702659228048842,0.292826969716115,0.3315464462604997,1.0,99.58095238095237,algorithm_native_internal_best_so_far.v1,true
clean,jaxsr,36,150,150,1.0,0.3702659228048842,0.292826969716115,0.3315464462604997,1.0,99.59259259259258,0.3702659228048842,0.292826969716115,0.3315464462604997,1.0,99.59259259259258,algorithm_native_internal_best_so_far.v1,true
clean,jaxsr,37,150,150,1.0,0.3702659228048842,0.292826969716115,0.3315464462604997,1.0,99.6036036036036,0.3702659228048842,0.292826969716115,0.3315464462604997,1.0,99.6036036036036,algorithm_native_internal_best_so_far.v1,true
clean,jaxsr,38,150,150,1.0,0.3702659228048842,0.292826969716115,0.3315464462604997,1.0,99.61403508771929,0.3702659228048842,0.292826969716115,0.3315464462604997,1.0,99.61403508771929,algorithm_native_internal_best_so_far.v1,true
clean,jaxsr,39,150,150,1.0,0.3702659228048842,0.292826969716115,0.3315464462604997,1.0,99.62393162393161,0.3702659228048842,0.292826969716115,0.3315464462604997,1.0,99.62393162393161,algorithm_native_internal_best_so_far.v1,true
clean,jaxsr,40,150,150,1.0,0.3702659228048842,0.292826969716115,0.3315464462604997,1.0,99.63333333333333,0.3702659228048842,0.292826969716115,0.3315464462604997,1.0,99.63333333333333,algorithm_native_internal_best_so_far.v1,true
clean,jaxsr,41,150,150,1.0,0.3702659228048842,0.292826969716115,0.3315464462604997,1.0,99.64227642276423,0.3702659228048842,0.292826969716115,0.3315464462604997,1.0,99.64227642276423,algorithm_native_internal_best_so_far.v1,true
clean,jaxsr,42,150,150,1.0,0.3702659228048842,0.292826969716115,0.3315464462604997,1.0,99.65079365079364,0.3702659228048842,0.292826969716115,0.3315464462604997,1.0,99.65079365079364,algorithm_native_internal_best_so_far.v1,true
clean,jaxsr,43,150,150,1.0,0.3702659228048842,0.292826969716115,0.3315464462604997,1.0,99.65891472868216,0.3702659228048842,0.292826969716115,0.3315464462604997,1.0,99.65891472868216,algorithm_native_internal_best_so_far.v1,true
clean,jaxsr,44,150,150,1.0,0.3702659228048842,0.292826969716115,0.3315464462604997,1.0,99.66666666666666,0.3702659228048842,0.292826969716115,0.3315464462604997,1.0,99.66666666666666,algorithm_native_internal_best_so_far.v1,true
clean,jaxsr,45,150,150,1.0,0.3702659228048842,0.292826969716115,0.3315464462604997,1.0,99.67407407407407,0.3702659228048842,0.292826969716115,0.3315464462604997,1.0,99.67407407407407,algorithm_native_internal_best_so_far.v1,true
clean,jaxsr,46,150,150,1.0,0.3702659228048842,0.292826969716115,0.3315464462604997,1.0,99.68115942028984,0.3702659228048842,0.292826969716115,0.3315464462604997,1.0,99.68115942028984,algorithm_native_internal_best_so_far.v1,true
clean,jaxsr,47,150,150,1.0,0.3702659228048842,0.292826969716115,0.3315464462604997,1.0,99.68794326241134,0.3702659228048842,0.292826969716115,0.3315464462604997,1.0,99.68794326241134,algorithm_native_internal_best_so_far.v1,true
clean,jaxsr,48,150,150,1.0,0.3702659228048842,0.292826969716115,0.3315464462604997,1.0,99.69444444444444,0.3702659228048842,0.292826969716115,0.3315464462604997,1.0,99.69444444444444,algorithm_native_internal_best_so_far.v1,true
clean,jaxsr,49,150,150,1.0,0.3702659228048842,0.292826969716115,0.3315464462604997,1.0,99.70068027210884,0.3702659228048842,0.292826969716115,0.3315464462604997,1.0,99.70068027210884,algorithm_native_internal_best_so_far.v1,true
clean,jaxsr,50,150,150,1.0,0.3702659228048842,0.292826969716115,0.3315464462604997,1.0,99.70666666666666,0.3702659228048842,0.292826969716115,0.3315464462604997,1.0,99.70666666666666,algorithm_native_internal_best_so_far.v1,true
clean,jaxsr,51,150,150,1.0,0.3702659228048842,0.292826969716115,0.3315464462604997,1.0,99.7124183006536,0.3702659228048842,0.292826969716115,0.3315464462604997,1.0,99.7124183006536,algorithm_native_internal_best_so_far.v1,true
clean,jaxsr,52,150,150,1.0,0.3702659228048842,0.292826969716115,0.3315464462604997,1.0,99.71794871794872,0.3702659228048842,0.292826969716115,0.3315464462604997,1.0,99.71794871794872,algorithm_native_internal_best_so_far.v1,true
clean,jaxsr,53,150,150,1.0,0.3702659228048842,0.292826969716115,0.3315464462604997,1.0,99.72327044025157,0.3702659228048842,0.292826969716115,0.3315464462604997,1.0,99.72327044025157,algorithm_native_internal_best_so_far.v1,true
clean,jaxsr,54,150,150,1.0,0.3702659228048842,0.292826969716115,0.3315464462604997,1.0,99.72839506172839,0.3702659228048842,0.292826969716115,0.3315464462604997,1.0,99.72839506172839,algorithm_native_internal_best_so_far.v1,true
clean,jaxsr,55,150,150,1.0,0.3702659228048842,0.292826969716115,0.3315464462604997,1.0,99.73333333333333,0.3702659228048842,0.292826969716115,0.3315464462604997,1.0,99.73333333333333,algorithm_native_internal_best_so_far.v1,true
clean,jaxsr,56,150,150,1.0,0.3702659228048842,0.292826969716115,0.3315464462604997,1.0,99.73809523809523,0.3702659228048842,0.292826969716115,0.3315464462604997,1.0,99.73809523809523,algorithm_native_internal_best_so_far.v1,true
clean,jaxsr,57,150,150,1.0,0.3702659228048842,0.292826969716115,0.3315464462604997,1.0,99.74269005847952,0.3702659228048842,0.292826969716115,0.3315464462604997,1.0,99.74269005847952,algorithm_native_internal_best_so_far.v1,true
clean,jaxsr,58,150,150,1.0,0.3702659228048842,0.292826969716115,0.3315464462604997,1.0,99.7471264367816,0.3702659228048842,0.292826969716115,0.3315464462604997,1.0,99.7471264367816,algorithm_native_internal_best_so_far.v1,true
clean,jaxsr,59,150,150,1.0,0.3702659228048842,0.292826969716115,0.3315464462604997,1.0,99.75141242937853,0.3702659228048842,0.292826969716115,0.3315464462604997,1.0,99.75141242937853,algorithm_native_internal_best_so_far.v1,true
clean,jaxsr,60,150,150,1.0,0.3702659228048842,0.292826969716115,0.3315464462604997,1.0,99.75555555555555,0.3702659228048842,0.292826969716115,0.3315464462604997,1.0,99.75555555555555,algorithm_native_internal_best_so_far.v1,true
clean,jaxsr,61,150,150,1.0,0.3702659228048842,0.292826969716115,0.3315464462604997,1.0,99.75956284153006,0.3702659228048842,0.292826969716115,0.3315464462604997,1.0,99.75956284153006,algorithm_native_internal_best_so_far.v1,true
clean,jaxsr,62,150,150,1.0,0.3702659228048842,0.292826969716115,0.3315464462604997,1.0,99.76344086021506,0.3702659228048842,0.292826969716115,0.3315464462604997,1.0,99.76344086021506,algorithm_native_internal_best_so_far.v1,true
clean,jaxsr,63,150,150,1.0,0.3702659228048842,0.292826969716115,0.3315464462604997,1.0,99.76719576719576,0.3702659228048842,0.292826969716115,0.3315464462604997,1.0,99.76719576719576,algorithm_native_internal_best_so_far.v1,true
clean,jaxsr,64,150,150,1.0,0.3702659228048842,0.292826969716115,0.3315464462604997,1.0,99.77083333333333,0.3702659228048842,0.292826969716115,0.3315464462604997,1.0,99.77083333333333,algorithm_native_internal_best_so_far.v1,true
clean,jaxsr,65,150,150,1.0,0.3702659228048842,0.292826969716115,0.3315464462604997,1.0,99.77435897435896,0.3702659228048842,0.292826969716115,0.3315464462604997,1.0,99.77435897435896,algorithm_native_internal_best_so_far.v1,true
clean,jaxsr,66,150,150,1.0,0.3702659228048842,0.292826969716115,0.3315464462604997,1.0,99.77777777777776,0.3702659228048842,0.292826969716115,0.3315464462604997,1.0,99.77777777777776,algorithm_native_internal_best_so_far.v1,true
clean,jaxsr,67,150,150,1.0,0.3702659228048842,0.292826969716115,0.3315464462604997,1.0,99.78109452736317,0.3702659228048842,0.292826969716115,0.3315464462604997,1.0,99.78109452736317,algorithm_native_internal_best_so_far.v1,true
clean,jaxsr,68,150,150,1.0,0.3702659228048842,0.292826969716115,0.3315464462604997,1.0,99.78431372549018,0.3702659228048842,0.292826969716115,0.3315464462604997,1.0,99.78431372549018,algorithm_native_internal_best_so_far.v1,true
clean,jaxsr,69,150,150,1.0,0.3702659228048842,0.292826969716115,0.3315464462604997,1.0,99.78743961352656,0.3702659228048842,0.292826969716115,0.3315464462604997,1.0,99.78743961352656,algorithm_native_internal_best_so_far.v1,true
clean,jaxsr,70,150,150,1.0,0.3702659228048842,0.292826969716115,0.3315464462604997,1.0,99.79047619047617,0.3702659228048842,0.292826969716115,0.3315464462604997,1.0,99.79047619047617,algorithm_native_internal_best_so_far.v1,true
clean,jaxsr,71,150,150,1.0,0.3702659228048842,0.292826969716115,0.3315464462604997,1.0,99.79342723004693,0.3702659228048842,0.292826969716115,0.3315464462604997,1.0,99.79342723004693,algorithm_native_internal_best_so_far.v1,true
clean,jaxsr,72,150,150,1.0,0.3702659228048842,0.292826969716115,0.3315464462604997,1.0,99.79629629629628,0.3702659228048842,0.292826969716115,0.3315464462604997,1.0,99.79629629629628,algorithm_native_internal_best_so_far.v1,true
clean,jaxsr,73,150,150,1.0,0.3702659228048842,0.292826969716115,0.3315464462604997,1.0,99.79908675799085,0.3702659228048842,0.292826969716115,0.3315464462604997,1.0,99.79908675799085,algorithm_native_internal_best_so_far.v1,true
clean,jaxsr,74,150,150,1.0,0.3702659228048842,0.292826969716115,0.3315464462604997,1.0,99.80180180180179,0.3702659228048842,0.292826969716115,0.3315464462604997,1.0,99.80180180180179,algorithm_native_internal_best_so_far.v1,true
clean,jaxsr,75,150,150,1.0,0.3702659228048842,0.292826969716115,0.3315464462604997,1.0,99.80444444444443,0.3702659228048842,0.292826969716115,0.3315464462604997,1.0,99.80444444444443,algorithm_native_internal_best_so_far.v1,true
clean,jaxsr,76,150,150,1.0,0.3702659228048842,0.292826969716115,0.3315464462604997,1.0,99.80701754385963,0.3702659228048842,0.292826969716115,0.3315464462604997,1.0,99.80701754385963,algorithm_native_internal_best_so_far.v1,true
clean,jaxsr,77,150,150,1.0,0.3702659228048842,0.292826969716115,0.3315464462604997,1.0,99.8095238095238,0.3702659228048842,0.292826969716115,0.3315464462604997,1.0,99.8095238095238,algorithm_native_internal_best_so_far.v1,true
clean,jaxsr,78,150,150,1.0,0.3702659228048842,0.292826969716115,0.3315464462604997,1.0,99.81196581196579,0.3702659228048842,0.292826969716115,0.3315464462604997,1.0,99.81196581196579,algorithm_native_internal_best_so_far.v1,true
clean,jaxsr,79,150,150,1.0,0.3702659228048842,0.292826969716115,0.3315464462604997,1.0,99.81434599156117,0.3702659228048842,0.292826969716115,0.3315464462604997,1.0,99.81434599156117,algorithm_native_internal_best_so_far.v1,true
clean,jaxsr,80,150,150,1.0,0.3702659228048842,0.292826969716115,0.3315464462604997,1.0,99.81666666666665,0.3702659228048842,0.292826969716115,0.3315464462604997,1.0,99.81666666666665,algorithm_native_internal_best_so_far.v1,true
clean,jaxsr,81,150,150,1.0,0.3702659228048842,0.292826969716115,0.3315464462604997,1.0,99.81893004115224,0.3702659228048842,0.292826969716115,0.3315464462604997,1.0,99.81893004115224,algorithm_native_internal_best_so_far.v1,true
clean,jaxsr,82,150,150,1.0,0.3702659228048842,0.292826969716115,0.3315464462604997,1.0,99.8211382113821,0.3702659228048842,0.292826969716115,0.3315464462604997,1.0,99.8211382113821,algorithm_native_internal_best_so_far.v1,true
clean,jaxsr,83,150,150,1.0,0.3702659228048842,0.292826969716115,0.3315464462604997,1.0,99.82329317269075,0.3702659228048842,0.292826969716115,0.3315464462604997,1.0,99.82329317269075,algorithm_native_internal_best_so_far.v1,true
clean,jaxsr,84,150,150,1.0,0.3702659228048842,0.292826969716115,0.3315464462604997,1.0,99.82539682539681,0.3702659228048842,0.292826969716115,0.3315464462604997,1.0,99.82539682539681,algorithm_native_internal_best_so_far.v1,true
clean,jaxsr,85,150,150,1.0,0.3702659228048842,0.292826969716115,0.3315464462604997,1.0,99.82745098039214,0.3702659228048842,0.292826969716115,0.3315464462604997,1.0,99.82745098039214,algorithm_native_internal_best_so_far.v1,true
clean,jaxsr,86,150,150,1.0,0.3702659228048842,0.292826969716115,0.3315464462604997,1.0,99.82945736434107,0.3702659228048842,0.292826969716115,0.3315464462604997,1.0,99.82945736434107,algorithm_native_internal_best_so_far.v1,true
clean,jaxsr,87,150,150,1.0,0.3702659228048842,0.292826969716115,0.3315464462604997,1.0,99.83141762452105,0.3702659228048842,0.292826969716115,0.3315464462604997,1.0,99.83141762452105,algorithm_native_internal_best_so_far.v1,true
clean,jaxsr,88,150,150,1.0,0.3702659228048842,0.292826969716115,0.3315464462604997,1.0,99.83333333333331,0.3702659228048842,0.292826969716115,0.3315464462604997,1.0,99.83333333333331,algorithm_native_internal_best_so_far.v1,true
clean,jaxsr,89,150,150,1.0,0.3702659228048842,0.292826969716115,0.3315464462604997,1.0,99.83520599250934,0.3702659228048842,0.292826969716115,0.3315464462604997,1.0,99.83520599250934,algorithm_native_internal_best_so_far.v1,true
clean,jaxsr,90,150,150,1.0,0.3702659228048842,0.292826969716115,0.3315464462604997,1.0,99.83703703703702,0.3702659228048842,0.292826969716115,0.3315464462604997,1.0,99.83703703703702,algorithm_native_internal_best_so_far.v1,true
clean,jaxsr,91,150,150,1.0,0.3702659228048842,0.292826969716115,0.3315464462604997,1.0,99.83882783882783,0.3702659228048842,0.292826969716115,0.3315464462604997,1.0,99.83882783882783,algorithm_native_internal_best_so_far.v1,true
clean,jaxsr,92,150,150,1.0,0.3702659228048842,0.292826969716115,0.3315464462604997,1.0,99.84057971014491,0.3702659228048842,0.292826969716115,0.3315464462604997,1.0,99.84057971014491,algorithm_native_internal_best_so_far.v1,true
clean,jaxsr,93,150,150,1.0,0.3702659228048842,0.292826969716115,0.3315464462604997,1.0,99.84229390681003,0.3702659228048842,0.292826969716115,0.3315464462604997,1.0,99.84229390681003,algorithm_native_internal_best_so_far.v1,true
clean,jaxsr,94,150,150,1.0,0.3702659228048842,0.292826969716115,0.3315464462604997,1.0,99.84397163120566,0.3702659228048842,0.292826969716115,0.3315464462604997,1.0,99.84397163120566,algorithm_native_internal_best_so_far.v1,true
clean,jaxsr,95,150,150,1.0,0.3702659228048842,0.292826969716115,0.3315464462604997,1.0,99.8456140350877,0.3702659228048842,0.292826969716115,0.3315464462604997,1.0,99.8456140350877,algorithm_native_internal_best_so_far.v1,true
clean,jaxsr,96,150,150,1.0,0.3702659228048842,0.292826969716115,0.3315464462604997,1.0,99.84722222222221,0.3702659228048842,0.292826969716115,0.3315464462604997,1.0,99.84722222222221,algorithm_native_internal_best_so_far.v1,true
clean,jaxsr,97,150,150,1.0,0.3702659228048842,0.292826969716115,0.3315464462604997,1.0,99.84879725085909,0.3702659228048842,0.292826969716115,0.3315464462604997,1.0,99.84879725085909,algorithm_native_internal_best_so_far.v1,true
clean,jaxsr,98,150,150,1.0,0.3702659228048842,0.292826969716115,0.3315464462604997,1.0,99.85034013605441,0.3702659228048842,0.292826969716115,0.3315464462604997,1.0,99.85034013605441,algorithm_native_internal_best_so_far.v1,true
clean,jaxsr,99,150,150,1.0,0.3702659228048842,0.292826969716115,0.3315464462604997,1.0,99.85185185185183,0.3702659228048842,0.292826969716115,0.3315464462604997,1.0,99.85185185185183,algorithm_native_internal_best_so_far.v1,true
clean,jaxsr,100,150,150,1.0,0.3702659228048842,0.292826969716115,0.3315464462604997,1.0,99.85333333333332,0.3702659228048842,0.292826969716115,0.3315464462604997,1.0,99.85333333333332,algorithm_native_internal_best_so_far.v1,true
clean,jaxsr,101,150,150,1.0,0.3702659228048842,0.292826969716115,0.3315464462604997,1.0,99.85478547854784,0.3702659228048842,0.292826969716115,0.3315464462604997,1.0,99.85478547854784,algorithm_native_internal_best_so_far.v1,true
clean,jaxsr,102,150,150,1.0,0.3702659228048842,0.292826969716115,0.3315464462604997,1.0,99.85620915032679,0.3702659228048842,0.292826969716115,0.3315464462604997,1.0,99.85620915032679,algorithm_native_internal_best_so_far.v1,true
clean,jaxsr,103,150,150,1.0,0.3702659228048842,0.292826969716115,0.3315464462604997,1.0,99.85760517799352,0.3702659228048842,0.292826969716115,0.3315464462604997,1.0,99.85760517799352,algorithm_native_internal_best_so_far.v1,true
clean,jaxsr,104,150,150,1.0,0.3702659228048842,0.292826969716115,0.3315464462604997,1.0,99.85897435897435,0.3702659228048842,0.292826969716115,0.3315464462604997,1.0,99.85897435897435,algorithm_native_internal_best_so_far.v1,true
clean,jaxsr,105,150,150,1.0,0.3702659228048842,0.292826969716115,0.3315464462604997,1.0,99.86031746031745,0.3702659228048842,0.292826969716115,0.3315464462604997,1.0,99.86031746031745,algorithm_native_internal_best_so_far.v1,true
clean,jaxsr,106,150,150,1.0,0.3702659228048842,0.292826969716115,0.3315464462604997,1.0,99.86163522012578,0.3702659228048842,0.292826969716115,0.3315464462604997,1.0,99.86163522012578,algorithm_native_internal_best_so_far.v1,true
clean,jaxsr,107,150,150,1.0,0.3702659228048842,0.292826969716115,0.3315464462604997,1.0,99.86292834890965,0.3702659228048842,0.292826969716115,0.3315464462604997,1.0,99.86292834890965,algorithm_native_internal_best_so_far.v1,true
clean,jaxsr,108,150,150,1.0,0.3702659228048842,0.292826969716115,0.3315464462604997,1.0,99.86419753086419,0.3702659228048842,0.292826969716115,0.3315464462604997,1.0,99.86419753086419,algorithm_native_internal_best_so_far.v1,true
clean,jaxsr,109,150,150,1.0,0.3702659228048842,0.292826969716115,0.3315464462604997,1.0,99.86544342507644,0.3702659228048842,0.292826969716115,0.3315464462604997,1.0,99.86544342507644,algorithm_native_internal_best_so_far.v1,true
clean,jaxsr,110,150,150,1.0,0.3702659228048842,0.292826969716115,0.3315464462604997,1.0,99.86666666666666,0.3702659228048842,0.292826969716115,0.3315464462604997,1.0,99.86666666666666,algorithm_native_internal_best_so_far.v1,true
clean,jaxsr,111,150,150,1.0,0.3702659228048842,0.292826969716115,0.3315464462604997,1.0,99.86786786786786,0.3702659228048842,0.292826969716115,0.3315464462604997,1.0,99.86786786786786,algorithm_native_internal_best_so_far.v1,true
clean,jaxsr,112,150,150,1.0,0.3702659228048842,0.292826969716115,0.3315464462604997,1.0,99.8690476190476,0.3702659228048842,0.292826969716115,0.3315464462604997,1.0,99.8690476190476,algorithm_native_internal_best_so_far.v1,true
clean,jaxsr,113,150,150,1.0,0.3702659228048842,0.292826969716115,0.3315464462604997,1.0,99.87020648967551,0.3702659228048842,0.292826969716115,0.3315464462604997,1.0,99.87020648967551,algorithm_native_internal_best_so_far.v1,true
clean,jaxsr,114,150,150,1.0,0.3702659228048842,0.292826969716115,0.3315464462604997,1.0,99.87134502923976,0.3702659228048842,0.292826969716115,0.3315464462604997,1.0,99.87134502923976,algorithm_native_internal_best_so_far.v1,true
clean,jaxsr,115,150,150,1.0,0.3702659228048842,0.292826969716115,0.3315464462604997,1.0,99.87246376811594,0.3702659228048842,0.292826969716115,0.3315464462604997,1.0,99.87246376811594,algorithm_native_internal_best_so_far.v1,true
clean,jaxsr,116,150,150,1.0,0.3702659228048842,0.292826969716115,0.3315464462604997,1.0,99.8735632183908,0.3702659228048842,0.292826969716115,0.3315464462604997,1.0,99.8735632183908,algorithm_native_internal_best_so_far.v1,true
clean,jaxsr,117,150,150,1.0,0.3702659228048842,0.292826969716115,0.3315464462604997,1.0,99.87464387464387,0.3702659228048842,0.292826969716115,0.3315464462604997,1.0,99.87464387464387,algorithm_native_internal_best_so_far.v1,true
clean,jaxsr,118,150,150,1.0,0.3702659228048842,0.292826969716115,0.3315464462604997,1.0,99.87570621468926,0.3702659228048842,0.292826969716115,0.3315464462604997,1.0,99.87570621468926,algorithm_native_internal_best_so_far.v1,true
clean,jaxsr,119,150,150,1.0,0.3702659228048842,0.292826969716115,0.3315464462604997,1.0,99.8767507002801,0.3702659228048842,0.292826969716115,0.3315464462604997,1.0,99.8767507002801,algorithm_native_internal_best_so_far.v1,true
clean,jaxsr,120,150,150,1.0,0.3702659228048842,0.292826969716115,0.3315464462604997,1.0,99.87777777777777,0.3702659228048842,0.292826969716115,0.3315464462604997,1.0,99.87777777777777,algorithm_native_internal_best_so_far.v1,true
clean,jaxsr,121,150,150,1.0,0.3702659228048842,0.292826969716115,0.3315464462604997,1.0,99.87878787878788,0.3702659228048842,0.292826969716115,0.3315464462604997,1.0,99.87878787878788,algorithm_native_internal_best_so_far.v1,true
clean,jaxsr,122,150,150,1.0,0.3702659228048842,0.292826969716115,0.3315464462604997,1.0,99.87978142076501,0.3702659228048842,0.292826969716115,0.3315464462604997,1.0,99.87978142076501,algorithm_native_internal_best_so_far.v1,true
clean,jaxsr,123,150,150,1.0,0.3702659228048842,0.292826969716115,0.3315464462604997,1.0,99.88075880758807,0.3702659228048842,0.292826969716115,0.3315464462604997,1.0,99.88075880758807,algorithm_native_internal_best_so_far.v1,true
clean,jaxsr,124,150,150,1.0,0.3702659228048842,0.292826969716115,0.3315464462604997,1.0,99.88172043010752,0.3702659228048842,0.292826969716115,0.3315464462604997,1.0,99.88172043010752,algorithm_native_internal_best_so_far.v1,true
clean,jaxsr,125,150,150,1.0,0.3702659228048842,0.292826969716115,0.3315464462604997,1.0,99.88266666666665,0.3702659228048842,0.292826969716115,0.3315464462604997,1.0,99.88266666666665,algorithm_native_internal_best_so_far.v1,true
clean,jaxsr,126,150,150,1.0,0.3702659228048842,0.292826969716115,0.3315464462604997,1.0,99.88359788359787,0.3702659228048842,0.292826969716115,0.3315464462604997,1.0,99.88359788359787,algorithm_native_internal_best_so_far.v1,true
clean,jaxsr,127,150,150,1.0,0.3702659228048842,0.292826969716115,0.3315464462604997,1.0,99.88451443569552,0.3702659228048842,0.292826969716115,0.3315464462604997,1.0,99.88451443569552,algorithm_native_internal_best_so_far.v1,true
clean,jaxsr,128,150,150,1.0,0.3702659228048842,0.292826969716115,0.3315464462604997,1.0,99.88541666666666,0.3702659228048842,0.292826969716115,0.3315464462604997,1.0,99.88541666666666,algorithm_native_internal_best_so_far.v1,true
clean,jaxsr,129,150,150,1.0,0.3702659228048842,0.292826969716115,0.3315464462604997,1.0,99.88630490956072,0.3702659228048842,0.292826969716115,0.3315464462604997,1.0,99.88630490956072,algorithm_native_internal_best_so_far.v1,true
clean,jaxsr,130,150,150,1.0,0.3702659228048842,0.292826969716115,0.3315464462604997,1.0,99.88717948717948,0.3702659228048842,0.292826969716115,0.3315464462604997,1.0,99.88717948717948,algorithm_native_internal_best_so_far.v1,true
clean,jaxsr,131,150,150,1.0,0.3702659228048842,0.292826969716115,0.3315464462604997,1.0,99.88804071246818,0.3702659228048842,0.292826969716115,0.3315464462604997,1.0,99.88804071246818,algorithm_native_internal_best_so_far.v1,true
clean,jaxsr,132,150,150,1.0,0.3702659228048842,0.292826969716115,0.3315464462604997,1.0,99.88888888888889,0.3702659228048842,0.292826969716115,0.3315464462604997,1.0,99.88888888888889,algorithm_native_internal_best_so_far.v1,true
clean,jaxsr,133,150,150,1.0,0.3702659228048842,0.292826969716115,0.3315464462604997,1.0,99.88972431077693,0.3702659228048842,0.292826969716115,0.3315464462604997,1.0,99.88972431077693,algorithm_native_internal_best_so_far.v1,true
clean,jaxsr,134,150,150,1.0,0.3702659228048842,0.292826969716115,0.3315464462604997,1.0,99.89054726368158,0.3702659228048842,0.292826969716115,0.3315464462604997,1.0,99.89054726368158,algorithm_native_internal_best_so_far.v1,true
clean,jaxsr,135,150,150,1.0,0.3702659228048842,0.292826969716115,0.3315464462604997,1.0,99.89135802469134,0.3702659228048842,0.292826969716115,0.3315464462604997,1.0,99.89135802469134,algorithm_native_internal_best_so_far.v1,true
clean,jaxsr,136,150,150,1.0,0.3702659228048842,0.292826969716115,0.3315464462604997,1.0,99.89215686274508,0.3702659228048842,0.292826969716115,0.3315464462604997,1.0,99.89215686274508,algorithm_native_internal_best_so_far.v1,true
clean,jaxsr,137,150,150,1.0,0.3702659228048842,0.292826969716115,0.3315464462604997,1.0,99.89294403892943,0.3702659228048842,0.292826969716115,0.3315464462604997,1.0,99.89294403892943,algorithm_native_internal_best_so_far.v1,true
clean,jaxsr,138,150,150,1.0,0.3702659228048842,0.292826969716115,0.3315464462604997,1.0,99.89371980676327,0.3702659228048842,0.292826969716115,0.3315464462604997,1.0,99.89371980676327,algorithm_native_internal_best_so_far.v1,true
clean,jaxsr,139,150,150,1.0,0.3702659228048842,0.292826969716115,0.3315464462604997,1.0,99.89448441247002,0.3702659228048842,0.292826969716115,0.3315464462604997,1.0,99.89448441247002,algorithm_native_internal_best_so_far.v1,true
clean,jaxsr,140,150,150,1.0,0.3702659228048842,0.292826969716115,0.3315464462604997,1.0,99.89523809523808,0.3702659228048842,0.292826969716115,0.3315464462604997,1.0,99.89523809523808,algorithm_native_internal_best_so_far.v1,true
clean,jaxsr,141,150,150,1.0,0.3702659228048842,0.292826969716115,0.3315464462604997,1.0,99.89598108747045,0.3702659228048842,0.292826969716115,0.3315464462604997,1.0,99.89598108747045,algorithm_native_internal_best_so_far.v1,true
clean,jaxsr,142,150,150,1.0,0.3702659228048842,0.292826969716115,0.3315464462604997,1.0,99.89671361502347,0.3702659228048842,0.292826969716115,0.3315464462604997,1.0,99.89671361502347,algorithm_native_internal_best_so_far.v1,true
clean,jaxsr,143,150,150,1.0,0.3702659228048842,0.292826969716115,0.3315464462604997,1.0,99.89743589743588,0.3702659228048842,0.292826969716115,0.3315464462604997,1.0,99.89743589743588,algorithm_native_internal_best_so_far.v1,true
clean,jaxsr,144,150,150,1.0,0.3702659228048842,0.292826969716115,0.3315464462604997,1.0,99.89814814814814,0.3702659228048842,0.292826969716115,0.3315464462604997,1.0,99.89814814814814,algorithm_native_internal_best_so_far.v1,true
clean,jaxsr,145,150,150,1.0,0.3702659228048842,0.292826969716115,0.3315464462604997,1.0,99.89885057471264,0.3702659228048842,0.292826969716115,0.3315464462604997,1.0,99.89885057471264,algorithm_native_internal_best_so_far.v1,true
clean,jaxsr,146,150,150,1.0,0.3702659228048842,0.292826969716115,0.3315464462604997,1.0,99.89954337899543,0.3702659228048842,0.292826969716115,0.3315464462604997,1.0,99.89954337899543,algorithm_native_internal_best_so_far.v1,true
clean,jaxsr,147,150,150,1.0,0.3702659228048842,0.292826969716115,0.3315464462604997,1.0,99.90022675736961,0.3702659228048842,0.292826969716115,0.3315464462604997,1.0,99.90022675736961,algorithm_native_internal_best_so_far.v1,true
clean,jaxsr,148,150,150,1.0,0.3702659228048842,0.292826969716115,0.3315464462604997,1.0,99.9009009009009,0.3702659228048842,0.292826969716115,0.3315464462604997,1.0,99.9009009009009,algorithm_native_internal_best_so_far.v1,true
clean,jaxsr,149,150,150,1.0,0.3702659228048842,0.292826969716115,0.3315464462604997,1.0,99.90156599552571,0.3702659228048842,0.292826969716115,0.3315464462604997,1.0,99.90156599552571,algorithm_native_internal_best_so_far.v1,true
clean,jaxsr,150,150,150,1.0,0.3702659228048842,0.292826969716115,0.3315464462604997,1.0,99.90222222222222,0.3702659228048842,0.292826969716115,0.3315464462604997,1.0,99.90222222222222,algorithm_native_internal_best_so_far.v1,true
clean,jaxsr,151,150,150,1.0,0.3702659228048842,0.292826969716115,0.3315464462604997,1.0,99.90286975717439,0.3702659228048842,0.292826969716115,0.3315464462604997,1.0,99.90286975717439,algorithm_native_internal_best_so_far.v1,true
clean,jaxsr,152,150,150,1.0,0.3702659228048842,0.292826969716115,0.3315464462604997,1.0,99.90350877192982,0.3702659228048842,0.292826969716115,0.3315464462604997,1.0,99.90350877192982,algorithm_native_internal_best_so_far.v1,true
clean,jaxsr,153,150,150,1.0,0.3702659228048842,0.292826969716115,0.3315464462604997,1.0,99.9041394335512,0.3702659228048842,0.292826969716115,0.3315464462604997,1.0,99.9041394335512,algorithm_native_internal_best_so_far.v1,true
clean,jaxsr,154,150,150,1.0,0.3702659228048842,0.292826969716115,0.3315464462604997,1.0,99.9047619047619,0.3702659228048842,0.292826969716115,0.3315464462604997,1.0,99.9047619047619,algorithm_native_internal_best_so_far.v1,true
clean,jaxsr,155,150,150,1.0,0.3702659228048842,0.292826969716115,0.3315464462604997,1.0,99.90537634408601,0.3702659228048842,0.292826969716115,0.3315464462604997,1.0,99.90537634408601,algorithm_native_internal_best_so_far.v1,true
clean,jaxsr,156,150,150,1.0,0.3702659228048842,0.292826969716115,0.3315464462604997,1.0,99.9059829059829,0.3702659228048842,0.292826969716115,0.3315464462604997,1.0,99.9059829059829,algorithm_native_internal_best_so_far.v1,true
clean,jaxsr,157,150,150,1.0,0.3702659228048842,0.292826969716115,0.3315464462604997,1.0,99.90658174097663,0.3702659228048842,0.292826969716115,0.3315464462604997,1.0,99.90658174097663,algorithm_native_internal_best_so_far.v1,true
clean,jaxsr,158,150,150,1.0,0.3702659228048842,0.292826969716115,0.3315464462604997,1.0,99.90717299578058,0.3702659228048842,0.292826969716115,0.3315464462604997,1.0,99.90717299578058,algorithm_native_internal_best_so_far.v1,true
clean,jaxsr,159,150,150,1.0,0.3702659228048842,0.292826969716115,0.3315464462604997,1.0,99.90775681341718,0.3702659228048842,0.292826969716115,0.3315464462604997,1.0,99.90775681341718,algorithm_native_internal_best_so_far.v1,true
clean,jaxsr,160,150,150,1.0,0.3702659228048842,0.292826969716115,0.3315464462604997,1.0,99.90833333333333,0.3702659228048842,0.292826969716115,0.3315464462604997,1.0,99.90833333333333,algorithm_native_internal_best_so_far.v1,true
clean,jaxsr,161,150,150,1.0,0.3702659228048842,0.292826969716115,0.3315464462604997,1.0,99.90890269151139,0.3702659228048842,0.292826969716115,0.3315464462604997,1.0,99.90890269151139,algorithm_native_internal_best_so_far.v1,true
clean,jaxsr,162,150,150,1.0,0.3702659228048842,0.292826969716115,0.3315464462604997,1.0,99.90946502057612,0.3702659228048842,0.292826969716115,0.3315464462604997,1.0,99.90946502057612,algorithm_native_internal_best_so_far.v1,true
clean,jaxsr,163,150,150,1.0,0.3702659228048842,0.292826969716115,0.3315464462604997,1.0,99.91002044989774,0.3702659228048842,0.292826969716115,0.3315464462604997,1.0,99.91002044989774,algorithm_native_internal_best_so_far.v1,true
clean,jaxsr,164,150,150,1.0,0.3702659228048842,0.292826969716115,0.3315464462604997,1.0,99.91056910569105,0.3702659228048842,0.292826969716115,0.3315464462604997,1.0,99.91056910569105,algorithm_native_internal_best_so_far.v1,true
clean,jaxsr,165,150,150,1.0,0.3702659228048842,0.292826969716115,0.3315464462604997,1.0,99.9111111111111,0.3702659228048842,0.292826969716115,0.3315464462604997,1.0,99.9111111111111,algorithm_native_internal_best_so_far.v1,true
clean,jaxsr,166,150,150,1.0,0.3702659228048842,0.292826969716115,0.3315464462604997,1.0,99.91164658634537,0.3702659228048842,0.292826969716115,0.3315464462604997,1.0,99.91164658634537,algorithm_native_internal_best_so_far.v1,true
clean,jaxsr,167,150,150,1.0,0.3702659228048842,0.292826969716115,0.3315464462604997,1.0,99.91217564870259,0.3702659228048842,0.292826969716115,0.3315464462604997,1.0,99.91217564870259,algorithm_native_internal_best_so_far.v1,true
clean,jaxsr,168,150,150,1.0,0.3702659228048842,0.292826969716115,0.3315464462604997,1.0,99.9126984126984,0.3702659228048842,0.292826969716115,0.3315464462604997,1.0,99.9126984126984,algorithm_native_internal_best_so_far.v1,true
clean,jaxsr,169,150,150,1.0,0.3702659228048842,0.292826969716115,0.3315464462604997,1.0,99.91321499013806,0.3702659228048842,0.292826969716115,0.3315464462604997,1.0,99.91321499013806,algorithm_native_internal_best_so_far.v1,true
clean,jaxsr,170,150,150,1.0,0.3702659228048842,0.292826969716115,0.3315464462604997,1.0,99.91372549019607,0.3702659228048842,0.292826969716115,0.3315464462604997,1.0,99.91372549019607,algorithm_native_internal_best_so_far.v1,true
clean,jaxsr,171,150,150,1.0,0.3702659228048842,0.292826969716115,0.3315464462604997,1.0,99.91423001949317,0.3702659228048842,0.292826969716115,0.3315464462604997,1.0,99.91423001949317,algorithm_native_internal_best_so_far.v1,true
clean,jaxsr,172,150,150,1.0,0.3702659228048842,0.292826969716115,0.3315464462604997,1.0,99.91472868217053,0.3702659228048842,0.292826969716115,0.3315464462604997,1.0,99.91472868217053,algorithm_native_internal_best_so_far.v1,true
clean,jaxsr,173,150,150,1.0,0.3702659228048842,0.292826969716115,0.3315464462604997,1.0,99.91522157996145,0.3702659228048842,0.292826969716115,0.3315464462604997,1.0,99.91522157996145,algorithm_native_internal_best_so_far.v1,true
clean,jaxsr,174,150,150,1.0,0.3702659228048842,0.292826969716115,0.3315464462604997,1.0,99.91570881226053,0.3702659228048842,0.292826969716115,0.3315464462604997,1.0,99.91570881226053,algorithm_native_internal_best_so_far.v1,true
clean,jaxsr,175,150,150,1.0,0.3702659228048842,0.292826969716115,0.3315464462604997,1.0,99.91619047619047,0.3702659228048842,0.292826969716115,0.3315464462604997,1.0,99.91619047619047,algorithm_native_internal_best_so_far.v1,true
clean,jaxsr,176,150,150,1.0,0.3702659228048842,0.292826969716115,0.3315464462604997,1.0,99.91666666666666,0.3702659228048842,0.292826969716115,0.3315464462604997,1.0,99.91666666666666,algorithm_native_internal_best_so_far.v1,true
clean,jaxsr,177,150,150,1.0,0.3702659228048842,0.292826969716115,0.3315464462604997,1.0,99.9171374764595,0.3702659228048842,0.292826969716115,0.3315464462604997,1.0,99.9171374764595,algorithm_native_internal_best_so_far.v1,true
clean,jaxsr,178,150,150,1.0,0.3702659228048842,0.292826969716115,0.3315464462604997,1.0,99.91760299625467,0.3702659228048842,0.292826969716115,0.3315464462604997,1.0,99.91760299625467,algorithm_native_internal_best_so_far.v1,true
clean,jaxsr,179,150,150,1.0,0.3702659228048842,0.292826969716115,0.3315464462604997,1.0,99.91806331471135,0.3702659228048842,0.292826969716115,0.3315464462604997,1.0,99.91806331471135,algorithm_native_internal_best_so_far.v1,true
clean,jaxsr,180,150,150,1.0,0.3702659228048842,0.292826969716115,0.3315464462604997,1.0,99.91851851851851,0.3702659228048842,0.292826969716115,0.3315464462604997,1.0,99.91851851851851,algorithm_native_internal_best_so_far.v1,true
clean,llmsr,1,150,150,1.0,0.1950038369084114,0.14098913180112788,0.16799648435476966,0.41938481394300386,41.93848139430039,0.1950038369084114,0.14098913180112788,0.16799648435476966,0.41938481394300386,41.93848139430039,algorithm_native_internal_best_so_far.v1,true
clean,llmsr,2,150,150,1.0,0.2590023962849642,0.18984830397082111,0.22442535012789264,0.545010903869083,48.21978589060434,0.2590023962849642,0.18984830397082111,0.22442535012789264,0.545010903869083,48.21978589060434,algorithm_native_internal_best_so_far.v1,true
clean,llmsr,3,150,150,1.0,0.29226513341453353,0.21562768386895892,0.2539464086417461,0.5965491581049283,52.031495863900496,0.29226513341453353,0.21562768386895892,0.2539464086417461,0.5965491581049283,52.031495863900496,algorithm_native_internal_best_so_far.v1,true
clean,llmsr,4,150,150,1.0,0.305523402881355,0.2254369579564397,0.26548018041889726,0.6147010511480054,54.391148176625514,0.305523402881355,0.2254369579564397,0.26548018041889726,0.6147010511480054,54.391148176625514,algorithm_native_internal_best_so_far.v1,true
clean,llmsr,5,150,150,1.0,0.3201027150977923,0.2416114316525092,0.2808570733751507,0.6422764496532966,56.35844753436635,0.3201027150977923,0.2416114316525092,0.2808570733751507,0.6422764496532966,56.35844753436635,algorithm_native_internal_best_so_far.v1,true
clean,llmsr,6,150,150,1.0,0.3311233429444256,0.25279043090901226,0.2919568869267188,0.6614729398761082,57.989921943240425,0.3311233429444256,0.25279043090901226,0.2919568869267188,0.6614729398761082,57.989921943240425,algorithm_native_internal_best_so_far.v1,true
clean,llmsr,7,150,150,1.0,0.33471876827367575,0.25752046874281076,0.29611961850824303,0.6713123390623837,59.29582365224014,0.33471876827367575,0.25752046874281076,0.29611961850824303,0.6713123390623837,59.29582365224014,algorithm_native_internal_best_so_far.v1,true
clean,llmsr,8,150,150,1.0,0.3466134652863238,0.26852249294729397,0.30756797911680883,0.6854886327278678,60.45245360480847,0.3466134652863238,0.26852249294729397,0.30756797911680883,0.6854886327278678,60.45245360480847,algorithm_native_internal_best_so_far.v1,true
clean,llmsr,9,150,150,1.0,0.3504384804906932,0.27179220066750825,0.3111153405791006,0.6869462287627532,61.368250190527,0.3504384804906932,0.27179220066750825,0.3111153405791006,0.6869462287627532,61.368250190527,algorithm_native_internal_best_so_far.v1,true
clean,llmsr,10,150,150,1.0,0.3537478066942952,0.2760089224117756,0.31487836455303525,0.6896697635309138,62.12812280678344,0.3537478066942952,0.2760089224117756,0.31487836455303525,0.6896697635309138,62.12812280678344,algorithm_native_internal_best_so_far.v1,true
clean,llmsr,11,150,150,1.0,0.35608954381328706,0.28322044023058573,0.3196549920219362,0.6951392419122043,62.799559296277714,0.35608954381328706,0.28322044023058573,0.3196549920219362,0.6951392419122043,62.799559296277714,algorithm_native_internal_best_so_far.v1,true
clean,llmsr,12,150,150,1.0,0.3613792706861265,0.2881263004967093,0.32475278559141774,0.7000507364706784,63.40001882551022,0.3613792706861265,0.2881263004967093,0.32475278559141774,0.7000507364706784,63.40001882551022,algorithm_native_internal_best_so_far.v1,true
clean,llmsr,13,150,150,1.0,0.36412854604828343,0.2913122330067788,0.3277203895275309,0.7062206865356163,63.95556111997571,0.36412854604828343,0.2913122330067788,0.3277203895275309,0.7062206865356163,63.95556111997571,algorithm_native_internal_best_so_far.v1,true
clean,llmsr,14,150,150,1.0,0.36810947471540095,0.2974127028983145,0.3327610888068575,0.7126801768532139,64.47787944607184,0.36810947471540095,0.2974127028983145,0.3327610888068575,0.7126801768532139,64.47787944607184,algorithm_native_internal_best_so_far.v1,true
clean,llmsr,15,150,150,1.0,0.37602717221081805,0.30041867482896023,0.3382229235198891,0.7217192151383245,64.99081558392254,0.37602717221081805,0.30041867482896023,0.3382229235198891,0.7217192151383245,64.99081558392254,algorithm_native_internal_best_so_far.v1,true
clean,llmsr,16,150,150,1.0,0.3795242457757421,0.3000510727296962,0.33978765925271914,0.7254920361254803,65.46321483571164,0.3795242457757421,0.3000510727296962,0.33978765925271914,0.7254920361254803,65.46321483571164,algorithm_native_internal_best_so_far.v1,true
clean,llmsr,17,150,150,1.0,0.37636243001925296,0.29723689003996834,0.3367996600296106,0.7195934700834722,65.84534025763138,0.37636243001925296,0.29723689003996834,0.3367996600296106,0.7195934700834722,65.84534025763138,algorithm_native_internal_best_so_far.v1,true
clean,llmsr,18,150,150,1.0,0.3766626169723846,0.2977517357709427,0.33720717637166375,0.71947217235475,66.18433342306713,0.3766626169723846,0.2977517357709427,0.33720717637166375,0.71947217235475,66.18433342306713,algorithm_native_internal_best_so_far.v1,true
clean,llmsr,19,150,150,1.0,0.3794027310111169,0.2998358671507021,0.33961929908090954,0.7245575051623117,66.51440800691788,0.3794027310111169,0.2998358671507021,0.33961929908090954,0.7245575051623117,66.51440800691788,algorithm_native_internal_best_so_far.v1,true
clean,llmsr,20,150,150,1.0,0.38443142406871506,0.30263322479151245,0.3435323244301139,0.7279117121353692,66.82824616724882,0.38443142406871506,0.30263322479151245,0.3435323244301139,0.7279117121353692,66.82824616724882,algorithm_native_internal_best_so_far.v1,true
clean,llmsr,21,150,150,1.0,0.3836695208459541,0.3042797413053012,0.3439746310756277,0.7274453373661456,67.10997414674243,0.3836695208459541,0.3042797413053012,0.3439746310756277,0.7274453373661456,67.10997414674243,algorithm_native_internal_best_so_far.v1,true
clean,llmsr,22,150,150,1.0,0.38671263123558725,0.30581347313659746,0.3462630521860924,0.7336633624553915,67.39435424214228,0.38671263123558725,0.30581347313659746,0.3462630521860924,0.7336633624553915,67.39435424214228,algorithm_native_internal_best_so_far.v1,true
clean,llmsr,23,150,150,1.0,0.3873709719510273,0.3054234480867914,0.3463972100189095,0.7341195244698272,67.65598894670056,0.3873709719510273,0.3054234480867914,0.3463972100189095,0.7341195244698272,67.65598894670056,algorithm_native_internal_best_so_far.v1,true
clean,llmsr,24,150,150,1.0,0.3876799359294117,0.30698877150769005,0.347334353718551,0.7361006147126421,67.90407530189071,0.3876799359294117,0.30698877150769005,0.347334353718551,0.7361006147126421,67.90407530189071,algorithm_native_internal_best_so_far.v1,true
clean,llmsr,25,150,150,1.0,0.38843969906549336,0.30816927388247173,0.3483044864739826,0.7367959387820003,68.13509604494308,0.38843969906549336,0.30816927388247173,0.3483044864739826,0.7367959387820003,68.13509604494308,algorithm_native_internal_best_so_far.v1,true
clean,llmsr,26,150,150,1.0,0.39431458608985764,0.3140870130214339,0.35420079955564593,0.7443082491485771,68.37723946301672,0.39431458608985764,0.3140870130214339,0.35420079955564593,0.7443082491485771,68.37723946301672,algorithm_native_internal_best_so_far.v1,true
clean,llmsr,27,150,150,1.0,0.3944473857097856,0.31406586296023503,0.35425662433501043,0.7448668296064112,68.60351514811393,0.3944473857097856,0.31406586296023503,0.35425662433501043,0.7448668296064112,68.60351514811393,algorithm_native_internal_best_so_far.v1,true
clean,llmsr,28,150,150,1.0,0.3956608032628089,0.314235817603434,0.3549483104331216,0.746269375301024,68.81863737604209,0.3956608032628089,0.314235817603434,0.3549483104331216,0.746269375301024,68.81863737604209,algorithm_native_internal_best_so_far.v1,true
clean,llmsr,29,150,150,1.0,0.3890831673050056,0.3091760509192025,0.3491296091121043,0.7301988836296399,68.96350809972905,0.3890831673050056,0.3091760509192025,0.3491296091121043,0.7301988836296399,68.96350809972905,algorithm_native_internal_best_so_far.v1,true
clean,llmsr,30,150,150,1.0,0.3880078980417185,0.30764495100714584,0.3478264245244323,0.7273868252726811,69.0893472473137,0.3880078980417185,0.30764495100714584,0.3478264245244323,0.7273868252726811,69.0893472473137,algorithm_native_internal_best_so_far.v1,true
clean,llmsr,31,150,150,1.0,0.3955785552109333,0.3149882361036836,0.3552833956573086,0.7375557225306589,69.23987063459602,0.3955785552109333,0.3149882361036836,0.3552833956573086,0.7375557225306589,69.23987063459602,algorithm_native_internal_best_so_far.v1,true
clean,llmsr,32,150,150,1.0,0.3921330424923379,0.3112814751510178,0.3517072588216779,0.7312733870651613,69.36135401184352,0.3921330424923379,0.3112814751510178,0.3517072588216779,0.7312733870651613,69.36135401184352,algorithm_native_internal_best_so_far.v1,true
clean,llmsr,33,150,150,1.0,0.3924398719759777,0.31262522870780235,0.3525325503418901,0.7325203101253321,69.47925331489472,0.3924398719759777,0.31262522870780235,0.3525325503418901,0.7325203101253321,69.47925331489472,algorithm_native_internal_best_so_far.v1,true
clean,llmsr,34,150,150,1.0,0.3962818661188445,0.31824054573944616,0.3572612059291454,0.7373271488622738,69.60435512581627,0.3962818661188445,0.31824054573944616,0.3572612059291454,0.7373271488622738,69.60435512581627,algorithm_native_internal_best_so_far.v1,true
clean,llmsr,35,150,150,1.0,0.3976457895174921,0.318980610520902,0.35831320001919714,0.7379626809848552,69.72412406789253,0.3976457895174921,0.318980610520902,0.35831320001919714,0.7379626809848552,69.72412406789253,algorithm_native_internal_best_so_far.v1,true
clean,llmsr,36,150,150,1.0,0.3983500278607151,0.32052910183407674,0.3594395648473961,0.739264386866292,69.8408550295241,0.3983500278607151,0.32052910183407674,0.3594395648473961,0.739264386866292,69.8408550295241,algorithm_native_internal_best_so_far.v1,true
clean,llmsr,37,150,150,1.0,0.39897021906233626,0.3207301980121089,0.35985020853722266,0.7402720409239566,69.9539995987909,0.39897021906233626,0.3207301980121089,0.35985020853722266,0.7402720409239566,69.9539995987909,algorithm_native_internal_best_so_far.v1,true
clean,llmsr,38,150,150,1.0,0.40142241060952255,0.31528912043442325,0.358355765521973,0.7436115375858285,70.06997733983806,0.40142241060952255,0.31528912043442325,0.358355765521973,0.7436115375858285,70.06997733983806,algorithm_native_internal_best_so_far.v1,true
clean,llmsr,39,150,150,1.0,0.40938487001800705,0.3226491755435871,0.3660170227807971,0.7535825043319418,70.20557408582154,0.40938487001800705,0.3226491755435871,0.3660170227807971,0.7535825043319418,70.20557408582154,algorithm_native_internal_best_so_far.v1,true
clean,llmsr,40,150,150,1.0,0.40972458107541654,0.32253666420052757,0.36613062263797214,0.7538277186932316,70.33500403040908,0.40972458107541654,0.32253666420052757,0.36613062263797214,0.7538277186932316,70.33500403040908,algorithm_native_internal_best_so_far.v1,true
clean,llmsr,41,150,150,1.0,0.4075546016755901,0.3223722783751433,0.36496344002536674,0.7530506264371786,70.4562249721971,0.4075546016755901,0.3223722783751433,0.36496344002536674,0.7530506264371786,70.4562249721971,algorithm_native_internal_best_so_far.v1,true
clean,llmsr,42,150,150,1.0,0.40755702218223055,0.3223714260792388,0.3649642241307347,0.7530519830612019,70.57167671824288,0.40755702218223055,0.3223714260792388,0.3649642241307347,0.7530519830612019,70.57167671824288,algorithm_native_internal_best_so_far.v1,true
clean,llmsr,43,150,150,1.0,0.41130183869601183,0.3260654249910542,0.3686836318435331,0.7577801414474076,70.69275433281261,0.41130183869601183,0.3260654249910542,0.3686836318435331,0.7577801414474076,70.69275433281261,algorithm_native_internal_best_so_far.v1,true
clean,llmsr,44,150,150,1.0,0.41336477066741784,0.32763699190952994,0.37050088128847386,0.7595262768724249,70.81229690904966,0.41336477066741784,0.32763699190952994,0.37050088128847386,0.7595262768724249,70.81229690904966,algorithm_native_internal_best_so_far.v1,true
clean,llmsr,45,150,150,1.0,0.41413860346882475,0.32935380343001014,0.37174620344941756,0.7622920042833579,70.93267254281156,0.41413860346882475,0.32935380343001014,0.37174620344941756,0.7622920042833579,70.93267254281156,algorithm_native_internal_best_so_far.v1,true
clean,llmsr,46,150,150,1.0,0.4204604249287827,0.3313571637138765,0.3759087943213297,0.7708089679895079,71.06632959185806,0.4204604249287827,0.3313571637138765,0.3759087943213297,0.7708089679895079,71.06632959185806,algorithm_native_internal_best_so_far.v1,true
clean,llmsr,47,150,150,1.0,0.42113295190977146,0.33219555918344934,0.3766642555466105,0.7730988378419437,71.19917117041841,0.42113295190977146,0.33219555918344934,0.3766642555466105,0.7730988378419437,71.19917117041841,algorithm_native_internal_best_so_far.v1,true
clean,llmsr,48,150,150,1.0,0.42227202383363366,0.33476788272130537,0.3785199532774695,0.776420690936633,71.33339821048601,0.42227202383363366,0.33476788272130537,0.3785199532774695,0.776420690936633,71.33339821048601,algorithm_native_internal_best_so_far.v1,true
clean,llmsr,49,150,150,1.0,0.41873051638809367,0.33226319205662247,0.3754968542223581,0.7695609203427503,71.44814706403272,0.41873051638809367,0.33226319205662247,0.3754968542223581,0.7695609203427503,71.44814706403272,algorithm_native_internal_best_so_far.v1,true
clean,llmsr,50,150,150,1.0,0.4197441827666159,0.33108843822906053,0.3754163104978382,0.7724832102131904,71.56415054317844,0.4197441827666159,0.33108843822906053,0.3754163104978382,0.7724832102131904,71.56415054317844,algorithm_native_internal_best_so_far.v1,true
clean,llmsr,51,150,150,1.0,0.4200539429964037,0.33275103183783744,0.37640248741712057,0.7746320462640843,71.67981827030059,0.4200539429964037,0.33275103183783744,0.37640248741712057,0.7746320462640843,71.67981827030059,algorithm_native_internal_best_so_far.v1,true
clean,llmsr,52,150,150,1.0,0.4204116234109518,0.3330725932706181,0.3767421083407849,0.7746609617579937,71.79109284540634,0.4204116234109518,0.3330725932706181,0.3767421083407849,0.7746609617579937,71.79109284540634,algorithm_native_internal_best_so_far.v1,true
clean,llmsr,53,150,150,1.0,0.42087422602728203,0.3333564157364988,0.37711532088189037,0.7757972934170776,71.90031240194033,0.42087422602728203,0.3333564157364988,0.37711532088189037,0.7757972934170776,71.90031240194033,algorithm_native_internal_best_so_far.v1,true
clean,llmsr,54,150,150,1.0,0.42114737174357214,0.3321738084725004,0.3766605901080363,0.775418995688477,72.00478623836455,0.42114737174357214,0.3321738084725004,0.3766605901080363,0.775418995688477,72.00478623836455,algorithm_native_internal_best_so_far.v1,true
clean,llmsr,55,150,150,1.0,0.4205946248743507,0.3314607553272257,0.3760276901007882,0.7727130760395701,72.10054117228441,0.4205946248743507,0.3314607553272257,0.3760276901007882,0.7727130760395701,72.10054117228441,algorithm_native_internal_best_so_far.v1,true
clean,llmsr,56,150,150,1.0,0.4205946248743507,0.3314607553272257,0.3760276901007882,0.7727130760395701,72.1928762871357,0.4205946248743507,0.3314607553272257,0.3760276901007882,0.7727130760395701,72.1928762871357,algorithm_native_internal_best_so_far.v1,true
clean,llmsr,57,150,150,1.0,0.42074627167400513,0.332072270028883,0.376409270851444,0.7735010587936997,72.28335399928017,0.42074627167400513,0.332072270028883,0.376409270851444,0.7735010587936997,72.28335399928017,algorithm_native_internal_best_so_far.v1,true
clean,llmsr,58,150,150,1.0,0.42497756333122383,0.3358430706818004,0.38041031700651207,0.7721661280003191,72.36841018550003,0.42497756333122383,0.3358430706818004,0.38041031700651207,0.7721661280003191,72.36841018550003,algorithm_native_internal_best_so_far.v1,true
clean,llmsr,59,150,150,1.0,0.42970756932404547,0.3424877916219349,0.38609768047299026,0.7858230624944389,72.47373045777026,0.42970756932404547,0.3424877916219349,0.38609768047299026,0.7858230624944389,72.47373045777026,algorithm_native_internal_best_so_far.v1,true
clean,llmsr,60,150,150,1.0,0.4297151385148421,0.3428518395084781,0.38628348901166015,0.7866112603420127,72.57685371737745,0.4297151385148421,0.3428518395084781,0.38628348901166015,0.7866112603420127,72.57685371737745,algorithm_native_internal_best_so_far.v1,true
clean,llmsr,61,150,150,1.0,0.42973876333522715,0.3427050973889562,0.38622193036209174,0.7864190287243467,72.67628075270625,0.42973876333522715,0.3427050973889562,0.38622193036209174,0.7864190287243467,72.67628075270625,algorithm_native_internal_best_so_far.v1,true
clean,llmsr,62,150,150,1.0,0.4299833023180414,0.3434774291205689,0.38673036571930525,0.788672879349049,72.77613570725784,0.4299833023180414,0.3434774291205689,0.38673036571930525,0.788672879349049,72.77613570725784,algorithm_native_internal_best_so_far.v1,true
clean,llmsr,63,150,150,1.0,0.423647009725171,0.3369042995598074,0.3802756546424893,0.7824038853296453,72.86286987909445,0.423647009725171,0.3369042995598074,0.3802756546424893,0.7824038853296453,72.86286987909445,algorithm_native_internal_best_so_far.v1,true
clean,llmsr,64,150,150,1.0,0.42379092850005323,0.3386942485042511,0.38124258850215226,0.7853930830935847,72.95156422956734,0.42379092850005323,0.3386942485042511,0.38124258850215226,0.7853930830935847,72.95156422956734,algorithm_native_internal_best_so_far.v1,true
clean,llmsr,65,150,150,1.0,0.4241696025218704,0.3406148950580242,0.3823922487899474,0.788827323268438,73.04281296952543,0.4241696025218704,0.3406148950580242,0.3823922487899474,0.788827323268438,73.04281296952543,algorithm_native_internal_best_so_far.v1,true
clean,llmsr,66,150,150,1.0,0.42423112719912437,0.34003635739758553,0.38213374229835506,0.787564016972543,73.12938249570314,0.42423112719912437,0.34003635739758553,0.38213374229835506,0.787564016972543,73.12938249570314,algorithm_native_internal_best_so_far.v1,true
clean,llmsr,67,150,150,1.0,0.42423112719912437,0.34003635739758553,0.38213374229835506,0.787564016972543,73.21336785692033,0.42423112719912437,0.34003635739758553,0.38213374229835506,0.787564016972543,73.21336785692033,algorithm_native_internal_best_so_far.v1,true
clean,llmsr,68,150,150,1.0,0.42550608271904317,0.3433589656150734,0.38443252416705836,0.7965521839629914,73.30810095308767,0.42550608271904317,0.3433589656150734,0.38443252416705836,0.7965521839629914,73.30810095308767,algorithm_native_internal_best_so_far.v1,true
clean,llmsr,69,150,150,1.0,0.42666075633787737,0.3446783904706168,0.3856695734042473,0.8034939375976751,73.4101486749236,0.42666075633787737,0.3446783904706168,0.3856695734042473,0.8034939375976751,73.4101486749236,algorithm_native_internal_best_so_far.v1,true
clean,llmsr,70,150,150,1.0,0.43228610630151043,0.3491171558323718,0.3907016310669412,0.8136222183979931,73.52374972013611,0.43228610630151043,0.3491171558323718,0.3907016310669412,0.8136222183979931,73.52374972013611,algorithm_native_internal_best_so_far.v1,true
clean,llmsr,71,150,150,1.0,0.43540238296948797,0.3543473791976476,0.39487488108356783,0.8193122592034919,73.64216487788559,0.43540238296948797,0.3543473791976476,0.39487488108356783,0.8193122592034919,73.64216487788559,algorithm_native_internal_best_so_far.v1,true
clean,llmsr,72,150,150,1.0,0.4347633238794941,0.35412826978507655,0.3944457968322854,0.8174168163911268,73.75465816623597,0.4347633238794941,0.35412826978507655,0.3944457968322854,0.8174168163911268,73.75465816623597,algorithm_native_internal_best_so_far.v1,true
clean,llmsr,73,150,150,1.0,0.43515940940354425,0.35304367093423605,0.39410154016889015,0.8174127365578403,73.86406385787363,0.43515940940354425,0.35304367093423605,0.39410154016889015,0.8174127365578403,73.86406385787363,algorithm_native_internal_best_so_far.v1,true
clean,llmsr,74,150,150,1.0,0.4352302350710255,0.35204852996497027,0.393639382517998,0.8149445487170416,73.96717724995241,0.4352302350710255,0.35204852996497027,0.393639382517998,0.8149445487170416,73.96717724995241,algorithm_native_internal_best_so_far.v1,true
clean,llmsr,75,150,150,1.0,0.44100293888470615,0.3574915098988074,0.39924722439175675,0.8198899691959376,74.07413484554763,0.44100293888470615,0.3574915098988074,0.39924722439175675,0.8198899691959376,74.07413484554763,algorithm_native_internal_best_so_far.v1,true
clean,llmsr,76,150,150,1.0,0.4408301102984332,0.3571790349330388,0.3990045726157361,0.8193727515707,74.17759721806766,0.4408301102984332,0.3571790349330388,0.3990045726157361,0.8193727515707,74.17759721806766,algorithm_native_internal_best_so_far.v1,true
clean,llmsr,77,150,150,1.0,0.4407478198757241,0.357843630711626,0.39929572529367496,0.8201795137006509,74.27941999926243,0.4407478198757241,0.357843630711626,0.39929572529367496,0.8201795137006509,74.27941999926243,algorithm_native_internal_best_so_far.v1,true
clean,llmsr,78,150,150,1.0,0.4407494018962232,0.35785177831185533,0.39930059010403923,0.8201874771577352,74.37864214947412,0.4407494018962232,0.35785177831185533,0.39930059010403923,0.8201874771577352,74.37864214947412,algorithm_native_internal_best_so_far.v1,true
clean,llmsr,79,150,150,1.0,0.4408949057698154,0.35979629082810466,0.40034559829896,0.8231742389613084,74.47913305765964,0.4408949057698154,0.35979629082810466,0.40034559829896,0.8231742389613084,74.47913305765964,algorithm_native_internal_best_so_far.v1,true
clean,llmsr,80,150,150,1.0,0.4408949057698154,0.35979629082810466,0.40034559829896,0.8231742389613084,74.57711169314054,0.4408949057698154,0.35979629082810466,0.40034559829896,0.8231742389613084,74.57711169314054,algorithm_native_internal_best_so_far.v1,true
clean,llmsr,81,150,150,1.0,0.4372933858751251,0.3576570892189159,0.3974752375470205,0.8165075722946414,74.66444065037909,0.4372933858751251,0.3576570892189159,0.3974752375470205,0.8165075722946414,74.66444065037909,algorithm_native_internal_best_so_far.v1,true
clean,llmsr,82,150,150,1.0,0.43730236836896286,0.35756552147222165,0.3974339449205923,0.8163786244087354,74.74948237953147,0.43730236836896286,0.35756552147222165,0.3974339449205923,0.8163786244087354,74.74948237953147,algorithm_native_internal_best_so_far.v1,true
clean,llmsr,83,150,150,1.0,0.43730236836896286,0.3576771549624544,0.3974897616657087,0.8164346864565604,74.83254245502694,0.43730236836896286,0.3576771549624544,0.3974897616657087,0.8164346864565604,74.83254245502694,algorithm_native_internal_best_so_far.v1,true
clean,llmsr,84,150,150,1.0,0.43730509579494065,0.3577070818991659,0.3975060888470534,0.8164672420547386,74.91366366634179,0.43730509579494065,0.3577070818991659,0.3975060888470534,0.8164672420547386,74.91366366634179,algorithm_native_internal_best_so_far.v1,true
clean,llmsr,85,150,150,1.0,0.43791280834413404,0.3583370922121714,0.3981249502781528,0.8182862963588828,74.99501620715998,0.43791280834413404,0.3583370922121714,0.3981249502781528,0.8182862963588828,74.99501620715998,algorithm_native_internal_best_so_far.v1,true
clean,llmsr,86,150,150,1.0,0.44184197392013935,0.3613573527873574,0.4015996633537484,0.8249529630255494,75.08222876640876,0.44184197392013935,0.3613573527873574,0.4015996633537484,0.8249529630255494,75.08222876640876,algorithm_native_internal_best_so_far.v1,true
clean,llmsr,87,150,150,1.0,0.447455659701664,0.3690443220702557,0.40824999088595987,0.8330776756912184,75.17677518942844,0.447455659701664,0.3690443220702557,0.40824999088595987,0.8330776756912184,75.17677518942844,algorithm_native_internal_best_so_far.v1,true
clean,llmsr,88,150,150,1.0,0.447455659704204,0.3690443220337185,0.40824999086896124,0.8330776756426733,75.2691728300516,0.447455659704204,0.3690443220337185,0.40824999086896124,0.8330776756426733,75.2691728300516,algorithm_native_internal_best_so_far.v1,true
clean,llmsr,89,150,150,1.0,0.4408782417039144,0.36271148439785095,0.4017948630508826,0.8269636777791218,75.35262445867926,0.4408782417039144,0.36271148439785095,0.4017948630508826,0.8269636777791218,75.35262445867926,algorithm_native_internal_best_so_far.v1,true
clean,llmsr,90,150,150,1.0,0.43653022679118975,0.35990042248576626,0.398215324638478,0.8202970111124551,75.42681419926333,0.43653022679118975,0.35990042248576626,0.398215324638478,0.8202970111124551,75.42681419926333,algorithm_native_internal_best_so_far.v1,true
clean,llmsr,91,150,150,1.0,0.4390290999812271,0.3629345322419294,0.4009818161115782,0.8237585556614228,75.50317729120705,0.4390290999812271,0.3629345322419294,0.4009818161115782,0.8237585556614228,75.50317729120705,algorithm_native_internal_best_so_far.v1,true
clean,llmsr,92,150,150,1.0,0.4390704808961376,0.3629852610562832,0.40102787097621034,0.8239197455462144,75.57805552233113,0.4390704808961376,0.3629852610562832,0.40102787097621034,0.8239197455462144,75.57805552233113,algorithm_native_internal_best_so_far.v1,true
clean,llmsr,93,150,150,1.0,0.4392816485842864,0.35989707599560805,0.3995893622899471,0.8234966014520453,75.65086847526526,0.4392816485842864,0.35989707599560805,0.3995893622899471,0.8234966014520453,75.65086847526526,algorithm_native_internal_best_so_far.v1,true
clean,llmsr,94,150,150,1.0,0.43934736583126816,0.3600211274911874,0.39968424666122765,0.824097576558184,75.72277155165413,0.43934736583126816,0.3600211274911874,0.39968424666122765,0.824097576558184,75.72277155165413,algorithm_native_internal_best_so_far.v1,true
clean,llmsr,95,150,150,1.0,0.43934736583126816,0.3600211274911874,0.39968424666122765,0.824097576558184,75.79316087906639,0.43934736583126816,0.3600211274911874,0.39968424666122765,0.824097576558184,75.79316087906639,algorithm_native_internal_best_so_far.v1,true
clean,llmsr,96,150,150,1.0,0.4382583925448883,0.3590544182402045,0.3986564053925463,0.8171096998706575,75.85480472394137,0.4382583925448883,0.3590544182402045,0.3986564053925463,0.8171096998706575,75.85480472394137,algorithm_native_internal_best_so_far.v1,true
clean,llmsr,97,150,150,1.0,0.43828750827245355,0.3590544182402045,0.39867096325632895,0.8171875752304271,75.91525784558159,0.43828750827245355,0.3590544182402045,0.39867096325632895,0.8171875752304271,75.91525784558159,algorithm_native_internal_best_so_far.v1,true
clean,llmsr,98,150,150,1.0,0.4385639853756977,0.3590476238604695,0.3988058046180835,0.8175827873664125,75.97488050773528,0.4385639853756977,0.3590476238604695,0.3988058046180835,0.8175827873664125,75.97488050773528,algorithm_native_internal_best_so_far.v1,true
clean,llmsr,99,150,150,1.0,0.43880266269308055,0.35953311189001513,0.3991678872915478,0.8191821252244041,76.03491416444946,0.43880266269308055,0.35953311189001513,0.3991678872915478,0.8191821252244041,76.03491416444946,algorithm_native_internal_best_so_far.v1,true
clean,llmsr,100,150,150,1.0,0.43880266269308055,0.35953311189001513,0.3991678872915478,0.8191821252244041,76.09374714802937,0.43880266269308055,0.35953311189001513,0.3991678872915478,0.8191821252244041,76.09374714802937,algorithm_native_internal_best_so_far.v1,true
clean,llmsr,101,150,150,1.0,0.43907485983029537,0.359767633813111,0.3994212468217031,0.8206090439901296,76.15282791289059,0.43907485983029537,0.359767633813111,0.3994212468217031,0.8206090439901296,76.15282791289059,algorithm_native_internal_best_so_far.v1,true
clean,llmsr,102,150,150,1.0,0.4391018209691498,0.3572368875510141,0.39816935426008193,0.8181404235194969,76.20833001523431,0.4391018209691498,0.3572368875510141,0.39816935426008193,0.8181404235194969,76.20833001523431,algorithm_native_internal_best_so_far.v1,true
clean,llmsr,103,150,150,1.0,0.4391018209691498,0.3572368875510141,0.39816935426008193,0.8181404235194969,76.26275440685289,0.4391018209691498,0.3572368875510141,0.39816935426008193,0.8181404235194969,76.26275440685289,algorithm_native_internal_best_so_far.v1,true
clean,llmsr,104,150,150,1.0,0.4394890699679278,0.35732178617338645,0.39840542807065715,0.8185718807398761,76.31654703826766,0.4394890699679278,0.35732178617338645,0.39840542807065715,0.8185718807398761,76.31654703826766,algorithm_native_internal_best_so_far.v1,true
clean,llmsr,105,150,150,1.0,0.4394890699679278,0.35732178617338645,0.39840542807065715,0.8185718807398761,76.36931504813167,0.4394890699679278,0.35732178617338645,0.39840542807065715,0.8185718807398761,76.36931504813167,algorithm_native_internal_best_so_far.v1,true
clean,llmsr,106,150,150,1.0,0.43962049152664084,0.3573634550866822,0.39849197330666153,0.8188537609880793,76.42135335993049,0.43962049152664084,0.3573634550866822,0.39849197330666153,0.8188537609880793,76.42135335993049,algorithm_native_internal_best_so_far.v1,true
clean,llmsr,107,150,150,1.0,0.4396204935047901,0.35736345610247533,0.3984919748036328,0.8188537654041153,76.47241899713126,0.4396204935047901,0.35736345610247533,0.3984919748036328,0.8188537654041153,76.47241899713126,algorithm_native_internal_best_so_far.v1,true
clean,llmsr,108,150,150,1.0,0.4395312986274964,0.35738308523608536,0.3984571919317909,0.8187511566110408,76.52244396624211,0.4395312986274964,0.35738308523608536,0.3984571919317909,0.8187511566110408,76.52244396624211,algorithm_native_internal_best_so_far.v1,true
clean,llmsr,109,150,150,1.0,0.4395313033029006,0.35738311066536466,0.39845720698413256,0.8187511957540302,76.57155108192248,0.4395313033029006,0.35738311066536466,0.39845720698413256,0.8187511957540302,76.57155108192248,algorithm_native_internal_best_so_far.v1,true
clean,llmsr,110,150,150,1.0,0.4395313033029006,0.35738311066536466,0.39845720698413256,0.8187511957540302,76.61976534095415,0.4395313033029006,0.35738311066536466,0.39845720698413256,0.8187511957540302,76.61976534095415,algorithm_native_internal_best_so_far.v1,true
clean,llmsr,111,150,150,1.0,0.4395313033029006,0.35738311066536466,0.39845720698413256,0.8187511957540302,76.66711087459782,0.4395313033029006,0.35738311066536466,0.39845720698413256,0.8187511957540302,76.66711087459782,algorithm_native_internal_best_so_far.v1,true
clean,llmsr,112,150,150,1.0,0.4396332797277446,0.3578988725073081,0.3987660761175263,0.8194900612554613,76.71427065362414,0.4396332797277446,0.3578988725073081,0.3987660761175263,0.8194900612554613,76.71427065362414,algorithm_native_internal_best_so_far.v1,true
clean,llmsr,113,150,150,1.0,0.43967131847002805,0.3581127818783155,0.3988920501741717,0.8197038105292789,76.76078490494542,0.43967131847002805,0.3581127818783155,0.3988920501741717,0.8197038105292789,76.76078490494542,algorithm_native_internal_best_so_far.v1,true
clean,llmsr,114,150,150,1.0,0.43967131847002805,0.3581127818783155,0.3988920501741717,0.8197038105292789,76.80648311676983,0.43967131847002805,0.3581127818783155,0.3988920501741717,0.8197038105292789,76.80648311676983,algorithm_native_internal_best_so_far.v1,true
clean,llmsr,115,150,150,1.0,0.43975116654733476,0.35755155989392323,0.39865136322062894,0.8193864430638897,76.85111060537521,0.43975116654733476,0.35755155989392323,0.39865136322062894,0.8193864430638897,76.85111060537521,algorithm_native_internal_best_so_far.v1,true
clean,llmsr,116,150,150,1.0,0.4403535001850281,0.35839851209716017,0.39937600614109403,0.8210750231212696,76.89642432698514,0.4403535001850281,0.35839851209716017,0.39937600614109403,0.8210750231212696,76.89642432698514,algorithm_native_internal_best_so_far.v1,true
clean,llmsr,117,150,150,1.0,0.4444265123843157,0.35998769342224807,0.40220710290328177,0.8276504956997015,76.94658351709612,0.4444265123843157,0.35998769342224807,0.40220710290328177,0.8276504956997015,76.94658351709612,algorithm_native_internal_best_so_far.v1,true
clean,llmsr,118,150,150,1.0,0.4444273980835374,0.3599874036288641,0.40220740085620055,0.8276525691936105,76.99589430864074,0.4444273980835374,0.3599874036288641,0.40220740085620055,0.8276525691936105,76.99589430864074,algorithm_native_internal_best_so_far.v1,true
clean,llmsr,119,150,150,1.0,0.4460180376150378,0.36151769131432765,0.4037678644646826,0.8295520611665413,77.04597255912824,0.4460180376150378,0.36151769131432765,0.4037678644646826,0.8295520611665413,77.04597255912824,algorithm_native_internal_best_so_far.v1,true
clean,llmsr,120,150,150,1.0,0.4461965007853577,0.36121920853377204,0.4037078546595649,0.8293737491847405,77.09506757878945,0.4461965007853577,0.36121920853377204,0.4037078546595649,0.8293737491847405,77.09506757878945,algorithm_native_internal_best_so_far.v1,true
clean,llmsr,121,150,150,1.0,0.4461965007853577,0.36121920853377204,0.4037078546595649,0.8293737491847405,77.14335111052239,0.4461965007853577,0.36121920853377204,0.4037078546595649,0.8293737491847405,77.14335111052239,algorithm_native_internal_best_so_far.v1,true
clean,llmsr,122,150,150,1.0,0.4462166829766758,0.3599971585097743,0.403106920743225,0.8268979750131401,77.18881378585675,0.4462166829766758,0.3599971585097743,0.403106920743225,0.8268979750131401,77.18881378585675,algorithm_native_internal_best_so_far.v1,true
clean,llmsr,123,150,150,1.0,0.44621671018351916,0.3599945511079406,0.40310563064572985,0.8268903275501994,77.23353101324832,0.44621671018351916,0.3599945511079406,0.40310563064572985,0.8268903275501994,77.23353101324832,algorithm_native_internal_best_so_far.v1,true
clean,llmsr,124,150,150,1.0,0.44665688200637077,0.36079099313119994,0.4037239375687854,0.8346455231627357,77.2837811850469,0.44665688200637077,0.36079099313119994,0.4037239375687854,0.8346455231627357,77.2837811850469,algorithm_native_internal_best_so_far.v1,true
clean,llmsr,125,150,150,1.0,0.4470741779901631,0.361293707569378,0.40418394277977054,0.8355668436183052,77.33396441046118,0.4470741779901631,0.361293707569378,0.40418394277977054,0.8355668436183052,77.33396441046118,algorithm_native_internal_best_so_far.v1,true
clean,llmsr,126,150,150,1.0,0.4470741779901631,0.361293707569378,0.40418394277977054,0.8355668436183052,77.38335107674189,0.4470741779901631,0.361293707569378,0.40418394277977054,0.8355668436183052,77.38335107674189,algorithm_native_internal_best_so_far.v1,true
clean,llmsr,127,150,150,1.0,0.4470741779901631,0.361293707569378,0.40418394277977054,0.8355668436183052,77.43196000024653,0.4470741779901631,0.361293707569378,0.40418394277977054,0.8355668436183052,77.43196000024653,algorithm_native_internal_best_so_far.v1,true
clean,llmsr,128,150,150,1.0,0.4470741779901631,0.361293707569378,0.40418394277977054,0.8355668436183052,77.4798094093214,0.4470741779901631,0.361293707569378,0.40418394277977054,0.8355668436183052,77.4798094093214,algorithm_native_internal_best_so_far.v1,true
clean,llmsr,129,150,150,1.0,0.44717070655413277,0.36148803538561775,0.40432937096987526,0.8360835954479903,77.52731754990651,0.44717070655413277,0.36148803538561775,0.40432937096987526,0.8360835954479903,77.52731754990651,algorithm_native_internal_best_so_far.v1,true
clean,llmsr,130,150,150,1.0,0.4451791773313187,0.35957186080198367,0.4023755190666512,0.8322785417936402,77.57116783167157,0.4451791773313187,0.35957186080198367,0.4023755190666512,0.8322785417936402,77.57116783167157,algorithm_native_internal_best_so_far.v1,true
clean,llmsr,131,150,150,1.0,0.44536871806775785,0.35995425983051466,0.4026614889491363,0.833456751639265,77.61524804031473,0.44536871806775785,0.35995425983051466,0.4026614889491363,0.833456751639265,77.61524804031473,algorithm_native_internal_best_so_far.v1,true
clean,llmsr,132,150,150,1.0,0.4454283716827943,0.361821778189121,0.40362507493595773,0.8358306466831807,77.66045877234505,0.4454283716827943,0.361821778189121,0.40362507493595773,0.8358306466831807,77.66045877234505,algorithm_native_internal_best_so_far.v1,true
clean,llmsr,133,150,150,1.0,0.44625267262706186,0.3622593881505456,0.40425603038880376,0.8382976930199245,77.70684456580105,0.44625267262706186,0.3622593881505456,0.40425603038880376,0.8382976930199245,77.70684456580105,algorithm_native_internal_best_so_far.v1,true
clean,llmsr,134,150,150,1.0,0.4462505127175623,0.36226050041267577,0.40425550656511905,0.8382940476613756,77.75253531356475,0.4462505127175623,0.36226050041267577,0.40425550656511905,0.8382940476613756,77.75253531356475,algorithm_native_internal_best_so_far.v1,true
clean,llmsr,135,150,150,1.0,0.4433703972127718,0.35939205651326545,0.40138122686301875,0.8337603351876296,77.79419085582549,0.4433703972127718,0.35939205651326545,0.40138122686301875,0.8337603351876296,77.79419085582549,algorithm_native_internal_best_so_far.v1,true
clean,llmsr,136,150,150,1.0,0.4433703972127718,0.35939205651326545,0.40138122686301875,0.8337603351876296,77.83523381658239,0.4433703972127718,0.35939205651326545,0.40138122686301875,0.8337603351876296,77.83523381658239,algorithm_native_internal_best_so_far.v1,true
clean,llmsr,137,150,150,1.0,0.44394383495221024,0.3597004195976122,0.4018221272749113,0.8349591393231034,77.87655264954391,0.44394383495221024,0.3597004195976122,0.4018221272749113,0.8349591393231034,77.87655264954391,algorithm_native_internal_best_so_far.v1,true
clean,llmsr,138,150,150,1.0,0.44394383495221024,0.3597004195976122,0.4018221272749113,0.8349591393231034,77.91727265883931,0.44394383495221024,0.3597004195976122,0.4018221272749113,0.8349591393231034,77.91727265883931,algorithm_native_internal_best_so_far.v1,true
clean,llmsr,139,150,150,1.0,0.44395662710871997,0.3597004195976122,0.40182852335316616,0.8349933542946575,77.95743138380784,0.44395662710871997,0.3597004195976122,0.40182852335316616,0.8349933542946575,77.95743138380784,algorithm_native_internal_best_so_far.v1,true
clean,llmsr,140,150,150,1.0,0.44490345934021774,0.35974124591582946,0.40232235262802374,0.8409646495178426,78.0012816235791,0.44490345934021774,0.35974124591582946,0.40232235262802374,0.8409646495178426,78.0012816235791,algorithm_native_internal_best_so_far.v1,true
clean,llmsr,141,150,150,1.0,0.44504224875750736,0.36013765178087925,0.4025899502691934,0.8419826804685985,78.04523188190025,0.44504224875750736,0.36013765178087925,0.4025899502691934,0.8419826804685985,78.04523188190025,algorithm_native_internal_best_so_far.v1,true
clean,llmsr,142,150,150,1.0,0.44504224875750736,0.36013765178087925,0.4025899502691934,0.8419826804685985,78.08856312249857,0.44504224875750736,0.36013765178087925,0.4025899502691934,0.8419826804685985,78.08856312249857,algorithm_native_internal_best_so_far.v1,true
clean,llmsr,143,150,150,1.0,0.4451604773209372,0.35977502980895737,0.40246775356494735,0.8413099821851221,78.13081791337979,0.4451604773209372,0.35977502980895737,0.40246775356494735,0.8413099821851221,78.13081791337979,algorithm_native_internal_best_so_far.v1,true
clean,llmsr,144,150,150,1.0,0.4451604364751293,0.3597750292986461,0.40246773288688775,0.8413098405760396,78.17248573382578,0.4451604364751293,0.3597750292986461,0.40246773288688775,0.8413098405760396,78.17248573382578,algorithm_native_internal_best_so_far.v1,true
clean,llmsr,145,150,150,1.0,0.4442079997722173,0.35882264834614586,0.40151532405918167,0.834643173909373,78.20898112456447,0.4442079997722173,0.35882264834614586,0.40151532405918167,0.834643173909373,78.20898112456447,algorithm_native_internal_best_so_far.v1,true
clean,llmsr,146,150,150,1.0,0.44420799948176826,0.3590373546854613,0.4016226770836148,0.8347505267456368,78.24505010778365,0.44420799948176826,0.3590373546854613,0.4016226770836148,0.8347505267456368,78.24505010778365,algorithm_native_internal_best_so_far.v1,true
clean,llmsr,147,150,150,1.0,0.4507954318446188,0.36516647007636754,0.40798095096049325,0.841204105908455,78.28501854644394,0.4507954318446188,0.36516647007636754,0.40798095096049325,0.841204105908455,78.28501854644394,algorithm_native_internal_best_so_far.v1,true
clean,llmsr,148,150,150,1.0,0.4507954318446188,0.36516647007636754,0.40798095096049325,0.841204105908455,78.32444687106828,0.4507954318446188,0.36516647007636754,0.40798095096049325,0.841204105908455,78.32444687106828,algorithm_native_internal_best_so_far.v1,true
clean,llmsr,149,150,150,1.0,0.45126911773116307,0.36520248062613714,0.4082357991786502,0.8405295902951029,78.3628932613934,0.45126911773116307,0.36520248062613714,0.4082357991786502,0.8405295902951029,78.3628932613934,algorithm_native_internal_best_so_far.v1,true
clean,llmsr,150,150,150,1.0,0.4512690224137764,0.3652014110581213,0.40823521673594904,0.8405255369990375,78.40082433098347,0.4512690224137764,0.3652014110581213,0.40823521673594904,0.8405255369990375,78.40082433098347,algorithm_native_internal_best_so_far.v1,true
clean,llmsr,151,150,150,1.0,0.45121706439901194,0.3652620466877772,0.40823955554339475,0.8405328989667749,78.43825787777614,0.45121706439901194,0.3652620466877772,0.40823955554339475,0.8405328989667749,78.43825787777614,algorithm_native_internal_best_so_far.v1,true
clean,llmsr,152,150,150,1.0,0.4512612683623186,0.36588350767758304,0.40857238801995094,0.8421594320658273,78.47626896546565,0.4512612683623186,0.36588350767758304,0.40857238801995094,0.8421594320658273,78.47626896546565,algorithm_native_internal_best_so_far.v1,true
clean,llmsr,153,150,150,1.0,0.4512612683623186,0.36588350767758304,0.40857238801995094,0.8421594320658273,78.51378317619191,0.4512612683623186,0.36588350767758304,0.40857238801995094,0.8421594320658273,78.51378317619191,algorithm_native_internal_best_so_far.v1,true
clean,llmsr,154,150,150,1.0,0.4512612683623186,0.36588350767758304,0.40857238801995094,0.8421594320658273,78.55081018937626,0.4512612683623186,0.36588350767758304,0.40857238801995094,0.8421594320658273,78.55081018937626,algorithm_native_internal_best_so_far.v1,true
clean,llmsr,155,150,150,1.0,0.4512826810564609,0.36404231421875266,0.40766249763760687,0.8393238270734235,78.58553001207282,0.4512826810564609,0.36404231421875266,0.40766249763760687,0.8393238270734235,78.58553001207282,algorithm_native_internal_best_so_far.v1,true
clean,llmsr,156,150,150,1.0,0.4512826810564609,0.36404231421875266,0.40766249763760687,0.8393238270734235,78.61980470883738,0.4512826810564609,0.36404231421875266,0.40766249763760687,0.8393238270734235,78.61980470883738,algorithm_native_internal_best_so_far.v1,true
clean,llmsr,157,150,150,1.0,0.4519568038107494,0.3652683089939787,0.40861255640236416,0.8406396505462351,78.65448088938379,0.4519568038107494,0.3652683089939787,0.40861255640236416,0.8406396505462351,78.65448088938379,algorithm_native_internal_best_so_far.v1,true
clean,llmsr,158,150,150,1.0,0.451362722127257,0.3643462015195926,0.4078544618234249,0.8366611215520702,78.68620007461051,0.451362722127257,0.3643462015195926,0.4078544618234249,0.8366611215520702,78.68620007461051,algorithm_native_internal_best_so_far.v1,true
clean,llmsr,159,150,150,1.0,0.45041034115876405,0.3633938205672111,0.4069020808629876,0.8299944548854035,78.71332740425788,0.45041034115876405,0.3633938205672111,0.4069020808629876,0.8299944548854035,78.71332740425788,algorithm_native_internal_best_so_far.v1,true
clean,llmsr,160,150,150,1.0,0.4542406584227024,0.36637505660583675,0.4103078575142698,0.8382337264641976,78.74526518702137,0.4542406584227024,0.36637505660583675,0.4103078575142698,0.8382337264641976,78.74526518702137,algorithm_native_internal_best_so_far.v1,true
clean,llmsr,161,150,150,1.0,0.4542406584227024,0.36637505660583675,0.4103078575142698,0.8382337264641976,78.77680622714188,0.4542406584227024,0.36637505660583675,0.4103078575142698,0.8382337264641976,78.77680622714188,algorithm_native_internal_best_so_far.v1,true
clean,llmsr,162,150,150,1.0,0.45328881677742694,0.3654227816271521,0.40935579920228976,0.8315670661550286,78.80384264929225,0.45328881677742694,0.3654227816271521,0.40935579920228976,0.8315670661550286,78.80384264929225,algorithm_native_internal_best_so_far.v1,true
clean,llmsr,163,150,150,1.0,0.45327837569223384,0.36540686181344206,0.40934261875283806,0.8314733122604299,78.83048981847477,0.45327837569223384,0.36540686181344206,0.40934261875283806,0.8314733122604299,78.83048981847477,algorithm_native_internal_best_so_far.v1,true
clean,llmsr,164,150,150,1.0,0.45358061382224235,0.36597994997010763,0.40978028189617516,0.8321763744546166,78.8572407186393,0.45358061382224235,0.36597994997010763,0.40978028189617516,0.8321763744546166,78.8572407186393,algorithm_native_internal_best_so_far.v1,true
clean,llmsr,165,150,150,1.0,0.4548951469263863,0.36825427808032923,0.41157471250335786,0.8356258098939042,78.88575793240145,0.4548951469263863,0.36825427808032923,0.41157471250335786,0.8356258098939042,78.88575793240145,algorithm_native_internal_best_so_far.v1,true
clean,llmsr,166,150,150,1.0,0.45491976374155885,0.3684352315746915,0.4116774976581253,0.8359802943754854,78.9141451101433,0.45491976374155885,0.3684352315746915,0.4116774976581253,0.8359802943754854,78.9141451101433,algorithm_native_internal_best_so_far.v1,true
clean,llmsr,167,150,150,1.0,0.45496321893029884,0.36849063018723566,0.41172692455876736,0.8361670384014249,78.94230414445465,0.45496321893029884,0.36849063018723566,0.41172692455876736,0.8361670384014249,78.94230414445465,algorithm_native_internal_best_so_far.v1,true
clean,llmsr,168,150,150,1.0,0.4545130920976301,0.36834752133143134,0.41143030671453085,0.8349244005797474,78.96938828679704,0.4545130920976301,0.36834752133143134,0.41143030671453085,0.8349244005797474,78.96938828679704,algorithm_native_internal_best_so_far.v1,true
clean,llmsr,169,150,150,1.0,0.45597439448043636,0.36919392913120125,0.41258416180581897,0.8368147848255502,78.99727047730448,0.45597439448043636,0.36919392913120125,0.41258416180581897,0.8368147848255502,78.99727047730448,algorithm_native_internal_best_so_far.v1,true
clean,llmsr,170,150,150,1.0,0.45597439448043636,0.36919392913120125,0.41258416180581897,0.8368147848255502,79.02482464204125,0.45597439448043636,0.36919392913120125,0.41258416180581897,0.8368147848255502,79.02482464204125,algorithm_native_internal_best_so_far.v1,true
clean,llmsr,171,150,150,1.0,0.45597439448043636,0.36919392913120125,0.41258416180581897,0.8368147848255502,79.05205653584542,0.45597439448043636,0.36919392913120125,0.41258416180581897,0.8368147848255502,79.05205653584542,algorithm_native_internal_best_so_far.v1,true
clean,llmsr,172,150,150,1.0,0.4560616540132659,0.3692316179263254,0.4126466359697959,0.8369932000280612,79.07907550949054,0.4560616540132659,0.3692316179263254,0.4126466359697959,0.8369932000280612,79.07907550949054,algorithm_native_internal_best_so_far.v1,true
clean,llmsr,173,150,150,1.0,0.45616608089388316,0.36908759640877126,0.4126268386513273,0.836956826788257,79.10576110006473,0.45616608089388316,0.36908759640877126,0.4126268386513273,0.836956826788257,79.10576110006473,algorithm_native_internal_best_so_far.v1,true
clean,llmsr,174,150,150,1.0,0.45616608089388316,0.36908759640877126,0.4126268386513273,0.836956826788257,79.13213995971277,0.45616608089388316,0.36908759640877126,0.4126268386513273,0.836956826788257,79.13213995971277,algorithm_native_internal_best_so_far.v1,true
clean,llmsr,175,150,150,1.0,0.4562048276780681,0.3692502286782982,0.41272752817818326,0.8371309361184929,79.15831683772498,0.4562048276780681,0.3692502286782982,0.41272752817818326,0.8371309361184929,79.15831683772498,algorithm_native_internal_best_so_far.v1,true
clean,llmsr,176,150,150,1.0,0.4562048276780681,0.3692502286782982,0.41272752817818326,0.8371309361184929,79.18419625121432,0.4562048276780681,0.3692502286782982,0.41272752817818326,0.8371309361184929,79.18419625121432,algorithm_native_internal_best_so_far.v1,true
clean,llmsr,177,150,150,1.0,0.4562048276780681,0.3692502286782982,0.41272752817818326,0.8371309361184929,79.20978324195235,0.4562048276780681,0.3692502286782982,0.41272752817818326,0.8371309361184929,79.20978324195235,algorithm_native_internal_best_so_far.v1,true
clean,llmsr,178,150,150,1.0,0.4562048276780681,0.3692502286782982,0.41272752817818326,0.8371309361184929,79.23508273841244,0.4562048276780681,0.3692502286782982,0.41272752817818326,0.8371309361184929,79.23508273841244,algorithm_native_internal_best_so_far.v1,true
clean,llmsr,179,150,150,1.0,0.4562048276780681,0.3692502286782982,0.41272752817818326,0.8371309361184929,79.26009955893444,0.4562048276780681,0.3692502286782982,0.41272752817818326,0.8371309361184929,79.26009955893444,algorithm_native_internal_best_so_far.v1,true
clean,llmsr,180,150,150,1.0,0.4562048276780681,0.3692502286782982,0.41272752817818326,0.8371309361184929,79.28483841478396,0.4562048276780681,0.3692502286782982,0.41272752817818326,0.8371309361184929,79.28483841478396,algorithm_native_internal_best_so_far.v1,true
clean,pyoperon,1,150,150,1.0,0.2659266992922902,0.22722278582564012,0.24657474255896517,0.7760703082740121,77.60703082740122,0.2659266992922902,0.22722278582564012,0.24657474255896517,0.7760703082740121,77.60703082740122,algorithm_native_internal_best_so_far.v1,true
clean,pyoperon,2,150,150,1.0,0.26694921673288885,0.2276276138028514,0.24728841526787,0.7785315798751864,77.73009440745993,0.26694921673288885,0.2276276138028514,0.24728841526787,0.7785315798751864,77.73009440745993,algorithm_native_internal_best_so_far.v1,true
clean,pyoperon,3,150,150,1.0,0.2672919977574586,0.22810759142486078,0.24769979459115962,0.7796010933969977,77.80676605153987,0.2672919977574586,0.22810759142486078,0.24769979459115962,0.7796010933969977,77.80676605153987,algorithm_native_internal_best_so_far.v1,true
clean,pyoperon,4,150,150,1.0,0.2673058220730672,0.22812121913693037,0.24771352060499874,0.7796549301116698,77.84644779144665,0.2673058220730672,0.22812121913693037,0.24771352060499874,0.7796549301116698,77.84644779144665,algorithm_native_internal_best_so_far.v1,true
clean,pyoperon,5,150,150,1.0,0.2673583503919442,0.22818198984721788,0.24777017011958102,0.7798771230796087,77.87470069474949,0.2673583503919442,0.22818198984721788,0.24777017011958102,0.7798771230796087,77.87470069474949,algorithm_native_internal_best_so_far.v1,true
clean,pyoperon,6,150,150,1.0,0.2673751068256708,0.22821336673345297,0.24779423677956183,0.7799715182857978,77.89510921705454,0.2673751068256708,0.22821336673345297,0.24779423677956183,0.7799715182857978,77.89510921705454,algorithm_native_internal_best_so_far.v1,true
clean,pyoperon,7,150,150,1.0,0.26738151859929554,0.2281986815962486,0.24779010009777205,0.7799552932287771,77.90945494645787,0.26738151859929554,0.2281986815962486,0.24779010009777205,0.7799552932287771,77.90945494645787,algorithm_native_internal_best_so_far.v1,true
clean,pyoperon,8,150,150,1.0,0.26738218116092216,0.2281915600082232,0.2477868705845726,0.7799426263043017,77.9200559069544,0.26738218116092216,0.2281915600082232,0.2477868705845726,0.7799426263043017,77.9200559069544,algorithm_native_internal_best_so_far.v1,true
clean,pyoperon,9,150,150,1.0,0.26738218116092216,0.2281915600082232,0.2477868705845726,0.7799426263043017,77.92830109845171,0.26738218116092216,0.2281915600082232,0.2477868705845726,0.7799426263043017,77.92830109845171,algorithm_native_internal_best_so_far.v1,true
clean,pyoperon,10,150,150,1.0,0.26738218116092216,0.2281915600082232,0.2477868705845726,0.7799426263043017,77.93489725164956,0.26738218116092216,0.2281915600082232,0.2477868705845726,0.7799426263043017,77.93489725164956,algorithm_native_internal_best_so_far.v1,true
clean,pyoperon,11,150,150,1.0,0.26738218116092216,0.2281915600082232,0.2477868705845726,0.7799426263043017,77.94029410426597,0.26738218116092216,0.2281915600082232,0.2477868705845726,0.7799426263043017,77.94029410426597,algorithm_native_internal_best_so_far.v1,true
clean,pyoperon,12,150,150,1.0,0.26738218116092216,0.2281915600082232,0.2477868705845726,0.7799426263043017,77.94479148144633,0.26738218116092216,0.2281915600082232,0.2477868705845726,0.7799426263043017,77.94479148144633,algorithm_native_internal_best_so_far.v1,true
clean,pyoperon,13,150,150,1.0,0.26738218116092216,0.2281915600082232,0.2477868705845726,0.7799426263043017,77.94859695444508,0.26738218116092216,0.2281915600082232,0.2477868705845726,0.7799426263043017,77.94859695444508,algorithm_native_internal_best_so_far.v1,true
clean,pyoperon,14,150,150,1.0,0.26738218116092216,0.2281915600082232,0.2477868705845726,0.7799426263043017,77.95185878844401,0.26738218116092216,0.2281915600082232,0.2477868705845726,0.7799426263043017,77.95185878844401,algorithm_native_internal_best_so_far.v1,true
clean,pyoperon,15,150,150,1.0,0.26738218116092216,0.2281915600082232,0.2477868705845726,0.7799426263043017,77.95468571124307,0.26738218116092216,0.2281915600082232,0.2477868705845726,0.7799426263043017,77.95468571124307,algorithm_native_internal_best_so_far.v1,true
clean,pyoperon,16,150,150,1.0,0.26738218116092216,0.2281915600082232,0.2477868705845726,0.7799426263043017,77.95715926869227,0.26738218116092216,0.2281915600082232,0.2477868705845726,0.7799426263043017,77.95715926869227,algorithm_native_internal_best_so_far.v1,true
clean,pyoperon,17,150,150,1.0,0.26738218116092216,0.2281915600082232,0.2477868705845726,0.7799426263043017,77.95934181938273,0.26738218116092216,0.2281915600082232,0.2477868705845726,0.7799426263043017,77.95934181938273,algorithm_native_internal_best_so_far.v1,true
clean,pyoperon,18,150,150,1.0,0.26738218116092216,0.2281915600082232,0.2477868705845726,0.7799426263043017,77.9612818644409,0.26738218116092216,0.2281915600082232,0.2477868705845726,0.7799426263043017,77.9612818644409,algorithm_native_internal_best_so_far.v1,true
clean,pyoperon,19,150,150,1.0,0.26738218116092216,0.2281915600082232,0.2477868705845726,0.7799426263043017,77.96301769422982,0.26738218116092216,0.2281915600082232,0.2477868705845726,0.7799426263043017,77.96301769422982,algorithm_native_internal_best_so_far.v1,true
clean,pyoperon,20,150,150,1.0,0.26738218116092216,0.2281915600082232,0.2477868705845726,0.7799426263043017,77.96457994103983,0.26738218116092216,0.2281915600082232,0.2477868705845726,0.7799426263043017,77.96457994103983,algorithm_native_internal_best_so_far.v1,true
clean,pyoperon,21,150,150,1.0,0.26738218116092216,0.2281915600082232,0.2477868705845726,0.7799426263043017,77.96599340243937,0.26738218116092216,0.2281915600082232,0.2477868705845726,0.7799426263043017,77.96599340243937,algorithm_native_internal_best_so_far.v1,true
clean,pyoperon,22,150,150,1.0,0.26738218116092216,0.2281915600082232,0.2477868705845726,0.7799426263043017,77.96727836734804,0.26738218116092216,0.2281915600082232,0.2477868705845726,0.7799426263043017,77.96727836734804,algorithm_native_internal_best_so_far.v1,true
clean,pyoperon,23,150,150,1.0,0.26738218116092216,0.2281915600082232,0.2477868705845726,0.7799426263043017,77.96845159617769,0.26738218116092216,0.2281915600082232,0.2477868705845726,0.7799426263043017,77.96845159617769,algorithm_native_internal_best_so_far.v1,true
clean,pyoperon,24,150,150,1.0,0.26738218116092216,0.2281915600082232,0.2477868705845726,0.7799426263043017,77.96952705593822,0.26738218116092216,0.2281915600082232,0.2477868705845726,0.7799426263043017,77.96952705593822,algorithm_native_internal_best_so_far.v1,true
clean,pyoperon,25,150,150,1.0,0.26738218116092216,0.2281915600082232,0.2477868705845726,0.7799426263043017,77.97051647891789,0.26738218116092216,0.2281915600082232,0.2477868705845726,0.7799426263043017,77.97051647891789,algorithm_native_internal_best_so_far.v1,true
clean,pyoperon,26,150,150,1.0,0.26738218116092216,0.2281915600082232,0.2477868705845726,0.7799426263043017,77.97142979243759,0.26738218116092216,0.2281915600082232,0.2477868705845726,0.7799426263043017,77.97142979243759,algorithm_native_internal_best_so_far.v1,true
clean,pyoperon,27,150,150,1.0,0.26738218116092216,0.2281915600082232,0.2477868705845726,0.7799426263043017,77.97227545310398,0.26738218116092216,0.2281915600082232,0.2477868705845726,0.7799426263043017,77.97227545310398,algorithm_native_internal_best_so_far.v1,true
clean,pyoperon,28,150,150,1.0,0.26738218116092216,0.2281915600082232,0.2477868705845726,0.7799426263043017,77.97306070943705,0.26738218116092216,0.2281915600082232,0.2477868705845726,0.7799426263043017,77.97306070943705,algorithm_native_internal_best_so_far.v1,true
clean,pyoperon,29,150,150,1.0,0.26738218116092216,0.2281915600082232,0.2477868705845726,0.7799426263043017,77.97379181016095,0.26738218116092216,0.2281915600082232,0.2477868705845726,0.7799426263043017,77.97379181016095,algorithm_native_internal_best_so_far.v1,true
clean,pyoperon,30,150,150,1.0,0.26738218116092216,0.2281915600082232,0.2477868705845726,0.7799426263043017,77.97447417083659,0.26738218116092216,0.2281915600082232,0.2477868705845726,0.7799426263043017,77.97447417083659,algorithm_native_internal_best_so_far.v1,true
clean,pyoperon,31,150,150,1.0,0.26738218116092216,0.2281915600082232,0.2477868705845726,0.7799426263043017,77.97511250824283,0.26738218116092216,0.2281915600082232,0.2477868705845726,0.7799426263043017,77.97511250824283,algorithm_native_internal_best_so_far.v1,true
clean,pyoperon,32,150,150,1.0,0.26738218116092216,0.2281915600082232,0.2477868705845726,0.7799426263043017,77.97571094956119,0.26738218116092216,0.2281915600082232,0.2477868705845726,0.7799426263043017,77.97571094956119,algorithm_native_internal_best_so_far.v1,true
clean,pyoperon,33,150,150,1.0,0.26738218116092216,0.2281915600082232,0.2477868705845726,0.7799426263043017,77.97627312170873,0.26738218116092216,0.2281915600082232,0.2477868705845726,0.7799426263043017,77.97627312170873,algorithm_native_internal_best_so_far.v1,true
clean,pyoperon,34,150,150,1.0,0.26738218116092216,0.2281915600082232,0.2477868705845726,0.7799426263043017,77.97680222490642,0.26738218116092216,0.2281915600082232,0.2477868705845726,0.7799426263043017,77.97680222490642,algorithm_native_internal_best_so_far.v1,true
clean,pyoperon,35,150,150,1.0,0.26738218116092216,0.2281915600082232,0.2477868705845726,0.7799426263043017,77.97730109363566,0.26738218116092216,0.2281915600082232,0.2477868705845726,0.7799426263043017,77.97730109363566,algorithm_native_internal_best_so_far.v1,true
clean,pyoperon,36,150,150,1.0,0.26738218116092216,0.2281915600082232,0.2477868705845726,0.7799426263043017,77.97777224743551,0.26738218116092216,0.2281915600082232,0.2477868705845726,0.7799426263043017,77.97777224743551,algorithm_native_internal_best_so_far.v1,true
clean,pyoperon,37,150,150,1.0,0.26738218116092216,0.2281915600082232,0.2477868705845726,0.7799426263043017,77.97821793346239,0.26738218116092216,0.2281915600082232,0.2477868705845726,0.7799426263043017,77.97821793346239,algorithm_native_internal_best_so_far.v1,true
clean,pyoperon,38,150,150,1.0,0.26738218116092216,0.2281915600082232,0.2477868705845726,0.7799426263043017,77.97864016232995,0.26738218116092216,0.2281915600082232,0.2477868705845726,0.7799426263043017,77.97864016232995,algorithm_native_internal_best_so_far.v1,true
clean,pyoperon,39,150,150,1.0,0.26738218116092216,0.2281915600082232,0.2477868705845726,0.7799426263043017,77.97904073843509,0.26738218116092216,0.2281915600082232,0.2477868705845726,0.7799426263043017,77.97904073843509,algorithm_native_internal_best_so_far.v1,true
clean,pyoperon,40,150,150,1.0,0.26738218116092216,0.2281915600082232,0.2477868705845726,0.7799426263043017,77.97942128573496,0.26738218116092216,0.2281915600082232,0.2477868705845726,0.7799426263043017,77.97942128573496,algorithm_native_internal_best_so_far.v1,true
clean,pyoperon,41,150,150,1.0,0.26738218116092216,0.2281915600082232,0.2477868705845726,0.7799426263043017,77.97978326975192,0.26738218116092216,0.2281915600082232,0.2477868705845726,0.7799426263043017,77.97978326975192,algorithm_native_internal_best_so_far.v1,true
clean,pyoperon,42,150,150,1.0,0.26738218116092216,0.2281915600082232,0.2477868705845726,0.7799426263043017,77.98012801643475,0.26738218116092216,0.2281915600082232,0.2477868705845726,0.7799426263043017,77.98012801643475,algorithm_native_internal_best_so_far.v1,true
clean,pyoperon,43,150,150,1.0,0.26738218116092216,0.2281915600082232,0.2477868705845726,0.7799426263043017,77.98045672838813,0.26738218116092216,0.2281915600082232,0.2477868705845726,0.7799426263043017,77.98045672838813,algorithm_native_internal_best_so_far.v1,true
clean,pyoperon,44,150,150,1.0,0.26738218116092216,0.2281915600082232,0.2477868705845726,0.7799426263043017,77.9807704988891,0.26738218116092216,0.2281915600082232,0.2477868705845726,0.7799426263043017,77.9807704988891,algorithm_native_internal_best_so_far.v1,true
clean,pyoperon,45,150,150,1.0,0.26738218116092216,0.2281915600082232,0.2477868705845726,0.7799426263043017,77.98107032403446,0.26738218116092216,0.2281915600082232,0.2477868705845726,0.7799426263043017,77.98107032403446,algorithm_native_internal_best_so_far.v1,true
clean,pyoperon,46,150,150,1.0,0.26738218116092216,0.2281915600082232,0.2477868705845726,0.7799426263043017,77.98135711330394,0.26738218116092216,0.2281915600082232,0.2477868705845726,0.7799426263043017,77.98135711330394,algorithm_native_internal_best_so_far.v1,true
clean,pyoperon,47,150,150,1.0,0.26738218116092216,0.2281915600082232,0.2477868705845726,0.7799426263043017,77.98163169877472,0.26738218116092216,0.2281915600082232,0.2477868705845726,0.7799426263043017,77.98163169877472,algorithm_native_internal_best_so_far.v1,true
clean,pyoperon,48,150,150,1.0,0.26738218116092216,0.2281915600082232,0.2477868705845726,0.7799426263043017,77.98189484318421,0.26738218116092216,0.2281915600082232,0.2477868705845726,0.7799426263043017,77.98189484318421,algorithm_native_internal_best_so_far.v1,true
clean,pyoperon,49,150,150,1.0,0.26738218116092216,0.2281915600082232,0.2477868705845726,0.7799426263043017,77.98214724700556,0.26738218116092216,0.2281915600082232,0.2477868705845726,0.7799426263043017,77.98214724700556,algorithm_native_internal_best_so_far.v1,true
clean,pyoperon,50,150,150,1.0,0.26738218116092216,0.2281915600082232,0.2477868705845726,0.7799426263043017,77.98238955467406,0.26738218116092216,0.2281915600082232,0.2477868705845726,0.7799426263043017,77.98238955467406,algorithm_native_internal_best_so_far.v1,true
clean,pyoperon,51,150,150,1.0,0.26738218116092216,0.2281915600082232,0.2477868705845726,0.7799426263043017,77.98262236008104,0.26738218116092216,0.2281915600082232,0.2477868705845726,0.7799426263043017,77.98262236008104,algorithm_native_internal_best_so_far.v1,true
clean,pyoperon,52,150,150,1.0,0.26738218116092216,0.2281915600082232,0.2477868705845726,0.7799426263043017,77.98284621143392,0.26738218116092216,0.2281915600082232,0.2477868705845726,0.7799426263043017,77.98284621143392,algorithm_native_internal_best_so_far.v1,true
clean,pyoperon,53,150,150,1.0,0.26738218116092216,0.2281915600082232,0.2477868705845726,0.7799426263043017,77.98306161556593,0.26738218116092216,0.2281915600082232,0.2477868705845726,0.7799426263043017,77.98306161556593,algorithm_native_internal_best_so_far.v1,true
clean,pyoperon,54,150,150,1.0,0.26738218116092216,0.2281915600082232,0.2477868705845726,0.7799426263043017,77.98326904176712,0.26738218116092216,0.2281915600082232,0.2477868705845726,0.7799426263043017,77.98326904176712,algorithm_native_internal_best_so_far.v1,true
clean,pyoperon,55,150,150,1.0,0.26738218116092216,0.2281915600082232,0.2477868705845726,0.7799426263043017,77.98346892519737,0.26738218116092216,0.2281915600082232,0.2477868705845726,0.7799426263043017,77.98346892519737,algorithm_native_internal_best_so_far.v1,true
clean,pyoperon,56,150,150,1.0,0.26738218116092216,0.2281915600082232,0.2477868705845726,0.7799426263043017,77.98366166993367,0.26738218116092216,0.2281915600082232,0.2477868705845726,0.7799426263043017,77.98366166993367,algorithm_native_internal_best_so_far.v1,true
clean,pyoperon,57,150,150,1.0,0.26738218116092216,0.2281915600082232,0.2477868705845726,0.7799426263043017,77.98384765169678,0.26738218116092216,0.2281915600082232,0.2477868705845726,0.7799426263043017,77.98384765169678,algorithm_native_internal_best_so_far.v1,true
clean,pyoperon,58,150,150,1.0,0.26738218116092216,0.2281915600082232,0.2477868705845726,0.7799426263043017,77.98402722029563,0.26738218116092216,0.2281915600082232,0.2477868705845726,0.7799426263043017,77.98402722029563,algorithm_native_internal_best_so_far.v1,true
clean,pyoperon,59,150,150,1.0,0.26738218116092216,0.2281915600082232,0.2477868705845726,0.7799426263043017,77.98420070182334,0.26738218116092216,0.2281915600082232,0.2477868705845726,0.7799426263043017,77.98420070182334,algorithm_native_internal_best_so_far.v1,true
clean,pyoperon,60,150,150,1.0,0.26738218116092216,0.2281915600082232,0.2477868705845726,0.7799426263043017,77.98436840063346,0.26738218116092216,0.2281915600082232,0.2477868705845726,0.7799426263043017,77.98436840063346,algorithm_native_internal_best_so_far.v1,true
clean,pyoperon,61,150,150,1.0,0.26738218116092216,0.2281915600082232,0.2477868705845726,0.7799426263043017,77.98453060112193,0.26738218116092216,0.2281915600082232,0.2477868705845726,0.7799426263043017,77.98453060112193,algorithm_native_internal_best_so_far.v1,true
clean,pyoperon,62,150,150,1.0,0.26738218116092216,0.2281915600082232,0.2477868705845726,0.7799426263043017,77.98468756933659,0.26738218116092216,0.2281915600082232,0.2477868705845726,0.7799426263043017,77.98468756933659,algorithm_native_internal_best_so_far.v1,true
clean,pyoperon,63,150,150,1.0,0.26738218116092216,0.2281915600082232,0.2477868705845726,0.7799426263043017,77.98483955443331,0.26738218116092216,0.2281915600082232,0.2477868705845726,0.7799426263043017,77.98483955443331,algorithm_native_internal_best_so_far.v1,true
clean,pyoperon,64,150,150,1.0,0.26738218116092216,0.2281915600082232,0.2477868705845726,0.7799426263043017,77.98498678999577,0.26738218116092216,0.2281915600082232,0.2477868705845726,0.7799426263043017,77.98498678999577,algorithm_native_internal_best_so_far.v1,true
clean,pyoperon,65,150,150,1.0,0.26738218116092216,0.2281915600082232,0.2477868705845726,0.7799426263043017,77.98512949523322,0.26738218116092216,0.2281915600082232,0.2477868705845726,0.7799426263043017,77.98512949523322,algorithm_native_internal_best_so_far.v1,true
clean,pyoperon,66,150,150,1.0,0.26738218116092216,0.2281915600082232,0.2477868705845726,0.7799426263043017,77.98526787606956,0.26738218116092216,0.2281915600082232,0.2477868705845726,0.7799426263043017,77.98526787606956,algorithm_native_internal_best_so_far.v1,true
clean,pyoperon,67,150,150,1.0,0.26738218116092216,0.2281915600082232,0.2477868705845726,0.7799426263043017,77.98540212613463,0.26738218116092216,0.2281915600082232,0.2477868705845726,0.7799426263043017,77.98540212613463,algorithm_native_internal_best_so_far.v1,true
clean,pyoperon,68,150,150,1.0,0.26738218116092216,0.2281915600082232,0.2477868705845726,0.7799426263043017,77.98553242766839,0.26738218116092216,0.2281915600082232,0.2477868705845726,0.7799426263043017,77.98553242766839,algorithm_native_internal_best_so_far.v1,true
clean,pyoperon,69,150,150,1.0,0.26738218116092216,0.2281915600082232,0.2477868705845726,0.7799426263043017,77.98565895234611,0.26738218116092216,0.2281915600082232,0.2477868705845726,0.7799426263043017,77.98565895234611,algorithm_native_internal_best_so_far.v1,true
clean,pyoperon,70,150,150,1.0,0.26738218116092216,0.2281915600082232,0.2477868705845726,0.7799426263043017,77.98578186203302,0.26738218116092216,0.2281915600082232,0.2477868705845726,0.7799426263043017,77.98578186203302,algorithm_native_internal_best_so_far.v1,true
clean,pyoperon,71,150,150,1.0,0.26738218116092216,0.2281915600082232,0.2477868705845726,0.7799426263043017,77.98590130947525,0.26738218116092216,0.2281915600082232,0.2477868705845726,0.7799426263043017,77.98590130947525,algorithm_native_internal_best_so_far.v1,true
clean,pyoperon,72,150,150,1.0,0.26738218116092216,0.2281915600082232,0.2477868705845726,0.7799426263043017,77.98601743893295,0.26738218116092216,0.2281915600082232,0.2477868705845726,0.7799426263043017,77.98601743893295,algorithm_native_internal_best_so_far.v1,true
clean,pyoperon,73,150,150,1.0,0.26738218116092216,0.2281915600082232,0.2477868705845726,0.7799426263043017,77.98613038676169,0.26738218116092216,0.2281915600082232,0.2477868705845726,0.7799426263043017,77.98613038676169,algorithm_native_internal_best_so_far.v1,true
clean,pyoperon,74,150,150,1.0,0.26738218116092216,0.2281915600082232,0.2477868705845726,0.7799426263043017,77.98624028194641,0.26738218116092216,0.2281915600082232,0.2477868705845726,0.7799426263043017,77.98624028194641,algorithm_native_internal_best_so_far.v1,true
clean,pyoperon,75,150,150,1.0,0.26738218116092216,0.2281915600082232,0.2477868705845726,0.7799426263043017,77.98634724659286,0.26738218116092216,0.2281915600082232,0.2477868705845726,0.7799426263043017,77.98634724659286,algorithm_native_internal_best_so_far.v1,true
clean,pyoperon,76,150,150,1.0,0.26738218116092216,0.2281915600082232,0.2477868705845726,0.7799426263043017,77.98645139638019,0.26738218116092216,0.2281915600082232,0.2477868705845726,0.7799426263043017,77.98645139638019,algorithm_native_internal_best_so_far.v1,true
clean,pyoperon,77,150,150,1.0,0.26738218116092216,0.2281915600082232,0.2477868705845726,0.7799426263043017,77.98655284097825,0.26738218116092216,0.2281915600082232,0.2477868705845726,0.7799426263043017,77.98655284097825,algorithm_native_internal_best_so_far.v1,true
clean,pyoperon,78,150,150,1.0,0.26738218116092216,0.2281915600082232,0.2477868705845726,0.7799426263043017,77.98665168443277,0.26738218116092216,0.2281915600082232,0.2477868705845726,0.7799426263043017,77.98665168443277,algorithm_native_internal_best_so_far.v1,true
clean,pyoperon,79,150,150,1.0,0.26738218116092216,0.2281915600082232,0.2477868705845726,0.7799426263043017,77.98674802552134,0.26738218116092216,0.2281915600082232,0.2477868705845726,0.7799426263043017,77.98674802552134,algorithm_native_internal_best_so_far.v1,true
clean,pyoperon,80,150,150,1.0,0.26738218116092216,0.2281915600082232,0.2477868705845726,0.7799426263043017,77.9868419580827,0.26738218116092216,0.2281915600082232,0.2477868705845726,0.7799426263043017,77.9868419580827,algorithm_native_internal_best_so_far.v1,true
clean,pyoperon,81,150,150,1.0,0.26738218116092216,0.2281915600082232,0.2477868705845726,0.7799426263043017,77.98693357132157,0.26738218116092216,0.2281915600082232,0.2477868705845726,0.7799426263043017,77.98693357132157,algorithm_native_internal_best_so_far.v1,true
clean,pyoperon,82,150,150,1.0,0.26738218116092216,0.2281915600082232,0.2477868705845726,0.7799426263043017,77.98702295009119,0.26738218116092216,0.2281915600082232,0.2477868705845726,0.7799426263043017,77.98702295009119,algorithm_native_internal_best_so_far.v1,true
clean,pyoperon,83,150,150,1.0,0.26738218116092216,0.2281915600082232,0.2477868705845726,0.7799426263043017,77.98711017515552,0.26738218116092216,0.2281915600082232,0.2477868705845726,0.7799426263043017,77.98711017515552,algorithm_native_internal_best_so_far.v1,true
clean,pyoperon,84,150,150,1.0,0.26738218116092216,0.2281915600082232,0.2477868705845726,0.7799426263043017,77.9871953234326,0.26738218116092216,0.2281915600082232,0.2477868705845726,0.7799426263043017,77.9871953234326,algorithm_native_internal_best_so_far.v1,true
clean,pyoperon,85,150,150,1.0,0.26738218116092216,0.2281915600082232,0.2477868705845726,0.7799426263043017,77.98727846822081,0.26738218116092216,0.2281915600082232,0.2477868705845726,0.7799426263043017,77.98727846822081,algorithm_native_internal_best_so_far.v1,true
clean,pyoperon,86,150,150,1.0,0.26738218116092216,0.2281915600082232,0.2477868705845726,0.7799426263043017,77.9873596794093,0.26738218116092216,0.2281915600082232,0.2477868705845726,0.7799426263043017,77.9873596794093,algorithm_native_internal_best_so_far.v1,true
clean,pyoperon,87,150,150,1.0,0.26738218116092216,0.2281915600082232,0.2477868705845726,0.7799426263043017,77.9874390236739,0.26738218116092216,0.2281915600082232,0.2477868705845726,0.7799426263043017,77.9874390236739,algorithm_native_internal_best_so_far.v1,true
clean,pyoperon,88,150,150,1.0,0.26738218116092216,0.2281915600082232,0.2477868705845726,0.7799426263043017,77.98751656465977,0.26738218116092216,0.2281915600082232,0.2477868705845726,0.7799426263043017,77.98751656465977,algorithm_native_internal_best_so_far.v1,true
clean,pyoperon,89,150,150,1.0,0.26738218116092216,0.2281915600082232,0.2477868705845726,0.7799426263043017,77.98759236315158,0.26738218116092216,0.2281915600082232,0.2477868705845726,0.7799426263043017,77.98759236315158,algorithm_native_internal_best_so_far.v1,true
clean,pyoperon,90,150,150,1.0,0.26738218116092216,0.2281915600082232,0.2477868705845726,0.7799426263043017,77.98766647723245,0.26738218116092216,0.2281915600082232,0.2477868705845726,0.7799426263043017,77.98766647723245,algorithm_native_internal_best_so_far.v1,true
clean,pyoperon,91,150,150,1.0,0.26738218116092216,0.2281915600082232,0.2477868705845726,0.7799426263043017,77.98773896243245,0.26738218116092216,0.2281915600082232,0.2477868705845726,0.7799426263043017,77.98773896243245,algorithm_native_internal_best_so_far.v1,true
clean,pyoperon,92,150,150,1.0,0.26738218116092216,0.2281915600082232,0.2477868705845726,0.7799426263043017,77.9878098718672,0.26738218116092216,0.2281915600082232,0.2477868705845726,0.7799426263043017,77.9878098718672,algorithm_native_internal_best_so_far.v1,true
clean,pyoperon,93,150,150,1.0,0.26738218116092216,0.2281915600082232,0.2477868705845726,0.7799426263043017,77.98787925636788,0.26738218116092216,0.2281915600082232,0.2477868705845726,0.7799426263043017,77.98787925636788,algorithm_native_internal_best_so_far.v1,true
clean,pyoperon,94,150,150,1.0,0.26738218116092216,0.2281915600082232,0.2477868705845726,0.7799426263043017,77.98794716460259,0.26738218116092216,0.2281915600082232,0.2477868705845726,0.7799426263043017,77.98794716460259,algorithm_native_internal_best_so_far.v1,true
clean,pyoperon,95,150,150,1.0,0.26738218116092216,0.2281915600082232,0.2477868705845726,0.7799426263043017,77.98801364319024,0.26738218116092216,0.2281915600082232,0.2477868705845726,0.7799426263043017,77.98801364319024,algorithm_native_internal_best_so_far.v1,true
clean,pyoperon,96,150,150,1.0,0.26738218116092216,0.2281915600082232,0.2477868705845726,0.7799426263043017,77.98807873680734,0.26738218116092216,0.2281915600082232,0.2477868705845726,0.7799426263043017,77.98807873680734,algorithm_native_internal_best_so_far.v1,true
clean,pyoperon,97,150,150,1.0,0.26738218116092216,0.2281915600082232,0.2477868705845726,0.7799426263043017,77.98814248828798,0.26738218116092216,0.2281915600082232,0.2477868705845726,0.7799426263043017,77.98814248828798,algorithm_native_internal_best_so_far.v1,true
clean,pyoperon,98,150,150,1.0,0.26738218116092216,0.2281915600082232,0.2477868705845726,0.7799426263043017,77.98820493871801,0.26738218116092216,0.2281915600082232,0.2477868705845726,0.7799426263043017,77.98820493871801,algorithm_native_internal_best_so_far.v1,true
clean,pyoperon,99,150,150,1.0,0.26738218116092216,0.2281915600082232,0.2477868705845726,0.7799426263043017,77.98826612752319,0.26738218116092216,0.2281915600082232,0.2477868705845726,0.7799426263043017,77.98826612752319,algorithm_native_internal_best_so_far.v1,true
clean,pyoperon,100,150,150,1.0,0.26738218116092216,0.2281915600082232,0.2477868705845726,0.7799426263043017,77.98832609255226,0.26738218116092216,0.2281915600082232,0.2477868705845726,0.7799426263043017,77.98832609255226,algorithm_native_internal_best_so_far.v1,true
clean,pyoperon,101,150,150,1.0,0.26738218116092216,0.2281915600082232,0.2477868705845726,0.7799426263043017,77.98838487015502,0.26738218116092216,0.2281915600082232,0.2477868705845726,0.7799426263043017,77.98838487015502,algorithm_native_internal_best_so_far.v1,true
clean,pyoperon,102,150,150,1.0,0.26738218116092216,0.2281915600082232,0.2477868705845726,0.7799426263043017,77.98844249525575,0.26738218116092216,0.2281915600082232,0.2477868705845726,0.7799426263043017,77.98844249525575,algorithm_native_internal_best_so_far.v1,true
clean,pyoperon,103,150,150,1.0,0.26738218116092216,0.2281915600082232,0.2477868705845726,0.7799426263043017,77.9884990014225,0.26738218116092216,0.2281915600082232,0.2477868705845726,0.7799426263043017,77.9884990014225,algorithm_native_internal_best_so_far.v1,true
clean,pyoperon,104,150,150,1.0,0.26738218116092216,0.2281915600082232,0.2477868705845726,0.7799426263043017,77.98855442093219,0.26738218116092216,0.2281915600082232,0.2477868705845726,0.7799426263043017,77.98855442093219,algorithm_native_internal_best_so_far.v1,true
clean,pyoperon,105,150,150,1.0,0.26738218116092216,0.2281915600082232,0.2477868705845726,0.7799426263043017,77.98860878483217,0.26738218116092216,0.2281915600082232,0.2477868705845726,0.7799426263043017,77.98860878483217,algorithm_native_internal_best_so_far.v1,true
clean,pyoperon,106,150,150,1.0,0.26738218116092216,0.2281915600082232,0.2477868705845726,0.7799426263043017,77.98866212299819,0.26738218116092216,0.2281915600082232,0.2477868705845726,0.7799426263043017,77.98866212299819,algorithm_native_internal_best_so_far.v1,true
clean,pyoperon,107,150,150,1.0,0.26738218116092216,0.2281915600082232,0.2477868705845726,0.7799426263043017,77.98871446418914,0.26738218116092216,0.2281915600082232,0.2477868705845726,0.7799426263043017,77.98871446418914,algorithm_native_internal_best_so_far.v1,true
clean,pyoperon,108,150,150,1.0,0.26738218116092216,0.2281915600082232,0.2477868705845726,0.7799426263043017,77.98876583609879,0.26738218116092216,0.2281915600082232,0.2477868705845726,0.7799426263043017,77.98876583609879,algorithm_native_internal_best_so_far.v1,true
clean,pyoperon,109,150,150,1.0,0.26738218116092216,0.2281915600082232,0.2477868705845726,0.7799426263043017,77.9888162654046,0.26738218116092216,0.2281915600082232,0.2477868705845726,0.7799426263043017,77.9888162654046,algorithm_native_internal_best_so_far.v1,true
clean,pyoperon,110,150,150,1.0,0.26738218116092216,0.2281915600082232,0.2477868705845726,0.7799426263043017,77.9888657778139,0.26738218116092216,0.2281915600082232,0.2477868705845726,0.7799426263043017,77.9888657778139,algorithm_native_internal_best_so_far.v1,true
clean,pyoperon,111,150,150,1.0,0.26738218116092216,0.2281915600082232,0.2477868705845726,0.7799426263043017,77.98891439810775,0.26738218116092216,0.2281915600082232,0.2477868705845726,0.7799426263043017,77.98891439810775,algorithm_native_internal_best_so_far.v1,true
clean,pyoperon,112,150,150,1.0,0.26738218116092216,0.2281915600082232,0.2477868705845726,0.7799426263043017,77.98896215018206,0.26738218116092216,0.2281915600082232,0.2477868705845726,0.7799426263043017,77.98896215018206,algorithm_native_internal_best_so_far.v1,true
clean,pyoperon,113,150,150,1.0,0.26738218116092216,0.2281915600082232,0.2477868705845726,0.7799426263043017,77.98900905708692,0.26738218116092216,0.2281915600082232,0.2477868705845726,0.7799426263043017,77.98900905708692,algorithm_native_internal_best_so_far.v1,true
clean,pyoperon,114,150,150,1.0,0.26738218116092216,0.2281915600082232,0.2477868705845726,0.7799426263043017,77.9890551410636,0.26738218116092216,0.2281915600082232,0.2477868705845726,0.7799426263043017,77.9890551410636,algorithm_native_internal_best_so_far.v1,true
clean,pyoperon,115,150,150,1.0,0.26738218116092216,0.2281915600082232,0.2477868705845726,0.7799426263043017,77.98910042357984,0.26738218116092216,0.2281915600082232,0.2477868705845726,0.7799426263043017,77.98910042357984,algorithm_native_internal_best_so_far.v1,true
clean,pyoperon,116,150,150,1.0,0.26738218116092216,0.2281915600082232,0.2477868705845726,0.7799426263043017,77.98914492536305,0.26738218116092216,0.2281915600082232,0.2477868705845726,0.7799426263043017,77.98914492536305,algorithm_native_internal_best_so_far.v1,true
clean,pyoperon,117,150,150,1.0,0.26738218116092216,0.2281915600082232,0.2477868705845726,0.7799426263043017,77.98918866643199,0.26738218116092216,0.2281915600082232,0.2477868705845726,0.7799426263043017,77.98918866643199,algorithm_native_internal_best_so_far.v1,true
clean,pyoperon,118,150,150,1.0,0.26738218116092216,0.2281915600082232,0.2477868705845726,0.7799426263043017,77.9892316661269,0.26738218116092216,0.2281915600082232,0.2477868705845726,0.7799426263043017,77.9892316661269,algorithm_native_internal_best_so_far.v1,true
clean,pyoperon,119,150,150,1.0,0.26738218116092216,0.2281915600082232,0.2477868705845726,0.7799426263043017,77.98927394313785,0.26738218116092216,0.2281915600082232,0.2477868705845726,0.7799426263043017,77.98927394313785,algorithm_native_internal_best_so_far.v1,true
clean,pyoperon,120,150,150,1.0,0.26738218116092216,0.2281915600082232,0.2477868705845726,0.7799426263043017,77.98931551553196,0.26738218116092216,0.2281915600082232,0.2477868705845726,0.7799426263043017,77.98931551553196,algorithm_native_internal_best_so_far.v1,true
clean,pyoperon,121,150,150,1.0,0.26738218116092216,0.2281915600082232,0.2477868705845726,0.7799426263043017,77.98935640077904,0.26738218116092216,0.2281915600082232,0.2477868705845726,0.7799426263043017,77.98935640077904,algorithm_native_internal_best_so_far.v1,true
clean,pyoperon,122,150,150,1.0,0.26738218116092216,0.2281915600082232,0.2477868705845726,0.7799426263043017,77.98939661577619,0.26738218116092216,0.2281915600082232,0.2477868705845726,0.7799426263043017,77.98939661577619,algorithm_native_internal_best_so_far.v1,true
clean,pyoperon,123,150,150,1.0,0.26738218116092216,0.2281915600082232,0.2477868705845726,0.7799426263043017,77.98943617687095,0.26738218116092216,0.2281915600082232,0.2477868705845726,0.7799426263043017,77.98943617687095,algorithm_native_internal_best_so_far.v1,true
clean,pyoperon,124,150,150,1.0,0.26738218116092216,0.2281915600082232,0.2477868705845726,0.7799426263043017,77.9894750998835,0.26738218116092216,0.2281915600082232,0.2477868705845726,0.7799426263043017,77.9894750998835,algorithm_native_internal_best_so_far.v1,true
clean,pyoperon,125,150,150,1.0,0.26738218116092216,0.2281915600082232,0.2477868705845726,0.7799426263043017,77.98951340012789,0.26738218116092216,0.2281915600082232,0.2477868705845726,0.7799426263043017,77.98951340012789,algorithm_native_internal_best_so_far.v1,true
clean,pyoperon,126,150,150,1.0,0.26738218116092216,0.2281915600082232,0.2477868705845726,0.7799426263043017,77.98955109243188,0.26738218116092216,0.2281915600082232,0.2477868705845726,0.7799426263043017,77.98955109243188,algorithm_native_internal_best_so_far.v1,true
clean,pyoperon,127,150,150,1.0,0.26738218116092216,0.2281915600082232,0.2477868705845726,0.7799426263043017,77.98958819115629,0.26738218116092216,0.2281915600082232,0.2477868705845726,0.7799426263043017,77.98958819115629,algorithm_native_internal_best_so_far.v1,true
clean,pyoperon,128,150,150,1.0,0.26738218116092216,0.2281915600082232,0.2477868705845726,0.7799426263043017,77.9896247102131,0.26738218116092216,0.2281915600082232,0.2477868705845726,0.7799426263043017,77.9896247102131,algorithm_native_internal_best_so_far.v1,true
clean,pyoperon,129,150,150,1.0,0.26738218116092216,0.2281915600082232,0.2477868705845726,0.7799426263043017,77.98966066308301,0.26738218116092216,0.2281915600082232,0.2477868705845726,0.7799426263043017,77.98966066308301,algorithm_native_internal_best_so_far.v1,true
clean,pyoperon,130,150,150,1.0,0.26738218116092216,0.2281915600082232,0.2477868705845726,0.7799426263043017,77.98969606283184,0.26738218116092216,0.2281915600082232,0.2477868705845726,0.7799426263043017,77.98969606283184,algorithm_native_internal_best_so_far.v1,true
clean,pyoperon,131,150,150,1.0,0.26738218116092216,0.2281915600082232,0.2477868705845726,0.7799426263043017,77.9897309221265,0.26738218116092216,0.2281915600082232,0.2477868705845726,0.7799426263043017,77.9897309221265,algorithm_native_internal_best_so_far.v1,true
clean,pyoperon,132,150,150,1.0,0.26738218116092216,0.2281915600082232,0.2477868705845726,0.7799426263043017,77.98976525325,0.26738218116092216,0.2281915600082232,0.2477868705845726,0.7799426263043017,77.98976525325,algorithm_native_internal_best_so_far.v1,true
clean,pyoperon,133,150,150,1.0,0.26738218116092216,0.2281915600082232,0.2477868705845726,0.7799426263043017,77.98979906811601,0.26738218116092216,0.2281915600082232,0.2477868705845726,0.7799426263043017,77.98979906811601,algorithm_native_internal_best_so_far.v1,true
clean,pyoperon,134,150,150,1.0,0.26738218116092216,0.2281915600082232,0.2477868705845726,0.7799426263043017,77.98983237828254,0.26738218116092216,0.2281915600082232,0.2477868705845726,0.7799426263043017,77.98983237828254,algorithm_native_internal_best_so_far.v1,true
clean,pyoperon,135,150,150,1.0,0.26738218116092216,0.2281915600082232,0.2477868705845726,0.7799426263043017,77.98986519496512,0.26738218116092216,0.2281915600082232,0.2477868705845726,0.7799426263043017,77.98986519496512,algorithm_native_internal_best_so_far.v1,true
clean,pyoperon,136,150,150,1.0,0.26738218116092216,0.2281915600082232,0.2477868705845726,0.7799426263043017,77.98989752904943,0.26738218116092216,0.2281915600082232,0.2477868705845726,0.7799426263043017,77.98989752904943,algorithm_native_internal_best_so_far.v1,true
clean,pyoperon,137,150,150,1.0,0.26738218116092216,0.2281915600082232,0.2477868705845726,0.7799426263043017,77.9899293911033,0.26738218116092216,0.2281915600082232,0.2477868705845726,0.7799426263043017,77.9899293911033,algorithm_native_internal_best_so_far.v1,true
clean,pyoperon,138,150,150,1.0,0.26738218116092216,0.2281915600082232,0.2477868705845726,0.7799426263043017,77.98996079138828,0.26738218116092216,0.2281915600082232,0.2477868705845726,0.7799426263043017,77.98996079138828,algorithm_native_internal_best_so_far.v1,true
clean,pyoperon,139,150,150,1.0,0.26738218116092216,0.2281915600082232,0.2477868705845726,0.7799426263043017,77.98999173987059,0.26738218116092216,0.2281915600082232,0.2477868705845726,0.7799426263043017,77.98999173987059,algorithm_native_internal_best_so_far.v1,true
clean,pyoperon,140,150,150,1.0,0.26738218116092216,0.2281915600082232,0.2477868705845726,0.7799426263043017,77.99002224623175,0.26738218116092216,0.2281915600082232,0.2477868705845726,0.7799426263043017,77.99002224623175,algorithm_native_internal_best_so_far.v1,true
clean,pyoperon,141,150,150,1.0,0.26738218116092216,0.2281915600082232,0.2477868705845726,0.7799426263043017,77.99005231987854,0.26738218116092216,0.2281915600082232,0.2477868705845726,0.7799426263043017,77.99005231987854,algorithm_native_internal_best_so_far.v1,true
clean,pyoperon,142,150,150,1.0,0.26738218116092216,0.2281915600082232,0.2477868705845726,0.7799426263043017,77.99008196995284,0.26738218116092216,0.2281915600082232,0.2477868705845726,0.7799426263043017,77.99008196995284,algorithm_native_internal_best_so_far.v1,true
clean,pyoperon,143,150,150,1.0,0.26738218116092216,0.2281915600082232,0.2477868705845726,0.7799426263043017,77.99011120534081,0.26738218116092216,0.2281915600082232,0.2477868705845726,0.7799426263043017,77.99011120534081,algorithm_native_internal_best_so_far.v1,true
clean,pyoperon,144,150,150,1.0,0.26738218116092216,0.2281915600082232,0.2477868705845726,0.7799426263043017,77.9901400346817,0.26738218116092216,0.2281915600082232,0.2477868705845726,0.7799426263043017,77.9901400346817,algorithm_native_internal_best_so_far.v1,true
clean,pyoperon,145,150,150,1.0,0.26738218116092216,0.2281915600082232,0.2477868705845726,0.7799426263043017,77.99016846637653,0.26738218116092216,0.2281915600082232,0.2477868705845726,0.7799426263043017,77.99016846637653,algorithm_native_internal_best_so_far.v1,true
clean,pyoperon,146,150,150,1.0,0.26738218116092216,0.2281915600082232,0.2477868705845726,0.7799426263043017,77.99019650859607,0.26738218116092216,0.2281915600082232,0.2477868705845726,0.7799426263043017,77.99019650859607,algorithm_native_internal_best_so_far.v1,true
clean,pyoperon,147,150,150,1.0,0.26738218116092216,0.2281915600082232,0.2477868705845726,0.7799426263043017,77.99022416928882,0.26738218116092216,0.2281915600082232,0.2477868705845726,0.7799426263043017,77.99022416928882,algorithm_native_internal_best_so_far.v1,true
clean,pyoperon,148,150,150,1.0,0.26738218116092216,0.2281915600082232,0.2477868705845726,0.7799426263043017,77.99025145618843,0.26738218116092216,0.2281915600082232,0.2477868705845726,0.7799426263043017,77.99025145618843,algorithm_native_internal_best_so_far.v1,true
clean,pyoperon,149,150,150,1.0,0.26738218116092216,0.2281915600082232,0.2477868705845726,0.7799426263043017,77.99027837682092,0.26738218116092216,0.2281915600082232,0.2477868705845726,0.7799426263043017,77.99027837682092,algorithm_native_internal_best_so_far.v1,true
clean,pyoperon,150,150,150,1.0,0.26738218116092216,0.2281915600082232,0.2477868705845726,0.7799426263043017,77.99030493851166,0.26738218116092216,0.2281915600082232,0.2477868705845726,0.7799426263043017,77.99030493851166,algorithm_native_internal_best_so_far.v1,true
clean,pyoperon,151,150,150,1.0,0.26738218116092216,0.2281915600082232,0.2477868705845726,0.7799426263043017,77.99033114839192,0.26738218116092216,0.2281915600082232,0.2477868705845726,0.7799426263043017,77.99033114839192,algorithm_native_internal_best_so_far.v1,true
clean,pyoperon,152,150,150,1.0,0.26738218116092216,0.2281915600082232,0.2477868705845726,0.7799426263043017,77.99035701340533,0.26738218116092216,0.2281915600082232,0.2477868705845726,0.7799426263043017,77.99035701340533,algorithm_native_internal_best_so_far.v1,true
clean,pyoperon,153,150,150,1.0,0.26738218116092216,0.2281915600082232,0.2477868705845726,0.7799426263043017,77.99038254031399,0.26738218116092216,0.2281915600082232,0.2477868705845726,0.7799426263043017,77.99038254031399,algorithm_native_internal_best_so_far.v1,true
clean,pyoperon,154,150,150,1.0,0.26738218116092216,0.2281915600082232,0.2477868705845726,0.7799426263043017,77.99040773570435,0.26738218116092216,0.2281915600082232,0.2477868705845726,0.7799426263043017,77.99040773570435,algorithm_native_internal_best_so_far.v1,true
clean,pyoperon,155,150,150,1.0,0.26738218116092216,0.2281915600082232,0.2477868705845726,0.7799426263043017,77.99043260599291,0.26738218116092216,0.2281915600082232,0.2477868705845726,0.7799426263043017,77.99043260599291,algorithm_native_internal_best_so_far.v1,true
clean,pyoperon,156,150,150,1.0,0.26738218116092216,0.2281915600082232,0.2477868705845726,0.7799426263043017,77.99045715743162,0.26738218116092216,0.2281915600082232,0.2477868705845726,0.7799426263043017,77.99045715743162,algorithm_native_internal_best_so_far.v1,true
clean,pyoperon,157,150,150,1.0,0.26738218116092216,0.2281915600082232,0.2477868705845726,0.7799426263043017,77.99048139611313,0.26738218116092216,0.2281915600082232,0.2477868705845726,0.7799426263043017,77.99048139611313,algorithm_native_internal_best_so_far.v1,true
clean,pyoperon,158,150,150,1.0,0.26738218116092216,0.2281915600082232,0.2477868705845726,0.7799426263043017,77.9905053279759,0.26738218116092216,0.2281915600082232,0.2477868705845726,0.7799426263043017,77.9905053279759,algorithm_native_internal_best_so_far.v1,true
clean,pyoperon,159,150,150,1.0,0.26738218116092216,0.2281915600082232,0.2477868705845726,0.7799426263043017,77.99052895880895,0.26738218116092216,0.2281915600082232,0.2477868705845726,0.7799426263043017,77.99052895880895,algorithm_native_internal_best_so_far.v1,true
clean,pyoperon,160,150,150,1.0,0.26738218116092216,0.2281915600082232,0.2477868705845726,0.7799426263043017,77.99055229425657,0.26738218116092216,0.2281915600082232,0.2477868705845726,0.7799426263043017,77.99055229425657,algorithm_native_internal_best_so_far.v1,true
clean,pyoperon,161,150,150,1.0,0.26738218116092216,0.2281915600082232,0.2477868705845726,0.7799426263043017,77.99057533982288,0.26738218116092216,0.2281915600082232,0.2477868705845726,0.7799426263043017,77.99057533982288,algorithm_native_internal_best_so_far.v1,true
clean,pyoperon,162,150,150,1.0,0.26738218116092216,0.2281915600082232,0.2477868705845726,0.7799426263043017,77.99059810087601,0.26738218116092216,0.2281915600082232,0.2477868705845726,0.7799426263043017,77.99059810087601,algorithm_native_internal_best_so_far.v1,true
clean,pyoperon,163,150,150,1.0,0.26738218116092216,0.2281915600082232,0.2477868705845726,0.7799426263043017,77.99062058265243,0.26738218116092216,0.2281915600082232,0.2477868705845726,0.7799426263043017,77.99062058265243,algorithm_native_internal_best_so_far.v1,true
clean,pyoperon,164,150,150,1.0,0.26738218116092216,0.2281915600082232,0.2477868705845726,0.7799426263043017,77.99064279026082,0.26738218116092216,0.2281915600082232,0.2477868705845726,0.7799426263043017,77.99064279026082,algorithm_native_internal_best_so_far.v1,true
clean,pyoperon,165,150,150,1.0,0.26738218116092216,0.2281915600082232,0.2477868705845726,0.7799426263043017,77.99066472868608,0.26738218116092216,0.2281915600082232,0.2477868705845726,0.7799426263043017,77.99066472868608,algorithm_native_internal_best_so_far.v1,true
clean,pyoperon,166,150,150,1.0,0.26738218116092216,0.2281915600082232,0.2477868705845726,0.7799426263043017,77.99068640279297,0.26738218116092216,0.2281915600082232,0.2477868705845726,0.7799426263043017,77.99068640279297,algorithm_native_internal_best_so_far.v1,true
clean,pyoperon,167,150,150,1.0,0.26738218116092216,0.2281915600082232,0.2477868705845726,0.7799426263043017,77.9907078173297,0.26738218116092216,0.2281915600082232,0.2477868705845726,0.7799426263043017,77.9907078173297,algorithm_native_internal_best_so_far.v1,true
clean,pyoperon,168,150,150,1.0,0.26738218116092216,0.2281915600082232,0.2477868705845726,0.7799426263043017,77.99072897693149,0.26738218116092216,0.2281915600082232,0.2477868705845726,0.7799426263043017,77.99072897693149,algorithm_native_internal_best_so_far.v1,true
clean,pyoperon,169,150,150,1.0,0.26738218116092216,0.2281915600082232,0.2477868705845726,0.7799426263043017,77.9907498861238,0.26738218116092216,0.2281915600082232,0.2477868705845726,0.7799426263043017,77.9907498861238,algorithm_native_internal_best_so_far.v1,true
clean,pyoperon,170,150,150,1.0,0.26738218116092216,0.2281915600082232,0.2477868705845726,0.7799426263043017,77.99077054932559,0.26738218116092216,0.2281915600082232,0.2477868705845726,0.7799426263043017,77.99077054932559,algorithm_native_internal_best_so_far.v1,true
clean,pyoperon,171,150,150,1.0,0.26738218116092216,0.2281915600082232,0.2477868705845726,0.7799426263043017,77.9907909708525,0.26738218116092216,0.2281915600082232,0.2477868705845726,0.7799426263043017,77.9907909708525,algorithm_native_internal_best_so_far.v1,true
clean,pyoperon,172,150,150,1.0,0.26738218116092216,0.2281915600082232,0.2477868705845726,0.7799426263043017,77.99081115491981,0.26738218116092216,0.2281915600082232,0.2477868705845726,0.7799426263043017,77.99081115491981,algorithm_native_internal_best_so_far.v1,true
clean,pyoperon,173,150,150,1.0,0.26738218116092216,0.2281915600082232,0.2477868705845726,0.7799426263043017,77.9908311056453,0.26738218116092216,0.2281915600082232,0.2477868705845726,0.7799426263043017,77.9908311056453,algorithm_native_internal_best_so_far.v1,true
clean,pyoperon,174,150,150,1.0,0.26738218116092216,0.2281915600082232,0.2477868705845726,0.7799426263043017,77.9908508270521,0.26738218116092216,0.2281915600082232,0.2477868705845726,0.7799426263043017,77.9908508270521,algorithm_native_internal_best_so_far.v1,true
clean,pyoperon,175,150,150,1.0,0.26738218116092216,0.2281915600082232,0.2477868705845726,0.7799426263043017,77.9908703230714,0.26738218116092216,0.2281915600082232,0.2477868705845726,0.7799426263043017,77.9908703230714,algorithm_native_internal_best_so_far.v1,true
clean,pyoperon,176,150,150,1.0,0.26738218116092216,0.2281915600082232,0.2477868705845726,0.7799426263043017,77.990889597545,0.26738218116092216,0.2281915600082232,0.2477868705845726,0.7799426263043017,77.990889597545,algorithm_native_internal_best_so_far.v1,true
clean,pyoperon,177,150,150,1.0,0.26738218116092216,0.2281915600082232,0.2477868705845726,0.7799426263043017,77.99090865422798,0.26738218116092216,0.2281915600082232,0.2477868705845726,0.7799426263043017,77.99090865422798,algorithm_native_internal_best_so_far.v1,true
clean,pyoperon,178,150,150,1.0,0.26738218116092216,0.2281915600082232,0.2477868705845726,0.7799426263043017,77.9909274967909,0.26738218116092216,0.2281915600082232,0.2477868705845726,0.7799426263043017,77.9909274967909,algorithm_native_internal_best_so_far.v1,true
clean,pyoperon,179,150,150,1.0,0.26738218116092216,0.2281915600082232,0.2477868705845726,0.7799426263043017,77.9909461288224,0.26738218116092216,0.2281915600082232,0.2477868705845726,0.7799426263043017,77.9909461288224,algorithm_native_internal_best_so_far.v1,true
clean,pyoperon,180,150,150,1.0,0.26738218116092216,0.2281915600082232,0.2477868705845726,0.7799426263043017,77.99096455383133,0.26738218116092216,0.2281915600082232,0.2477868705845726,0.7799426263043017,77.99096455383133,algorithm_native_internal_best_so_far.v1,true
clean,pysr,1,150,150,1.0,0.17335762532139723,0.15531002893175166,0.16433382712657446,0.3500687796810914,35.00687796810914,0.17335762532139723,0.15531002893175166,0.16433382712657446,0.3500687796810914,35.00687796810914,algorithm_native_internal_best_so_far.v1,true
clean,pysr,2,150,150,1.0,0.281430260919219,0.26435758621127925,0.2728939235652492,0.4744207682761144,41.22447739786029,0.281430260919219,0.26435758621127925,0.2728939235652492,0.4744207682761144,41.22447739786029,algorithm_native_internal_best_so_far.v1,true
clean,pysr,3,150,150,1.0,0.34489692483235784,0.32306702611834337,0.33398197547535063,0.5536455380676405,45.93783620082821,0.34489692483235784,0.32306702611834337,0.33398197547535063,0.5536455380676405,45.93783620082821,algorithm_native_internal_best_so_far.v1,true
clean,pysr,4,150,150,1.0,0.3719797904161961,0.34769144707516464,0.35983561874568043,0.5844250687615947,49.06400386966102,0.3719797904161961,0.34769144707516464,0.35983561874568043,0.5844250687615947,49.06400386966102,algorithm_native_internal_best_so_far.v1,true
clean,pysr,5,150,150,1.0,0.40222187453656283,0.3759959664603159,0.38910892049843926,0.622100837617597,51.693219848080766,0.40222187453656283,0.3759959664603159,0.38910892049843926,0.622100837617597,51.693219848080766,algorithm_native_internal_best_so_far.v1,true
clean,pysr,6,150,150,1.0,0.42538284163955753,0.4005554679665703,0.412969154803064,0.6567293246539788,54.02317195096695,0.42538284163955753,0.4005554679665703,0.412969154803064,0.6567293246539788,54.02317195096695,algorithm_native_internal_best_so_far.v1,true
clean,pysr,7,150,150,1.0,0.423649849649642,0.4014065811846643,0.41252821541715334,0.6478143050422768,55.56006603000419,0.423649849649642,0.4014065811846643,0.41252821541715334,0.6478143050422768,55.56006603000419,algorithm_native_internal_best_so_far.v1,true
clean,pysr,8,150,150,1.0,0.43178380586038106,0.40525408401915297,0.41851894493976727,0.6631302333969848,56.90418569371598,0.43178380586038106,0.40525408401915297,0.41851894493976727,0.6631302333969848,56.90418569371598,algorithm_native_internal_best_so_far.v1,true
clean,pysr,9,150,150,1.0,0.4383937992446958,0.41094969115832136,0.42467174520150874,0.6675528015672855,57.99875174516181,0.4383937992446958,0.41094969115832136,0.42467174520150874,0.6675528015672855,57.99875174516181,algorithm_native_internal_best_so_far.v1,true
clean,pysr,10,150,150,1.0,0.45459550327377013,0.4260976371379168,0.44034657020584367,0.6910205855961307,59.10908242660694,0.45459550327377013,0.4260976371379168,0.44034657020584367,0.6910205855961307,59.10908242660694,algorithm_native_internal_best_so_far.v1,true
clean,pysr,11,150,150,1.0,0.46653331870261383,0.43918732288431755,0.4528603207934659,0.7047666532561395,60.1424990537894,0.46653331870261383,0.43918732288431755,0.4528603207934659,0.7047666532561395,60.1424990537894,algorithm_native_internal_best_so_far.v1,true
clean,pysr,12,150,150,1.0,0.465692920104089,0.4371601183377838,0.45142651922093646,0.6985624767860685,60.95197810585751,0.465692920104089,0.4371601183377838,0.45142651922093646,0.6985624767860685,60.95197810585751,algorithm_native_internal_best_so_far.v1,true
clean,pysr,13,150,150,1.0,0.4679411852834672,0.4401940631196005,0.454067624201534,0.7021598361732493,61.66459391443193,0.4679411852834672,0.4401940631196005,0.454067624201534,0.7021598361732493,61.66459391443193,algorithm_native_internal_best_so_far.v1,true
clean,pysr,14,150,150,1.0,0.4746614555057016,0.4465497398691851,0.46060559768744347,0.7103417086800962,62.33384941111605,0.4746614555057016,0.4465497398691851,0.46060559768744347,0.7103417086800962,62.33384941111605,algorithm_native_internal_best_so_far.v1,true
clean,pysr,15,150,150,1.0,0.4777247125737867,0.4502775307764923,0.4640011216751396,0.7144969382522524,62.94157237205666,0.4777247125737867,0.4502775307764923,0.4640011216751396,0.7144969382522524,62.94157237205666,algorithm_native_internal_best_so_far.v1,true
clean,pysr,16,150,150,1.0,0.4782303332235359,0.44928340162668634,0.46375686742511124,0.7133087793586066,63.46590396979441,0.4782303332235359,0.44928340162668634,0.46375686742511124,0.7133087793586066,63.46590396979441,algorithm_native_internal_best_so_far.v1,true
clean,pysr,17,150,150,1.0,0.4827589740887456,0.45435927569015366,0.4685591248894498,0.7189638531986511,63.961814637445634,0.4827589740887456,0.45435927569015366,0.4685591248894498,0.7189638531986511,63.961814637445634,algorithm_native_internal_best_so_far.v1,true
clean,pysr,18,150,150,1.0,0.49128861020329073,0.464483358809517,0.477885984506404,0.7286201866299326,64.45627041664272,0.49128861020329073,0.464483358809517,0.477885984506404,0.7286201866299326,64.45627041664272,algorithm_native_internal_best_so_far.v1,true
clean,pysr,19,150,150,1.0,0.49711060557057835,0.4709440291304974,0.48402731735053806,0.734944781162101,64.93196555872521,0.49711060557057835,0.4709440291304974,0.48402731735053806,0.734944781162101,64.93196555872521,algorithm_native_internal_best_so_far.v1,true
clean,pysr,20,150,150,1.0,0.5014498849149933,0.4767791097304546,0.48911449732272416,0.7390273275710542,65.38050391864422,0.5014498849149933,0.4767791097304546,0.48911449732272416,0.7390273275710542,65.38050391864422,algorithm_native_internal_best_so_far.v1,true
clean,pysr,21,150,150,1.0,0.5014622518428098,0.47672370255492696,0.48909297719886846,0.7391931746459207,65.78711408749889,0.5014622518428098,0.47672370255492696,0.48909297719886846,0.7391931746459207,65.78711408749889,algorithm_native_internal_best_so_far.v1,true
clean,pysr,22,150,150,1.0,0.5070299901684154,0.4814324403705973,0.4942312152695065,0.744495058131544,66.18085916593778,0.5070299901684154,0.4814324403705973,0.4942312152695065,0.744495058131544,66.18085916593778,algorithm_native_internal_best_so_far.v1,true
clean,pysr,23,150,150,1.0,0.5126281623927618,0.4870877866117067,0.4998579745022343,0.7507322110730887,66.56748359817131,0.5126281623927618,0.4870877866117067,0.4998579745022343,0.7507322110730887,66.56748359817131,algorithm_native_internal_best_so_far.v1,true
clean,pysr,24,150,150,1.0,0.5128438709579358,0.48795644656530823,0.5004001587616222,0.7522606085426783,66.92825765050866,0.5128438709579358,0.48795644656530823,0.5004001587616222,0.7522606085426783,66.92825765050866,algorithm_native_internal_best_so_far.v1,true
clean,pysr,25,150,150,1.0,0.5129539374121554,0.48788092286409834,0.5004174301381271,0.7519025847786766,67.25873768360302,0.5129539374121554,0.48788092286409834,0.5004174301381271,0.7519025847786766,67.25873768360302,algorithm_native_internal_best_so_far.v1,true
clean,pysr,26,150,150,1.0,0.5147690422947209,0.48961848671674935,0.5021937645057352,0.7586569492473879,67.58977450056977,0.5147690422947209,0.48961848671674935,0.5021937645057352,0.7586569492473879,67.58977450056977,algorithm_native_internal_best_so_far.v1,true
clean,pysr,27,150,150,1.0,0.5131336916021327,0.48773653387369154,0.5004351127379122,0.7518862168082115,67.87121328502354,0.5131336916021327,0.48773653387369154,0.5004351127379122,0.7518862168082115,67.87121328502354,algorithm_native_internal_best_so_far.v1,true
clean,pysr,28,150,150,1.0,0.5139970297942937,0.48858042640327387,0.5012887280987838,0.7535870946559541,68.13862386290111,0.5139970297942937,0.48858042640327387,0.5012887280987838,0.7535870946559541,68.13862386290111,algorithm_native_internal_best_so_far.v1,true
clean,pysr,29,150,150,1.0,0.5142779477953217,0.4887158499077422,0.501496898851532,0.7537682870905109,68.38821713345801,0.5142779477953217,0.4887158499077422,0.501496898851532,0.7537682870905109,68.38821713345801,algorithm_native_internal_best_so_far.v1,true
clean,pysr,30,150,150,1.0,0.5108024931626559,0.48485120983178026,0.49782685149721817,0.7423049478970112,68.58295972199946,0.5108024931626559,0.48485120983178026,0.49782685149721817,0.7423049478970112,68.58295972199946,algorithm_native_internal_best_so_far.v1,true
clean,pysr,31,150,150,1.0,0.5109629257255248,0.4856592662267019,0.49831109597611345,0.7437385204832171,68.7697627002679,0.5109629257255248,0.4856592662267019,0.49831109597611345,0.7437385204832171,68.7697627002679,algorithm_native_internal_best_so_far.v1,true
clean,pysr,32,150,150,1.0,0.5122262180029532,0.4858929817193646,0.49905959986115894,0.7465829504336796,68.95377933598978,0.5122262180029532,0.4858929817193646,0.49905959986115894,0.7465829504336796,68.95377933598978,algorithm_native_internal_best_so_far.v1,true
clean,pysr,33,150,150,1.0,0.5126924976460853,0.4863731919363523,0.4995328447912188,0.7481353240417247,69.13134761078321,0.5126924976460853,0.4863731919363523,0.4995328447912188,0.7481353240417247,69.13134761078321,algorithm_native_internal_best_so_far.v1,true
clean,pysr,34,150,150,1.0,0.513144891269175,0.48880451841835554,0.5009747048437654,0.7532571380820079,69.31353485188372,0.513144891269175,0.48880451841835554,0.5009747048437654,0.7532571380820079,69.31353485188372,algorithm_native_internal_best_so_far.v1,true
clean,pysr,35,150,150,1.0,0.5105150873862002,0.48810381730345265,0.49930945234482665,0.7507890698166045,69.47825976987734,0.5105150873862002,0.48810381730345265,0.49930945234482665,0.7507890698166045,69.47825976987734,algorithm_native_internal_best_so_far.v1,true
clean,pysr,36,150,150,1.0,0.5153468172467648,0.49204943499240034,0.5036981261195828,0.7572344852333973,69.6517372352513,0.5153468172467648,0.49204943499240034,0.5036981261195828,0.7572344852333973,69.6517372352513,algorithm_native_internal_best_so_far.v1,true
clean,pysr,37,150,150,1.0,0.5193207311851328,0.4965335613615926,0.5079271462733628,0.7614964477294421,69.82735635789165,0.5193207311851328,0.4965335613615926,0.5079271462733628,0.7614964477294421,69.82735635789165,algorithm_native_internal_best_so_far.v1,true
clean,pysr,38,150,150,1.0,0.5155532274792861,0.49438720439542794,0.504970215937357,0.7559415230071739,69.97911414586075,0.5155532274792861,0.49438720439542794,0.504970215937357,0.7559415230071739,69.97911414586075,algorithm_native_internal_best_so_far.v1,true
clean,pysr,39,150,150,1.0,0.5106903379726065,0.49015608475652384,0.5004232113645652,0.7495806971352582,70.10677967323679,0.5106903379726065,0.49015608475652384,0.5004232113645652,0.7495806971352582,70.10677967323679,algorithm_native_internal_best_so_far.v1,true
clean,pysr,40,150,150,1.0,0.5107862603080054,0.4903147805110549,0.5005505204095302,0.7498596362115163,70.22875927193465,0.5107862603080054,0.4903147805110549,0.5005505204095302,0.7498596362115163,70.22875927193465,algorithm_native_internal_best_so_far.v1,true
clean,pysr,41,150,150,1.0,0.5110689972268486,0.49047062767965277,0.5007698124532507,0.7506213523570531,70.3466464905632,0.5110689972268486,0.49047062767965277,0.5007698124532507,0.7506213523570531,70.3466464905632,algorithm_native_internal_best_so_far.v1,true
clean,pysr,42,150,150,1.0,0.5110545626218269,0.49048497052161877,0.5007697665717229,0.7506225114328028,70.45892279181837,0.5110545626218269,0.49048497052161877,0.5007697665717229,0.7506225114328028,70.45892279181837,algorithm_native_internal_best_so_far.v1,true
clean,pysr,43,150,150,1.0,0.5058590204344656,0.48717285476283734,0.49651593759865165,0.7439401538058532,70.55043657295249,0.5058590204344656,0.48717285476283734,0.49651593759865165,0.7439401538058532,70.55043657295249,algorithm_native_internal_best_so_far.v1,true
clean,pysr,44,150,150,1.0,0.5058576062241054,0.48723843059860344,0.49654801841135443,0.7439783709780504,70.63787749397187,0.5058576062241054,0.48723843059860344,0.49654801841135443,0.7439783709780504,70.63787749397187,algorithm_native_internal_best_so_far.v1,true
clean,pysr,45,150,150,1.0,0.5058655314917512,0.48723616305016215,0.4965508472709568,0.7439877087466014,70.7214529024316,0.5058655314917512,0.48723616305016215,0.4965508472709568,0.7439877087466014,70.7214529024316,algorithm_native_internal_best_so_far.v1,true
clean,pysr,46,150,150,1.0,0.5059424314517154,0.48745671692087855,0.49669957418629707,0.744574420862971,70.8026700586026,0.5059424314517154,0.48745671692087855,0.49669957418629707,0.744574420862971,70.8026700586026,algorithm_native_internal_best_so_far.v1,true
clean,pysr,47,150,150,1.0,0.5059302335838018,0.4874601998721915,0.49669521672799677,0.7445599032431361,70.88040027702198,0.5059302335838018,0.4874601998721915,0.49669521672799677,0.7445599032431361,70.88040027702198,algorithm_native_internal_best_so_far.v1,true
clean,pysr,48,150,150,1.0,0.5059129014633751,0.4876029550008183,0.4967579282320969,0.7447426855963251,70.9552725329097,0.5059129014633751,0.4876029550008183,0.4967579282320969,0.7447426855963251,70.9552725329097,algorithm_native_internal_best_so_far.v1,true
clean,pysr,49,150,150,1.0,0.506002522153377,0.4883527187656733,0.49717762045952535,0.7452478123186524,71.02811964921491,0.506002522153377,0.4883527187656733,0.49717762045952535,0.7452478123186524,71.02811964921491,algorithm_native_internal_best_so_far.v1,true
clean,pysr,50,150,150,1.0,0.5060297260871097,0.4883465150020454,0.4971881205445777,0.7452820053353065,71.09812126690123,0.5060297260871097,0.4883465150020454,0.4971881205445777,0.7452820053353065,71.09812126690123,algorithm_native_internal_best_so_far.v1,true
clean,pysr,51,150,150,1.0,0.5061265872372941,0.48813957702124205,0.49713308212926827,0.7452424709824516,71.16530020477073,0.5061265872372941,0.48813957702124205,0.49713308212926827,0.7452424709824516,71.16530020477073,algorithm_native_internal_best_so_far.v1,true
clean,pysr,52,150,150,1.0,0.5061370243794824,0.48812762812709204,0.49713232625328735,0.7452399995986858,71.22989058467645,0.5061370243794824,0.48812762812709204,0.49713232625328735,0.7452399995986858,71.22989058467645,algorithm_native_internal_best_so_far.v1,true
clean,pysr,53,150,150,1.0,0.5061143344537545,0.4878720061321361,0.4969931702929455,0.7448836648090168,71.29137126196373,0.5061143344537545,0.4878720061321361,0.4969931702929455,0.7448836648090168,71.29137126196373,algorithm_native_internal_best_so_far.v1,true
clean,pysr,54,150,150,1.0,0.5106411953752308,0.49280534458353326,0.5017232699793823,0.7495713602956459,71.35925579469708,0.5106411953752308,0.49280534458353326,0.5017232699793823,0.7495713602956459,71.35925579469708,algorithm_native_internal_best_so_far.v1,true
clean,pysr,55,150,150,1.0,0.5106400865163946,0.4928054868363384,0.5017227866763667,0.7495697726454678,71.4246689123307,0.5106400865163946,0.4928054868363384,0.5017227866763667,0.7495697726454678,71.4246689123307,algorithm_native_internal_best_so_far.v1,true
clean,pysr,56,150,150,1.0,0.5106923353602533,0.49283049581079147,0.5017614155855227,0.7496938289079875,71.48796737623192,0.5106923353602533,0.49283049581079147,0.5017614155855227,0.7496938289079875,71.48796737623192,algorithm_native_internal_best_so_far.v1,true
clean,pysr,57,150,150,1.0,0.5106686549716394,0.49285404889021794,0.501761351930929,0.7496748593651386,71.54901156150002,0.5106686549716394,0.49285404889021794,0.501761351930929,0.7496748593651386,71.54901156150002,algorithm_native_internal_best_so_far.v1,true
clean,pysr,58,150,150,1.0,0.5108072306947872,0.4932012114034317,0.5020042210491098,0.750306017831402,71.60903897911449,0.5108072306947872,0.4932012114034317,0.5020042210491098,0.750306017831402,71.60903897911449,algorithm_native_internal_best_so_far.v1,true
clean,pysr,59,150,150,1.0,0.5107936985683028,0.4931860979788165,0.50198989827356,0.7502404974623315,71.66692051754022,0.5107936985683028,0.4931860979788165,0.50198989827356,0.7502404974623315,71.66692051754022,algorithm_native_internal_best_so_far.v1,true
clean,pysr,60,150,150,1.0,0.5110719867134329,0.4929190828728914,0.5019955347931623,0.750303588568512,71.72297782319541,0.5110719867134329,0.4929190828728914,0.5019955347931623,0.750303588568512,71.72297782319541,algorithm_native_internal_best_so_far.v1,true
clean,pysr,61,150,150,1.0,0.511207214085658,0.49328228869092994,0.5022447513882943,0.7506203361666773,71.77771644276054,0.511207214085658,0.49328228869092994,0.5022447513882943,0.7506203361666773,71.77771644276054,algorithm_native_internal_best_so_far.v1,true
clean,pysr,62,150,150,1.0,0.5115063046679991,0.49286632317864465,0.5021863139233221,0.7504979352415889,71.83049187955729,0.5115063046679991,0.49286632317864465,0.5021863139233221,0.7504979352415889,71.83049187955729,algorithm_native_internal_best_so_far.v1,true
clean,pysr,63,150,150,1.0,0.511305992001392,0.493134277454969,0.5022201347281807,0.7508409154704758,71.8821363187238,0.511305992001392,0.493134277454969,0.5022201347281807,0.7508409154704758,71.8821363187238,algorithm_native_internal_best_so_far.v1,true
clean,pysr,64,150,150,1.0,0.5163127392447352,0.49785654535659785,0.5070846423006669,0.7560537209360968,71.94031187770639,0.5163127392447352,0.49785654535659785,0.5070846423006669,0.7560537209360968,71.94031187770639,algorithm_native_internal_best_so_far.v1,true
clean,pysr,65,150,150,1.0,0.5163483413713058,0.4979877028318064,0.5071680221015564,0.7562708718941134,71.99703149788647,0.5163483413713058,0.4979877028318064,0.5071680221015564,0.7562708718941134,71.99703149788647,algorithm_native_internal_best_so_far.v1,true
clean,pysr,66,150,150,1.0,0.5163455754580635,0.49763024141595075,0.5069879084370075,0.7558465329809723,72.05138940395027,0.5163455754580635,0.49763024141595075,0.5069879084370075,0.7558465329809723,72.05138940395027,algorithm_native_internal_best_so_far.v1,true
clean,pysr,67,150,150,1.0,0.5163577846011617,0.49749576082082875,0.5069267727109954,0.7556244275352433,72.10379318528719,0.5163577846011617,0.49749576082082875,0.5069267727109954,0.7556244275352433,72.10379318528719,algorithm_native_internal_best_so_far.v1,true
clean,pysr,68,150,150,1.0,0.5172299777393083,0.4986647366816919,0.5079473572105003,0.750067332481119,72.14648348032874,0.5172299777393083,0.4986647366816919,0.5079473572105003,0.750067332481119,72.14648348032874,algorithm_native_internal_best_so_far.v1,true
clean,pysr,69,150,150,1.0,0.517230079775542,0.4985827067461672,0.507906393260855,0.7498631790513008,72.18764050097803,0.517230079775542,0.4985827067461672,0.507906393260855,0.7498631790513008,72.18764050097803,algorithm_native_internal_best_so_far.v1,true
clean,pysr,70,150,150,1.0,0.5221815431989001,0.5020358384544563,0.5121086908266785,0.7565371053235583,72.23715578714057,0.5221815431989001,0.5020358384544563,0.5121086908266785,0.7565371053235583,72.23715578714057,algorithm_native_internal_best_so_far.v1,true
clean,pysr,71,150,150,1.0,0.5172355802619997,0.4985825335509015,0.5079090569064508,0.7498720046736588,72.27588881080572,0.5172355802619997,0.4985825335509015,0.5079090569064508,0.7498720046736588,72.27588881080572,algorithm_native_internal_best_so_far.v1,true
clean,pysr,72,150,150,1.0,0.5173127777269141,0.49949631418758517,0.5084045459572499,0.750455854038006,72.31435681904176,0.5173127777269141,0.49949631418758517,0.5084045459572499,0.750455854038006,72.31435681904176,algorithm_native_internal_best_so_far.v1,true
clean,pysr,73,150,150,1.0,0.5175623009424506,0.49991593224882896,0.5087391165956401,0.7508766248102889,72.35234730756214,0.5175623009424506,0.49991593224882896,0.5087391165956401,0.7508766248102889,72.35234730756214,algorithm_native_internal_best_so_far.v1,true
clean,pysr,74,150,150,1.0,0.5193762525304699,0.5000325454277251,0.5097043989790978,0.7517397138463504,72.3904773626577,0.5193762525304699,0.5000325454277251,0.5097043989790978,0.7517397138463504,72.3904773626577,algorithm_native_internal_best_so_far.v1,true
clean,pysr,75,150,150,1.0,0.5193884632142262,0.5001620065181225,0.5097752348661746,0.751814199711432,72.42768993077085,0.5193884632142262,0.5001620065181225,0.5097752348661746,0.751814199711432,72.42768993077085,algorithm_native_internal_best_so_far.v1,true
clean,pysr,76,150,150,1.0,0.5193620941383711,0.5002626577932398,0.5098123759658058,0.7519136931024375,72.46405413313235,0.5193620941383711,0.5002626577932398,0.5098123759658058,0.7519136931024375,72.46405413313235,algorithm_native_internal_best_so_far.v1,true
clean,pysr,77,150,150,1.0,0.519667054881182,0.5005783430794661,0.5101226989803244,0.7522132390153862,72.49986283142333,0.519667054881182,0.5005783430794661,0.5101226989803244,0.7522132390153862,72.49986283142333,algorithm_native_internal_best_so_far.v1,true
clean,pysr,78,150,150,1.0,0.5195438086559726,0.5007384973689398,0.5101411530124565,0.7522365142298454,72.53478319798181,0.5195438086559726,0.5007384973689398,0.5101411530124565,0.7522365142298454,72.53478319798181,algorithm_native_internal_best_so_far.v1,true
clean,pysr,79,150,150,1.0,0.5197658349879479,0.5008096811890355,0.510287758088492,0.7524488472273473,72.56908828057361,0.5197658349879479,0.5008096811890355,0.510287758088492,0.7524488472273473,72.56908828057361,algorithm_native_internal_best_so_far.v1,true
clean,pysr,80,150,150,1.0,0.5241710077929934,0.5045128187544426,0.5143419132737183,0.7589031048596698,72.61060355814104,0.5241710077929934,0.5045128187544426,0.5143419132737183,0.7589031048596698,72.61060355814104,algorithm_native_internal_best_so_far.v1,true
clean,pysr,81,150,150,1.0,0.5241185896193127,0.5044755722599202,0.5142970809396168,0.7587660217353465,72.65092452870145,0.5241185896193127,0.5044755722599202,0.5142970809396168,0.7587660217353465,72.65092452870145,algorithm_native_internal_best_so_far.v1,true
clean,pysr,82,150,150,1.0,0.5241300871129047,0.5045974570845233,0.5143637720987143,0.7591242605224994,72.69069893752521,0.5241300871129047,0.5045974570845233,0.5143637720987143,0.7591242605224994,72.69069893752521,algorithm_native_internal_best_so_far.v1,true
clean,pysr,83,150,150,1.0,0.5241923757382904,0.5044047592316282,0.5142985674849595,0.7589650038085782,72.7293230513003,0.5241923757382904,0.5044047592316282,0.5142985674849595,0.7589650038085782,72.7293230513003,algorithm_native_internal_best_so_far.v1,true
clean,pysr,84,150,150,1.0,0.5241871470127016,0.5044480251695672,0.5143175860911346,0.7590079610228743,72.76707868285966,0.5241871470127016,0.5044480251695672,0.5143175860911346,0.7590079610228743,72.76707868285966,algorithm_native_internal_best_so_far.v1,true
clean,pysr,85,150,150,1.0,0.5242870738794386,0.5044388195494909,0.514362946714465,0.7590858037135775,72.80403752625377,0.5242870738794386,0.5044388195494909,0.514362946714465,0.7590858037135775,72.80403752625377,algorithm_native_internal_best_so_far.v1,true
clean,pysr,86,150,150,1.0,0.5304075140874216,0.5105859212844808,0.5204967176859515,0.7660016198733138,72.84817850835931,0.5304075140874216,0.5105859212844808,0.5204967176859515,0.7660016198733138,72.84817850835931,algorithm_native_internal_best_so_far.v1,true
clean,pysr,87,150,150,1.0,0.5304126766018078,0.5109027538789614,0.520657715240385,0.7664057368493793,72.89176925751539,0.5304126766018078,0.5109027538789614,0.520657715240385,0.7664057368493793,72.89176925751539,algorithm_native_internal_best_so_far.v1,true
clean,pysr,88,150,150,1.0,0.5304130694484502,0.5108593970971003,0.5206362332727754,0.766308753042314,72.93425909895534,0.5304130694484502,0.5108593970971003,0.5206362332727754,0.766308753042314,72.93425909895534,algorithm_native_internal_best_so_far.v1,true
clean,pysr,89,150,150,1.0,0.5304508718336877,0.5108831581776463,0.5206670150056674,0.7664119605963958,72.97591007604169,0.5304508718336877,0.5108831581776463,0.5206670150056674,0.7664119605963958,72.97591007604169,algorithm_native_internal_best_so_far.v1,true
clean,pysr,90,150,150,1.0,0.5305700103978962,0.5114021625082598,0.5209860864530783,0.7671850873176467,73.0174945055497,0.5305700103978962,0.5114021625082598,0.5209860864530783,0.7671850873176467,73.0174945055497,algorithm_native_internal_best_so_far.v1,true
clean,pysr,91,150,150,1.0,0.5305561687648689,0.5115576736502186,0.5210569212075441,0.7673560019936256,73.05835280987732,0.5305561687648689,0.5115576736502186,0.5210569212075441,0.7673560019936256,73.05835280987732,algorithm_native_internal_best_so_far.v1,true
clean,pysr,92,150,150,1.0,0.5305631151857765,0.5115403698216026,0.5210517425036898,0.767339390337699,73.09830483405005,0.5305631151857765,0.5115403698216026,0.5210517425036898,0.767339390337699,73.09830483405005,algorithm_native_internal_best_so_far.v1,true
clean,pysr,93,150,150,1.0,0.5305586865434506,0.5115372918348522,0.5210479891891517,0.7673270182936681,73.13738437163411,0.5305586865434506,0.5115372918348522,0.5210479891891517,0.7673270182936681,73.13738437163411,algorithm_native_internal_best_so_far.v1,true
clean,pysr,94,150,150,1.0,0.5305594996507911,0.5115339621763532,0.5210467309135723,0.7673229788264819,73.17562813238959,0.5305594996507911,0.5115339621763532,0.5210467309135723,0.7673229788264819,73.17562813238959,algorithm_native_internal_best_so_far.v1,true
clean,pysr,95,150,150,1.0,0.5305727944889059,0.5115321027655095,0.521052448627208,0.7673424016732773,73.21308720644157,0.5305727944889059,0.5115321027655095,0.521052448627208,0.7673424016732773,73.21308720644157,algorithm_native_internal_best_so_far.v1,true
clean,pysr,96,150,150,1.0,0.5305706077323127,0.5115330746681892,0.5210518412002513,0.7673409858089526,73.2497644082588,0.5305706077323127,0.5115330746681892,0.5210518412002513,0.7673409858089526,73.2497644082588,algorithm_native_internal_best_so_far.v1,true
clean,pysr,97,150,150,1.0,0.530565810890775,0.5115320298072562,0.521048920349016,0.7673312578711663,73.28567535030888,0.530565810890775,0.5115320298072562,0.521048920349016,0.7673312578711663,73.28567535030888,algorithm_native_internal_best_so_far.v1,true
clean,pysr,98,150,150,1.0,0.5305379104927385,0.5114508947292034,0.5209944026109712,0.7671845119087233,73.32070367521258,0.5305379104927385,0.5114508947292034,0.5209944026109712,0.7671845119087233,73.32070367521258,algorithm_native_internal_best_so_far.v1,true
clean,pysr,99,150,150,1.0,0.5305335731694273,0.5114726174602023,0.5210030953148151,0.7672319406473503,73.35507226500573,0.5305335731694273,0.5114726174602023,0.5210030953148151,0.7672319406473503,73.35507226500573,algorithm_native_internal_best_so_far.v1,true
clean,pysr,100,150,150,1.0,0.5305335962278459,0.5114725829618816,0.521003089594864,0.7672319219456127,73.38875346430129,0.5305335962278459,0.5114725829618816,0.521003089594864,0.7672319219456127,73.38875346430129,algorithm_native_internal_best_so_far.v1,true
clean,pysr,101,150,150,1.0,0.5305336097908566,0.5114725628407337,0.5210030863157955,0.7672319112244931,73.42176769854038,0.5305336097908566,0.5114725628407337,0.5210030863157955,0.7672319112244931,73.42176769854038,algorithm_native_internal_best_so_far.v1,true
clean,pysr,102,150,150,1.0,0.5305380394617075,0.5109523230314021,0.5207451812465551,0.7665850677277481,73.45350043456229,0.5305380394617075,0.5109523230314021,0.5207451812465551,0.7665850677277481,73.45350043456229,algorithm_native_internal_best_so_far.v1,true
clean,pysr,103,150,150,1.0,0.5275933786054627,0.5087604140939475,0.5181768963497053,0.7637642527284784,73.48187834561361,0.5275933786054627,0.5087604140939475,0.5181768963497053,0.7637642527284784,73.48187834561361,algorithm_native_internal_best_so_far.v1,true
clean,pysr,104,150,150,1.0,0.5275985801531906,0.5087550026027491,0.51817679137797,0.7637639038073964,73.5097101921052,0.5275985801531906,0.5087550026027491,0.51817679137797,0.7637639038073964,73.5097101921052,algorithm_native_internal_best_so_far.v1,true
clean,pysr,105,150,150,1.0,0.5275974316345106,0.5087549686613705,0.5181762001479407,0.7637619670203478,73.53701006362833,0.5275974316345106,0.5087549686613705,0.5181762001479407,0.7637619670203478,73.53701006362833,algorithm_native_internal_best_so_far.v1,true
clean,pysr,106,150,150,1.0,0.5275946832202064,0.5087447824140909,0.518169732817149,0.7637315408056646,73.56376613925983,0.5275946832202064,0.5087447824140909,0.518169732817149,0.7637315408056646,73.56376613925983,algorithm_native_internal_best_so_far.v1,true
clean,pysr,107,150,150,1.0,0.5275946360838204,0.5087447582531713,0.5181696971684961,0.7637314334901139,73.5900220010332,0.5275946360838204,0.5087447582531713,0.5181696971684961,0.7637314334901139,73.5900220010332,algorithm_native_internal_best_so_far.v1,true
clean,pysr,108,150,150,1.0,0.5275948440541075,0.5087432935486458,0.5181690688013768,0.7637283894087947,73.61578882455031,0.5275948440541075,0.5087432935486458,0.5181690688013768,0.7637283894087947,73.61578882455031,algorithm_native_internal_best_so_far.v1,true
clean,pysr,109,150,150,1.0,0.5275947488703426,0.5087430455286098,0.5181688971994765,0.7637278283456554,73.64108234757796,0.5275947488703426,0.5087430455286098,0.5181688971994765,0.7637278283456554,73.64108234757796,algorithm_native_internal_best_so_far.v1,true
clean,pysr,110,150,150,1.0,0.5307001308568933,0.5110205897808567,0.5208603603188754,0.7667623786839686,73.6686746704945,0.5307001308568933,0.5110205897808567,0.5208603603188754,0.7667623786839686,73.6686746704945,algorithm_native_internal_best_so_far.v1,true
clean,pysr,111,150,150,1.0,0.530747537889204,0.5115218082410712,0.5211346730651379,0.7674541534343423,73.69639305493538,0.530747537889204,0.5115218082410712,0.5211346730651379,0.7674541534343423,73.69639305493538,algorithm_native_internal_best_so_far.v1,true
clean,pysr,112,150,150,1.0,0.5307545111247589,0.5115195128998519,0.5211370120123058,0.7674616746486626,73.72362318359548,0.5307545111247589,0.5115195128998519,0.5211370120123058,0.7674616746486626,73.72362318359548,algorithm_native_internal_best_so_far.v1,true
clean,pysr,113,150,150,1.0,0.5308123527636003,0.5111619015604045,0.5209871271620027,0.7670857556662821,73.75003869140993,0.5308123527636003,0.5111619015604045,0.5209871271620027,0.7670857556662821,73.75003869140993,algorithm_native_internal_best_so_far.v1,true
clean,pysr,114,150,150,1.0,0.5311021639621655,0.5116133233787415,0.5213577436704538,0.7674908062451605,73.77634607678806,0.5311021639621655,0.5116133233787415,0.5213577436704538,0.7674908062451605,73.77634607678806,algorithm_native_internal_best_so_far.v1,true
clean,pysr,115,150,150,1.0,0.5320889366029259,0.5126437426037959,0.5223663396033613,0.7685931110728271,73.80315446835759,0.5320889366029259,0.5126437426037959,0.5223663396033613,0.7685931110728271,73.80315446835759,algorithm_native_internal_best_so_far.v1,true
clean,pysr,116,150,150,1.0,0.5320425506581223,0.5126700838767027,0.5223563172674128,0.7685580555074958,73.82947042596442,0.5320425506581223,0.5126700838767027,0.5223563172674128,0.7685580555074958,73.82947042596442,algorithm_native_internal_best_so_far.v1,true
clean,pysr,117,150,150,1.0,0.533626031063529,0.513916380671347,0.5237712058674384,0.7697784679463149,73.8563796256966,0.533626031063529,0.513916380671347,0.5237712058674384,0.7697784679463149,73.8563796256966,algorithm_native_internal_best_so_far.v1,true
clean,pysr,118,150,150,1.0,0.5336412205840166,0.5143488419891346,0.523995031286576,0.7703516171965393,73.88331845700134,0.5336412205840166,0.5143488419891346,0.523995031286576,0.7703516171965393,73.88331845700134,algorithm_native_internal_best_so_far.v1,true
clean,pysr,119,150,150,1.0,0.533889904315364,0.5144214592992159,0.5241556818072903,0.7706078674413611,73.91001987117893,0.533889904315364,0.5144214592992159,0.5241556818072903,0.7706078674413611,73.91001987117893,algorithm_native_internal_best_so_far.v1,true
clean,pysr,120,150,150,1.0,0.5343283309972158,0.5148492772293393,0.524588804113278,0.7710812312467098,73.9366707316247,0.5343283309972158,0.5148492772293393,0.524588804113278,0.7710812312467098,73.9366707316247,algorithm_native_internal_best_so_far.v1,true
clean,pysr,121,150,150,1.0,0.5343367310170876,0.5146229474889885,0.5244798392530384,0.7708292328965576,73.96267281888116,0.5343367310170876,0.5146229474889885,0.5244798392530384,0.7708292328965576,73.96267281888116,algorithm_native_internal_best_so_far.v1,true
clean,pysr,122,150,150,1.0,0.5343388889292946,0.514228430222519,0.5242836595759072,0.7703359471894942,73.98784430986532,0.5343388889292946,0.514228430222519,0.5242836595759072,0.7703359471894942,73.98784430986532,algorithm_native_internal_best_so_far.v1,true
clean,pysr,123,150,150,1.0,0.5343457751284452,0.5141282929066656,0.5242370340175558,0.7703269255359882,74.01259917363552,0.5343457751284452,0.5141282929066656,0.5242370340175558,0.7703269255359882,74.01259917363552,algorithm_native_internal_best_so_far.v1,true
clean,pysr,124,150,150,1.0,0.534550562555423,0.5145545576805232,0.5245525601179734,0.7708806496047494,74.03740131707775,0.534550562555423,0.5145545576805232,0.5245525601179734,0.7708806496047494,74.03740131707775,algorithm_native_internal_best_so_far.v1,true
clean,pysr,125,150,150,1.0,0.534550562555423,0.5145545576805232,0.5245525601179734,0.7708806496047494,74.06180662622494,0.534550562555423,0.5145545576805232,0.5245525601179734,0.7708806496047494,74.06180662622494,algorithm_native_internal_best_so_far.v1,true
clean,pysr,126,150,150,1.0,0.534550562555423,0.5145545576805232,0.5245525601179734,0.7708806496047494,74.08582454951264,0.534550562555423,0.5145545576805232,0.5245525601179734,0.7708806496047494,74.08582454951264,algorithm_native_internal_best_so_far.v1,true
clean,pysr,127,150,150,1.0,0.5345481686625266,0.5146147870759221,0.5245814778692247,0.7710135936132091,74.10956891810955,0.5345481686625266,0.5146147870759221,0.5245814778692247,0.7710135936132091,74.10956891810955,algorithm_native_internal_best_so_far.v1,true
clean,pysr,128,150,150,1.0,0.5343221808016164,0.5145783476804529,0.5244502642410349,0.7705916576956582,74.13261264351155,0.5343221808016164,0.5145783476804529,0.5244502642410349,0.7705916576956582,74.13261264351155,algorithm_native_internal_best_so_far.v1,true
clean,pysr,129,150,150,1.0,0.534361807050226,0.5147230854226666,0.5245424462364464,0.7708570157056832,74.15550480573681,0.534361807050226,0.5147230854226666,0.5245424462364464,0.7708570157056832,74.15550480573681,algorithm_native_internal_best_so_far.v1,true
clean,pysr,130,150,150,1.0,0.534365714097662,0.5146902689081221,0.5245279915028922,0.7707910183412857,74.1779940136475,0.534365714097662,0.5146902689081221,0.5245279915028922,0.7707910183412857,74.1779940136475,algorithm_native_internal_best_so_far.v1,true
clean,pysr,131,150,150,1.0,0.5343688009188762,0.5147256609357981,0.5245472309273373,0.7708797333407037,74.20020759624614,0.5343688009188762,0.5147256609357981,0.5245472309273373,0.7708797333407037,74.20020759624614,algorithm_native_internal_best_so_far.v1,true
clean,pysr,132,150,150,1.0,0.5343689133256325,0.5147257424208089,0.524547327873221,0.7708800450838582,74.22208484558055,0.5343689133256325,0.5147257424208089,0.524547327873221,0.7708800450838582,74.22208484558055,algorithm_native_internal_best_so_far.v1,true
clean,pysr,133,150,150,1.0,0.5343719732586584,0.5146944427004971,0.5245332079795781,0.7708473506342474,74.24360853142899,0.5343719732586584,0.5146944427004971,0.5245332079795781,0.7708473506342474,74.24360853142899,algorithm_native_internal_best_so_far.v1,true
clean,pysr,134,150,150,1.0,0.5343753454676974,0.5146953209598196,0.5245353332137589,0.7708522655720176,74.26481463609895,0.5343753454676974,0.5146953209598196,0.5245353332137589,0.7708522655720176,74.26481463609895,algorithm_native_internal_best_so_far.v1,true
clean,pysr,135,150,150,1.0,0.5345430495033234,0.5146693529360449,0.5246062012196844,0.7710519166276346,74.28585446592609,0.5345430495033234,0.5146693529360449,0.5246062012196844,0.7710519166276346,74.28585446592609,algorithm_native_internal_best_so_far.v1,true
clean,pysr,136,150,150,1.0,0.5345430495033234,0.5146693529360449,0.5246062012196844,0.7710519166276346,74.30658488649108,0.5345430495033234,0.5146693529360449,0.5246062012196844,0.7710519166276346,74.30658488649108,algorithm_native_internal_best_so_far.v1,true
clean,pysr,137,150,150,1.0,0.5345474748335154,0.5146657558805866,0.5246066153570512,0.771053247641784,74.32701364472238,0.5345474748335154,0.5146657558805866,0.5246066153570512,0.771053247641784,74.32701364472238,algorithm_native_internal_best_so_far.v1,true
clean,pysr,138,150,150,1.0,0.5345352442171856,0.514660827877409,0.5245980360472975,0.7710256596619164,74.34712634270404,0.5345352442171856,0.514660827877409,0.5245980360472975,0.7710256596619164,74.34712634270404,algorithm_native_internal_best_so_far.v1,true
clean,pysr,139,150,150,1.0,0.5346779922836479,0.5146240642575299,0.5246510282705891,0.7712141198896532,74.36708523224549,0.5346779922836479,0.5146240642575299,0.5246510282705891,0.7712141198896532,74.36708523224549,algorithm_native_internal_best_so_far.v1,true
clean,pysr,140,150,150,1.0,0.5345956860574506,0.5146236249858785,0.5246096555216646,0.7710810799835104,74.38666396628909,0.5345956860574506,0.5146236249858785,0.5246096555216646,0.7710810799835104,74.38666396628909,algorithm_native_internal_best_so_far.v1,true
clean,pysr,141,150,150,1.0,0.5345708820785967,0.5145469003843302,0.5245588912314635,0.7709552413933913,74.40587574056605,0.5345708820785967,0.5145469003843302,0.5245588912314635,0.7709552413933913,74.40587574056605,algorithm_native_internal_best_so_far.v1,true
clean,pysr,142,150,150,1.0,0.534571589516434,0.5145456974925464,0.5245586435044903,0.7709544323078505,74.42481635669435,0.534571589516434,0.5145456974925464,0.5245586435044903,0.7709544323078505,74.42481635669435,algorithm_native_internal_best_so_far.v1,true
clean,pysr,143,150,150,1.0,0.5345672157287964,0.5145467527838102,0.5245569842563035,0.7709490662938802,74.44348831664325,0.5345672157287964,0.5145467527838102,0.5245569842563035,0.7709490662938802,74.44348831664325,algorithm_native_internal_best_so_far.v1,true
clean,pysr,144,150,150,1.0,0.5345672182040845,0.514549711659925,0.524558464932005,0.7709558267570503,74.46190563858119,0.5345672182040845,0.514549711659925,0.524558464932005,0.7709558267570503,74.46190563858119,algorithm_native_internal_best_so_far.v1,true
clean,pysr,145,150,150,1.0,0.5300355308234437,0.5113188376112686,0.5206771842173563,0.7648670953495039,74.47586980338373,0.5300355308234437,0.5113188376112686,0.5206771842173563,0.7648670953495039,74.47586980338373,algorithm_native_internal_best_so_far.v1,true
clean,pysr,146,150,150,1.0,0.5300355308234437,0.5113188376112686,0.5206771842173563,0.7648670953495039,74.48964267825747,0.5300355308234437,0.5113188376112686,0.5206771842173563,0.7648670953495039,74.48964267825747,algorithm_native_internal_best_so_far.v1,true
clean,pysr,147,150,150,1.0,0.5300347353470581,0.5113227932527075,0.520678764299883,0.7648696704886752,74.50322991887386,0.5300347353470581,0.5113227932527075,0.520678764299883,0.7648696704886752,74.50322991887386,algorithm_native_internal_best_so_far.v1,true
clean,pysr,148,150,150,1.0,0.5300354123857111,0.5113234891882937,0.5206794507870026,0.7648713967084078,74.51663471449527,0.5300354123857111,0.5113234891882937,0.5206794507870026,0.7648713967084078,74.51663471449527,algorithm_native_internal_best_so_far.v1,true
clean,pysr,149,150,150,1.0,0.5300344075453797,0.5113233336203702,0.5206788705828752,0.7648694643060482,74.52985828305977,0.5300344075453797,0.5113233336203702,0.5206788705828752,0.7648694643060482,74.52985828305977,algorithm_native_internal_best_so_far.v1,true
clean,pysr,150,150,150,1.0,0.5301157403675545,0.5111536093837888,0.5206346748756719,0.7647616047922118,74.54283363103417,0.5301157403675545,0.5111536093837888,0.5206346748756719,0.7647616047922118,74.54283363103417,algorithm_native_internal_best_so_far.v1,true
clean,pysr,151,150,150,1.0,0.5301157403675545,0.5111536093837888,0.5206346748756719,0.7647616047922118,74.55563712009501,0.5301157403675545,0.5111536093837888,0.5206346748756719,0.7647616047922118,74.55563712009501,algorithm_native_internal_best_so_far.v1,true
clean,pysr,152,150,150,1.0,0.5301157403675545,0.5111536093837888,0.5206346748756719,0.7647616047922118,74.56827214219452,0.5301157403675545,0.5111536093837888,0.5206346748756719,0.7647616047922118,74.56827214219452,algorithm_native_internal_best_so_far.v1,true
clean,pysr,153,150,150,1.0,0.5301157403675545,0.5111536093837888,0.5206346748756719,0.7647616047922118,74.58074200060646,0.5301157403675545,0.5111536093837888,0.5206346748756719,0.7647616047922118,74.58074200060646,algorithm_native_internal_best_so_far.v1,true
clean,pysr,154,150,150,1.0,0.5301210961321952,0.5108490936302231,0.5204850948812094,0.7643864504040988,74.59280630605974,0.5301210961321952,0.5108490936302231,0.5204850948812094,0.7643864504040988,74.59280630605974,algorithm_native_internal_best_so_far.v1,true
clean,pysr,155,150,150,1.0,0.5301210961321952,0.5108490936302231,0.5204850948812094,0.7643864504040988,74.60471494305555,0.5301210961321952,0.5108490936302231,0.5204850948812094,0.7643864504040988,74.60471494305555,algorithm_native_internal_best_so_far.v1,true
clean,pysr,156,150,150,1.0,0.530164609654449,0.5112938746314917,0.5207292421429706,0.7649510792855819,74.61683284680876,0.530164609654449,0.5112938746314917,0.5207292421429706,0.7649510792855819,74.61683284680876,algorithm_native_internal_best_so_far.v1,true
clean,pysr,157,150,150,1.0,0.530164609654449,0.5112938746314917,0.5207292421429706,0.7649510792855819,74.62879638236132,0.530164609654449,0.5112938746314917,0.5207292421429706,0.7649510792855819,74.62879638236132,algorithm_native_internal_best_so_far.v1,true
clean,pysr,158,150,150,1.0,0.5302054635769065,0.5111814112237348,0.5206934374003209,0.7648682751957542,74.64055607310317,0.5302054635769065,0.5111814112237348,0.5206934374003209,0.7648682751957542,74.64055607310317,algorithm_native_internal_best_so_far.v1,true
clean,pysr,159,150,150,1.0,0.5302054635769065,0.5111814112237348,0.5206934374003209,0.7648682751957542,74.65216784320678,0.5302054635769065,0.5111814112237348,0.5206934374003209,0.7648682751957542,74.65216784320678,algorithm_native_internal_best_so_far.v1,true
clean,pysr,160,150,150,1.0,0.5302059877472824,0.5111814924645048,0.5206937401058939,0.7648692833736278,74.66363509629525,0.5302059877472824,0.5111814924645048,0.5206937401058939,0.7648692833736278,74.66363509629525,algorithm_native_internal_best_so_far.v1,true
clean,pysr,161,150,150,1.0,0.5302059877472824,0.5111814924645048,0.5206937401058939,0.7648692833736278,74.6749598990348,0.5302059877472824,0.5111814924645048,0.5206937401058939,0.7648692833736278,74.6749598990348,algorithm_native_internal_best_so_far.v1,true
clean,pysr,162,150,150,1.0,0.5302059877472824,0.5111814924645048,0.5206937401058939,0.7648692833736278,74.68614488939485,0.5302059877472824,0.5111814924645048,0.5206937401058939,0.7648692833736278,74.68614488939485,algorithm_native_internal_best_so_far.v1,true
clean,pysr,163,150,150,1.0,0.530369502028408,0.5115950553961481,0.5209822787122783,0.7655365742103645,74.6976020214908,0.530369502028408,0.5115950553961481,0.5209822787122783,0.7655365742103645,74.6976020214908,algorithm_native_internal_best_so_far.v1,true
clean,pysr,164,150,150,1.0,0.5303749810543892,0.5115936377127825,0.5209843093835861,0.7655431041202017,74.70892341411599,0.5303749810543892,0.5115936377127825,0.5209843093835861,0.7655431041202017,74.70892341411599,algorithm_native_internal_best_so_far.v1,true
clean,pysr,165,150,150,1.0,0.5303761922386824,0.5115924101373843,0.5209843011880336,0.7655430768244547,74.72010756119677,0.5303761922386824,0.5115924101373843,0.5209843011880336,0.7655430768244547,74.72010756119677,algorithm_native_internal_best_so_far.v1,true
clean,pysr,166,150,150,1.0,0.5303761922386824,0.5115924101373843,0.5209843011880336,0.7655430768244547,74.73115695951753,0.5303761922386824,0.5115924101373843,0.5209843011880336,0.7655430768244547,74.73115695951753,algorithm_native_internal_best_so_far.v1,true
clean,pysr,167,150,150,1.0,0.5303946250372905,0.5116480261331507,0.521021325585221,0.7656359359338694,74.74212963397186,0.5303946250372905,0.5116480261331507,0.521021325585221,0.7656359359338694,74.74212963397186,algorithm_native_internal_best_so_far.v1,true
clean,pysr,168,150,150,1.0,0.5303946250372905,0.5116480261331507,0.521021325585221,0.7656359359338694,74.75297168134932,0.5303946250372905,0.5116480261331507,0.521021325585221,0.7656359359338694,74.75297168134932,algorithm_native_internal_best_so_far.v1,true
clean,pysr,169,150,150,1.0,0.5303943683553832,0.5116484360033472,0.5210214021793655,0.7656361863632125,74.76368556865685,0.5303943683553832,0.5116484360033472,0.5210214021793655,0.7656361863632125,74.76368556865685,algorithm_native_internal_best_so_far.v1,true
clean,pysr,170,150,150,1.0,0.5303943683553832,0.5116484360033472,0.5210214021793655,0.7656361863632125,74.77427341023134,0.5303943683553832,0.5116484360033472,0.5210214021793655,0.7656361863632125,74.77427341023134,algorithm_native_internal_best_so_far.v1,true
clean,pysr,171,150,150,1.0,0.5303940240092848,0.5116485328608055,0.5210212784350454,0.7656357884459082,74.78473718470129,0.5303940240092848,0.5116485328608055,0.5210212784350454,0.7656357884459082,74.78473718470129,algorithm_native_internal_best_so_far.v1,true
clean,pysr,172,150,150,1.0,0.5303940240092848,0.5116485328608055,0.5210212784350454,0.7656357884459082,74.79507928737506,0.5303940240092848,0.5116485328608055,0.5210212784350454,0.7656357884459082,74.79507928737506,algorithm_native_internal_best_so_far.v1,true
clean,pysr,173,150,150,1.0,0.5304596261594867,0.5116307370640993,0.5210451816117934,0.765732510054926,74.80535773661273,0.5304596261594867,0.5116307370640993,0.5210451816117934,0.765732510054926,74.80535773661273,algorithm_native_internal_best_so_far.v1,true
clean,pysr,174,150,150,1.0,0.5304632054699868,0.5116314610493878,0.5210473332596877,0.7657412164644785,74.81552304643937,0.5304632054699868,0.5116314610493878,0.5210473332596877,0.7657412164644785,74.81552304643937,algorithm_native_internal_best_so_far.v1,true
clean,pysr,175,150,150,1.0,0.5304623343856454,0.5116317077861339,0.5210470210858898,0.7657402056826743,74.82557160370696,0.5304623343856454,0.5116317077861339,0.5210470210858898,0.7657402056826743,74.82557160370696,algorithm_native_internal_best_so_far.v1,true
clean,pysr,176,150,150,1.0,0.5304811490872253,0.511594293749861,0.5210377214185433,0.7657186987416006,74.8354937529709,0.5304811490872253,0.511594293749861,0.5210377214185433,0.7657186987416006,74.8354937529709,algorithm_native_internal_best_so_far.v1,true
clean,pysr,177,150,150,1.0,0.5304811490872253,0.511594293749861,0.5210377214185433,0.7657186987416006,74.84530378755389,0.5304811490872253,0.511594293749861,0.5210377214185433,0.7657186987416006,74.84530378755389,algorithm_native_internal_best_so_far.v1,true
clean,pysr,178,150,150,1.0,0.5304811490872253,0.511594293749861,0.5210377214185433,0.7657186987416006,74.85500359702922,0.5304811490872253,0.511594293749861,0.5210377214185433,0.7657186987416006,74.85500359702922,algorithm_native_internal_best_so_far.v1,true
clean,pysr,179,150,150,1.0,0.5304861986377809,0.5116261245167186,0.52105616157725,0.7657649486236129,74.86462086666795,0.5304861986377809,0.5116261245167186,0.52105616157725,0.7657649486236129,74.86462086666795,algorithm_native_internal_best_so_far.v1,true
clean,pysr,180,150,150,1.0,0.5304861986377809,0.5116261245167186,0.52105616157725,0.7657649486236129,74.87413127775514,0.5304861986377809,0.5116261245167186,0.52105616157725,0.7657649486236129,74.87413127775514,algorithm_native_internal_best_so_far.v1,true
clean,QLattice,1,150,150,1.0,0.30653123474855015,0.21055567536238495,0.25854345505546755,0.8201835696581656,82.01835696581657,0.30653123474855015,0.21055567536238495,0.25854345505546755,0.8201835696581656,82.01835696581657,algorithm_native_internal_best_so_far.v1,true
clean,QLattice,2,150,150,1.0,0.3144963468815019,0.2136574703672287,0.2640769086243652,0.8360205173702413,82.81020435142035,0.3144963468815019,0.2136574703672287,0.2640769086243652,0.8360205173702413,82.81020435142035,algorithm_native_internal_best_so_far.v1,true
clean,QLattice,3,150,150,1.0,0.31982333441975563,0.22041303106023993,0.2701181827399977,0.8488807742605228,83.50282870963099,0.31982333441975563,0.22041303106023993,0.2701181827399977,0.8488807742605228,83.50282870963099,algorithm_native_internal_best_so_far.v1,true
clean,QLattice,4,150,150,1.0,0.32257664922985557,0.2286816206014148,0.275629134915635,0.8603719228717637,84.13641960401733,0.32257664922985557,0.2286816206014148,0.275629134915635,0.8603719228717637,84.13641960401733,algorithm_native_internal_best_so_far.v1,true
clean,QLattice,5,150,150,1.0,0.3214042194845178,0.2269176539099538,0.2741609366972357,0.858286527913293,84.47486624147972,0.3214042194845178,0.2269176539099538,0.2741609366972357,0.858286527913293,84.47486624147972,algorithm_native_internal_best_so_far.v1,true
clean,QLattice,6,150,150,1.0,0.3224859508943973,0.2296892993723842,0.27608762513339064,0.8666803010823266,84.84039355260522,0.3224859508943973,0.2296892993723842,0.27608762513339064,0.8666803010823266,84.84039355260522,algorithm_native_internal_best_so_far.v1,true
clean,QLattice,7,150,150,1.0,0.3235283197273401,0.2297855364161063,0.2766569280717231,0.8679104589288481,85.11905817264515,0.3235283197273401,0.2297855364161063,0.2766569280717231,0.8679104589288481,85.11905817264515,algorithm_native_internal_best_so_far.v1,true
clean,QLattice,8,150,150,1.0,0.3258302077487385,0.23225623282710062,0.27904322028791945,0.8736522839944757,85.39982945099545,0.3258302077487385,0.23225623282710062,0.27904322028791945,0.8736522839944757,85.39982945099545,algorithm_native_internal_best_so_far.v1,true
clean,QLattice,9,150,150,1.0,0.32297033632460315,0.23129539575510263,0.27713286603985277,0.8695526282092809,85.57265538098797,0.32297033632460315,0.23129539575510263,0.27713286603985277,0.8695526282092809,85.57265538098797,algorithm_native_internal_best_so_far.v1,true
clean,QLattice,10,150,150,1.0,0.32099891875310776,0.22906874828582915,0.2750338335194685,0.8686294081677649,85.70168392456682,0.32099891875310776,0.22906874828582915,0.2750338335194685,0.8686294081677649,85.70168392456682,algorithm_native_internal_best_so_far.v1,true
clean,QLattice,11,150,150,1.0,0.32144106500276703,0.2286221221310395,0.2750315935669033,0.8697456487085269,85.81740037422918,0.32144106500276703,0.2286221221310395,0.2750315935669033,0.8697456487085269,85.81740037422918,algorithm_native_internal_best_so_far.v1,true
clean,QLattice,12,150,150,1.0,0.3233206862329339,0.22871941083790143,0.27602004853541773,0.8726193736935841,85.93777845715663,0.3233206862329339,0.22871941083790143,0.27602004853541773,0.8726193736935841,85.93777845715663,algorithm_native_internal_best_so_far.v1,true
clean,QLattice,13,150,150,1.0,0.3217902658582547,0.2268750536563481,0.2743326597573014,0.869021465918355,86.01196062136268,0.3217902658582547,0.2268750536563481,0.2743326597573014,0.869021465918355,86.01196062136268,algorithm_native_internal_best_so_far.v1,true
clean,QLattice,14,150,150,1.0,0.32430146051685,0.23084810571528347,0.2775747831160666,0.8738086385860461,86.10973942402282,0.32430146051685,0.23084810571528347,0.2775747831160666,0.8738086385860461,86.10973942402282,algorithm_native_internal_best_so_far.v1,true
clean,QLattice,15,150,150,1.0,0.3225187671490564,0.23014822583391914,0.27633349649148764,0.8720611346200073,86.18283102655468,0.3225187671490564,0.23014822583391914,0.27633349649148764,0.8720611346200073,86.18283102655468,algorithm_native_internal_best_so_far.v1,true
clean,QLattice,16,150,150,1.0,0.32302161963757675,0.22891427661356156,0.27596794812556913,0.8721273825907718,86.24720022858735,0.32302161963757675,0.22891427661356156,0.27596794812556913,0.8721273825907718,86.24720022858735,algorithm_native_internal_best_so_far.v1,true
clean,QLattice,17,150,150,1.0,0.3210483334765227,0.22733016703796782,0.27418925025724517,0.8652492487660722,86.26353697258853,0.3210483334765227,0.22733016703796782,0.27418925025724517,0.8652492487660722,86.26353697258853,algorithm_native_internal_best_so_far.v1,true
clean,QLattice,18,150,150,1.0,0.32264014676249947,0.2284631837902369,0.27555166527636815,0.8677478884205707,86.29193985422566,0.32264014676249947,0.2284631837902369,0.27555166527636815,0.8677478884205707,86.29193985422566,algorithm_native_internal_best_so_far.v1,true
clean,QLattice,19,150,150,1.0,0.32549431404326284,0.22977756173765115,0.27763593789045693,0.8711108658635079,86.33505284012699,0.32549431404326284,0.22977756173765115,0.27763593789045693,0.8711108658635079,86.33505284012699,algorithm_native_internal_best_so_far.v1,true
clean,QLattice,20,150,150,1.0,0.32764780418641687,0.23100930133348882,0.2793285527599528,0.8739235784366325,86.3879180903038,0.32764780418641687,0.23100930133348882,0.2793285527599528,0.8739235784366325,86.3879180903038,algorithm_native_internal_best_so_far.v1,true
clean,QLattice,21,150,150,1.0,0.3268445270858853,0.23204262914433513,0.2794435781151102,0.8734955135431142,86.43371015049465,0.3268445270858853,0.23204262914433513,0.2794435781151102,0.8734955135431142,86.43371015049465,algorithm_native_internal_best_so_far.v1,true
clean,QLattice,22,150,150,1.0,0.3280899036384699,0.2337162059530164,0.2809030547957431,0.8795212267776801,86.50272890173434,0.3280899036384699,0.2337162059530164,0.2809030547957431,0.8795212267776801,86.50272890173434,algorithm_native_internal_best_so_far.v1,true
clean,QLattice,23,150,150,1.0,0.327719615121,0.2340859698191347,0.2809027924700673,0.8794277585594227,86.56533963887382,0.327719615121,0.2340859698191347,0.2809027924700673,0.8794277585594227,86.56533963887382,algorithm_native_internal_best_so_far.v1,true
clean,QLattice,24,150,150,1.0,0.3276315868943742,0.2338219938806334,0.28072679038750376,0.8803882816546725,86.62673499414853,0.3276315868943742,0.2338219938806334,0.28072679038750376,0.8803882816546725,86.62673499414853,algorithm_native_internal_best_so_far.v1,true
clean,QLattice,25,150,150,1.0,0.32840166808659643,0.23525015447300357,0.2818259112798,0.882454829084006,86.69148491071863,0.32840166808659643,0.23525015447300357,0.2818259112798,0.882454829084006,86.69148491071863,algorithm_native_internal_best_so_far.v1,true
clean,QLattice,26,150,150,1.0,0.32866814126267674,0.23412138614511235,0.2813947637038945,0.881312662388237,86.74686111564574,0.32866814126267674,0.23412138614511235,0.2813947637038945,0.881312662388237,86.74686111564574,algorithm_native_internal_best_so_far.v1,true
clean,QLattice,27,150,150,1.0,0.33002922229607407,0.23336243232398027,0.2816958273100272,0.8823860098707407,86.80211074051346,0.33002922229607407,0.23336243232398027,0.2816958273100272,0.8823860098707407,86.80211074051346,algorithm_native_internal_best_so_far.v1,true
clean,QLattice,28,150,150,1.0,0.32779018078221284,0.23083199918309152,0.27931108998265214,0.8785979350207581,86.83988512485496,0.32779018078221284,0.23083199918309152,0.27931108998265214,0.8785979350207581,86.83988512485496,algorithm_native_internal_best_so_far.v1,true
clean,QLattice,29,150,150,1.0,0.3270619925111005,0.2308506622209102,0.2789563273660054,0.8796154874253422,86.87856318063702,0.3270619925111005,0.2308506622209102,0.2789563273660054,0.8796154874253422,86.87856318063702,algorithm_native_internal_best_so_far.v1,true
clean,QLattice,30,150,150,1.0,0.3270937142726442,0.22960979642115603,0.2783517553469001,0.8783543961395782,86.91045906174772,0.3270937142726442,0.22960979642115603,0.2783517553469001,0.8783543961395782,86.91045906174772,algorithm_native_internal_best_so_far.v1,true
clean,QLattice,31,150,150,1.0,0.326300251157901,0.22968808735116486,0.2779941692545329,0.8785005269432677,86.94076853376639,0.326300251157901,0.22968808735116486,0.2779941692545329,0.8785005269432677,86.94076853376639,algorithm_native_internal_best_so_far.v1,true
clean,QLattice,32,150,150,1.0,0.329105469083837,0.23140981133055594,0.2802576402071965,0.8860786712936765,86.99286536487892,0.329105469083837,0.23140981133055594,0.2802576402071965,0.8860786712936765,86.99286536487892,algorithm_native_internal_best_so_far.v1,true
clean,QLattice,33,150,150,1.0,0.33181424645157703,0.23552015116607455,0.28366719880882574,0.8913623430447353,87.05781593880604,0.33181424645157703,0.23552015116607455,0.28366719880882574,0.8913623430447353,87.05781593880604,algorithm_native_internal_best_so_far.v1,true
clean,QLattice,34,150,150,1.0,0.3327646814673282,0.23593194169253337,0.28434831157993073,0.8934789656624778,87.12517125137785,0.3327646814673282,0.23593194169253337,0.28434831157993073,0.8934789656624778,87.12517125137785,algorithm_native_internal_best_so_far.v1,true
clean,QLattice,35,150,150,1.0,0.33381383410587867,0.23689347454658588,0.2853536543262321,0.8953507657337807,87.1940256891493,0.33381383410587867,0.23689347454658588,0.2853536543262321,0.8953507657337807,87.1940256891493,algorithm_native_internal_best_so_far.v1,true
clean,QLattice,36,150,150,1.0,0.33307993247344103,0.23477339724984508,0.283926664861643,0.8914137955609677,87.24811885212006,0.33307993247344103,0.23477339724984508,0.283926664861643,0.8914137955609677,87.24811885212006,algorithm_native_internal_best_so_far.v1,true
clean,QLattice,37,150,150,1.0,0.33679833865874204,0.2353238405014434,0.2860610895800925,0.8949973599413941,87.30897336947193,0.33679833865874204,0.2353238405014434,0.2860610895800925,0.8949973599413941,87.30897336947193,algorithm_native_internal_best_so_far.v1,true
clean,QLattice,38,150,150,1.0,0.33609624274295963,0.23461044720881025,0.28535334497588477,0.8937325617974872,87.36329660132131,0.33609624274295963,0.23461044720881025,0.28535334497588477,0.8937325617974872,87.36329660132131,algorithm_native_internal_best_so_far.v1,true
clean,QLattice,39,150,150,1.0,0.33614619745402474,0.23514496310966546,0.28564558028184495,0.8944760096786668,87.41674030302761,0.33614619745402474,0.23514496310966546,0.28564558028184495,0.8944760096786668,87.41674030302761,algorithm_native_internal_best_so_far.v1,true
clean,QLattice,40,150,150,1.0,0.3362095174261366,0.23475271981597326,0.2854811186210547,0.8920697167762023,87.46149608739242,0.3362095174261366,0.23475271981597326,0.2854811186210547,0.8920697167762023,87.46149608739242,algorithm_native_internal_best_so_far.v1,true
clean,QLattice,41,150,150,1.0,0.3349885696716885,0.23390685254523338,0.2844477111084608,0.8894126630630126,87.49758804395118,0.3349885696716885,0.23390685254523338,0.2844477111084608,0.8894126630630126,87.49758804395118,algorithm_native_internal_best_so_far.v1,true
clean,QLattice,42,150,150,1.0,0.33469244514385743,0.23210749007725867,0.2833999676105578,0.8877859362199805,87.52808817676181,0.33469244514385743,0.23210749007725867,0.2833999676105578,0.8877859362199805,87.52808817676181,algorithm_native_internal_best_so_far.v1,true
clean,QLattice,43,150,150,1.0,0.3334317264714073,0.2305378850407835,0.28198480575609525,0.8854184175245801,87.5516638413129,0.3334317264714073,0.2305378850407835,0.28198480575609525,0.8854184175245801,87.5516638413129,algorithm_native_internal_best_so_far.v1,true
clean,QLattice,44,150,150,1.0,0.33195015044772197,0.23069757975725494,0.28132386510248825,0.8841542773967103,87.57129483900286,0.33195015044772197,0.23069757975725494,0.28132386510248825,0.8841542773967103,87.57129483900286,algorithm_native_internal_best_so_far.v1,true
clean,QLattice,45,150,150,1.0,0.33137327057093646,0.22907815458656264,0.28022571257874945,0.8823812503948852,87.58611328790253,0.33137327057093646,0.22907815458656264,0.28022571257874945,0.8823812503948852,87.58611328790253,algorithm_native_internal_best_so_far.v1,true
clean,QLattice,46,150,150,1.0,0.3333303978317881,0.230614970255461,0.28197268404362436,0.8848539195619363,87.60566282416973,0.3333303978317881,0.230614970255461,0.28197268404362436,0.8848539195619363,87.60566282416973,algorithm_native_internal_best_so_far.v1,true
clean,QLattice,47,150,150,1.0,0.33373430665306497,0.23166038350158216,0.28269734507732336,0.8861544268573512,87.62714750207537,0.33373430665306497,0.23166038350158216,0.28269734507732336,0.8861544268573512,87.62714750207537,algorithm_native_internal_best_so_far.v1,true
clean,QLattice,48,150,150,1.0,0.3340294823638289,0.2321831642527556,0.283106323308292,0.8865184935672559,87.64849545738059,0.3340294823638289,0.2321831642527556,0.283106323308292,0.8865184935672559,87.64849545738059,algorithm_native_internal_best_so_far.v1,true
clean,QLattice,49,150,150,1.0,0.3332475233219242,0.23034024675021014,0.28179388503606695,0.8845946998583152,87.66504595796123,0.3332475233219242,0.23034024675021014,0.28179388503606695,0.8845946998583152,87.66504595796123,algorithm_native_internal_best_so_far.v1,true
clean,QLattice,50,150,150,1.0,0.3326126328385879,0.22987784084201152,0.2812452368402995,0.8789357654090116,87.66961656962002,0.3326126328385879,0.22987784084201152,0.2812452368402995,0.8789357654090116,87.66961656962002,algorithm_native_internal_best_so_far.v1,true
clean,QLattice,51,150,150,1.0,0.33358206743199814,0.23074004415220783,0.2821610557921028,0.880208891699572,87.67650426766585,0.33358206743199814,0.23074004415220783,0.2821610557921028,0.880208891699572,87.67650426766585,algorithm_native_internal_best_so_far.v1,true
clean,QLattice,52,150,150,1.0,0.3326473424740186,0.23185852577855334,0.2822529341262857,0.8763712885132702,87.67574704812088,0.3326473424740186,0.23185852577855334,0.2822529341262857,0.8763712885132702,87.67574704812088,algorithm_native_internal_best_so_far.v1,true
clean,QLattice,53,150,150,1.0,0.333076892015209,0.23085961449256998,0.2819682532538893,0.8755158055359147,87.67340428407313,0.333076892015209,0.23085961449256998,0.2819682532538893,0.8755158055359147,87.67340428407313,algorithm_native_internal_best_so_far.v1,true
clean,QLattice,54,150,150,1.0,0.33363340389896023,0.23199682455127055,0.2828151142251152,0.8769841134286381,87.67386737775445,0.33363340389896023,0.23199682455127055,0.2828151142251152,0.8769841134286381,87.67386737775445,algorithm_native_internal_best_so_far.v1,true
clean,QLattice,55,150,150,1.0,0.3335138915825231,0.23208045591695792,0.2827971737497402,0.8769968579467925,87.67433680351674,0.3335138915825231,0.23208045591695792,0.2827971737497402,0.8769968579467925,87.67433680351674,algorithm_native_internal_best_so_far.v1,true
clean,QLattice,56,150,150,1.0,0.3332528905212609,0.23268913538286096,0.2829710129520607,0.8776735917475829,87.6759979172889,0.3332528905212609,0.23268913538286096,0.2829710129520607,0.8776735917475829,87.6759979172889,algorithm_native_internal_best_so_far.v1,true
clean,QLattice,57,150,150,1.0,0.33324379535319637,0.23327578918154165,0.2832597922673687,0.8777528570046178,87.67773980822174,0.33324379535319637,0.23327578918154165,0.2832597922673687,0.8777528570046178,87.67773980822174,algorithm_native_internal_best_so_far.v1,true
clean,QLattice,58,150,150,1.0,0.3337352863972358,0.23440087596729067,0.284068081182263,0.8792255093989161,87.68196068980225,0.3337352863972358,0.23440087596729067,0.284068081182263,0.8792255093989161,87.68196068980225,algorithm_native_internal_best_so_far.v1,true
clean,QLattice,59,150,150,1.0,0.33365079068122044,0.23526459361006052,0.2844576921456403,0.8796465778834545,87.68675216604876,0.33365079068122044,0.23526459361006052,0.2844576921456403,0.8796465778834545,87.68675216604876,algorithm_native_internal_best_so_far.v1,true
clean,QLattice,60,150,150,1.0,0.3334085383713997,0.2350077134466611,0.28420812590903033,0.8789027860531983,87.69014427336994,0.3334085383713997,0.2350077134466611,0.28420812590903033,0.8789027860531983,87.69014427336994,algorithm_native_internal_best_so_far.v1,true
clean,QLattice,61,150,150,1.0,0.3330321622217535,0.235473037285096,0.2842525997534246,0.8794202103441943,87.69427340060025,0.3330321622217535,0.235473037285096,0.2842525997534246,0.8794202103441943,87.69427340060025,algorithm_native_internal_best_so_far.v1,true
clean,QLattice,62,150,150,1.0,0.33289473545158205,0.23497607315528438,0.28393540430343295,0.8788481010304675,87.69734657322036,0.33289473545158205,0.23497607315528438,0.28393540430343295,0.8788481010304675,87.69734657322036,algorithm_native_internal_best_so_far.v1,true
clean,QLattice,63,150,150,1.0,0.3338532203515938,0.2346970405399297,0.2842751304457615,0.8795579959387645,87.70144900211966,0.3338532203515938,0.2346970405399297,0.2842751304457615,0.8795579959387645,87.70144900211966,algorithm_native_internal_best_so_far.v1,true
clean,QLattice,64,150,150,1.0,0.33461937804478253,0.23450019609790204,0.28455978707134205,0.8803208457597236,87.70661518296112,0.33461937804478253,0.23450019609790204,0.28455978707134205,0.8803208457597236,87.70661518296112,algorithm_native_internal_best_so_far.v1,true
clean,QLattice,65,150,150,1.0,0.33456229452707803,0.23558525035461916,0.2850737724408484,0.8809851367594723,87.71264439054552,0.33456229452707803,0.23558525035461916,0.2850737724408484,0.8809851367594723,87.71264439054552,algorithm_native_internal_best_so_far.v1,true
clean,QLattice,66,150,150,1.0,0.33840197297470953,0.23911704526894823,0.28875950912182874,0.8864020325202367,87.72669831268912,0.33840197297470953,0.23911704526894823,0.28875950912182874,0.8864020325202367,87.72669831268912,algorithm_native_internal_best_so_far.v1,true
clean,QLattice,67,150,150,1.0,0.3387095606854824,0.24001438320199295,0.2893619719437375,0.8877295820052525,87.74231413191056,0.3387095606854824,0.24001438320199295,0.2893619719437375,0.8877295820052525,87.74231413191056,algorithm_native_internal_best_so_far.v1,true
clean,QLattice,68,150,150,1.0,0.33952677888750293,0.24174610690338103,0.2906364428954418,0.8908327839566715,87.76203419461287,0.33952677888750293,0.24174610690338103,0.2906364428954418,0.8908327839566715,87.76203419461287,algorithm_native_internal_best_so_far.v1,true
clean,QLattice,69,150,150,1.0,0.33865409971496446,0.24046590078193308,0.2895600002484486,0.8892748366306368,87.77892476661938,0.33865409971496446,0.24046590078193308,0.2895600002484486,0.8892748366306368,87.77892476661938,algorithm_native_internal_best_so_far.v1,true
clean,QLattice,70,150,150,1.0,0.3400146282295324,0.2413888987911028,0.2907017635103174,0.8908392810855872,87.79756767150424,0.3400146282295324,0.2413888987911028,0.2907017635103174,0.8908392810855872,87.79756767150424,algorithm_native_internal_best_so_far.v1,true
clean,QLattice,71,150,150,1.0,0.34015139130782146,0.24393379647178673,0.29204259388980386,0.8929301540059786,87.81863031557599,0.34015139130782146,0.24393379647178673,0.29204259388980386,0.8929301540059786,87.81863031557599,algorithm_native_internal_best_so_far.v1,true
clean,QLattice,72,150,150,1.0,0.34028046794376965,0.24390183828797793,0.2920911531158735,0.8935434234972752,87.83995964938364,0.34028046794376965,0.24390183828797793,0.2920911531158735,0.8935434234972752,87.83995964938364,algorithm_native_internal_best_so_far.v1,true
clean,QLattice,73,150,150,1.0,0.340791080067637,0.24493615032278707,0.2928636151952118,0.8946820226779084,87.86226434278649,0.340791080067637,0.24493615032278707,0.2928636151952118,0.8946820226779084,87.86226434278649,algorithm_native_internal_best_so_far.v1,true
clean,QLattice,74,150,150,1.0,0.33984401742207365,0.24414205231405897,0.29199303486806605,0.8934593058164785,87.88231388655488,0.33984401742207365,0.24414205231405897,0.29199303486806605,0.8934593058164785,87.88231388655488,algorithm_native_internal_best_so_far.v1,true
clean,QLattice,75,150,150,1.0,0.3400954561549006,0.2445239715312033,0.2923097138430517,0.8941494130344916,87.90274891878013,0.3400954561549006,0.2445239715312033,0.2923097138430517,0.8941494130344916,87.90274891878013,algorithm_native_internal_best_so_far.v1,true
clean,QLattice,76,150,150,1.0,0.3400352244470581,0.24359273138054832,0.2918139779138029,0.892749725155277,87.92080449242157,0.3400352244470581,0.24359273138054832,0.2918139779138029,0.892749725155277,87.92080449242157,algorithm_native_internal_best_so_far.v1,true
clean,QLattice,77,150,150,1.0,0.3401801065682388,0.24347621823034085,0.29182816239928955,0.8925980570206976,87.93819411852088,0.3401801065682388,0.24347621823034085,0.29182816239928955,0.8925980570206976,87.93819411852088,algorithm_native_internal_best_so_far.v1,true
clean,QLattice,78,150,150,1.0,0.34071663991068313,0.2438043988467561,0.2922605193787193,0.8931584065971653,87.95585625366442,0.34071663991068313,0.2438043988467561,0.2922605193787193,0.8931584065971653,87.95585625366442,algorithm_native_internal_best_so_far.v1,true
clean,QLattice,79,150,150,1.0,0.3406932880056774,0.24375413690717493,0.2922237124564258,0.8930221040498464,87.97289871127607,0.3406932880056774,0.24375413690717493,0.2922237124564258,0.8930221040498464,87.97289871127607,algorithm_native_internal_best_so_far.v1,true
clean,QLattice,80,150,150,1.0,0.34137191574219244,0.24383197458970046,0.29260194516594606,0.8937369740738641,87.99040869497745,0.34137191574219244,0.24383197458970046,0.29260194516594606,0.8937369740738641,87.99040869497745,algorithm_native_internal_best_so_far.v1,true
clean,QLattice,81,150,150,1.0,0.34250021869078423,0.2446503475946778,0.2935752831427306,0.8952824761280159,88.0093943606296,0.34250021869078423,0.2446503475946778,0.2935752831427306,0.8952824761280159,88.0093943606296,algorithm_native_internal_best_so_far.v1,true
clean,QLattice,82,150,150,1.0,0.3412586124507099,0.2427087978986674,0.29198370517468825,0.8916134367105201,88.02344252295181,0.3412586124507099,0.2427087978986674,0.29198370517468825,0.8916134367105201,88.02344252295181,algorithm_native_internal_best_so_far.v1,true
clean,QLattice,83,150,150,1.0,0.34208752733585307,0.24310229317669116,0.2925949102562717,0.8932235714645858,88.03909209672901,0.34208752733585307,0.24310229317669116,0.2925949102562717,0.8932235714645858,88.03909209672901,algorithm_native_internal_best_so_far.v1,true
clean,QLattice,84,150,150,1.0,0.34192632982105936,0.24315208575545025,0.29253920778825443,0.8930826744678028,88.05420132708676,0.34192632982105936,0.24315208575545025,0.29253920778825443,0.8930826744678028,88.05420132708676,algorithm_native_internal_best_so_far.v1,true
clean,QLattice,85,150,150,1.0,0.3422538101985116,0.2449859493025727,0.2936198797505418,0.8954176313588973,88.07170205424914,0.3422538101985116,0.2449859493025727,0.2936198797505418,0.8954176313588973,88.07170205424914,algorithm_native_internal_best_so_far.v1,true
clean,QLattice,86,150,150,1.0,0.34261170023263104,0.24639877471604849,0.2945052374743394,0.8971952905683213,88.09086283334895,0.34261170023263104,0.24639877471604849,0.2945052374743394,0.8971952905683213,88.09086283334895,algorithm_native_internal_best_so_far.v1,true
clean,QLattice,87,150,150,1.0,0.33942997533663183,0.24053553159253382,0.28998275346458247,0.8896777572008407,88.10094229181718,0.33942997533663183,0.24053553159253382,0.28998275346458247,0.8896777572008407,88.10094229181718,algorithm_native_internal_best_so_far.v1,true
clean,QLattice,88,150,150,1.0,0.34058142334180663,0.24295567850197572,0.29176855092189086,0.8924570274543343,88.11395093333554,0.34058142334180663,0.24295567850197572,0.29176855092189086,0.8924570274543343,88.11395093333554,algorithm_native_internal_best_so_far.v1,true
clean,QLattice,89,150,150,1.0,0.3410697389018664,0.24353624820916323,0.29230299355551453,0.8934199654261517,88.12774919860834,0.3410697389018664,0.24353624820916323,0.29230299355551453,0.8934199654261517,88.12774919860834,algorithm_native_internal_best_so_far.v1,true
clean,QLattice,90,150,150,1.0,0.33895545427746865,0.24069424938544234,0.28982485183145534,0.8892888441198662,88.13665070097922,0.33895545427746865,0.24069424938544234,0.28982485183145534,0.8892888441198662,88.13665070097922,algorithm_native_internal_best_so_far.v1,true
clean,QLattice,91,150,150,1.0,0.3391479852949532,0.24093408010193304,0.290041032698443,0.8898735282099896,88.14599907592448,0.3391479852949532,0.24093408010193304,0.290041032698443,0.8898735282099896,88.14599907592448,algorithm_native_internal_best_so_far.v1,true
clean,QLattice,92,150,150,1.0,0.3406924000339778,0.24293824340700942,0.29181532172049346,0.8970930247452897,88.16299150417018,0.3406924000339778,0.24293824340700942,0.29181532172049346,0.8970930247452897,88.16299150417018,algorithm_native_internal_best_so_far.v1,true
clean,QLattice,93,150,150,1.0,0.3400601572814445,0.24207653659398057,0.2910683469377124,0.8957455160546406,88.17816956977549,0.3400601572814445,0.24207653659398057,0.2910683469377124,0.8957455160546406,88.17816956977549,algorithm_native_internal_best_so_far.v1,true
clean,QLattice,94,150,150,1.0,0.3389568377850408,0.24054913725694463,0.28975298752099254,0.8936060947374084,88.19074871769001,0.3389568377850408,0.24054913725694463,0.28975298752099254,0.8936060947374084,88.19074871769001,algorithm_native_internal_best_so_far.v1,true
clean,QLattice,95,150,150,1.0,0.3366710549972805,0.23842504135157688,0.2875480481744285,0.8896009883964333,88.19884714002639,0.3366710549972805,0.23842504135157688,0.2875480481744285,0.8896009883964333,88.19884714002639,algorithm_native_internal_best_so_far.v1,true
clean,QLattice,96,150,150,1.0,0.33705633720535766,0.23854437835272685,0.287800357779042,0.8900730172937462,88.20726854199876,0.33705633720535766,0.23854437835272685,0.287800357779042,0.8900730172937462,88.20726854199876,algorithm_native_internal_best_so_far.v1,true
clean,QLattice,97,150,150,1.0,0.33848596348083865,0.2402513294533664,0.2893686464671023,0.8929273589882477,88.21845892712066,0.33848596348083865,0.2402513294533664,0.2893686464671023,0.8929273589882477,88.21845892712066,algorithm_native_internal_best_so_far.v1,true
clean,QLattice,98,150,150,1.0,0.3381489647910003,0.2402567119825307,0.2892028383867653,0.8926198696924151,88.22910717244844,0.3381489647910003,0.2402567119825307,0.2892028383867653,0.8926198696924151,88.22910717244844,algorithm_native_internal_best_so_far.v1,true
clean,QLattice,99,150,150,1.0,0.3387456834011817,0.24011677652894226,0.28943122996506176,0.8928954586094585,88.23981867435245,0.3387456834011817,0.24011677652894226,0.28943122996506176,0.8928954586094585,88.23981867435245,algorithm_native_internal_best_so_far.v1,true
clean,QLattice,100,150,150,1.0,0.33837154208613723,0.24038877008389917,0.289380156085018,0.8926018288773163,88.25002231648622,0.33837154208613723,0.24038877008389917,0.289380156085018,0.8926018288773163,88.25002231648622,algorithm_native_internal_best_so_far.v1,true
clean,QLattice,101,150,150,1.0,0.33788711257721626,0.24043462303472637,0.28916086780597106,0.8921772221747889,88.25960350362477,0.33788711257721626,0.24043462303472637,0.28916086780597106,0.8921772221747889,88.25960350362477,algorithm_native_internal_best_so_far.v1,true
clean,QLattice,102,150,150,1.0,0.3370073925755039,0.2398689694975459,0.28843818103652463,0.8910502448983247,88.26789194466603,0.3370073925755039,0.2398689694975459,0.28843818103652463,0.8910502448983247,88.26789194466603,algorithm_native_internal_best_so_far.v1,true
clean,QLattice,103,150,150,1.0,0.337762934601958,0.2411722634398898,0.2894675990209236,0.8922725386292806,88.27720613804723,0.337762934601958,0.2411722634398898,0.2894675990209236,0.8922725386292806,88.27720613804723,algorithm_native_internal_best_so_far.v1,true
clean,QLattice,104,150,150,1.0,0.3371185022707141,0.24042260417646172,0.2887705532235877,0.8915327467825066,88.28562987401072,0.3371185022707141,0.24042260417646172,0.2887705532235877,0.8915327467825066,88.28562987401072,algorithm_native_internal_best_so_far.v1,true
clean,QLattice,105,150,150,1.0,0.33711546938220993,0.2403110818073731,0.2887132755947913,0.8915068274209387,88.29386847275435,0.33711546938220993,0.2403110818073731,0.2887132755947913,0.8915068274209387,88.29386847275435,algorithm_native_internal_best_so_far.v1,true
clean,QLattice,106,150,150,1.0,0.3385812647328603,0.24040088320117023,0.2894910739670151,0.8920417200089032,88.30245624188773,0.3385812647328603,0.24040088320117023,0.2894910739670151,0.8920417200089032,88.30245624188773,algorithm_native_internal_best_so_far.v1,true
clean,QLattice,107,150,150,1.0,0.3374511616383811,0.23919805497874067,0.28832460830856077,0.890433948141333,88.30938090144143,0.3374511616383811,0.23919805497874067,0.28832460830856077,0.890433948141333,88.30938090144143,algorithm_native_internal_best_so_far.v1,true
clean,QLattice,108,150,150,1.0,0.3404626019102209,0.24145211089315063,0.29095735640168563,0.8943239022099795,88.31977913588175,0.3404626019102209,0.24145211089315063,0.29095735640168563,0.8943239022099795,88.31977913588175,algorithm_native_internal_best_so_far.v1,true
clean,QLattice,109,150,150,1.0,0.3415791029006074,0.24440705386209913,0.2929930783813531,0.8971934341427689,88.33261917513309,0.3415791029006074,0.24440705386209913,0.2929930783813531,0.8971934341427689,88.33261917513309,algorithm_native_internal_best_so_far.v1,true
clean,QLattice,110,150,150,1.0,0.34009215026261647,0.2436529474792087,0.2918725488709124,0.8955464711361336,88.34372852002836,0.34009215026261647,0.2436529474792087,0.2918725488709124,0.8955464711361336,88.34372852002836,algorithm_native_internal_best_so_far.v1,true
clean,QLattice,111,150,150,1.0,0.34000048067378125,0.24340954235774873,0.2917050115157649,0.8959062977368262,88.35496186465588,0.34000048067378125,0.24340954235774873,0.2917050115157649,0.8959062977368262,88.35496186465588,algorithm_native_internal_best_so_far.v1,true
clean,QLattice,112,150,150,1.0,0.33950718325594303,0.24289835626521092,0.2912027697605769,0.8950197612246973,88.36520306338636,0.33950718325594303,0.24289835626521092,0.2912027697605769,0.8950197612246973,88.36520306338636,algorithm_native_internal_best_so_far.v1,true
clean,QLattice,113,150,150,1.0,0.3400639283246401,0.24350997072981698,0.2917869495272284,0.8961947505528897,88.3763028155271,0.3400639283246401,0.24350997072981698,0.2917869495272284,0.8961947505528897,88.3763028155271,algorithm_native_internal_best_so_far.v1,true
clean,QLattice,114,150,150,1.0,0.33881215195051023,0.24141700390580775,0.29011457792815887,0.8938098537918616,88.38511582047147,0.33881215195051023,0.24141700390580775,0.29011457792815887,0.8938098537918616,88.38511582047147,algorithm_native_internal_best_so_far.v1,true
clean,QLattice,115,150,150,1.0,0.3380347234865845,0.24050069487517522,0.2892677091808797,0.892006739837262,88.39220763058674,0.3380347234865845,0.24050069487517522,0.2892677091808797,0.892006739837262,88.39220763058674,algorithm_native_internal_best_so_far.v1,true
clean,QLattice,116,150,150,1.0,0.33334426511180687,0.23661546147933238,0.2849798632955694,0.8855148266617809,88.39358069123837,0.33334426511180687,0.23661546147933238,0.2849798632955694,0.8855148266617809,88.39358069123837,algorithm_native_internal_best_so_far.v1,true
clean,QLattice,117,150,150,1.0,0.3338167755426546,0.23767120364842398,0.28574398959553915,0.8866505468170175,88.39590098175515,0.3338167755426546,0.23767120364842398,0.28574398959553915,0.8866505468170175,88.39590098175515,algorithm_native_internal_best_so_far.v1,true
clean,QLattice,118,150,150,1.0,0.3370092309920978,0.24108381628081407,0.2890465236364558,0.8915651490112746,88.4023468624278,0.3370092309920978,0.24108381628081407,0.2890465236364558,0.8915651490112746,88.4023468624278,algorithm_native_internal_best_so_far.v1,true
clean,QLattice,119,150,150,1.0,0.33700712222909235,0.24104248434413558,0.2890248032866138,0.8914678465723181,88.40860264221608,0.33700712222909235,0.24104248434413558,0.2890248032866138,0.8914678465723181,88.40860264221608,algorithm_native_internal_best_so_far.v1,true
clean,QLattice,120,150,150,1.0,0.3370167257679491,0.24185160901928437,0.2894341673936166,0.8919335303617131,88.41514222883237,0.3370167257679491,0.24185160901928437,0.2894341673936166,0.8919335303617131,88.41514222883237,algorithm_native_internal_best_so_far.v1,true
clean,QLattice,121,150,150,1.0,0.33695433704256084,0.24225182376721927,0.2896030804048899,0.8925183076090197,88.42205701008913,0.33695433704256084,0.24225182376721927,0.2896030804048899,0.8925183076090197,88.42205701008913,algorithm_native_internal_best_so_far.v1,true
clean,QLattice,122,150,150,1.0,0.33698493930612444,0.2428385976067596,0.2899117684564419,0.8932797751589078,88.42948258800554,0.33698493930612444,0.2428385976067596,0.2899117684564419,0.8932797751589078,88.42948258800554,algorithm_native_internal_best_so_far.v1,true
clean,QLattice,123,150,150,1.0,0.33376701815411364,0.24040400237991388,0.2870855102670136,0.8880556142072971,88.43254013949111,0.33376701815411364,0.24040400237991388,0.2870855102670136,0.8880556142072971,88.43254013949111,algorithm_native_internal_best_so_far.v1,true
clean,QLattice,124,150,150,1.0,0.3332184294338754,0.2395088936107366,0.2863636615223059,0.886380684453838,88.43419762582894,0.3332184294338754,0.2395088936107366,0.2863636615223059,0.886380684453838,88.43419762582894,algorithm_native_internal_best_so_far.v1,true
clean,QLattice,125,150,150,1.0,0.336225186249043,0.24420124156323605,0.29021321390613947,0.8920756705327292,88.44038458124851,0.336225186249043,0.24420124156323605,0.29021321390613947,0.8920756705327292,88.44038458124851,algorithm_native_internal_best_so_far.v1,true
clean,QLattice,126,150,150,1.0,0.3366438653555089,0.24482767207475192,0.2907357687151303,0.8929314797503116,88.44715254469124,0.3366438653555089,0.24482767207475192,0.2907357687151303,0.8929314797503116,88.44715254469124,algorithm_native_internal_best_so_far.v1,true
clean,QLattice,127,150,150,1.0,0.3384987017972361,0.24605000065059504,0.2922743512239155,0.8959240522509492,88.45617028233221,0.3384987017972361,0.24605000065059504,0.2922743512239155,0.8959240522509492,88.45617028233221,algorithm_native_internal_best_so_far.v1,true
clean,QLattice,128,150,150,1.0,0.33862852892284795,0.24659438646593035,0.29261145769438895,0.8979803863359238,88.46665362882644,0.33862852892284795,0.24659438646593035,0.29261145769438895,0.8979803863359238,88.46665362882644,algorithm_native_internal_best_so_far.v1,true
clean,QLattice,129,150,150,1.0,0.33862438416507035,0.24675170993459025,0.2926880470498301,0.8981994113486953,88.47714422964847,0.33862438416507035,0.24675170993459025,0.2926880470498301,0.8981994113486953,88.47714422964847,algorithm_native_internal_best_so_far.v1,true
clean,QLattice,130,150,150,1.0,0.33827891762159323,0.2453780719156867,0.29182849476863976,0.8970026467159077,88.48655284843265,0.33827891762159323,0.2453780719156867,0.29182849476863976,0.8970026467159077,88.48655284843265,algorithm_native_internal_best_so_far.v1,true
clean,QLattice,131,150,150,1.0,0.3384989232272865,0.2457553020377208,0.29212711263250346,0.8966039215877538,88.4955134538551,0.3384989232272865,0.2457553020377208,0.29212711263250346,0.8966039215877538,88.4955134538551,algorithm_native_internal_best_so_far.v1,true
clean,QLattice,132,150,150,1.0,0.33991681766628595,0.2466560649995259,0.2932864413329057,0.898058512798134,88.50544025556691,0.33991681766628595,0.2466560649995259,0.2932864413329057,0.898058512798134,88.50544025556691,algorithm_native_internal_best_so_far.v1,true
clean,QLattice,133,150,150,1.0,0.34004211820712527,0.24680802906205107,0.2934250736345879,0.8982620549101697,88.51537082124699,0.34004211820712527,0.24680802906205107,0.2934250736345879,0.8982620549101697,88.51537082124699,algorithm_native_internal_best_so_far.v1,true
clean,QLattice,134,150,150,1.0,0.3390314870503483,0.24646477153730686,0.2927481292938273,0.8967321990623892,88.52401148606036,0.3390314870503483,0.24646477153730686,0.2927481292938273,0.8967321990623892,88.52401148606036,algorithm_native_internal_best_so_far.v1,true
clean,QLattice,135,150,150,1.0,0.34081821018094777,0.24930434877165464,0.29506127947630095,0.9027625814714063,88.53699109095724,0.34081821018094777,0.24930434877165464,0.29506127947630095,0.9027625814714063,88.53699109095724,algorithm_native_internal_best_so_far.v1,true
clean,QLattice,136,150,150,1.0,0.3407255289156996,0.2486831092865537,0.29470431910112643,0.9024122401152188,88.54952221537317,0.3407255289156996,0.2486831092865537,0.29470431910112643,0.9024122401152188,88.54952221537317,algorithm_native_internal_best_so_far.v1,true
clean,QLattice,137,150,150,1.0,0.3414455791572043,0.24977823890174544,0.29561190902947465,0.9040101843230618,88.56303678629968,0.3414455791572043,0.24977823890174544,0.29561190902947465,0.9040101843230618,88.56303678629968,algorithm_native_internal_best_so_far.v1,true
clean,QLattice,138,150,150,1.0,0.3408161717625182,0.2498025223161029,0.29530934703931033,0.9034079225400201,88.57591907229752,0.3408161717625182,0.2498025223161029,0.29530934703931033,0.9034079225400201,88.57591907229752,algorithm_native_internal_best_so_far.v1,true
clean,QLattice,139,150,150,1.0,0.34082390547552033,0.24982502077472613,0.295324463125123,0.903434423720278,88.58863506725962,0.34082390547552033,0.24982502077472613,0.295324463125123,0.903434423720278,88.58863506725962,algorithm_native_internal_best_so_far.v1,true
clean,QLattice,140,150,150,1.0,0.34089050916815294,0.24988456179726062,0.2953875354827066,0.9035631545731629,88.60126135576003,0.34089050916815294,0.24988456179726062,0.2953875354827066,0.9035631545731629,88.60126135576003,algorithm_native_internal_best_so_far.v1,true
clean,QLattice,141,150,150,1.0,0.33964723077899406,0.2484725965716562,0.29405991367532497,0.901463571609069,88.61221948203767,0.33964723077899406,0.2484725965716562,0.29405991367532497,0.901463571609069,88.61221948203767,algorithm_native_internal_best_so_far.v1,true
clean,QLattice,142,150,150,1.0,0.3392642013963265,0.24749041034611263,0.29337730587121946,0.900334182611626,88.62222792414418,0.3392642013963265,0.24749041034611263,0.29337730587121946,0.900334182611626,88.62222792414418,algorithm_native_internal_best_so_far.v1,true
clean,QLattice,143,150,150,1.0,0.3391799455972348,0.24756351292666356,0.293371729261949,0.8999873821385175,88.63185387022605,0.3391799455972348,0.24756351292666356,0.293371729261949,0.8999873821385175,88.63185387022605,algorithm_native_internal_best_so_far.v1,true
clean,QLattice,144,150,150,1.0,0.3400365912735049,0.24827201059473136,0.29415430093411793,0.9017011848300871,88.64253626337037,0.3400365912735049,0.24827201059473136,0.29415430093411793,0.9017011848300871,88.64253626337037,algorithm_native_internal_best_so_far.v1,true
clean,QLattice,145,150,150,1.0,0.3403599757144393,0.24853177376698413,0.29444587474071154,0.9022336554013329,88.65343853424461,0.3403599757144393,0.24853177376698413,0.29444587474071154,0.9022336554013329,88.65343853424461,algorithm_native_internal_best_so_far.v1,true
clean,QLattice,146,150,150,1.0,0.3392941364855992,0.24719131581988493,0.29324272615274183,0.9007900774875026,88.66320270694669,0.3392941364855992,0.24719131581988493,0.29324272615274183,0.9007900774875026,88.66320270694669,algorithm_native_internal_best_so_far.v1,true
clean,QLattice,147,150,150,1.0,0.3406052284306598,0.2482638565356722,0.2944345424831658,0.9026871591542253,88.67412456550775,0.3406052284306598,0.2482638565356722,0.2944345424831658,0.9026871591542253,88.67412456550775,algorithm_native_internal_best_so_far.v1,true
clean,QLattice,148,150,150,1.0,0.33927973415061163,0.2469455836896059,0.2931126589201086,0.900356924070838,88.68332434822112,0.33927973415061163,0.2469455836896059,0.2931126589201086,0.900356924070838,88.68332434822112,algorithm_native_internal_best_so_far.v1,true
clean,QLattice,149,150,150,1.0,0.3384797490701626,0.24609441099122145,0.2922870800306918,0.8991290513915825,88.69157656829452,0.3384797490701626,0.24609441099122145,0.2922870800306918,0.8991290513915825,88.69157656829452,algorithm_native_internal_best_so_far.v1,true
clean,QLattice,150,150,150,1.0,0.33854491774721834,0.24608112753955064,0.29231302264338427,0.8991594143120563,88.69973900071393,0.33854491774721834,0.24608112753955064,0.29231302264338427,0.8991594143120563,88.69973900071393,algorithm_native_internal_best_so_far.v1,true
clean,QLattice,151,150,150,1.0,0.3390181839883485,0.24616450520345495,0.2925913445959015,0.8998476691296393,88.7082491193381,0.3390181839883485,0.24616450520345495,0.2925913445959015,0.8998476691296393,88.7082491193381,algorithm_native_internal_best_so_far.v1,true
clean,QLattice,152,150,150,1.0,0.3399427113854277,0.24674441214500661,0.29334356176521703,0.9010173044516544,88.71741675963959,0.3399427113854277,0.24674441214500661,0.29334356176521703,0.9010173044516544,88.71741675963959,algorithm_native_internal_best_so_far.v1,true
clean,QLattice,153,150,150,1.0,0.34199451836771233,0.24835476216205057,0.2951746402648814,0.9037335524686898,88.7282398870071,0.34199451836771233,0.24835476216205057,0.2951746402648814,0.9037335524686898,88.7282398870071,algorithm_native_internal_best_so_far.v1,true
clean,QLattice,154,150,150,1.0,0.3425021363321499,0.24900860433501373,0.2957553703335818,0.9046922735778092,88.73954500045367,0.3425021363321499,0.24900860433501373,0.2957553703335818,0.9046922735778092,88.73954500045367,algorithm_native_internal_best_so_far.v1,true
clean,QLattice,155,150,150,1.0,0.3422235666356533,0.24953751521045608,0.29588054092305466,0.9050017309078062,88.750903891359,0.3422235666356533,0.24953751521045608,0.29588054092305466,0.9050017309078062,88.750903891359,algorithm_native_internal_best_so_far.v1,true
clean,QLattice,156,150,150,1.0,0.3427061102107783,0.2503067417131413,0.2965064259619597,0.9063172679730677,88.76296044844842,0.3427061102107783,0.2503067417131413,0.2965064259619597,0.9063172679730677,88.76296044844842,algorithm_native_internal_best_so_far.v1,true
clean,QLattice,157,150,150,1.0,0.34164421941619716,0.24820035735638465,0.29492228838629087,0.9018949629442246,88.77204666402787,0.34164421941619716,0.24820035735638465,0.29492228838629087,0.9018949629442246,88.77204666402787,algorithm_native_internal_best_so_far.v1,true
clean,QLattice,158,150,150,1.0,0.342266175336568,0.24822248656598261,0.2952443309512752,0.9026121161223152,88.78147175863677,0.342266175336568,0.24822248656598261,0.2952443309512752,0.9026121161223152,88.78147175863677,algorithm_native_internal_best_so_far.v1,true
clean,QLattice,159,150,150,1.0,0.34218792162394635,0.24936324657707193,0.2957755841005091,0.9042634839263665,88.79181689469966,0.34218792162394635,0.24936324657707193,0.2957755841005091,0.9042634839263665,88.79181689469966,algorithm_native_internal_best_so_far.v1,true
clean,QLattice,160,150,150,1.0,0.3417326973225756,0.24788371835940956,0.2948082078409925,0.9014764821912173,88.80029084047729,0.3417326973225756,0.24788371835940956,0.2948082078409925,0.9014764821912173,88.80029084047729,algorithm_native_internal_best_so_far.v1,true
clean,QLattice,161,150,150,1.0,0.3421252871786008,0.24778664366951267,0.29495596542405667,0.9019517422335663,88.80895471242064,0.3421252871786008,0.24778664366951267,0.29495596542405667,0.9019517422335663,88.80895471242064,algorithm_native_internal_best_so_far.v1,true
clean,QLattice,162,150,150,1.0,0.342058890332515,0.2486855476545611,0.2953722189935379,0.9030213062736774,88.8181718476981,0.342058890332515,0.2486855476545611,0.2953722189935379,0.9030213062736774,88.8181718476981,algorithm_native_internal_best_so_far.v1,true
clean,QLattice,163,150,150,1.0,0.3427090033846097,0.24901696702569576,0.29586298520515264,0.9037790147340226,88.82774074110732,0.3427090033846097,0.24901696702569576,0.29586298520515264,0.9037790147340226,88.82774074110732,algorithm_native_internal_best_so_far.v1,true
clean,QLattice,164,150,150,1.0,0.3427351490535182,0.2489706360907682,0.2958528925721431,0.9037347861900845,88.83716597207014,0.3427351490535182,0.2489706360907682,0.2958528925721431,0.9037347861900845,88.83716597207014,algorithm_native_internal_best_so_far.v1,true
clean,QLattice,165,150,150,1.0,0.3416778491865893,0.2477721655838134,0.2947250073852012,0.9020083138356,88.84543061092765,0.3416778491865893,0.2477721655838134,0.2947250073852012,0.9020083138356,88.84543061092765,algorithm_native_internal_best_so_far.v1,true
clean,QLattice,166,150,150,1.0,0.3435934699623276,0.24864325835452467,0.29611836415842596,0.9047405904888465,88.85524162561414,0.3435934699623276,0.24864325835452467,0.29611836415842596,0.9047405904888465,88.85524162561414,algorithm_native_internal_best_so_far.v1,true
clean,QLattice,167,150,150,1.0,0.3434651013171012,0.24851518492256053,0.29599014311983074,0.9044207861808559,88.86474364353313,0.3434651013171012,0.24851518492256053,0.29599014311983074,0.9044207861808559,88.86474364353313,algorithm_native_internal_best_so_far.v1,true
clean,QLattice,168,150,150,1.0,0.3433851370875984,0.2484830595573961,0.2959340983224971,0.9042863971197782,88.87405254870244,0.3433851370875984,0.2484830595573961,0.2959340983224971,0.9042863971197782,88.87405254870244,algorithm_native_internal_best_so_far.v1,true
clean,QLattice,169,150,150,1.0,0.3420581229705421,0.24702907163668333,0.2945435973036127,0.9013789847094515,88.88153092694057,0.3420581229705421,0.24702907163668333,0.2945435973036127,0.9013789847094515,88.88153092694057,algorithm_native_internal_best_so_far.v1,true
clean,QLattice,170,150,150,1.0,0.34190604151947324,0.24693406367647502,0.29442005259797405,0.9009437535219379,88.88866530591265,0.34190604151947324,0.24693406367647502,0.29442005259797405,0.9009437535219379,88.88866530591265,algorithm_native_internal_best_so_far.v1,true
clean,QLattice,171,150,150,1.0,0.3422894512746451,0.24719584247645732,0.2947426468755511,0.9017049644743182,88.89616139445953,0.3422894512746451,0.24719584247645732,0.2947426468755511,0.9017049644743182,88.89616139445953,algorithm_native_internal_best_so_far.v1,true
clean,QLattice,172,150,150,1.0,0.34240788558651,0.24756533248553392,0.2949866090360217,0.9026775549353645,88.9041357787565,0.34240788558651,0.24756533248553392,0.2949866090360217,0.9026775549353645,88.9041357787565,algorithm_native_internal_best_so_far.v1,true
clean,QLattice,173,150,150,1.0,0.34206064109777545,0.24751540283233112,0.2947880219650531,0.9023282750427961,88.91181607774797,0.34206064109777545,0.24751540283233112,0.2947880219650531,0.9023282750427961,88.91181607774797,algorithm_native_internal_best_so_far.v1,true
clean,QLattice,174,150,150,1.0,0.34218607887665775,0.24750184228963454,0.29484396058314594,0.9024983161749472,88.91950582222927,0.34218607887665775,0.24750184228963454,0.29484396058314594,0.9024983161749472,88.91950582222927,algorithm_native_internal_best_so_far.v1,true
clean,QLattice,175,150,150,1.0,0.34211185922657755,0.24744372491561484,0.294777792071096,0.9023474481306177,88.92702147360546,0.34211185922657755,0.24744372491561484,0.294777792071096,0.9023474481306177,88.92702147360546,algorithm_native_internal_best_so_far.v1,true
clean,QLattice,176,150,150,1.0,0.34142536825845143,0.24680214515951276,0.29411375670898193,0.9014790010248144,88.93395828399682,0.34142536825845143,0.24680214515951276,0.29411375670898193,0.9014790010248144,88.93395828399682,algorithm_native_internal_best_so_far.v1,true
clean,QLattice,177,150,150,1.0,0.34142323637459204,0.24680217445814132,0.2941127054163665,0.9014749933067516,88.94081444810234,0.34142323637459204,0.24680217445814132,0.2941127054163665,0.9014749933067516,88.94081444810234,algorithm_native_internal_best_so_far.v1,true
clean,QLattice,178,150,150,1.0,0.34236863387930344,0.24737487551718762,0.2948717546982454,0.902574915551645,88.94821151050155,0.34236863387930344,0.24737487551718762,0.2948717546982454,0.902574915551645,88.94821151050155,algorithm_native_internal_best_so_far.v1,true
clean,QLattice,179,150,150,1.0,0.34296291740560636,0.2481751426921037,0.2955690300488549,0.9036683393130488,88.95613677542224,0.34296291740560636,0.2481751426921037,0.2955690300488549,0.9036683393130488,88.95613677542224,algorithm_native_internal_best_so_far.v1,true
clean,QLattice,180,150,150,1.0,0.34296291740560636,0.2481751426921037,0.2955690300488549,0.9036683393130488,88.96397398184381,0.34296291740560636,0.2481751426921037,0.2955690300488549,0.9036683393130488,88.96397398184381,algorithm_native_internal_best_so_far.v1,true
clean,ragsr,1,150,150,1.0,0.04055438861738668,0.040385353940380196,0.04046987127888343,0.36,36.0,0.04055438861738668,0.040385353940380196,0.04046987127888343,0.36,36.0,algorithm_native_internal_best_so_far.v1,true
clean,ragsr,2,150,150,1.0,0.044575687185281224,0.043896360017335996,0.0442360236013086,0.4,38.0,0.044575687185281224,0.043896360017335996,0.0442360236013086,0.4,38.0,algorithm_native_internal_best_so_far.v1,true
clean,ragsr,3,150,150,1.0,0.047160888625349145,0.04719781240140432,0.04717935051337671,0.44,40.0,0.047160888625349145,0.04719781240140432,0.04717935051337671,0.44,40.0,algorithm_native_internal_best_so_far.v1,true
clean,ragsr,4,150,150,1.0,0.04815941831472337,0.04820889887494135,0.04818415859483235,0.44666666666666666,41.166666666666664,0.04815941831472337,0.04820889887494135,0.04818415859483235,0.44666666666666666,41.166666666666664,algorithm_native_internal_best_so_far.v1,true
clean,ragsr,5,150,150,1.0,0.048840154426294614,0.04974945796358252,0.049294806194938555,0.47333333333333333,42.39999999999999,0.048840154426294614,0.04974945796358252,0.049294806194938555,0.47333333333333333,42.39999999999999,algorithm_native_internal_best_so_far.v1,true
clean,ragsr,6,150,150,1.0,0.0489765830114934,0.05037342356898702,0.04967500329024019,0.48,43.33333333333332,0.0489765830114934,0.05037342356898702,0.04967500329024019,0.48,43.33333333333332,algorithm_native_internal_best_so_far.v1,true
clean,ragsr,7,150,150,1.0,0.0489765830114934,0.05037342356898702,0.04967500329024019,0.48,43.99999999999999,0.0489765830114934,0.05037342356898702,0.04967500329024019,0.48,43.99999999999999,algorithm_native_internal_best_so_far.v1,true
clean,ragsr,8,150,150,1.0,0.0489765830114934,0.05037342356898702,0.04967500329024019,0.48,44.49999999999999,0.0489765830114934,0.05037342356898702,0.04967500329024019,0.48,44.49999999999999,algorithm_native_internal_best_so_far.v1,true
clean,ragsr,9,150,150,1.0,0.049917672872954955,0.05037342356898702,0.05014554822097097,0.4866666666666667,44.962962962962955,0.049917672872954955,0.05037342356898702,0.05014554822097097,0.4866666666666667,44.962962962962955,algorithm_native_internal_best_so_far.v1,true
clean,ragsr,10,150,150,1.0,0.049917672872954955,0.05063409351779291,0.05027588319537391,0.49333333333333335,45.39999999999999,0.049917672872954955,0.05063409351779291,0.05027588319537391,0.49333333333333335,45.39999999999999,algorithm_native_internal_best_so_far.v1,true
clean,ragsr,11,150,150,1.0,0.049917672872954955,0.05063409351779291,0.05027588319537391,0.49333333333333335,45.75757575757575,0.049917672872954955,0.05063409351779291,0.05027588319537391,0.49333333333333335,45.75757575757575,algorithm_native_internal_best_so_far.v1,true
clean,ragsr,12,150,150,1.0,0.050159078053511046,0.050733901741377055,0.05044648989744404,0.5,46.11111111111111,0.050159078053511046,0.050733901741377055,0.05044648989744404,0.5,46.11111111111111,algorithm_native_internal_best_so_far.v1,true
clean,ragsr,13,150,150,1.0,0.050159078053511046,0.050733901741377055,0.05044648989744404,0.5,46.4102564102564,0.050159078053511046,0.050733901741377055,0.05044648989744404,0.5,46.4102564102564,algorithm_native_internal_best_so_far.v1,true
clean,ragsr,14,150,150,1.0,0.050159078053511046,0.050733901741377055,0.05044648989744404,0.5,46.666666666666664,0.050159078053511046,0.050733901741377055,0.05044648989744404,0.5,46.666666666666664,algorithm_native_internal_best_so_far.v1,true
clean,ragsr,15,150,150,1.0,0.050159078053511046,0.050733901741377055,0.05044648989744404,0.5,46.888888888888886,0.050159078053511046,0.050733901741377055,0.05044648989744404,0.5,46.888888888888886,algorithm_native_internal_best_so_far.v1,true
clean,ragsr,16,150,150,1.0,0.050159078053511046,0.050733901741377055,0.05044648989744404,0.5,47.08333333333333,0.050159078053511046,0.050733901741377055,0.05044648989744404,0.5,47.08333333333333,algorithm_native_internal_best_so_far.v1,true
clean,ragsr,17,150,150,1.0,0.050159078053511046,0.050733901741377055,0.05044648989744404,0.5,47.2549019607843,0.050159078053511046,0.050733901741377055,0.05044648989744404,0.5,47.2549019607843,algorithm_native_internal_best_so_far.v1,true
clean,ragsr,18,150,150,1.0,0.050159078053511046,0.050733901741377055,0.05044648989744404,0.5,47.4074074074074,0.050159078053511046,0.050733901741377055,0.05044648989744404,0.5,47.4074074074074,algorithm_native_internal_best_so_far.v1,true
clean,ragsr,19,150,150,1.0,0.050159078053511046,0.050733901741377055,0.05044648989744404,0.5,47.543859649122794,0.050159078053511046,0.050733901741377055,0.05044648989744404,0.5,47.543859649122794,algorithm_native_internal_best_so_far.v1,true
clean,ragsr,20,150,150,1.0,0.050159078053511046,0.050733901741377055,0.05044648989744404,0.5,47.66666666666666,0.050159078053511046,0.050733901741377055,0.05044648989744404,0.5,47.66666666666666,algorithm_native_internal_best_so_far.v1,true
clean,ragsr,21,150,150,1.0,0.050159078053511046,0.050733901741377055,0.05044648989744404,0.5,47.77777777777777,0.050159078053511046,0.050733901741377055,0.05044648989744404,0.5,47.77777777777777,algorithm_native_internal_best_so_far.v1,true
clean,ragsr,22,150,150,1.0,0.050159078053511046,0.050733901741377055,0.05044648989744404,0.5,47.87878787878787,0.050159078053511046,0.050733901741377055,0.05044648989744404,0.5,47.87878787878787,algorithm_native_internal_best_so_far.v1,true
clean,ragsr,23,150,150,1.0,0.050159078053511046,0.050733901741377055,0.05044648989744404,0.5,47.97101449275361,0.050159078053511046,0.050733901741377055,0.05044648989744404,0.5,47.97101449275361,algorithm_native_internal_best_so_far.v1,true
clean,ragsr,24,150,150,1.0,0.050159078053511046,0.050733901741377055,0.05044648989744404,0.5,48.05555555555554,0.050159078053511046,0.050733901741377055,0.05044648989744404,0.5,48.05555555555554,algorithm_native_internal_best_so_far.v1,true
clean,ragsr,25,150,150,1.0,0.050159078053511046,0.050733901741377055,0.05044648989744404,0.5,48.13333333333332,0.050159078053511046,0.050733901741377055,0.05044648989744404,0.5,48.13333333333332,algorithm_native_internal_best_so_far.v1,true
clean,ragsr,26,150,150,1.0,0.050159078053511046,0.050733901741377055,0.05044648989744404,0.5,48.20512820512819,0.050159078053511046,0.050733901741377055,0.05044648989744404,0.5,48.20512820512819,algorithm_native_internal_best_so_far.v1,true
clean,ragsr,27,150,150,1.0,0.050159078053511046,0.050733901741377055,0.05044648989744404,0.5,48.271604938271594,0.050159078053511046,0.050733901741377055,0.05044648989744404,0.5,48.271604938271594,algorithm_native_internal_best_so_far.v1,true
clean,ragsr,28,150,150,1.0,0.050159078053511046,0.050733901741377055,0.05044648989744404,0.5,48.33333333333332,0.050159078053511046,0.050733901741377055,0.05044648989744404,0.5,48.33333333333332,algorithm_native_internal_best_so_far.v1,true
clean,ragsr,29,150,150,1.0,0.050159078053511046,0.050733901741377055,0.05044648989744404,0.5,48.39080459770114,0.050159078053511046,0.050733901741377055,0.05044648989744404,0.5,48.39080459770114,algorithm_native_internal_best_so_far.v1,true
clean,ragsr,30,150,150,1.0,0.050159078053511046,0.050733901741377055,0.05044648989744404,0.5,48.444444444444436,0.050159078053511046,0.050733901741377055,0.05044648989744404,0.5,48.444444444444436,algorithm_native_internal_best_so_far.v1,true
clean,ragsr,31,150,150,1.0,0.050159078053511046,0.050733901741377055,0.05044648989744404,0.5,48.49462365591397,0.050159078053511046,0.050733901741377055,0.05044648989744404,0.5,48.49462365591397,algorithm_native_internal_best_so_far.v1,true
clean,ragsr,32,150,150,1.0,0.050159078053511046,0.050733901741377055,0.05044648989744404,0.5,48.54166666666666,0.050159078053511046,0.050733901741377055,0.05044648989744404,0.5,48.54166666666666,algorithm_native_internal_best_so_far.v1,true
clean,ragsr,33,150,150,1.0,0.050159078053511046,0.050733901741377055,0.05044648989744404,0.5,48.585858585858574,0.050159078053511046,0.050733901741377055,0.05044648989744404,0.5,48.585858585858574,algorithm_native_internal_best_so_far.v1,true
clean,ragsr,34,150,150,1.0,0.050159078053511046,0.050733901741377055,0.05044648989744404,0.5,48.62745098039215,0.050159078053511046,0.050733901741377055,0.05044648989744404,0.5,48.62745098039215,algorithm_native_internal_best_so_far.v1,true
clean,ragsr,35,150,150,1.0,0.050159078053511046,0.050733901741377055,0.05044648989744404,0.5,48.66666666666666,0.050159078053511046,0.050733901741377055,0.05044648989744404,0.5,48.66666666666666,algorithm_native_internal_best_so_far.v1,true
clean,ragsr,36,150,150,1.0,0.050159078053511046,0.050733901741377055,0.05044648989744404,0.5,48.703703703703695,0.050159078053511046,0.050733901741377055,0.05044648989744404,0.5,48.703703703703695,algorithm_native_internal_best_so_far.v1,true
clean,ragsr,37,150,150,1.0,0.050159078053511046,0.050733901741377055,0.05044648989744404,0.5,48.73873873873873,0.050159078053511046,0.050733901741377055,0.05044648989744404,0.5,48.73873873873873,algorithm_native_internal_best_so_far.v1,true
clean,ragsr,38,150,150,1.0,0.050159078053511046,0.050733901741377055,0.05044648989744404,0.5,48.7719298245614,0.050159078053511046,0.050733901741377055,0.05044648989744404,0.5,48.7719298245614,algorithm_native_internal_best_so_far.v1,true
clean,ragsr,39,150,150,1.0,0.050159078053511046,0.050733901741377055,0.05044648989744404,0.5,48.80341880341879,0.050159078053511046,0.050733901741377055,0.05044648989744404,0.5,48.80341880341879,algorithm_native_internal_best_so_far.v1,true
clean,ragsr,40,150,150,1.0,0.050159078053511046,0.050733901741377055,0.05044648989744404,0.5,48.83333333333333,0.050159078053511046,0.050733901741377055,0.05044648989744404,0.5,48.83333333333333,algorithm_native_internal_best_so_far.v1,true
clean,ragsr,41,150,150,1.0,0.050159078053511046,0.050733901741377055,0.05044648989744404,0.5,48.86178861788617,0.050159078053511046,0.050733901741377055,0.05044648989744404,0.5,48.86178861788617,algorithm_native_internal_best_so_far.v1,true
clean,ragsr,42,150,150,1.0,0.050159078053511046,0.050733901741377055,0.05044648989744404,0.5,48.88888888888888,0.050159078053511046,0.050733901741377055,0.05044648989744404,0.5,48.88888888888888,algorithm_native_internal_best_so_far.v1,true
clean,ragsr,43,150,150,1.0,0.050159078053511046,0.050733901741377055,0.05044648989744404,0.5,48.914728682170534,0.050159078053511046,0.050733901741377055,0.05044648989744404,0.5,48.914728682170534,algorithm_native_internal_best_so_far.v1,true
clean,ragsr,44,150,150,1.0,0.050159078053511046,0.050733901741377055,0.05044648989744404,0.5,48.93939393939393,0.050159078053511046,0.050733901741377055,0.05044648989744404,0.5,48.93939393939393,algorithm_native_internal_best_so_far.v1,true
clean,ragsr,45,150,150,1.0,0.050159078053511046,0.050733901741377055,0.05044648989744404,0.5,48.962962962962955,0.050159078053511046,0.050733901741377055,0.05044648989744404,0.5,48.962962962962955,algorithm_native_internal_best_so_far.v1,true
clean,ragsr,46,150,150,1.0,0.050159078053511046,0.050733901741377055,0.05044648989744404,0.5,48.985507246376805,0.050159078053511046,0.050733901741377055,0.05044648989744404,0.5,48.985507246376805,algorithm_native_internal_best_so_far.v1,true
clean,ragsr,47,150,150,1.0,0.050159078053511046,0.050733901741377055,0.05044648989744404,0.5,49.00709219858155,0.050159078053511046,0.050733901741377055,0.05044648989744404,0.5,49.00709219858155,algorithm_native_internal_best_so_far.v1,true
clean,ragsr,48,150,150,1.0,0.050159078053511046,0.050733901741377055,0.05044648989744404,0.5,49.02777777777777,0.050159078053511046,0.050733901741377055,0.05044648989744404,0.5,49.02777777777777,algorithm_native_internal_best_so_far.v1,true
clean,ragsr,49,150,150,1.0,0.050159078053511046,0.050733901741377055,0.05044648989744404,0.5,49.047619047619044,0.050159078053511046,0.050733901741377055,0.05044648989744404,0.5,49.047619047619044,algorithm_native_internal_best_so_far.v1,true
clean,ragsr,50,150,150,1.0,0.050159078053511046,0.050733901741377055,0.05044648989744404,0.5,49.06666666666666,0.050159078053511046,0.050733901741377055,0.05044648989744404,0.5,49.06666666666666,algorithm_native_internal_best_so_far.v1,true
clean,ragsr,51,150,150,1.0,0.050159078053511046,0.050733901741377055,0.05044648989744404,0.5,49.084967320261434,0.050159078053511046,0.050733901741377055,0.05044648989744404,0.5,49.084967320261434,algorithm_native_internal_best_so_far.v1,true
clean,ragsr,52,150,150,1.0,0.050159078053511046,0.050733901741377055,0.05044648989744404,0.5,49.102564102564095,0.050159078053511046,0.050733901741377055,0.05044648989744404,0.5,49.102564102564095,algorithm_native_internal_best_so_far.v1,true
clean,ragsr,53,150,150,1.0,0.050159078053511046,0.050733901741377055,0.05044648989744404,0.5,49.11949685534591,0.050159078053511046,0.050733901741377055,0.05044648989744404,0.5,49.11949685534591,algorithm_native_internal_best_so_far.v1,true
clean,ragsr,54,150,150,1.0,0.050159078053511046,0.050733901741377055,0.05044648989744404,0.5,49.1358024691358,0.050159078053511046,0.050733901741377055,0.05044648989744404,0.5,49.1358024691358,algorithm_native_internal_best_so_far.v1,true
clean,ragsr,55,150,150,1.0,0.050159078053511046,0.050733901741377055,0.05044648989744404,0.5,49.15151515151515,0.050159078053511046,0.050733901741377055,0.05044648989744404,0.5,49.15151515151515,algorithm_native_internal_best_so_far.v1,true
clean,ragsr,56,150,150,1.0,0.050159078053511046,0.050733901741377055,0.05044648989744404,0.5,49.166666666666664,0.050159078053511046,0.050733901741377055,0.05044648989744404,0.5,49.166666666666664,algorithm_native_internal_best_so_far.v1,true
clean,ragsr,57,150,150,1.0,0.050159078053511046,0.050733901741377055,0.05044648989744404,0.5,49.1812865497076,0.050159078053511046,0.050733901741377055,0.05044648989744404,0.5,49.1812865497076,algorithm_native_internal_best_so_far.v1,true
clean,ragsr,58,150,150,1.0,0.050159078053511046,0.050733901741377055,0.05044648989744404,0.5,49.19540229885057,0.050159078053511046,0.050733901741377055,0.05044648989744404,0.5,49.19540229885057,algorithm_native_internal_best_so_far.v1,true
clean,ragsr,59,150,150,1.0,0.050159078053511046,0.050733901741377055,0.05044648989744404,0.5,49.209039548022595,0.050159078053511046,0.050733901741377055,0.05044648989744404,0.5,49.209039548022595,algorithm_native_internal_best_so_far.v1,true
clean,ragsr,60,150,150,1.0,0.050159078053511046,0.050733901741377055,0.05044648989744404,0.5,49.222222222222214,0.050159078053511046,0.050733901741377055,0.05044648989744404,0.5,49.222222222222214,algorithm_native_internal_best_so_far.v1,true
clean,ragsr,61,150,150,1.0,0.050159078053511046,0.050733901741377055,0.05044648989744404,0.5,49.23497267759562,0.050159078053511046,0.050733901741377055,0.05044648989744404,0.5,49.23497267759562,algorithm_native_internal_best_so_far.v1,true
clean,ragsr,62,150,150,1.0,0.050159078053511046,0.050733901741377055,0.05044648989744404,0.5,49.247311827956985,0.050159078053511046,0.050733901741377055,0.05044648989744404,0.5,49.247311827956985,algorithm_native_internal_best_so_far.v1,true
clean,ragsr,63,150,150,1.0,0.05021230283618916,0.050733901741377055,0.050473102288783094,0.5066666666666667,49.26984126984127,0.05021230283618916,0.050733901741377055,0.050473102288783094,0.5066666666666667,49.26984126984127,algorithm_native_internal_best_so_far.v1,true
clean,ragsr,64,150,150,1.0,0.05021230283618916,0.050733901741377055,0.050473102288783094,0.5066666666666667,49.291666666666664,0.05021230283618916,0.050733901741377055,0.050473102288783094,0.5066666666666667,49.291666666666664,algorithm_native_internal_best_so_far.v1,true
clean,ragsr,65,150,150,1.0,0.05021230283618916,0.050733901741377055,0.050473102288783094,0.5066666666666667,49.312820512820515,0.05021230283618916,0.050733901741377055,0.050473102288783094,0.5066666666666667,49.312820512820515,algorithm_native_internal_best_so_far.v1,true
clean,ragsr,66,150,150,1.0,0.05021230283618916,0.050733901741377055,0.050473102288783094,0.5066666666666667,49.333333333333336,0.05021230283618916,0.050733901741377055,0.050473102288783094,0.5066666666666667,49.333333333333336,algorithm_native_internal_best_so_far.v1,true
clean,ragsr,67,150,150,1.0,0.05021230283618916,0.050733901741377055,0.050473102288783094,0.5066666666666667,49.353233830845774,0.05021230283618916,0.050733901741377055,0.050473102288783094,0.5066666666666667,49.353233830845774,algorithm_native_internal_best_so_far.v1,true
clean,ragsr,68,150,150,1.0,0.05021230283618916,0.050733901741377055,0.050473102288783094,0.5066666666666667,49.37254901960785,0.05021230283618916,0.050733901741377055,0.050473102288783094,0.5066666666666667,49.37254901960785,algorithm_native_internal_best_so_far.v1,true
clean,ragsr,69,150,150,1.0,0.05021230283618916,0.050733901741377055,0.050473102288783094,0.5066666666666667,49.39130434782609,0.05021230283618916,0.050733901741377055,0.050473102288783094,0.5066666666666667,49.39130434782609,algorithm_native_internal_best_so_far.v1,true
clean,ragsr,70,150,150,1.0,0.05021230283618916,0.050733901741377055,0.050473102288783094,0.5066666666666667,49.40952380952382,0.05021230283618916,0.050733901741377055,0.050473102288783094,0.5066666666666667,49.40952380952382,algorithm_native_internal_best_so_far.v1,true
clean,ragsr,71,150,150,1.0,0.05021230283618916,0.050733901741377055,0.050473102288783094,0.5066666666666667,49.42723004694837,0.05021230283618916,0.050733901741377055,0.050473102288783094,0.5066666666666667,49.42723004694837,algorithm_native_internal_best_so_far.v1,true
clean,ragsr,72,150,150,1.0,0.05021230283618916,0.050733901741377055,0.050473102288783094,0.5066666666666667,49.44444444444446,0.05021230283618916,0.050733901741377055,0.050473102288783094,0.5066666666666667,49.44444444444446,algorithm_native_internal_best_so_far.v1,true
clean,ragsr,73,150,150,1.0,0.05021230283618916,0.050733901741377055,0.050473102288783094,0.5066666666666667,49.46118721461188,0.05021230283618916,0.050733901741377055,0.050473102288783094,0.5066666666666667,49.46118721461188,algorithm_native_internal_best_so_far.v1,true
clean,ragsr,74,150,150,1.0,0.05021230283618916,0.050733901741377055,0.050473102288783094,0.5066666666666667,49.47747747747749,0.05021230283618916,0.050733901741377055,0.050473102288783094,0.5066666666666667,49.47747747747749,algorithm_native_internal_best_so_far.v1,true
clean,ragsr,75,150,150,1.0,0.05021230283618916,0.050733901741377055,0.050473102288783094,0.5066666666666667,49.493333333333354,0.05021230283618916,0.050733901741377055,0.050473102288783094,0.5066666666666667,49.493333333333354,algorithm_native_internal_best_so_far.v1,true
clean,ragsr,76,150,150,1.0,0.05021230283618916,0.050733901741377055,0.050473102288783094,0.5066666666666667,49.508771929824576,0.05021230283618916,0.050733901741377055,0.050473102288783094,0.5066666666666667,49.508771929824576,algorithm_native_internal_best_so_far.v1,true
clean,ragsr,77,150,150,1.0,0.05021230283618916,0.050733901741377055,0.050473102288783094,0.5066666666666667,49.52380952380955,0.05021230283618916,0.050733901741377055,0.050473102288783094,0.5066666666666667,49.52380952380955,algorithm_native_internal_best_so_far.v1,true
clean,ragsr,78,150,150,1.0,0.05021230283618916,0.050733901741377055,0.050473102288783094,0.5066666666666667,49.538461538461554,0.05021230283618916,0.050733901741377055,0.050473102288783094,0.5066666666666667,49.538461538461554,algorithm_native_internal_best_so_far.v1,true
clean,ragsr,79,150,150,1.0,0.05021230283618916,0.050733901741377055,0.050473102288783094,0.5066666666666667,49.552742616033775,0.05021230283618916,0.050733901741377055,0.050473102288783094,0.5066666666666667,49.552742616033775,algorithm_native_internal_best_so_far.v1,true
clean,ragsr,80,150,150,1.0,0.05021230283618916,0.050733901741377055,0.050473102288783094,0.5066666666666667,49.566666666666684,0.05021230283618916,0.050733901741377055,0.050473102288783094,0.5066666666666667,49.566666666666684,algorithm_native_internal_best_so_far.v1,true
clean,ragsr,81,150,150,1.0,0.05021230283618916,0.050733901741377055,0.050473102288783094,0.5066666666666667,49.58024691358027,0.05021230283618916,0.050733901741377055,0.050473102288783094,0.5066666666666667,49.58024691358027,algorithm_native_internal_best_so_far.v1,true
clean,ragsr,82,150,150,1.0,0.05021230283618916,0.050733901741377055,0.050473102288783094,0.5066666666666667,49.59349593495938,0.05021230283618916,0.050733901741377055,0.050473102288783094,0.5066666666666667,49.59349593495938,algorithm_native_internal_best_so_far.v1,true
clean,ragsr,83,150,150,1.0,0.05021230283618916,0.050733901741377055,0.050473102288783094,0.5066666666666667,49.60642570281127,0.05021230283618916,0.050733901741377055,0.050473102288783094,0.5066666666666667,49.60642570281127,algorithm_native_internal_best_so_far.v1,true
clean,ragsr,84,150,150,1.0,0.05021230283618916,0.050733901741377055,0.050473102288783094,0.5066666666666667,49.61904761904764,0.05021230283618916,0.050733901741377055,0.050473102288783094,0.5066666666666667,49.61904761904764,algorithm_native_internal_best_so_far.v1,true
clean,ragsr,85,150,150,1.0,0.05021230283618916,0.050733901741377055,0.050473102288783094,0.5066666666666667,49.63137254901963,0.05021230283618916,0.050733901741377055,0.050473102288783094,0.5066666666666667,49.63137254901963,algorithm_native_internal_best_so_far.v1,true
clean,ragsr,86,150,150,1.0,0.05021230283618916,0.050733901741377055,0.050473102288783094,0.5066666666666667,49.64341085271321,0.05021230283618916,0.050733901741377055,0.050473102288783094,0.5066666666666667,49.64341085271321,algorithm_native_internal_best_so_far.v1,true
clean,ragsr,87,150,150,1.0,0.05021230283618916,0.050733901741377055,0.050473102288783094,0.5066666666666667,49.65517241379313,0.05021230283618916,0.050733901741377055,0.050473102288783094,0.5066666666666667,49.65517241379313,algorithm_native_internal_best_so_far.v1,true
clean,ragsr,88,150,150,1.0,0.05021230283618916,0.050733901741377055,0.050473102288783094,0.5066666666666667,49.66666666666669,0.05021230283618916,0.050733901741377055,0.050473102288783094,0.5066666666666667,49.66666666666669,algorithm_native_internal_best_so_far.v1,true
clean,ragsr,89,150,150,1.0,0.05021230283618916,0.050733901741377055,0.050473102288783094,0.5066666666666667,49.67790262172287,0.05021230283618916,0.050733901741377055,0.050473102288783094,0.5066666666666667,49.67790262172287,algorithm_native_internal_best_so_far.v1,true
clean,ragsr,90,150,150,1.0,0.05021230283618916,0.050733901741377055,0.050473102288783094,0.5066666666666667,49.68888888888892,0.05021230283618916,0.050733901741377055,0.050473102288783094,0.5066666666666667,49.68888888888892,algorithm_native_internal_best_so_far.v1,true
clean,ragsr,91,150,150,1.0,0.05021230283618916,0.050733901741377055,0.050473102288783094,0.5066666666666667,49.699633699633736,0.05021230283618916,0.050733901741377055,0.050473102288783094,0.5066666666666667,49.699633699633736,algorithm_native_internal_best_so_far.v1,true
clean,ragsr,92,150,150,1.0,0.05021230283618916,0.050733901741377055,0.050473102288783094,0.5066666666666667,49.71014492753627,0.05021230283618916,0.050733901741377055,0.050473102288783094,0.5066666666666667,49.71014492753627,algorithm_native_internal_best_so_far.v1,true
clean,ragsr,93,150,150,1.0,0.05021230283618916,0.050733901741377055,0.050473102288783094,0.5066666666666667,49.72043010752691,0.05021230283618916,0.050733901741377055,0.050473102288783094,0.5066666666666667,49.72043010752691,algorithm_native_internal_best_so_far.v1,true
clean,ragsr,94,150,150,1.0,0.05021230283618916,0.050733901741377055,0.050473102288783094,0.5066666666666667,49.73049645390074,0.05021230283618916,0.050733901741377055,0.050473102288783094,0.5066666666666667,49.73049645390074,algorithm_native_internal_best_so_far.v1,true
clean,ragsr,95,150,150,1.0,0.05021230283618916,0.050733901741377055,0.050473102288783094,0.5066666666666667,49.740350877193016,0.05021230283618916,0.050733901741377055,0.050473102288783094,0.5066666666666667,49.740350877193016,algorithm_native_internal_best_so_far.v1,true
clean,ragsr,96,150,150,1.0,0.05021230283618916,0.050733901741377055,0.050473102288783094,0.5066666666666667,49.750000000000036,0.05021230283618916,0.050733901741377055,0.050473102288783094,0.5066666666666667,49.750000000000036,algorithm_native_internal_best_so_far.v1,true
clean,ragsr,97,150,150,1.0,0.05021230283618916,0.050733901741377055,0.050473102288783094,0.5066666666666667,49.759450171821335,0.05021230283618916,0.050733901741377055,0.050473102288783094,0.5066666666666667,49.759450171821335,algorithm_native_internal_best_so_far.v1,true
clean,ragsr,98,150,150,1.0,0.05021230283618916,0.050733901741377055,0.050473102288783094,0.5066666666666667,49.76870748299323,0.05021230283618916,0.050733901741377055,0.050473102288783094,0.5066666666666667,49.76870748299323,algorithm_native_internal_best_so_far.v1,true
clean,ragsr,99,150,150,1.0,0.05021230283618916,0.050733901741377055,0.050473102288783094,0.5066666666666667,49.777777777777814,0.05021230283618916,0.050733901741377055,0.050473102288783094,0.5066666666666667,49.777777777777814,algorithm_native_internal_best_so_far.v1,true
clean,ragsr,100,150,150,1.0,0.05021230283618916,0.050733901741377055,0.050473102288783094,0.5066666666666667,49.786666666666704,0.05021230283618916,0.050733901741377055,0.050473102288783094,0.5066666666666667,49.786666666666704,algorithm_native_internal_best_so_far.v1,true
clean,ragsr,101,150,150,1.0,0.05021230283618916,0.050733901741377055,0.050473102288783094,0.5066666666666667,49.795379537953835,0.05021230283618916,0.050733901741377055,0.050473102288783094,0.5066666666666667,49.795379537953835,algorithm_native_internal_best_so_far.v1,true
clean,ragsr,102,150,150,1.0,0.05021230283618916,0.050733901741377055,0.050473102288783094,0.5066666666666667,49.80392156862749,0.05021230283618916,0.050733901741377055,0.050473102288783094,0.5066666666666667,49.80392156862749,algorithm_native_internal_best_so_far.v1,true
clean,ragsr,103,150,150,1.0,0.05021230283618916,0.050733901741377055,0.050473102288783094,0.5066666666666667,49.81229773462787,0.05021230283618916,0.050733901741377055,0.050473102288783094,0.5066666666666667,49.81229773462787,algorithm_native_internal_best_so_far.v1,true
clean,ragsr,104,150,150,1.0,0.05021230283618916,0.050733901741377055,0.050473102288783094,0.5066666666666667,49.82051282051286,0.05021230283618916,0.050733901741377055,0.050473102288783094,0.5066666666666667,49.82051282051286,algorithm_native_internal_best_so_far.v1,true
clean,ragsr,105,150,150,1.0,0.05021230283618916,0.050733901741377055,0.050473102288783094,0.5066666666666667,49.82857142857147,0.05021230283618916,0.050733901741377055,0.050473102288783094,0.5066666666666667,49.82857142857147,algorithm_native_internal_best_so_far.v1,true
clean,ragsr,106,150,150,1.0,0.05021230283618916,0.050733901741377055,0.050473102288783094,0.5066666666666667,49.83647798742143,0.05021230283618916,0.050733901741377055,0.050473102288783094,0.5066666666666667,49.83647798742143,algorithm_native_internal_best_so_far.v1,true
clean,ragsr,107,150,150,1.0,0.05021230283618916,0.050733901741377055,0.050473102288783094,0.5066666666666667,49.84423676012465,0.05021230283618916,0.050733901741377055,0.050473102288783094,0.5066666666666667,49.84423676012465,algorithm_native_internal_best_so_far.v1,true
clean,ragsr,108,150,150,1.0,0.05021230283618916,0.050733901741377055,0.050473102288783094,0.5066666666666667,49.8518518518519,0.05021230283618916,0.050733901741377055,0.050473102288783094,0.5066666666666667,49.8518518518519,algorithm_native_internal_best_so_far.v1,true
clean,ragsr,109,150,150,1.0,0.05021230283618916,0.050733901741377055,0.050473102288783094,0.5066666666666667,49.859327217125426,0.05021230283618916,0.050733901741377055,0.050473102288783094,0.5066666666666667,49.859327217125426,algorithm_native_internal_best_so_far.v1,true
clean,ragsr,110,150,150,1.0,0.05021230283618916,0.050733901741377055,0.050473102288783094,0.5066666666666667,49.86666666666672,0.05021230283618916,0.050733901741377055,0.050473102288783094,0.5066666666666667,49.86666666666672,algorithm_native_internal_best_so_far.v1,true
clean,ragsr,111,150,150,1.0,0.05021230283618916,0.050733901741377055,0.050473102288783094,0.5066666666666667,49.87387387387391,0.05021230283618916,0.050733901741377055,0.050473102288783094,0.5066666666666667,49.87387387387391,algorithm_native_internal_best_so_far.v1,true
clean,ragsr,112,150,150,1.0,0.05021230283618916,0.050733901741377055,0.050473102288783094,0.5066666666666667,49.88095238095242,0.05021230283618916,0.050733901741377055,0.050473102288783094,0.5066666666666667,49.88095238095242,algorithm_native_internal_best_so_far.v1,true
clean,ragsr,113,150,150,1.0,0.05021230283618916,0.050733901741377055,0.050473102288783094,0.5066666666666667,49.88790560471981,0.05021230283618916,0.050733901741377055,0.050473102288783094,0.5066666666666667,49.88790560471981,algorithm_native_internal_best_so_far.v1,true
clean,ragsr,114,150,150,1.0,0.05021230283618916,0.050733901741377055,0.050473102288783094,0.5066666666666667,49.89473684210531,0.05021230283618916,0.050733901741377055,0.050473102288783094,0.5066666666666667,49.89473684210531,algorithm_native_internal_best_so_far.v1,true
clean,ragsr,115,150,150,1.0,0.05021230283618916,0.050733901741377055,0.050473102288783094,0.5066666666666667,49.90144927536237,0.05021230283618916,0.050733901741377055,0.050473102288783094,0.5066666666666667,49.90144927536237,algorithm_native_internal_best_so_far.v1,true
clean,ragsr,116,150,150,1.0,0.05021230283618916,0.050733901741377055,0.050473102288783094,0.5066666666666667,49.90804597701154,0.05021230283618916,0.050733901741377055,0.050473102288783094,0.5066666666666667,49.90804597701154,algorithm_native_internal_best_so_far.v1,true
clean,ragsr,117,150,150,1.0,0.05021230283618916,0.050733901741377055,0.050473102288783094,0.5066666666666667,49.914529914529965,0.05021230283618916,0.050733901741377055,0.050473102288783094,0.5066666666666667,49.914529914529965,algorithm_native_internal_best_so_far.v1,true
clean,ragsr,118,150,150,1.0,0.05021230283618916,0.050733901741377055,0.050473102288783094,0.5066666666666667,49.920903954802306,0.05021230283618916,0.050733901741377055,0.050473102288783094,0.5066666666666667,49.920903954802306,algorithm_native_internal_best_so_far.v1,true
clean,ragsr,119,150,150,1.0,0.05021230283618916,0.050733901741377055,0.050473102288783094,0.5066666666666667,49.92717086834739,0.05021230283618916,0.050733901741377055,0.050473102288783094,0.5066666666666667,49.92717086834739,algorithm_native_internal_best_so_far.v1,true
clean,ragsr,120,150,150,1.0,0.05021230283618916,0.050733901741377055,0.050473102288783094,0.5066666666666667,49.93333333333338,0.05021230283618916,0.050733901741377055,0.050473102288783094,0.5066666666666667,49.93333333333338,algorithm_native_internal_best_so_far.v1,true
clean,ragsr,121,150,150,1.0,0.05021230283618916,0.050733901741377055,0.050473102288783094,0.5066666666666667,49.93939393939399,0.05021230283618916,0.050733901741377055,0.050473102288783094,0.5066666666666667,49.93939393939399,algorithm_native_internal_best_so_far.v1,true
clean,ragsr,122,150,150,1.0,0.05021230283618916,0.050733901741377055,0.050473102288783094,0.5066666666666667,49.94535519125688,0.05021230283618916,0.050733901741377055,0.050473102288783094,0.5066666666666667,49.94535519125688,algorithm_native_internal_best_so_far.v1,true
clean,ragsr,123,150,150,1.0,0.05021230283618916,0.050733901741377055,0.050473102288783094,0.5066666666666667,49.95121951219517,0.05021230283618916,0.050733901741377055,0.050473102288783094,0.5066666666666667,49.95121951219517,algorithm_native_internal_best_so_far.v1,true
clean,ragsr,124,150,150,1.0,0.05021230283618916,0.050733901741377055,0.050473102288783094,0.5066666666666667,49.95698924731188,0.05021230283618916,0.050733901741377055,0.050473102288783094,0.5066666666666667,49.95698924731188,algorithm_native_internal_best_so_far.v1,true
clean,ragsr,125,150,150,1.0,0.05021230283618916,0.050733901741377055,0.050473102288783094,0.5066666666666667,49.96266666666671,0.05021230283618916,0.050733901741377055,0.050473102288783094,0.5066666666666667,49.96266666666671,algorithm_native_internal_best_so_far.v1,true
clean,ragsr,126,150,150,1.0,0.05021230283618916,0.050733901741377055,0.050473102288783094,0.5066666666666667,49.96825396825402,0.05021230283618916,0.050733901741377055,0.050473102288783094,0.5066666666666667,49.96825396825402,algorithm_native_internal_best_so_far.v1,true
clean,ragsr,127,150,150,1.0,0.05021230283618916,0.050733901741377055,0.050473102288783094,0.5066666666666667,49.97375328083995,0.05021230283618916,0.050733901741377055,0.050473102288783094,0.5066666666666667,49.97375328083995,algorithm_native_internal_best_so_far.v1,true
clean,ragsr,128,150,150,1.0,0.05021230283618916,0.050733901741377055,0.050473102288783094,0.5066666666666667,49.97916666666672,0.05021230283618916,0.050733901741377055,0.050473102288783094,0.5066666666666667,49.97916666666672,algorithm_native_internal_best_so_far.v1,true
clean,ragsr,129,150,150,1.0,0.05021230283618916,0.050733901741377055,0.050473102288783094,0.5066666666666667,49.984496124031054,0.05021230283618916,0.050733901741377055,0.050473102288783094,0.5066666666666667,49.984496124031054,algorithm_native_internal_best_so_far.v1,true
clean,ragsr,130,150,150,1.0,0.05021230283618916,0.050733901741377055,0.050473102288783094,0.5066666666666667,49.98974358974363,0.05021230283618916,0.050733901741377055,0.050473102288783094,0.5066666666666667,49.98974358974363,algorithm_native_internal_best_so_far.v1,true
clean,ragsr,131,150,150,1.0,0.05021230283618916,0.050733901741377055,0.050473102288783094,0.5066666666666667,49.994910941475865,0.05021230283618916,0.050733901741377055,0.050473102288783094,0.5066666666666667,49.994910941475865,algorithm_native_internal_best_so_far.v1,true
clean,ragsr,132,150,150,1.0,0.05021230283618916,0.050733901741377055,0.050473102288783094,0.5066666666666667,50.000000000000036,0.05021230283618916,0.050733901741377055,0.050473102288783094,0.5066666666666667,50.000000000000036,algorithm_native_internal_best_so_far.v1,true
clean,ragsr,133,150,150,1.0,0.05021230283618916,0.050733901741377055,0.050473102288783094,0.5066666666666667,50.00501253132835,0.05021230283618916,0.050733901741377055,0.050473102288783094,0.5066666666666667,50.00501253132835,algorithm_native_internal_best_so_far.v1,true
clean,ragsr,134,150,150,1.0,0.05021230283618916,0.050733901741377055,0.050473102288783094,0.5066666666666667,50.00995024875624,0.05021230283618916,0.050733901741377055,0.050473102288783094,0.5066666666666667,50.00995024875624,algorithm_native_internal_best_so_far.v1,true
clean,ragsr,135,150,150,1.0,0.05021230283618916,0.050733901741377055,0.050473102288783094,0.5066666666666667,50.014814814814834,0.05021230283618916,0.050733901741377055,0.050473102288783094,0.5066666666666667,50.014814814814834,algorithm_native_internal_best_so_far.v1,true
clean,ragsr,136,150,150,1.0,0.05021230283618916,0.050733901741377055,0.050473102288783094,0.5066666666666667,50.01960784313727,0.05021230283618916,0.050733901741377055,0.050473102288783094,0.5066666666666667,50.01960784313727,algorithm_native_internal_best_so_far.v1,true
clean,ragsr,137,150,150,1.0,0.05021230283618916,0.050733901741377055,0.050473102288783094,0.5066666666666667,50.02433090024332,0.05021230283618916,0.050733901741377055,0.050473102288783094,0.5066666666666667,50.02433090024332,algorithm_native_internal_best_so_far.v1,true
clean,ragsr,138,150,150,1.0,0.05021230283618916,0.050733901741377055,0.050473102288783094,0.5066666666666667,50.02898550724638,0.05021230283618916,0.050733901741377055,0.050473102288783094,0.5066666666666667,50.02898550724638,algorithm_native_internal_best_so_far.v1,true
clean,ragsr,139,150,150,1.0,0.05021230283618916,0.050733901741377055,0.050473102288783094,0.5066666666666667,50.03357314148681,0.05021230283618916,0.050733901741377055,0.050473102288783094,0.5066666666666667,50.03357314148681,algorithm_native_internal_best_so_far.v1,true
clean,ragsr,140,150,150,1.0,0.05021230283618916,0.050733901741377055,0.050473102288783094,0.5066666666666667,50.03809523809524,0.05021230283618916,0.050733901741377055,0.050473102288783094,0.5066666666666667,50.03809523809524,algorithm_native_internal_best_so_far.v1,true
clean,ragsr,141,150,150,1.0,0.05021230283618916,0.050733901741377055,0.050473102288783094,0.5066666666666667,50.042553191489354,0.05021230283618916,0.050733901741377055,0.050473102288783094,0.5066666666666667,50.042553191489354,algorithm_native_internal_best_so_far.v1,true
clean,ragsr,142,150,150,1.0,0.05021230283618916,0.050733901741377055,0.050473102288783094,0.5066666666666667,50.0469483568075,0.05021230283618916,0.050733901741377055,0.050473102288783094,0.5066666666666667,50.0469483568075,algorithm_native_internal_best_so_far.v1,true
clean,ragsr,143,150,150,1.0,0.05021230283618916,0.050733901741377055,0.050473102288783094,0.5066666666666667,50.05128205128204,0.05021230283618916,0.050733901741377055,0.050473102288783094,0.5066666666666667,50.05128205128204,algorithm_native_internal_best_so_far.v1,true
clean,ragsr,144,150,150,1.0,0.05021230283618916,0.050733901741377055,0.050473102288783094,0.5066666666666667,50.055555555555536,0.05021230283618916,0.050733901741377055,0.050473102288783094,0.5066666666666667,50.055555555555536,algorithm_native_internal_best_so_far.v1,true
clean,ragsr,145,150,150,1.0,0.05021230283618916,0.050733901741377055,0.050473102288783094,0.5066666666666667,50.05977011494251,0.05021230283618916,0.050733901741377055,0.050473102288783094,0.5066666666666667,50.05977011494251,algorithm_native_internal_best_so_far.v1,true
clean,ragsr,146,150,150,1.0,0.05021230283618916,0.050733901741377055,0.050473102288783094,0.5066666666666667,50.06392694063924,0.05021230283618916,0.050733901741377055,0.050473102288783094,0.5066666666666667,50.06392694063924,algorithm_native_internal_best_so_far.v1,true
clean,ragsr,147,150,150,1.0,0.05021230283618916,0.050733901741377055,0.050473102288783094,0.5066666666666667,50.068027210884324,0.05021230283618916,0.050733901741377055,0.050473102288783094,0.5066666666666667,50.068027210884324,algorithm_native_internal_best_so_far.v1,true
clean,ragsr,148,150,150,1.0,0.05021230283618916,0.050733901741377055,0.050473102288783094,0.5066666666666667,50.07207207207204,0.05021230283618916,0.050733901741377055,0.050473102288783094,0.5066666666666667,50.07207207207204,algorithm_native_internal_best_so_far.v1,true
clean,ragsr,149,150,150,1.0,0.05021230283618916,0.050733901741377055,0.050473102288783094,0.5066666666666667,50.07606263982099,0.05021230283618916,0.050733901741377055,0.050473102288783094,0.5066666666666667,50.07606263982099,algorithm_native_internal_best_so_far.v1,true
clean,ragsr,150,150,150,1.0,0.05021230283618916,0.050733901741377055,0.050473102288783094,0.5066666666666667,50.079999999999956,0.05021230283618916,0.050733901741377055,0.050473102288783094,0.5066666666666667,50.079999999999956,algorithm_native_internal_best_so_far.v1,true
clean,ragsr,151,150,150,1.0,0.05021230283618916,0.050733901741377055,0.050473102288783094,0.5066666666666667,50.08388520971298,0.05021230283618916,0.050733901741377055,0.050473102288783094,0.5066666666666667,50.08388520971298,algorithm_native_internal_best_so_far.v1,true
clean,ragsr,152,150,150,1.0,0.05021230283618916,0.050733901741377055,0.050473102288783094,0.5066666666666667,50.08771929824557,0.05021230283618916,0.050733901741377055,0.050473102288783094,0.5066666666666667,50.08771929824557,algorithm_native_internal_best_so_far.v1,true
clean,ragsr,153,150,150,1.0,0.05021230283618916,0.050733901741377055,0.050473102288783094,0.5066666666666667,50.091503267973806,0.05021230283618916,0.050733901741377055,0.050473102288783094,0.5066666666666667,50.091503267973806,algorithm_native_internal_best_so_far.v1,true
clean,ragsr,154,150,150,1.0,0.05021230283618916,0.050733901741377055,0.050473102288783094,0.5066666666666667,50.09523809523804,0.05021230283618916,0.050733901741377055,0.050473102288783094,0.5066666666666667,50.09523809523804,algorithm_native_internal_best_so_far.v1,true
clean,ragsr,155,150,150,1.0,0.05021230283618916,0.050733901741377055,0.050473102288783094,0.5066666666666667,50.098924731182734,0.05021230283618916,0.050733901741377055,0.050473102288783094,0.5066666666666667,50.098924731182734,algorithm_native_internal_best_so_far.v1,true
clean,ragsr,156,150,150,1.0,0.05021230283618916,0.050733901741377055,0.050473102288783094,0.5066666666666667,50.10256410256404,0.05021230283618916,0.050733901741377055,0.050473102288783094,0.5066666666666667,50.10256410256404,algorithm_native_internal_best_so_far.v1,true
clean,ragsr,157,150,150,1.0,0.05021230283618916,0.050733901741377055,0.050473102288783094,0.5066666666666667,50.106157112526475,0.05021230283618916,0.050733901741377055,0.050473102288783094,0.5066666666666667,50.106157112526475,algorithm_native_internal_best_so_far.v1,true
clean,ragsr,158,150,150,1.0,0.05021230283618916,0.050733901741377055,0.050473102288783094,0.5066666666666667,50.10970464135014,0.05021230283618916,0.050733901741377055,0.050473102288783094,0.5066666666666667,50.10970464135014,algorithm_native_internal_best_so_far.v1,true
clean,ragsr,159,150,150,1.0,0.05021230283618916,0.050733901741377055,0.050473102288783094,0.5066666666666667,50.113207547169736,0.05021230283618916,0.050733901741377055,0.050473102288783094,0.5066666666666667,50.113207547169736,algorithm_native_internal_best_so_far.v1,true
clean,ragsr,160,150,150,1.0,0.05021230283618916,0.050733901741377055,0.050473102288783094,0.5066666666666667,50.11666666666659,0.05021230283618916,0.050733901741377055,0.050473102288783094,0.5066666666666667,50.11666666666659,algorithm_native_internal_best_so_far.v1,true
clean,ragsr,161,150,150,1.0,0.05021230283618916,0.050733901741377055,0.050473102288783094,0.5066666666666667,50.12008281573491,0.05021230283618916,0.050733901741377055,0.050473102288783094,0.5066666666666667,50.12008281573491,algorithm_native_internal_best_so_far.v1,true
clean,ragsr,162,150,150,1.0,0.05021230283618916,0.050733901741377055,0.050473102288783094,0.5066666666666667,50.12345679012337,0.05021230283618916,0.050733901741377055,0.050473102288783094,0.5066666666666667,50.12345679012337,algorithm_native_internal_best_so_far.v1,true
clean,ragsr,163,150,150,1.0,0.05021230283618916,0.050733901741377055,0.050473102288783094,0.5066666666666667,50.12678936605308,0.05021230283618916,0.050733901741377055,0.050473102288783094,0.5066666666666667,50.12678936605308,algorithm_native_internal_best_so_far.v1,true
clean,ragsr,164,150,150,1.0,0.05021230283618916,0.050733901741377055,0.050473102288783094,0.5066666666666667,50.13008130081291,0.05021230283618916,0.050733901741377055,0.050473102288783094,0.5066666666666667,50.13008130081291,algorithm_native_internal_best_so_far.v1,true
clean,ragsr,165,150,150,1.0,0.05021230283618916,0.050733901741377055,0.050473102288783094,0.5066666666666667,50.13333333333323,0.05021230283618916,0.050733901741377055,0.050473102288783094,0.5066666666666667,50.13333333333323,algorithm_native_internal_best_so_far.v1,true
clean,ragsr,166,150,150,1.0,0.05021230283618916,0.050733901741377055,0.050473102288783094,0.5066666666666667,50.136546184738854,0.05021230283618916,0.050733901741377055,0.050473102288783094,0.5066666666666667,50.136546184738854,algorithm_native_internal_best_so_far.v1,true
clean,ragsr,167,150,150,1.0,0.05021230283618916,0.050733901741377055,0.050473102288783094,0.5066666666666667,50.13972055888213,0.05021230283618916,0.050733901741377055,0.050473102288783094,0.5066666666666667,50.13972055888213,algorithm_native_internal_best_so_far.v1,true
clean,ragsr,168,150,150,1.0,0.05021230283618916,0.050733901741377055,0.050473102288783094,0.5066666666666667,50.14285714285703,0.05021230283618916,0.050733901741377055,0.050473102288783094,0.5066666666666667,50.14285714285703,algorithm_native_internal_best_so_far.v1,true
clean,ragsr,169,150,150,1.0,0.05021230283618916,0.050733901741377055,0.050473102288783094,0.5066666666666667,50.14595660749496,0.05021230283618916,0.050733901741377055,0.050473102288783094,0.5066666666666667,50.14595660749496,algorithm_native_internal_best_so_far.v1,true
clean,ragsr,170,150,150,1.0,0.05021230283618916,0.050733901741377055,0.050473102288783094,0.5066666666666667,50.14901960784302,0.05021230283618916,0.050733901741377055,0.050473102288783094,0.5066666666666667,50.14901960784302,algorithm_native_internal_best_so_far.v1,true
clean,ragsr,171,150,150,1.0,0.05021230283618916,0.050733901741377055,0.050473102288783094,0.5066666666666667,50.152046783625615,0.05021230283618916,0.050733901741377055,0.050473102288783094,0.5066666666666667,50.152046783625615,algorithm_native_internal_best_so_far.v1,true
clean,ragsr,172,150,150,1.0,0.05021230283618916,0.050733901741377055,0.050473102288783094,0.5066666666666667,50.1550387596898,0.05021230283618916,0.050733901741377055,0.050473102288783094,0.5066666666666667,50.1550387596898,algorithm_native_internal_best_so_far.v1,true
clean,ragsr,173,150,150,1.0,0.05021230283618916,0.050733901741377055,0.050473102288783094,0.5066666666666667,50.15799614643533,0.05021230283618916,0.050733901741377055,0.050473102288783094,0.5066666666666667,50.15799614643533,algorithm_native_internal_best_so_far.v1,true
clean,ragsr,174,150,150,1.0,0.05021230283618916,0.050733901741377055,0.050473102288783094,0.5066666666666667,50.16091954022976,0.05021230283618916,0.050733901741377055,0.050473102288783094,0.5066666666666667,50.16091954022976,algorithm_native_internal_best_so_far.v1,true
clean,ragsr,175,150,150,1.0,0.05021230283618916,0.050733901741377055,0.050473102288783094,0.5066666666666667,50.1638095238094,0.05021230283618916,0.050733901741377055,0.050473102288783094,0.5066666666666667,50.1638095238094,algorithm_native_internal_best_so_far.v1,true
clean,ragsr,176,150,150,1.0,0.05021230283618916,0.050733901741377055,0.050473102288783094,0.5066666666666667,50.166666666666536,0.05021230283618916,0.050733901741377055,0.050473102288783094,0.5066666666666667,50.166666666666536,algorithm_native_internal_best_so_far.v1,true
clean,ragsr,177,150,150,1.0,0.05021230283618916,0.050733901741377055,0.050473102288783094,0.5066666666666667,50.169491525423595,0.05021230283618916,0.050733901741377055,0.050473102288783094,0.5066666666666667,50.169491525423595,algorithm_native_internal_best_so_far.v1,true
clean,ragsr,178,150,150,1.0,0.05021230283618916,0.050733901741377055,0.050473102288783094,0.5066666666666667,50.17228464419462,0.05021230283618916,0.050733901741377055,0.050473102288783094,0.5066666666666667,50.17228464419462,algorithm_native_internal_best_so_far.v1,true
clean,ragsr,179,150,150,1.0,0.05021230283618916,0.050733901741377055,0.050473102288783094,0.5066666666666667,50.17504655493468,0.05021230283618916,0.050733901741377055,0.050473102288783094,0.5066666666666667,50.17504655493468,algorithm_native_internal_best_so_far.v1,true
clean,ragsr,180,150,150,1.0,0.05021230283618916,0.050733901741377055,0.050473102288783094,0.5066666666666667,50.177777777777635,0.05021230283618916,0.050733901741377055,0.050473102288783094,0.5066666666666667,50.177777777777635,algorithm_native_internal_best_so_far.v1,true
clean,symbolfit,1,150,150,1.0,0.29079650059573653,0.20734748607030293,0.2490719933330198,0.4632642528372128,46.32642528372128,0.29079650059573653,0.20734748607030293,0.2490719933330198,0.4632642528372128,46.32642528372128,algorithm_native_internal_best_so_far.v1,true
clean,symbolfit,2,150,150,1.0,0.411258515134782,0.31031044284296627,0.3607844789888741,0.670051596406472,56.66579246218424,0.411258515134782,0.31031044284296627,0.3607844789888741,0.670051596406472,56.66579246218424,algorithm_native_internal_best_so_far.v1,true
clean,symbolfit,3,150,150,1.0,0.44624939072286224,0.346403779546554,0.3963265851347081,0.7165730607849141,61.66296366761997,0.44624939072286224,0.346403779546554,0.3963265851347081,0.7165730607849141,61.66296366761997,algorithm_native_internal_best_so_far.v1,true
clean,symbolfit,4,150,150,1.0,0.464879483136141,0.36222494892017465,0.41355221602815784,0.736130283184131,64.65047983031825,0.464879483136141,0.36222494892017465,0.41355221602815784,0.736130283184131,64.65047983031825,algorithm_native_internal_best_so_far.v1,true
clean,symbolfit,5,150,150,1.0,0.48026693021747907,0.38026196801888146,0.43026444911818024,0.762615695623316,66.97269777672092,0.48026693021747907,0.38026196801888146,0.43026444911818024,0.762615695623316,66.97269777672092,algorithm_native_internal_best_so_far.v1,true
clean,symbolfit,6,150,150,1.0,0.4840077448828422,0.3810801144099028,0.43254392964637256,0.7574537598252331,68.43481081102132,0.4840077448828422,0.3810801144099028,0.43254392964637256,0.7574537598252331,68.43481081102132,algorithm_native_internal_best_so_far.v1,true
clean,symbolfit,7,150,150,1.0,0.4916218357446287,0.390563744296963,0.4410927900207962,0.7655669204713804,69.595079559038,0.4916218357446287,0.390563744296963,0.4410927900207962,0.7655669204713804,69.595079559038,algorithm_native_internal_best_so_far.v1,true
clean,symbolfit,8,150,150,1.0,0.4979916003943244,0.3929405655729287,0.4454660829836268,0.7778344986914572,70.61862584780147,0.4979916003943244,0.3929405655729287,0.4454660829836268,0.7778344986914572,70.61862584780147,algorithm_native_internal_best_so_far.v1,true
clean,symbolfit,9,150,150,1.0,0.50000886866361,0.3990428714758947,0.4495258700697526,0.7833539377372362,71.47604450623726,0.50000886866361,0.3990428714758947,0.4495258700697526,0.7833539377372362,71.47604450623726,algorithm_native_internal_best_so_far.v1,true
clean,symbolfit,10,150,150,1.0,0.5061860833289658,0.4060939459084921,0.45614001461872883,0.7927071790447425,72.25551184606095,0.5061860833289658,0.4060939459084921,0.45614001461872883,0.7927071790447425,72.25551184606095,algorithm_native_internal_best_so_far.v1,true
clean,symbolfit,11,150,150,1.0,0.5075498950016337,0.408576780318667,0.4580633376601504,0.7910144947831721,72.87786981262971,0.5075498950016337,0.408576780318667,0.4580633376601504,0.7910144947831721,72.87786981262971,algorithm_native_internal_best_so_far.v1,true
clean,symbolfit,12,150,150,1.0,0.5107780416130362,0.40889798685566137,0.459838014234349,0.7931298548271746,73.41412945180369,0.5107780416130362,0.40889798685566137,0.459838014234349,0.7931298548271746,73.41412945180369,algorithm_native_internal_best_so_far.v1,true
clean,symbolfit,13,150,150,1.0,0.5136238719641177,0.41143017465855325,0.4625270233113353,0.7970856120138944,73.89831650946414,0.5136238719641177,0.41143017465855325,0.4625270233113353,0.7970856120138944,73.89831650946414,algorithm_native_internal_best_so_far.v1,true
clean,symbolfit,14,150,150,1.0,0.5190117109161566,0.4194750407754731,0.4692433758458145,0.8157554835698184,74.44669021285826,0.5190117109161566,0.4194750407754731,0.4692433758458145,0.8157554835698184,74.44669021285826,algorithm_native_internal_best_so_far.v1,true
clean,symbolfit,15,150,150,1.0,0.5205008674527392,0.4208791149329788,0.4706899911928585,0.8101303928183048,74.8844468174564,0.5205008674527392,0.4208791149329788,0.4706899911928585,0.8101303928183048,74.8844468174564,algorithm_native_internal_best_so_far.v1,true
clean,symbolfit,16,150,150,1.0,0.5215101257816079,0.42348137349990866,0.47249574964075786,0.8092462574334721,75.26195800032458,0.5215101257816079,0.42348137349990866,0.47249574964075786,0.8092462574334721,75.26195800032458,algorithm_native_internal_best_so_far.v1,true
clean,symbolfit,17,150,150,1.0,0.5232894215821318,0.42508941526190475,0.47418941842201795,0.8110496852480532,75.60566450176462,0.5232894215821318,0.42508941526190475,0.47418941842201795,0.8110496852480532,75.60566450176462,algorithm_native_internal_best_so_far.v1,true
clean,symbolfit,18,150,150,1.0,0.5242934055047767,0.4190606737563639,0.47167703963056995,0.8090848254909095,75.90026550439387,0.5242934055047767,0.4190606737563639,0.47167703963056995,0.8090848254909095,75.90026550439387,algorithm_native_internal_best_so_far.v1,true
clean,symbolfit,19,150,150,1.0,0.5274946797383797,0.42713523658125807,0.47731495815981856,0.821524110083716,76.22932579407691,0.5274946797383797,0.42713523658125807,0.47731495815981856,0.821524110083716,76.22932579407691,algorithm_native_internal_best_so_far.v1,true
clean,symbolfit,20,150,150,1.0,0.5289349352184163,0.4284013020985003,0.47866811865845826,0.8237164212482601,76.53644161061436,0.5289349352184163,0.4284013020985003,0.47866811865845826,0.8237164212482601,76.53644161061436,algorithm_native_internal_best_so_far.v1,true
clean,symbolfit,21,150,150,1.0,0.5336212921745366,0.43466381861156395,0.48414255539305023,0.8327140085811696,76.85715395573354,0.5336212921745366,0.43466381861156395,0.48414255539305023,0.8327140085811696,76.85715395573354,algorithm_native_internal_best_so_far.v1,true
clean,symbolfit,22,150,150,1.0,0.5378714988494793,0.4366104089065167,0.48724095387799776,0.836181249913423,77.16447082098848,0.5378714988494793,0.4366104089065167,0.48724095387799776,0.836181249913423,77.16447082098848,algorithm_native_internal_best_so_far.v1,true
clean,symbolfit,23,150,150,1.0,0.5398638030858297,0.43970642354992956,0.4897851133178793,0.8383708526468658,77.4545844924536,0.5398638030858297,0.43970642354992956,0.4897851133178793,0.8383708526468658,77.4545844924536,algorithm_native_internal_best_so_far.v1,true
clean,symbolfit,24,150,150,1.0,0.5421315152352026,0.441441308089723,0.4917864116624628,0.8413297662247821,77.73285083120463,0.5421315152352026,0.441441308089723,0.4917864116624628,0.8413297662247821,77.73285083120463,algorithm_native_internal_best_so_far.v1,true
clean,symbolfit,25,150,150,1.0,0.5435488931465661,0.4425596044947192,0.49305424882064264,0.84262955533267,77.99405501928713,0.5435488931465661,0.4425596044947192,0.49305424882064264,0.84262955533267,77.99405501928713,algorithm_native_internal_best_so_far.v1,true
clean,symbolfit,26,150,150,1.0,0.5431418118329053,0.44269705026775713,0.49291943105033087,0.8378025532909082,78.21660118504882,0.5431418118329053,0.44269705026775713,0.49291943105033087,0.8378025532909082,78.21660118504882,algorithm_native_internal_best_so_far.v1,true
clean,symbolfit,27,150,150,1.0,0.5436914376574943,0.4431224831948783,0.4934069604261858,0.8388244041785743,78.42644708256024,0.5436914376574943,0.4431224831948783,0.4934069604261858,0.8388244041785743,78.42644708256024,algorithm_native_internal_best_so_far.v1,true
clean,symbolfit,28,150,150,1.0,0.545454775047418,0.4451103727860374,0.49528257391672736,0.8440779893938362,78.6400667917325,0.545454775047418,0.4451103727860374,0.49528257391672736,0.8440779893938362,78.6400667917325,algorithm_native_internal_best_so_far.v1,true
clean,symbolfit,29,150,150,1.0,0.5463975042299655,0.44757878311110233,0.4969881436705338,0.8468950211360927,78.84866800972824,0.5463975042299655,0.44757878311110233,0.4969881436705338,0.8468950211360927,78.84866800972824,algorithm_native_internal_best_so_far.v1,true
clean,symbolfit,30,150,150,1.0,0.5471186014048183,0.4477123636831928,0.49741548254400575,0.8447270119809299,79.03613578267374,0.5471186014048183,0.4477123636831928,0.49741548254400575,0.8447270119809299,79.03613578267374,algorithm_native_internal_best_so_far.v1,true
clean,symbolfit,31,150,150,1.0,0.5480726224772074,0.4476949604366348,0.4978837914569211,0.8449517604490843,79.21223385564906,0.5480726224772074,0.4476949604366348,0.4978837914569211,0.8449517604490843,79.21223385564906,algorithm_native_internal_best_so_far.v1,true
clean,symbolfit,32,150,150,1.0,0.5489184121297385,0.44642456711750245,0.4976714896236207,0.8442608450832984,79.37516668854533,0.5489184121297385,0.44642456711750245,0.4976714896236207,0.8442608450832984,79.37516668854533,algorithm_native_internal_best_so_far.v1,true
clean,symbolfit,33,150,150,1.0,0.5499626171828368,0.4465280865278133,0.49824535185532504,0.844434698435658,79.52875163263685,0.5499626171828368,0.4465280865278133,0.49824535185532504,0.844434698435658,79.52875163263685,algorithm_native_internal_best_so_far.v1,true
clean,symbolfit,34,150,150,1.0,0.550705895055526,0.44654615129963654,0.4986260231775815,0.8437931115728099,79.67141514806758,0.550705895055526,0.44654615129963654,0.4986260231775815,0.8437931115728099,79.67141514806758,algorithm_native_internal_best_so_far.v1,true
clean,symbolfit,35,150,150,1.0,0.5513224454319727,0.4471024121075135,0.49921242876974314,0.8454586065080885,79.81068501957446,0.5513224454319727,0.4471024121075135,0.49921242876974314,0.8454586065080885,79.81068501957446,algorithm_native_internal_best_so_far.v1,true
clean,symbolfit,36,150,150,1.0,0.5518225147083579,0.4465613590551422,0.4991919368817502,0.8449190441852209,79.94071889176746,0.5518225147083579,0.4465613590551422,0.4991919368817502,0.8449190441852209,79.94071889176746,algorithm_native_internal_best_so_far.v1,true
clean,symbolfit,37,150,150,1.0,0.5520454231087412,0.4481212637534995,0.5000833434311206,0.8463082002861372,80.0674783819525,0.5520454231087412,0.4481212637534995,0.5000833434311206,0.8463082002861372,80.0674783819525,algorithm_native_internal_best_so_far.v1,true
clean,symbolfit,38,150,150,1.0,0.551420751068354,0.4475793939103013,0.49950007248932804,0.8424060261968462,80.17729744084018,0.551420751068354,0.4475793939103013,0.49950007248932804,0.8424060261968462,80.17729744084018,algorithm_native_internal_best_so_far.v1,true
clean,symbolfit,39,150,150,1.0,0.5517532724182751,0.4471402982263539,0.4994467853223144,0.8426020346590243,80.28198733891871,0.5517532724182751,0.4471402982263539,0.4994467853223144,0.8426020346590243,80.28198733891871,algorithm_native_internal_best_so_far.v1,true
clean,symbolfit,40,150,150,1.0,0.5530314553517326,0.4502827624347756,0.5016571088932541,0.8482550673530744,80.39557532382841,0.5530314553517326,0.4502827624347756,0.5016571088932541,0.8482550673530744,80.39557532382841,algorithm_native_internal_best_so_far.v1,true
clean,symbolfit,41,150,150,1.0,0.5567344985557026,0.4536201287921262,0.5051773136739143,0.8556620347273551,80.52168820550908,0.5567344985557026,0.4536201287921262,0.5051773136739143,0.8556620347273551,80.52168820550908,algorithm_native_internal_best_so_far.v1,true
clean,symbolfit,42,150,150,1.0,0.5568241122797662,0.4540736322537407,0.5054488722667538,0.8565295605154691,80.64386124946235,0.5568241122797662,0.4540736322537407,0.5054488722667538,0.8565295605154691,80.64386124946235,algorithm_native_internal_best_so_far.v1,true
clean,symbolfit,43,150,150,1.0,0.5597071128437556,0.4565254963544002,0.5081163045990781,0.8602509964739687,80.76900632848408,0.5597071128437556,0.4565254963544002,0.5081163045990781,0.8602509964739687,80.76900632848408,algorithm_native_internal_best_so_far.v1,true
clean,symbolfit,44,150,150,1.0,0.5603049975027029,0.4573621104372748,0.5088335539699891,0.8622814439963834,80.89307764828304,0.5603049975027029,0.4573621104372748,0.5088335539699891,0.8622814439963834,80.89307764828304,algorithm_native_internal_best_so_far.v1,true
clean,symbolfit,45,150,150,1.0,0.5612697132201198,0.4596421353064567,0.5104559242632881,0.8601006813689374,81.00678854802993,0.5612697132201198,0.4596421353064567,0.5104559242632881,0.8601006813689374,81.00678854802993,algorithm_native_internal_best_so_far.v1,true
clean,symbolfit,46,150,150,1.0,0.562037955652627,0.4586308606276674,0.5103344081401472,0.8591846581172939,81.11356414071905,0.562037955652627,0.4586308606276674,0.5103344081401472,0.8591846581172939,81.11356414071905,algorithm_native_internal_best_so_far.v1,true
clean,symbolfit,47,150,150,1.0,0.5640600582631641,0.4592914965668579,0.5116757774150115,0.8652567855487355,81.22871551123298,0.5640600582631641,0.4592914965668579,0.5116757774150115,0.8652567855487355,81.22871551123298,algorithm_native_internal_best_so_far.v1,true
clean,symbolfit,48,150,150,1.0,0.5644239696168114,0.4589215329253509,0.511672751271081,0.8645560125171323,81.33760896415966,0.5644239696168114,0.4589215329253509,0.511672751271081,0.8645560125171323,81.33760896415966,algorithm_native_internal_best_so_far.v1,true
clean,symbolfit,49,150,150,1.0,0.5648554971795291,0.45989575081496753,0.5123756239972486,0.8659100665937008,81.44482116202109,0.5648554971795291,0.45989575081496753,0.5123756239972486,0.8659100665937008,81.44482116202109,algorithm_native_internal_best_so_far.v1,true
clean,symbolfit,50,150,150,1.0,0.5665707338094242,0.4611391470895101,0.5138549404494674,0.8671758642908219,81.55027646736231,0.5665707338094242,0.4611391470895101,0.5138549404494674,0.8671758642908219,81.55027646736231,algorithm_native_internal_best_so_far.v1,true
clean,symbolfit,51,150,150,1.0,0.5670541660457633,0.4602680810112374,0.5136611235285005,0.8666634634514643,81.65059156300515,0.5670541660457633,0.4602680810112374,0.5136611235285005,0.8666634634514643,81.65059156300515,algorithm_native_internal_best_so_far.v1,true
clean,symbolfit,52,150,150,1.0,0.5676223439929075,0.4614091022930515,0.5145157231429794,0.8684556959455828,81.75049498668886,0.5676223439929075,0.4614091022930515,0.5145157231429794,0.8684556959455828,81.75049498668886,algorithm_native_internal_best_so_far.v1,true
clean,symbolfit,53,150,150,1.0,0.5681244356397714,0.4626048651759594,0.5153646504078656,0.8697704831533641,81.84910920043693,0.5681244356397714,0.4626048651759594,0.5153646504078656,0.8697704831533641,81.84910920043693,algorithm_native_internal_best_so_far.v1,true
clean,symbolfit,54,150,150,1.0,0.568541950382188,0.4628624697800353,0.5157022100811118,0.87031333115493,81.94507630997502,0.568541950382188,0.4628624697800353,0.5157022100811118,0.87031333115493,81.94507630997502,algorithm_native_internal_best_so_far.v1,true
clean,symbolfit,55,150,150,1.0,0.5687931922242254,0.46332643986837646,0.5160598160463011,0.8706229914561177,82.03811672516841,0.5687931922242254,0.46332643986837646,0.5160598160463011,0.8706229914561177,82.03811672516841,algorithm_native_internal_best_so_far.v1,true
clean,symbolfit,56,150,150,1.0,0.5689617924666382,0.46346210364288226,0.5162119480547603,0.8703152236158042,82.12728468296147,0.5689617924666382,0.46346210364288226,0.5162119480547603,0.8703152236158042,82.12728468296147,algorithm_native_internal_best_so_far.v1,true
clean,symbolfit,57,150,150,1.0,0.5698771431559481,0.4637794974557984,0.5168283203058733,0.8744423053960069,82.22056443483234,0.5698771431559481,0.4637794974557984,0.5168283203058733,0.8744423053960069,82.22056443483234,algorithm_native_internal_best_so_far.v1,true
clean,symbolfit,58,150,150,1.0,0.5702685870248422,0.4639312718779604,0.5170999294514016,0.8744516331258969,82.31064372582814,0.5702685870248422,0.4639312718779604,0.5170999294514016,0.8744516331258969,82.31064372582814,algorithm_native_internal_best_so_far.v1,true
clean,symbolfit,59,150,150,1.0,0.5708096986874355,0.46367618162733426,0.5172429401573848,0.8749671507620025,82.39854324024124,0.5708096986874355,0.46367618162733426,0.5172429401573848,0.8749671507620025,82.39854324024124,algorithm_native_internal_best_so_far.v1,true
clean,symbolfit,60,150,150,1.0,0.5709683009307028,0.4627519289025372,0.5168601149166199,0.8737417370403654,82.48147041463783,0.5709683009307028,0.4627519289025372,0.5168601149166199,0.8737417370403654,82.48147041463783,algorithm_native_internal_best_so_far.v1,true
clean,symbolfit,61,150,150,1.0,0.5711897030089581,0.4634919513579236,0.5173408271834405,0.8743016121627397,82.56259649335317,0.5711897030089581,0.4634919513579236,0.5173408271834405,0.8743016121627397,82.56259649335317,algorithm_native_internal_best_so_far.v1,true
clean,symbolfit,62,150,150,1.0,0.5712678523066863,0.4632306011037697,0.5172492267052278,0.8742416531983488,82.6410088937803,0.5712678523066863,0.4632306011037697,0.5172492267052278,0.8742416531983488,82.6410088937803,algorithm_native_internal_best_so_far.v1,true
clean,symbolfit,63,150,150,1.0,0.5713655710589554,0.46364621164634023,0.5175058913526477,0.8747345455797283,82.71771438051351,0.5713655710589554,0.46364621164634023,0.5175058913526477,0.8747345455797283,82.71771438051351,algorithm_native_internal_best_so_far.v1,true
clean,symbolfit,64,150,150,1.0,0.5715191989135651,0.46317434936270635,0.5173467741381357,0.8745400510756822,82.79171892312374,0.5715191989135651,0.46317434936270635,0.5173467741381357,0.8745400510756822,82.79171892312374,algorithm_native_internal_best_so_far.v1,true
clean,symbolfit,65,150,150,1.0,0.571479663352716,0.4635875465590122,0.517533604955864,0.8746910408932378,82.86367869491143,0.571479663352716,0.4635875465590122,0.517533604955864,0.8746910408932378,82.86367869491143,algorithm_native_internal_best_so_far.v1,true
clean,symbolfit,66,150,150,1.0,0.5718828238239254,0.46265230384046446,0.517267563832195,0.8745002371978613,82.9331687710459,0.5718828238239254,0.46265230384046446,0.517267563832195,0.8745002371978613,82.9331687710459,algorithm_native_internal_best_so_far.v1,true
clean,symbolfit,67,150,150,1.0,0.5719450830732049,0.46268062860612974,0.5173128558396676,0.873899431871442,82.9996877921817,0.5719450830732049,0.46268062860612974,0.5173128558396676,0.873899431871442,82.9996877921817,algorithm_native_internal_best_so_far.v1,true
clean,symbolfit,68,150,150,1.0,0.573639618351405,0.4661589128464652,0.5198992655989354,0.882092533973461,83.07629905108118,0.573639618351405,0.4661589128464652,0.5198992655989354,0.882092533973461,83.07629905108118,algorithm_native_internal_best_so_far.v1,true
clean,symbolfit,69,150,150,1.0,0.5737668803211203,0.46579238564135184,0.5197796329812362,0.8819828133417896,83.15053067837245,0.5737668803211203,0.46579238564135184,0.5197796329812362,0.8819828133417896,83.15053067837245,algorithm_native_internal_best_so_far.v1,true
clean,symbolfit,70,150,150,1.0,0.5743585866825653,0.4664588569208417,0.5204087218017037,0.8827061399704382,83.22367472578205,0.5743585866825653,0.4664588569208417,0.5204087218017037,0.8827061399704382,83.22367472578205,algorithm_native_internal_best_so_far.v1,true
clean,symbolfit,71,150,150,1.0,0.5745822879053823,0.4671932793002481,0.520887783602815,0.8835970904645395,83.2960132373408,0.5745822879053823,0.4671932793002481,0.520887783602815,0.8835970904645395,83.2960132373408,algorithm_native_internal_best_so_far.v1,true
clean,symbolfit,72,150,150,1.0,0.5748541986984406,0.46710106561883585,0.5209776321586381,0.8833866055688315,83.36605000566777,0.5748541986984406,0.46710106561883585,0.5209776321586381,0.8833866055688315,83.36605000566777,algorithm_native_internal_best_so_far.v1,true
clean,symbolfit,73,150,150,1.0,0.5769442350840096,0.4691622324561368,0.5230532337700733,0.8911879064848737,83.44485467200778,0.5769442350840096,0.4691622324561368,0.5230532337700733,0.8911879064848737,83.44485467200778,algorithm_native_internal_best_so_far.v1,true
clean,symbolfit,74,150,150,1.0,0.577181887924195,0.46891381811782906,0.5230478530210121,0.8910570136183189,83.52135260024865,0.577181887924195,0.46891381811782906,0.5230478530210121,0.8910570136183189,83.52135260024865,algorithm_native_internal_best_so_far.v1,true
clean,symbolfit,75,150,150,1.0,0.5776199101183168,0.46978562201390106,0.5237027660661088,0.892159087150804,83.59728001511307,0.5776199101183168,0.46978562201390106,0.5237027660661088,0.892159087150804,83.59728001511307,algorithm_native_internal_best_so_far.v1,true
clean,symbolfit,76,150,150,1.0,0.5778582968670757,0.4692438094852683,0.523551053176172,0.8921927643578413,83.67125365222716,0.5778582968670757,0.4692438094852683,0.523551053176172,0.8921927643578413,83.67125365222716,algorithm_native_internal_best_so_far.v1,true
clean,symbolfit,77,150,150,1.0,0.5787968328286248,0.46957512273405133,0.5241859777813381,0.8935648962122446,83.74508788559076,0.5787968328286248,0.46957512273405133,0.5241859777813381,0.8935648962122446,83.74508788559076,algorithm_native_internal_best_so_far.v1,true
clean,symbolfit,78,150,150,1.0,0.5791099821309525,0.46998653591984285,0.5245482590253979,0.8942603899217052,83.81792059208539,0.5791099821309525,0.46998653591984285,0.5245482590253979,0.8942603899217052,83.81792059208539,algorithm_native_internal_best_so_far.v1,true
clean,symbolfit,79,150,150,1.0,0.579216637696253,0.4694362381133793,0.5243264379048163,0.8937575178675286,83.88827288568876,0.579216637696253,0.4694362381133793,0.5243264379048163,0.8937575178675286,83.88827288568876,algorithm_native_internal_best_so_far.v1,true
clean,symbolfit,80,150,150,1.0,0.5793445432626011,0.4690159206853001,0.5241802319739507,0.8930666488209374,83.95600278564382,0.5793445432626011,0.4690159206853001,0.5241802319739507,0.8930666488209374,83.95600278564382,algorithm_native_internal_best_so_far.v1,true
clean,symbolfit,81,150,150,1.0,0.5798258661666705,0.4695407572730459,0.5246833117198582,0.895571069277997,84.02515221949758,0.5798258661666705,0.4695407572730459,0.5246833117198582,0.895571069277997,84.02515221949758,algorithm_native_internal_best_so_far.v1,true
clean,symbolfit,82,150,150,1.0,0.5801031915693954,0.4713149933249831,0.5257090924471892,0.8965899624602054,84.09385763445519,0.5801031915693954,0.4713149933249831,0.5257090924471892,0.8965899624602054,84.09385763445519,algorithm_native_internal_best_so_far.v1,true
clean,symbolfit,83,150,150,1.0,0.5803005056487343,0.4717592279991392,0.5260298668239368,0.8976743772833881,84.16221402112849,0.5803005056487343,0.4717592279991392,0.5260298668239368,0.8976743772833881,84.16221402112849,algorithm_native_internal_best_so_far.v1,true
clean,symbolfit,84,150,150,1.0,0.5806692176459158,0.4718075157885995,0.5262383667172573,0.8982089615427329,84.22957928461832,0.5806692176459158,0.4718075157885995,0.5262383667172573,0.8982089615427329,84.22957928461832,algorithm_native_internal_best_so_far.v1,true
clean,symbolfit,85,150,150,1.0,0.5817288455667479,0.472197199940626,0.5269630227536866,0.8990387329919977,84.29633568478987,0.5817288455667479,0.472197199940626,0.5269630227536866,0.8990387329919977,84.29633568478987,algorithm_native_internal_best_so_far.v1,true
clean,symbolfit,86,150,150,1.0,0.5822861852333274,0.4720638997991271,0.5271750425162269,0.8979992357394994,84.36033089280336,0.5822861852333274,0.4720638997991271,0.5271750425162269,0.8979992357394994,84.36033089280336,algorithm_native_internal_best_so_far.v1,true
clean,symbolfit,87,150,150,1.0,0.5823059358939554,0.47330162735406955,0.5278037816240122,0.8993464879844775,84.42440351240846,0.5823059358939554,0.47330162735406955,0.5278037816240122,0.8993464879844775,84.42440351240846,algorithm_native_internal_best_so_far.v1,true
clean,symbolfit,88,150,150,1.0,0.5823524326702137,0.47286449913838224,0.5276084659042977,0.8989678513816252,84.48658966724658,0.5823524326702137,0.47286449913838224,0.5276084659042977,0.8989678513816252,84.48658966724658,algorithm_native_internal_best_so_far.v1,true
clean,symbolfit,89,150,150,1.0,0.5823455346296877,0.47282407037009105,0.527584802499889,0.89892515788463,84.5473304101816,0.5823455346296877,0.47282407037009105,0.527584802499889,0.89892515788463,84.5473304101816,algorithm_native_internal_best_so_far.v1,true
clean,symbolfit,90,150,150,1.0,0.5815273445955992,0.47287266230610875,0.5272000034508537,0.898334921578318,84.60606554071106,0.5815273445955992,0.47287266230610875,0.5272000034508537,0.898334921578318,84.60606554071106,algorithm_native_internal_best_so_far.v1,true
clean,symbolfit,91,150,150,1.0,0.5820471536728014,0.4739578186879485,0.5280024861803749,0.9002329176615912,84.66559549923247,0.5820471536728014,0.4739578186879485,0.5280024861803749,0.9002329176615912,84.66559549923247,algorithm_native_internal_best_so_far.v1,true
clean,symbolfit,92,150,150,1.0,0.5823226906301372,0.47421026361465485,0.528266477122396,0.9011371150222883,84.72481415143896,0.5823226906301372,0.47421026361465485,0.528266477122396,0.9011371150222883,84.72481415143896,algorithm_native_internal_best_so_far.v1,true
clean,symbolfit,93,150,150,1.0,0.5824096049086118,0.47441991866137423,0.5284147617849929,0.9011556974146273,84.78277926531018,0.5824096049086118,0.47441991866137423,0.5284147617849929,0.9011556974146273,84.78277926531018,algorithm_native_internal_best_so_far.v1,true
clean,symbolfit,94,150,150,1.0,0.582442686152987,0.4743747637711668,0.528408724962077,0.9009930801739741,84.83933808182175,0.582442686152987,0.4743747637711668,0.528408724962077,0.9009930801739741,84.83933808182175,algorithm_native_internal_best_so_far.v1,true
clean,symbolfit,95,150,150,1.0,0.5824690952917688,0.47447512667005354,0.5284721109809112,0.9011908033991449,84.89491431611746,0.5824690952917688,0.47447512667005354,0.5284721109809112,0.9011908033991449,84.89491431611746,algorithm_native_internal_best_so_far.v1,true
clean,symbolfit,96,150,150,1.0,0.5831129534280226,0.47524916979674886,0.5291810616123858,0.9025550381737433,84.95075379008888,0.5831129534280226,0.47524916979674886,0.5291810616123858,0.9025550381737433,84.95075379008888,algorithm_native_internal_best_so_far.v1,true
clean,symbolfit,97,150,150,1.0,0.5840314776601644,0.4747774530570428,0.5294044653586037,0.9036239338391042,85.00654388899426,0.5840314776601644,0.4747774530570428,0.5294044653586037,0.9036239338391042,85.00654388899426,algorithm_native_internal_best_so_far.v1,true
clean,symbolfit,98,150,150,1.0,0.5850047628325262,0.4747358082804599,0.5298702855564932,0.9049096797734792,85.0625074000999,0.5850047628325262,0.4747358082804599,0.5298702855564932,0.9049096797734792,85.0625074000999,algorithm_native_internal_best_so_far.v1,true
clean,symbolfit,99,150,150,1.0,0.5854674357083092,0.4748401116344008,0.530153773671355,0.9054388107888852,85.11787481099675,0.5854674357083092,0.4748401116344008,0.530153773671355,0.9054388107888852,85.11787481099675,algorithm_native_internal_best_so_far.v1,true
clean,symbolfit,100,150,150,1.0,0.585494323709495,0.4746925531914451,0.5300934384504699,0.9052230630198996,85.1719191259067,0.585494323709495,0.4746925531914451,0.5300934384504699,0.9052230630198996,85.1719191259067,algorithm_native_internal_best_so_far.v1,true
clean,symbolfit,101,150,150,1.0,0.5856901493014272,0.47663316344661266,0.5311616563740199,0.9067859207061931,85.2264406402108,0.5856901493014272,0.47663316344661266,0.5311616563740199,0.9067859207061931,85.2264406402108,algorithm_native_internal_best_so_far.v1,true
clean,symbolfit,102,150,150,1.0,0.5858019091294631,0.47671402885651076,0.5312579689929868,0.9070685821167356,85.28017022424474,0.5858019091294631,0.47671402885651076,0.5312579689929868,0.9070685821167356,85.28017022424474,algorithm_native_internal_best_so_far.v1,true
clean,symbolfit,103,150,150,1.0,0.5858302934244413,0.4768089437460057,0.5313196185852235,0.9072298465472691,85.3330130827931,0.5858302934244413,0.4768089437460057,0.5313196185852235,0.9072298465472691,85.3330130827931,algorithm_native_internal_best_so_far.v1,true
clean,symbolfit,104,150,150,1.0,0.5861511820376232,0.47659912007992317,0.531375151058773,0.9073950582194844,85.38499858990036,0.5861511820376232,0.47659912007992317,0.531375151058773,0.9073950582194844,85.38499858990036,algorithm_native_internal_best_so_far.v1,true
clean,symbolfit,105,150,150,1.0,0.5861806668621472,0.4764165223519357,0.5312985946070412,0.9073243031972258,85.43592651113677,0.5861806668621472,0.4764165223519357,0.5312985946070412,0.9073243031972258,85.43592651113677,algorithm_native_internal_best_so_far.v1,true
clean,symbolfit,106,150,150,1.0,0.5845710829876848,0.47701263171906416,0.5307918573533743,0.9064629869803029,85.4850809657301,0.5845710829876848,0.47701263171906416,0.5307918573533743,0.9064629869803029,85.4850809657301,algorithm_native_internal_best_so_far.v1,true
clean,symbolfit,107,150,150,1.0,0.5849832626688105,0.47691097422518036,0.5309471184469954,0.9066441468285182,85.53348595374058,0.5849832626688105,0.47691097422518036,0.5309471184469954,0.9066441468285182,85.53348595374058,algorithm_native_internal_best_so_far.v1,true
clean,symbolfit,108,150,150,1.0,0.5853151449070412,0.4779328616559649,0.5316240032815027,0.9077514559033603,85.58201983926462,0.5853151449070412,0.4779328616559649,0.5316240032815027,0.9077514559033603,85.58201983926462,algorithm_native_internal_best_so_far.v1,true
clean,symbolfit,109,150,150,1.0,0.5850827954804927,0.477934145430503,0.5315084704554977,0.9074728397056532,85.62940758358846,0.5850827954804927,0.477934145430503,0.5315084704554977,0.9074728397056532,85.62940758358846,algorithm_native_internal_best_so_far.v1,true
clean,symbolfit,110,150,150,1.0,0.5860432218402614,0.47698948136416885,0.5315163516022149,0.9073189655806819,85.67579384699283,0.5860432218402614,0.47698948136416885,0.5315163516022149,0.9073189655806819,85.67579384699283,algorithm_native_internal_best_so_far.v1,true
clean,symbolfit,111,150,150,1.0,0.5860651696948478,0.4759143677099425,0.5309897687023951,0.9050884877351859,85.71933488236694,0.5860651696948478,0.4759143677099425,0.5309897687023951,0.9050884877351859,85.71933488236694,algorithm_native_internal_best_so_far.v1,true
clean,symbolfit,112,150,150,1.0,0.5862948749127439,0.47662334655793737,0.5314591107353404,0.9058522657986473,85.76278034395173,0.5862948749127439,0.47662334655793737,0.5314591107353404,0.9058522657986473,85.76278034395173,algorithm_native_internal_best_so_far.v1,true
clean,symbolfit,113,150,150,1.0,0.5866909909995227,0.47601476713963364,0.5313528790695778,0.9051761066983434,85.80485848842858,0.5866909909995227,0.47601476713963364,0.5313528790695778,0.9051761066983434,85.80485848842858,algorithm_native_internal_best_so_far.v1,true
clean,symbolfit,114,150,150,1.0,0.5861110686506834,0.476710948733855,0.5314110086922689,0.9056685509444814,85.84663038848139,0.5861110686506834,0.476710948733855,0.5314110086922689,0.9056685509444814,85.84663038848139,algorithm_native_internal_best_so_far.v1,true
clean,symbolfit,115,150,150,1.0,0.5861948306067674,0.47614594372037716,0.5311703871635719,0.9050503010718371,85.88713821212228,0.5861948306067674,0.47614594372037716,0.5311703871635719,0.9050503010718371,85.88713821212228,algorithm_native_internal_best_so_far.v1,true
clean,symbolfit,116,150,150,1.0,0.5865333824911773,0.475769504115017,0.5311514433030967,0.905190580917367,85.92706855591206,0.5865333824911773,0.475769504115017,0.5311514433030967,0.905190580917367,85.92706855591206,algorithm_native_internal_best_so_far.v1,true
clean,symbolfit,117,150,150,1.0,0.5866795225777505,0.47895481268450185,0.5328171676311257,0.909169013174947,85.96971669917345,0.5866795225777505,0.47895481268450185,0.5328171676311257,0.909169013174947,85.96971669917345,algorithm_native_internal_best_so_far.v1,true
clean,symbolfit,118,150,150,1.0,0.5870869018052189,0.4790722537058795,0.533079577755549,0.9098146934673786,86.01218917923755,0.5870869018052189,0.4790722537058795,0.533079577755549,0.9098146934673786,86.01218917923755,algorithm_native_internal_best_so_far.v1,true
clean,symbolfit,119,150,150,1.0,0.5871357378408938,0.4790799156066643,0.5331078267237789,0.9098308113144753,86.05396138051663,0.5871357378408938,0.4790799156066643,0.5331078267237789,0.9098308113144753,86.05396138051663,algorithm_native_internal_best_so_far.v1,true
clean,symbolfit,120,150,150,1.0,0.591347219990425,0.48432554685543683,0.5378363834229308,0.9146876067984315,86.09908470801102,0.591347219990425,0.48432554685543683,0.5378363834229308,0.9146876067984315,86.09908470801102,algorithm_native_internal_best_so_far.v1,true
clean,symbolfit,121,150,150,1.0,0.5913818303377968,0.4843514893465605,0.5378666598421785,0.9147435062661586,86.14350839328876,0.5913818303377968,0.4843514893465605,0.5378666598421785,0.9147435062661586,86.14350839328876,algorithm_native_internal_best_so_far.v1,true
clean,symbolfit,122,150,150,1.0,0.5914082305356645,0.48464050660561203,0.5380243685706383,0.9149042693656114,86.18733559446312,0.5914082305356645,0.48464050660561203,0.5380243685706383,0.9149042693656114,86.18733559446312,algorithm_native_internal_best_so_far.v1,true
clean,symbolfit,123,150,150,1.0,0.5915255372249141,0.48481780456368234,0.5381716708942983,0.9149770214830939,86.230509306283,0.5915255372249141,0.48481780456368234,0.5381716708942983,0.9149770214830939,86.230509306283,algorithm_native_internal_best_so_far.v1,true
clean,symbolfit,124,150,150,1.0,0.5915770688001452,0.4843575458205467,0.537967307310346,0.9146756177136323,86.27274360035622,0.5915770688001452,0.4843575458205467,0.537967307310346,0.9146756177136323,86.27274360035622,algorithm_native_internal_best_so_far.v1,true
clean,symbolfit,125,150,150,1.0,0.5919501111898458,0.48455541470248686,0.5382527629461662,0.9149697488937343,86.31453745066835,0.5919501111898458,0.48455541470248686,0.5382527629461662,0.9149697488937343,86.31453745066835,algorithm_native_internal_best_so_far.v1,true
clean,symbolfit,126,150,150,1.0,0.592036554538039,0.4817426542221437,0.5368896043800913,0.9129493798469368,86.35406443903364,0.592036554538039,0.4817426542221437,0.5368896043800913,0.9129493798469368,86.35406443903364,algorithm_native_internal_best_so_far.v1,true
clean,symbolfit,127,150,150,1.0,0.5919990935609779,0.4819300517892288,0.5369645726751032,0.9130954618854464,86.39308398036837,0.5919990935609779,0.4819300517892288,0.5369645726751032,0.9130954618854464,86.39308398036837,algorithm_native_internal_best_so_far.v1,true
clean,symbolfit,128,150,150,1.0,0.5866340051268858,0.47903921495491725,0.5328366100409013,0.9065380381151764,86.42637085404922,0.5866340051268858,0.47903921495491725,0.5328366100409013,0.9065380381151764,86.42637085404922,algorithm_native_internal_best_so_far.v1,true
clean,symbolfit,129,150,150,1.0,0.5866510726897335,0.4794828857060782,0.5330669791979057,0.9068740741009216,86.45940214518134,0.5866510726897335,0.4794828857060782,0.5330669791979057,0.9068740741009216,86.45940214518134,algorithm_native_internal_best_so_far.v1,true
clean,symbolfit,130,150,150,1.0,0.5871311728320896,0.47948541292204166,0.5333082928770654,0.907116226387595,86.49211153359349,0.5871311728320896,0.47948541292204166,0.5333082928770654,0.907116226387595,86.49211153359349,algorithm_native_internal_best_so_far.v1,true
clean,symbolfit,131,150,150,1.0,0.5869974139077336,0.47949403867325496,0.533245726290494,0.9069216996447744,86.52417304833307,0.5869974139077336,0.47949403867325496,0.533245726290494,0.9069216996447744,86.52417304833307,algorithm_native_internal_best_so_far.v1,true
clean,symbolfit,132,150,150,1.0,0.587012829898689,0.4793546839059206,0.5331837569023046,0.9065873554351004,86.55549549147835,0.587012829898689,0.4793546839059206,0.5331837569023046,0.9065873554351004,86.55549549147835,algorithm_native_internal_best_so_far.v1,true
clean,symbolfit,133,150,150,1.0,0.5888842592299808,0.4807329957754142,0.5348086275026974,0.9088759838196949,86.5880676936625,0.5888842592299808,0.4807329957754142,0.5348086275026974,0.9088759838196949,86.5880676936625,algorithm_native_internal_best_so_far.v1,true
clean,symbolfit,134,150,150,1.0,0.5889291808842085,0.481007362968211,0.5349682719262097,0.9095170329100911,86.6206321384188,0.5889291808842085,0.481007362968211,0.5349682719262097,0.9095170329100911,86.6206321384188,algorithm_native_internal_best_so_far.v1,true
clean,symbolfit,135,150,150,1.0,0.5895650571451934,0.48164095168805005,0.5356030044166216,0.9103452101502535,86.65332761157886,0.5895650571451934,0.48164095168805005,0.5356030044166216,0.9103452101502535,86.65332761157886,algorithm_native_internal_best_so_far.v1,true
clean,symbolfit,136,150,150,1.0,0.5895055349230883,0.48179134184328415,0.5356484383831861,0.9106684628934019,86.68577995479768,0.5895055349230883,0.48179134184328415,0.5356484383831861,0.9106684628934019,86.68577995479768,algorithm_native_internal_best_so_far.v1,true
clean,symbolfit,137,150,150,1.0,0.5894979921192994,0.48270475499384863,0.5361013735565738,0.9124731165538803,86.7190758066268,0.5894979921192994,0.48270475499384863,0.5361013735565738,0.9124731165538803,86.7190758066268,algorithm_native_internal_best_so_far.v1,true
clean,symbolfit,138,150,150,1.0,0.5895110812766532,0.48272752268182717,0.53611930197924,0.9125028379349696,86.75191064711137,0.5895110812766532,0.48272752268182717,0.53611930197924,0.9125028379349696,86.75191064711137,algorithm_native_internal_best_so_far.v1,true
clean,symbolfit,139,150,150,1.0,0.5898724094229816,0.4849178339302539,0.5373951216766176,0.9139215529384322,86.78529370212384,0.5898724094229816,0.4849178339302539,0.5373951216766176,0.9139215529384322,86.78529370212384,algorithm_native_internal_best_so_far.v1,true
clean,symbolfit,140,150,150,1.0,0.5899476255801291,0.4853333057107912,0.5376404656454599,0.9142046389691366,86.81840206065806,0.5899476255801291,0.4853333057107912,0.5376404656454599,0.9142046389691366,86.81840206065806,algorithm_native_internal_best_so_far.v1,true
clean,symbolfit,141,150,150,1.0,0.590046032261841,0.4853575647692357,0.5377017985155379,0.9143896566316526,86.85117201528577,0.590046032261841,0.4853575647692357,0.5377017985155379,0.9143896566316526,86.85117201528577,algorithm_native_internal_best_so_far.v1,true
clean,symbolfit,142,150,150,1.0,0.5899789459006827,0.4853604153303377,0.5376696806155098,0.9142248642909058,86.88336437031255,0.5899789459006827,0.4853604153303377,0.5376696806155098,0.9142248642909058,86.88336437031255,algorithm_native_internal_best_so_far.v1,true
clean,symbolfit,143,150,150,1.0,0.59013401791182,0.4857823405251915,0.5379581792185053,0.9145483081263526,86.91533266711201,0.59013401791182,0.4857823405251915,0.5379581792185053,0.9145483081263526,86.91533266711201,algorithm_native_internal_best_so_far.v1,true
clean,symbolfit,144,150,150,1.0,0.5901289784716768,0.48585294090506637,0.5379909596883711,0.9145962488852821,86.94689025198298,0.5901289784716768,0.48585294090506637,0.5379909596883711,0.9145962488852821,86.94689025198298,algorithm_native_internal_best_so_far.v1,true
clean,symbolfit,145,150,150,1.0,0.5900949311157494,0.48577418085203694,0.5379345559838925,0.914534398789045,86.97796990458242,0.5900949311157494,0.48577418085203694,0.5379345559838925,0.914534398789045,86.97796990458242,algorithm_native_internal_best_so_far.v1,true
clean,symbolfit,146,150,150,1.0,0.5900708583233869,0.4858105036710457,0.5379406809972158,0.9145478530159991,87.00863302374009,0.5900708583233869,0.4858105036710457,0.5379406809972158,0.9145478530159991,87.00863302374009,algorithm_native_internal_best_so_far.v1,true
clean,symbolfit,147,150,150,1.0,0.590846798410607,0.48599318496028465,0.5384199916854455,0.9160826214325459,87.0399230177504,0.590846798410607,0.48599318496028465,0.5384199916854455,0.9160826214325459,87.0399230177504,algorithm_native_internal_best_so_far.v1,true
clean,symbolfit,148,150,150,1.0,0.5909061658399823,0.48575466358737857,0.5383304147136803,0.9161464103844308,87.07083327464696,0.5909061658399823,0.48575466358737857,0.5383304147136803,0.9161464103844308,87.07083327464696,algorithm_native_internal_best_so_far.v1,true
clean,symbolfit,149,150,150,1.0,0.5908732018763141,0.48580791848916666,0.5383405601827403,0.9158956653005079,87.10116034347517,0.5908732018763141,0.48580791848916666,0.5383405601827403,0.9158956653005079,87.10116034347517,algorithm_native_internal_best_so_far.v1,true
clean,symbolfit,150,150,150,1.0,0.5909531742563782,0.4864655630866467,0.5387093686715124,0.9169145880760244,87.13176233323601,0.5909531742563782,0.4864655630866467,0.5387093686715124,0.9169145880760244,87.13176233323601,algorithm_native_internal_best_so_far.v1,true
clean,symbolfit,151,150,150,1.0,0.5909776475033788,0.48641475106598525,0.5386961992846819,0.9168443703810522,87.16191249684442,0.5909776475033788,0.48641475106598525,0.5386961992846819,0.9168443703810522,87.16191249684442,algorithm_native_internal_best_so_far.v1,true
clean,symbolfit,152,150,150,1.0,0.5910104990158506,0.48586538097765414,0.5384379399967523,0.9162694130063115,87.19128768634303,0.5910104990158506,0.48586538097765414,0.5384379399967523,0.9162694130063115,87.19128768634303,algorithm_native_internal_best_so_far.v1,true
clean,symbolfit,153,150,150,1.0,0.5913974042443544,0.4859201178279514,0.5386587610361527,0.9166707146192871,87.22054117507236,0.5913974042443544,0.4859201178279514,0.5386587610361527,0.9166707146192871,87.22054117507236,algorithm_native_internal_best_so_far.v1,true
clean,symbolfit,154,150,150,1.0,0.5914542137176914,0.4858134897800686,0.5386338517488799,0.9166163306975049,87.24937943412871,0.5914542137176914,0.4858134897800686,0.5386338517488799,0.9166163306975049,87.24937943412871,algorithm_native_internal_best_so_far.v1,true
clean,symbolfit,155,150,150,1.0,0.5914721172129567,0.48599087534167495,0.5387314962773156,0.9169440995281716,87.2780570503783,0.5914721172129567,0.48599087534167495,0.5387314962773156,0.9169440995281716,87.2780570503783,algorithm_native_internal_best_so_far.v1,true
clean,symbolfit,156,150,150,1.0,0.5914373286823285,0.48542749274005825,0.5384324107111933,0.9162768368462072,87.30593927239268,0.5914373286823285,0.48542749274005825,0.5384324107111933,0.9162768368462072,87.30593927239268,algorithm_native_internal_best_so_far.v1,true
clean,symbolfit,157,150,150,1.0,0.5913691190721319,0.48645910373313567,0.5389141114026337,0.9179722415762148,87.33454618248969,0.5913691190721319,0.48645910373313567,0.5389141114026337,0.9179722415762148,87.33454618248969,algorithm_native_internal_best_so_far.v1,true
clean,symbolfit,158,150,150,1.0,0.5917269258372193,0.4825371779213921,0.5371320518793054,0.9179724054521636,87.3627910835196,0.5917269258372193,0.4825371779213921,0.5371320518793054,0.9179724054521636,87.3627910835196,algorithm_native_internal_best_so_far.v1,true
clean,symbolfit,159,150,150,1.0,0.5916874328006281,0.48184268855925666,0.5367650606799423,0.9166156657943564,87.38982740739328,0.5916874328006281,0.48184268855925666,0.5367650606799423,0.9166156657943564,87.38982740739328,algorithm_native_internal_best_so_far.v1,true
clean,symbolfit,160,150,150,1.0,0.5919592398704302,0.4872360259162555,0.5395976328933428,0.920055698707861,87.41867579778949,0.5919592398704302,0.4872360259162555,0.5395976328933428,0.920055698707861,87.41867579778949,algorithm_native_internal_best_so_far.v1,true
clean,symbolfit,161,150,150,1.0,0.5922080023397412,0.48783292262886485,0.5400204624843029,0.920835505071846,87.44765017486648,0.5922080023397412,0.48783292262886485,0.5400204624843029,0.920835505071846,87.44765017486648,algorithm_native_internal_best_so_far.v1,true
clean,symbolfit,162,150,150,1.0,0.5923041738393311,0.48747293365549693,0.5398885537474143,0.9205472436808679,87.47608890445424,0.5923041738393311,0.48747293365549693,0.5398885537474143,0.9205472436808679,87.47608890445424,algorithm_native_internal_best_so_far.v1,true
clean,symbolfit,163,150,150,1.0,0.5924061257237695,0.48748877332306295,0.5399474495234163,0.9206881300991997,87.50426512596017,0.5924061257237695,0.48748877332306295,0.5399474495234163,0.9206881300991997,87.50426512596017,algorithm_native_internal_best_so_far.v1,true
clean,symbolfit,164,150,150,1.0,0.5924133866275317,0.48749956563387875,0.5399564761307051,0.9207022441504635,87.53210634113753,0.5924133866275317,0.48749956563387875,0.5399564761307051,0.9207022441504635,87.53210634113753,algorithm_native_internal_best_so_far.v1,true
clean,symbolfit,165,150,150,1.0,0.5924636125399587,0.48752156158901006,0.5399925870644844,0.9204685922930955,87.55946847985373,0.5924636125399587,0.48752156158901006,0.5399925870644844,0.9204685922930955,87.55946847985373,algorithm_native_internal_best_so_far.v1,true
clean,symbolfit,166,150,150,1.0,0.5924510299841652,0.48725479365615515,0.5398529118201602,0.9200615780109211,87.58625576492143,0.5924510299841652,0.48725479365615515,0.5398529118201602,0.9200615780109211,87.58625576492143,algorithm_native_internal_best_so_far.v1,true
clean,symbolfit,167,150,150,1.0,0.5925196994547631,0.4873928101114219,0.5399562547830926,0.9204405397522243,87.61294916737833,0.5925196994547631,0.4873928101114219,0.5399562547830926,0.9204405397522243,87.61294916737833,algorithm_native_internal_best_so_far.v1,true
clean,symbolfit,168,150,150,1.0,0.5903147334652491,0.4863017624951905,0.5383082479802197,0.9140433811012313,87.63551695870419,0.5903147334652491,0.4863017624951905,0.5383082479802197,0.9140433811012313,87.63551695870419,algorithm_native_internal_best_so_far.v1,true
clean,symbolfit,169,150,150,1.0,0.5904415148762662,0.4865456775798436,0.5384935962280546,0.9147159890127674,87.65821566842355,0.5904415148762662,0.4865456775798436,0.5384935962280546,0.9147159890127674,87.65821566842355,algorithm_native_internal_best_so_far.v1,true
clean,symbolfit,170,150,150,1.0,0.5904555187550631,0.4860471358785504,0.5382513273168065,0.9148071906934342,87.68070098254661,0.5904555187550631,0.4860471358785504,0.5382513273168065,0.9148071906934342,87.68070098254661,algorithm_native_internal_best_so_far.v1,true
clean,symbolfit,171,150,150,1.0,0.5904088019521855,0.4868838145112187,0.538646308231702,0.9160096741426859,87.70362651723505,0.5904088019521855,0.4868838145112187,0.538646308231702,0.9160096741426859,87.70362651723505,algorithm_native_internal_best_so_far.v1,true
clean,symbolfit,172,150,150,1.0,0.5907403271983498,0.4880332345408063,0.5393867808695779,0.9170723779989626,87.72690332701795,0.5907403271983498,0.4880332345408063,0.5393867808695779,0.9170723779989626,87.72690332701795,algorithm_native_internal_best_so_far.v1,true
clean,symbolfit,173,150,150,1.0,0.5908271550963068,0.4882361658382113,0.5395316604672589,0.9173924292579411,87.75009604146175,0.5908271550963068,0.4882361658382113,0.5395316604672589,0.9173924292579411,87.75009604146175,algorithm_native_internal_best_so_far.v1,true
clean,symbolfit,174,150,150,1.0,0.5909732446542875,0.48709080657391524,0.5390320256141014,0.9167289550987803,87.77264086599288,0.5909732446542875,0.48709080657391524,0.5390320256141014,0.9167289550987803,87.77264086599288,algorithm_native_internal_best_so_far.v1,true
clean,symbolfit,175,150,150,1.0,0.5909844103673482,0.4868879831836819,0.5389361967755151,0.9166386697893567,87.79487644378113,0.5909844103673482,0.4868879831836819,0.5389361967755151,0.9166386697893567,87.79487644378113,algorithm_native_internal_best_so_far.v1,true
clean,symbolfit,176,150,150,1.0,0.5910305340173961,0.48689856677785853,0.5389645503976274,0.9167268149624054,87.81690942703375,0.5910305340173961,0.48689856677785853,0.5389645503976274,0.9167268149624054,87.81690942703375,algorithm_native_internal_best_so_far.v1,true
clean,symbolfit,177,150,150,1.0,0.5934901276677377,0.49054752422019743,0.5420188259439676,0.921122715512579,87.84117700965648,0.5934901276677377,0.49054752422019743,0.5420188259439676,0.921122715512579,87.84117700965648,algorithm_native_internal_best_so_far.v1,true
clean,symbolfit,178,150,150,1.0,0.5941791237590588,0.4918041339342922,0.5429916288466756,0.9225290816237917,87.86596201613246,0.5941791237590588,0.4918041339342922,0.5429916288466756,0.9225290816237917,87.86596201613246,algorithm_native_internal_best_so_far.v1,true
clean,symbolfit,179,150,150,1.0,0.594562851828322,0.4931569896977839,0.543859920763053,0.9244306994928362,87.89153245151317,0.594562851828322,0.4931569896977839,0.543859920763053,0.9244306994928362,87.89153245151317,algorithm_native_internal_best_so_far.v1,true
clean,symbolfit,180,150,150,1.0,0.594562851828322,0.4931569896977839,0.543859920763053,0.9244306994928362,87.91681877094523,0.594562851828322,0.4931569896977839,0.543859920763053,0.9244306994928362,87.91681877094523,algorithm_native_internal_best_so_far.v1,true
clean,tpsr,1,150,150,1.0,0.06465042232644753,0.06877882875959355,0.06671462554302059,0.4508885725943884,45.08885725943884,0.06465042232644753,0.06877882875959355,0.06671462554302059,0.4508885725943884,45.08885725943884,algorithm_native_internal_best_so_far.v1,true
clean,tpsr,2,150,150,1.0,0.07512981428593414,0.07650527180531147,0.07581754304562283,0.5301843132524745,49.053644292343144,0.07512981428593414,0.07650527180531147,0.07581754304562283,0.5301843132524745,49.053644292343144,algorithm_native_internal_best_so_far.v1,true
clean,tpsr,3,150,150,1.0,0.08047584705168413,0.08017804837140376,0.08032694771154393,0.5773546836190462,51.94758564886363,0.08047584705168413,0.08017804837140376,0.08032694771154393,0.5773546836190462,51.94758564886363,algorithm_native_internal_best_so_far.v1,true
clean,tpsr,4,150,150,1.0,0.0832148669634237,0.08281554401145734,0.08301520548744057,0.5985259190074682,53.92383721183444,0.0832148669634237,0.08281554401145734,0.08301520548744057,0.5985259190074682,53.92383721183444,algorithm_native_internal_best_so_far.v1,true
clean,tpsr,5,150,150,1.0,0.082000284113475,0.0837451818043888,0.08287273295893195,0.5867138433949038,54.87334663736563,0.082000284113475,0.0837451818043888,0.08287273295893195,0.5867138433949038,54.87334663736563,algorithm_native_internal_best_so_far.v1,true
clean,tpsr,6,150,150,1.0,0.0861762700994572,0.08850501945697398,0.08734064477821561,0.6102980477730875,55.899422994022814,0.0861762700994572,0.08850501945697398,0.08734064477821561,0.6102980477730875,55.899422994022814,algorithm_native_internal_best_so_far.v1,true
clean,tpsr,7,150,150,1.0,0.08704849032858884,0.0909332441425917,0.08899086723559028,0.6212613084647972,56.788952687230946,0.08704849032858884,0.0909332441425917,0.08899086723559028,0.6212613084647972,56.788952687230946,algorithm_native_internal_best_so_far.v1,true
clean,tpsr,8,150,150,1.0,0.08648234062050535,0.09006171332970637,0.0882720269751059,0.6165642721558136,57.397387003274744,0.08648234062050535,0.09006171332970637,0.0882720269751059,0.6165642721558136,57.397387003274744,algorithm_native_internal_best_so_far.v1,true
clean,tpsr,9,150,150,1.0,0.08580048050117514,0.08962870871586755,0.08771459460852134,0.608501775408114,57.78103039633437,0.08580048050117514,0.08962870871586755,0.08771459460852134,0.608501775408114,57.78103039633437,algorithm_native_internal_best_so_far.v1,true
clean,tpsr,10,150,150,1.0,0.08339012307851747,0.08744974860906479,0.08541993584379115,0.5929815701937323,57.932743058638266,0.08339012307851747,0.08744974860906479,0.08541993584379115,0.5929815701937323,57.932743058638266,algorithm_native_internal_best_so_far.v1,true
clean,tpsr,11,150,150,1.0,0.08302125959365998,0.08706081031570799,0.08504103495468401,0.5913463959514319,58.042006380138716,0.08302125959365998,0.08706081031570799,0.08504103495468401,0.5913463959514319,58.042006380138716,algorithm_native_internal_best_so_far.v1,true
clean,tpsr,12,150,150,1.0,0.08378596196960765,0.08735179510161678,0.08556887853561225,0.5969381900387033,58.17965743211635,0.08378596196960765,0.08735179510161678,0.08556887853561225,0.5969381900387033,58.17965743211635,algorithm_native_internal_best_so_far.v1,true
clean,tpsr,13,150,150,1.0,0.08374047535054234,0.0866081456975218,0.08517431052403211,0.59005546794996,58.24318738310709,0.08374047535054234,0.0866081456975218,0.08517431052403211,0.59005546794996,58.24318738310709,algorithm_native_internal_best_so_far.v1,true
clean,tpsr,14,150,150,1.0,0.0836095412422403,0.08661659215030523,0.08511306669627275,0.583332056976531,58.249617262717514,0.0836095412422403,0.08661659215030523,0.08511306669627275,0.583332056976531,58.249617262717514,algorithm_native_internal_best_so_far.v1,true
clean,tpsr,15,150,150,1.0,0.08292062974614442,0.08593619226741579,0.0844284110067801,0.5769657217740863,58.2127475903636,0.08292062974614442,0.08593619226741579,0.0844284110067801,0.5769657217740863,58.2127475903636,algorithm_native_internal_best_so_far.v1,true
clean,tpsr,16,150,150,1.0,0.08255513880723767,0.08529308693485091,0.0839241128710443,0.571808539324867,58.14825423674629,0.08255513880723767,0.08529308693485091,0.0839241128710443,0.571808539324867,58.14825423674629,algorithm_native_internal_best_so_far.v1,true
clean,tpsr,17,150,150,1.0,0.08336907084303014,0.0861841754502321,0.08477662314663113,0.5778966342387519,58.12716065951857,0.08336907084303014,0.0861841754502321,0.08477662314663113,0.5778966342387519,58.12716065951857,algorithm_native_internal_best_so_far.v1,true
clean,tpsr,18,150,150,1.0,0.083311616490192,0.08600581785728051,0.08465871717373626,0.5769694798433694,58.10325995534182,0.083311616490192,0.08600581785728051,0.08465871717373626,0.5769694798433694,58.10325995534182,algorithm_native_internal_best_so_far.v1,true
clean,tpsr,19,150,150,1.0,0.08324948373070146,0.08597053993723841,0.08461001183396992,0.5767133528290443,58.080527077845105,0.08324948373070146,0.08597053993723841,0.08461001183396992,0.5767133528290443,58.080527077845105,algorithm_native_internal_best_so_far.v1,true
clean,tpsr,20,150,150,1.0,0.08247421746674773,0.08699684449799353,0.08473553098237062,0.5775648563054613,58.06432500548016,0.08247421746674773,0.08699684449799353,0.08473553098237062,0.5775648563054613,58.06432500548016,algorithm_native_internal_best_so_far.v1,true
clean,tpsr,21,150,150,1.0,0.08242818651065781,0.08698867436566134,0.08470843043815955,0.5778218714900573,58.05088986945756,0.08242818651065781,0.08698867436566134,0.08470843043815955,0.5778218714900573,58.05088986945756,algorithm_native_internal_best_so_far.v1,true
clean,tpsr,22,150,150,1.0,0.08255911117969723,0.08705416418545579,0.08480663768257649,0.578500171509073,58.04175929134164,0.08255911117969723,0.08705416418545579,0.08480663768257649,0.578500171509073,58.04175929134164,algorithm_native_internal_best_so_far.v1,true
clean,tpsr,23,150,150,1.0,0.08152997259775695,0.08616829841363458,0.08384913550569575,0.5717879676741097,58.00423918160553,0.08152997259775695,0.08616829841363458,0.08384913550569575,0.5717879676741097,58.00423918160553,algorithm_native_internal_best_so_far.v1,true
clean,tpsr,24,150,150,1.0,0.08153015552167993,0.08616168823687365,0.0838459218792768,0.5717603496433454,57.96973067255257,0.08153015552167993,0.08616168823687365,0.0838459218792768,0.5717603496433454,57.96973067255257,algorithm_native_internal_best_so_far.v1,true
clean,tpsr,25,150,150,1.0,0.08047330774452063,0.08514005617610153,0.08280668196031109,0.5659802296417683,57.91486236421754,0.08047330774452063,0.08514005617610153,0.08280668196031109,0.5659802296417683,57.91486236421754,algorithm_native_internal_best_so_far.v1,true
clean,tpsr,26,150,150,1.0,0.08046509542194798,0.0851026998099861,0.08278389761596704,0.5658281365794402,57.863629721668566,0.08046509542194798,0.0851026998099861,0.08278389761596704,0.5658281365794402,57.863629721668566,algorithm_native_internal_best_so_far.v1,true
clean,tpsr,27,150,150,1.0,0.08152927103703568,0.08612830206366999,0.08382878655035285,0.5722820247199665,57.840095379088126,0.08152927103703568,0.08612830206366999,0.08382878655035285,0.5722820247199665,57.840095379088126,algorithm_native_internal_best_so_far.v1,true
clean,tpsr,28,150,150,1.0,0.08057981787004237,0.0856558954496123,0.08311785665982731,0.5673165695550341,57.80050829253152,0.08057981787004237,0.0856558954496123,0.08311785665982731,0.5673165695550341,57.80050829253152,algorithm_native_internal_best_so_far.v1,true
clean,tpsr,29,150,150,1.0,0.08059886203386149,0.08566118123255712,0.08313002163320928,0.5679687259851435,57.76590016515161,0.08059886203386149,0.08566118123255712,0.08313002163320928,0.5679687259851435,57.76590016515161,algorithm_native_internal_best_so_far.v1,true
clean,tpsr,30,150,150,1.0,0.07948609524941125,0.08461782508180703,0.08205196016560916,0.5609943680493732,57.710351386477804,0.07948609524941125,0.08461782508180703,0.08205196016560916,0.5609943680493732,57.710351386477804,algorithm_native_internal_best_so_far.v1,true
clean,tpsr,31,150,150,1.0,0.07924170532899807,0.08450490935790199,0.08187330734345002,0.5600785789576135,57.65543224161598,0.07924170532899807,0.08450490935790199,0.08187330734345002,0.5600785789576135,57.65543224161598,algorithm_native_internal_best_so_far.v1,true
clean,tpsr,32,150,150,1.0,0.07910433909776637,0.08411333122989233,0.08160883516382937,0.555057424061216,57.58825443425679,0.07910433909776637,0.08411333122989233,0.08160883516382937,0.555057424061216,57.58825443425679,algorithm_native_internal_best_so_far.v1,true
clean,tpsr,33,150,150,1.0,0.07911167198138945,0.08411410876215382,0.08161289037177166,0.5550852136333213,57.52523221998636,0.07911167198138945,0.08411410876215382,0.08161289037177166,0.5550852136333213,57.52523221998636,algorithm_native_internal_best_so_far.v1,true
clean,tpsr,34,150,150,1.0,0.07898312987696379,0.08383788119488703,0.08141050553592541,0.5537839211003809,57.4620898638114,0.07898312987696379,0.08383788119488703,0.08141050553592541,0.5537839211003809,57.4620898638114,algorithm_native_internal_best_so_far.v1,true
clean,tpsr,35,150,150,1.0,0.07898345606017486,0.08371463093517796,0.08134904349767638,0.5533513600765957,57.40131975363563,0.07898345606017486,0.08371463093517796,0.08134904349767638,0.5533513600765957,57.40131975363563,algorithm_native_internal_best_so_far.v1,true
clean,tpsr,36,150,150,1.0,0.07907280684864472,0.08379841322703817,0.08143561003784144,0.5535208688343296,57.344396618352235,0.07907280684864472,0.08379841322703817,0.08143561003784144,0.5535208688343296,57.344396618352235,algorithm_native_internal_best_so_far.v1,true
clean,tpsr,37,150,150,1.0,0.07880716025213128,0.08385777390930213,0.08133246708071667,0.5517758535689745,57.285834151826414,0.07880716025213128,0.08385777390930213,0.08133246708071667,0.5517758535689745,57.285834151826414,algorithm_native_internal_best_so_far.v1,true
clean,tpsr,38,150,150,1.0,0.07840409340855961,0.08379135218690237,0.08109772279773098,0.5491196796894643,57.22336398911905,0.07840409340855961,0.08379135218690237,0.08109772279773098,0.5491196796894643,57.22336398911905,algorithm_native_internal_best_so_far.v1,true
clean,tpsr,39,150,150,1.0,0.07803784938778369,0.08334143756636904,0.08068964347707636,0.546731983121721,57.15797512560759,0.07803784938778369,0.08334143756636904,0.08068964347707636,0.546731983121721,57.15797512560759,algorithm_native_internal_best_so_far.v1,true
clean,tpsr,40,150,150,1.0,0.07800749091360276,0.08337011181800154,0.08068880136580213,0.546555563598235,57.09541465646299,0.07800749091360276,0.08337011181800154,0.08068880136580213,0.546555563598235,57.09541465646299,algorithm_native_internal_best_so_far.v1,true
clean,tpsr,41,150,150,1.0,0.07893751534080963,0.08439906092772848,0.081668288134269,0.5496803800598177,57.0435274210854,0.07893751534080963,0.08439906092772848,0.081668288134269,0.5496803800598177,57.0435274210854,algorithm_native_internal_best_so_far.v1,true
clean,tpsr,42,150,150,1.0,0.07894328712454124,0.0843974504491609,0.08167036878685104,0.5497016282627265,56.99416159739938,0.07894328712454124,0.0843974504491609,0.08167036878685104,0.5497016282627265,56.99416159739938,algorithm_native_internal_best_so_far.v1,true
clean,tpsr,43,150,150,1.0,0.07894405887439339,0.08439711354382469,0.081670586209109,0.5496996370015698,56.94708722769608,0.07894405887439339,0.08439711354382469,0.081670586209109,0.5496996370015698,56.94708722769608,algorithm_native_internal_best_so_far.v1,true
clean,tpsr,44,150,150,1.0,0.07906136865968322,0.08448107215668318,0.08177122040818319,0.5497213007283894,56.90220183781296,0.07906136865968322,0.08448107215668318,0.08177122040818319,0.5497213007283894,56.90220183781296,algorithm_native_internal_best_so_far.v1,true
clean,tpsr,45,150,150,1.0,0.07905752309555392,0.08440341738201558,0.08173047023878473,0.5495892458533699,56.85901789886904,0.07905752309555392,0.08440341738201558,0.08173047023878473,0.5495892458533699,56.85901789886904,algorithm_native_internal_best_so_far.v1,true
clean,tpsr,46,150,150,1.0,0.07903918512651979,0.08443197840728155,0.08173558176690064,0.5496203692951181,56.817779182143894,0.07903918512651979,0.08443197840728155,0.08173558176690064,0.5496203692951181,56.817779182143894,algorithm_native_internal_best_so_far.v1,true
clean,tpsr,47,150,150,1.0,0.0790181987363525,0.08445406037860866,0.08173612955748055,0.549637267691163,56.77833125846246,0.0790181987363525,0.08445406037860866,0.08173612955748055,0.549637267691163,56.77833125846246,algorithm_native_internal_best_so_far.v1,true
clean,tpsr,48,150,150,1.0,0.0789904157469361,0.08445126750268107,0.08172084162480857,0.5495034147961274,56.74024813806975,0.0789904157469361,0.08445126750268107,0.08172084162480857,0.5495034147961274,56.74024813806975,algorithm_native_internal_best_so_far.v1,true
clean,tpsr,49,150,150,1.0,0.07899177742945869,0.08444922852728982,0.08172050297837423,0.5495008958612417,56.70371429007087,0.07899177742945869,0.08444922852728982,0.08172050297837423,0.5495008958612417,56.70371429007087,algorithm_native_internal_best_so_far.v1,true
clean,tpsr,50,150,150,1.0,0.07899752466173805,0.08445609722772043,0.08172681094472921,0.5495745501583238,56.6687891045861,0.07899752466173805,0.08445609722772043,0.08172681094472921,0.5495745501583238,56.6687891045861,algorithm_native_internal_best_so_far.v1,true
clean,tpsr,51,150,150,1.0,0.07899139036774248,0.08439615140491516,0.0816937708863288,0.5493102243047253,56.63471524823093,0.07899139036774248,0.08439615140491516,0.0816937708863288,0.5493102243047253,56.63471524823093,algorithm_native_internal_best_so_far.v1,true
clean,tpsr,52,150,150,1.0,0.07899128170712136,0.08439632512798181,0.08169380341755157,0.5493103897101438,56.60195224289984,0.07899128170712136,0.08439632512798181,0.08169380341755157,0.5493103897101438,56.60195224289984,algorithm_native_internal_best_so_far.v1,true
clean,tpsr,53,150,150,1.0,0.07898984886723462,0.08439579418953284,0.08169282152838371,0.5493017931718541,56.57040935750901,0.07898984886723462,0.08439579418953284,0.08169282152838371,0.5493017931718541,56.57040935750901,algorithm_native_internal_best_so_far.v1,true
clean,tpsr,54,150,150,1.0,0.07899020109495446,0.08439579418953284,0.08169299764224364,0.5493042455151249,56.54003926850906,0.07899020109495446,0.08439579418953284,0.08169299764224364,0.5493042455151249,56.54003926850906,algorithm_native_internal_best_so_far.v1,true
clean,tpsr,55,150,150,1.0,0.07899069534507433,0.08439601360900782,0.08169335447704106,0.5493073697682015,56.510779226842,0.07899069534507433,0.08439601360900782,0.08169335447704106,0.5493073697682015,56.510779226842,algorithm_native_internal_best_so_far.v1,true
clean,tpsr,56,150,150,1.0,0.07899016075504507,0.08438678255445026,0.08168847165474763,0.5491017214765539,56.4821969575708,0.07899016075504507,0.08438678255445026,0.08168847165474763,0.5491017214765539,56.4821969575708,algorithm_native_internal_best_so_far.v1,true
clean,tpsr,57,150,150,1.0,0.07942877812595359,0.0843895505315274,0.08190916432874049,0.5521441212448738,56.45995511839391,0.07942877812595359,0.0843895505315274,0.08190916432874049,0.5521441212448738,56.45995511839391,algorithm_native_internal_best_so_far.v1,true
clean,tpsr,58,150,150,1.0,0.07943015943124201,0.08439015651832651,0.08191015797478425,0.5521520386458577,56.43849388987997,0.07943015943124201,0.08439015651832651,0.08191015797478425,0.5521520386458577,56.43849388987997,algorithm_native_internal_best_so_far.v1,true
clean,tpsr,59,150,150,1.0,0.07943540171645286,0.08427366456378478,0.08185453314011881,0.551759851584148,56.417095436804296,0.07943540171645286,0.08427366456378478,0.08185453314011881,0.551759851584148,56.417095436804296,algorithm_native_internal_best_so_far.v1,true
clean,tpsr,60,150,150,1.0,0.0794354017218285,0.08430927233185397,0.08187233702684123,0.5518877944492435,56.39662350360629,0.0794354017218285,0.08430927233185397,0.08187233702684123,0.5518877944492435,56.39662350360629,algorithm_native_internal_best_so_far.v1,true
clean,tpsr,61,150,150,1.0,0.07918377139734122,0.08430927233185397,0.08174652186459759,0.549968740808873,56.37367679175844,0.07918377139734122,0.08430927233185397,0.08174652186459759,0.549968740808873,56.37367679175844,algorithm_native_internal_best_so_far.v1,true
clean,tpsr,62,150,150,1.0,0.07918800273758236,0.08431525773422686,0.08175163023590461,0.550013466953541,56.35154243536483,0.07918800273758236,0.08431525773422686,0.08175163023590461,0.550013466953541,56.35154243536483,algorithm_native_internal_best_so_far.v1,true
clean,tpsr,63,150,150,1.0,0.0781413423939378,0.08345009792453423,0.08079572015923601,0.5432408829867937,56.31936062367141,0.0781413423939378,0.08345009792453423,0.08079572015923601,0.5432408829867937,56.31936062367141,algorithm_native_internal_best_so_far.v1,true
clean,tpsr,64,150,150,1.0,0.07814024244682083,0.08344604805735031,0.08079314525208556,0.5432124186584854,56.288140018080426,0.07814024244682083,0.08344604805735031,0.08079314525208556,0.5432124186584854,56.288140018080426,algorithm_native_internal_best_so_far.v1,true
clean,tpsr,65,150,150,1.0,0.07814039957348666,0.08344597785966933,0.08079318871657798,0.5432130973378086,56.25788109062967,0.07814039957348666,0.08344597785966933,0.08079318871657798,0.5432130973378086,56.25788109062967,algorithm_native_internal_best_so_far.v1,true
clean,tpsr,66,150,150,1.0,0.0781595642030261,0.08350902247676464,0.08083429333989536,0.543410669596771,56.228838452281906,0.0781595642030261,0.08350902247676464,0.08083429333989536,0.543410669596771,56.228838452281906,algorithm_native_internal_best_so_far.v1,true
clean,tpsr,67,150,150,1.0,0.07815955847776117,0.08350901663182425,0.08083428755479269,0.5434106287787369,56.200662697439995,0.07815955847776117,0.08350901663182425,0.08083428755479269,0.5434106287787369,56.200662697439995,algorithm_native_internal_best_so_far.v1,true
clean,tpsr,68,150,150,1.0,0.07815995058552273,0.08350932330368868,0.08083463694460567,0.5434139964811703,56.173320593773475,0.07815995058552273,0.08350932330368868,0.08083463694460567,0.5434139964811703,56.173320593773475,algorithm_native_internal_best_so_far.v1,true
clean,tpsr,69,150,150,1.0,0.07816195555380626,0.08351086335096819,0.08083640945238721,0.5434254009753834,56.14678754310339,0.07816195555380626,0.08351086335096819,0.08083640945238721,0.5434254009753834,56.14678754310339,algorithm_native_internal_best_so_far.v1,true
clean,tpsr,70,150,150,1.0,0.07816316927429,0.08351140204496973,0.08083728565962986,0.5434330725735383,56.12102353902126,0.07816316927429,0.08351140204496973,0.08083728565962986,0.5434330725735383,56.12102353902126,algorithm_native_internal_best_so_far.v1,true
clean,tpsr,71,150,150,1.0,0.07816353116074483,0.08350931902382895,0.08083642509228688,0.5434281863895416,56.09597839958369,0.07816353116074483,0.08350931902382895,0.08083642509228688,0.5434281863895416,56.09597839958369,algorithm_native_internal_best_so_far.v1,true
clean,tpsr,72,150,150,1.0,0.07816353126510156,0.08350931902003522,0.08083642514256839,0.543428186741549,56.07162895895274,0.07816353126510156,0.08350931902003522,0.08083642514256839,0.543428186741549,56.07162895895274,algorithm_native_internal_best_so_far.v1,true
clean,tpsr,73,150,150,1.0,0.07816165054507496,0.08350791733295768,0.08083478393901632,0.5434086131078832,56.047919813087475,0.07816165054507496,0.08350791733295768,0.08083478393901632,0.5434086131078832,56.047919813087475,algorithm_native_internal_best_so_far.v1,true
clean,tpsr,74,150,150,1.0,0.07712575443651902,0.08264232548470606,0.07988403996061254,0.5367258573725303,56.01582070395458,0.07712575443651902,0.08264232548470606,0.07988403996061254,0.5367258573725303,56.01582070395458,algorithm_native_internal_best_so_far.v1,true
clean,tpsr,75,150,150,1.0,0.0771972050674377,0.08270611990073254,0.0799516624840851,0.5370488607296102,55.985008242207996,0.0771972050674377,0.08270611990073254,0.0799516624840851,0.5370488607296102,55.985008242207996,algorithm_native_internal_best_so_far.v1,true
clean,tpsr,76,150,150,1.0,0.07719720473144269,0.08270611983528448,0.07995166228336356,0.5370488593260183,55.95500663287108,0.07719720473144269,0.08270611983528448,0.07995166228336356,0.5370488593260183,55.95500663287108,algorithm_native_internal_best_so_far.v1,true
clean,tpsr,77,150,150,1.0,0.07719720473144269,0.08270611983528448,0.07995166228336356,0.5370488593260183,55.92578428611434,0.07719720473144269,0.08270611983528448,0.07995166228336356,0.5370488593260183,55.92578428611434,algorithm_native_internal_best_so_far.v1,true
clean,tpsr,78,150,150,1.0,0.07719323484074472,0.08270964903353989,0.07995144193714228,0.537052233521694,55.89731555619197,0.07719323484074472,0.08270964903353989,0.07995144193714228,0.537052233521694,55.89731555619197,algorithm_native_internal_best_so_far.v1,true
clean,tpsr,79,150,150,1.0,0.07719954298077812,0.0827560007664678,0.07997777187362294,0.537282755022044,55.86985935297694,0.07719954298077812,0.0827560007664678,0.07997777187362294,0.537282755022044,55.86985935297694,algorithm_native_internal_best_so_far.v1,true
clean,tpsr,80,150,150,1.0,0.077182842648464,0.08271987661235343,0.0799513596304087,0.5370852248946276,55.842842642182994,0.077182842648464,0.08271987661235343,0.0799513596304087,0.5370852248946276,55.842842642182994,algorithm_native_internal_best_so_far.v1,true
clean,tpsr,81,150,150,1.0,0.07718370966208032,0.08269571028114757,0.07993970997161393,0.5369832280755324,55.81636708866906,0.07718370966208032,0.08269571028114757,0.07993970997161393,0.5369832280755324,55.81636708866906,algorithm_native_internal_best_so_far.v1,true
clean,tpsr,82,150,150,1.0,0.07718385290635735,0.08269567998134325,0.07993976644385027,0.5369837569044303,55.790537925276055,0.07718385290635735,0.08269567998134325,0.07993976644385027,0.5369837569044303,55.790537925276055,algorithm_native_internal_best_so_far.v1,true
clean,tpsr,83,150,150,1.0,0.07716834708483458,0.0827069330164789,0.07993764005065672,0.5369651393522048,55.76530872057659,0.07716834708483458,0.0827069330164789,0.07993764005065672,0.5369651393522048,55.76530872057659,algorithm_native_internal_best_so_far.v1,true
clean,tpsr,84,150,150,1.0,0.07717030493240311,0.08269091687182775,0.07993061090211541,0.5369035959177798,55.74060694523374,0.07717030493240311,0.08269091687182775,0.07993061090211541,0.5369035959177798,55.74060694523374,algorithm_native_internal_best_so_far.v1,true
clean,tpsr,85,150,150,1.0,0.07717165661412556,0.08268686264142874,0.07992925962777712,0.5368938775149055,55.716474954719125,0.07717165661412556,0.08268686264142874,0.07992925962777712,0.5368938775149055,55.716474954719125,algorithm_native_internal_best_so_far.v1,true
clean,tpsr,86,150,150,1.0,0.07717165661412556,0.08268686264142874,0.07992925962777712,0.5368938775149055,55.69290417328624,0.07717165661412556,0.08268686264142874,0.07992925962777712,0.5368938775149055,55.69290417328624,algorithm_native_internal_best_so_far.v1,true
clean,tpsr,87,150,150,1.0,0.07717165673095953,0.0826868625858066,0.07992925965838305,0.5368938777291397,55.66987524914403,0.07717165673095953,0.0826868625858066,0.07992925965838305,0.5368938777291397,55.66987524914403,algorithm_native_internal_best_so_far.v1,true
clean,tpsr,88,150,150,1.0,0.07717165673070518,0.08268686258581337,0.07992925965825926,0.5368938777282731,55.64736970964043,0.07717165673070518,0.08268686258581337,0.07992925965825926,0.5368938777282731,55.64736970964043,algorithm_native_internal_best_so_far.v1,true
clean,tpsr,89,150,150,1.0,0.0771716567360355,0.08268686258512649,0.07992925966058098,0.5368938777445252,55.625369912615845,0.0771716567360355,0.08268686258512649,0.07992925966058098,0.5368938777445252,55.625369912615845,algorithm_native_internal_best_so_far.v1,true
clean,tpsr,90,150,150,1.0,0.07812403595086054,0.08319541852610114,0.0806597272384808,0.5420080866683378,55.609541454329374,0.07812403595086054,0.08319541852610114,0.0806597272384808,0.5420080866683378,55.609541454329374,algorithm_native_internal_best_so_far.v1,true
clean,tpsr,91,150,150,1.0,0.07717158988890095,0.08208009895687712,0.07962584442288902,0.5347715892544965,55.586108679286745,0.07717158988890095,0.08208009895687712,0.07962584442288902,0.5347715892544965,55.586108679286745,algorithm_native_internal_best_so_far.v1,true
clean,tpsr,92,150,150,1.0,0.07717158988890095,0.08208009895687712,0.07962584442288902,0.5347715892544965,55.56318531239721,0.07717158988890095,0.08208009895687712,0.07962584442288902,0.5347715892544965,55.56318531239721,algorithm_native_internal_best_so_far.v1,true
clean,tpsr,93,150,150,1.0,0.0771832356601697,0.08212489626906465,0.07965406596461716,0.534966381578407,55.54096437525145,0.0771832356601697,0.08212489626906465,0.07965406596461716,0.534966381578407,55.54096437525145,algorithm_native_internal_best_so_far.v1,true
clean,tpsr,94,150,150,1.0,0.07711915516615643,0.0820520806690267,0.07958561791759154,0.5346355379097171,55.51886426265272,0.07711915516615643,0.0820520806690267,0.07958561791759154,0.5346355379097171,55.51886426265272,algorithm_native_internal_best_so_far.v1,true
clean,tpsr,95,150,150,1.0,0.07711915524821832,0.08210816317878464,0.07961365921350144,0.5348311344331387,55.49743530665968,0.07711915524821832,0.08210816317878464,0.07961365921350144,0.5348311344331387,55.49743530665968,algorithm_native_internal_best_so_far.v1,true
clean,tpsr,96,150,150,1.0,0.07711965032244132,0.082112114076015,0.07961588219922813,0.5348505976975004,55.47647306148354,0.07711965032244132,0.082112114076015,0.07961588219922813,0.5348505976975004,55.47647306148354,algorithm_native_internal_best_so_far.v1,true
clean,tpsr,97,150,150,1.0,0.0771155971999053,0.08228080344395113,0.0796982003219282,0.5354437239994998,55.45655449796258,0.0771155971999053,0.08228080344395113,0.0796982003219282,0.5354437239994998,55.45655449796258,algorithm_native_internal_best_so_far.v1,true
clean,tpsr,98,150,150,1.0,0.07716042794303335,0.0823360559079283,0.07974824192548081,0.5358260296289975,55.43743254352316,0.07716042794303335,0.0823360559079283,0.07974824192548081,0.5358260296289975,55.43743254352316,algorithm_native_internal_best_so_far.v1,true
clean,tpsr,99,150,150,1.0,0.07715879480268013,0.08209799373769452,0.07962839427018731,0.5349544656873874,55.417816523575844,0.07715879480268013,0.08209799373769452,0.07962839427018731,0.5349544656873874,55.417816523575844,algorithm_native_internal_best_so_far.v1,true
clean,tpsr,100,150,150,1.0,0.07715879491595003,0.08243680222609019,0.07979779857102008,0.5361402577157918,55.399778616055876,0.07715879491595003,0.08243680222609019,0.07979779857102008,0.5361402577157918,55.399778616055876,algorithm_native_internal_best_so_far.v1,true
clean,tpsr,101,150,150,1.0,0.07715879491595003,0.08243680222609019,0.07979779857102008,0.5361402577157918,55.38209789482344,0.07715879491595003,0.08243680222609019,0.07979779857102008,0.5361402577157918,55.38209789482344,algorithm_native_internal_best_so_far.v1,true
clean,tpsr,102,150,150,1.0,0.07714970854772911,0.0824189540541106,0.07978433130091983,0.5360276641098598,55.36465346851131,0.07714970854772911,0.0824189540541106,0.07978433130091983,0.5360276641098598,55.36465346851131,algorithm_native_internal_best_so_far.v1,true
clean,tpsr,103,150,150,1.0,0.07713298900572249,0.0824296683952447,0.07978132870048357,0.5360013749594787,55.347522245476696,0.07713298900572249,0.0824296683952447,0.07978132870048357,0.5360013749594787,55.347522245476696,algorithm_native_internal_best_so_far.v1,true
clean,tpsr,104,150,150,1.0,0.07809329623002584,0.0831891229787379,0.08064120960438186,0.5427294340062903,55.33718975658394,0.07809329623002584,0.0831891229787379,0.08064120960438186,0.5427294340062903,55.33718975658394,algorithm_native_internal_best_so_far.v1,true
clean,tpsr,105,150,150,1.0,0.07809525407759436,0.08317310683408675,0.08063418045584055,0.5426678905718654,55.32699546420873,0.07809525407759436,0.08317310683408675,0.08063418045584055,0.5426678905718654,55.32699546420873,algorithm_native_internal_best_so_far.v1,true
clean,tpsr,106,150,150,1.0,0.07809525407759513,0.08317310683408675,0.08063418045584092,0.542667890571868,55.316993516972666,0.07809525407759513,0.08317310683408675,0.08063418045584092,0.542667890571868,55.316993516972666,algorithm_native_internal_best_so_far.v1,true
clean,tpsr,107,150,150,1.0,0.07809525407759513,0.08317310683408675,0.08063418045584092,0.542667890571868,55.3071785220214,0.07809525407759513,0.08317310683408675,0.08063418045584092,0.542667890571868,55.3071785220214,algorithm_native_internal_best_so_far.v1,true
clean,tpsr,108,150,150,1.0,0.07809522476900577,0.0831758552211892,0.08063553999509747,0.5426785510178496,55.29755515701921,0.07809522476900577,0.0831758552211892,0.08063553999509747,0.5426785510178496,55.29755515701921,algorithm_native_internal_best_so_far.v1,true
clean,tpsr,109,150,150,1.0,0.07809522476900577,0.0831758552211892,0.08063553999509747,0.5426785510178496,55.28810836752165,0.07809522476900577,0.0831758552211892,0.08063553999509747,0.5426785510178496,55.28810836752165,algorithm_native_internal_best_so_far.v1,true
clean,tpsr,110,150,150,1.0,0.07809522476900577,0.0831758552211892,0.08063553999509747,0.5426785510178496,55.278833337833134,0.07809522476900577,0.0831758552211892,0.08063553999509747,0.5426785510178496,55.278833337833134,algorithm_native_internal_best_so_far.v1,true
clean,tpsr,111,150,150,1.0,0.07825926095876863,0.0831800887850861,0.08071967487192735,0.5432768030911522,55.270264391628466,0.07825926095876863,0.0831800887850861,0.08071967487192735,0.5432768030911522,55.270264391628466,algorithm_native_internal_best_so_far.v1,true
clean,tpsr,112,150,150,1.0,0.07826657789269505,0.08318734551755906,0.08072696170512703,0.5433384904518548,55.26190354032094,0.07826657789269505,0.08318734551755906,0.08072696170512703,0.5433384904518548,55.26190354032094,algorithm_native_internal_best_so_far.v1,true
clean,tpsr,113,150,150,1.0,0.07826645474133494,0.08271997102346654,0.08049321288240072,0.5416481588451989,55.25219480000412,0.07826645474133494,0.08271997102346654,0.08049321288240072,0.5416481588451989,55.25219480000412,algorithm_native_internal_best_so_far.v1,true
clean,tpsr,114,150,150,1.0,0.0782298030025168,0.08317240700726321,0.08070110500488999,0.5429583169139519,55.2438056499286,0.0782298030025168,0.08317240700726321,0.08070110500488999,0.5429583169139519,55.2438056499286,algorithm_native_internal_best_so_far.v1,true
clean,tpsr,115,150,150,1.0,0.07822804916707062,0.08351247328767546,0.08087026122737302,0.5441307055932204,55.23658186653202,0.07822804916707062,0.08351247328767546,0.08087026122737302,0.5441307055932204,55.23658186653202,algorithm_native_internal_best_so_far.v1,true
clean,tpsr,116,150,150,1.0,0.07822955529725953,0.08254707809251287,0.08038831669488616,0.54076724626597,55.22658309722224,0.07822955529725953,0.08254707809251287,0.08038831669488616,0.54076724626597,55.22658309722224,algorithm_native_internal_best_so_far.v1,true
clean,tpsr,117,150,150,1.0,0.0782314753124522,0.08254774304749689,0.08038960917997451,0.5407496968718778,55.21674024756383,0.0782314753124522,0.08254774304749689,0.08038960917997451,0.5407496968718778,55.21674024756383,algorithm_native_internal_best_so_far.v1,true
clean,tpsr,118,150,150,1.0,0.0786052278160602,0.08288116736914913,0.08074319759260463,0.5432186339118272,55.2091565453911,0.0786052278160602,0.08288116736914913,0.08074319759260463,0.5432186339118272,55.2091565453911,algorithm_native_internal_best_so_far.v1,true
clean,tpsr,119,150,150,1.0,0.0786052278160602,0.08288116736914913,0.08074319759260463,0.5432186339118272,55.201700300397746,0.0786052278160602,0.08288116736914913,0.08074319759260463,0.5432186339118272,55.201700300397746,algorithm_native_internal_best_so_far.v1,true
clean,tpsr,120,150,150,1.0,0.07862800590026194,0.08280646190307013,0.080717233901666,0.5430528122512059,55.1942301414371,0.07862800590026194,0.08280646190307013,0.080717233901666,0.5430528122512059,55.1942301414371,algorithm_native_internal_best_so_far.v1,true
clean,tpsr,121,150,150,1.0,0.07848377651237026,0.08280182362302484,0.08064280006769751,0.5425235407151515,55.186446041685684,0.07848377651237026,0.08280182362302484,0.08064280006769751,0.5425235407151515,55.186446041685684,algorithm_native_internal_best_so_far.v1,true
clean,tpsr,122,150,150,1.0,0.07848906149500416,0.08280054334530099,0.08064480242015255,0.5425367259830025,55.1788003577235,0.07848906149500416,0.08280054334530099,0.08064480242015255,0.5425367259830025,55.1788003577235,algorithm_native_internal_best_so_far.v1,true
clean,tpsr,123,150,150,1.0,0.07848906149500416,0.08280054334530099,0.08064480242015255,0.5425367259830025,55.17127899382575,0.07848906149500416,0.08280054334530099,0.08064480242015255,0.5425367259830025,55.17127899382575,algorithm_native_internal_best_so_far.v1,true
clean,tpsr,124,150,150,1.0,0.07848832233724619,0.08280171913970333,0.08064502073847474,0.542538278364058,55.163880194169145,0.07848832233724619,0.08280171913970333,0.08064502073847474,0.542538278364058,55.163880194169145,algorithm_native_internal_best_so_far.v1,true
clean,tpsr,125,150,150,1.0,0.07848832233724619,0.08280171913970333,0.08064502073847474,0.542538278364058,55.15659977530704,0.07848832233724619,0.08280171913970333,0.08064502073847474,0.542538278364058,55.15659977530704,algorithm_native_internal_best_so_far.v1,true
clean,tpsr,126,150,150,1.0,0.07848832233724619,0.08280171913970333,0.08064502073847474,0.542538278364058,55.1494349186491,0.07848832233724619,0.08280171913970333,0.08064502073847474,0.542538278364058,55.1494349186491,algorithm_native_internal_best_so_far.v1,true
clean,tpsr,127,150,150,1.0,0.07839147748450756,0.08314194283208004,0.08076671015829379,0.5434136816633277,55.1430721883159,0.07839147748450756,0.08314194283208004,0.08076671015829379,0.5434136816633277,55.1430721883159,algorithm_native_internal_best_so_far.v1,true
clean,tpsr,128,150,150,1.0,0.0783914772458022,0.08314194292232296,0.08076671008406255,0.5434136811745234,55.136808875262275,0.0783914772458022,0.08314194292232296,0.08076671008406255,0.5434136811745234,55.136808875262275,algorithm_native_internal_best_so_far.v1,true
clean,tpsr,129,150,150,1.0,0.0783914772458022,0.08314194292232296,0.08076671008406255,0.5434136811745234,55.1306426678374,0.0783914772458022,0.08314194292232296,0.08076671008406255,0.5434136811745234,55.1306426678374,algorithm_native_internal_best_so_far.v1,true
clean,tpsr,130,150,150,1.0,0.07839286509764254,0.08313756105021493,0.0807652130739287,0.5434034224475607,55.12456343381369,0.07839286509764254,0.08313756105021493,0.0807652130739287,0.5434034224475607,55.12456343381369,algorithm_native_internal_best_so_far.v1,true
clean,tpsr,131,150,150,1.0,0.0783928306549638,0.08313757403851431,0.08076520234673903,0.5434033518102117,55.11857695860154,0.0783928306549638,0.08313757403851431,0.08076520234673903,0.5434033518102117,55.11857695860154,algorithm_native_internal_best_so_far.v1,true
clean,tpsr,132,150,150,1.0,0.07850114128911186,0.08300084312093667,0.08075099220502423,0.5433346669532934,55.11262915357675,0.07850114128911186,0.08300084312093667,0.08075099220502423,0.5433346669532934,55.11262915357675,algorithm_native_internal_best_so_far.v1,true
clean,tpsr,133,150,150,1.0,0.07850115190892622,0.08270306471520197,0.08060210831206407,0.5422647527188958,55.10596634243624,0.07850115190892622,0.08270306471520197,0.08060210831206407,0.5422647527188958,55.10596634243624,algorithm_native_internal_best_so_far.v1,true
clean,tpsr,134,150,150,1.0,0.07850143570239836,0.08300680899867824,0.08075412235053826,0.5433975525182269,55.10024834922271,0.07850143570239836,0.08300680899867824,0.08075412235053826,0.5433975525182269,55.10024834922271,algorithm_native_internal_best_so_far.v1,true
clean,tpsr,135,150,150,1.0,0.07845741304424447,0.08208159880208642,0.08026950592316542,0.5396567545591572,55.09184410556859,0.07845741304424447,0.08208159880208642,0.08026950592316542,0.5396567545591572,55.09184410556859,algorithm_native_internal_best_so_far.v1,true
clean,tpsr,136,150,150,1.0,0.07845741733539113,0.08208159880208642,0.08026950806873877,0.5396567699777454,55.08356346507009,0.07845741733539113,0.08208159880208642,0.08026950806873877,0.5396567699777454,55.08356346507009,algorithm_native_internal_best_so_far.v1,true
clean,tpsr,137,150,150,1.0,0.07846043359715185,0.08208159880208642,0.08027101619961911,0.5396684685633478,55.07541224894794,0.07846043359715185,0.08208159880208642,0.08027101619961911,0.5396684685633478,55.07541224894794,algorithm_native_internal_best_so_far.v1,true
clean,tpsr,138,150,150,1.0,0.07846043359715185,0.08208159880208642,0.08027101619961911,0.5396684685633478,55.067379166392776,0.07846043359715185,0.08208159880208642,0.08027101619961911,0.5396684685633478,55.067379166392776,algorithm_native_internal_best_so_far.v1,true
clean,tpsr,139,150,150,1.0,0.07843284727340724,0.08208159880208642,0.08025722303774682,0.5395603133509497,55.05938385825394,0.07843284727340724,0.08208159880208642,0.08025722303774682,0.5395603133509497,55.05938385825394,algorithm_native_internal_best_so_far.v1,true
clean,tpsr,140,150,150,1.0,0.07843284727340724,0.08208159880208642,0.08025722303774682,0.5395603133509497,55.051502768802806,0.07843284727340724,0.08208159880208642,0.08025722303774682,0.5395603133509497,55.051502768802806,algorithm_native_internal_best_so_far.v1,true
clean,tpsr,141,150,150,1.0,0.07843284727340724,0.08208159880208642,0.08025722303774682,0.5395603133509497,55.043733467854516,0.07843284727340724,0.08208159880208642,0.08025722303774682,0.5395603133509497,55.043733467854516,algorithm_native_internal_best_so_far.v1,true
clean,tpsr,142,150,150,1.0,0.07832452378473784,0.08216214161279213,0.08024333269876496,0.5393421779769952,55.03591997721962,0.07832452378473784,0.08216214161279213,0.08024333269876496,0.5393421779769952,55.03591997721962,algorithm_native_internal_best_so_far.v1,true
clean,tpsr,143,150,150,1.0,0.07832452378473784,0.08216214161279213,0.08024333269876496,0.5393421779769952,55.02821576617402,0.07832452378473784,0.08216214161279213,0.08024333269876496,0.5393421779769952,55.02821576617402,algorithm_native_internal_best_so_far.v1,true
clean,tpsr,144,150,150,1.0,0.07832452378473784,0.08216214161279213,0.08024333269876496,0.5393421779769952,55.02061855805962,0.07832452378473784,0.08216214161279213,0.08024333269876496,0.5393421779769952,55.02061855805962,algorithm_native_internal_best_so_far.v1,true
clean,tpsr,145,150,150,1.0,0.07832452378473784,0.08216214161279213,0.08024333269876496,0.5393421779769952,55.013126139022646,0.07832452378473784,0.08216214161279213,0.08024333269876496,0.5393421779769952,55.013126139022646,algorithm_native_internal_best_so_far.v1,true
clean,tpsr,146,150,150,1.0,0.07831446858883583,0.08216214161279213,0.08023830510081396,0.5393027554769712,55.00570935415055,0.07831446858883583,0.08216214161279213,0.08023830510081396,0.5393027554769712,55.00570935415055,algorithm_native_internal_best_so_far.v1,true
clean,tpsr,147,150,150,1.0,0.07831446858883583,0.08216214161279213,0.08023830510081396,0.5393027554769712,54.998393477916174,0.07831446858883583,0.08216214161279213,0.08023830510081396,0.5393027554769712,54.998393477916174,algorithm_native_internal_best_so_far.v1,true
clean,tpsr,148,150,150,1.0,0.07831446858883583,0.08216214161279213,0.08023830510081396,0.5393027554769712,54.991176464874144,0.07831446858883583,0.08216214161279213,0.08023830510081396,0.5393027554769712,54.991176464874144,algorithm_native_internal_best_so_far.v1,true
clean,tpsr,149,150,150,1.0,0.0783144672706294,0.08216214210860957,0.08023830468961947,0.5393027527693012,54.984056322673176,0.0783144672706294,0.08216214210860957,0.08023830468961947,0.5393027527693012,54.984056322673176,algorithm_native_internal_best_so_far.v1,true
clean,tpsr,150,150,150,1.0,0.07813773185337122,0.08197168548577434,0.08005470866957276,0.538415340465721,54.97643950749917,0.07813773185337122,0.08197168548577434,0.08005470866957276,0.538415340465721,54.97643950749917,algorithm_native_internal_best_so_far.v1,true
clean,tpsr,151,150,150,1.0,0.07804937701028214,0.08197169895555399,0.08001053798291806,0.5380690025010856,54.968694214403875,0.07804937701028214,0.08197169895555399,0.08001053798291806,0.5380690025010856,54.968694214403875,algorithm_native_internal_best_so_far.v1,true
clean,tpsr,152,150,150,1.0,0.07803536361034288,0.08195687917959342,0.07999612139496814,0.5378999532966816,54.96093961647798,0.07803536361034288,0.08195687917959342,0.07999612139496814,0.5378999532966816,54.96093961647798,algorithm_native_internal_best_so_far.v1,true
clean,tpsr,153,150,150,1.0,0.07803279209060097,0.08195120653219184,0.07999199931139639,0.5378879387278886,54.953278533185895,0.07803279209060097,0.08195120653219184,0.07999199931139639,0.5378879387278886,54.953278533185895,algorithm_native_internal_best_so_far.v1,true
clean,tpsr,154,150,150,1.0,0.07801372444648776,0.08194648852101928,0.07998010648375349,0.5378033732175691,54.94566203181298,0.07801372444648776,0.08194648852101928,0.07998010648375349,0.5378033732175691,54.94566203181298,algorithm_native_internal_best_so_far.v1,true
clean,tpsr,155,150,150,1.0,0.07810005770739921,0.08232576713450307,0.08021291242095112,0.5389182416795215,54.938863077852595,0.07810005770739921,0.08232576713450307,0.08021291242095112,0.5389182416795215,54.938863077852595,algorithm_native_internal_best_so_far.v1,true
clean,tpsr,156,150,150,1.0,0.07805525911174005,0.082325766056182,0.08019051258396098,0.5387425842578437,54.932038689057286,0.07805525911174005,0.082325766056182,0.08019051258396098,0.5387425842578437,54.932038689057286,algorithm_native_internal_best_so_far.v1,true
clean,tpsr,157,150,150,1.0,0.07805560357205636,0.08232575172318492,0.08019067764762063,0.538743671183654,54.92530192746052,0.07805560357205636,0.08232575172318492,0.08019067764762063,0.538743671183654,54.92530192746052,algorithm_native_internal_best_so_far.v1,true
clean,tpsr,158,150,150,1.0,0.07805561419187072,0.08202797331745024,0.08004179375466046,0.5377023396094321,54.91799137071041,0.07805561419187072,0.08202797331745024,0.08004179375466046,0.5377023396094321,54.91799137071041,algorithm_native_internal_best_so_far.v1,true
clean,tpsr,159,150,150,1.0,0.07805545984769564,0.08202785035720168,0.08004165510244864,0.5377007206521709,54.91077175243687,0.07805545984769564,0.08202785035720168,0.08004165510244864,0.5377007206521709,54.91077175243687,algorithm_native_internal_best_so_far.v1,true
clean,tpsr,160,150,150,1.0,0.07805545937023291,0.08220858452849582,0.08013202194936433,0.5383327692175679,54.904037409745115,0.07805545937023291,0.08220858452849582,0.08013202194936433,0.5383327692175679,54.904037409745115,algorithm_native_internal_best_so_far.v1,true
clean,tpsr,161,150,150,1.0,0.07805545937023291,0.08220858452849582,0.08013202194936433,0.5383327692175679,54.89738672348431,0.07805545937023291,0.08220858452849582,0.08013202194936433,0.5383327692175679,54.89738672348431,algorithm_native_internal_best_so_far.v1,true
clean,tpsr,162,150,150,1.0,0.07805546973299562,0.08202785035720168,0.08004166004509863,0.5377007552223141,54.890428012365476,0.07805546973299562,0.08202785035720168,0.08004166004509863,0.5377007552223141,54.890428012365476,algorithm_native_internal_best_so_far.v1,true
clean,tpsr,163,150,150,1.0,0.07805547402414229,0.08202785035720168,0.08004166219067196,0.5377007702289961,54.883554693411696,0.07805547402414229,0.08202785035720168,0.08004166219067196,0.5377007702289961,54.883554693411696,algorithm_native_internal_best_so_far.v1,true
clean,tpsr,164,150,150,1.0,0.07805547402414229,0.08202785035720168,0.08004166219067196,0.5377007702289961,54.87676519542077,0.07805547402414229,0.08202785035720168,0.08004166219067196,0.5377007702289961,54.87676519542077,algorithm_native_internal_best_so_far.v1,true
clean,tpsr,165,150,150,1.0,0.07805586181767793,0.08202785035720168,0.08004185608743979,0.5377021263919931,54.87005881629215,0.07805586181767793,0.08202785035720168,0.08004185608743979,0.5377021263919931,54.87005881629215,algorithm_native_internal_best_so_far.v1,true
clean,tpsr,166,150,150,1.0,0.07808878037495626,0.08205109625388052,0.08006993831441837,0.5378378618497937,54.86351500526014,0.07808878037495626,0.08205109625388052,0.08006993831441837,0.5378378618497937,54.86351500526014,algorithm_native_internal_best_so_far.v1,true
clean,tpsr,167,150,150,1.0,0.07808878037495626,0.08205109625388052,0.08006993831441837,0.5378378618497937,54.85704956322254,0.07808878037495626,0.08205109625388052,0.08006993831441837,0.5378378618497937,54.85704956322254,algorithm_native_internal_best_so_far.v1,true
clean,tpsr,168,150,150,1.0,0.0781967694096151,0.08219092576241989,0.0801938475860175,0.5386767133948073,54.85116040712883,0.0781967694096151,0.08219092576241989,0.0801938475860175,0.5386767133948073,54.85116040712883,algorithm_native_internal_best_so_far.v1,true
clean,tpsr,169,150,150,1.0,0.0781967694096151,0.08219092576241989,0.0801938475860175,0.5386767133948073,54.84534094519009,0.0781967694096151,0.08219092576241989,0.0801938475860175,0.5386767133948073,54.84534094519009,algorithm_native_internal_best_so_far.v1,true
clean,tpsr,170,150,150,1.0,0.0781967694096151,0.08219092576241989,0.0801938475860175,0.5386767133948073,54.83958994750944,0.0781967694096151,0.08219092576241989,0.0801938475860175,0.5386767133948073,54.83958994750944,algorithm_native_internal_best_so_far.v1,true
clean,tpsr,171,150,150,1.0,0.07818677919656834,0.08217928719882947,0.0801830331976989,0.5386035012272886,54.833863398826516,0.07818677919656834,0.08217928719882947,0.0801830331976989,0.5386035012272886,54.833863398826516,algorithm_native_internal_best_so_far.v1,true
clean,tpsr,172,150,150,1.0,0.07818677919656834,0.08217928719882947,0.0801830331976989,0.5386035012272886,54.82820343791897,0.07818677919656834,0.08217928719882947,0.0801830331976989,0.5386035012272886,54.82820343791897,algorithm_native_internal_best_so_far.v1,true
clean,tpsr,173,150,150,1.0,0.07818679592060022,0.08217931182833713,0.08018305387446867,0.5386036412066465,54.822608990998425,0.07818679592060022,0.08217931182833713,0.08018305387446867,0.5386036412066465,54.822608990998425,algorithm_native_internal_best_so_far.v1,true
clean,tpsr,174,150,150,1.0,0.07818679592060022,0.08217931182833713,0.08018305387446867,0.5386036412066465,54.81707884806547,0.07818679592060022,0.08217931182833713,0.08018305387446867,0.5386036412066465,54.81707884806547,algorithm_native_internal_best_so_far.v1,true
clean,tpsr,175,150,150,1.0,0.07818679592060022,0.08217931182833713,0.08018305387446867,0.5386036412066465,54.811611906766046,0.07818679592060022,0.08217931182833713,0.08018305387446867,0.5386036412066465,54.811611906766046,algorithm_native_internal_best_so_far.v1,true
clean,tpsr,176,150,150,1.0,0.07818679592060022,0.08217931182833713,0.08018305387446867,0.5386036412066465,54.806207089799564,0.07818679592060022,0.08217931182833713,0.08018305387446867,0.5386036412066465,54.806207089799564,algorithm_native_internal_best_so_far.v1,true
clean,tpsr,177,150,150,1.0,0.07818679592060022,0.08217931182833713,0.08018305387446867,0.5386036412066465,54.80086334421123,0.07818679592060022,0.08217931182833713,0.08018305387446867,0.5386036412066465,54.80086334421123,algorithm_native_internal_best_so_far.v1,true
clean,tpsr,178,150,150,1.0,0.07818679592060022,0.08217931182833713,0.08018305387446867,0.5386036412066465,54.795579640708155,0.07818679592060022,0.08217931182833713,0.08018305387446867,0.5386036412066465,54.795579640708155,algorithm_native_internal_best_so_far.v1,true
clean,tpsr,179,150,150,1.0,0.0781900366652438,0.08218321684129158,0.08018662675326767,0.5386278291859803,54.79036848583604,0.0781900366652438,0.08218321684129158,0.08018662675326767,0.5386278291859803,54.79036848583604,algorithm_native_internal_best_so_far.v1,true
clean,tpsr,180,150,150,1.0,0.0781900366652438,0.08218321684129158,0.08018662675326767,0.5386278291859803,54.78521523268471,0.0781900366652438,0.08218321684129158,0.08018662675326767,0.5386278291859803,54.78521523268471,algorithm_native_internal_best_so_far.v1,true
clean,udsr,1,150,150,1.0,0.30144514621406476,0.1988901139731479,0.2501676300936064,0.4479263469659479,44.79263469659479,0.30144514621406476,0.1988901139731479,0.2501676300936064,0.4479263469659479,44.79263469659479,algorithm_native_internal_best_so_far.v1,true
clean,udsr,2,150,150,1.0,0.3859771749473957,0.27815843727328715,0.3320678061103415,0.5883049523222316,51.81156496440897,0.3859771749473957,0.27815843727328715,0.3320678061103415,0.5883049523222316,51.81156496440897,algorithm_native_internal_best_so_far.v1,true
clean,udsr,3,150,150,1.0,0.4281333491235958,0.3149580779768032,0.37154571355019944,0.6414262214428592,55.92191735770129,0.4281333491235958,0.3149580779768032,0.37154571355019944,0.6414262214428592,55.92191735770129,algorithm_native_internal_best_so_far.v1,true
clean,udsr,4,150,150,1.0,0.45249136359444986,0.3418984836854149,0.39719492363993264,0.6708312099202736,58.71221826628281,0.45249136359444986,0.3418984836854149,0.39719492363993264,0.6708312099202736,58.71221826628281,algorithm_native_internal_best_so_far.v1,true
clean,udsr,5,150,150,1.0,0.46661015888255547,0.35323830680628887,0.40992423284442236,0.6892325794240272,60.754426201506796,0.46661015888255547,0.35323830680628887,0.40992423284442236,0.6892325794240272,60.754426201506796,algorithm_native_internal_best_so_far.v1,true
clean,udsr,6,150,150,1.0,0.47513030440916454,0.367418985334603,0.4212746448718839,0.6931131968981378,62.18057511622462,0.47513030440916454,0.367418985334603,0.4212746448718839,0.6931131968981378,62.18057511622462,algorithm_native_internal_best_so_far.v1,true
clean,udsr,7,150,150,1.0,0.4838049750444977,0.37443026877859953,0.4291176219115487,0.6901892929226551,63.15748285565903,0.4838049750444977,0.37443026877859953,0.4291176219115487,0.6901892929226551,63.15748285565903,algorithm_native_internal_best_so_far.v1,true
clean,udsr,8,150,150,1.0,0.48363098193622744,0.37585688109812543,0.42974393151717655,0.6950893022190304,63.95141377643954,0.48363098193622744,0.37585688109812543,0.42974393151717655,0.6950893022190304,63.95141377643954,algorithm_native_internal_best_so_far.v1,true
clean,udsr,9,150,150,1.0,0.4840816193661168,0.3759674349903717,0.4300245271782443,0.6962467415378687,64.58177604058923,0.4840816193661168,0.3759674349903717,0.4300245271782443,0.6962467415378687,64.58177604058923,algorithm_native_internal_best_so_far.v1,true
clean,udsr,10,150,150,1.0,0.4974606172975035,0.38983502195985326,0.44364781962867833,0.7159255371590058,65.28285380812038,0.4974606172975035,0.38983502195985326,0.44364781962867833,0.7159255371590058,65.28285380812038,algorithm_native_internal_best_so_far.v1,true
clean,udsr,11,150,150,1.0,0.5100423934589033,0.4015324336896036,0.45578741357425345,0.7325443190911747,66.00754272639284,0.5100423934589033,0.4015324336896036,0.45578741357425345,0.7325443190911747,66.00754272639284,algorithm_native_internal_best_so_far.v1,true
clean,udsr,12,150,150,1.0,0.5165493077680049,0.40911220176078944,0.46283075476439733,0.7422126982256859,66.69201998440748,0.5165493077680049,0.40911220176078944,0.46283075476439733,0.7422126982256859,66.69201998440748,algorithm_native_internal_best_so_far.v1,true
clean,udsr,13,150,150,1.0,0.5269082241970647,0.41928993143376536,0.4730990778154151,0.757051177563603,67.38533519763463,0.5269082241970647,0.41928993143376536,0.4730990778154151,0.757051177563603,67.38533519763463,algorithm_native_internal_best_so_far.v1,true
clean,udsr,14,150,150,1.0,0.5272177209430046,0.4198759701918791,0.473546845567442,0.7585568320137355,67.99036005504455,0.5272177209430046,0.4198759701918791,0.473546845567442,0.7585568320137355,67.99036005504455,algorithm_native_internal_best_so_far.v1,true
clean,udsr,15,150,150,1.0,0.5286926917652779,0.42249700485051833,0.4755948483078982,0.76199289100019,68.53762199137618,0.5286926917652779,0.42249700485051833,0.4755948483078982,0.76199289100019,68.53762199137618,algorithm_native_internal_best_so_far.v1,true
clean,udsr,16,150,150,1.0,0.5389421352720638,0.4320878812256215,0.485515008248843,0.7801427300281939,69.12991267959137,0.5389421352720638,0.4320878812256215,0.485515008248843,0.7801427300281939,69.12991267959137,algorithm_native_internal_best_so_far.v1,true
clean,udsr,17,150,150,1.0,0.541247447377939,0.43146431375414884,0.48635588056604434,0.7852497993380714,69.68256369454525,0.541247447377939,0.43146431375414884,0.48635588056604434,0.7852497993380714,69.68256369454525,algorithm_native_internal_best_so_far.v1,true
clean,udsr,18,150,150,1.0,0.5467836377462063,0.43901657873314226,0.4929001082396746,0.7881399112134563,70.18986521825637,0.5467836377462063,0.43901657873314226,0.4929001082396746,0.7881399112134563,70.18986521825637,algorithm_native_internal_best_so_far.v1,true
clean,udsr,19,150,150,1.0,0.5512005307611033,0.44449950633145696,0.49785001854628047,0.7861181320644681,70.63312563868745,0.5512005307611033,0.44449950633145696,0.49785001854628047,0.7861181320644681,70.63312563868745,algorithm_native_internal_best_so_far.v1,true
clean,udsr,20,150,150,1.0,0.5513507197686466,0.44543673105369713,0.4983937254111721,0.7884590678506356,71.04376469600626,0.5513507197686466,0.44543673105369713,0.4983937254111721,0.7884590678506356,71.04376469600626,algorithm_native_internal_best_so_far.v1,true
clean,udsr,21,150,150,1.0,0.5586305830546414,0.4524444714668862,0.505537527260764,0.7965302361734311,71.4537294065461,0.5586305830546414,0.4524444714668862,0.505537527260764,0.7965302361734311,71.4537294065461,algorithm_native_internal_best_so_far.v1,true
clean,udsr,22,150,150,1.0,0.5626116988219011,0.45836328520770575,0.5104874920148036,0.8035612038609131,71.85838354197998,0.5626116988219011,0.45836328520770575,0.5104874920148036,0.8035612038609131,71.85838354197998,algorithm_native_internal_best_so_far.v1,true
clean,udsr,23,150,150,1.0,0.5593311217307521,0.4591074393343946,0.5092192805325736,0.7932816488490282,72.18315664384617,0.5593311217307521,0.4591074393343946,0.5092192805325736,0.7932816488490282,72.18315664384617,algorithm_native_internal_best_so_far.v1,true
clean,udsr,24,150,150,1.0,0.5580555419462879,0.45798351432552314,0.5080195281359056,0.792006504939662,72.47555222093452,0.5580555419462879,0.45798351432552314,0.5080195281359056,0.792006504939662,72.47555222093452,algorithm_native_internal_best_so_far.v1,true
clean,udsr,25,150,150,1.0,0.5592595700364464,0.4585434837109909,0.5089015268737185,0.7923347648280853,72.74586919140947,0.5592595700364464,0.4585434837109909,0.5089015268737185,0.7923347648280853,72.74586919140947,algorithm_native_internal_best_so_far.v1,true
clean,udsr,26,150,150,1.0,0.5639271724226543,0.4629242746524416,0.5134257235375479,0.7968854803503906,73.01289530077983,0.5639271724226543,0.4629242746524416,0.5134257235375479,0.7968854803503906,73.01289530077983,algorithm_native_internal_best_so_far.v1,true
clean,udsr,27,150,150,1.0,0.5636706025404901,0.4633011450546695,0.5134858737975797,0.7978963364741594,73.26388560991451,0.5636706025404901,0.4633011450546695,0.5134858737975797,0.7978963364741594,73.26388560991451,algorithm_native_internal_best_so_far.v1,true
clean,udsr,28,150,150,1.0,0.5598235433061198,0.45923407202505323,0.5095288076655864,0.7927995326961915,73.47874516918966,0.5598235433061198,0.45923407202505323,0.5095288076655864,0.7927995326961915,73.47874516918966,algorithm_native_internal_best_so_far.v1,true
clean,udsr,29,150,150,1.0,0.562630147297191,0.46290888728120383,0.5127695172891974,0.8022999324455142,73.71154682696077,0.562630147297191,0.46290888728120383,0.5127695172891974,0.8022999324455142,73.71154682696077,algorithm_native_internal_best_so_far.v1,true
clean,udsr,30,150,150,1.0,0.5670822419478481,0.4659908566617769,0.5165365493048123,0.8156512656720338,73.97333281830218,0.5670822419478481,0.4659908566617769,0.5165365493048123,0.8156512656720338,73.97333281830218,algorithm_native_internal_best_so_far.v1,true
clean,udsr,31,150,150,1.0,0.5781686394854119,0.47809767153072236,0.528133155508067,0.8279871180600699,74.25802246306685,0.5781686394854119,0.47809767153072236,0.528133155508067,0.8279871180600699,74.25802246306685,algorithm_native_internal_best_so_far.v1,true
clean,udsr,32,150,150,1.0,0.5795068416626892,0.4793843730538839,0.5294456073582864,0.8290889424648068,74.52836220629854,0.5795068416626892,0.4793843730538839,0.5294456073582864,0.8290889424648068,74.52836220629854,algorithm_native_internal_best_so_far.v1,true
clean,udsr,33,150,150,1.0,0.5801476003084037,0.4811880820133219,0.5306678411608627,0.8254309824867576,74.77123299546147,0.5801476003084037,0.4811880820133219,0.5306678411608627,0.8254309824867576,74.77123299546147,algorithm_native_internal_best_so_far.v1,true
clean,udsr,34,150,150,1.0,0.5795017901958335,0.47990834113290143,0.5297050656643673,0.8253068346345869,74.99945212687317,0.5795017901958335,0.47990834113290143,0.5297050656643673,0.8253068346345869,74.99945212687317,algorithm_native_internal_best_so_far.v1,true
clean,udsr,35,150,150,1.0,0.5812570186260796,0.481392592644931,0.5313248056355052,0.8320838948910664,75.23399319436557,0.5812570186260796,0.481392592644931,0.5313248056355052,0.8320838948910664,75.23399319436557,algorithm_native_internal_best_so_far.v1,true
clean,udsr,36,150,150,1.0,0.5843037163279973,0.48414120390365184,0.5342224601158245,0.8412386306344785,75.48093402406228,0.5843037163279973,0.48414120390365184,0.5342224601158245,0.8412386306344785,75.48093402406228,algorithm_native_internal_best_so_far.v1,true
clean,udsr,37,150,150,1.0,0.584650556025342,0.4852419920302426,0.5349462740277922,0.8422589325219875,75.71728427347138,0.584650556025342,0.4852419920302426,0.5349462740277922,0.8422589325219875,75.71728427347138,algorithm_native_internal_best_so_far.v1,true
clean,udsr,38,150,150,1.0,0.5836614155026068,0.48558219590994717,0.5346218057062769,0.8380634074429648,75.93015418059836,0.5836614155026068,0.48558219590994717,0.5346218057062769,0.8380634074429648,75.93015418059836,algorithm_native_internal_best_so_far.v1,true
clean,udsr,39,150,150,1.0,0.5828761894823179,0.4843715157804494,0.5336238526313836,0.8368609050340066,76.12902434272151,0.5828761894823179,0.4843715157804494,0.5336238526313836,0.8368609050340066,76.12902434272151,algorithm_native_internal_best_so_far.v1,true
clean,udsr,40,150,150,1.0,0.5828750004786388,0.48437107637372284,0.5336230384261808,0.8368594918794588,76.31794746385211,0.5828750004786388,0.48437107637372284,0.5336230384261808,0.8368594918794588,76.31794746385211,algorithm_native_internal_best_so_far.v1,true
clean,udsr,41,150,150,1.0,0.5870641952574569,0.48742561159477077,0.5372449034261138,0.8409701339153837,76.50768077916152,0.5870641952574569,0.48742561159477077,0.5372449034261138,0.8409701339153837,76.50768077916152,algorithm_native_internal_best_so_far.v1,true
clean,udsr,42,150,150,1.0,0.5918817459372209,0.49325759837808336,0.5425696721576522,0.8518321362480573,76.7142410850102,0.5918817459372209,0.49325759837808336,0.5425696721576522,0.8518321362480573,76.7142410850102,algorithm_native_internal_best_so_far.v1,true
clean,udsr,43,150,150,1.0,0.5924388442363792,0.4946676300449481,0.5435532371406636,0.8544974615333778,76.91739236566899,0.5924388442363792,0.4946676300449481,0.5435532371406636,0.8544974615333778,76.91739236566899,algorithm_native_internal_best_so_far.v1,true
clean,udsr,44,150,150,1.0,0.5926645993744508,0.49437195009307106,0.543518274733761,0.8544624991264751,77.11123003719122,0.5926645993744508,0.49437195009307106,0.543518274733761,0.8544624991264751,77.11123003719122,algorithm_native_internal_best_so_far.v1,true
clean,udsr,45,150,150,1.0,0.5902229768117022,0.49437195009307106,0.5422974634523867,0.8500149481846293,77.28656925455282,0.5902229768117022,0.49437195009307106,0.5422974634523867,0.8500149481846293,77.28656925455282,algorithm_native_internal_best_so_far.v1,true
clean,udsr,46,150,150,1.0,0.5951090597603651,0.4996295852290175,0.5473693224946913,0.8551091158948291,77.46535930531216,0.5951090597603651,0.4996295852290175,0.5473693224946913,0.8551091158948291,77.46535930531216,algorithm_native_internal_best_so_far.v1,true
clean,udsr,47,150,150,1.0,0.5945635395246701,0.49855593147186816,0.5465597354982691,0.8531539524827378,77.63238134665175,0.5945635395246701,0.49855593147186816,0.5465597354982691,0.8531539524827378,77.63238134665175,algorithm_native_internal_best_so_far.v1,true
clean,udsr,48,150,150,1.0,0.5951902991813163,0.4987907776608907,0.5469905384211035,0.8539634122761315,77.79413051083846,0.5951902991813163,0.4987907776608907,0.5469905384211035,0.8539634122761315,77.79413051083846,algorithm_native_internal_best_so_far.v1,true
clean,udsr,49,150,150,1.0,0.5943101309703833,0.49837962029496663,0.546344875632675,0.8486271670912865,77.93838737202806,0.5943101309703833,0.49837962029496663,0.546344875632675,0.8486271670912865,77.93838737202806,algorithm_native_internal_best_so_far.v1,true
clean,udsr,50,150,150,1.0,0.5970193140514248,0.5022273947666243,0.5496233544090245,0.8514829427522865,78.08258551009206,0.5970193140514248,0.5022273947666243,0.5496233544090245,0.8514829427522865,78.08258551009206,algorithm_native_internal_best_so_far.v1,true
clean,udsr,51,150,150,1.0,0.5945683431250256,0.49942633251569474,0.5469973378203602,0.8480254431296022,78.2143494081875,0.5945683431250256,0.49942633251569474,0.5469973378203602,0.8480254431296022,78.2143494081875,algorithm_native_internal_best_so_far.v1,true
clean,udsr,52,150,150,1.0,0.5945683431250256,0.49942633251569474,0.5469973378203602,0.8480254431296022,78.34104546404852,0.5945683431250256,0.49942633251569474,0.5469973378203602,0.8480254431296022,78.34104546404852,algorithm_native_internal_best_so_far.v1,true
clean,udsr,53,150,150,1.0,0.5961265805701447,0.5007509418491634,0.5484387612096541,0.8543022112451446,78.47480349537807,0.5961265805701447,0.5007509418491634,0.5484387612096541,0.8543022112451446,78.47480349537807,algorithm_native_internal_best_so_far.v1,true
clean,udsr,54,150,150,1.0,0.6025112442604023,0.5094465591630432,0.5559789017117227,0.8621270326508081,78.61809793555774,0.6025112442604023,0.5094465591630432,0.5559789017117227,0.8621270326508081,78.61809793555774,algorithm_native_internal_best_so_far.v1,true
clean,udsr,55,150,150,1.0,0.6034063528349124,0.5099759028331635,0.556691127834038,0.868987082913067,78.76865448748046,0.6034063528349124,0.5099759028331635,0.556691127834038,0.868987082913067,78.76865448748046,algorithm_native_internal_best_so_far.v1,true
clean,udsr,56,150,150,1.0,0.6029043464527839,0.5098879577444251,0.5563961520986046,0.868684148435256,78.91329306526697,0.6029043464527839,0.5098879577444251,0.5563961520986046,0.868684148435256,78.91329306526697,algorithm_native_internal_best_so_far.v1,true
clean,udsr,57,150,150,1.0,0.6029043464527839,0.5098879577444251,0.5563961520986046,0.868684148435256,79.05285660523641,0.6029043464527839,0.5098879577444251,0.5563961520986046,0.868684148435256,79.05285660523641,algorithm_native_internal_best_so_far.v1,true
clean,udsr,58,150,150,1.0,0.6042705634492458,0.5110123775960287,0.5576414705226372,0.8705138970628606,79.19076234835798,0.6042705634492458,0.5110123775960287,0.5576414705226372,0.8705138970628606,79.19076234835798,algorithm_native_internal_best_so_far.v1,true
clean,udsr,59,150,150,1.0,0.6047458359463236,0.5112305279625018,0.5579881819544127,0.871283817909255,79.32529827111335,0.6047458359463236,0.5112305279625018,0.5579881819544127,0.871283817909255,79.32529827111335,algorithm_native_internal_best_so_far.v1,true
clean,udsr,60,150,150,1.0,0.6048194767002497,0.5112305279625018,0.5580250023313758,0.8714123794538561,79.45556393235123,0.6048194767002497,0.5112305279625018,0.5580250023313758,0.8714123794538561,79.45556393235123,algorithm_native_internal_best_so_far.v1,true
clean,udsr,61,150,150,1.0,0.6019656582191264,0.5118000107867663,0.5568828345029462,0.8653662534974351,79.57164690640683,0.6019656582191264,0.5118000107867663,0.5568828345029462,0.8653662534974351,79.57164690640683,algorithm_native_internal_best_so_far.v1,true
clean,udsr,62,150,150,1.0,0.6018949785270749,0.5113831899798779,0.5566390842534763,0.8648145903468795,79.68309548912106,0.6018949785270749,0.5113831899798779,0.5566390842534763,0.8648145903468795,79.68309548912106,algorithm_native_internal_best_so_far.v1,true
clean,udsr,63,150,150,1.0,0.601943381819903,0.5111183733109819,0.5565308775654424,0.8644044949629286,79.79035507653647,0.601943381819903,0.5111183733109819,0.5565308775654424,0.8644044949629286,79.79035507653647,algorithm_native_internal_best_so_far.v1,true
clean,udsr,64,150,150,1.0,0.601943381819903,0.5111183733109819,0.5565308775654424,0.8644044949629286,79.89426280184516,0.601943381819903,0.5111183733109819,0.5565308775654424,0.8644044949629286,79.89426280184516,algorithm_native_internal_best_so_far.v1,true
clean,udsr,65,150,150,1.0,0.6026612770177877,0.5123347284027705,0.5574980027102789,0.8659005069387462,79.99727492326099,0.6026612770177877,0.5123347284027705,0.5574980027102789,0.8659005069387462,79.99727492326099,algorithm_native_internal_best_so_far.v1,true
clean,udsr,66,150,150,1.0,0.6034489861092893,0.5131343575315676,0.5582916718204284,0.8670301014926937,80.09887697213992,0.6034489861092893,0.5131343575315676,0.5582916718204284,0.8670301014926937,80.09887697213992,algorithm_native_internal_best_so_far.v1,true
clean,udsr,67,150,150,1.0,0.6034489861092893,0.5131343575315676,0.5582916718204284,0.8670301014926937,80.19744612403737,0.6034489861092893,0.5131343575315676,0.5582916718204284,0.8670301014926937,80.19744612403737,algorithm_native_internal_best_so_far.v1,true
clean,udsr,68,150,150,1.0,0.6035159219393946,0.5134476053941751,0.5584817636667848,0.8676364674815109,80.29400789792139,0.6035159219393946,0.5134476053941751,0.5584817636667848,0.8676364674815109,80.29400789792139,algorithm_native_internal_best_so_far.v1,true
clean,udsr,69,150,150,1.0,0.6024102497627699,0.5123746662598943,0.5573924580113321,0.8665697295616057,80.3862247828234,0.6024102497627699,0.5123746662598943,0.5573924580113321,0.8665697295616057,80.3862247828234,algorithm_native_internal_best_so_far.v1,true
clean,udsr,70,150,150,1.0,0.6033581050182816,0.5136786922092661,0.5585183986137737,0.8692604563069294,80.47965079493584,0.6033581050182816,0.5136786922092661,0.5585183986137737,0.8692604563069294,80.47965079493584,algorithm_native_internal_best_so_far.v1,true
clean,udsr,71,150,150,1.0,0.6045031320051503,0.5147883855119181,0.5596457587585341,0.8709884678763077,80.57287890750901,0.6045031320051503,0.5147883855119181,0.5596457587585341,0.8709884678763077,80.57287890750901,algorithm_native_internal_best_so_far.v1,true
clean,udsr,72,150,150,1.0,0.6045188549955727,0.5147883855119181,0.5596536202537453,0.871023911263494,80.66356657721512,0.6045188549955727,0.5147883855119181,0.5596536202537453,0.871023911263494,80.66356657721512,algorithm_native_internal_best_so_far.v1,true
clean,udsr,73,150,150,1.0,0.6071262670200355,0.5151916441067095,0.5611589555633725,0.8770944113993903,80.76008540684148,0.6071262670200355,0.5151916441067095,0.5611589555633725,0.8770944113993903,80.76008540684148,algorithm_native_internal_best_so_far.v1,true
clean,udsr,74,150,150,1.0,0.6063731182601579,0.514508809223509,0.5604409637418336,0.8724051269979357,80.84765874863811,0.6063731182601579,0.514508809223509,0.5604409637418336,0.8724051269979357,80.84765874863811,algorithm_native_internal_best_so_far.v1,true
clean,udsr,75,150,150,1.0,0.6031582045624412,0.5138514360434093,0.5585048203029253,0.8646376352444398,80.92254014564887,0.6031582045624412,0.5138514360434093,0.5585048203029253,0.8646376352444398,80.92254014564887,algorithm_native_internal_best_so_far.v1,true
clean,udsr,76,150,150,1.0,0.6077495857880794,0.5168787058186778,0.5623141458033788,0.8760085783033619,81.01041274676318,0.6077495857880794,0.5168787058186778,0.5623141458033788,0.8760085783033619,81.01041274676318,algorithm_native_internal_best_so_far.v1,true
clean,udsr,77,150,150,1.0,0.6077495857880794,0.5168787058186778,0.5623141458033788,0.8760085783033619,81.09600294265374,0.6077495857880794,0.5168787058186778,0.5623141458033788,0.8760085783033619,81.09600294265374,algorithm_native_internal_best_so_far.v1,true
clean,udsr,78,150,150,1.0,0.6137221520660565,0.522213088812339,0.5679676204391978,0.881574988697875,81.18653494171956,0.6137221520660565,0.522213088812339,0.5679676204391978,0.881574988697875,81.18653494171956,algorithm_native_internal_best_so_far.v1,true
clean,udsr,79,150,150,1.0,0.6143083375948116,0.5227300482753148,0.5685191929350633,0.8821265611937404,81.27547318447466,0.6143083375948116,0.5227300482753148,0.5685191929350633,0.8821265611937404,81.27547318447466,algorithm_native_internal_best_so_far.v1,true
clean,udsr,80,150,150,1.0,0.6164606827667155,0.525899971262686,0.5711803270147007,0.884787695273378,81.36551438876046,0.6164606827667155,0.525899971262686,0.5711803270147007,0.884787695273378,81.36551438876046,algorithm_native_internal_best_so_far.v1,true
clean,udsr,81,150,150,1.0,0.617417236212622,0.5265998136913191,0.5720085249519706,0.885882308436562,81.45468372770978,0.617417236212622,0.5265998136913191,0.5720085249519706,0.885882308436562,81.45468372770978,algorithm_native_internal_best_so_far.v1,true
clean,udsr,82,150,150,1.0,0.6172322582226486,0.526395918296378,0.5718140882595134,0.8855955091523695,81.5413284495089,0.6172322582226486,0.526395918296378,0.5718140882595134,0.8855955091523695,81.5413284495089,algorithm_native_internal_best_so_far.v1,true
clean,udsr,83,150,150,1.0,0.6144584020862065,0.5234709493000056,0.5689646756931062,0.8827460965859623,81.6224523194979,0.6144584020862065,0.5234709493000056,0.5689646756931062,0.8827460965859623,81.6224523194979,algorithm_native_internal_best_so_far.v1,true
clean,udsr,84,150,150,1.0,0.6144425184579797,0.5234709493000056,0.5689567338789928,0.8827166328661756,81.701609592916,0.6144425184579797,0.5234709493000056,0.5689567338789928,0.8827166328661756,81.701609592916,algorithm_native_internal_best_so_far.v1,true
clean,udsr,85,150,150,1.0,0.6144548182006696,0.5234520065494468,0.5689534123750583,0.8827021691699802,81.77888732614048,0.6144548182006696,0.5234520065494468,0.5689534123750583,0.8827021691699802,81.77888732614048,algorithm_native_internal_best_so_far.v1,true
clean,udsr,86,150,150,1.0,0.6144548182006696,0.5234520065494468,0.5689534123750583,0.8827021691699802,81.85436790277835,0.6144548182006696,0.5234520065494468,0.5689534123750583,0.8827021691699802,81.85436790277835,algorithm_native_internal_best_so_far.v1,true
clean,udsr,87,150,150,1.0,0.6121743587863373,0.522804401711012,0.5674893802486747,0.8812211998355908,81.92641103014365,0.6121743587863373,0.522804401711012,0.5674893802486747,0.8812211998355908,81.92641103014365,algorithm_native_internal_best_so_far.v1,true
clean,udsr,88,150,150,1.0,0.6123129892318844,0.5226344002573831,0.5674736947446338,0.881154625941176,81.99674116155245,0.6123129892318844,0.5226344002573831,0.5674736947446338,0.881154625941176,81.99674116155245,algorithm_native_internal_best_so_far.v1,true
clean,udsr,89,150,150,1.0,0.6169003628766567,0.5266052023781472,0.5717527826274021,0.8854337138239441,82.07029880448326,0.6169003628766567,0.5266052023781472,0.5717527826274021,0.8854337138239441,82.07029880448326,algorithm_native_internal_best_so_far.v1,true
clean,udsr,90,150,150,1.0,0.6174196722743481,0.5274326701604741,0.5724261712174112,0.887340699617162,82.14434070623028,0.6174196722743481,0.5274326701604741,0.5724261712174112,0.887340699617162,82.14434070623028,algorithm_native_internal_best_so_far.v1,true
clean,udsr,91,150,150,1.0,0.6196910218348985,0.528570163611318,0.5741305927231085,0.8937816011153069,82.22383322716766,0.6196910218348985,0.528570163611318,0.5741305927231085,0.8937816011153069,82.22383322716766,algorithm_native_internal_best_so_far.v1,true
clean,udsr,92,150,150,1.0,0.6196910218348985,0.528570163611318,0.5741305927231085,0.8937816011153069,82.30159764982378,0.6196910218348985,0.528570163611318,0.5741305927231085,0.8937816011153069,82.30159764982378,algorithm_native_internal_best_so_far.v1,true
clean,udsr,93,150,150,1.0,0.6217689727594018,0.5314615971771506,0.5766152849682762,0.8982340406463626,82.38247728869271,0.6217689727594018,0.5314615971771506,0.5766152849682762,0.8982340406463626,82.38247728869271,algorithm_native_internal_best_so_far.v1,true
clean,udsr,94,150,150,1.0,0.6284356394260684,0.5381282638438174,0.5832819516349429,0.9049007073130292,82.46872828276304,0.6284356394260684,0.5381282638438174,0.5832819516349429,0.9049007073130292,82.46872828276304,algorithm_native_internal_best_so_far.v1,true
clean,udsr,95,150,150,1.0,0.6284356116832271,0.5381282023922431,0.5832819070377352,0.9049004234969804,82.55316316767815,0.6284356116832271,0.5381282023922431,0.5832819070377352,0.9049004234969804,82.55316316767815,algorithm_native_internal_best_so_far.v1,true
clean,udsr,96,150,150,1.0,0.628418770388555,0.538124019674773,0.5832713950316639,0.9048917100481845,82.6358299159817,0.628418770388555,0.538124019674773,0.5832713950316639,0.9048917100481845,82.6358299159817,algorithm_native_internal_best_so_far.v1,true
clean,udsr,97,150,150,1.0,0.6307728385676973,0.5388483540972328,0.5848105963324649,0.9064309146610909,82.71837900412734,0.6307728385676973,0.5388483540972328,0.5848105963324649,0.9064309146610909,82.71837900412734,algorithm_native_internal_best_so_far.v1,true
clean,udsr,98,150,150,1.0,0.6300657054539952,0.5380714697991913,0.5840685876265931,0.9004928624657921,82.79318418007072,0.6300657054539952,0.5380714697991913,0.5840685876265931,0.9004928624657921,82.79318418007072,algorithm_native_internal_best_so_far.v1,true
clean,udsr,99,150,150,1.0,0.6293305078000093,0.538044826550649,0.583687667175329,0.9004907744273974,82.86647603120879,0.6293305078000093,0.538044826550649,0.583687667175329,0.9004907744273974,82.86647603120879,algorithm_native_internal_best_so_far.v1,true
clean,udsr,100,150,150,1.0,0.6293342643788319,0.5380249163875707,0.5836795903832013,0.9004839273929067,82.93829519828961,0.6293342643788319,0.5380249163875707,0.5836795903832013,0.9004839273929067,82.93829519828961,algorithm_native_internal_best_so_far.v1,true
clean,udsr,101,150,150,1.0,0.6292561736216246,0.538157075990898,0.5837066248062613,0.9006227118738527,83.00882961402324,0.6292561736216246,0.538157075990898,0.5837066248062613,0.9006227118738527,83.00882961402324,algorithm_native_internal_best_so_far.v1,true
clean,udsr,102,150,150,1.0,0.6286733986234117,0.5377821450647378,0.5832277718440748,0.9001981594257813,83.07756477410712,0.6286733986234117,0.5377821450647378,0.5832277718440748,0.9001981594257813,83.07756477410712,algorithm_native_internal_best_so_far.v1,true
clean,udsr,103,150,150,1.0,0.6286733986234117,0.5377821450647378,0.5832277718440748,0.9001981594257813,83.14496527088838,0.6286733986234117,0.5377821450647378,0.5832277718440748,0.9001981594257813,83.14496527088838,algorithm_native_internal_best_so_far.v1,true
clean,udsr,104,150,150,1.0,0.6294433961315655,0.5384073916039371,0.5839253938677513,0.9013481349445679,83.21217534996117,0.6294433961315655,0.5384073916039371,0.5839253938677513,0.9013481349445679,83.21217534996117,algorithm_native_internal_best_so_far.v1,true
clean,udsr,105,150,150,1.0,0.6261035043178366,0.5366719261028955,0.581387715210366,0.8988104562871826,83.27568840023504,0.6261035043178366,0.5366719261028955,0.581387715210366,0.8988104562871826,83.27568840023504,algorithm_native_internal_best_so_far.v1,true
clean,udsr,106,150,150,1.0,0.6240902378459317,0.5333942949760382,0.578742266410985,0.8961650074878013,83.33550738465527,0.6240902378459317,0.5333942949760382,0.578742266410985,0.8961650074878013,83.33550738465527,algorithm_native_internal_best_so_far.v1,true
clean,udsr,107,150,150,1.0,0.6243145458744472,0.534243848439581,0.5792791971570143,0.8985300460362845,83.39641857361764,0.6243145458744472,0.534243848439581,0.5792791971570143,0.8985300460362845,83.39641857361764,algorithm_native_internal_best_so_far.v1,true
clean,udsr,108,150,150,1.0,0.6267551458624013,0.5349195667788226,0.580837356320612,0.9005192993069958,83.45804367877581,0.6267551458624013,0.5349195667788226,0.580837356320612,0.9005192993069958,83.45804367877581,algorithm_native_internal_best_so_far.v1,true
clean,udsr,109,150,150,1.0,0.6268022139033763,0.5351657467907395,0.5809839803470579,0.9008746642948247,83.51886407098411,0.6268022139033763,0.5351657467907395,0.5809839803470579,0.9008746642948247,83.51886407098411,algorithm_native_internal_best_so_far.v1,true
clean,udsr,110,150,150,1.0,0.6268552456615933,0.5353409466367067,0.5810980961491502,0.9010199246813888,83.57871069277644,0.6268552456615933,0.5353409466367067,0.5810980961491502,0.9010199246813888,83.57871069277644,algorithm_native_internal_best_so_far.v1,true
clean,udsr,111,150,150,1.0,0.6268552456615933,0.5353409466367067,0.5810980961491502,0.9010199246813888,83.63747899705898,0.6268552456615933,0.5353409466367067,0.5810980961491502,0.9010199246813888,83.63747899705898,algorithm_native_internal_best_so_far.v1,true
clean,udsr,112,150,150,1.0,0.6222360093900442,0.5330276100974443,0.5776318097437443,0.8986499330232507,83.693081803356,0.6222360093900442,0.5330276100974443,0.5776318097437443,0.8986499330232507,83.693081803356,algorithm_native_internal_best_so_far.v1,true
clean,udsr,113,150,150,1.0,0.6222882769612978,0.5330206917608993,0.5776544843610988,0.898672607640605,83.74772055522064,0.6222882769612978,0.5330206917608993,0.5776544843610988,0.898672607640605,83.74772055522064,algorithm_native_internal_best_so_far.v1,true
clean,udsr,114,150,150,1.0,0.6237786745073121,0.532859288853412,0.5783189816803621,0.9029998639512309,83.80519657136014,0.6237786745073121,0.532859288853412,0.5783189816803621,0.9029998639512309,83.80519657136014,algorithm_native_internal_best_so_far.v1,true
clean,udsr,115,150,150,1.0,0.629673185553917,0.5401741223210242,0.5849236539374707,0.9114857619033662,83.86905204630776,0.629673185553917,0.5401741223210242,0.5849236539374707,0.9114857619033662,83.86905204630776,algorithm_native_internal_best_so_far.v1,true
clean,udsr,116,150,150,1.0,0.6297772054006769,0.540140054385605,0.5849586298931411,0.9116559439574674,83.9319532734581,0.6297772054006769,0.540140054385605,0.5849586298931411,0.9116559439574674,83.9319532734581,algorithm_native_internal_best_so_far.v1,true
clean,udsr,117,150,150,1.0,0.6297772054006769,0.540140054385605,0.5849586298931411,0.9116559439574674,83.99377926595629,0.6297772054006769,0.540140054385605,0.5849586298931411,0.9116559439574674,83.99377926595629,algorithm_native_internal_best_so_far.v1,true
clean,udsr,118,150,150,1.0,0.627286717498798,0.5401870044910844,0.5837368609949414,0.9052613991864455,84.0491382545384,0.627286717498798,0.5401870044910844,0.5837368609949414,0.9052613991864455,84.0491382545384,algorithm_native_internal_best_so_far.v1,true
clean,udsr,119,150,150,1.0,0.6274742514011232,0.5407051723292956,0.5840897118652096,0.9058845196478831,84.10409047059092,0.6274742514011232,0.5407051723292956,0.5840897118652096,0.9058845196478831,84.10409047059092,algorithm_native_internal_best_so_far.v1,true
clean,udsr,120,150,150,1.0,0.627896610628813,0.5407693486543531,0.5843329796415832,0.9065801376072607,84.15870649800871,0.627896610628813,0.5407693486543531,0.5843329796415832,0.9065801376072607,84.15870649800871,algorithm_native_internal_best_so_far.v1,true
clean,udsr,121,150,150,1.0,0.6280151819583011,0.5407693672980405,0.584392274628171,0.9066392765740401,84.21246865635082,0.6280151819583011,0.5407693672980405,0.584392274628171,0.9066392765740401,84.21246865635082,algorithm_native_internal_best_so_far.v1,true
clean,udsr,122,150,150,1.0,0.627859756968487,0.5402817889286551,0.5840707729485711,0.906181323530879,84.264974096488,0.627859756968487,0.5402817889286551,0.5840707729485711,0.906181323530879,84.264974096488,algorithm_native_internal_best_so_far.v1,true
clean,udsr,123,150,150,1.0,0.627859756968487,0.5402817889286551,0.5840707729485711,0.906181323530879,84.31662578963109,0.627859756968487,0.5402817889286551,0.5840707729485711,0.906181323530879,84.31662578963109,algorithm_native_internal_best_so_far.v1,true
clean,udsr,124,150,150,1.0,0.627901103828924,0.540313463168801,0.5841072834988627,0.9063702109737797,84.36759671953227,0.627901103828924,0.540313463168801,0.5841072834988627,0.9063702109737797,84.36759671953227,algorithm_native_internal_best_so_far.v1,true
clean,udsr,125,150,150,1.0,0.6302619316832544,0.5439368308637105,0.5870993812734827,0.9093623087483996,84.42014579277473,0.6302619316832544,0.5439368308637105,0.5870993812734827,0.9093623087483996,84.42014579277473,algorithm_native_internal_best_so_far.v1,true
clean,udsr,126,150,150,1.0,0.6302619316832544,0.5439368308637105,0.5870993812734827,0.9093623087483996,84.4718607537435,0.6302619316832544,0.5439368308637105,0.5870993812734827,0.9093623087483996,84.4718607537435,algorithm_native_internal_best_so_far.v1,true
clean,udsr,127,150,150,1.0,0.6306907578529742,0.5443873271082121,0.5875390424805933,0.9099376211460947,84.52321430776608,0.6306907578529742,0.5443873271082121,0.5875390424805933,0.9099376211460947,84.52321430776608,algorithm_native_internal_best_so_far.v1,true
clean,udsr,128,150,150,1.0,0.6364021010485946,0.5501169257914786,0.5932595134200367,0.9156580920855381,84.57823458042849,0.6364021010485946,0.5501169257914786,0.5932595134200367,0.9156580920855381,84.57823458042849,algorithm_native_internal_best_so_far.v1,true
clean,udsr,129,150,150,1.0,0.6364021010485946,0.5501169257914786,0.5932595134200367,0.9156580920855381,84.63240182560774,0.6364021010485946,0.5501169257914786,0.5932595134200367,0.9156580920855381,84.63240182560774,algorithm_native_internal_best_so_far.v1,true
clean,udsr,130,150,150,1.0,0.6399782331729762,0.5523694750750714,0.5961738541240239,0.9207133709652933,84.68962440461483,0.6399782331729762,0.5523694750750714,0.5961738541240239,0.9207133709652933,84.68962440461483,algorithm_native_internal_best_so_far.v1,true
clean,udsr,131,150,150,1.0,0.6400268864084923,0.5522965383651698,0.5961617123868311,0.9207368402648177,84.74599127195732,0.6400268864084923,0.5522965383651698,0.5961617123868311,0.9207368402648177,84.74599127195732,algorithm_native_internal_best_so_far.v1,true
clean,udsr,132,150,150,1.0,0.6402073716943205,0.5524385984936625,0.5963229850939916,0.9213480519557536,84.80196713501505,0.6402073716943205,0.5524385984936625,0.5963229850939916,0.9213480519557536,84.80196713501505,algorithm_native_internal_best_so_far.v1,true
clean,udsr,133,150,150,1.0,0.6403875061373177,0.552158223635595,0.5962728648864565,0.9212226695322119,84.85700698327223,0.6403875061373177,0.552158223635595,0.5962728648864565,0.9212226695322119,84.85700698327223,algorithm_native_internal_best_so_far.v1,true
clean,udsr,134,150,150,1.0,0.6431191197474155,0.552394192556459,0.5977566561519373,0.9281443759067838,84.91639079377528,0.6431191197474155,0.552394192556459,0.5977566561519373,0.9281443759067838,84.91639079377528,algorithm_native_internal_best_so_far.v1,true
clean,udsr,135,150,150,1.0,0.6431191197474155,0.552394192556459,0.5977566561519373,0.9281443759067838,84.9748948441227,0.6431191197474155,0.552394192556459,0.5977566561519373,0.9281443759067838,84.9748948441227,algorithm_native_internal_best_so_far.v1,true
clean,udsr,136,150,150,1.0,0.643262254720235,0.5517457179245708,0.597503986322403,0.9269302362298,85.03164579102605,0.643262254720235,0.5517457179245708,0.597503986322403,0.9269302362298,85.03164579102605,algorithm_native_internal_best_so_far.v1,true
clean,udsr,137,150,150,1.0,0.6445458373468232,0.5517457179245708,0.598145777635697,0.931109801161519,85.09061903427515,0.6445458373468232,0.5517457179245708,0.598145777635697,0.931109801161519,85.09061903427515,algorithm_native_internal_best_so_far.v1,true
clean,udsr,138,150,150,1.0,0.6445458373468232,0.5517457179245708,0.598145777635697,0.931109801161519,85.14873759283948,0.6445458373468232,0.5517457179245708,0.598145777635697,0.931109801161519,85.14873759283948,algorithm_native_internal_best_so_far.v1,true
clean,udsr,139,150,150,1.0,0.6449163161430786,0.5521356852719165,0.5985260007074977,0.9315937950464825,85.20636811019062,0.6449163161430786,0.5521356852719165,0.5985260007074977,0.9315937950464825,85.20636811019062,algorithm_native_internal_best_so_far.v1,true
clean,udsr,140,150,150,1.0,0.649964580571444,0.5578396179467492,0.6039020992590968,0.9371340929427255,85.26713269007692,0.649964580571444,0.5578396179467492,0.6039020992590968,0.9371340929427255,85.26713269007692,algorithm_native_internal_best_so_far.v1,true
clean,udsr,141,150,150,1.0,0.649964580571444,0.5578396179467492,0.6039020992590968,0.9371340929427255,85.32703536102866,0.649964580571444,0.5578396179467492,0.6039020992590968,0.9371340929427255,85.32703536102866,algorithm_native_internal_best_so_far.v1,true
clean,udsr,142,150,150,1.0,0.649964580571444,0.5578396179467492,0.6039020992590968,0.9371340929427255,85.38609433238955,0.649964580571444,0.5578396179467492,0.6039020992590968,0.9371340929427255,85.38609433238955,algorithm_native_internal_best_so_far.v1,true
clean,udsr,143,150,150,1.0,0.6499663343902883,0.5578245817689326,0.6038954580796106,0.9371017790417915,85.44430470701744,0.6499663343902883,0.5578245817689326,0.6038954580796106,0.9371017790417915,85.44430470701744,algorithm_native_internal_best_so_far.v1,true
clean,udsr,144,150,150,1.0,0.650156689065272,0.5577550555582145,0.6039558723117434,0.9372057050866845,85.50177877508446,0.650156689065272,0.5577550555582145,0.6039558723117434,0.9372057050866845,85.50177877508446,algorithm_native_internal_best_so_far.v1,true
clean,udsr,145,150,150,1.0,0.6524089365659087,0.5611634010077414,0.6067861687868253,0.9400730616251782,85.56043758465297,0.6524089365659087,0.5611634010077414,0.6067861687868253,0.9400730616251782,85.56043758465297,algorithm_native_internal_best_so_far.v1,true
clean,udsr,146,150,150,1.0,0.6504548716865753,0.5605276058280079,0.6054912387572919,0.9342400260060191,85.6142976190088,0.6504548716865753,0.5605276058280079,0.6054912387572919,0.9342400260060191,85.6142976190088,algorithm_native_internal_best_so_far.v1,true
clean,udsr,147,150,150,1.0,0.6504336132709713,0.5604863118786068,0.6054599625747892,0.9341954756230368,85.66739455739857,0.6504336132709713,0.5604863118786068,0.6054599625747892,0.9341954756230368,85.66739455739857,algorithm_native_internal_best_so_far.v1,true
clean,udsr,148,150,150,1.0,0.6505388835156785,0.5606657374779341,0.6056023104968065,0.9348747477959485,85.72023293727825,0.6505388835156785,0.5606657374779341,0.6056023104968065,0.9348747477959485,85.72023293727825,algorithm_native_internal_best_so_far.v1,true
clean,udsr,149,150,150,1.0,0.6505388835156785,0.5606657374779341,0.6056023104968065,0.9348747477959485,85.77236207715957,0.6505388835156785,0.5606657374779341,0.6056023104968065,0.9348747477959485,85.77236207715957,algorithm_native_internal_best_so_far.v1,true
clean,udsr,150,150,150,1.0,0.6505465800059044,0.5603273209208534,0.6054369504633791,0.9340856637852568,85.82327010583536,0.6505465800059044,0.5603273209208534,0.6054369504633791,0.9340856637852568,85.82327010583536,algorithm_native_internal_best_so_far.v1,true
clean,udsr,151,150,150,1.0,0.6505465800059044,0.5603273209208534,0.6054369504633791,0.9340856637852568,85.87350385598562,0.6505465800059044,0.5603273209208534,0.6054369504633791,0.9340856637852568,85.87350385598562,algorithm_native_internal_best_so_far.v1,true
clean,udsr,152,150,150,1.0,0.6511154692149729,0.5601777522892228,0.6056466107520981,0.9344297998179785,85.92330304102387,0.6511154692149729,0.5601777522892228,0.6056466107520981,0.9344297998179785,85.92330304102387,algorithm_native_internal_best_so_far.v1,true
clean,udsr,153,150,150,1.0,0.6568256499705629,0.5659058664924007,0.611365758231482,0.9401489472973623,85.97618926121153,0.6568256499705629,0.5659058664924007,0.611365758231482,0.9401489472973623,85.97618926121153,algorithm_native_internal_best_so_far.v1,true
clean,udsr,154,150,150,1.0,0.6568557421974052,0.5664040881075659,0.6116299151524858,0.9411614960101639,86.02904614653494,0.6568557421974052,0.5664040881075659,0.6116299151524858,0.9411614960101639,86.02904614653494,algorithm_native_internal_best_so_far.v1,true
clean,udsr,155,150,150,1.0,0.6568650921071252,0.566463460989034,0.6116642765480798,0.9412667723625223,86.08128892775892,0.6568650921071252,0.566463460989034,0.6116642765480798,0.9412667723625223,86.08128892775892,algorithm_native_internal_best_so_far.v1,true
clean,udsr,156,150,150,1.0,0.6569316772636892,0.5652997793330975,0.6111157282983936,0.9404588324099243,86.13234401951041,0.6569316772636892,0.5652997793330975,0.6111157282983936,0.9404588324099243,86.13234401951041,algorithm_native_internal_best_so_far.v1,true
clean,udsr,157,150,150,1.0,0.6569321093512183,0.5653004081540811,0.61111625875265,0.9404622082139029,86.18275087812113,0.6569321093512183,0.5653004081540811,0.61111625875265,0.9404622082139029,86.18275087812113,algorithm_native_internal_best_so_far.v1,true
clean,udsr,158,150,150,1.0,0.6569321093512183,0.5653004081540811,0.61111625875265,0.9404622082139029,86.23251967523042,0.6569321093512183,0.5653004081540811,0.61111625875265,0.9404622082139029,86.23251967523042,algorithm_native_internal_best_so_far.v1,true
clean,udsr,159,150,150,1.0,0.6569321093512183,0.5653004081540811,0.61111625875265,0.9404622082139029,86.28166244973458,0.6569321093512183,0.5653004081540811,0.61111625875265,0.9404622082139029,86.28166244973458,algorithm_native_internal_best_so_far.v1,true
clean,udsr,160,150,150,1.0,0.6568985382532496,0.5655055307677336,0.6112020345104918,0.9406787437583324,86.3303262742727,0.6568985382532496,0.5655055307677336,0.6112020345104918,0.9406787437583324,86.3303262742727,algorithm_native_internal_best_so_far.v1,true
clean,udsr,161,150,150,1.0,0.6568985382532496,0.5655055307677336,0.6112020345104918,0.9406787437583324,86.37838557925133,0.6568985382532496,0.5655055307677336,0.6112020345104918,0.9406787437583324,86.37838557925133,algorithm_native_internal_best_so_far.v1,true
clean,udsr,162,150,150,1.0,0.6568985382532496,0.5655055307677336,0.6112020345104918,0.9406787437583324,86.42585155947714,0.6568985382532496,0.5655055307677336,0.6112020345104918,0.9406787437583324,86.42585155947714,algorithm_native_internal_best_so_far.v1,true
clean,udsr,163,150,150,1.0,0.6568985382532496,0.5655055307677336,0.6112020345104918,0.9406787437583324,86.4727351350376,0.6568985382532496,0.5655055307677336,0.6112020345104918,0.9406787437583324,86.4727351350376,algorithm_native_internal_best_so_far.v1,true
clean,udsr,164,150,150,1.0,0.6568985382532496,0.5655055307677336,0.6112020345104918,0.9406787437583324,86.51904695967659,0.6568985382532496,0.5655055307677336,0.6112020345104918,0.9406787437583324,86.51904695967659,algorithm_native_internal_best_so_far.v1,true
clean,udsr,165,150,150,1.0,0.6568985382532496,0.5655055307677336,0.6112020345104918,0.9406787437583324,86.56479742886542,0.6568985382532496,0.5655055307677336,0.6112020345104918,0.9406787437583324,86.56479742886542,algorithm_native_internal_best_so_far.v1,true
clean,udsr,166,150,150,1.0,0.6568985382532496,0.5655055307677336,0.6112020345104918,0.9406787437583324,86.60999668758208,0.6568985382532496,0.5655055307677336,0.6112020345104918,0.9406787437583324,86.60999668758208,algorithm_native_internal_best_so_far.v1,true
clean,udsr,167,150,150,1.0,0.6569666513875104,0.5655177334326273,0.611242192410069,0.9409225599108016,86.65480063550723,0.6569666513875104,0.5655177334326273,0.611242192410069,0.9409225599108016,86.65480063550723,algorithm_native_internal_best_so_far.v1,true
clean,udsr,168,150,150,1.0,0.6566788594750599,0.5653542584272996,0.6110165589511799,0.9405941648684641,86.69887572986043,0.6566788594750599,0.5653542584272996,0.6110165589511799,0.9405941648684641,86.69887572986043,algorithm_native_internal_best_so_far.v1,true
clean,udsr,169,150,150,1.0,0.6566788594750599,0.5653542584272996,0.6110165589511799,0.9405941648684641,86.7424292254639,0.6566788594750599,0.5653542584272996,0.6110165589511799,0.9405941648684641,86.7424292254639,algorithm_native_internal_best_so_far.v1,true
clean,udsr,170,150,150,1.0,0.6566788594750599,0.5653542584272996,0.6110165589511799,0.9405941648684641,86.78547032700143,0.6566788594750599,0.5653542584272996,0.6110165589511799,0.9405941648684641,86.78547032700143,algorithm_native_internal_best_so_far.v1,true
clean,udsr,171,150,150,1.0,0.6520050040906291,0.5623492299264549,0.607177117008542,0.9339289711324403,86.82411024972801,0.6520050040906291,0.5623492299264549,0.607177117008542,0.9339289711324403,86.82411024972801,algorithm_native_internal_best_so_far.v1,true
clean,udsr,172,150,150,1.0,0.6516543428843857,0.5624347129096591,0.6070445278970223,0.933607621834215,86.86211404004018,0.6516543428843857,0.5624347129096591,0.6070445278970223,0.933607621834215,86.86211404004018,algorithm_native_internal_best_so_far.v1,true
clean,udsr,173,150,150,1.0,0.6512960764671027,0.5630232113991732,0.607159643933138,0.9338239198161261,86.89980350791053,0.6512960764671027,0.5630232113991732,0.607159643933138,0.9338239198161261,86.89980350791053,algorithm_native_internal_best_so_far.v1,true
clean,udsr,174,150,150,1.0,0.6512960764671027,0.5630232113991732,0.607159643933138,0.9338239198161261,86.93705976350653,0.6512960764671027,0.5630232113991732,0.607159643933138,0.9338239198161261,86.93705976350653,algorithm_native_internal_best_so_far.v1,true
clean,udsr,175,150,150,1.0,0.6513491806846491,0.562870639250486,0.6071099099675675,0.9336995036286792,86.97381913836001,0.6513491806846491,0.562870639250486,0.6071099099675675,0.9336995036286792,86.97381913836001,algorithm_native_internal_best_so_far.v1,true
clean,udsr,176,150,150,1.0,0.6513491806846491,0.562870639250486,0.6071099099675675,0.9336995036286792,87.01016079304472,0.6513491806846491,0.562870639250486,0.6071099099675675,0.9336995036286792,87.01016079304472,algorithm_native_internal_best_so_far.v1,true
clean,udsr,177,150,150,1.0,0.6513491806846491,0.562870639250486,0.6071099099675675,0.9336995036286792,87.04609180756349,0.6513491806846491,0.562870639250486,0.6071099099675675,0.9336995036286792,87.04609180756349,algorithm_native_internal_best_so_far.v1,true
clean,udsr,178,150,150,1.0,0.6513491806846491,0.562870639250486,0.6071099099675675,0.9336995036286792,87.08161910281801,0.6513491806846491,0.562870639250486,0.6071099099675675,0.9336995036286792,87.08161910281801,algorithm_native_internal_best_so_far.v1,true
clean,udsr,179,150,150,1.0,0.6513491806846491,0.562870639250486,0.6071099099675675,0.9336995036286792,87.11674944505292,0.6513491806846491,0.562870639250486,0.6071099099675675,0.9336995036286792,87.11674944505292,algorithm_native_internal_best_so_far.v1,true
clean,udsr,180,150,150,1.0,0.6513491806846491,0.562870639250486,0.6071099099675675,0.9336995036286792,87.15148945015189,0.6513491806846491,0.562870639250486,0.6071099099675675,0.9336995036286792,87.15148945015189,algorithm_native_internal_best_so_far.v1,true
