condition,algorithm,minute,expected_run_count,available_run_count,coverage_rate,mean_id_quality,mean_ood_quality,mean_quality,mean_relative_progress,cumulative_eff_score,diagnostic_available_mean_id_quality,diagnostic_available_mean_ood_quality,diagnostic_available_mean_quality,diagnostic_available_mean_relative_progress,diagnostic_available_cumulative_eff_score,native_eff_schema_version,formal_ready
noise001,drsr,1,150,150,1.0,0.21816670058224466,0.15068203164952146,0.18442436611588314,0.5744089297769197,57.44089297769197,0.21816670058224466,0.15068203164952146,0.18442436611588314,0.5744089297769197,57.44089297769197,algorithm_native_internal_best_so_far.v1,true
noise001,drsr,2,150,150,1.0,0.2396350471778553,0.16404758803566857,0.20184131760676208,0.6267341419157058,60.05715358463127,0.2396350471778553,0.16404758803566857,0.20184131760676208,0.6267341419157058,60.05715358463127,algorithm_native_internal_best_so_far.v1,true
noise001,drsr,3,150,150,1.0,0.24638809171029863,0.17151168354442728,0.20894988762736305,0.6420581769922569,61.440041622829405,0.24638809171029863,0.17151168354442728,0.20894988762736305,0.6420581769922569,61.440041622829405,algorithm_native_internal_best_so_far.v1,true
noise001,drsr,4,150,150,1.0,0.2511830163731951,0.17245336153016402,0.21181818895167967,0.6446606996964265,62.19654870953272,0.2511830163731951,0.17245336153016402,0.21181818895167967,0.6446606996964265,62.19654870953272,algorithm_native_internal_best_so_far.v1,true
noise001,drsr,5,150,150,1.0,0.26619063054281056,0.1921421539559517,0.22916639224938115,0.6829842915366044,63.41692479835827,0.26619063054281056,0.1921421539559517,0.22916639224938115,0.6829842915366044,63.41692479835827,algorithm_native_internal_best_so_far.v1,true
noise001,drsr,6,150,150,1.0,0.27612879275852326,0.19855593124025792,0.2373423619993905,0.6920573928684722,64.38172721310643,0.27612879275852326,0.19855593124025792,0.2373423619993905,0.6920573928684722,64.38172721310643,algorithm_native_internal_best_so_far.v1,true
noise001,drsr,7,150,150,1.0,0.276617449717967,0.20099581389686486,0.23880663180741588,0.6991017485733323,65.17150544799595,0.276617449717967,0.20099581389686486,0.23880663180741588,0.6991017485733323,65.17150544799595,algorithm_native_internal_best_so_far.v1,true
noise001,drsr,8,150,150,1.0,0.28498244370077785,0.2017384430001099,0.2433604433504439,0.701376568303383,65.79227437078875,0.28498244370077785,0.2017384430001099,0.2433604433504439,0.701376568303383,65.79227437078875,algorithm_native_internal_best_so_far.v1,true
noise001,drsr,9,150,150,1.0,0.2900678705904115,0.20664491640286922,0.2483563934966403,0.7112597292156372,66.38490754309709,0.2900678705904115,0.20664491640286922,0.2483563934966403,0.7112597292156372,66.38490754309709,algorithm_native_internal_best_so_far.v1,true
noise001,drsr,10,150,150,1.0,0.2926423568927391,0.20929811403838441,0.25097023546556174,0.7158144766565646,66.90456155535301,0.2926423568927391,0.20929811403838441,0.25097023546556174,0.7158144766565646,66.90456155535301,algorithm_native_internal_best_so_far.v1,true
noise001,drsr,11,150,150,1.0,0.29789405246253375,0.21346788405098877,0.25568096825676134,0.7321692366507202,67.47841265623657,0.29789405246253375,0.21346788405098877,0.25568096825676134,0.7321692366507202,67.47841265623657,algorithm_native_internal_best_so_far.v1,true
noise001,drsr,12,150,150,1.0,0.30460735562920377,0.21930749370243907,0.2619574246658215,0.7446511854467769,68.06063814694,0.30460735562920377,0.21930749370243907,0.2619574246658215,0.7446511854467769,68.06063814694,algorithm_native_internal_best_so_far.v1,true
noise001,drsr,13,150,150,1.0,0.30070336396611697,0.216674941428644,0.25868915269738063,0.7346990666949558,68.47673572559812,0.30070336396611697,0.216674941428644,0.25868915269738063,0.7346990666949558,68.47673572559812,algorithm_native_internal_best_so_far.v1,true
noise001,drsr,14,150,150,1.0,0.3047696960790368,0.22128889330134507,0.26302929469019093,0.7429163793417487,68.8920858833536,0.3047696960790368,0.22128889330134507,0.26302929469019093,0.7429163793417487,68.8920858833536,algorithm_native_internal_best_so_far.v1,true
noise001,drsr,15,150,150,1.0,0.30704067877759056,0.2240787351721473,0.26555970697486886,0.7476249092298929,69.28344621932932,0.30704067877759056,0.2240787351721473,0.26555970697486886,0.7476249092298929,69.28344621932932,algorithm_native_internal_best_so_far.v1,true
noise001,drsr,16,150,150,1.0,0.3087869893777995,0.22552577131408677,0.26715638034594313,0.7448824811116779,69.60874633756922,0.3087869893777995,0.22552577131408677,0.26715638034594313,0.7448824811116779,69.60874633756922,algorithm_native_internal_best_so_far.v1,true
noise001,drsr,17,150,150,1.0,0.31333125979572873,0.23130807170745393,0.27231966575159133,0.7523207819796836,69.93953056465152,0.31333125979572873,0.23130807170745393,0.27231966575159133,0.7523207819796836,69.93953056465152,algorithm_native_internal_best_so_far.v1,true
noise001,drsr,18,150,150,1.0,0.3123735445885696,0.22965267308827342,0.2710131088384215,0.7528052456219599,70.236252453404,0.3123735445885696,0.22965267308827342,0.2710131088384215,0.7528052456219599,70.236252453404,algorithm_native_internal_best_so_far.v1,true
noise001,drsr,19,150,150,1.0,0.31377902577519867,0.23204336279802396,0.2729111942866113,0.7636995159449576,70.55907872398777,0.31377902577519867,0.23204336279802396,0.2729111942866113,0.7636995159449576,70.55907872398777,algorithm_native_internal_best_so_far.v1,true
noise001,drsr,20,150,150,1.0,0.3175586771701959,0.23645625217503707,0.27700746467261644,0.7704255078798773,70.88325232718776,0.3175586771701959,0.23645625217503707,0.27700746467261644,0.7704255078798773,70.88325232718776,algorithm_native_internal_best_so_far.v1,true
noise001,drsr,21,150,150,1.0,0.3189542882463458,0.23610763451930605,0.27753096138282585,0.7721057428420254,71.18455337275991,0.3189542882463458,0.23610763451930605,0.27753096138282585,0.7721057428420254,71.18455337275991,algorithm_native_internal_best_so_far.v1,true
noise001,drsr,22,150,150,1.0,0.318990698744002,0.23658659943847013,0.27778864909123613,0.7634713869149252,71.41921634179322,0.318990698744002,0.23658659943847013,0.27778864909123613,0.7634713869149252,71.41921634179322,algorithm_native_internal_best_so_far.v1,true
noise001,drsr,23,150,150,1.0,0.3196185694828374,0.2360238119187452,0.2778211907007913,0.7647948398047262,71.63922797825752,0.3196185694828374,0.2360238119187452,0.2778211907007913,0.7647948398047262,71.63922797825752,algorithm_native_internal_best_so_far.v1,true
noise001,drsr,24,150,150,1.0,0.3174896701802015,0.23471500683978344,0.27610233850999244,0.7643137492003251,71.83890076749816,0.3174896701802015,0.23471500683978344,0.27610233850999244,0.7643137492003251,71.83890076749816,algorithm_native_internal_best_so_far.v1,true
noise001,drsr,25,150,150,1.0,0.3196128409940705,0.23880833180643635,0.2792105864002535,0.7725916673510453,72.0557114062024,0.3196128409940705,0.23880833180643635,0.2792105864002535,0.7725916673510453,72.0557114062024,algorithm_native_internal_best_so_far.v1,true
noise001,drsr,26,150,150,1.0,0.31984730029984354,0.23894712835568113,0.2793972143277623,0.773646863937367,72.2599027518768,0.31984730029984354,0.23894712835568113,0.2793972143277623,0.773646863937367,72.2599027518768,algorithm_native_internal_best_so_far.v1,true
noise001,drsr,27,150,150,1.0,0.3239185793934393,0.241455430570473,0.28268700498195626,0.7834207066527736,72.48516823015089,0.3239185793934393,0.241455430570473,0.28268700498195626,0.7834207066527736,72.48516823015089,algorithm_native_internal_best_so_far.v1,true
noise001,drsr,28,150,150,1.0,0.3270512591418129,0.24224717313940072,0.2846492161406068,0.7894030846732175,72.715708952907,0.3270512591418129,0.24224717313940072,0.2846492161406068,0.7894030846732175,72.715708952907,algorithm_native_internal_best_so_far.v1,true
noise001,drsr,29,150,150,1.0,0.327058534898898,0.2420561218691563,0.28455732838402714,0.7892265050264482,72.92974142013934,0.327058534898898,0.2420561218691563,0.28455732838402714,0.7892265050264482,72.92974142013934,algorithm_native_internal_best_so_far.v1,true
noise001,drsr,30,150,150,1.0,0.3271620073289062,0.24144366560227978,0.284302836465593,0.7891083844817885,73.12911132107398,0.3271620073289062,0.24144366560227978,0.284302836465593,0.7891083844817885,73.12911132107398,algorithm_native_internal_best_so_far.v1,true
noise001,drsr,31,150,150,1.0,0.3261657128815367,0.24024352967164805,0.28320462127659235,0.7818815668881899,73.29230633293672,0.3261657128815367,0.24024352967164805,0.28320462127659235,0.7818815668881899,73.29230633293672,algorithm_native_internal_best_so_far.v1,true
noise001,drsr,32,150,150,1.0,0.3262330890170392,0.23803700679411804,0.28213504790557864,0.7795325582249327,73.43796100448536,0.3262330890170392,0.23803700679411804,0.28213504790557864,0.7795325582249327,73.43796100448536,algorithm_native_internal_best_so_far.v1,true
noise001,drsr,33,150,150,1.0,0.3261781816564199,0.2376686619170586,0.28192342178673935,0.779642561580811,73.57512146368524,0.3261781816564199,0.2376686619170586,0.28192342178673935,0.779642561580811,73.57512146368524,algorithm_native_internal_best_so_far.v1,true
noise001,drsr,34,150,150,1.0,0.3271419203230074,0.23783411128859194,0.28248801580579963,0.7848638888496854,73.7195705054877,0.3271419203230074,0.23783411128859194,0.28248801580579963,0.7848638888496854,73.7195705054877,algorithm_native_internal_best_so_far.v1,true
noise001,drsr,35,150,150,1.0,0.3259522026204086,0.2393728525582464,0.2826625275893274,0.7908076662856848,73.8727475375757,0.3259522026204086,0.2393728525582464,0.2826625275893274,0.7908076662856848,73.8727475375757,algorithm_native_internal_best_so_far.v1,true
noise001,drsr,36,150,150,1.0,0.3314934225584391,0.24247298835981768,0.2869832054591284,0.8010431397496873,74.04584660528106,0.3314934225584391,0.24247298835981768,0.2869832054591284,0.8010431397496873,74.04584660528106,algorithm_native_internal_best_so_far.v1,true
noise001,drsr,37,150,150,1.0,0.33339768383074275,0.24614401608471642,0.2897708499577296,0.8081596819458017,74.22882286445132,0.33339768383074275,0.24614401608471642,0.2897708499577296,0.8081596819458017,74.22882286445132,algorithm_native_internal_best_so_far.v1,true
noise001,drsr,38,150,150,1.0,0.33347149158604833,0.2463162784517634,0.28989388501890584,0.8084127545098606,74.40283477462327,0.33347149158604833,0.2463162784517634,0.28989388501890584,0.8084127545098606,74.40283477462327,algorithm_native_internal_best_so_far.v1,true
noise001,drsr,39,150,150,1.0,0.33348882970992166,0.24646797840101967,0.28997840405547065,0.8088588266680239,74.56906677185864,0.33348882970992166,0.24646797840101967,0.28997840405547065,0.8088588266680239,74.56906677185864,algorithm_native_internal_best_so_far.v1,true
noise001,drsr,40,150,150,1.0,0.3326374516575229,0.24625874049574686,0.2894480960766349,0.8036844685159734,74.7140512738521,0.3326374516575229,0.24625874049574686,0.2894480960766349,0.8036844685159734,74.7140512738521,algorithm_native_internal_best_so_far.v1,true
noise001,drsr,41,150,150,1.0,0.3352115451401495,0.2483949468831779,0.29180324601166374,0.8163484905931457,74.882851219839,0.3352115451401495,0.2483949468831779,0.29180324601166374,0.8163484905931457,74.882851219839,algorithm_native_internal_best_so_far.v1,true
noise001,drsr,42,150,150,1.0,0.33521209016033476,0.24839679202446097,0.29180444109239784,0.8163527850766883,75.04362329812068,0.33521209016033476,0.24839679202446097,0.29180444109239784,0.8163527850766883,75.04362329812068,algorithm_native_internal_best_so_far.v1,true
noise001,drsr,43,150,150,1.0,0.33521209016033476,0.24839679202446097,0.29180444109239784,0.8163527850766883,75.19691760531947,0.33521209016033476,0.24839679202446097,0.29180444109239784,0.8163527850766883,75.19691760531947,algorithm_native_internal_best_so_far.v1,true
noise001,drsr,44,150,150,1.0,0.33957340264814373,0.25142302513978315,0.29549821389396347,0.8237888992122243,75.36014424886271,0.33957340264814373,0.25142302513978315,0.29549821389396347,0.8237888992122243,75.36014424886271,algorithm_native_internal_best_so_far.v1,true
noise001,drsr,45,150,150,1.0,0.3404372749999043,0.2525240181362916,0.2964806465680979,0.8302442360718443,75.53046156793653,0.3404372749999043,0.2525240181362916,0.2964806465680979,0.8302442360718443,75.53046156793653,algorithm_native_internal_best_so_far.v1,true
noise001,drsr,46,150,150,1.0,0.3425693127370407,0.25495050705809874,0.2987599098975697,0.8336974058613561,75.70088067702781,0.3425693127370407,0.25495050705809874,0.2987599098975697,0.8336974058613561,75.70088067702781,algorithm_native_internal_best_so_far.v1,true
noise001,drsr,47,150,150,1.0,0.3432994669805101,0.25241691290607593,0.29785818994329294,0.8370103237885784,75.87109667068376,0.3432994669805101,0.25241691290607593,0.29785818994329294,0.8370103237885784,75.87109667068376,algorithm_native_internal_best_so_far.v1,true
noise001,drsr,48,150,150,1.0,0.34329961561962136,0.25242304746166605,0.29786133154064365,0.8370252600816607,76.03425144854798,0.34329961561962136,0.25242304746166605,0.29786133154064365,0.8370252600816607,76.03425144854798,algorithm_native_internal_best_so_far.v1,true
noise001,drsr,49,150,150,1.0,0.33954317070690576,0.25069737966070044,0.29512027518380307,0.8304256653946861,76.1772782871382,0.33954317070690576,0.25069737966070044,0.29512027518380307,0.8304256653946861,76.1772782871382,algorithm_native_internal_best_so_far.v1,true
noise001,drsr,50,150,150,1.0,0.3395075392695397,0.24976382861089572,0.2946356839402176,0.8282487160725692,76.31023015354057,0.3395075392695397,0.24976382861089572,0.2946356839402176,0.8282487160725692,76.31023015354057,algorithm_native_internal_best_so_far.v1,true
noise001,drsr,51,150,150,1.0,0.33949054235542986,0.2495117091696976,0.29450112576256365,0.8278575920192213,76.43720131135197,0.33949054235542986,0.2495117091696976,0.29450112576256365,0.8278575920192213,76.43720131135197,algorithm_native_internal_best_so_far.v1,true
noise001,drsr,52,150,150,1.0,0.3405741379833647,0.24994059980424818,0.29525736889380644,0.8290464957026987,76.56157531633117,0.3405741379833647,0.24994059980424818,0.29525736889380644,0.8290464957026987,76.56157531633117,algorithm_native_internal_best_so_far.v1,true
noise001,drsr,53,150,150,1.0,0.33951799937036414,0.24786947371021403,0.293693736540289,0.8225676555866632,76.66903173599786,0.33951799937036414,0.24786947371021403,0.293693736540289,0.8225676555866632,76.66903173599786,algorithm_native_internal_best_so_far.v1,true
noise001,drsr,54,150,150,1.0,0.3396844805629693,0.2489159369652938,0.29430020876413143,0.8237644252752497,76.77472452843355,0.3396844805629693,0.2489159369652938,0.29430020876413143,0.8237644252752497,76.77472452843355,algorithm_native_internal_best_so_far.v1,true
noise001,drsr,55,150,150,1.0,0.33977097728542577,0.24908117066007104,0.2944260739727484,0.8244740727139799,76.87786421466927,0.33977097728542577,0.24908117066007104,0.2944260739727484,0.8244740727139799,76.87786421466927,algorithm_native_internal_best_so_far.v1,true
noise001,drsr,56,150,150,1.0,0.33977097737049294,0.2490811707960402,0.29442607408326665,0.8244740728610926,76.97732034094498,0.33977097737049294,0.2490811707960402,0.29442607408326665,0.8244740728610926,76.97732034094498,algorithm_native_internal_best_so_far.v1,true
noise001,drsr,57,150,150,1.0,0.3435938837956216,0.24921065009806018,0.2964022669468409,0.8279302468604225,77.07935024173617,0.3435938837956216,0.24921065009806018,0.2964022669468409,0.8279302468604225,77.07935024173617,algorithm_native_internal_best_so_far.v1,true
noise001,drsr,58,150,150,1.0,0.34400820046514957,0.2493754670927998,0.2966918337789747,0.8294837400703569,77.18054030665513,0.34400820046514957,0.2493754670927998,0.2966918337789747,0.8294837400703569,77.18054030665513,algorithm_native_internal_best_so_far.v1,true
noise001,drsr,59,150,150,1.0,0.34402026412328096,0.24912599961364762,0.2965731318684643,0.8291968334356762,77.27781391745026,0.34402026412328096,0.24912599961364762,0.2965731318684643,0.8291968334356762,77.27781391745026,algorithm_native_internal_best_so_far.v1,true
noise001,drsr,60,150,150,1.0,0.3477809783650303,0.25339250597789104,0.3005867421714607,0.8358215121721796,77.38288620577971,0.3477809783650303,0.25339250597789104,0.3005867421714607,0.8358215121721796,77.38288620577971,algorithm_native_internal_best_so_far.v1,true
noise001,drsr,61,150,150,1.0,0.3423910014077347,0.25133112115326045,0.29686106128049755,0.8277934601930389,77.47135276009978,0.3423910014077347,0.25133112115326045,0.29686106128049755,0.8277934601930389,77.47135276009978,algorithm_native_internal_best_so_far.v1,true
noise001,drsr,62,150,150,1.0,0.34466187967331324,0.2537926585370792,0.2992272691051961,0.8339574905356029,77.56690753902656,0.34466187967331324,0.2537926585370792,0.2992272691051961,0.8339574905356029,77.56690753902656,algorithm_native_internal_best_so_far.v1,true
noise001,drsr,63,150,150,1.0,0.3446418449082525,0.25393656591302544,0.2992892054106389,0.8340945728786354,77.65964642392875,0.3446418449082525,0.25393656591302544,0.2992892054106389,0.8340945728786354,77.65964642392875,algorithm_native_internal_best_so_far.v1,true
noise001,drsr,64,150,150,1.0,0.3446418449082525,0.25393656591302544,0.2992892054106389,0.8340945728786354,77.74948721867771,0.3446418449082525,0.25393656591302544,0.2992892054106389,0.8340945728786354,77.74948721867771,algorithm_native_internal_best_so_far.v1,true
noise001,drsr,65,150,150,1.0,0.3436941802925715,0.2529796478408623,0.2983369140667168,0.832945856590906,77.83479642545329,0.3436941802925715,0.2529796478408623,0.2983369140667168,0.832945856590906,77.83479642545329,algorithm_native_internal_best_so_far.v1,true
noise001,drsr,66,150,150,1.0,0.34825350556227574,0.25723309701129515,0.30274330128678534,0.8374890795612381,77.924404175918,0.34825350556227574,0.25723309701129515,0.30274330128678534,0.8374890795612381,77.924404175918,algorithm_native_internal_best_so_far.v1,true
noise001,drsr,67,150,150,1.0,0.34841429810188146,0.2571853035341613,0.3027998008180212,0.8373694428313582,78.01115850587648,0.34841429810188146,0.2571853035341613,0.3027998008180212,0.8373694428313582,78.01115850587648,algorithm_native_internal_best_so_far.v1,true
noise001,drsr,68,150,150,1.0,0.34818326649229275,0.2569100827669173,0.3025466746296048,0.8368586112232819,78.09461001494195,0.34818326649229275,0.2569100827669173,0.3025466746296048,0.8368586112232819,78.09461001494195,algorithm_native_internal_best_so_far.v1,true
noise001,drsr,69,150,150,1.0,0.348407243791999,0.25692009225007967,0.30266366802103906,0.8371105861984175,78.17600782081006,0.348407243791999,0.25692009225007967,0.30266366802103906,0.8371105861984175,78.17600782081006,algorithm_native_internal_best_so_far.v1,true
noise001,drsr,70,150,150,1.0,0.348407967670419,0.25692009250623743,0.302664030088328,0.8371129844876275,78.25508340120939,0.348407967670419,0.25692009250623743,0.302664030088328,0.8371129844876275,78.25508340120939,algorithm_native_internal_best_so_far.v1,true
noise001,drsr,71,150,150,1.0,0.34840143836971854,0.25531086533004316,0.30185615184988057,0.8357735884490766,78.33004502717696,0.34840143836971854,0.25531086533004316,0.30185615184988057,0.8357735884490766,78.33004502717696,algorithm_native_internal_best_so_far.v1,true
noise001,drsr,72,150,150,1.0,0.3494501847895351,0.2585185128567458,0.3039843488231402,0.8335365773670905,78.39981742592047,0.3494501847895351,0.2585185128567458,0.3039843488231402,0.8335365773670905,78.39981742592047,algorithm_native_internal_best_so_far.v1,true
noise001,drsr,73,150,150,1.0,0.3442518175075307,0.2531869788680011,0.2987193981877656,0.8272340034268291,78.4590445891638,0.3442518175075307,0.2531869788680011,0.2987193981877656,0.8272340034268291,78.4590445891638,algorithm_native_internal_best_so_far.v1,true
noise001,drsr,74,150,150,1.0,0.34299209049704465,0.24965998950477583,0.29632604000090995,0.8186653930078791,78.50509181499655,0.34299209049704465,0.24965998950477583,0.29632604000090995,0.8186653930078791,78.50509181499655,algorithm_native_internal_best_so_far.v1,true
noise001,drsr,75,150,150,1.0,0.3427827017883221,0.24986874797669287,0.2963257248825073,0.8191870429807684,78.55060664810428,0.3427827017883221,0.24986874797669287,0.2963257248825073,0.8191870429807684,78.55060664810428,algorithm_native_internal_best_so_far.v1,true
noise001,drsr,76,150,150,1.0,0.3430015835499333,0.2519637067739821,0.29748264516195744,0.8218543186379312,78.59843329567914,0.3430015835499333,0.2519637067739821,0.29748264516195744,0.8218543186379312,78.59843329567914,algorithm_native_internal_best_so_far.v1,true
noise001,drsr,77,150,150,1.0,0.34277011397941987,0.2517284669369093,0.2972492904581644,0.8214220359684576,78.64445628660339,0.34277011397941987,0.2517284669369093,0.2972492904581644,0.8214220359684576,78.64445628660339,algorithm_native_internal_best_so_far.v1,true
noise001,drsr,78,150,150,1.0,0.34324519046556323,0.25202182586029304,0.29763350816292783,0.8224417200534045,78.69060648812565,0.34324519046556323,0.25202182586029304,0.29763350816292783,0.8224417200534045,78.69060648812565,algorithm_native_internal_best_so_far.v1,true
noise001,drsr,79,150,150,1.0,0.346845433304803,0.25541389675542653,0.3011296650301145,0.8269841225047744,78.74133820663643,0.346845433304803,0.25541389675542653,0.3011296650301145,0.8269841225047744,78.74133820663643,algorithm_native_internal_best_so_far.v1,true
noise001,drsr,80,150,150,1.0,0.346311899300565,0.2554703589355972,0.3008911291180809,0.8261639011841303,78.78977635553365,0.346311899300565,0.2554703589355972,0.3008911291180809,0.8261639011841303,78.78977635553365,algorithm_native_internal_best_so_far.v1,true
noise001,drsr,81,150,150,1.0,0.3519565202449973,0.26039736346566644,0.3061769418553316,0.8372076459143998,78.8506527535078,0.3519565202449973,0.26039736346566644,0.3061769418553316,0.8372076459143998,78.8506527535078,algorithm_native_internal_best_so_far.v1,true
noise001,drsr,82,150,150,1.0,0.35233422467586717,0.26054597994191886,0.3064401023088928,0.8382106471200959,78.91126753348952,0.35233422467586717,0.26054597994191886,0.3064401023088928,0.8382106471200959,78.91126753348952,algorithm_native_internal_best_so_far.v1,true
noise001,drsr,83,150,150,1.0,0.35261783654219214,0.2608324112535686,0.30672512389788004,0.8387243736003454,78.97104066392981,0.35261783654219214,0.2608324112535686,0.30672512389788004,0.8387243736003454,78.97104066392981,algorithm_native_internal_best_so_far.v1,true
noise001,drsr,84,150,150,1.0,0.352543074093267,0.25964226488045017,0.3060926694868583,0.8370382159741024,79.0273832940903,0.352543074093267,0.25964226488045017,0.3060926694868583,0.8370382159741024,79.0273832940903,algorithm_native_internal_best_so_far.v1,true
noise001,drsr,85,150,150,1.0,0.3537577984284013,0.2616762679978404,0.3077170332131205,0.8447158435050471,79.09143271828341,0.3537577984284013,0.2616762679978404,0.3077170332131205,0.8447158435050471,79.09143271828341,algorithm_native_internal_best_so_far.v1,true
noise001,drsr,86,150,150,1.0,0.3538502097925566,0.26112989494934324,0.3074900523709497,0.8443290429099374,79.1535428528498,0.3538502097925566,0.26112989494934324,0.3074900523709497,0.8443290429099374,79.1535428528498,algorithm_native_internal_best_so_far.v1,true
noise001,drsr,87,150,150,1.0,0.3511977563016641,0.260177077668596,0.3056874169851298,0.8376443585628268,79.2065416230042,0.3511977563016641,0.260177077668596,0.3056874169851298,0.8376443585628268,79.2065416230042,algorithm_native_internal_best_so_far.v1,true
noise001,drsr,88,150,150,1.0,0.3527366429781829,0.2609607544000215,0.30684869868910186,0.8435322625446608,79.26502667563445,0.3527366429781829,0.2609607544000215,0.30684869868910186,0.8435322625446608,79.26502667563445,algorithm_native_internal_best_so_far.v1,true
noise001,drsr,89,150,150,1.0,0.3528086803898315,0.2607249162411568,0.30676679831549386,0.8433084584106038,79.32194599209991,0.3528086803898315,0.2607249162411568,0.30676679831549386,0.8433084584106038,79.32194599209991,algorithm_native_internal_best_so_far.v1,true
noise001,drsr,90,150,150,1.0,0.3533162904721871,0.2609925096557494,0.30715440006396794,0.8448457449291816,79.37930853099789,0.3533162904721871,0.2609925096557494,0.30715440006396794,0.8448457449291816,79.37930853099789,algorithm_native_internal_best_so_far.v1,true
noise001,drsr,91,150,150,1.0,0.3531346570234219,0.2607579744918221,0.3069463157576217,0.8436031499087335,79.43404486572179,0.3531346570234219,0.2607579744918221,0.3069463157576217,0.8436031499087335,79.43404486572179,algorithm_native_internal_best_so_far.v1,true
noise001,drsr,92,150,150,1.0,0.353134658453066,0.26075797650558263,0.30694631747932405,0.8436031567111064,79.4875912875195,0.353134658453066,0.26075797650558263,0.30694631747932405,0.8436031567111064,79.4875912875195,algorithm_native_internal_best_so_far.v1,true
noise001,drsr,93,150,150,1.0,0.3531299945245502,0.2607532770879694,0.30694163580625955,0.8435690197919372,79.53994946699987,0.3531299945245502,0.2607532770879694,0.30694163580625955,0.8435690197919372,79.53994946699987,algorithm_native_internal_best_so_far.v1,true
noise001,drsr,94,150,150,1.0,0.3530982878324145,0.2601823995379522,0.30664034368518306,0.8440626766024114,79.59171880948116,0.3530982878324145,0.2601823995379522,0.30664034368518306,0.8440626766024114,79.59171880948116,algorithm_native_internal_best_so_far.v1,true
noise001,drsr,95,150,150,1.0,0.3532160477043359,0.2601923282175041,0.3067041879609198,0.8444107689632874,79.64276468407955,0.3532160477043359,0.2601923282175041,0.3067041879609198,0.8444107689632874,79.64276468407955,algorithm_native_internal_best_so_far.v1,true
noise001,drsr,96,150,150,1.0,0.35759715440621065,0.264573454352064,0.3110853043791371,0.8506701209657314,79.69926726129303,0.35759715440621065,0.264573454352064,0.3110853043791371,0.8506701209657314,79.69926726129303,algorithm_native_internal_best_so_far.v1,true
noise001,drsr,97,150,150,1.0,0.3576088229637673,0.2645505808450936,0.31107970190443024,0.8506302084251778,79.75456368996545,0.3576088229637673,0.2645505808450936,0.31107970190443024,0.8506302084251778,79.75456368996545,algorithm_native_internal_best_so_far.v1,true
noise001,drsr,98,150,150,1.0,0.35773277442113877,0.2654112440356883,0.3115720092284134,0.8518425145089469,79.80996866711779,0.35773277442113877,0.2654112440356883,0.3115720092284134,0.8518425145089469,79.80996866711779,algorithm_native_internal_best_so_far.v1,true
noise001,drsr,99,150,150,1.0,0.3579030978585728,0.264887924064527,0.31139551096154966,0.8491111810302471,79.86149542909665,0.3579030978585728,0.264887924064527,0.31139551096154966,0.8491111810302471,79.86149542909665,algorithm_native_internal_best_so_far.v1,true
noise001,drsr,100,150,150,1.0,0.35793979857602054,0.2639620906816357,0.3109509446288278,0.8471008545994548,79.90998132940514,0.35793979857602054,0.2639620906816357,0.3109509446288278,0.8471008545994548,79.90998132940514,algorithm_native_internal_best_so_far.v1,true
noise001,drsr,101,150,150,1.0,0.35645619113071164,0.26254421616449153,0.3095002036476013,0.8406276872743701,79.95109803631634,0.35645619113071164,0.26254421616449153,0.3095002036476013,0.8406276872743701,79.95109803631634,algorithm_native_internal_best_so_far.v1,true
noise001,drsr,102,150,150,1.0,0.3575455300807065,0.26279698981505134,0.3101712599478786,0.8430403198147064,79.99377385930805,0.3575455300807065,0.26279698981505134,0.3101712599478786,0.8430403198147064,79.99377385930805,algorithm_native_internal_best_so_far.v1,true
noise001,drsr,103,150,150,1.0,0.35757385642313433,0.26276672092238984,0.31017028867276175,0.8430382896486478,80.03561905450762,0.35757385642313433,0.26276672092238984,0.31017028867276175,0.8430382896486478,80.03561905450762,algorithm_native_internal_best_so_far.v1,true
noise001,drsr,104,150,150,1.0,0.3588832967766873,0.26407799229208534,0.31148064453438606,0.8458292446812753,80.0793431450232,0.3588832967766873,0.26407799229208534,0.31148064453438606,0.8458292446812753,80.0793431450232,algorithm_native_internal_best_so_far.v1,true
noise001,drsr,105,150,150,1.0,0.35889160601564774,0.2640774350166631,0.3114845205161552,0.8458563765536302,80.12226023559785,0.35889160601564774,0.2640774350166631,0.3114845205161552,0.8458563765536302,80.12226023559785,algorithm_native_internal_best_so_far.v1,true
noise001,drsr,106,150,150,1.0,0.3588264614590259,0.2640624305661294,0.3114444460125775,0.8457856647168114,80.16430086046658,0.3588264614590259,0.2640624305661294,0.3114444460125775,0.8457856647168114,80.16430086046658,algorithm_native_internal_best_so_far.v1,true
noise001,drsr,107,150,150,1.0,0.3598106402149803,0.2640645158800144,0.31193757804749717,0.8475963988089275,80.20724795411542,0.3598106402149803,0.2640645158800144,0.31193757804749717,0.8475963988089275,80.20724795411542,algorithm_native_internal_best_so_far.v1,true
noise001,drsr,108,150,150,1.0,0.35974270700512595,0.26374486424396876,0.3117437856245472,0.8472044210197096,80.24903678881778,0.35974270700512595,0.26374486424396876,0.3117437856245472,0.8472044210197096,80.24903678881778,algorithm_native_internal_best_so_far.v1,true
noise001,drsr,109,150,150,1.0,0.35977243368270956,0.2634200816655065,0.3115962576741078,0.8470766310180957,80.28994161737734,0.35977243368270956,0.2634200816655065,0.3115962576741078,0.8470766310180957,80.28994161737734,algorithm_native_internal_best_so_far.v1,true
noise001,drsr,110,150,150,1.0,0.3642978028475837,0.265803450954052,0.31505062690081764,0.854433263852523,80.33679056981258,0.3642978028475837,0.265803450954052,0.31505062690081764,0.854433263852523,80.33679056981258,algorithm_native_internal_best_so_far.v1,true
noise001,drsr,111,150,150,1.0,0.3642978028475837,0.265803450954052,0.31505062690081764,0.854433263852523,80.3827953969787,0.3642978028475837,0.265803450954052,0.31505062690081764,0.854433263852523,80.3827953969787,algorithm_native_internal_best_so_far.v1,true
noise001,drsr,112,150,150,1.0,0.36215008194921644,0.26518576389794596,0.31366792292358103,0.8549113233249511,80.42840554818868,0.36215008194921644,0.26518576389794596,0.31366792292358103,0.8549113233249511,80.42840554818868,algorithm_native_internal_best_so_far.v1,true
noise001,drsr,113,150,150,1.0,0.3613562643728228,0.26506589296585814,0.3132110786693403,0.8516471232849124,80.47031976748339,0.3613562643728228,0.26506589296585814,0.3132110786693403,0.8516471232849124,80.47031976748339,algorithm_native_internal_best_so_far.v1,true
noise001,drsr,114,150,150,1.0,0.3604263204271371,0.26391816144247265,0.3121722409348047,0.8472480955215871,80.50763985331388,0.3604263204271371,0.26391816144247265,0.3121722409348047,0.8472480955215871,80.50763985331388,algorithm_native_internal_best_so_far.v1,true
noise001,drsr,115,150,150,1.0,0.3604263251832664,0.26391813000049114,0.3121722275918786,0.8472480688873645,80.5443108710132,0.3604263251832664,0.26391813000049114,0.3121722275918786,0.8472480688873645,80.5443108710132,algorithm_native_internal_best_so_far.v1,true
noise001,drsr,116,150,150,1.0,0.36042557712964085,0.26391807919192517,0.3121718281607828,0.8472463196289979,80.58034812180532,0.36042557712964085,0.26391807919192517,0.3121718281607828,0.8472463196289979,80.58034812180532,algorithm_native_internal_best_so_far.v1,true
noise001,drsr,117,150,150,1.0,0.36043407379017744,0.2638252485852979,0.3121296611877375,0.847164126267232,80.61569910047983,0.36043407379017744,0.2638252485852979,0.3121296611877375,0.847164126267232,80.61569910047983,algorithm_native_internal_best_so_far.v1,true
noise001,drsr,118,150,150,1.0,0.3551497504651992,0.25868627809221895,0.30691801427870896,0.8406337160921145,80.64491666411315,0.3551497504651992,0.25868627809221895,0.30691801427870896,0.8406337160921145,80.64491666411315,algorithm_native_internal_best_so_far.v1,true
noise001,drsr,119,150,150,1.0,0.35518749000190214,0.25888770619269125,0.3070375980972965,0.841072816539558,80.67401216822948,0.35518749000190214,0.25888770619269125,0.3070375980972965,0.841072816539558,80.67401216822948,algorithm_native_internal_best_so_far.v1,true
noise001,drsr,120,150,150,1.0,0.35527418849925235,0.2589445850112085,0.30710938675523025,0.8413733352857808,80.70287317956571,0.35527418849925235,0.2589445850112085,0.30710938675523025,0.8413733352857808,80.70287317956571,algorithm_native_internal_best_so_far.v1,true
noise001,drsr,121,150,150,1.0,0.35547166938746033,0.25952007304470737,0.3074958712160837,0.8420821013404974,80.73184290646226,0.35547166938746033,0.25952007304470737,0.3074958712160837,0.8420821013404974,80.73184290646226,algorithm_native_internal_best_so_far.v1,true
noise001,drsr,122,150,150,1.0,0.35547166938746033,0.25952007304470737,0.3074958712160837,0.8420821013404974,80.76033771980315,0.35547166938746033,0.25952007304470737,0.3074958712160837,0.8420821013404974,80.76033771980315,algorithm_native_internal_best_so_far.v1,true
noise001,drsr,123,150,150,1.0,0.3554716694537255,0.25952007304470737,0.30749587124921623,0.8420821015723673,80.78836920303432,0.3554716694537255,0.25952007304470737,0.30749587124921623,0.8420821015723673,80.78836920303432,algorithm_native_internal_best_so_far.v1,true
noise001,drsr,124,150,150,1.0,0.35549105884201393,0.2593598935863715,0.3074254762141926,0.8417779560669044,80.81570328693478,0.35549105884201393,0.2593598935863715,0.3074254762141926,0.8417779560669044,80.81570328693478,algorithm_native_internal_best_so_far.v1,true
noise001,drsr,125,150,150,1.0,0.3558142586863272,0.25983025201862103,0.307822255352474,0.842402701771742,80.8430998220567,0.3558142586863272,0.25983025201862103,0.307822255352474,0.842402701771742,80.8430998220567,algorithm_native_internal_best_so_far.v1,true
noise001,drsr,126,150,150,1.0,0.35548187931785813,0.2591175417379071,0.30729971052788246,0.8415306381404313,80.86936937754865,0.35548187931785813,0.2591175417379071,0.30729971052788246,0.8415306381404313,80.86936937754865,algorithm_native_internal_best_so_far.v1,true
noise001,drsr,127,150,150,1.0,0.35550888488612714,0.25954943623589266,0.30752916056100976,0.8425306084060312,80.89601261741522,0.35550888488612714,0.25954943623589266,0.30752916056100976,0.8425306084060312,80.89601261741522,algorithm_native_internal_best_so_far.v1,true
noise001,drsr,128,150,150,1.0,0.35550888488612714,0.25954943623589266,0.30752916056100976,0.8425306084060312,80.92223955665888,0.35550888488612714,0.25954943623589266,0.30752916056100976,0.8425306084060312,80.92223955665888,algorithm_native_internal_best_so_far.v1,true
noise001,drsr,129,150,150,1.0,0.35320476283058755,0.25773113454663427,0.30546794868861077,0.8365166928912168,80.94339792667797,0.35320476283058755,0.25773113454663427,0.30546794868861077,0.8365166928912168,80.94339792667797,algorithm_native_internal_best_so_far.v1,true
noise001,drsr,130,150,150,1.0,0.3532100756021327,0.25678729977436526,0.3049986876882489,0.8356313913581037,80.96354978213284,0.3532100756021327,0.25678729977436526,0.3049986876882489,0.8356313913581037,80.96354978213284,algorithm_native_internal_best_so_far.v1,true
noise001,drsr,131,150,150,1.0,0.35321002433335985,0.25678739146707324,0.30499870790021644,0.8356314793075044,80.98339404280931,0.35321002433335985,0.25678739146707324,0.30499870790021644,0.8356314793075044,80.98339404280931,algorithm_native_internal_best_so_far.v1,true
noise001,drsr,132,150,150,1.0,0.353766717855019,0.2572621142526444,0.3055144160538316,0.8368373990399878,81.0038512084244,0.353766717855019,0.2572621142526444,0.3055144160538316,0.8368373990399878,81.0038512084244,algorithm_native_internal_best_so_far.v1,true
noise001,drsr,133,150,150,1.0,0.35259205194962046,0.2567606170906023,0.3046763345201113,0.8329249796848233,81.02105907880077,0.35259205194962046,0.2567606170906023,0.3046763345201113,0.8329249796848233,81.02105907880077,algorithm_native_internal_best_so_far.v1,true
noise001,drsr,134,150,150,1.0,0.3554861140245385,0.25812385120359815,0.30680498261406824,0.8388744092507744,81.04244998810134,0.3554861140245385,0.25812385120359815,0.30680498261406824,0.8388744092507744,81.04244998810134,algorithm_native_internal_best_so_far.v1,true
noise001,drsr,135,150,150,1.0,0.35259346362260435,0.25676072333615824,0.3046770934793812,0.8329302923997062,81.0591209455226,0.35259346362260435,0.25676072333615824,0.3046770934793812,0.8329302923997062,81.0591209455226,algorithm_native_internal_best_so_far.v1,true
noise001,drsr,136,150,150,1.0,0.35249868008665974,0.25663297146300224,0.3045658257748309,0.832587138752528,81.07529442294708,0.35249868008665974,0.25663297146300224,0.3045658257748309,0.832587138752528,81.07529442294708,algorithm_native_internal_best_so_far.v1,true
noise001,drsr,137,150,150,1.0,0.35393662992071234,0.2579627104399205,0.3059496701803163,0.8391488592574907,81.096021368223,0.35393662992071234,0.2579627104399205,0.3059496701803163,0.8391488592574907,81.096021368223,algorithm_native_internal_best_so_far.v1,true
noise001,drsr,138,150,150,1.0,0.354509782848725,0.2566672513507038,0.30558851709971446,0.8385214616074755,81.11599328700942,0.354509782848725,0.2566672513507038,0.30558851709971446,0.8385214616074755,81.11599328700942,algorithm_native_internal_best_so_far.v1,true
noise001,drsr,139,150,150,1.0,0.3545098237351415,0.25666729878090533,0.3055885612580235,0.8385216464690444,81.13567797305183,0.3545098237351415,0.25666729878090533,0.3055885612580235,0.8385216464690444,81.13567797305183,algorithm_native_internal_best_so_far.v1,true
noise001,drsr,140,150,150,1.0,0.35537511514137754,0.2575493533323833,0.30646223423688035,0.839273169015171,81.1556182511123,0.35537511514137754,0.2575493533323833,0.30646223423688035,0.839273169015171,81.1556182511123,algorithm_native_internal_best_so_far.v1,true
noise001,drsr,141,150,150,1.0,0.3553259303387025,0.2575856489120556,0.306455789625379,0.8392460142770031,81.17525642966966,0.3553259303387025,0.2575856489120556,0.306455789625379,0.8392460142770031,81.17525642966966,algorithm_native_internal_best_so_far.v1,true
noise001,drsr,142,150,150,1.0,0.3553643200919385,0.2583630131777127,0.30686366663482556,0.8415055792270162,81.19620925708537,0.3553643200919385,0.2583630131777127,0.30686366663482556,0.8415055792270162,81.19620925708537,algorithm_native_internal_best_so_far.v1,true
noise001,drsr,143,150,150,1.0,0.3553643200919385,0.2583630131777127,0.30686366663482556,0.8415055792270162,81.21686903796382,0.3553643200919385,0.2583630131777127,0.30686366663482556,0.8415055792270162,81.21686903796382,algorithm_native_internal_best_so_far.v1,true
noise001,drsr,144,150,150,1.0,0.3553881181109054,0.25848636191887,0.30693724001488765,0.8418508415312462,81.2374816429302,0.3553881181109054,0.25848636191887,0.30693724001488765,0.8418508415312462,81.2374816429302,algorithm_native_internal_best_so_far.v1,true
noise001,drsr,145,150,150,1.0,0.3553197735753089,0.2581321914603951,0.306725982517852,0.8414099108364946,81.25750584596966,0.3553197735753089,0.2581321914603951,0.306725982517852,0.8414099108364946,81.25750584596966,algorithm_native_internal_best_so_far.v1,true
noise001,drsr,146,150,150,1.0,0.36057664828372665,0.26323717117536694,0.31190690972954677,0.8477141047611692,81.28157368590216,0.36057664828372665,0.26323717117536694,0.31190690972954677,0.8477141047611692,81.28157368590216,algorithm_native_internal_best_so_far.v1,true
noise001,drsr,147,150,150,1.0,0.3605775859864295,0.263237435203552,0.3119075105949907,0.8477150025953036,81.30531468300168,0.3605775859864295,0.263237435203552,0.3119075105949907,0.8477150025953036,81.30531468300168,algorithm_native_internal_best_so_far.v1,true
noise001,drsr,148,150,150,1.0,0.3605775859864295,0.263237435203552,0.3119075105949907,0.8477150025953036,81.32873485581607,0.3605775859864295,0.263237435203552,0.3119075105949907,0.8477150025953036,81.32873485581607,algorithm_native_internal_best_so_far.v1,true
noise001,drsr,149,150,150,1.0,0.36057617451621105,0.26323732897250607,0.3119067517443585,0.8477096906408845,81.3518370988246,0.36057617451621105,0.26323732897250607,0.3119067517443585,0.8477096906408845,81.3518370988246,algorithm_native_internal_best_so_far.v1,true
noise001,drsr,150,150,150,1.0,0.36057617451621105,0.26323732897250607,0.3119067517443585,0.8477096906408845,81.37463131192636,0.36057617451621105,0.26323732897250607,0.3119067517443585,0.8477096906408845,81.37463131192636,algorithm_native_internal_best_so_far.v1,true
noise001,drsr,151,150,150,1.0,0.360575670578662,0.26323785759051244,0.3119067640845872,0.8477097535614087,81.39712365659003,0.360575670578662,0.26323785759051244,0.3119067640845872,0.8477097535614087,81.39712365659003,algorithm_native_internal_best_so_far.v1,true
noise001,drsr,152,150,150,1.0,0.36055698859611324,0.263327830124121,0.3119424093601171,0.8477776393673415,81.41936471106466,0.36055698859611324,0.263327830124121,0.3119424093601171,0.8477776393673415,81.41936471106466,algorithm_native_internal_best_so_far.v1,true
noise001,drsr,153,150,150,1.0,0.3605111548065744,0.263247068474745,0.3118791116406597,0.847617073672117,81.44121008790222,0.3605111548065744,0.263247068474745,0.3118791116406597,0.847617073672117,81.44121008790222,algorithm_native_internal_best_so_far.v1,true
noise001,drsr,154,150,150,1.0,0.36055493580320486,0.2632873993198517,0.3119211675615282,0.847785031022335,81.46288082176152,0.36055493580320486,0.2632873993198517,0.3119211675615282,0.847785031022335,81.46288082176152,algorithm_native_internal_best_so_far.v1,true
noise001,drsr,155,150,150,1.0,0.36023565660046164,0.2627749293184332,0.31150529295944734,0.8471908096479067,81.48388856461978,0.36023565660046164,0.2627749293184332,0.31150529295944734,0.8471908096479067,81.48388856461978,algorithm_native_internal_best_so_far.v1,true
noise001,drsr,156,150,150,1.0,0.36023565660046164,0.2627749293184332,0.31150529295944734,0.8471908096479067,81.50462697744138,0.36023565660046164,0.2627749293184332,0.31150529295944734,0.8471908096479067,81.50462697744138,algorithm_native_internal_best_so_far.v1,true
noise001,drsr,157,150,150,1.0,0.3615481560450581,0.2636984746871667,0.3126233153661123,0.8485013321148063,81.5259359343461,0.3615481560450581,0.2636984746871667,0.3126233153661123,0.8485013321148063,81.5259359343461,algorithm_native_internal_best_so_far.v1,true
noise001,drsr,158,150,150,1.0,0.362892422523015,0.26367532654610915,0.313283874534562,0.8498808602706829,81.5478482767051,0.362892422523015,0.26367532654610915,0.313283874534562,0.8498808602706829,81.5478482767051,algorithm_native_internal_best_so_far.v1,true
noise001,drsr,159,150,150,1.0,0.3628854355006705,0.2636405587754423,0.3132629971380564,0.8498360010428357,81.56945677876534,0.3628854355006705,0.2636405587754423,0.3132629971380564,0.8498360010428357,81.56945677876534,algorithm_native_internal_best_so_far.v1,true
noise001,drsr,160,150,150,1.0,0.3628854358258733,0.263640496188017,0.3132629660069451,0.849835938901073,81.59079513571122,0.3628854358258733,0.263640496188017,0.3132629660069451,0.849835938901073,81.59079513571122,algorithm_native_internal_best_so_far.v1,true
noise001,drsr,161,150,150,1.0,0.3628203570666688,0.2634983686235568,0.31315936284511275,0.849194322111755,81.61146990015509,0.3628203570666688,0.2634983686235568,0.31315936284511275,0.849194322111755,81.61146990015509,algorithm_native_internal_best_so_far.v1,true
noise001,drsr,162,150,150,1.0,0.3630871888682358,0.26454332294977007,0.3138152559090029,0.8501123737846501,81.632456119157,0.3630871888682358,0.26454332294977007,0.3138152559090029,0.8501123737846501,81.632456119157,algorithm_native_internal_best_so_far.v1,true
noise001,drsr,163,150,150,1.0,0.3631049697526903,0.2652609569606757,0.31418296335668294,0.8519830174543521,81.65433247269245,0.3631049697526903,0.2652609569606757,0.31418296335668294,0.8519830174543521,81.65433247269245,algorithm_native_internal_best_so_far.v1,true
noise001,drsr,164,150,150,1.0,0.3631049696984162,0.2652609684117739,0.3141829690550949,0.8519830430719204,81.67594205704916,0.3631049696984162,0.2652609684117739,0.3141829690550949,0.8519830430719204,81.67594205704916,algorithm_native_internal_best_so_far.v1,true
noise001,drsr,165,150,150,1.0,0.3631049696984162,0.2652609684117739,0.3141829690550949,0.8519830430719204,81.69728970705003,0.3631049696984162,0.2652609684117739,0.3141829690550949,0.8519830430719204,81.69728970705003,algorithm_native_internal_best_so_far.v1,true
noise001,drsr,166,150,150,1.0,0.36408684208695685,0.2657251891973395,0.31490601564214804,0.8570411397485062,81.72142720263919,0.36408684208695685,0.2657251891973395,0.31490601564214804,0.8570411397485062,81.72142720263919,algorithm_native_internal_best_so_far.v1,true
noise001,drsr,167,150,150,1.0,0.36408684208695685,0.2657251891973395,0.31490601564214804,0.8570411397485062,81.74527562642487,0.36408684208695685,0.2657251891973395,0.31490601564214804,0.8570411397485062,81.74527562642487,algorithm_native_internal_best_so_far.v1,true
noise001,drsr,168,150,150,1.0,0.3584910371075747,0.260771578848912,0.30963130797824334,0.8508136843800984,81.76513332173192,0.3584910371075747,0.260771578848912,0.30963130797824334,0.8508136843800984,81.76513332173192,algorithm_native_internal_best_so_far.v1,true
noise001,drsr,169,150,150,1.0,0.3582856553140279,0.2600593067569983,0.30917248103551304,0.849099941889001,81.78374196591635,0.3582856553140279,0.2600593067569983,0.30917248103551304,0.849099941889001,81.78374196591635,algorithm_native_internal_best_so_far.v1,true
noise001,drsr,170,150,150,1.0,0.3582856553140279,0.2600593067569983,0.30917248103551304,0.849099941889001,81.80213168487506,0.3582856553140279,0.2600593067569983,0.30917248103551304,0.849099941889001,81.80213168487506,algorithm_native_internal_best_so_far.v1,true
noise001,drsr,171,150,150,1.0,0.3584095321319273,0.2603209968067757,0.3093652644693515,0.8498413077117299,81.82073986666629,0.3584095321319273,0.2603209968067757,0.3093652644693515,0.8498413077117299,81.82073986666629,algorithm_native_internal_best_so_far.v1,true
noise001,drsr,172,150,150,1.0,0.3584095321319273,0.2603209968067757,0.3093652644693515,0.8498413077117299,81.83913167425062,0.3584095321319273,0.2603209968067757,0.3093652644693515,0.8498413077117299,81.83913167425062,algorithm_native_internal_best_so_far.v1,true
noise001,drsr,173,150,150,1.0,0.3586367646903363,0.26052078757754465,0.30957877613394047,0.8509299638614181,81.85794014079336,0.3586367646903363,0.26052078757754465,0.30957877613394047,0.8509299638614181,81.85794014079336,algorithm_native_internal_best_so_far.v1,true
noise001,drsr,174,150,150,1.0,0.35875258950239264,0.2604930044435221,0.3096227969729573,0.8510788367833517,81.87661797721601,0.35875258950239264,0.2604930044435221,0.3096227969729573,0.8510788367833517,81.87661797721601,algorithm_native_internal_best_so_far.v1,true
noise001,drsr,175,150,150,1.0,0.358620735818741,0.26061035486886674,0.3096155453438038,0.8509605479840303,81.89501475905136,0.358620735818741,0.26061035486886674,0.3096155453438038,0.8509605479840303,81.89501475905136,algorithm_native_internal_best_so_far.v1,true
noise001,drsr,176,150,150,1.0,0.3585559365028806,0.2607209276801403,0.30963843209151043,0.8510083860245413,81.91322966725251,0.3585559365028806,0.2607209276801403,0.30963843209151043,0.8510083860245413,81.91322966725251,algorithm_native_internal_best_so_far.v1,true
noise001,drsr,177,150,150,1.0,0.35847462988183293,0.26071975540770365,0.3095971926447683,0.8510753995744607,81.93127661804456,0.35847462988183293,0.26071975540770365,0.3095971926447683,0.8510753995744607,81.93127661804456,algorithm_native_internal_best_so_far.v1,true
noise001,drsr,178,150,150,1.0,0.35871001413783976,0.2617271866559661,0.31021860039690297,0.8529908513708923,81.95019689062346,0.35871001413783976,0.2617271866559661,0.31021860039690297,0.8529908513708923,81.95019689062346,algorithm_native_internal_best_so_far.v1,true
noise001,drsr,179,150,150,1.0,0.35888008855138853,0.26117419227210376,0.3100271404117461,0.852156440990535,81.96843961245828,0.35888008855138853,0.26117419227210376,0.3100271404117461,0.852156440990535,81.96843961245828,algorithm_native_internal_best_so_far.v1,true
noise001,drsr,180,150,150,1.0,0.3540473732571777,0.25629091257919173,0.30516914291818475,0.8463358150751596,81.9832459563197,0.3540473732571777,0.25629091257919173,0.30516914291818475,0.8463358150751596,81.9832459563197,algorithm_native_internal_best_so_far.v1,true
noise001,dso,1,150,150,1.0,0.20426448680220224,0.15370631506763718,0.17898540093491977,0.6471673270365512,64.71673270365513,0.20426448680220224,0.15370631506763718,0.17898540093491977,0.6471673270365512,64.71673270365513,algorithm_native_internal_best_so_far.v1,true
noise001,dso,2,150,150,1.0,0.23152948433434947,0.1890027450052852,0.2102661146698173,0.7255434723529018,68.63553996947265,0.23152948433434947,0.1890027450052852,0.2102661146698173,0.7255434723529018,68.63553996947265,algorithm_native_internal_best_so_far.v1,true
noise001,dso,3,150,150,1.0,0.2461125366863603,0.194914639692796,0.22051358818957803,0.7442077144348666,70.56395046081066,0.2461125366863603,0.194914639692796,0.22051358818957803,0.7442077144348666,70.56395046081066,algorithm_native_internal_best_so_far.v1,true
noise001,dso,4,150,150,1.0,0.25002856267931967,0.19861062851361655,0.224319595596468,0.7514503479178117,71.70922154355328,0.25002856267931967,0.19861062851361655,0.224319595596468,0.7514503479178117,71.70922154355328,algorithm_native_internal_best_so_far.v1,true
noise001,dso,5,150,150,1.0,0.261828397312676,0.209962330915789,0.23589536411423234,0.7691676497134673,72.75073022911197,0.261828397312676,0.209962330915789,0.23589536411423234,0.7691676497134673,72.75073022911197,algorithm_native_internal_best_so_far.v1,true
noise001,dso,6,150,150,1.0,0.26327649957504057,0.20879652951047548,0.23603651454275792,0.7692642674518919,73.44667964845817,0.26327649957504057,0.20879652951047548,0.23603651454275792,0.7692642674518919,73.44667964845817,algorithm_native_internal_best_so_far.v1,true
noise001,dso,7,150,150,1.0,0.27397085497678186,0.22785862410413504,0.25091473954045845,0.7871006304457664,74.19859156218938,0.27397085497678186,0.22785862410413504,0.25091473954045845,0.7871006304457664,74.19859156218938,algorithm_native_internal_best_so_far.v1,true
noise001,dso,8,150,150,1.0,0.2756513614869949,0.2295307253736319,0.2525910434303133,0.7893017304351516,74.7900392473551,0.2756513614869949,0.2295307253736319,0.2525910434303133,0.7893017304351516,74.7900392473551,algorithm_native_internal_best_so_far.v1,true
noise001,dso,9,150,150,1.0,0.2757973039758607,0.22847008402987753,0.25213369400286906,0.7867044204691022,75.22119511397233,0.2757973039758607,0.22847008402987753,0.25213369400286906,0.7867044204691022,75.22119511397233,algorithm_native_internal_best_so_far.v1,true
noise001,dso,10,150,150,1.0,0.28251902151396796,0.2350245733835881,0.258771797448778,0.8002056201386004,75.7011318039611,0.28251902151396796,0.2350245733835881,0.258771797448778,0.8002056201386004,75.7011318039611,algorithm_native_internal_best_so_far.v1,true
noise001,dso,11,150,150,1.0,0.28510089929059323,0.2377388576011211,0.26141987844585707,0.8096574081340762,76.1797326230017,0.28510089929059323,0.2377388576011211,0.26141987844585707,0.8096574081340762,76.1797326230017,algorithm_native_internal_best_so_far.v1,true
noise001,dso,12,150,150,1.0,0.28543840731555964,0.2381139337279559,0.2617761705217577,0.8123230299349579,76.60078015387622,0.28543840731555964,0.2381139337279559,0.2617761705217577,0.8123230299349579,76.60078015387622,algorithm_native_internal_best_so_far.v1,true
noise001,dso,13,150,150,1.0,0.2857058089045116,0.2378999613109326,0.261802885107722,0.812472742070502,76.95820277335113,0.2857058089045116,0.2378999613109326,0.261802885107722,0.812472742070502,76.95820277335113,algorithm_native_internal_best_so_far.v1,true
noise001,dso,14,150,150,1.0,0.28599475029515126,0.23705452609825273,0.2615246381967019,0.8113017092813848,77.25620049869308,0.28599475029515126,0.23705452609825273,0.2615246381967019,0.8113017092813848,77.25620049869308,algorithm_native_internal_best_so_far.v1,true
noise001,dso,15,150,150,1.0,0.2861988706622595,0.23742266779017507,0.26181076922621727,0.811373647484015,77.51494478200698,0.2861988706622595,0.23742266779017507,0.26181076922621727,0.811373647484015,77.51494478200698,algorithm_native_internal_best_so_far.v1,true
noise001,dso,16,150,150,1.0,0.2914119955734746,0.24591149974553106,0.2686617476595028,0.8203281401039549,77.79731160878126,0.2914119955734746,0.24591149974553106,0.2686617476595028,0.8203281401039549,77.79731160878126,algorithm_native_internal_best_so_far.v1,true
noise001,dso,17,150,150,1.0,0.29271326411565257,0.24589463779373408,0.26930395095469345,0.8218305384034329,78.05529644593196,0.29271326411565257,0.24589463779373408,0.26930395095469345,0.8218305384034329,78.05529644593196,algorithm_native_internal_best_so_far.v1,true
noise001,dso,18,150,150,1.0,0.29841681034547757,0.2525010661339638,0.2754589382397208,0.831043233054374,78.33579793812672,0.29841681034547757,0.2525010661339638,0.2754589382397208,0.831043233054374,78.33579793812672,algorithm_native_internal_best_so_far.v1,true
noise001,dso,19,150,150,1.0,0.3084890012778349,0.26316118998388793,0.28582509563086156,0.8408013294982309,78.63813135979494,0.3084890012778349,0.26316118998388793,0.28582509563086156,0.8408013294982309,78.63813135979494,algorithm_native_internal_best_so_far.v1,true
noise001,dso,20,150,150,1.0,0.3089054465921828,0.2632166104111524,0.28606102850166765,0.8413797242618867,78.91312341311462,0.3089054465921828,0.2632166104111524,0.28606102850166765,0.8413797242618867,78.91312341311462,algorithm_native_internal_best_so_far.v1,true
noise001,dso,21,150,150,1.0,0.31515741660116486,0.2690360943073248,0.2920967554542448,0.8506517941113271,79.20607846063929,0.31515741660116486,0.2690360943073248,0.2920967554542448,0.8506517941113271,79.20607846063929,algorithm_native_internal_best_so_far.v1,true
noise001,dso,22,150,150,1.0,0.3153823604131985,0.26966047067231624,0.2925214155427573,0.8521591671722906,79.47925292684792,0.3153823604131985,0.26966047067231624,0.2925214155427573,0.8521591671722906,79.47925292684792,algorithm_native_internal_best_so_far.v1,true
noise001,dso,23,150,150,1.0,0.31596316144876585,0.2712860301144019,0.2936245957815838,0.8519895711776028,79.72793571775715,0.31596316144876585,0.2712860301144019,0.2936245957815838,0.8519895711776028,79.72793571775715,algorithm_native_internal_best_so_far.v1,true
noise001,dso,24,150,150,1.0,0.3259549712852373,0.2787631042671862,0.30235903777621165,0.8602648077401447,79.99037509510121,0.3259549712852373,0.2787631042671862,0.30235903777621165,0.8602648077401447,79.99037509510121,algorithm_native_internal_best_so_far.v1,true
noise001,dso,25,150,150,1.0,0.3255265758152291,0.27955092432217693,0.30253875006870296,0.8614552515406346,80.23658109745969,0.3255265758152291,0.27955092432217693,0.30253875006870296,0.8614552515406346,80.23658109745969,algorithm_native_internal_best_so_far.v1,true
noise001,dso,26,150,150,1.0,0.3306071970051402,0.28518023871327103,0.30789371785920555,0.8671519958127069,80.48575873145244,0.3306071970051402,0.28518023871327103,0.30789371785920555,0.8671519958127069,80.48575873145244,algorithm_native_internal_best_so_far.v1,true
noise001,dso,27,150,150,1.0,0.3352968659313541,0.2913312831751691,0.31331407455326155,0.8741911238119564,80.74254960736886,0.3352968659313541,0.2913312831751691,0.31331407455326155,0.8741911238119564,80.74254960736886,algorithm_native_internal_best_so_far.v1,true
noise001,dso,28,150,150,1.0,0.3353254137821971,0.29130351144844796,0.3133144626153225,0.8739174062683717,80.980020715207,0.3353254137821971,0.29130351144844796,0.3133144626153225,0.8739174062683717,80.980020715207,algorithm_native_internal_best_so_far.v1,true
noise001,dso,29,150,150,1.0,0.3365219310083737,0.29230237679758025,0.3144121539029769,0.8773432281895964,81.21292768430192,0.3365219310083737,0.29230237679758025,0.3144121539029769,0.8773432281895964,81.21292768430192,algorithm_native_internal_best_so_far.v1,true
noise001,dso,30,150,150,1.0,0.3369532511346784,0.2923796682093579,0.3146664596720181,0.8782885571528855,81.43345861866813,0.3369532511346784,0.2923796682093579,0.3146664596720181,0.8782885571528855,81.43345861866813,algorithm_native_internal_best_so_far.v1,true
noise001,dso,31,150,150,1.0,0.33729109614611424,0.2920092737555875,0.3146501849508508,0.878191461219257,81.63944853812805,0.33729109614611424,0.2920092737555875,0.3146501849508508,0.878191461219257,81.63944853812805,algorithm_native_internal_best_so_far.v1,true
noise001,dso,32,150,150,1.0,0.33752685296110985,0.2908557491196211,0.31419130104036547,0.8745606180484132,81.82121770271284,0.33752685296110985,0.2908557491196211,0.31419130104036547,0.8745606180484132,81.82121770271284,algorithm_native_internal_best_so_far.v1,true
noise001,dso,33,150,150,1.0,0.33769951128328607,0.2894073369605923,0.31355342412193915,0.871070512540949,81.98139447699715,0.33769951128328607,0.2894073369605923,0.31355342412193915,0.871070512540949,81.98139447699715,algorithm_native_internal_best_so_far.v1,true
noise001,dso,34,150,150,1.0,0.3377993784452117,0.29046344212780145,0.31413141028650654,0.8748792181211406,82.14335116332413,0.3377993784452117,0.29046344212780145,0.31413141028650654,0.8748792181211406,82.14335116332413,algorithm_native_internal_best_so_far.v1,true
noise001,dso,35,150,150,1.0,0.33718351842486904,0.2902826757486426,0.3137330970867558,0.8737777736262236,82.29290619758977,0.33718351842486904,0.2902826757486426,0.3137330970867558,0.8737777736262236,82.29290619758977,algorithm_native_internal_best_so_far.v1,true
noise001,dso,36,150,150,1.0,0.3375009709475874,0.29072269526614003,0.31411183310686364,0.8750695100660397,82.43774077561795,0.3375009709475874,0.29072269526614003,0.31411183310686364,0.8750695100660397,82.43774077561795,algorithm_native_internal_best_so_far.v1,true
noise001,dso,37,150,150,1.0,0.3376231859430817,0.29161267299886223,0.31461792947097195,0.8776325427679882,82.58167357294717,0.3376231859430817,0.29161267299886223,0.31461792947097195,0.8776325427679882,82.58167357294717,algorithm_native_internal_best_so_far.v1,true
noise001,dso,38,150,150,1.0,0.3406374946794282,0.2945181415065916,0.3175778180930098,0.8760197924794665,82.713786880184,0.3406374946794282,0.2945181415065916,0.3175778180930098,0.8760197924794665,82.713786880184,algorithm_native_internal_best_so_far.v1,true
noise001,dso,39,150,150,1.0,0.34128665234003946,0.29507404393759223,0.3181803481388156,0.8781576945512701,82.84460694620819,0.34128665234003946,0.29507404393759223,0.3181803481388156,0.8781576945512701,82.84460694620819,algorithm_native_internal_best_so_far.v1,true
noise001,dso,40,150,150,1.0,0.3499747657009631,0.30109709511231914,0.3255359304066409,0.8827581743474029,82.98038720842149,0.3499747657009631,0.30109709511231914,0.3255359304066409,0.8827581743474029,82.98038720842149,algorithm_native_internal_best_so_far.v1,true
noise001,dso,41,150,150,1.0,0.3503692717369095,0.30167583544153115,0.3260225535892201,0.8845580719683702,83.11393403740723,0.3503692717369095,0.30167583544153115,0.3260225535892201,0.8845580719683702,83.11393403740723,algorithm_native_internal_best_so_far.v1,true
noise001,dso,42,150,150,1.0,0.3509433555109874,0.30273271650165906,0.326838036006323,0.8874689818798355,83.24805223146856,0.3509433555109874,0.30273271650165906,0.326838036006323,0.8874689818798355,83.24805223146856,algorithm_native_internal_best_so_far.v1,true
noise001,dso,43,150,150,1.0,0.3556882430268397,0.309351665082676,0.33251995405475765,0.8961384881431513,83.396094012465,0.3556882430268397,0.309351665082676,0.33251995405475765,0.8961384881431513,83.396094012465,algorithm_native_internal_best_so_far.v1,true
noise001,dso,44,150,150,1.0,0.3556497863934951,0.3092126762616192,0.3324312313275569,0.8954609459914945,83.53586675307146,0.3556497863934951,0.3092126762616192,0.3324312313275569,0.8954609459914945,83.53586675307146,algorithm_native_internal_best_so_far.v1,true
noise001,dso,45,150,150,1.0,0.35572033826895205,0.30925976486103474,0.3324900515649932,0.8958426944573464,83.67027570179731,0.35572033826895205,0.30925976486103474,0.3324900515649932,0.8958426944573464,83.67027570179731,algorithm_native_internal_best_so_far.v1,true
noise001,dso,46,150,150,1.0,0.3561910844695059,0.30773456624111695,0.3319628253553112,0.8947062506693825,83.79637025321341,0.3561910844695059,0.30773456624111695,0.3319628253553112,0.8947062506693825,83.79637025321341,algorithm_native_internal_best_so_far.v1,true
noise001,dso,47,150,150,1.0,0.3562698780770551,0.3077313440621389,0.33200061106959683,0.8948248910949286,83.91735150547467,0.3562698780770551,0.3077313440621389,0.33200061106959683,0.8948248910949286,83.91735150547467,algorithm_native_internal_best_so_far.v1,true
noise001,dso,48,150,150,1.0,0.35613421503177745,0.30785644369582926,0.3319953293638031,0.894830283988101,84.03330310741916,0.35613421503177745,0.30785644369582926,0.3319953293638031,0.894830283988101,84.03330310741916,algorithm_native_internal_best_so_far.v1,true
noise001,dso,49,150,150,1.0,0.3568660302274783,0.3088026234589291,0.33283432684320347,0.8969894038410562,84.14892835796377,0.3568660302274783,0.3088026234589291,0.33283432684320347,0.8969894038410562,84.14892835796377,algorithm_native_internal_best_so_far.v1,true
noise001,dso,50,150,150,1.0,0.35697699559962687,0.3090376123872326,0.3330073039934294,0.8977920072777391,84.26153380535997,0.35697699559962687,0.3090376123872326,0.3330073039934294,0.8977920072777391,84.26153380535997,algorithm_native_internal_best_so_far.v1,true
noise001,dso,51,150,150,1.0,0.3572371444520762,0.3089859914317122,0.33311156794189395,0.8981187428641385,84.37036401087084,0.3572371444520762,0.3089859914317122,0.33311156794189395,0.8981187428641385,84.37036401087084,algorithm_native_internal_best_so_far.v1,true
noise001,dso,52,150,150,1.0,0.35724633145324936,0.31050456640125984,0.3338754489272544,0.9018049389006698,84.48209727777846,0.35724633145324936,0.31050456640125984,0.3338754489272544,0.9018049389006698,84.48209727777846,algorithm_native_internal_best_so_far.v1,true
noise001,dso,53,150,150,1.0,0.3574432421630481,0.31107545543212767,0.33425934879758773,0.9037940773203972,84.59336728634942,0.3574432421630481,0.31107545543212767,0.33425934879758773,0.9037940773203972,84.59336728634942,algorithm_native_internal_best_so_far.v1,true
noise001,dso,54,150,150,1.0,0.3579160642752143,0.313422572405618,0.3356693183404159,0.9065436347594067,84.70560795652703,0.3579160642752143,0.313422572405618,0.3356693183404159,0.9065436347594067,84.70560795652703,algorithm_native_internal_best_so_far.v1,true
noise001,dso,55,150,150,1.0,0.35792681179320646,0.3134225723961179,0.335674692094662,0.9065748205259955,84.81382384918291,0.35792681179320646,0.3134225723961179,0.335674692094662,0.9065748205259955,84.81382384918291,algorithm_native_internal_best_so_far.v1,true
noise001,dso,56,150,150,1.0,0.3584303102195203,0.31512577098384703,0.33677804060168354,0.911110572306072,84.92627444527977,0.3584303102195203,0.31512577098384703,0.33677804060168354,0.911110572306072,84.92627444527977,algorithm_native_internal_best_so_far.v1,true
noise001,dso,57,150,150,1.0,0.3586975174786822,0.31514827732500933,0.33692289740184567,0.9116876229225493,85.03579177592846,0.3586975174786822,0.31514827732500933,0.33692289740184567,0.9116876229225493,85.03579177592846,algorithm_native_internal_best_so_far.v1,true
noise001,dso,58,150,150,1.0,0.3587452397054004,0.3154490780340363,0.3370971588697182,0.9124318592085084,85.14281581290987,0.3587452397054004,0.3154490780340363,0.3370971588697182,0.9124318592085084,85.14281581290987,algorithm_native_internal_best_so_far.v1,true
noise001,dso,59,150,150,1.0,0.35909003884037755,0.3155035712959916,0.3372968050681844,0.9131057944499716,85.24735417955543,0.35909003884037755,0.3155035712959916,0.3372968050681844,0.9131057944499716,85.24735417955543,algorithm_native_internal_best_so_far.v1,true
noise001,dso,60,150,150,1.0,0.3645457183465463,0.32122608039754125,0.34288589937204356,0.9192093728172951,85.35858056459165,0.3645457183465463,0.32122608039754125,0.34288589937204356,0.9192093728172951,85.35858056459165,algorithm_native_internal_best_so_far.v1,true
noise001,dso,61,150,150,1.0,0.36455970395770354,0.3212502110193452,0.3429049574885242,0.9192898664193033,85.46629213963,0.36455970395770354,0.3212502110193452,0.3429049574885242,0.9192898664193033,85.46629213963,algorithm_native_internal_best_so_far.v1,true
noise001,dso,62,150,150,1.0,0.36455970395770354,0.3212502110193452,0.3429049574885242,0.9192898664193033,85.57052914773162,0.36455970395770354,0.3212502110193452,0.3429049574885242,0.9192898664193033,85.57052914773162,algorithm_native_internal_best_so_far.v1,true
noise001,dso,63,150,150,1.0,0.3654697075863012,0.3222584450368301,0.34386407631156546,0.9204084376734633,85.67323255439219,0.3654697075863012,0.3222584450368301,0.34386407631156546,0.9204084376734633,85.67323255439219,algorithm_native_internal_best_so_far.v1,true
noise001,dso,64,150,150,1.0,0.3657546304726008,0.3218656277064517,0.3438101290895261,0.9197507934634123,85.77169891051638,0.3657546304726008,0.3218656277064517,0.3438101290895261,0.9197507934634123,85.77169891051638,algorithm_native_internal_best_so_far.v1,true
noise001,dso,65,150,150,1.0,0.36561765666913804,0.32177086525151033,0.343694260960324,0.9192498471892003,85.86636484603028,0.36561765666913804,0.32177086525151033,0.343694260960324,0.9192498471892003,85.86636484603028,algorithm_native_internal_best_so_far.v1,true
noise001,dso,66,150,150,1.0,0.3656527762929625,0.3217937565161143,0.3437232664045382,0.9192788526334145,85.95820606447438,0.3656527762929625,0.3217937565161143,0.3437232664045382,0.9192788526334145,85.95820606447438,algorithm_native_internal_best_so_far.v1,true
noise001,dso,67,150,150,1.0,0.36565273261157544,0.3227456593212592,0.3441991959664172,0.9226105027909587,86.05227836618516,0.36565273261157544,0.3227456593212592,0.3441991959664172,0.9226105027909587,86.05227836618516,algorithm_native_internal_best_so_far.v1,true
noise001,dso,68,150,150,1.0,0.3661396345085887,0.32374201359938465,0.3449408240539865,0.9255225625767752,86.14786627635416,0.3661396345085887,0.32374201359938465,0.3449408240539865,0.9255225625767752,86.14786627635416,algorithm_native_internal_best_so_far.v1,true
noise001,dso,69,150,150,1.0,0.3661396345085887,0.32374201359938465,0.3449408240539865,0.9255225625767752,86.24068352246029,0.3661396345085887,0.32374201359938465,0.3449408240539865,0.9255225625767752,86.24068352246029,algorithm_native_internal_best_so_far.v1,true
noise001,dso,70,150,150,1.0,0.36613965457983166,0.3237420135886284,0.34494083408422993,0.9255226328186645,86.33084894759466,0.36613965457983166,0.3237420135886284,0.34494083408422993,0.9255226328186645,86.33084894759466,algorithm_native_internal_best_so_far.v1,true
noise001,dso,71,150,150,1.0,0.36613965457983166,0.3237420135886284,0.34494083408422993,0.9255226328186645,86.41847450159848,0.36613965457983166,0.3237420135886284,0.34494083408422993,0.9255226328186645,86.41847450159848,algorithm_native_internal_best_so_far.v1,true
noise001,dso,72,150,150,1.0,0.36623991624995506,0.3237065943185224,0.3449732552842386,0.9255504789662037,86.50370468764045,0.36623991624995506,0.3237065943185224,0.3449732552842386,0.9255504789662037,86.50370468764045,algorithm_native_internal_best_so_far.v1,true
noise001,dso,73,150,150,1.0,0.3667247802221489,0.32047665934459874,0.3436007197833737,0.9210781766272395,86.58047335853202,0.3667247802221489,0.32047665934459874,0.3436007197833737,0.9210781766272395,86.58047335853202,algorithm_native_internal_best_so_far.v1,true
noise001,dso,74,150,150,1.0,0.3671232043859968,0.3209949200771826,0.34405906223158966,0.9231290656065135,86.65793867207417,0.3671232043859968,0.3209949200771826,0.34405906223158966,0.9231290656065135,86.65793867207417,algorithm_native_internal_best_so_far.v1,true
noise001,dso,75,150,150,1.0,0.36711689655502655,0.3213480565978984,0.34423247657646244,0.9238376581861242,86.73428303402801,0.36711689655502655,0.3213480565978984,0.34423247657646244,0.9238376581861242,86.73428303402801,algorithm_native_internal_best_so_far.v1,true
noise001,dso,76,150,150,1.0,0.36711908223877765,0.32134805659783555,0.3442335694183065,0.9238423446639854,86.80862450024341,0.36711908223877765,0.32134805659783555,0.3442335694183065,0.9238423446639854,86.80862450024341,algorithm_native_internal_best_so_far.v1,true
noise001,dso,77,150,150,1.0,0.36727780527522996,0.3213688163777112,0.34432331082647055,0.9242468513038001,86.88156035258285,0.36727780527522996,0.3213688163777112,0.34432331082647055,0.9242468513038001,86.88156035258285,algorithm_native_internal_best_so_far.v1,true
noise001,dso,78,150,150,1.0,0.36772699889114585,0.32214077919274553,0.34493388904194566,0.9266705310302865,86.95573333656293,0.36772699889114585,0.32214077919274553,0.34493388904194566,0.9266705310302865,86.95573333656293,algorithm_native_internal_best_so_far.v1,true
noise001,dso,79,150,150,1.0,0.3678655668420659,0.3221708993386406,0.3450182330903532,0.9268533203422706,87.02825990235614,0.3678655668420659,0.3221708993386406,0.3450182330903532,0.9268533203422706,87.02825990235614,algorithm_native_internal_best_so_far.v1,true
noise001,dso,80,150,150,1.0,0.3679321192345481,0.3221708971270713,0.34505150818080965,0.9270007091851425,87.09915754005812,0.3679321192345481,0.3221708971270713,0.34505150818080965,0.9270007091851425,87.09915754005812,algorithm_native_internal_best_so_far.v1,true
noise001,dso,81,150,150,1.0,0.3683818755149325,0.3221708971270713,0.3452763863210018,0.9278685150528226,87.16937598407323,0.3683818755149325,0.3221708971270713,0.3452763863210018,0.9278685150528226,87.16937598407323,algorithm_native_internal_best_so_far.v1,true
noise001,dso,82,150,150,1.0,0.3732787345034349,0.3271996279746634,0.3502391812390491,0.9328104860761223,87.24390857704321,0.3732787345034349,0.3271996279746634,0.3502391812390491,0.9328104860761223,87.24390857704321,algorithm_native_internal_best_so_far.v1,true
noise001,dso,83,150,150,1.0,0.37358284715751094,0.3271997658720181,0.3503913065147645,0.9334083317439219,87.31736549990283,0.37358284715751094,0.3271997658720181,0.3503913065147645,0.9334083317439219,87.31736549990283,algorithm_native_internal_best_so_far.v1,true
noise001,dso,84,150,150,1.0,0.37317928041362985,0.3269956193546001,0.350087449884115,0.9323250134116625,87.38778378372739,0.37317928041362985,0.3269956193546001,0.350087449884115,0.9323250134116625,87.38778378372739,algorithm_native_internal_best_so_far.v1,true
noise001,dso,85,150,150,1.0,0.37322253589717164,0.3270663222305693,0.3501444290638705,0.9325413380942225,87.45679966638262,0.37322253589717164,0.3270663222305693,0.3501444290638705,0.9325413380942225,87.45679966638262,algorithm_native_internal_best_so_far.v1,true
noise001,dso,86,150,150,1.0,0.3732324271658465,0.3270999013377951,0.35016616425182084,0.9326277619599551,87.52431102137811,0.3732324271658465,0.3270999013377951,0.35016616425182084,0.9326277619599551,87.52431102137811,algorithm_native_internal_best_so_far.v1,true
noise001,dso,87,150,150,1.0,0.3732324271658465,0.3270999013377951,0.35016616425182084,0.9326277619599551,87.5902703912013,0.3732324271658465,0.3270999013377951,0.35016616425182084,0.9326277619599551,87.5902703912013,algorithm_native_internal_best_so_far.v1,true
noise001,dso,88,150,150,1.0,0.373225877295245,0.3266159733665372,0.34992092533089114,0.9315869175195972,87.65354790666446,0.373225877295245,0.3266159733665372,0.34992092533089114,0.9315869175195972,87.65354790666446,algorithm_native_internal_best_so_far.v1,true
noise001,dso,89,150,150,1.0,0.37322587729530565,0.3266159733665372,0.34992092533092145,0.9315869175198048,87.71540345548824,0.37322587729530565,0.3266159733665372,0.34992092533092145,0.9315869175198048,87.71540345548824,algorithm_native_internal_best_so_far.v1,true
noise001,dso,90,150,150,1.0,0.37339806517882534,0.3269565128731414,0.3501772890259834,0.9324558663013708,87.77684993520656,0.37339806517882534,0.3269565128731414,0.3501772890259834,0.9324558663013708,87.77684993520656,algorithm_native_internal_best_so_far.v1,true
noise001,dso,91,150,150,1.0,0.37372364640528755,0.3271996129454419,0.3504616296753647,0.9334725940361152,87.83806322606816,0.37372364640528755,0.3271996129454419,0.3504616296753647,0.9334725940361152,87.83806322606816,algorithm_native_internal_best_so_far.v1,true
noise001,dso,92,150,150,1.0,0.37373699278752603,0.32719126355538397,0.350464128171455,0.93348515984773,87.89795945170626,0.37373699278752603,0.32719126355538397,0.350464128171455,0.93348515984773,87.89795945170626,algorithm_native_internal_best_so_far.v1,true
noise001,dso,93,150,150,1.0,0.37373699278752603,0.32719126355538397,0.350464128171455,0.93348515984773,87.95656758647041,0.37373699278752603,0.32719126355538397,0.350464128171455,0.93348515984773,87.95656758647041,algorithm_native_internal_best_so_far.v1,true
noise001,dso,94,150,150,1.0,0.37373316697789016,0.327516289409254,0.350624728193572,0.9344661918080609,88.01497239066548,0.37373316697789016,0.327516289409254,0.350624728193572,0.9344661918080609,88.01497239066548,algorithm_native_internal_best_so_far.v1,true
noise001,dso,95,150,150,1.0,0.3753162596392304,0.3298334527662162,0.3525748562027232,0.93869130153266,88.07659510395601,0.3753162596392304,0.3298334527662162,0.3525748562027232,0.93869130153266,88.07659510395601,algorithm_native_internal_best_so_far.v1,true
noise001,dso,96,150,150,1.0,0.3753162596392304,0.3298334527662162,0.3525748562027232,0.93869130153266,88.13693401071964,0.3753162596392304,0.3298334527662162,0.3525748562027232,0.93869130153266,88.13693401071964,algorithm_native_internal_best_so_far.v1,true
noise001,dso,97,150,150,1.0,0.3753157820125493,0.3298309966175021,0.3525733893150256,0.9386810333123575,88.19601823051879,0.3753157820125493,0.3298309966175021,0.3525733893150256,0.9386810333123575,88.19601823051879,algorithm_native_internal_best_so_far.v1,true
noise001,dso,98,150,150,1.0,0.3753157820125493,0.3298309966175021,0.3525733893150256,0.9386810333123575,88.25389664991387,0.3753157820125493,0.3298309966175021,0.3525733893150256,0.9386810333123575,88.25389664991387,algorithm_native_internal_best_so_far.v1,true
noise001,dso,99,150,150,1.0,0.3753157820125493,0.3298309966175021,0.3525733893150256,0.9386810333123575,88.31060580831105,0.3753157820125493,0.3298309966175021,0.3525733893150256,0.9386810333123575,88.31060580831105,algorithm_native_internal_best_so_far.v1,true
noise001,dso,100,150,150,1.0,0.3753378222886862,0.3298309966175656,0.35258440945312575,0.9387298459641219,88.36622959619208,0.3753378222886862,0.3298309966175656,0.35258440945312575,0.9387298459641219,88.36622959619208,algorithm_native_internal_best_so_far.v1,true
noise001,dso,101,150,150,1.0,0.37554265396090647,0.3302015523414117,0.352872103151159,0.9399474580318877,88.42195747942965,0.37554265396090647,0.3302015523414117,0.352872103151159,0.9399474580318877,88.42195747942965,algorithm_native_internal_best_so_far.v1,true
noise001,dso,102,150,150,1.0,0.37554265396090647,0.3302015523414117,0.352872103151159,0.9399474580318877,88.47659265907434,0.37554265396090647,0.3302015523414117,0.352872103151159,0.9399474580318877,88.47659265907434,algorithm_native_internal_best_so_far.v1,true
noise001,dso,103,150,150,1.0,0.37554265396090647,0.3302015523414117,0.352872103151159,0.9399474580318877,88.5301669614444,0.37554265396090647,0.3302015523414117,0.352872103151159,0.9399474580318877,88.5301669614444,algorithm_native_internal_best_so_far.v1,true
noise001,dso,104,150,150,1.0,0.37569754212077894,0.33019676499446887,0.3529471535576238,0.9402828281756812,88.58303346006096,0.37569754212077894,0.33019676499446887,0.3529471535576238,0.9402828281756812,88.58303346006096,algorithm_native_internal_best_so_far.v1,true
noise001,dso,105,150,150,1.0,0.37569297760695325,0.3301401515987642,0.35291656460285864,0.9401900677013926,88.63480463444266,0.37569297760695325,0.3301401515987642,0.35291656460285864,0.9401900677013926,88.63480463444266,algorithm_native_internal_best_so_far.v1,true
noise001,dso,106,150,150,1.0,0.37569297760695325,0.3301401515987642,0.35291656460285864,0.9401900677013926,88.6855989942134,0.37569297760695325,0.3301401515987642,0.35291656460285864,0.9401900677013926,88.6855989942134,algorithm_native_internal_best_so_far.v1,true
noise001,dso,107,150,150,1.0,0.3761427753977572,0.33127566385190876,0.35370921962483287,0.9447834957871412,88.73973685014329,0.3761427753977572,0.33127566385190876,0.35370921962483287,0.9447834957871412,88.73973685014329,algorithm_native_internal_best_so_far.v1,true
noise001,dso,108,150,150,1.0,0.37615042751434963,0.33127566385270957,0.3537130456835295,0.9448100272065858,88.79289671931473,0.37615042751434963,0.33127566385270957,0.3537130456835295,0.9448100272065858,88.79289671931473,algorithm_native_internal_best_so_far.v1,true
noise001,dso,109,150,150,1.0,0.37615155719969073,0.3312731790770241,0.3537123681383572,0.9448070899236529,88.84507848328766,0.37615155719969073,0.3312731790770241,0.3537123681383572,0.9448070899236529,88.84507848328766,algorithm_native_internal_best_so_far.v1,true
noise001,dso,110,150,150,1.0,0.37675646536716495,0.3315629564707755,0.3541597109189701,0.9461180044772347,88.8975032284189,0.37675646536716495,0.3315629564707755,0.3541597109189701,0.9461180044772347,88.8975032284189,algorithm_native_internal_best_so_far.v1,true
noise001,dso,111,150,150,1.0,0.3766318075826388,0.331601491413632,0.3541166494981352,0.9459104425644076,88.94879639083351,0.3766318075826388,0.331601491413632,0.3541166494981352,0.9459104425644076,88.94879639083351,algorithm_native_internal_best_so_far.v1,true
noise001,dso,112,150,150,1.0,0.376654679357487,0.3315598940344868,0.3541072866959866,0.945874896155854,88.99914186605452,0.376654679357487,0.3315598940344868,0.3541072866959866,0.945874896155854,88.99914186605452,algorithm_native_internal_best_so_far.v1,true
noise001,dso,113,150,150,1.0,0.37633824591185844,0.33143209829994363,0.35388517210590076,0.9452108704030563,89.04800863750808,0.37633824591185844,0.33143209829994363,0.35388517210590076,0.9452108704030563,89.04800863750808,algorithm_native_internal_best_so_far.v1,true
noise001,dso,114,150,150,1.0,0.37633824591185844,0.33143209829994363,0.35388517210590076,0.9452108704030563,89.09601809718174,0.37633824591185844,0.33143209829994363,0.35388517210590076,0.9452108704030563,89.09601809718174,algorithm_native_internal_best_so_far.v1,true
noise001,dso,115,150,150,1.0,0.37633824591185844,0.33143209829994363,0.35388517210590076,0.9452108704030563,89.14319260973065,0.37633824591185844,0.33143209829994363,0.35388517210590076,0.9452108704030563,89.14319260973065,algorithm_native_internal_best_so_far.v1,true
noise001,dso,116,150,150,1.0,0.376356554757821,0.331332471993894,0.3538445133758572,0.9449914146446142,89.18936458261625,0.376356554757821,0.331332471993894,0.3538445133758572,0.9449914146446142,89.18936458261625,algorithm_native_internal_best_so_far.v1,true
noise001,dso,117,150,150,1.0,0.37639378027701054,0.331287591701263,0.35384068598913654,0.944967797285275,89.23472710523089,0.37639378027701054,0.331287591701263,0.35384068598913654,0.944967797285275,89.23472710523089,algorithm_native_internal_best_so_far.v1,true
noise001,dso,118,150,150,1.0,0.37639378027701054,0.331287591701263,0.35384068598913654,0.944967797285275,89.27932077153,0.37639378027701054,0.331287591701263,0.35384068598913654,0.944967797285275,89.27932077153,algorithm_native_internal_best_so_far.v1,true
noise001,dso,119,150,150,1.0,0.37639378027701054,0.331287591701263,0.35384068598913654,0.944967797285275,89.32316496444595,0.37639378027701054,0.331287591701263,0.35384068598913654,0.944967797285275,89.32316496444595,algorithm_native_internal_best_so_far.v1,true
noise001,dso,120,150,150,1.0,0.37639378027701054,0.331287591701263,0.35384068598913654,0.944967797285275,89.36627842081329,0.37639378027701054,0.331287591701263,0.35384068598913654,0.944967797285275,89.36627842081329,algorithm_native_internal_best_so_far.v1,true
noise001,dso,121,150,150,1.0,0.37634058637927975,0.33125499266322056,0.35379778952124996,0.944794662799223,89.40853617171501,0.37634058637927975,0.33125499266322056,0.35379778952124996,0.944794662799223,89.40853617171501,algorithm_native_internal_best_so_far.v1,true
noise001,dso,122,150,150,1.0,0.3763628065152898,0.33188710243656366,0.3541249544759265,0.9461112369429256,89.45118033173614,0.3763628065152898,0.33188710243656366,0.3541249544759265,0.9461112369429256,89.45118033173614,algorithm_native_internal_best_so_far.v1,true
noise001,dso,123,150,150,1.0,0.3763628115044262,0.33188710246215963,0.35412495698329266,0.9461112474919925,89.49313109935781,0.3763628115044262,0.33188710246215963,0.35412495698329266,0.9461112474919925,89.49313109935781,algorithm_native_internal_best_so_far.v1,true
noise001,dso,124,150,150,1.0,0.3763628115044262,0.33188710246215963,0.35412495698329266,0.9461112474919925,89.53440524169524,0.3763628115044262,0.33188710246215963,0.35412495698329266,0.9461112474919925,89.53440524169524,algorithm_native_internal_best_so_far.v1,true
noise001,dso,125,150,150,1.0,0.37611142288756727,0.33168117386118084,0.3538962983743738,0.9455113393371272,89.57453907123138,0.37611142288756727,0.33168117386118084,0.3538962983743738,0.9455113393371272,89.57453907123138,algorithm_native_internal_best_so_far.v1,true
noise001,dso,126,150,150,1.0,0.37606311252895336,0.3316330710503056,0.3538480917896292,0.9452784799932573,89.61385104685118,0.37606311252895336,0.3316330710503056,0.3538480917896292,0.9452784799932573,89.61385104685118,algorithm_native_internal_best_so_far.v1,true
noise001,dso,127,150,150,1.0,0.37606311252895336,0.3316330710503056,0.3538480917896292,0.9452784799932573,89.65254393624075,0.37606311252895336,0.3316330710503056,0.3538480917896292,0.9452784799932573,89.65254393624075,algorithm_native_internal_best_so_far.v1,true
noise001,dso,128,150,150,1.0,0.3761205886585484,0.3315002453277553,0.3538104169931516,0.9451245360894698,89.69051198055877,0.3761205886585484,0.3315002453277553,0.3538104169931516,0.9451245360894698,89.69051198055877,algorithm_native_internal_best_so_far.v1,true
noise001,dso,129,150,150,1.0,0.3761343023637968,0.3315002453277553,0.3538172738457758,0.9451644707830877,89.72792233015372,0.3761343023637968,0.3315002453277553,0.3538172738457758,0.9451644707830877,89.72792233015372,algorithm_native_internal_best_so_far.v1,true
noise001,dso,130,150,150,1.0,0.37625579017345906,0.3318268653206515,0.354041327747055,0.9461425970786659,89.76550954075151,0.37625579017345906,0.3318268653206515,0.354041327747055,0.9461425970786659,89.76550954075151,algorithm_native_internal_best_so_far.v1,true
noise001,dso,131,150,150,1.0,0.37625579017345906,0.3318268653206515,0.354041327747055,0.9461425970786659,89.80252290080581,0.37625579017345906,0.3318268653206515,0.354041327747055,0.9461425970786659,89.80252290080581,algorithm_native_internal_best_so_far.v1,true
noise001,dso,132,150,150,1.0,0.37619680713377707,0.33160449220151017,0.3539006496676434,0.9455918251855909,89.83855820094031,0.37619680713377707,0.33160449220151017,0.3539006496676434,0.9455918251855909,89.83855820094031,algorithm_native_internal_best_so_far.v1,true
noise001,dso,133,150,150,1.0,0.37628884227910925,0.33255687319934285,0.3544228577392258,0.9478601879929788,89.87575715280767,0.37628884227910925,0.33255687319934285,0.3544228577392258,0.9478601879929788,89.87575715280767,algorithm_native_internal_best_so_far.v1,true
noise001,dso,134,150,150,1.0,0.37612088759382817,0.33225345689048863,0.3541871722421582,0.9469868690240385,89.91174916586435,0.37612088759382817,0.33225345689048863,0.3541871722421582,0.9469868690240385,89.91174916586435,algorithm_native_internal_best_so_far.v1,true
noise001,dso,135,150,150,1.0,0.37612088759382817,0.33225345689048863,0.3541871722421582,0.9469868690240385,89.94720796391279,0.37612088759382817,0.33225345689048863,0.3541871722421582,0.9469868690240385,89.94720796391279,algorithm_native_internal_best_so_far.v1,true
noise001,dso,136,150,150,1.0,0.3761228562281394,0.33238504156893683,0.3542539488985379,0.947267813797118,89.98235188608778,0.3761228562281394,0.33238504156893683,0.3542539488985379,0.947267813797118,89.98235188608778,algorithm_native_internal_best_so_far.v1,true
noise001,dso,137,150,150,1.0,0.3758431007693869,0.3322366628326319,0.3540398818010092,0.9466652570252466,90.01654293584279,0.3758431007693869,0.3322366628326319,0.3540398818010092,0.9466652570252466,90.01654293584279,algorithm_native_internal_best_so_far.v1,true
noise001,dso,138,150,150,1.0,0.3758431007693869,0.3322366628326319,0.3540398818010092,0.9466652570252466,90.05023846313759,0.3758431007693869,0.3322366628326319,0.3540398818010092,0.9466652570252466,90.05023846313759,algorithm_native_internal_best_so_far.v1,true
noise001,dso,139,150,150,1.0,0.3758431007693869,0.3322366628326319,0.3540398818010092,0.9466652570252466,90.08344916270153,0.3758431007693869,0.3322366628326319,0.3540398818010092,0.9466652570252466,90.08344916270153,algorithm_native_internal_best_so_far.v1,true
noise001,dso,140,150,150,1.0,0.3758431007693869,0.3322366628326319,0.3540398818010092,0.9466652570252466,90.11618542370026,0.3758431007693869,0.3322366628326319,0.3540398818010092,0.9466652570252466,90.11618542370026,algorithm_native_internal_best_so_far.v1,true
noise001,dso,141,150,150,1.0,0.3759367520587857,0.3330637505114671,0.3545002512851262,0.9486798216833764,90.14988610983244,0.3759367520587857,0.3330637505114671,0.3545002512851262,0.9486798216833764,90.14988610983244,algorithm_native_internal_best_so_far.v1,true
noise001,dso,142,150,150,1.0,0.3758778568572613,0.333065049579566,0.35447145321841345,0.9485704318112324,90.18303510329223,0.3758778568572613,0.333065049579566,0.35447145321841345,0.9485704318112324,90.18303510329223,algorithm_native_internal_best_so_far.v1,true
noise001,dso,143,150,150,1.0,0.3759511184222098,0.333057923093852,0.3545045207580307,0.9487073821504265,90.21581624393384,0.3759511184222098,0.333057923093852,0.3545045207580307,0.9487073821504265,90.21581624393384,algorithm_native_internal_best_so_far.v1,true
noise001,dso,144,150,150,1.0,0.37618777864398845,0.33343813741876466,0.3548129580313764,0.9504343831859592,90.2493413972301,0.37618777864398845,0.33343813741876466,0.3548129580313764,0.9504343831859592,90.2493413972301,algorithm_native_internal_best_so_far.v1,true
noise001,dso,145,150,150,1.0,0.37618778344741793,0.3334381324725707,0.3548129579599941,0.9504343827407028,90.28240413431175,0.37618778344741793,0.3334381324725707,0.3548129579599941,0.9504343827407028,90.28240413431175,algorithm_native_internal_best_so_far.v1,true
noise001,dso,146,150,150,1.0,0.37618778344741793,0.3334381324725707,0.3548129579599941,0.9504343827407028,90.31501395718679,0.37618778344741793,0.3334381324725707,0.3548129579599941,0.9504343827407028,90.31501395718679,algorithm_native_internal_best_so_far.v1,true
noise001,dso,147,150,150,1.0,0.37586369632853706,0.3330380813994188,0.3544508888639778,0.9492476366598739,90.34637279874326,0.37586369632853706,0.3330380813994188,0.3544508888639778,0.9492476366598739,90.34637279874326,algorithm_native_internal_best_so_far.v1,true
noise001,dso,148,150,150,1.0,0.37602622366896415,0.3328746211668453,0.3544504224179046,0.9491485432348304,90.37724091715367,0.37602622366896415,0.3328746211668453,0.3544504224179046,0.9491485432348304,90.37724091715367,algorithm_native_internal_best_so_far.v1,true
noise001,dso,149,150,150,1.0,0.3760698880373425,0.33279044589569307,0.3544301669665177,0.9490605577012561,90.4076356477105,0.3760698880373425,0.33279044589569307,0.3544301669665177,0.9490605577012561,90.4076356477105,algorithm_native_internal_best_so_far.v1,true
noise001,dso,150,150,150,1.0,0.376187086838252,0.3324193648515429,0.3543032258448973,0.9485217934619156,90.43726593903371,0.376187086838252,0.3324193648515429,0.3543032258448973,0.9485217934619156,90.43726593903371,algorithm_native_internal_best_so_far.v1,true
noise001,dso,151,150,150,1.0,0.376187086838252,0.3324193648515429,0.3543032258448973,0.9485217934619156,90.4665037761672,0.376187086838252,0.3324193648515429,0.3543032258448973,0.9485217934619156,90.4665037761672,algorithm_native_internal_best_so_far.v1,true
noise001,dso,152,150,150,1.0,0.3762568118985903,0.33264656957367666,0.3544516907361333,0.9494874320516442,90.49599219346324,0.3762568118985903,0.33264656957367666,0.3544516907361333,0.9494874320516442,90.49599219346324,algorithm_native_internal_best_so_far.v1,true
noise001,dso,153,150,150,1.0,0.3762568118985903,0.33264656957367666,0.3544516907361333,0.9494874320516442,90.52509514125214,0.3762568118985903,0.33264656957367666,0.3544516907361333,0.9494874320516442,90.52509514125214,algorithm_native_internal_best_so_far.v1,true
noise001,dso,154,150,150,1.0,0.3764005383977261,0.3326280312336266,0.3545142848156762,0.9497911128484278,90.55401732400273,0.3764005383977261,0.3326280312336266,0.3545142848156762,0.9497911128484278,90.55401732400273,algorithm_native_internal_best_so_far.v1,true
noise001,dso,155,150,150,1.0,0.37632198505278047,0.3330243590963001,0.3546731720745402,0.9505589035647152,90.5830616661477,0.37632198505278047,0.3330243590963001,0.3546731720745402,0.9505589035647152,90.5830616661477,algorithm_native_internal_best_so_far.v1,true
noise001,dso,156,150,150,1.0,0.37632198505278047,0.3330243590963001,0.3546731720745402,0.9505589035647152,90.61173364493182,0.37632198505278047,0.3330243590963001,0.3546731720745402,0.9505589035647152,90.61173364493182,algorithm_native_internal_best_so_far.v1,true
noise001,dso,157,150,150,1.0,0.37632198505278047,0.3330243590963001,0.3546731720745402,0.9505589035647152,90.64004037557856,0.37632198505278047,0.3330243590963001,0.3546731720745402,0.9505589035647152,90.64004037557856,algorithm_native_internal_best_so_far.v1,true
noise001,dso,158,150,150,1.0,0.37632198505278047,0.3330243590963001,0.3546731720745402,0.9505589035647152,90.66798879317915,0.37632198505278047,0.3330243590963001,0.3546731720745402,0.9505589035647152,90.66798879317915,algorithm_native_internal_best_so_far.v1,true
noise001,dso,159,150,150,1.0,0.3764367699222206,0.3330024630440603,0.3547196164831403,0.950754305888557,90.69570855290038,0.3764367699222206,0.3330024630440603,0.3547196164831403,0.950754305888557,90.69570855290038,algorithm_native_internal_best_so_far.v1,true
noise001,dso,160,150,150,1.0,0.3764367699222206,0.3330024630440603,0.3547196164831403,0.950754305888557,90.72308181562511,0.3764367699222206,0.3330024630440603,0.3547196164831403,0.950754305888557,90.72308181562511,algorithm_native_internal_best_so_far.v1,true
noise001,dso,161,150,150,1.0,0.3764367699222206,0.3330024630440603,0.3547196164831403,0.950754305888557,90.75011503781909,0.3764367699222206,0.3330024630440603,0.3547196164831403,0.950754305888557,90.75011503781909,algorithm_native_internal_best_so_far.v1,true
noise001,dso,162,150,150,1.0,0.3764896916078264,0.33280293187133625,0.3546463117395812,0.9504586732782614,90.77663202726357,0.3764896916078264,0.33280293187133625,0.3546463117395812,0.9504586732782614,90.77663202726357,algorithm_native_internal_best_so_far.v1,true
noise001,dso,163,150,150,1.0,0.3764896916078264,0.33280293187133625,0.3546463117395812,0.9504586732782614,90.80282365487439,0.3764896916078264,0.33280293187133625,0.3546463117395812,0.9504586732782614,90.80282365487439,algorithm_native_internal_best_so_far.v1,true
noise001,dso,164,150,150,1.0,0.37653075023740185,0.33273284759530053,0.35463179891635105,0.9503866781862254,90.82865197294602,0.37653075023740185,0.33273284759530053,0.35463179891635105,0.9503866781862254,90.82865197294602,algorithm_native_internal_best_so_far.v1,true
noise001,dso,165,150,150,1.0,0.37653075023740185,0.33273284759530053,0.35463179891635105,0.9503866781862254,90.85416722049555,0.37653075023740185,0.33273284759530053,0.35463179891635105,0.9503866781862254,90.85416722049555,algorithm_native_internal_best_so_far.v1,true
noise001,dso,166,150,150,1.0,0.37653075023740185,0.33273284759530053,0.35463179891635105,0.9503866781862254,90.87937505542403,0.37653075023740185,0.33273284759530053,0.35463179891635105,0.9503866781862254,90.87937505542403,algorithm_native_internal_best_so_far.v1,true
noise001,dso,167,150,150,1.0,0.37653075023740185,0.33273284759530053,0.35463179891635105,0.9503866781862254,90.90428100011384,0.37653075023740185,0.33273284759530053,0.35463179891635105,0.9503866781862254,90.90428100011384,algorithm_native_internal_best_so_far.v1,true
noise001,dso,168,150,150,1.0,0.37600603544795635,0.33277273748382,0.354389386465888,0.9498153439481721,90.9285503655585,0.37600603544795635,0.33277273748382,0.354389386465888,0.9498153439481721,90.9285503655585,algorithm_native_internal_best_so_far.v1,true
noise001,dso,169,150,150,1.0,0.37601404904993163,0.33276275796744526,0.3543884035086883,0.9498092126218023,90.95252889157402,0.37601404904993163,0.33276275796744526,0.3543884035086883,0.9498092126218023,90.95252889157402,algorithm_native_internal_best_so_far.v1,true
noise001,dso,170,150,150,1.0,0.38053931065260843,0.3372591226258251,0.3588992166392166,0.9543200257523307,90.978878736772,0.38053931065260843,0.3372591226258251,0.3588992166392166,0.9543200257523307,90.978878736772,algorithm_native_internal_best_so_far.v1,true
noise001,dso,171,150,150,1.0,0.38057045336810175,0.3375122565085412,0.35904135493832134,0.954938041281117,91.00528180923598,0.38057045336810175,0.3375122565085412,0.35904135493832134,0.954938041281117,91.00528180923598,algorithm_native_internal_best_so_far.v1,true
noise001,dso,172,150,150,1.0,0.38057045336810175,0.3375122565085412,0.35904135493832134,0.954938041281117,91.03137786922944,0.38057045336810175,0.3375122565085412,0.35904135493832134,0.954938041281117,91.03137786922944,algorithm_native_internal_best_so_far.v1,true
noise001,dso,173,150,150,1.0,0.3805419916597112,0.3372815292796053,0.3589117604696581,0.9545603815691108,91.0569539402565,0.3805419916597112,0.3372815292796053,0.3589117604696581,0.9545603815691108,91.0569539402565,algorithm_native_internal_best_so_far.v1,true
noise001,dso,174,150,150,1.0,0.3805419916597112,0.3372815292796053,0.3589117604696581,0.9545603815691108,91.08223603345566,0.3805419916597112,0.3372815292796053,0.3589117604696581,0.9545603815691108,91.08223603345566,algorithm_native_internal_best_so_far.v1,true
noise001,dso,175,150,150,1.0,0.3805419916597112,0.3372815292796053,0.3589117604696581,0.9545603815691108,91.10722918844684,0.3805419916597112,0.3372815292796053,0.3589117604696581,0.9545603815691108,91.10722918844684,algorithm_native_internal_best_so_far.v1,true
noise001,dso,176,150,150,1.0,0.3805691276656135,0.3372732825020083,0.3589212050838108,0.9545891981450028,91.13195470336761,0.3805691276656135,0.3372732825020083,0.3589212050838108,0.9545891981450028,91.13195470336761,algorithm_native_internal_best_so_far.v1,true
noise001,dso,177,150,150,1.0,0.3805691276656135,0.3372732825020083,0.3589212050838108,0.9545891981450028,91.15640083393899,0.3805691276656135,0.3372732825020083,0.3589212050838108,0.9545891981450028,91.15640083393899,algorithm_native_internal_best_so_far.v1,true
noise001,dso,178,150,150,1.0,0.3805691276656135,0.3372732825020083,0.3589212050838108,0.9545891981450028,91.18057228888597,0.3805691276656135,0.3372732825020083,0.3589212050838108,0.9545891981450028,91.18057228888597,algorithm_native_internal_best_so_far.v1,true
noise001,dso,179,150,150,1.0,0.3805691276656135,0.3372732825020083,0.3589212050838108,0.9545891981450028,91.20447367171063,0.3805691276656135,0.3372732825020083,0.3589212050838108,0.9545891981450028,91.20447367171063,algorithm_native_internal_best_so_far.v1,true
noise001,dso,180,150,150,1.0,0.3805691276656135,0.3372732825020083,0.3589212050838108,0.9545891981450028,91.22810948361504,0.3805691276656135,0.3372732825020083,0.3589212050838108,0.9545891981450028,91.22810948361504,algorithm_native_internal_best_so_far.v1,true
noise001,e2esr,1,150,150,1.0,0.03116825293048434,0.032516550191803696,0.03184240156114402,0.21688343532646054,21.688343532646055,0.03116825293048434,0.032516550191803696,0.03184240156114402,0.21688343532646054,21.688343532646055,algorithm_native_internal_best_so_far.v1,true
noise001,e2esr,2,150,150,1.0,0.058197985905619566,0.05741442294702517,0.05780620442632236,0.411877821200289,31.438062826337475,0.058197985905619566,0.05741442294702517,0.05780620442632236,0.411877821200289,31.438062826337475,algorithm_native_internal_best_so_far.v1,true
noise001,e2esr,3,150,150,1.0,0.07432509658385236,0.07129243603889027,0.0728087663113713,0.5178513810028763,38.22042125098752,0.07432509658385236,0.07129243603889027,0.0728087663113713,0.5178513810028763,38.22042125098752,algorithm_native_internal_best_so_far.v1,true
noise001,e2esr,4,150,150,1.0,0.07885518263292739,0.07542520608803888,0.07714019436048314,0.5556786819809612,42.55728298776467,0.07885518263292739,0.07542520608803888,0.07714019436048314,0.5556786819809612,42.55728298776467,algorithm_native_internal_best_so_far.v1,true
noise001,e2esr,5,150,150,1.0,0.08014225217932291,0.07601033206255321,0.07807629212093804,0.5632639855394058,45.31110610099985,0.08014225217932291,0.07601033206255321,0.07807629212093804,0.5632639855394058,45.31110610099985,algorithm_native_internal_best_so_far.v1,true
noise001,e2esr,6,150,150,1.0,0.0803927750259093,0.07649258435863625,0.07844267969227275,0.5685281975496693,47.2347250433277,0.0803927750259093,0.07649258435863625,0.07844267969227275,0.5685281975496693,47.2347250433277,algorithm_native_internal_best_so_far.v1,true
noise001,e2esr,7,150,150,1.0,0.08035667618576625,0.07649017208793493,0.0784234241368506,0.5681166054414122,48.60285868630107,0.08035667618576625,0.07649017208793493,0.0784234241368506,0.5681166054414122,48.60285868630107,algorithm_native_internal_best_so_far.v1,true
noise001,e2esr,8,150,150,1.0,0.07952236841234936,0.07601395426937253,0.07776816134086094,0.5658156280956073,49.60019670170852,0.07952236841234936,0.07601395426937253,0.07776816134086094,0.5658156280956073,49.60019670170852,algorithm_native_internal_best_so_far.v1,true
noise001,e2esr,9,150,150,1.0,0.07939488158507008,0.07616278218524707,0.07777883188515856,0.5684320349927503,50.40497523477147,0.07939488158507008,0.07616278218524707,0.07777883188515856,0.5684320349927503,50.40497523477147,algorithm_native_internal_best_so_far.v1,true
noise001,e2esr,10,150,150,1.0,0.0776847286022268,0.07518608592190895,0.07643540726206788,0.5554579953826568,50.91905766512089,0.0776847286022268,0.07518608592190895,0.07643540726206788,0.5554579953826568,50.91905766512089,algorithm_native_internal_best_so_far.v1,true
noise001,e2esr,11,150,150,1.0,0.07793399986660446,0.07520860799749861,0.07657130393205151,0.5569619243361544,51.353342644074935,0.07793399986660446,0.07520860799749861,0.07657130393205151,0.5569619243361544,51.353342644074935,algorithm_native_internal_best_so_far.v1,true
noise001,e2esr,12,150,150,1.0,0.0767057589623968,0.07468939347431318,0.07569757621835498,0.5520433702836681,51.67425884276593,0.0767057589623968,0.07468939347431318,0.07569757621835498,0.5520433702836681,51.67425884276593,algorithm_native_internal_best_so_far.v1,true
noise001,e2esr,13,150,150,1.0,0.07640036184799366,0.07465422305510544,0.07552729245154954,0.546614171380439,51.90404025009501,0.07640036184799366,0.07465422305510544,0.07552729245154954,0.546614171380439,51.90404025009501,algorithm_native_internal_best_so_far.v1,true
noise001,e2esr,14,150,150,1.0,0.07681493121444687,0.0747635303370007,0.07578923077572376,0.5479436196867524,52.110491801422164,0.07681493121444687,0.0747635303370007,0.07578923077572376,0.5479436196867524,52.110491801422164,algorithm_native_internal_best_so_far.v1,true
noise001,e2esr,15,150,150,1.0,0.0783359116938887,0.07593248600177677,0.07713419884783271,0.5582520402141582,52.35813928275507,0.0783359116938887,0.07593248600177677,0.07713419884783271,0.5582520402141582,52.35813928275507,algorithm_native_internal_best_so_far.v1,true
noise001,e2esr,16,150,150,1.0,0.07918786606770926,0.07592556105150168,0.07755671355960544,0.560948654446597,52.591684667874105,0.07918786606770926,0.07592556105150168,0.07755671355960544,0.560948654446597,52.591684667874105,algorithm_native_internal_best_so_far.v1,true
noise001,e2esr,17,150,150,1.0,0.07912474506024265,0.07588957025810565,0.07750715765917413,0.5602243078809732,52.793493263181354,0.07912474506024265,0.07588957025810565,0.07750715765917413,0.5602243078809732,52.793493263181354,algorithm_native_internal_best_so_far.v1,true
noise001,e2esr,18,150,150,1.0,0.0791741439863799,0.07592443018264346,0.07754928708451163,0.5616709604939949,52.98091564019348,0.0791741439863799,0.07592443018264346,0.07754928708451163,0.5616709604939949,52.98091564019348,algorithm_native_internal_best_so_far.v1,true
noise001,e2esr,19,150,150,1.0,0.08112741995933301,0.07697642064566866,0.07905192030250077,0.5746720006410696,53.21703587303102,0.08112741995933301,0.07697642064566866,0.07905192030250077,0.5746720006410696,53.21703587303102,algorithm_native_internal_best_so_far.v1,true
noise001,e2esr,20,150,150,1.0,0.08123965300643392,0.07706198132820524,0.07915081716731952,0.5746749878879679,53.42955901881932,0.08123965300643392,0.07706198132820524,0.07915081716731952,0.5746749878879679,53.42955901881932,algorithm_native_internal_best_so_far.v1,true
noise001,e2esr,21,150,150,1.0,0.0822380960412179,0.07806537713248637,0.0801517365868521,0.5816398614329573,53.65500792950868,0.0822380960412179,0.07806537713248637,0.0801517365868521,0.5816398614329573,53.65500792950868,algorithm_native_internal_best_so_far.v1,true
noise001,e2esr,22,150,150,1.0,0.08180117193678359,0.07800640936002722,0.07990379064840536,0.5739905247577572,53.82519177252081,0.08180117193678359,0.07800640936002722,0.07990379064840536,0.5739905247577572,53.82519177252081,algorithm_native_internal_best_so_far.v1,true
noise001,e2esr,23,150,150,1.0,0.0817975535993349,0.07800322262135809,0.07990038811034646,0.5738848429774734,53.980117534487185,0.0817975535993349,0.07800322262135809,0.07990038811034646,0.5738848429774734,53.980117534487185,algorithm_native_internal_best_so_far.v1,true
noise001,e2esr,24,150,150,1.0,0.08181165153014916,0.07801300420252606,0.07991232786633758,0.5738310166277646,54.12190853983257,0.08181165153014916,0.07801300420252606,0.07991232786633758,0.5738310166277646,54.12190853983257,algorithm_native_internal_best_so_far.v1,true
noise001,e2esr,25,150,150,1.0,0.08167611873196769,0.07798844633711402,0.07983228253454083,0.573129847786801,54.24955158938647,0.08167611873196769,0.07798844633711402,0.07983228253454083,0.573129847786801,54.24955158938647,algorithm_native_internal_best_so_far.v1,true
noise001,e2esr,26,150,150,1.0,0.08173554670665936,0.0779788060254396,0.07985717636604944,0.5733150918822404,54.36808842011099,0.08173554670665936,0.0779788060254396,0.07985717636604944,0.5733150918822404,54.36808842011099,algorithm_native_internal_best_so_far.v1,true
noise001,e2esr,27,150,150,1.0,0.08058502503373333,0.07724443845555413,0.07891473174464367,0.5638586827717618,54.442821007409705,0.08058502503373333,0.07724443845555413,0.07891473174464367,0.5638586827717618,54.442821007409705,algorithm_native_internal_best_so_far.v1,true
noise001,e2esr,28,150,150,1.0,0.080344142463285,0.07723552216113845,0.07878983231221169,0.5635362916990442,54.51106415607023,0.080344142463285,0.07723552216113845,0.07878983231221169,0.5635362916990442,54.51106415607023,algorithm_native_internal_best_so_far.v1,true
noise001,e2esr,29,150,150,1.0,0.08124233008455801,0.07723552216113845,0.07923892612284818,0.570142935032554,54.59738240942144,0.08124233008455801,0.07723552216113845,0.07923892612284818,0.570142935032554,54.59738240942144,algorithm_native_internal_best_so_far.v1,true
noise001,e2esr,30,150,150,1.0,0.08153409055721146,0.0773799021529461,0.07945699635507873,0.5715919358403253,54.68277611524181,0.08153409055721146,0.0773799021529461,0.07945699635507873,0.5715919358403253,54.68277611524181,algorithm_native_internal_best_so_far.v1,true
noise001,e2esr,31,150,150,1.0,0.08153409055721146,0.0773799021529461,0.07945699635507873,0.5715919358403253,54.76266054971892,0.08153409055721146,0.0773799021529461,0.07945699635507873,0.5715919358403253,54.76266054971892,algorithm_native_internal_best_so_far.v1,true
noise001,e2esr,32,150,150,1.0,0.08239253899845764,0.0773799021529461,0.07988622057570181,0.5745649798632577,54.84684296961289,0.08239253899845764,0.0773799021529461,0.07988622057570181,0.5745649798632577,54.84684296961289,algorithm_native_internal_best_so_far.v1,true
noise001,e2esr,33,150,150,1.0,0.0823639696452045,0.0773799021529461,0.07987193589907524,0.5743188160326723,54.92517747366301,0.0823639696452045,0.0773799021529461,0.07987193589907524,0.5743188160326723,54.92517747366301,algorithm_native_internal_best_so_far.v1,true
noise001,e2esr,34,150,150,1.0,0.08235064837797826,0.07736692894424776,0.07985878866111294,0.5742303037092888,54.99864373534731,0.08235064837797826,0.07736692894424776,0.07985878866111294,0.5742303037092888,54.99864373534731,algorithm_native_internal_best_so_far.v1,true
noise001,e2esr,35,150,150,1.0,0.08215053692637961,0.07721416670433573,0.07968235181535761,0.572839375471213,55.063937844255136,0.08215053692637961,0.07721416670433573,0.07968235181535761,0.572839375471213,55.063937844255136,algorithm_native_internal_best_so_far.v1,true
noise001,e2esr,36,150,150,1.0,0.08250043511254472,0.07753171805035233,0.08001607658144848,0.5773011274095314,55.1379982580523,0.08250043511254472,0.07753171805035233,0.08001607658144848,0.5773011274095314,55.1379982580523,algorithm_native_internal_best_so_far.v1,true
noise001,e2esr,37,150,150,1.0,0.08250043511254472,0.07753171805035233,0.08001607658144848,0.5773011274095314,55.208055406238806,0.08250043511254472,0.07753171805035233,0.08001607658144848,0.5773011274095314,55.208055406238806,algorithm_native_internal_best_so_far.v1,true
noise001,e2esr,38,150,150,1.0,0.08247273710000001,0.07753171805035233,0.08000222757517614,0.5771179737153131,55.27394335269387,0.08247273710000001,0.07753171805035233,0.08000222757517614,0.5771179737153131,55.27394335269387,algorithm_native_internal_best_so_far.v1,true
noise001,e2esr,39,150,150,1.0,0.08244674870060135,0.07738443050249594,0.07991558960154858,0.5769801466949265,55.33609902748358,0.08244674870060135,0.07738443050249594,0.07991558960154858,0.5769801466949265,55.33609902748358,algorithm_native_internal_best_so_far.v1,true
noise001,e2esr,40,150,150,1.0,0.08246054470433589,0.07738414397874954,0.07992234434154266,0.5770260218033253,55.3952616063048,0.08246054470433589,0.07738414397874954,0.07992234434154266,0.5770260218033253,55.3952616063048,algorithm_native_internal_best_so_far.v1,true
noise001,e2esr,41,150,150,1.0,0.08240650596062934,0.07734764307629337,0.07987707451846128,0.5768079727539421,55.451006378721615,0.08240650596062934,0.07734764307629337,0.07987707451846128,0.5768079727539421,55.451006378721615,algorithm_native_internal_best_so_far.v1,true
noise001,e2esr,42,150,150,1.0,0.08240628757538654,0.07734765097807775,0.07987696927673206,0.5768072362253458,55.504094884526694,0.08240628757538654,0.07734765097807775,0.07987696927673206,0.5768072362253458,55.504094884526694,algorithm_native_internal_best_so_far.v1,true
noise001,e2esr,43,150,150,1.0,0.08266288885408339,0.07735038165905246,0.08000663525656784,0.5836727044042972,55.57068036257094,0.08266288885408339,0.07735038165905246,0.08000663525656784,0.5836727044042972,55.57068036257094,algorithm_native_internal_best_so_far.v1,true
noise001,e2esr,44,150,150,1.0,0.08266288885408339,0.07735038165905246,0.08000663525656784,0.5836727044042972,55.63423922797683,0.08266288885408339,0.07735038165905246,0.08000663525656784,0.5836727044042972,55.63423922797683,algorithm_native_internal_best_so_far.v1,true
noise001,e2esr,45,150,150,1.0,0.08272900381089386,0.07748197740283415,0.08010549060686392,0.58414952468246,55.696032855538355,0.08272900381089386,0.07748197740283415,0.08010549060686392,0.58414952468246,55.696032855538355,algorithm_native_internal_best_so_far.v1,true
noise001,e2esr,46,150,150,1.0,0.08278039139068244,0.07710839443961882,0.07994439291515056,0.5830196448334014,55.752683543099266,0.08278039139068244,0.07710839443961882,0.07994439291515056,0.5830196448334014,55.752683543099266,algorithm_native_internal_best_so_far.v1,true
noise001,e2esr,47,150,150,1.0,0.082656403114695,0.07707246747380496,0.07986443529424993,0.5825732693530996,55.805973828039924,0.082656403114695,0.07707246747380496,0.07986443529424993,0.5825732693530996,55.805973828039924,algorithm_native_internal_best_so_far.v1,true
noise001,e2esr,48,150,150,1.0,0.08170950332773215,0.07630925594465478,0.07900937963619341,0.575893073192744,55.84312660910731,0.08170950332773215,0.07630925594465478,0.07900937963619341,0.575893073192744,55.84312660910731,algorithm_native_internal_best_so_far.v1,true
noise001,e2esr,49,150,150,1.0,0.08170950332773215,0.07630925594465478,0.07900937963619341,0.575893073192744,55.87876295013113,0.08170950332773215,0.07630925594465478,0.07900937963619341,0.575893073192744,55.87876295013113,algorithm_native_internal_best_so_far.v1,true
noise001,e2esr,50,150,150,1.0,0.08209219517115002,0.0772285845171293,0.07966038984413959,0.5817712932544444,55.924730277637394,0.08209219517115002,0.0772285845171293,0.07966038984413959,0.5817712932544444,55.924730277637394,algorithm_native_internal_best_so_far.v1,true
noise001,e2esr,51,150,150,1.0,0.08209219517115002,0.0772285845171293,0.07966038984413959,0.5817712932544444,55.9688949648493,0.08209219517115002,0.0772285845171293,0.07966038984413959,0.5817712932544444,55.9688949648493,algorithm_native_internal_best_so_far.v1,true
noise001,e2esr,52,150,150,1.0,0.08213759182497476,0.07727364884589644,0.07970562033543555,0.5823854993203587,56.01254217575673,0.08213759182497476,0.07727364884589644,0.07970562033543555,0.5823854993203587,56.01254217575673,algorithm_native_internal_best_so_far.v1,true
noise001,e2esr,53,150,150,1.0,0.08216133401741965,0.07728556831207936,0.07972345116474946,0.5827602188752937,56.055249340129805,0.08216133401741965,0.07728556831207936,0.07972345116474946,0.5827602188752937,56.055249340129805,algorithm_native_internal_best_so_far.v1,true
noise001,e2esr,54,150,150,1.0,0.08297417711849045,0.07728620957389423,0.08013019334619229,0.5891883378153837,56.108278681637366,0.08297417711849045,0.07728620957389423,0.08013019334619229,0.5891883378153837,56.108278681637366,algorithm_native_internal_best_so_far.v1,true
noise001,e2esr,55,150,150,1.0,0.08297417711849045,0.07728620957389423,0.08013019334619229,0.5891883378153837,56.15937968345375,0.08297417711849045,0.07728620957389423,0.08013019334619229,0.5891883378153837,56.15937968345375,algorithm_native_internal_best_so_far.v1,true
noise001,e2esr,56,150,150,1.0,0.08205167981806637,0.07651242543517144,0.07928205262661885,0.582551779470282,56.19680465244615,0.08205167981806637,0.07651242543517144,0.07928205262661885,0.582551779470282,56.19680465244615,algorithm_native_internal_best_so_far.v1,true
noise001,e2esr,57,150,150,1.0,0.08205167981806637,0.07651242543517144,0.07928205262661885,0.582551779470282,56.23291646463179,0.08205167981806637,0.07651242543517144,0.07928205262661885,0.582551779470282,56.23291646463179,algorithm_native_internal_best_so_far.v1,true
noise001,e2esr,58,150,150,1.0,0.08311056800544472,0.07841676267530667,0.08076366534037564,0.5926781349526545,56.28524227550479,0.08311056800544472,0.07841676267530667,0.08076366534037564,0.5926781349526545,56.28524227550479,algorithm_native_internal_best_so_far.v1,true
noise001,e2esr,59,150,150,1.0,0.08220311052709711,0.07841676267530667,0.08030993660120185,0.5861279807975385,56.32469237388189,0.08220311052709711,0.07841676267530667,0.08030993660120185,0.5861279807975385,56.32469237388189,algorithm_native_internal_best_so_far.v1,true
noise001,e2esr,60,150,150,1.0,0.08220311052709711,0.07841676267530667,0.08030993660120185,0.5861279807975385,56.362827468979745,0.08220311052709711,0.07841676267530667,0.08030993660120185,0.5861279807975385,56.362827468979745,algorithm_native_internal_best_so_far.v1,true
noise001,e2esr,61,150,150,1.0,0.08215232888522085,0.07841044088069371,0.08028138488295725,0.5859322933156865,56.39939143394022,0.08215232888522085,0.07841044088069371,0.08028138488295725,0.5859322933156865,56.39939143394022,algorithm_native_internal_best_so_far.v1,true
noise001,e2esr,62,150,150,1.0,0.08310475043778998,0.0793628532284847,0.08123380183313732,0.5925985853670479,56.445528000113846,0.08310475043778998,0.0793628532284847,0.08123380183313732,0.5925985853670479,56.445528000113846,algorithm_native_internal_best_so_far.v1,true
noise001,e2esr,63,150,150,1.0,0.08321599273215935,0.07939458871186506,0.08130529072201216,0.5929749111002445,56.490797255826706,0.08321599273215935,0.07939458871186506,0.08130529072201216,0.5929749111002445,56.490797255826706,algorithm_native_internal_best_so_far.v1,true
noise001,e2esr,64,150,150,1.0,0.08328019686724358,0.07939936080238409,0.08133977883481378,0.593208844928273,56.53501736890484,0.08328019686724358,0.07939936080238409,0.08133977883481378,0.593208844928273,56.53501736890484,algorithm_native_internal_best_so_far.v1,true
noise001,e2esr,65,150,150,1.0,0.08328019686724358,0.07939936080238409,0.08133977883481378,0.593208844928273,56.57787686311903,0.08328019686724358,0.07939936080238409,0.08133977883481378,0.593208844928273,56.57787686311903,algorithm_native_internal_best_so_far.v1,true
noise001,e2esr,66,150,150,1.0,0.08331427983210968,0.07965677994852087,0.08148552989031521,0.5999951291065383,56.62971983353622,0.08331427983210968,0.07965677994852087,0.08148552989031521,0.5999951291065383,56.62971983353622,algorithm_native_internal_best_so_far.v1,true
noise001,e2esr,67,150,150,1.0,0.08331427983210968,0.07965677994852087,0.08148552989031521,0.5999951291065383,56.68001525259768,0.08331427983210968,0.07965677994852087,0.08148552989031521,0.5999951291065383,56.68001525259768,algorithm_native_internal_best_so_far.v1,true
noise001,e2esr,68,150,150,1.0,0.08331427983210968,0.07965677994852087,0.08148552989031521,0.5999951291065383,56.72883139462791,0.08331427983210968,0.07965677994852087,0.08148552989031521,0.5999951291065383,56.72883139462791,algorithm_native_internal_best_so_far.v1,true
noise001,e2esr,69,150,150,1.0,0.0832978571456471,0.07965819359175849,0.08147802536870274,0.5999442287541219,56.7761588073929,0.0832978571456471,0.07965819359175849,0.08147802536870274,0.5999442287541219,56.7761588073929,algorithm_native_internal_best_so_far.v1,true
noise001,e2esr,70,150,150,1.0,0.08419801354934184,0.07965819359175849,0.08192810357055012,0.6064416827380286,56.83141608548448,0.08419801354934184,0.07965819359175849,0.08192810357055012,0.6064416827380286,56.83141608548448,algorithm_native_internal_best_so_far.v1,true
noise001,e2esr,71,150,150,1.0,0.08410882088534402,0.07956423339709574,0.08183652714121985,0.6059124356453017,56.88437140209075,0.08410882088534402,0.07956423339709574,0.08183652714121985,0.6059124356453017,56.88437140209075,algorithm_native_internal_best_so_far.v1,true
noise001,e2esr,72,150,150,1.0,0.08438835699457257,0.07963991241268473,0.0820141347036286,0.6070138256720122,56.93738544605063,0.08438835699457257,0.07963991241268473,0.0820141347036286,0.6070138256720122,56.93738544605063,algorithm_native_internal_best_so_far.v1,true
noise001,e2esr,73,150,150,1.0,0.08513472584208971,0.07963991241268473,0.08238731912738718,0.6135604965247993,56.99791509271404,0.08513472584208971,0.07963991241268473,0.08238731912738718,0.6135604965247993,56.99791509271404,algorithm_native_internal_best_so_far.v1,true
noise001,e2esr,74,150,150,1.0,0.08513472584208971,0.07963991241268473,0.08238731912738718,0.6135604965247993,57.05680880298114,0.08513472584208971,0.07963991241268473,0.08238731912738718,0.6135604965247993,57.05680880298114,algorithm_native_internal_best_so_far.v1,true
noise001,e2esr,75,150,150,1.0,0.08457380226223404,0.07963991241268473,0.08210685733745934,0.6098513774802861,57.10918652224844,0.08457380226223404,0.07963991241268473,0.08210685733745934,0.6098513774802861,57.10918652224844,algorithm_native_internal_best_so_far.v1,true
noise001,e2esr,76,150,150,1.0,0.08457380226223404,0.07963991241268473,0.08210685733745934,0.6098513774802861,57.16018588048239,0.08457380226223404,0.07963991241268473,0.08210685733745934,0.6098513774802861,57.16018588048239,algorithm_native_internal_best_so_far.v1,true
noise001,e2esr,77,150,150,1.0,0.08457606795721773,0.0796432570075788,0.08210966248239822,0.6098678730368475,57.20988200286164,0.08457606795721773,0.0796432570075788,0.08210966248239822,0.6098678730368475,57.20988200286164,algorithm_native_internal_best_so_far.v1,true
noise001,e2esr,78,150,150,1.0,0.08458663890217491,0.07963301293355533,0.0821098259178651,0.6100375627577218,57.25852141661691,0.08458663890217491,0.07963301293355533,0.0821098259178651,0.6100375627577218,57.25852141661691,algorithm_native_internal_best_so_far.v1,true
noise001,e2esr,79,150,150,1.0,0.08458506214939397,0.07963420532966396,0.08210963373952894,0.610036698559969,57.30592835888754,0.08458506214939397,0.07963420532966396,0.08210963373952894,0.610036698559969,57.30592835888754,algorithm_native_internal_best_so_far.v1,true
noise001,e2esr,80,150,150,1.0,0.08458900955406783,0.07911055064089646,0.0818497800974821,0.608779245850042,57.35057831171399,0.08458900955406783,0.07911055064089646,0.0818497800974821,0.608779245850042,57.35057831171399,algorithm_native_internal_best_so_far.v1,true
noise001,e2esr,81,150,150,1.0,0.08458900955406783,0.07911055064089646,0.0818497800974821,0.608779245850042,57.39412579656943,0.08458900955406783,0.07911055064089646,0.0818497800974821,0.608779245850042,57.39412579656943,algorithm_native_internal_best_so_far.v1,true
noise001,e2esr,82,150,150,1.0,0.08367359803693818,0.07913597856733964,0.08140478830213886,0.6021816786312464,57.42856533396645,0.08367359803693818,0.07913597856733964,0.08140478830213886,0.6021816786312464,57.42856533396645,algorithm_native_internal_best_so_far.v1,true
noise001,e2esr,83,150,150,1.0,0.08367287104268564,0.07913597856733964,0.08140442480501259,0.6021557216987756,57.462143729579836,0.08367287104268564,0.07913597856733964,0.08140442480501259,0.6021557216987756,57.462143729579836,algorithm_native_internal_best_so_far.v1,true
noise001,e2esr,84,150,150,1.0,0.08367840803607511,0.07916222225486416,0.0814203151454696,0.602259506721573,57.49504619318195,0.08367840803607511,0.07916222225486416,0.0814203151454696,0.602259506721573,57.49504619318195,algorithm_native_internal_best_so_far.v1,true
noise001,e2esr,85,150,150,1.0,0.08374009817607728,0.07895213495860771,0.08134611656734247,0.5976913854057809,57.52180022079838,0.08374009817607728,0.07895213495860771,0.08134611656734247,0.5976913854057809,57.52180022079838,algorithm_native_internal_best_so_far.v1,true
noise001,e2esr,86,150,150,1.0,0.08374911518326765,0.07895213495860771,0.08135062507093767,0.5977984417202413,57.548056545812635,0.08374911518326765,0.07895213495860771,0.08135062507093767,0.5977984417202413,57.548056545812635,algorithm_native_internal_best_so_far.v1,true
noise001,e2esr,87,150,150,1.0,0.08370022318342521,0.07890441768732559,0.08130232043537537,0.5971424904067785,57.57295531012143,0.08370022318342521,0.07890441768732559,0.08130232043537537,0.5971424904067785,57.57295531012143,algorithm_native_internal_best_so_far.v1,true
noise001,e2esr,88,150,150,1.0,0.08370022318342521,0.07890441768732559,0.08130232043537537,0.5971424904067785,57.59728819342322,0.08370022318342521,0.07890441768732559,0.08130232043537537,0.5971424904067785,57.59728819342322,algorithm_native_internal_best_so_far.v1,true
noise001,e2esr,89,150,150,1.0,0.08370022318342521,0.07890441768732559,0.08130232043537537,0.5971424904067785,57.62107427035866,0.08370022318342521,0.07890441768732559,0.08130232043537537,0.5971424904067785,57.62107427035866,algorithm_native_internal_best_so_far.v1,true
noise001,e2esr,90,150,150,1.0,0.08370022318342521,0.07890441768732559,0.08130232043537537,0.5971424904067785,57.64433176780666,0.08370022318342521,0.07890441768732559,0.08130232043537537,0.5971424904067785,57.64433176780666,algorithm_native_internal_best_so_far.v1,true
noise001,e2esr,91,150,150,1.0,0.08372207000796064,0.07887071302383539,0.081296391515898,0.597178135269965,57.667117281643904,0.08372207000796064,0.07887071302383539,0.081296391515898,0.597178135269965,57.667117281643904,algorithm_native_internal_best_so_far.v1,true
noise001,e2esr,92,150,150,1.0,0.08376596679939544,0.07884884963153936,0.08130740821546738,0.5972324846484948,57.68946653363527,0.08376596679939544,0.07884884963153936,0.08130740821546738,0.5972324846484948,57.68946653363527,algorithm_native_internal_best_so_far.v1,true
noise001,e2esr,93,150,150,1.0,0.0838353037045983,0.07884884963153936,0.08134207666806882,0.5976963580426076,57.71183394514737,0.0838353037045983,0.07884884963153936,0.08134207666806882,0.5976963580426076,57.71183394514737,algorithm_native_internal_best_so_far.v1,true
noise001,e2esr,94,150,150,1.0,0.0838353037045983,0.07884884963153936,0.08134207666806882,0.5976963580426076,57.73372545428687,0.0838353037045983,0.07884884963153936,0.08134207666806882,0.5976963580426076,57.73372545428687,algorithm_native_internal_best_so_far.v1,true
noise001,e2esr,95,150,150,1.0,0.0838353037045983,0.07884884963153936,0.08134207666806882,0.5976963580426076,57.75515608954974,0.0838353037045983,0.07884884963153936,0.08134207666806882,0.5976963580426076,57.75515608954974,algorithm_native_internal_best_so_far.v1,true
noise001,e2esr,96,150,150,1.0,0.08396850720070603,0.07891338676031574,0.08144094698051087,0.5981676181161132,57.77663114915456,0.08396850720070603,0.07891338676031574,0.08144094698051087,0.5981676181161132,57.77663114915456,algorithm_native_internal_best_so_far.v1,true
noise001,e2esr,97,150,150,1.0,0.08398786040468724,0.0788986670647227,0.08144326373470497,0.5981790475056378,57.79767520690105,0.08398786040468724,0.0788986670647227,0.08144326373470497,0.5981790475056378,57.79767520690105,algorithm_native_internal_best_so_far.v1,true
noise001,e2esr,98,150,150,1.0,0.08398786040468724,0.0788986670647227,0.08144326373470497,0.5981790475056378,57.81828979408128,0.08398786040468724,0.0788986670647227,0.08144326373470497,0.5981790475056378,57.81828979408128,algorithm_native_internal_best_so_far.v1,true
noise001,e2esr,99,150,150,1.0,0.08398786040468724,0.0788986670647227,0.08144326373470497,0.5981790475056378,57.83848792495484,0.08398786040468724,0.0788986670647227,0.08144326373470497,0.5981790475056378,57.83848792495484,algorithm_native_internal_best_so_far.v1,true
noise001,e2esr,100,150,150,1.0,0.08398786040468724,0.0788986670647227,0.08144326373470497,0.5981790475056378,57.85828209321093,0.08398786040468724,0.0788986670647227,0.08144326373470497,0.5981790475056378,57.85828209321093,algorithm_native_internal_best_so_far.v1,true
noise001,e2esr,101,150,150,1.0,0.08401058155915479,0.07896088283323749,0.08148573219619612,0.6004226216150805,57.87990565824358,0.08401058155915479,0.07896088283323749,0.08148573219619612,0.6004226216150805,57.87990565824358,algorithm_native_internal_best_so_far.v1,true
noise001,e2esr,102,150,150,1.0,0.08401058155915479,0.07896088283323749,0.08148573219619612,0.6004226216150805,57.901105231805,0.08401058155915479,0.07896088283323749,0.08148573219619612,0.6004226216150805,57.901105231805,algorithm_native_internal_best_so_far.v1,true
noise001,e2esr,103,150,150,1.0,0.08401058155915479,0.07896088283323749,0.08148573219619612,0.6004226216150805,57.921893163161336,0.08401058155915479,0.07896088283323749,0.08148573219619612,0.6004226216150805,57.921893163161336,algorithm_native_internal_best_so_far.v1,true
noise001,e2esr,104,150,150,1.0,0.08492056747593667,0.07988833321178769,0.08240445034386215,0.6070892882817471,57.948691583017236,0.08492056747593667,0.07988833321178769,0.08240445034386215,0.6070892882817471,57.948691583017236,algorithm_native_internal_best_so_far.v1,true
noise001,e2esr,105,150,150,1.0,0.0857693819959323,0.08081541640648265,0.08329239920120747,0.613345136693287,57.980937507648775,0.0857693819959323,0.08081541640648265,0.08329239920120747,0.613345136693287,57.980937507648775,algorithm_native_internal_best_so_far.v1,true
noise001,e2esr,106,150,150,1.0,0.08575119911597519,0.08083845858769213,0.08329482885183363,0.6130510760915245,58.01229760294598,0.08575119911597519,0.08083845858769213,0.08329482885183363,0.6130510760915245,58.01229760294598,algorithm_native_internal_best_so_far.v1,true
noise001,e2esr,107,150,150,1.0,0.08575119911597519,0.08083845858769213,0.08329482885183363,0.6130510760915245,58.043071528237626,0.08575119911597519,0.08083845858769213,0.08329482885183363,0.6130510760915245,58.043071528237626,algorithm_native_internal_best_so_far.v1,true
noise001,e2esr,108,150,150,1.0,0.08575119911597519,0.08083845858769213,0.08329482885183363,0.6130510760915245,58.073275566023874,0.08575119911597519,0.08083845858769213,0.08329482885183363,0.6130510760915245,58.073275566023874,algorithm_native_internal_best_so_far.v1,true
noise001,e2esr,109,150,150,1.0,0.08552976261034989,0.08045214209821751,0.08299095235428366,0.6115857837430068,58.101581096375035,0.08552976261034989,0.08045214209821751,0.08299095235428366,0.6115857837430068,58.101581096375035,algorithm_native_internal_best_so_far.v1,true
noise001,e2esr,110,150,150,1.0,0.08547884166653837,0.08052279472348713,0.08300081819501272,0.6115271171923388,58.12931864749194,0.08547884166653837,0.08052279472348713,0.08300081819501272,0.6115271171923388,58.12931864749194,algorithm_native_internal_best_so_far.v1,true
noise001,e2esr,111,150,150,1.0,0.08547884166653837,0.08052279472348713,0.08300081819501272,0.6115271171923388,58.156556422913035,0.08547884166653837,0.08052279472348713,0.08300081819501272,0.6115271171923388,58.156556422913035,algorithm_native_internal_best_so_far.v1,true
noise001,e2esr,112,150,150,1.0,0.08549377501906556,0.08052335569251252,0.08300856535578906,0.6115794633665745,58.183354547142905,0.08549377501906556,0.08052335569251252,0.08300856535578906,0.6115794633665745,58.183354547142905,algorithm_native_internal_best_so_far.v1,true
noise001,e2esr,113,150,150,1.0,0.08553006677578598,0.08056432033774152,0.08304719355676372,0.6117261798427833,58.209808205878616,0.08553006677578598,0.08056432033774152,0.08304719355676372,0.6117261798427833,58.209808205878616,algorithm_native_internal_best_so_far.v1,true
noise001,e2esr,114,150,150,1.0,0.08557531131958174,0.08058245703402322,0.08307888417680247,0.6121752320005436,58.23619167073981,0.08557531131958174,0.08058245703402322,0.08307888417680247,0.6121752320005436,58.23619167073981,algorithm_native_internal_best_so_far.v1,true
noise001,e2esr,115,150,150,1.0,0.08557531131958174,0.08058245703402322,0.08307888417680247,0.6121752320005436,58.26211629273384,0.08557531131958174,0.08058245703402322,0.08307888417680247,0.6121752320005436,58.26211629273384,algorithm_native_internal_best_so_far.v1,true
noise001,e2esr,116,150,150,1.0,0.08647951123601262,0.08134217318203338,0.08391084220902298,0.6186783537932241,58.29320007796305,0.08647951123601262,0.08134217318203338,0.08391084220902298,0.6186783537932241,58.29320007796305,algorithm_native_internal_best_so_far.v1,true
noise001,e2esr,117,150,150,1.0,0.08740702775533428,0.08193241372916801,0.08466972074225114,0.6248587448902082,58.32903490198919,0.08740702775533428,0.08193241372916801,0.08466972074225114,0.6248587448902082,58.32903490198919,algorithm_native_internal_best_so_far.v1,true
noise001,e2esr,118,150,150,1.0,0.08740702775533428,0.08193241372916801,0.08466972074225114,0.6248587448902082,58.364262356116576,0.08740702775533428,0.08193241372916801,0.08466972074225114,0.6248587448902082,58.364262356116576,algorithm_native_internal_best_so_far.v1,true
noise001,e2esr,119,150,150,1.0,0.08749688738701034,0.08205338183208362,0.08477513460954697,0.6255983635785471,58.399519280500925,0.08749688738701034,0.08205338183208362,0.08477513460954697,0.6255983635785471,58.399519280500925,algorithm_native_internal_best_so_far.v1,true
noise001,e2esr,120,150,150,1.0,0.08680097110063237,0.08205338183208362,0.08442717646635797,0.621007435455129,58.43036281604269,0.08680097110063237,0.08205338183208362,0.08442717646635797,0.621007435455129,58.43036281604269,algorithm_native_internal_best_so_far.v1,true
noise001,e2esr,121,150,150,1.0,0.08673224569733065,0.08278468408089255,0.0847584648891116,0.6226909817868433,58.462087901684356,0.08673224569733065,0.08278468408089255,0.0847584648891116,0.6226909817868433,58.462087901684356,algorithm_native_internal_best_so_far.v1,true
noise001,e2esr,122,150,150,1.0,0.08684035176984395,0.0828428367196565,0.08484159424475021,0.6233161820055949,58.49380536315055,0.08684035176984395,0.0828428367196565,0.08484159424475021,0.6233161820055949,58.49380536315055,algorithm_native_internal_best_so_far.v1,true
noise001,e2esr,123,150,150,1.0,0.08684515870103231,0.0828428367196565,0.0848439977103444,0.6233368584087647,58.52502390361987,0.08684515870103231,0.0828428367196565,0.0848439977103444,0.6233368584087647,58.52502390361987,algorithm_native_internal_best_so_far.v1,true
noise001,e2esr,124,150,150,1.0,0.08688049880415256,0.08284270924186828,0.08486160402301043,0.6235931145187308,58.5559455773961,0.08688049880415256,0.08284270924186828,0.08486160402301043,0.6235931145187308,58.5559455773961,algorithm_native_internal_best_so_far.v1,true
noise001,e2esr,125,150,150,1.0,0.08687909237165402,0.08284277678604689,0.08486093457885044,0.6235763802402193,58.586359116969106,0.08687909237165402,0.08284277678604689,0.08486093457885044,0.6235763802402193,58.586359116969106,algorithm_native_internal_best_so_far.v1,true
noise001,e2esr,126,150,150,1.0,0.08687909237165402,0.08284277678604689,0.08486093457885044,0.6235763802402193,58.61628990194571,0.08687909237165402,0.08284277678604689,0.08486093457885044,0.6235763802402193,58.61628990194571,algorithm_native_internal_best_so_far.v1,true
noise001,e2esr,127,150,150,1.0,0.08688082946873892,0.08284225305473016,0.08486154126173452,0.6235805005532284,58.64575258031877,0.08688082946873892,0.08284225305473016,0.08486154126173452,0.6235805005532284,58.64575258031877,algorithm_native_internal_best_so_far.v1,true
noise001,e2esr,128,150,150,1.0,0.08682409312679798,0.08283138123060274,0.08482773717870036,0.6218828438008334,58.67342861000443,0.08682409312679798,0.08283138123060274,0.08482773717870036,0.6218828438008334,58.67342861000443,algorithm_native_internal_best_so_far.v1,true
noise001,e2esr,129,150,150,1.0,0.08682409312679798,0.08283138123060274,0.08482773717870036,0.6218828438008334,58.700675553958526,0.08682409312679798,0.08283138123060274,0.08482773717870036,0.6218828438008334,58.700675553958526,algorithm_native_internal_best_so_far.v1,true
noise001,e2esr,130,150,150,1.0,0.08682409312679798,0.08283138123060274,0.08482773717870036,0.6218828438008334,58.72750331415949,0.08682409312679798,0.08283138123060274,0.08482773717870036,0.6218828438008334,58.72750331415949,algorithm_native_internal_best_so_far.v1,true
noise001,e2esr,131,150,150,1.0,0.08682409312679798,0.08283138123060274,0.08482773717870036,0.6218828438008334,58.75392149023524,0.08682409312679798,0.08283138123060274,0.08482773717870036,0.6218828438008334,58.75392149023524,algorithm_native_internal_best_so_far.v1,true
noise001,e2esr,132,150,150,1.0,0.08682409312679798,0.08283138123060274,0.08482773717870036,0.6218828438008334,58.779939390915914,0.08682409312679798,0.08283138123060274,0.08482773717870036,0.6218828438008334,58.779939390915914,algorithm_native_internal_best_so_far.v1,true
noise001,e2esr,133,150,150,1.0,0.0868857671516099,0.0829067746465757,0.0848962708990928,0.6222157230914019,58.805816330150684,0.0868857671516099,0.0829067746465757,0.0848962708990928,0.6222157230914019,58.805816330150684,algorithm_native_internal_best_so_far.v1,true
noise001,e2esr,134,150,150,1.0,0.08600437970921963,0.08198109888569484,0.08399273929745722,0.6159188741374738,58.82660790540141,0.08600437970921963,0.08198109888569484,0.08399273929745722,0.6159188741374738,58.82660790540141,algorithm_native_internal_best_so_far.v1,true
noise001,e2esr,135,150,150,1.0,0.0841967296791918,0.08105364850714464,0.08262518909316822,0.602649414814745,58.83726222818713,0.0841967296791918,0.08105364850714464,0.08262518909316822,0.602649414814745,58.83726222818713,algorithm_native_internal_best_so_far.v1,true
noise001,e2esr,136,150,150,1.0,0.08411791307518064,0.08094772816792146,0.08253282062155105,0.602206504874253,58.847434200681526,0.08411791307518064,0.08094772816792146,0.08253282062155105,0.602206504874253,58.847434200681526,algorithm_native_internal_best_so_far.v1,true
noise001,e2esr,137,150,150,1.0,0.08417465682058742,0.08102888827245874,0.08260177254652308,0.6025282687550553,58.857692541373666,0.08417465682058742,0.08102888827245874,0.08260177254652308,0.6025282687550553,58.857692541373666,algorithm_native_internal_best_so_far.v1,true
noise001,e2esr,138,150,150,1.0,0.08335299614368306,0.08010180507776378,0.08172740061072342,0.6025360881822913,58.8678078767132,0.08335299614368306,0.08010180507776378,0.08172740061072342,0.6025360881822913,58.8678078767132,algorithm_native_internal_best_so_far.v1,true
noise001,e2esr,139,150,150,1.0,0.0832720928232863,0.08004760521373341,0.08165984901850985,0.6020575436450303,58.87743339101385,0.0832720928232863,0.08004760521373341,0.08165984901850985,0.6020575436450303,58.87743339101385,algorithm_native_internal_best_so_far.v1,true
noise001,e2esr,140,150,150,1.0,0.0832720928232863,0.08004760521373341,0.08165984901850985,0.6020575436450303,58.88692139796735,0.0832720928232863,0.08004760521373341,0.08165984901850985,0.6020575436450303,58.88692139796735,algorithm_native_internal_best_so_far.v1,true
noise001,e2esr,141,150,150,1.0,0.0832720928232863,0.08004760521373341,0.08165984901850985,0.6020575436450303,58.89627482326192,0.0832720928232863,0.08004760521373341,0.08165984901850985,0.6020575436450303,58.89627482326192,algorithm_native_internal_best_so_far.v1,true
noise001,e2esr,142,150,150,1.0,0.08324267644757283,0.08005490542781497,0.08164879093769388,0.601982747304653,58.905443836692925,0.08324267644757283,0.08005490542781497,0.08164879093769388,0.601982747304653,58.905443836692925,algorithm_native_internal_best_so_far.v1,true
noise001,e2esr,143,150,150,1.0,0.08324267644757283,0.08005490542781497,0.08164879093769388,0.601982747304653,58.914484612173844,0.08324267644757283,0.08005490542781497,0.08164879093769388,0.601982747304653,58.914484612173844,algorithm_native_internal_best_so_far.v1,true
noise001,e2esr,144,150,150,1.0,0.08324267644757283,0.08005490542781497,0.08164879093769388,0.601982747304653,58.923399821328644,0.08324267644757283,0.08005490542781497,0.08164879093769388,0.601982747304653,58.923399821328644,algorithm_native_internal_best_so_far.v1,true
noise001,e2esr,145,150,150,1.0,0.08324159344371185,0.08004939259176985,0.08164549301774085,0.6019596868172024,58.93217615829687,0.08324159344371185,0.08004939259176985,0.08164549301774085,0.6019596868172024,58.93217615829687,algorithm_native_internal_best_so_far.v1,true
noise001,e2esr,146,150,150,1.0,0.08324159344371185,0.08004939259176985,0.08164549301774085,0.6019596868172024,58.94083227147099,0.08324159344371185,0.08004939259176985,0.08164549301774085,0.6019596868172024,58.94083227147099,algorithm_native_internal_best_so_far.v1,true
noise001,e2esr,147,150,150,1.0,0.08319311987724265,0.08005111901467579,0.08162211944595922,0.6018394023961872,58.94928878826111,0.08319311987724265,0.08005111901467579,0.08162211944595922,0.6018394023961872,58.94928878826111,algorithm_native_internal_best_so_far.v1,true
noise001,e2esr,148,150,150,1.0,0.08319311987724265,0.08005111901467579,0.08162211944595922,0.6018394023961872,58.957631027797305,0.08319311987724265,0.08005111901467579,0.08162211944595922,0.6018394023961872,58.957631027797305,algorithm_native_internal_best_so_far.v1,true
noise001,e2esr,149,150,150,1.0,0.0832033227123223,0.08005964413181879,0.08163148342207054,0.60191255502658,58.96591038668898,0.0832033227123223,0.08005964413181879,0.08163148342207054,0.60191255502658,58.96591038668898,algorithm_native_internal_best_so_far.v1,true
noise001,e2esr,150,150,150,1.0,0.08234045625498038,0.07910723178402779,0.08072384401950407,0.5992564867928246,58.972308641972944,0.08234045625498038,0.07910723178402779,0.08072384401950407,0.5992564867928246,58.972308641972944,algorithm_native_internal_best_so_far.v1,true
noise001,e2esr,151,150,150,1.0,0.08235413666435577,0.07910723178402779,0.08073068422419177,0.5993764826067043,58.97870161958021,0.08235413666435577,0.07910723178402779,0.08073068422419177,0.5993764826067043,58.97870161958021,algorithm_native_internal_best_so_far.v1,true
noise001,e2esr,152,150,150,1.0,0.08235572106658365,0.07910723178402779,0.08073147642530572,0.5994330528223448,58.9850476963082,0.08235572106658365,0.07910723178402779,0.08073147642530572,0.5994330528223448,58.9850476963082,algorithm_native_internal_best_so_far.v1,true
noise001,e2esr,153,150,150,1.0,0.08236064395210553,0.07910371375317507,0.0807321788526403,0.5994376032458372,58.99131379191784,0.08236064395210553,0.07910371375317507,0.0807321788526403,0.5994376032458372,58.99131379191784,algorithm_native_internal_best_so_far.v1,true
noise001,e2esr,154,150,150,1.0,0.08234829790451938,0.07908834978079327,0.08071832384265631,0.5992494595637405,58.99737633844028,0.08234829790451938,0.07908834978079327,0.08071832384265631,0.5992494595637405,58.99737633844028,algorithm_native_internal_best_so_far.v1,true
noise001,e2esr,155,150,150,1.0,0.08234829790451938,0.07908834978079327,0.08071832384265631,0.5992494595637405,59.003360658555984,0.08234829790451938,0.07908834978079327,0.08071832384265631,0.5992494595637405,59.003360658555984,algorithm_native_internal_best_so_far.v1,true
noise001,e2esr,156,150,150,1.0,0.08231774985641718,0.07906689617749203,0.0806923230169546,0.5988914268506523,59.00903874846951,0.08231774985641718,0.07906689617749203,0.0806923230169546,0.5988914268506523,59.00903874846951,algorithm_native_internal_best_so_far.v1,true
noise001,e2esr,157,150,150,1.0,0.08212863152885065,0.07906689617749203,0.08059776385317133,0.5934466461874881,59.011176492866184,0.08212863152885065,0.07906689617749203,0.08059776385317133,0.5934466461874881,59.011176492866184,algorithm_native_internal_best_so_far.v1,true
noise001,e2esr,158,150,150,1.0,0.08212863152885065,0.07906689617749203,0.08059776385317133,0.5934466461874881,59.01328717720722,0.08212863152885065,0.07906689617749203,0.08059776385317133,0.5934466461874881,59.01328717720722,algorithm_native_internal_best_so_far.v1,true
noise001,e2esr,159,150,150,1.0,0.08212863152885065,0.07906689617749203,0.08059776385317133,0.5934466461874881,59.01537131205968,0.08212863152885065,0.07906689617749203,0.08059776385317133,0.5934466461874881,59.01537131205968,algorithm_native_internal_best_so_far.v1,true
noise001,e2esr,160,150,150,1.0,0.0820948654686223,0.07903016269326575,0.08056251408094402,0.5932291339101752,59.01729345005316,0.0820948654686223,0.07903016269326575,0.08056251408094402,0.5932291339101752,59.01729345005316,algorithm_native_internal_best_so_far.v1,true
noise001,e2esr,161,150,150,1.0,0.08203380649650609,0.07904594879907433,0.0805398776477902,0.5931174601673912,59.019122347982886,0.08203380649650609,0.07904594879907433,0.0805398776477902,0.5931174601673912,59.019122347982886,algorithm_native_internal_best_so_far.v1,true
noise001,e2esr,162,150,150,1.0,0.08203380649650609,0.07904594879907433,0.0805398776477902,0.5931174601673912,59.02092866692583,0.08203380649650609,0.07904594879907433,0.0805398776477902,0.5931174601673912,59.02092866692583,algorithm_native_internal_best_so_far.v1,true
noise001,e2esr,163,150,150,1.0,0.08203380662888861,0.0790459487951275,0.08053987771200807,0.5931174606169078,59.022712822721935,0.08203380662888861,0.0790459487951275,0.08053987771200807,0.5931174606169078,59.022712822721935,algorithm_native_internal_best_so_far.v1,true
noise001,e2esr,164,150,150,1.0,0.08203079397337765,0.07904259614824104,0.08053669506080934,0.5930978073921483,59.02446323684689,0.08203079397337765,0.07904259614824104,0.08053669506080934,0.5930978073921483,59.02446323684689,algorithm_native_internal_best_so_far.v1,true
noise001,e2esr,165,150,150,1.0,0.08203299883668563,0.07904344273230332,0.08053822078449448,0.5931333938810047,59.02621400139995,0.08203299883668563,0.07904344273230332,0.08053822078449448,0.5931333938810047,59.02621400139995,algorithm_native_internal_best_so_far.v1,true
noise001,e2esr,166,150,150,1.0,0.08203299883668563,0.07904344273230332,0.08053822078449448,0.5931333938810047,59.02794367240417,0.08203299883668563,0.07904344273230332,0.08053822078449448,0.5931333938810047,59.02794367240417,algorithm_native_internal_best_so_far.v1,true
noise001,e2esr,167,150,150,1.0,0.08203299883668563,0.07904344273230332,0.08053822078449448,0.5931333938810047,59.02965262878558,0.08203299883668563,0.07904344273230332,0.08053822078449448,0.5931333938810047,59.02965262878558,algorithm_native_internal_best_so_far.v1,true
noise001,e2esr,168,150,150,1.0,0.08203299883668563,0.07904344273230332,0.08053822078449448,0.5931333938810047,59.03134124044817,0.08203299883668563,0.07904344273230332,0.08053822078449448,0.5931333938810047,59.03134124044817,algorithm_native_internal_best_so_far.v1,true
noise001,e2esr,169,150,150,1.0,0.08203303290363155,0.07904344315652383,0.08053823803007769,0.5931335145978448,59.03300993997087,0.08203303290363155,0.07904344315652383,0.08053823803007769,0.5931335145978448,59.03300993997087,algorithm_native_internal_best_so_far.v1,true
noise001,e2esr,170,150,150,1.0,0.08203303290363155,0.07904344315652383,0.08053823803007769,0.5931335145978448,59.034659007734476,0.08203303290363155,0.07904344315652383,0.08053823803007769,0.5931335145978448,59.034659007734476,algorithm_native_internal_best_so_far.v1,true
noise001,e2esr,171,150,150,1.0,0.08203303290363155,0.07904344315652383,0.08053823803007769,0.5931335145978448,59.036288788155815,0.08203303290363155,0.07904344315652383,0.08053823803007769,0.5931335145978448,59.036288788155815,algorithm_native_internal_best_so_far.v1,true
noise001,e2esr,172,150,150,1.0,0.08203303290363155,0.07904344315652383,0.08053823803007769,0.5931335145978448,59.03789961764202,0.08203303290363155,0.07904344315652383,0.08053823803007769,0.5931335145978448,59.03789961764202,algorithm_native_internal_best_so_far.v1,true
noise001,e2esr,173,150,150,1.0,0.08199631230554569,0.07898620650153568,0.0804912594035407,0.5929095934788742,59.039362390649224,0.08199631230554569,0.07898620650153568,0.0804912594035407,0.5929095934788742,59.039362390649224,algorithm_native_internal_best_so_far.v1,true
noise001,e2esr,174,150,150,1.0,0.08178403739595001,0.07888819196391064,0.08033611467993035,0.5936563237892435,59.041237505524364,0.08178403739595001,0.07888819196391064,0.08033611467993035,0.5936563237892435,59.041237505524364,algorithm_native_internal_best_so_far.v1,true
noise001,e2esr,175,150,150,1.0,0.08178403739595001,0.07888819196391064,0.08033611467993035,0.5936563237892435,59.04309119051523,0.08178403739595001,0.07888819196391064,0.08033611467993035,0.5936563237892435,59.04309119051523,algorithm_native_internal_best_so_far.v1,true
noise001,e2esr,176,150,150,1.0,0.08178403739595001,0.07888819196391064,0.08033611467993035,0.5936563237892435,59.044923810903924,0.08178403739595001,0.07888819196391064,0.08033611467993035,0.5936563237892435,59.044923810903924,algorithm_native_internal_best_so_far.v1,true
noise001,e2esr,177,150,150,1.0,0.08178403739595001,0.07888819196391064,0.08033611467993035,0.5936563237892435,59.046735723717596,0.08178403739595001,0.07888819196391064,0.08033611467993035,0.5936563237892435,59.046735723717596,algorithm_native_internal_best_so_far.v1,true
noise001,e2esr,178,150,150,1.0,0.0811464161786413,0.07888819196391064,0.080017304071276,0.589423925564986,59.04614952614895,0.0811464161786413,0.07888819196391064,0.080017304071276,0.589423925564986,59.04614952614895,algorithm_native_internal_best_so_far.v1,true
noise001,e2esr,179,150,150,1.0,0.0811464161786413,0.07888819196391064,0.080017304071276,0.589423925564986,59.04556987827381,0.0811464161786413,0.07888819196391064,0.080017304071276,0.589423925564986,59.04556987827381,algorithm_native_internal_best_so_far.v1,true
noise001,e2esr,180,150,150,1.0,0.0811464161786413,0.07888819196391064,0.080017304071276,0.589423925564986,59.044996670930615,0.0811464161786413,0.07888819196391064,0.080017304071276,0.589423925564986,59.044996670930615,algorithm_native_internal_best_so_far.v1,true
noise001,fepysr,1,150,150,1.0,0.16019123692011847,0.12730291275709218,0.1437470748386054,0.5584439158597695,55.84439158597695,0.16019123692011847,0.12730291275709218,0.1437470748386054,0.5584439158597695,55.84439158597695,algorithm_native_internal_best_so_far.v1,true
noise001,fepysr,2,150,150,1.0,0.16019123692011847,0.12730291275709218,0.1437470748386054,0.5584439158597695,55.84439158597695,0.16019123692011847,0.12730291275709218,0.1437470748386054,0.5584439158597695,55.84439158597695,algorithm_native_internal_best_so_far.v1,true
noise001,fepysr,3,150,150,1.0,0.16019123692011847,0.12730291275709218,0.1437470748386054,0.5584439158597695,55.84439158597695,0.16019123692011847,0.12730291275709218,0.1437470748386054,0.5584439158597695,55.84439158597695,algorithm_native_internal_best_so_far.v1,true
noise001,fepysr,4,150,150,1.0,0.19930792580775591,0.15792571638680897,0.1786168210972825,0.6161236172971778,57.28638412191216,0.19930792580775591,0.15792571638680897,0.1786168210972825,0.6161236172971778,57.28638412191216,algorithm_native_internal_best_so_far.v1,true
noise001,fepysr,5,150,150,1.0,0.20108850324977298,0.15849604183558189,0.17979227254267752,0.6187920233292193,58.20494776411412,0.20108850324977298,0.15849604183558189,0.17979227254267752,0.6187920233292193,58.20494776411412,algorithm_native_internal_best_so_far.v1,true
noise001,fepysr,6,150,150,1.0,0.2227175361773378,0.17955388418770404,0.201135710182521,0.6684681577161329,59.645259098697316,0.2227175361773378,0.17955388418770404,0.201135710182521,0.6684681577161329,59.645259098697316,algorithm_native_internal_best_so_far.v1,true
noise001,fepysr,7,150,150,1.0,0.25561422700306785,0.20822081559838415,0.2319175213007262,0.7292864433954599,61.54288556167569,0.25561422700306785,0.20822081559838415,0.2319175213007262,0.7292864433954599,61.54288556167569,algorithm_native_internal_best_so_far.v1,true
noise001,fepysr,8,150,150,1.0,0.25566207380793526,0.20826348914152895,0.23196278147473226,0.7294899351321278,62.96864905561783,0.25566207380793526,0.20826348914152895,0.23196278147473226,0.7294899351321278,62.96864905561783,algorithm_native_internal_best_so_far.v1,true
noise001,fepysr,9,150,150,1.0,0.26621136169643217,0.2177647083903775,0.24198803504340505,0.7484285760129512,64.28800556069308,0.26621136169643217,0.2177647083903775,0.24198803504340505,0.7484285760129512,64.28800556069308,algorithm_native_internal_best_so_far.v1,true
noise001,fepysr,10,150,150,1.0,0.2790443711920819,0.2319476501249231,0.25549601065850264,0.7674909823663116,65.5341148282869,0.2790443711920819,0.2319476501249231,0.25549601065850264,0.7674909823663116,65.5341148282869,algorithm_native_internal_best_so_far.v1,true
noise001,fepysr,11,150,150,1.0,0.28494950045118855,0.23788240176866074,0.26141595110992466,0.7840029737941018,66.70376778747992,0.28494950045118855,0.23788240176866074,0.26141595110992466,0.7840029737941018,66.70376778747992,algorithm_native_internal_best_so_far.v1,true
noise001,fepysr,12,150,150,1.0,0.2887930611826085,0.24032397682361686,0.2645585190031127,0.7923696805559014,67.74820114315577,0.2887930611826085,0.24032397682361686,0.2645585190031127,0.7923696805559014,67.74820114315577,algorithm_native_internal_best_so_far.v1,true
noise001,fepysr,13,150,150,1.0,0.2895280242501687,0.24120605097578723,0.26536703761297803,0.7937452235491864,68.6425335440606,0.2895280242501687,0.24120605097578723,0.26536703761297803,0.7937452235491864,68.6425335440606,algorithm_native_internal_best_so_far.v1,true
noise001,fepysr,14,150,150,1.0,0.28888425176730775,0.23924175687569507,0.2640630043215014,0.7897249875466005,69.38038820196057,0.28888425176730775,0.23924175687569507,0.2640630043215014,0.7897249875466005,69.38038820196057,algorithm_native_internal_best_so_far.v1,true
noise001,fepysr,15,150,150,1.0,0.29141271024965787,0.24140023949667386,0.2664064748731659,0.7923271162516886,70.03720976350778,0.29141271024965787,0.24140023949667386,0.2664064748731659,0.7923271162516886,70.03720976350778,algorithm_native_internal_best_so_far.v1,true
noise001,fepysr,16,150,150,1.0,0.29395278411418185,0.24368666418267546,0.26881972414842875,0.7970717738797977,70.6415827400373,0.29395278411418185,0.24368666418267546,0.26881972414842875,0.7970717738797977,70.6415827400373,algorithm_native_internal_best_so_far.v1,true
noise001,fepysr,17,150,150,1.0,0.2977791836313144,0.24670943897562017,0.2722443113034673,0.805748116491533,71.22589032292646,0.2977791836313144,0.24670943897562017,0.2722443113034673,0.805748116491533,71.22589032292646,algorithm_native_internal_best_so_far.v1,true
noise001,fepysr,18,150,150,1.0,0.2983833606055544,0.24706939915269355,0.272726379879124,0.808164157653938,71.75869729195242,0.2983833606055544,0.24706939915269355,0.272726379879124,0.808164157653938,71.75869729195242,algorithm_native_internal_best_so_far.v1,true
noise001,fepysr,19,150,150,1.0,0.2991960303993974,0.24912926960839699,0.27416265000389733,0.811871518501824,72.25493174238558,0.2991960303993974,0.24912926960839699,0.27416265000389733,0.811871518501824,72.25493174238558,algorithm_native_internal_best_so_far.v1,true
noise001,fepysr,20,150,150,1.0,0.3003399899635457,0.25008735668592713,0.2752136733247366,0.8164701974395708,72.72453614246416,0.3003399899635457,0.25008735668592713,0.2752136733247366,0.8164701974395708,72.72453614246416,algorithm_native_internal_best_so_far.v1,true
noise001,fepysr,21,150,150,1.0,0.3004553258650356,0.25144903948056524,0.27595218267280053,0.8190046455245076,73.16148511436829,0.3004553258650356,0.25144903948056524,0.27595218267280053,0.8190046455245076,73.16148511436829,algorithm_native_internal_best_so_far.v1,true
noise001,fepysr,22,150,150,1.0,0.2971647646825813,0.24859374272347637,0.27287925370302907,0.8167335397535804,73.54838824441327,0.2971647646825813,0.24859374272347637,0.27287925370302907,0.8167335397535804,73.54838824441327,algorithm_native_internal_best_so_far.v1,true
noise001,fepysr,23,150,150,1.0,0.2996335932947307,0.25153446543224117,0.2755840293634861,0.8228961892245047,73.92844175215403,0.2996335932947307,0.25153446543224117,0.2755840293634861,0.8228961892245047,73.92844175215403,algorithm_native_internal_best_so_far.v1,true
noise001,fepysr,24,150,150,1.0,0.3038493508835556,0.2549762853303632,0.2794128181069595,0.8280948507072444,74.29848522376113,0.3038493508835556,0.2549762853303632,0.2794128181069595,0.8280948507072444,74.29848522376113,algorithm_native_internal_best_so_far.v1,true
noise001,fepysr,25,150,150,1.0,0.30393004268818086,0.2554920979782056,0.2797110703331933,0.828403614996766,74.64016027479775,0.30393004268818086,0.2554920979782056,0.2797110703331933,0.828403614996766,74.64016027479775,algorithm_native_internal_best_so_far.v1,true
noise001,fepysr,26,150,150,1.0,0.30571401276480886,0.2576883694324297,0.28170119109861935,0.8344063072301878,74.97863990742164,0.30571401276480886,0.2576883694324297,0.28170119109861935,0.8344063072301878,74.97863990742164,algorithm_native_internal_best_so_far.v1,true
noise001,fepysr,27,150,150,1.0,0.30628947653923333,0.25781642076888595,0.2820529486540597,0.8355153793209085,75.29615464907607,0.30628947653923333,0.25781642076888595,0.2820529486540597,0.8355153793209085,75.29615464907607,algorithm_native_internal_best_so_far.v1,true
noise001,fepysr,28,150,150,1.0,0.3062896900107082,0.25781672999578875,0.2820532100032485,0.8355153947660278,75.59098982148772,0.3062896900107082,0.25781672999578875,0.2820532100032485,0.8355153947660278,75.59098982148772,algorithm_native_internal_best_so_far.v1,true
noise001,fepysr,29,150,150,1.0,0.3066277692771795,0.2581684429696448,0.2823981061234123,0.8370730759810574,75.87086284826765,0.3066277692771795,0.2581684429696448,0.2823981061234123,0.8370730759810574,75.87086284826765,algorithm_native_internal_best_so_far.v1,true
noise001,fepysr,30,150,150,1.0,0.307403433985209,0.2581659599473918,0.28278469696630054,0.8390077367601385,76.13852654252585,0.307403433985209,0.2581659599473918,0.28278469696630054,0.8390077367601385,76.13852654252585,algorithm_native_internal_best_so_far.v1,true
noise001,fepysr,31,150,150,1.0,0.3092053717353934,0.25956251732393326,0.2843839445296635,0.842723252549972,76.40090714615398,0.3092053717353934,0.25956251732393326,0.2843839445296635,0.842723252549972,76.40090714615398,algorithm_native_internal_best_so_far.v1,true
noise001,fepysr,32,150,150,1.0,0.3108988447210759,0.25987587859022215,0.28538736165564915,0.845611803154253,76.6559156826937,0.3108988447210759,0.25987587859022215,0.28538736165564915,0.845611803154253,76.6559156826937,algorithm_native_internal_best_so_far.v1,true
noise001,fepysr,33,150,150,1.0,0.31507016301986535,0.26523505828692623,0.2901526106533958,0.8530804209050942,76.91810133141539,0.31507016301986535,0.26523505828692623,0.2901526106533958,0.8530804209050942,76.91810133141539,algorithm_native_internal_best_so_far.v1,true
noise001,fepysr,34,150,150,1.0,0.31531072611076494,0.2655174342381636,0.29041408017446424,0.8542448895782966,77.16828920278051,0.31531072611076494,0.2655174342381636,0.29041408017446424,0.8542448895782966,77.16828920278051,algorithm_native_internal_best_so_far.v1,true
noise001,fepysr,35,150,150,1.0,0.3154512543691594,0.26546179978638357,0.2904565270777715,0.8543669902945035,77.40452948354252,0.3154512543691594,0.26546179978638357,0.2904565270777715,0.8543669902945035,77.40452948354252,algorithm_native_internal_best_so_far.v1,true
noise001,fepysr,36,150,150,1.0,0.31694800327133393,0.26819382839283695,0.2925709158320854,0.8613423366552291,77.6470212663753,0.31694800327133393,0.26819382839283695,0.2925709158320854,0.8613423366552291,77.6470212663753,algorithm_native_internal_best_so_far.v1,true
noise001,fepysr,37,150,150,1.0,0.3208025305578689,0.27241991867305076,0.29661122461545986,0.8663482705348419,77.88993493629718,0.3208025305578689,0.27241991867305076,0.29661122461545986,0.8663482705348419,77.88993493629718,algorithm_native_internal_best_so_far.v1,true
noise001,fepysr,38,150,150,1.0,0.32132109946639065,0.27313552017930304,0.2972283098228469,0.8675839016934681,78.1233153371669,0.32132109946639065,0.27313552017930304,0.2972283098228469,0.8675839016934681,78.1233153371669,algorithm_native_internal_best_so_far.v1,true
noise001,fepysr,39,150,150,1.0,0.32132109946639065,0.27313552017930304,0.2972283098228469,0.8675839016934681,78.344727512351,0.32132109946639065,0.27313552017930304,0.2972283098228469,0.8675839016934681,78.344727512351,algorithm_native_internal_best_so_far.v1,true
noise001,fepysr,40,150,150,1.0,0.32212104107080164,0.2733470806547736,0.2977340608627877,0.868089652733409,78.55633345637575,0.32212104107080164,0.2733470806547736,0.2977340608627877,0.868089652733409,78.55633345637575,algorithm_native_internal_best_so_far.v1,true
noise001,fepysr,41,150,150,1.0,0.320320815453793,0.27139111118767056,0.2958559633207319,0.8675078736078005,78.75619818575146,0.320320815453793,0.27139111118767056,0.2958559633207319,0.8675078736078005,78.75619818575146,algorithm_native_internal_best_so_far.v1,true
noise001,fepysr,42,150,150,1.0,0.3242473192493105,0.27558869926292406,0.2999180092561174,0.8729404992390823,78.95948036999329,0.3242473192493105,0.27558869926292406,0.2999180092561174,0.8729404992390823,78.95948036999329,algorithm_native_internal_best_so_far.v1,true
noise001,fepysr,43,150,150,1.0,0.32424555112049813,0.2755798970620342,0.2999127240912663,0.8729167369050272,79.15325230767955,0.32424555112049813,0.2755798970620342,0.2999127240912663,0.8729167369050272,79.15325230767955,algorithm_native_internal_best_so_far.v1,true
noise001,fepysr,44,150,150,1.0,0.32433724365519934,0.2746269768725629,0.2994821102638813,0.8704590279466572,79.33263072783834,0.32433724365519934,0.2746269768725629,0.2994821102638813,0.8704590279466572,79.33263072783834,algorithm_native_internal_best_so_far.v1,true
noise001,fepysr,45,150,150,1.0,0.32476795062015895,0.27456833731136643,0.2996681439657628,0.8715031908950062,79.50635713587528,0.32476795062015895,0.27456833731136643,0.2996681439657628,0.8715031908950062,79.50635713587528,algorithm_native_internal_best_so_far.v1,true
noise001,fepysr,46,150,150,1.0,0.3224312784862066,0.2700726572759513,0.2962519678810791,0.8696880074148118,79.66858417077974,0.3224312784862066,0.2700726572759513,0.2962519678810791,0.8696880074148118,79.66858417077974,algorithm_native_internal_best_so_far.v1,true
noise001,fepysr,47,150,150,1.0,0.32261702771338624,0.26867603119724603,0.2956465294553162,0.8662805836323583,79.81665808976818,0.32261702771338624,0.26867603119724603,0.2956465294553162,0.8662805836323583,79.81665808976818,algorithm_native_internal_best_so_far.v1,true
noise001,fepysr,48,150,150,1.0,0.3275554104822584,0.27413682359826635,0.30084611704026254,0.874526700272653,79.97574167179937,0.3275554104822584,0.27413682359826635,0.30084611704026254,0.874526700272653,79.97574167179937,algorithm_native_internal_best_so_far.v1,true
noise001,fepysr,49,150,150,1.0,0.327678356157837,0.2739808361854245,0.30082959617163096,0.8744731871283051,80.12822283590204,0.327678356157837,0.2739808361854245,0.30082959617163096,0.8744731871283051,80.12822283590204,algorithm_native_internal_best_so_far.v1,true
noise001,fepysr,50,150,150,1.0,0.327678356157837,0.2739808361854245,0.30082959617163096,0.8744731871283051,80.2746047534406,0.327678356157837,0.2739808361854245,0.30082959617163096,0.8744731871283051,80.2746047534406,algorithm_native_internal_best_so_far.v1,true
noise001,fepysr,51,150,150,1.0,0.32880280332419076,0.27357475961245353,0.30118878146832223,0.8746807143349353,80.41565311971615,0.32880280332419076,0.27357475961245353,0.30118878146832223,0.8746807143349353,80.41565311971615,algorithm_native_internal_best_so_far.v1,true
noise001,fepysr,52,150,150,1.0,0.3298513549069258,0.2746465612307952,0.30224895806886065,0.8781293079193287,80.55790845956646,0.3298513549069258,0.2746465612307952,0.30224895806886065,0.8781293079193287,80.55790845956646,algorithm_native_internal_best_so_far.v1,true
noise001,fepysr,53,150,150,1.0,0.32975678085843624,0.2743282349643135,0.30204250791137505,0.8773426537373954,80.69331142021124,0.32975678085843624,0.2743282349643135,0.30204250791137505,0.8773426537373954,80.69331142021124,algorithm_native_internal_best_so_far.v1,true
noise001,fepysr,54,150,150,1.0,0.33076848962897043,0.2753048812344627,0.30303668543171675,0.8791676095016767,80.82707900409933,0.33076848962897043,0.2753048812344627,0.30303668543171675,0.8791676095016767,80.82707900409933,algorithm_native_internal_best_so_far.v1,true
noise001,fepysr,55,150,150,1.0,0.33150208683641624,0.27598142027754835,0.3037417535569825,0.8808297589181691,80.95900440205783,0.33150208683641624,0.27598142027754835,0.3037417535569825,0.8808297589181691,80.95900440205783,algorithm_native_internal_best_so_far.v1,true
noise001,fepysr,56,150,150,1.0,0.3329763427650701,0.27860539747559143,0.30579087012033085,0.8831540148298281,81.09036863564577,0.3329763427650701,0.27860539747559143,0.30579087012033085,0.8831540148298281,81.09036863564577,algorithm_native_internal_best_so_far.v1,true
noise001,fepysr,57,150,150,1.0,0.3329763427650701,0.27860539747559143,0.30579087012033085,0.8831540148298281,81.21712359787975,0.3329763427650701,0.27860539747559143,0.30579087012033085,0.8831540148298281,81.21712359787975,algorithm_native_internal_best_so_far.v1,true
noise001,fepysr,58,150,150,1.0,0.33336024658125335,0.2790334955426355,0.30619687106194454,0.884584341941772,81.34197378057453,0.33336024658125335,0.2790334955426355,0.30619687106194454,0.884584341941772,81.34197378057453,algorithm_native_internal_best_so_far.v1,true
noise001,fepysr,59,150,150,1.0,0.3365776917362375,0.28059361213200973,0.30858565193412385,0.8910603285990969,81.47356800225819,0.3365776917362375,0.28059361213200973,0.30858565193412385,0.8910603285990969,81.47356800225819,algorithm_native_internal_best_so_far.v1,true
noise001,fepysr,60,150,150,1.0,0.33750604965890557,0.2815313356326744,0.3095186926457902,0.8929703662557341,81.6039591459801,0.33750604965890557,0.2815313356326744,0.3095186926457902,0.8929703662557341,81.6039591459801,algorithm_native_internal_best_so_far.v1,true
noise001,fepysr,61,150,150,1.0,0.33783365761301803,0.2820734673811461,0.30995356249708234,0.8946241387402932,81.73278627266943,0.33783365761301803,0.2820734673811461,0.30995356249708234,0.8946241387402932,81.73278627266943,algorithm_native_internal_best_so_far.v1,true
noise001,fepysr,62,150,150,1.0,0.33993885327085765,0.2838037317622774,0.3118712925165678,0.9009516463751969,81.86766334307023,0.33993885327085765,0.2838037317622774,0.3118712925165678,0.9009516463751969,81.86766334307023,algorithm_native_internal_best_so_far.v1,true
noise001,fepysr,63,150,150,1.0,0.34398868213324696,0.2875738893395326,0.3157812857363901,0.9060565186304533,82.00636157354603,0.34398868213324696,0.2875738893395326,0.3157812857363901,0.9060565186304533,82.00636157354603,algorithm_native_internal_best_so_far.v1,true
noise001,fepysr,64,150,150,1.0,0.3436914745531127,0.28832519047755634,0.3160083325153349,0.9081016620273675,82.14392102087714,0.3436914745531127,0.28832519047755634,0.3160083325153349,0.9081016620273675,82.14392102087714,algorithm_native_internal_best_so_far.v1,true
noise001,fepysr,65,150,150,1.0,0.34317691673656514,0.2883720509103651,0.31577448382346546,0.9071169225143821,82.2757328859627,0.34317691673656514,0.2883720509103651,0.31577448382346546,0.9071169225143821,82.2757328859627,algorithm_native_internal_best_so_far.v1,true
noise001,fepysr,66,150,150,1.0,0.34317691673656514,0.2883720509103651,0.31577448382346546,0.9071169225143821,82.40355045210627,0.34317691673656514,0.2883720509103651,0.31577448382346546,0.9071169225143821,82.40355045210627,algorithm_native_internal_best_so_far.v1,true
noise001,fepysr,67,150,150,1.0,0.34388432431132426,0.2888892838639848,0.31638680408765496,0.9098139584286711,82.53157799525195,0.34388432431132426,0.2888892838639848,0.31638680408765496,0.9098139584286711,82.53157799525195,algorithm_native_internal_best_so_far.v1,true
noise001,fepysr,68,150,150,1.0,0.34386838281286,0.2889003060152637,0.3163843444140622,0.9098025915061976,82.6558233063603,0.34386838281286,0.2889003060152637,0.3163843444140622,0.9098025915061976,82.6558233063603,algorithm_native_internal_best_so_far.v1,true
noise001,fepysr,69,150,150,1.0,0.3439809086850773,0.28891582695900353,0.31644836782204083,0.9101179431787388,82.77692433551267,0.3439809086850773,0.28891582695900353,0.31644836782204083,0.9101179431787388,82.77692433551267,algorithm_native_internal_best_so_far.v1,true
noise001,fepysr,70,150,150,1.0,0.34440775547052127,0.28937215722045573,0.31688995634548883,0.9118005646060845,82.89696908015691,0.34440775547052127,0.28937215722045573,0.31688995634548883,0.9118005646060845,82.89696908015691,algorithm_native_internal_best_so_far.v1,true
noise001,fepysr,71,150,150,1.0,0.3420234202260435,0.28714489738558363,0.31458415880581386,0.9097100185183318,83.01068785158897,0.3420234202260435,0.28714489738558363,0.31458415880581386,0.9097100185183318,83.01068785158897,algorithm_native_internal_best_so_far.v1,true
noise001,fepysr,72,150,150,1.0,0.3420743450453747,0.28716666672438423,0.3146205058848798,0.9098734365874035,83.12147473779939,0.3420743450453747,0.28716666672438423,0.3146205058848798,0.9098734365874035,83.12147473779939,algorithm_native_internal_best_so_far.v1,true
noise001,fepysr,73,150,150,1.0,0.34266348186393364,0.28772704620821815,0.31519526403607634,0.9108008640869072,83.23049681548284,0.34266348186393364,0.28772704620821815,0.31519526403607634,0.9108008640869072,83.23049681548284,algorithm_native_internal_best_so_far.v1,true
noise001,fepysr,74,150,150,1.0,0.34266348186393364,0.28772704620821815,0.31519526403607634,0.9108008640869072,83.3365723505262,0.34266348186393364,0.28772704620821815,0.31519526403607634,0.9108008640869072,83.3365723505262,algorithm_native_internal_best_so_far.v1,true
noise001,fepysr,75,150,150,1.0,0.3429974235918984,0.28667589668672677,0.314836660139313,0.9077247367969538,83.43571770158178,0.3429974235918984,0.28667589668672677,0.314836660139313,0.9077247367969538,83.43571770158178,algorithm_native_internal_best_so_far.v1,true
noise001,fepysr,76,150,150,1.0,0.34299724937479026,0.28667608023285607,0.3148366648038236,0.9077247630673334,83.53225399901798,0.34299724937479026,0.28667608023285607,0.3148366648038236,0.9077247630673334,83.53225399901798,algorithm_native_internal_best_so_far.v1,true
noise001,fepysr,77,150,150,1.0,0.34128597818885814,0.28496462755610996,0.3131253028724845,0.9060134011359945,83.62406031219437,0.34128597818885814,0.28496462755610996,0.3131253028724845,0.9060134011359945,83.62406031219437,algorithm_native_internal_best_so_far.v1,true
noise001,fepysr,78,150,150,1.0,0.34303660001723785,0.28648640686548277,0.3147615034413607,0.9091872621883573,83.71758166997182,0.34303660001723785,0.28648640686548277,0.3147615034413607,0.9091872621883573,83.71758166997182,algorithm_native_internal_best_so_far.v1,true
noise001,fepysr,79,150,150,1.0,0.3433150685192345,0.28583494854915004,0.31457500853419273,0.9092666574295474,83.80883589874374,0.3433150685192345,0.28583494854915004,0.31457500853419273,0.9092666574295474,83.80883589874374,algorithm_native_internal_best_so_far.v1,true
noise001,fepysr,80,150,150,1.0,0.3433150685192345,0.28583494854915004,0.31457500853419273,0.9092666574295474,83.89780877179638,0.3433150685192345,0.28583494854915004,0.31457500853419273,0.9092666574295474,83.89780877179638,algorithm_native_internal_best_so_far.v1,true
noise001,fepysr,81,150,150,1.0,0.34338221911741534,0.2867020458303052,0.31504213247386065,0.9101703983100801,83.98570051326814,0.34338221911741534,0.2867020458303052,0.31504213247386065,0.9101703983100801,83.98570051326814,algorithm_native_internal_best_so_far.v1,true
noise001,fepysr,82,150,150,1.0,0.3433820245939046,0.2867020267075051,0.31504202565070527,0.9101696506312023,84.07144764192486,0.3433820245939046,0.2867020267075051,0.31504202565070527,0.9101696506312023,84.07144764192486,algorithm_native_internal_best_so_far.v1,true
noise001,fepysr,83,150,150,1.0,0.3436351965152047,0.28639200614687405,0.3150136013310398,0.9104269700540474,84.15543859811137,0.3436351965152047,0.28639200614687405,0.3150136013310398,0.9104269700540474,84.15543859811137,algorithm_native_internal_best_so_far.v1,true
noise001,fepysr,84,150,150,1.0,0.34633034424841963,0.2890354992013495,0.31768292172488494,0.9147034701467178,84.24252084116567,0.34633034424841963,0.2890354992013495,0.31768292172488494,0.9147034701467178,84.24252084116567,algorithm_native_internal_best_so_far.v1,true
noise001,fepysr,85,150,150,1.0,0.34633034424841963,0.2890354992013495,0.31768292172488494,0.9147034701467178,84.32755409026574,0.34633034424841963,0.2890354992013495,0.31768292172488494,0.9147034701467178,84.32755409026574,algorithm_native_internal_best_so_far.v1,true
noise001,fepysr,86,150,150,1.0,0.3464875733515018,0.2873937951867727,0.31694068426913774,0.9122612883109068,84.40777007562416,0.3464875733515018,0.2873937951867727,0.31694068426913774,0.9122612883109068,84.40777007562416,algorithm_native_internal_best_so_far.v1,true
noise001,fepysr,87,150,150,1.0,0.34789216464628975,0.29037762530801886,0.31913489497715475,0.914455499018924,84.48866409661575,0.34789216464628975,0.29037762530801886,0.31913489497715475,0.914455499018924,84.48866409661575,algorithm_native_internal_best_so_far.v1,true
noise001,fepysr,88,150,150,1.0,0.3479572905796765,0.2904443698379375,0.31920083020880746,0.9148870445825514,84.56821000981621,0.3479572905796765,0.2904443698379375,0.31920083020880746,0.9148870445825514,84.56821000981621,algorithm_native_internal_best_so_far.v1,true
noise001,fepysr,89,150,150,1.0,0.3479537874287353,0.29044119707538646,0.31919749225206134,0.9148825810153893,84.64596335916141,0.3479537874287353,0.29044119707538646,0.31919749225206134,0.9148825810153893,84.64596335916141,algorithm_native_internal_best_so_far.v1,true
noise001,fepysr,90,150,150,1.0,0.3479537874287353,0.29044119707538646,0.31919749225206134,0.9148825810153893,84.72198885629894,0.3479537874287353,0.29044119707538646,0.31919749225206134,0.9148825810153893,84.72198885629894,algorithm_native_internal_best_so_far.v1,true
noise001,fepysr,91,150,150,1.0,0.3487412469542008,0.2916355379339297,0.32018839244406566,0.916911063435323,84.79857256494985,0.3487412469542008,0.2916355379339297,0.32018839244406566,0.916911063435323,84.79857256494985,algorithm_native_internal_best_so_far.v1,true
noise001,fepysr,92,150,150,1.0,0.34788444437392435,0.2910055995264949,0.31944502195021,0.9156981063024764,84.87217297870308,0.34788444437392435,0.2910055995264949,0.31944502195021,0.9156981063024764,84.87217297870308,algorithm_native_internal_best_so_far.v1,true
noise001,fepysr,93,150,150,1.0,0.3478840505478827,0.29100541473846986,0.31944473264317663,0.9156964769341807,84.94418883585057,0.3478840505478827,0.29100541473846986,0.31944473264317663,0.9156964769341807,84.94418883585057,algorithm_native_internal_best_so_far.v1,true
noise001,fepysr,94,150,150,1.0,0.3479900377990282,0.29081755488130717,0.319403796340168,0.9156172778022477,85.01458818632263,0.3479900377990282,0.29081755488130717,0.319403796340168,0.9156172778022477,85.01458818632263,algorithm_native_internal_best_so_far.v1,true
noise001,fepysr,95,150,150,1.0,0.3478852579568061,0.29076795969541064,0.3193266088261087,0.9155187603015174,85.08340174257346,0.3478852579568061,0.29076795969541064,0.3193266088261087,0.9155187603015174,85.08340174257346,algorithm_native_internal_best_so_far.v1,true
noise001,fepysr,96,150,150,1.0,0.34794843692577787,0.29024905994053946,0.31909874843315894,0.9148429554340608,85.15007771966546,0.34794843692577787,0.29024905994053946,0.31909874843315894,0.9148429554340608,85.15007771966546,algorithm_native_internal_best_so_far.v1,true
noise001,fepysr,97,150,150,1.0,0.34794843692577787,0.29024905994053946,0.31909874843315894,0.9148429554340608,85.21537893434319,0.34794843692577787,0.29024905994053946,0.31909874843315894,0.9148429554340608,85.21537893434319,algorithm_native_internal_best_so_far.v1,true
noise001,fepysr,98,150,150,1.0,0.34806378770206775,0.29022992535247244,0.31914685652727043,0.914999221219879,85.27950692605384,0.34806378770206775,0.29022992535247244,0.31914685652727043,0.914999221219879,85.27950692605384,algorithm_native_internal_best_so_far.v1,true
noise001,fepysr,99,150,150,1.0,0.34806378770206775,0.29022992535247244,0.31914685652727043,0.914999221219879,85.34233940278044,0.34806378770206775,0.29022992535247244,0.31914685652727043,0.914999221219879,85.34233940278044,algorithm_native_internal_best_so_far.v1,true
noise001,fepysr,100,150,150,1.0,0.3480638838869821,0.29022955894456115,0.31914672141577194,0.9149989750712593,85.40391498382388,0.3480638838869821,0.29022955894456115,0.31914672141577194,0.9149989750712593,85.40391498382388,algorithm_native_internal_best_so_far.v1,true
noise001,fepysr,101,150,150,1.0,0.3481863382568509,0.29170104994976975,0.3199436941033107,0.9169046058886259,85.46615800961635,0.3481863382568509,0.29170104994976975,0.3199436941033107,0.9169046058886259,85.46615800961635,algorithm_native_internal_best_so_far.v1,true
noise001,fepysr,102,150,150,1.0,0.34919077741185134,0.29219119417248324,0.3206909857921676,0.919835442711678,85.53005395335705,0.34919077741185134,0.29219119417248324,0.3206909857921676,0.919835442711678,85.53005395335705,algorithm_native_internal_best_so_far.v1,true
noise001,fepysr,103,150,150,1.0,0.35772497930909863,0.2982351720062059,0.3279800756576526,0.9311817073814976,85.60372499010262,0.35772497930909863,0.2982351720062059,0.3279800756576526,0.9311817073814976,85.60372499010262,algorithm_native_internal_best_so_far.v1,true
noise001,fepysr,104,150,150,1.0,0.3577249543464736,0.29823517197982796,0.32798006316315115,0.931181619925662,85.67597919204938,0.3577249543464736,0.29823517197982796,0.32798006316315115,0.931181619925662,85.67597919204938,algorithm_native_internal_best_so_far.v1,true
noise001,fepysr,105,150,150,1.0,0.3573571917949981,0.29764612815338337,0.327501659974191,0.9299902958627851,85.74572252913728,0.3573571917949981,0.29764612815338337,0.327501659974191,0.9299902958627851,85.74572252913728,algorithm_native_internal_best_so_far.v1,true
noise001,fepysr,106,150,150,1.0,0.3573571917949981,0.29764612815338337,0.327501659974191,0.9299902958627851,85.81414995420464,0.3573571917949981,0.29764612815338337,0.327501659974191,0.9299902958627851,85.81414995420464,algorithm_native_internal_best_so_far.v1,true
noise001,fepysr,107,150,150,1.0,0.35750863933954324,0.2979048777664381,0.32770675855299103,0.9307190394213253,85.88197943072734,0.35750863933954324,0.2979048777664381,0.32770675855299103,0.9307190394213253,85.88197943072734,algorithm_native_internal_best_so_far.v1,true
noise001,fepysr,108,150,150,1.0,0.3597448209924469,0.3016977025561594,0.3307212617743035,0.9366285374444892,85.9540245632618,0.3597448209924469,0.3016977025561594,0.3307212617743035,0.9366285374444892,85.9540245632618,algorithm_native_internal_best_so_far.v1,true
noise001,fepysr,109,150,150,1.0,0.36067459824560566,0.30204570997724917,0.3313601541114277,0.9393061728884643,86.0272043130378,0.36067459824560566,0.30204570997724917,0.3313601541114277,0.9393061728884643,86.0272043130378,algorithm_native_internal_best_so_far.v1,true
noise001,fepysr,110,150,150,1.0,0.36067459824560566,0.30204570997724917,0.3313601541114277,0.9393061728884643,86.09905352190879,0.36067459824560566,0.30204570997724917,0.3313601541114277,0.9393061728884643,86.09905352190879,algorithm_native_internal_best_so_far.v1,true
noise001,fepysr,111,150,150,1.0,0.36067459824560566,0.30204570997724917,0.3313601541114277,0.9393061728884643,86.16960815043976,0.36067459824560566,0.30204570997724917,0.3313601541114277,0.9393061728884643,86.16960815043976,algorithm_native_internal_best_so_far.v1,true
noise001,fepysr,112,150,150,1.0,0.36067459824560566,0.30204570997724917,0.3313601541114277,0.9393061728884643,86.23890287488982,0.36067459824560566,0.30204570997724917,0.3313601541114277,0.9393061728884643,86.23890287488982,algorithm_native_internal_best_so_far.v1,true
noise001,fepysr,113,150,150,1.0,0.36277721829247894,0.3038412624697458,0.33330924038111265,0.9433258476996558,86.31052837838605,0.36277721829247894,0.3038412624697458,0.33330924038111265,0.9433258476996558,86.31052837838605,algorithm_native_internal_best_so_far.v1,true
noise001,fepysr,114,150,150,1.0,0.36277721829247894,0.3038412624697458,0.33330924038111265,0.9433258476996558,86.38089729410166,0.36277721829247894,0.3038412624697458,0.33330924038111265,0.9433258476996558,86.38089729410166,algorithm_native_internal_best_so_far.v1,true
noise001,fepysr,115,150,150,1.0,0.36277721829247894,0.3038412624697458,0.33330924038111265,0.9433258476996558,86.45004240258743,0.36277721829247894,0.3038412624697458,0.33330924038111265,0.9433258476996558,86.45004240258743,algorithm_native_internal_best_so_far.v1,true
noise001,fepysr,116,150,150,1.0,0.3629446621200124,0.3042949664218093,0.33361981427091114,0.9450984341394104,86.51952344578876,0.3629446621200124,0.3042949664218093,0.33361981427091114,0.9450984341394104,86.51952344578876,algorithm_native_internal_best_so_far.v1,true
noise001,fepysr,117,150,150,1.0,0.3631186052559461,0.30398723559457463,0.33355292042526064,0.9449596313277495,86.58769814396813,0.3631186052559461,0.30398723559457463,0.33355292042526064,0.9449596313277495,86.58769814396813,algorithm_native_internal_best_so_far.v1,true
noise001,fepysr,118,150,150,1.0,0.3631186052559461,0.30398723559457463,0.33355292042526064,0.9449596313277495,86.65471733878853,0.3631186052559461,0.30398723559457463,0.33355292042526064,0.9449596313277495,86.65471733878853,algorithm_native_internal_best_so_far.v1,true
noise001,fepysr,119,150,150,1.0,0.3627397140935224,0.3024347086521494,0.33258721137283626,0.9428287532644263,86.718819506752,0.3627397140935224,0.3024347086521494,0.33258721137283626,0.9428287532644263,86.718819506752,algorithm_native_internal_best_so_far.v1,true
noise001,fepysr,120,150,150,1.0,0.3627397140935224,0.3024347086521494,0.33258721137283626,0.9428287532644263,86.78185330524941,0.3627397140935224,0.3024347086521494,0.33258721137283626,0.9428287532644263,86.78185330524941,algorithm_native_internal_best_so_far.v1,true
noise001,fepysr,121,150,150,1.0,0.3627397140935224,0.3024347086521494,0.33258721137283626,0.9428287532644263,86.84384522277993,0.3627397140935224,0.3024347086521494,0.33258721137283626,0.9428287532644263,86.84384522277993,algorithm_native_internal_best_so_far.v1,true
noise001,fepysr,122,150,150,1.0,0.3655919612551648,0.3046122955697457,0.33510212841245557,0.9478280003001672,86.90891862283927,0.3655919612551648,0.3046122955697457,0.33510212841245557,0.9478280003001672,86.90891862283927,algorithm_native_internal_best_so_far.v1,true
noise001,fepysr,123,150,150,1.0,0.3655919612551648,0.3046122955697457,0.33510212841245557,0.9478280003001672,86.97293391883257,0.3655919612551648,0.3046122955697457,0.33510212841245557,0.9478280003001672,86.97293391883257,algorithm_native_internal_best_so_far.v1,true
noise001,fepysr,124,150,150,1.0,0.3655919612551648,0.3046122955697457,0.33510212841245557,0.9478280003001672,87.0359167100518,0.3655919612551648,0.3046122955697457,0.33510212841245557,0.9478280003001672,87.0359167100518,algorithm_native_internal_best_so_far.v1,true
noise001,fepysr,125,150,150,1.0,0.3655919612551648,0.3046122955697457,0.33510212841245557,0.9478280003001672,87.0978917766115,0.3655919612551648,0.3046122955697457,0.33510212841245557,0.9478280003001672,87.0978917766115,algorithm_native_internal_best_so_far.v1,true
noise001,fepysr,126,150,150,1.0,0.365502979589019,0.3052461435634339,0.33537456157622675,0.9484661450598403,87.15938957605097,0.365502979589019,0.3052461435634339,0.33537456157622675,0.9484661450598403,87.15938957605097,algorithm_native_internal_best_so_far.v1,true
noise001,fepysr,127,150,150,1.0,0.36539552577060513,0.3051751635103031,0.33528534464045445,0.9480638100025519,87.21960210695022,0.36539552577060513,0.3051751635103031,0.33528534464045445,0.9480638100025519,87.21960210695022,algorithm_native_internal_best_so_far.v1,true
noise001,fepysr,128,150,150,1.0,0.36538418333099854,0.30522967362476167,0.3353069284778804,0.948211219618818,87.27898898081686,0.36538418333099854,0.30522967362476167,0.3353069284778804,0.948211219618818,87.27898898081686,algorithm_native_internal_best_so_far.v1,true
noise001,fepysr,129,150,150,1.0,0.36538418333099854,0.30522967362476167,0.3353069284778804,0.948211219618818,87.33745512795689,0.36538418333099854,0.30522967362476167,0.3353069284778804,0.948211219618818,87.33745512795689,algorithm_native_internal_best_so_far.v1,true
noise001,fepysr,130,150,150,1.0,0.3653841860481536,0.30522966236288074,0.3353069242055175,0.9482111925716665,87.39502177510467,0.3653841860481536,0.30522966236288074,0.3353069242055175,0.9482111925716665,87.39502177510467,algorithm_native_internal_best_so_far.v1,true
noise001,fepysr,131,150,150,1.0,0.3653841860481536,0.30522966236288074,0.3353069242055175,0.9482111925716665,87.45170954214329,0.3653841860481536,0.30522966236288074,0.3353069242055175,0.9482111925716665,87.45170954214329,algorithm_native_internal_best_so_far.v1,true
noise001,fepysr,132,150,150,1.0,0.365595062875758,0.3059988438073642,0.3357969533415614,0.9501131692983062,87.50897929508032,0.365595062875758,0.3059988438073642,0.3357969533415614,0.9501131692983062,87.50897929508032,algorithm_native_internal_best_so_far.v1,true
noise001,fepysr,133,150,150,1.0,0.365595062875758,0.3059988438073642,0.3357969533415614,0.9501131692983062,87.56538784872507,0.365595062875758,0.3059988438073642,0.3357969533415614,0.9501131692983062,87.56538784872507,algorithm_native_internal_best_so_far.v1,true
noise001,fepysr,134,150,150,1.0,0.36612078315995367,0.30609202209004743,0.3361064026250009,0.9507719006081682,87.62144607418844,0.36612078315995367,0.30609202209004743,0.3361064026250009,0.9507719006081682,87.62144607418844,algorithm_native_internal_best_so_far.v1,true
noise001,fepysr,135,150,150,1.0,0.36611877202518345,0.3060908165116942,0.33610479426843914,0.9507698743364366,87.6766723064807,0.36611877202518345,0.3060908165116942,0.33610479426843914,0.9507698743364366,87.6766723064807,algorithm_native_internal_best_so_far.v1,true
noise001,fepysr,136,150,150,1.0,0.36611877202518345,0.3060908165116942,0.33610479426843914,0.9507698743364366,87.73108638829807,0.36611877202518345,0.3060908165116942,0.33610479426843914,0.9507698743364366,87.73108638829807,algorithm_native_internal_best_so_far.v1,true
noise001,fepysr,137,150,150,1.0,0.36611877202518345,0.3060908165116942,0.33610479426843914,0.9507698743364366,87.78470610395752,0.36611877202518345,0.3060908165116942,0.33610479426843914,0.9507698743364366,87.78470610395752,algorithm_native_internal_best_so_far.v1,true
noise001,fepysr,138,150,150,1.0,0.36611877202518345,0.3060908165116942,0.33610479426843914,0.9507698743364366,87.83754872228857,0.36611877202518345,0.3060908165116942,0.33610479426843914,0.9507698743364366,87.83754872228857,algorithm_native_internal_best_so_far.v1,true
noise001,fepysr,139,150,150,1.0,0.36611877202518345,0.3060908165116942,0.33610479426843914,0.9507698743364366,87.88963101517601,0.36611877202518345,0.3060908165116942,0.33610479426843914,0.9507698743364366,87.88963101517601,algorithm_native_internal_best_so_far.v1,true
noise001,fepysr,140,150,150,1.0,0.36611877202518345,0.3060908165116942,0.33610479426843914,0.9507698743364366,87.94096927530792,0.36611877202518345,0.3060908165116942,0.33610479426843914,0.9507698743364366,87.94096927530792,algorithm_native_internal_best_so_far.v1,true
noise001,fepysr,141,150,150,1.0,0.36611877202518345,0.3060908165116942,0.33610479426843914,0.9507698743364366,87.99157933316845,0.36611877202518345,0.3060908165116942,0.33610479426843914,0.9507698743364366,87.99157933316845,algorithm_native_internal_best_so_far.v1,true
noise001,fepysr,142,150,150,1.0,0.36611877202518345,0.3060908165116942,0.33610479426843914,0.9507698743364366,88.04147657331264,0.36611877202518345,0.3060908165116942,0.33610479426843914,0.9507698743364366,88.04147657331264,algorithm_native_internal_best_so_far.v1,true
noise001,fepysr,143,150,150,1.0,0.3666367409597118,0.30668975859820846,0.3366632497789605,0.952346243072333,88.09177830571768,0.3666367409597118,0.30668975859820846,0.3366632497789605,0.952346243072333,88.09177830571768,algorithm_native_internal_best_so_far.v1,true
noise001,fepysr,144,150,150,1.0,0.3666367409597118,0.30668975859820846,0.3366632497789605,0.952346243072333,88.14138140295042,0.3666367409597118,0.30668975859820846,0.3366632497789605,0.952346243072333,88.14138140295042,algorithm_native_internal_best_so_far.v1,true
noise001,fepysr,145,150,150,1.0,0.3666367409597118,0.30668975859820846,0.3366632497789605,0.952346243072333,88.19030031953167,0.3666367409597118,0.30668975859820846,0.3366632497789605,0.952346243072333,88.19030031953167,algorithm_native_internal_best_so_far.v1,true
noise001,fepysr,146,150,150,1.0,0.3666367409597118,0.30668975859820846,0.3366632497789605,0.952346243072333,88.23854911396799,0.3666367409597118,0.30668975859820846,0.3366632497789605,0.952346243072333,88.23854911396799,algorithm_native_internal_best_so_far.v1,true
noise001,fepysr,147,150,150,1.0,0.3666367409597118,0.30668975859820846,0.3366632497789605,0.952346243072333,88.28614146222148,0.3666367409597118,0.30668975859820846,0.3366632497789605,0.952346243072333,88.28614146222148,algorithm_native_internal_best_so_far.v1,true
noise001,fepysr,148,150,150,1.0,0.3670211145160791,0.3075195974743926,0.3372703559952362,0.9536858478619045,88.33399580900505,0.3670211145160791,0.3075195974743926,0.3372703559952362,0.9536858478619045,88.33399580900505,algorithm_native_internal_best_so_far.v1,true
noise001,fepysr,149,150,150,1.0,0.3670211145160791,0.3075195974743926,0.3372703559952362,0.9536858478619045,88.38120781556333,0.3670211145160791,0.3075195974743926,0.3372703559952362,0.9536858478619045,88.38120781556333,algorithm_native_internal_best_so_far.v1,true
noise001,fepysr,150,150,150,1.0,0.3670211289914812,0.30751959760313546,0.3372703632973086,0.9536858606140691,88.42779033720228,0.3670211289914812,0.30751959760313546,0.3372703632973086,0.9536858606140691,88.42779033720228,algorithm_native_internal_best_so_far.v1,true
noise001,fepysr,151,150,150,1.0,0.3671382860271489,0.3067840851463646,0.33696118558675703,0.9529465898931496,88.47326628854077,0.3671382860271489,0.3067840851463646,0.33696118558675703,0.9529465898931496,88.47326628854077,algorithm_native_internal_best_so_far.v1,true
noise001,fepysr,152,150,150,1.0,0.3671382860271489,0.3067840851463646,0.33696118558675703,0.9529465898931496,88.51814387209849,0.3671382860271489,0.3067840851463646,0.33696118558675703,0.9529465898931496,88.51814387209849,algorithm_native_internal_best_so_far.v1,true
noise001,fepysr,153,150,150,1.0,0.36713731419817414,0.30678556746587327,0.336961440832024,0.9529477694615157,88.56243559153674,0.36713731419817414,0.30678556746587327,0.336961440832024,0.9529477694615157,88.56243559153674,algorithm_native_internal_best_so_far.v1,true
noise001,fepysr,154,150,150,1.0,0.36676682142740996,0.30630588357422267,0.33653635250081665,0.9522667383301489,88.60570986583204,0.36676682142740996,0.30630588357422267,0.33653635250081665,0.9522667383301489,88.60570986583204,algorithm_native_internal_best_so_far.v1,true
noise001,fepysr,155,150,150,1.0,0.36716227595887735,0.30582725427817453,0.3364947651185262,0.9513747524766274,88.6478502876503,0.36716227595887735,0.30582725427817453,0.3364947651185262,0.9513747524766274,88.6478502876503,algorithm_native_internal_best_so_far.v1,true
noise001,fepysr,156,150,150,1.0,0.3671323298177196,0.30577043058001174,0.33645138019886595,0.9512162958071665,88.68934887286227,0.3671323298177196,0.30577043058001174,0.33645138019886595,0.9512162958071665,88.68934887286227,algorithm_native_internal_best_so_far.v1,true
noise001,fepysr,157,150,150,1.0,0.3671395603567229,0.3056587375573018,0.33639914895701273,0.9509894473233974,88.73017432419653,0.3671395603567229,0.3056587375573018,0.33639914895701273,0.9509894473233974,88.73017432419653,algorithm_native_internal_best_so_far.v1,true
noise001,fepysr,158,150,150,1.0,0.3679012387899975,0.30575272920596513,0.33682698399798167,0.9523729570877892,88.77135863675717,0.3679012387899975,0.30575272920596513,0.33682698399798167,0.9523729570877892,88.77135863675717,algorithm_native_internal_best_so_far.v1,true
noise001,fepysr,159,150,150,1.0,0.3679012387899975,0.30575272920596513,0.33682698399798167,0.9523729570877892,88.81202490765038,0.3679012387899975,0.30575272920596513,0.33682698399798167,0.9523729570877892,88.81202490765038,algorithm_native_internal_best_so_far.v1,true
noise001,fepysr,160,150,150,1.0,0.3679012387899975,0.30575272920596513,0.33682698399798167,0.9523729570877892,88.85218285015745,0.3679012387899975,0.30575272920596513,0.33682698399798167,0.9523729570877892,88.85218285015745,algorithm_native_internal_best_so_far.v1,true
noise001,fepysr,161,150,150,1.0,0.3679012387899975,0.30575272920596513,0.33682698399798167,0.9523729570877892,88.89184193623583,0.3679012387899975,0.30575272920596513,0.33682698399798167,0.9523729570877892,88.89184193623583,algorithm_native_internal_best_so_far.v1,true
noise001,fepysr,162,150,150,1.0,0.3679012387899975,0.30575272920596513,0.33682698399798167,0.9523729570877892,88.93101140396759,0.3679012387899975,0.30575272920596513,0.33682698399798167,0.9523729570877892,88.93101140396759,algorithm_native_internal_best_so_far.v1,true
noise001,fepysr,163,150,150,1.0,0.36803799466158327,0.3058205292305247,0.3369292619460544,0.9527778496858121,88.96994866510018,0.36803799466158327,0.3058205292305247,0.3369292619460544,0.9527778496858121,88.96994866510018,algorithm_native_internal_best_so_far.v1,true
noise001,fepysr,164,150,150,1.0,0.3685063660227168,0.30626225589947814,0.3373843109610979,0.9537921195721885,89.00902953883262,0.3685063660227168,0.30626225589947814,0.3373843109610979,0.9537921195721885,89.00902953883262,algorithm_native_internal_best_so_far.v1,true
noise001,fepysr,165,150,150,1.0,0.3685063660227168,0.30626225589947814,0.3373843109610979,0.9537921195721885,89.04763670500466,0.3685063660227168,0.30626225589947814,0.3373843109610979,0.9537921195721885,89.04763670500466,algorithm_native_internal_best_so_far.v1,true
noise001,fepysr,166,150,150,1.0,0.3685063660227168,0.30626225589947814,0.3373843109610979,0.9537921195721885,89.08577872459632,0.3685063660227168,0.30626225589947814,0.3373843109610979,0.9537921195721885,89.08577872459632,algorithm_native_internal_best_so_far.v1,true
noise001,fepysr,167,150,150,1.0,0.3685063660227168,0.30626225589947814,0.3373843109610979,0.9537921195721885,89.12346395353418,0.3685063660227168,0.30626225589947814,0.3373843109610979,0.9537921195721885,89.12346395353418,algorithm_native_internal_best_so_far.v1,true
noise001,fepysr,168,150,150,1.0,0.3685063660227168,0.30626225589947814,0.3373843109610979,0.9537921195721885,89.16070054879422,0.3685063660227168,0.30626225589947814,0.3373843109610979,0.9537921195721885,89.16070054879422,algorithm_native_internal_best_so_far.v1,true
noise001,fepysr,169,150,150,1.0,0.3685063660227168,0.30626225589947814,0.3373843109610979,0.9537921195721885,89.19749647428786,0.3685063660227168,0.30626225589947814,0.3373843109610979,0.9537921195721885,89.19749647428786,algorithm_native_internal_best_so_far.v1,true
noise001,fepysr,170,150,150,1.0,0.3685063660227168,0.30626225589947814,0.3373843109610979,0.9537921195721885,89.23385950654041,0.3685063660227168,0.30626225589947814,0.3373843109610979,0.9537921195721885,89.23385950654041,algorithm_native_internal_best_so_far.v1,true
noise001,fepysr,171,150,150,1.0,0.3685063666698102,0.30626211907723205,0.3373842428735215,0.9537916883199025,89.2697969879758,0.3685063666698102,0.30626211907723205,0.3373842428735215,0.9537916883199025,89.2697969879758,algorithm_native_internal_best_so_far.v1,true
noise001,fepysr,172,150,150,1.0,0.3685063666698102,0.30626211907723205,0.3373842428735215,0.9537916883199025,89.30531659172007,0.3685063666698102,0.30626211907723205,0.3373842428735215,0.9537916883199025,89.30531659172007,algorithm_native_internal_best_so_far.v1,true
noise001,fepysr,173,150,150,1.0,0.3687471986323224,0.30680606729362014,0.3377766329629716,0.955226465007219,89.3412549148935,0.3687471986323224,0.30680606729362014,0.3377766329629716,0.955226465007219,89.3412549148935,algorithm_native_internal_best_so_far.v1,true
noise001,fepysr,174,150,150,1.0,0.3687471986323224,0.30680606729362014,0.3377766329629716,0.955226465007219,89.37678015389251,0.3687471986323224,0.30680606729362014,0.3377766329629716,0.955226465007219,89.37678015389251,algorithm_native_internal_best_so_far.v1,true
noise001,fepysr,175,150,150,1.0,0.3687471986323224,0.30680606729362014,0.3377766329629716,0.955226465007219,89.41189939016012,0.3687471986323224,0.30680606729362014,0.3377766329629716,0.955226465007219,89.41189939016012,algorithm_native_internal_best_so_far.v1,true
noise001,fepysr,176,150,150,1.0,0.3687471986323224,0.30680606729362014,0.3377766329629716,0.955226465007219,89.4466195441974,0.3687471986323224,0.30680606729362014,0.3377766329629716,0.955226465007219,89.4466195441974,algorithm_native_internal_best_so_far.v1,true
noise001,fepysr,177,150,150,1.0,0.3687471986323224,0.30680606729362014,0.3377766329629716,0.955226465007219,89.48094738010998,0.3687471986323224,0.30680606729362014,0.3377766329629716,0.955226465007219,89.48094738010998,algorithm_native_internal_best_so_far.v1,true
noise001,fepysr,178,150,150,1.0,0.3687471986323224,0.30680606729362014,0.3377766329629716,0.955226465007219,89.51488951000107,0.3687471986323224,0.30680606729362014,0.3377766329629716,0.955226465007219,89.51488951000107,algorithm_native_internal_best_so_far.v1,true
noise001,fepysr,179,150,150,1.0,0.3702919077769762,0.30849763182232054,0.3393947697996487,0.958982862806782,89.55055094447411,0.3702919077769762,0.30849763182232054,0.3393947697996487,0.958982862806782,89.55055094447411,algorithm_native_internal_best_so_far.v1,true
noise001,fepysr,180,150,150,1.0,0.3702919077769762,0.30849763182232054,0.3393947697996487,0.958982862806782,89.58581614078636,0.3702919077769762,0.30849763182232054,0.3393947697996487,0.958982862806782,89.58581614078636,algorithm_native_internal_best_so_far.v1,true
noise001,gplearn,1,150,150,1.0,0.24002673535482613,0.21153472029942283,0.22578072782712436,0.8651235237648032,86.51235237648032,0.24002673535482613,0.21153472029942283,0.22578072782712436,0.8651235237648032,86.51235237648032,algorithm_native_internal_best_so_far.v1,true
noise001,gplearn,2,150,150,1.0,0.2607691133272532,0.2205735839274086,0.24067134862733094,0.8894609014567607,87.7292212610782,0.2607691133272532,0.2205735839274086,0.24067134862733094,0.8894609014567607,87.7292212610782,algorithm_native_internal_best_so_far.v1,true
noise001,gplearn,3,150,150,1.0,0.2634573946544169,0.2227902542029808,0.24312382442869884,0.9021858406465623,88.55900886227086,0.2634573946544169,0.2227902542029808,0.24312382442869884,0.9021858406465623,88.55900886227086,algorithm_native_internal_best_so_far.v1,true
noise001,gplearn,4,150,150,1.0,0.26540669019404,0.22423747713237666,0.2448220836632083,0.9078816286007186,89.11629736172112,0.26540669019404,0.22423747713237666,0.2448220836632083,0.9078816286007186,89.11629736172112,algorithm_native_internal_best_so_far.v1,true
noise001,gplearn,5,150,150,1.0,0.26587534417118286,0.22379352322230348,0.24483443369674315,0.9079698528044163,89.45243494546523,0.26587534417118286,0.22379352322230348,0.24483443369674315,0.9079698528044163,89.45243494546523,algorithm_native_internal_best_so_far.v1,true
noise001,gplearn,6,150,150,1.0,0.2667414037459066,0.22428882976834663,0.24551511675712662,0.9108706828828368,89.72487383593496,0.2667414037459066,0.22428882976834663,0.24551511675712662,0.9108706828828368,89.72487383593496,algorithm_native_internal_best_so_far.v1,true
noise001,gplearn,7,150,150,1.0,0.26707625041248095,0.22477299625702282,0.24592462333475193,0.9128188662469722,89.94730423432956,0.26707625041248095,0.22477299625702282,0.24592462333475193,0.9128188662469722,89.94730423432956,algorithm_native_internal_best_so_far.v1,true
noise001,gplearn,8,150,150,1.0,0.2673076525405405,0.22596257981678464,0.24663511617866277,0.9150226286153024,90.14167406272966,0.2673076525405405,0.22596257981678464,0.24663511617866277,0.9150226286153024,90.14167406272966,algorithm_native_internal_best_so_far.v1,true
noise001,gplearn,9,150,150,1.0,0.26893696069749123,0.2246707913770808,0.24680387603728599,0.9165657862883707,90.30999679229714,0.26893696069749123,0.2246707913770808,0.24680387603728599,0.9165657862883707,90.30999679229714,algorithm_native_internal_best_so_far.v1,true
noise001,gplearn,10,150,150,1.0,0.27010715277861036,0.2243283980878274,0.24721777543321896,0.9177338707386306,90.45633582045373,0.27010715277861036,0.2243283980878274,0.24721777543321896,0.9177338707386306,90.45633582045373,algorithm_native_internal_best_so_far.v1,true
noise001,gplearn,11,150,150,1.0,0.2705998664053181,0.2236252214155321,0.24711254391042511,0.9173473753345441,90.57255415799924,0.2705998664053181,0.2236252214155321,0.24711254391042511,0.9173473753345441,90.57255415799924,algorithm_native_internal_best_so_far.v1,true
noise001,gplearn,12,150,150,1.0,0.27084896261655883,0.22409356169915545,0.24747126215785722,0.918690653075349,90.68059675379386,0.27084896261655883,0.22409356169915545,0.24747126215785722,0.918690653075349,90.68059675379386,algorithm_native_internal_best_so_far.v1,true
noise001,gplearn,13,150,150,1.0,0.2768334152392435,0.2296472096110754,0.25324031242515954,0.9246931467700036,90.81819044019436,0.2768334152392435,0.2296472096110754,0.25324031242515954,0.9246931467700036,90.81819044019436,algorithm_native_internal_best_so_far.v1,true
noise001,gplearn,14,150,150,1.0,0.27706145183015285,0.22966987612228276,0.2533656639762179,0.9252374601201084,90.94001583818125,0.27706145183015285,0.22966987612228276,0.2533656639762179,0.9252374601201084,90.94001583818125,algorithm_native_internal_best_so_far.v1,true
noise001,gplearn,15,150,150,1.0,0.2780336944673532,0.23079623913959385,0.25441496680347364,0.9283321873988548,91.06622936496154,0.2780336944673532,0.23079623913959385,0.25441496680347364,0.9283321873988548,91.06622936496154,algorithm_native_internal_best_so_far.v1,true
noise001,gplearn,16,150,150,1.0,0.2786821207865153,0.2319864332783916,0.2553342770324534,0.9314568184173676,91.19619514476,0.2786821207865153,0.2319864332783916,0.2553342770324534,0.9314568184173676,91.19619514476,algorithm_native_internal_best_so_far.v1,true
noise001,gplearn,17,150,150,1.0,0.27869725031968073,0.23128452248233947,0.25499088640101,0.9305374736921753,91.30546292266926,0.27869725031968073,0.23128452248233947,0.25499088640101,0.9305374736921753,91.30546292266926,algorithm_native_internal_best_so_far.v1,true
noise001,gplearn,18,150,150,1.0,0.2787383708535525,0.23104275918558453,0.25489056501956847,0.9302044511939558,91.40073971137627,0.2787383708535525,0.23104275918558453,0.25489056501956847,0.9302044511939558,91.40073971137627,algorithm_native_internal_best_so_far.v1,true
noise001,gplearn,19,150,150,1.0,0.2788558228465816,0.2310531788702948,0.25495450085843824,0.9305291096620857,91.48769609320955,0.2788558228465816,0.2310531788702948,0.25495450085843824,0.9305291096620857,91.48769609320955,algorithm_native_internal_best_so_far.v1,true
noise001,gplearn,20,150,150,1.0,0.2789604166509237,0.23214740818862098,0.2555539124197722,0.933422187129054,91.58042222419434,0.2789604166509237,0.23214740818862098,0.2555539124197722,0.933422187129054,91.58042222419434,algorithm_native_internal_best_so_far.v1,true
noise001,gplearn,21,150,150,1.0,0.2791708045859544,0.23154570843453504,0.25535825651024463,0.9328928037527606,91.6617964218649,0.2791708045859544,0.23154570843453504,0.25535825651024463,0.9328928037527606,91.6617964218649,algorithm_native_internal_best_so_far.v1,true
noise001,gplearn,22,150,150,1.0,0.27929095066328485,0.23146456167512014,0.2553777561692024,0.9333244133753499,91.73773482712262,0.27929095066328485,0.23146456167512014,0.2553777561692024,0.9333244133753499,91.73773482712262,algorithm_native_internal_best_so_far.v1,true
noise001,gplearn,23,150,150,1.0,0.2792303764172306,0.23134477328025696,0.2552875748487438,0.9328616401511274,91.80505783529613,0.2792303764172306,0.23134477328025696,0.2552875748487438,0.9328616401511274,91.80505783529613,algorithm_native_internal_best_so_far.v1,true
noise001,gplearn,24,150,150,1.0,0.2791619427815538,0.2319446207742185,0.2555532817778861,0.9339254063423584,91.87120295191859,0.2791619427815538,0.2319446207742185,0.2555532817778861,0.9339254063423584,91.87120295191859,algorithm_native_internal_best_so_far.v1,true
noise001,gplearn,25,150,150,1.0,0.2794002269197321,0.23185737868887424,0.25562880280430306,0.9340345138490151,91.9324928892379,0.2794002269197321,0.23185737868887424,0.25562880280430306,0.9340345138490151,91.9324928892379,algorithm_native_internal_best_so_far.v1,true
noise001,gplearn,26,150,150,1.0,0.27938819692162675,0.2318674047923772,0.2556278008570019,0.9340370053129198,91.98907779854768,0.27938819692162675,0.2318674047923772,0.2556278008570019,0.9340370053129198,91.98907779854768,algorithm_native_internal_best_so_far.v1,true
noise001,gplearn,27,150,150,1.0,0.2795526607251974,0.23184494859088958,0.2556988046580434,0.9343652063034004,92.04268679231778,0.2795526607251974,0.23184494859088958,0.2556988046580434,0.9343652063034004,92.04268679231778,algorithm_native_internal_best_so_far.v1,true
noise001,gplearn,28,150,150,1.0,0.2804495374586016,0.2351009872652232,0.2577752623619124,0.9413483139802378,92.11740624252157,0.2804495374586016,0.2351009872652232,0.2577752623619124,0.9413483139802378,92.11740624252157,algorithm_native_internal_best_so_far.v1,true
noise001,gplearn,29,150,150,1.0,0.2805033751233054,0.23485745896503127,0.25768041704416833,0.9414035778799932,92.18716319236562,0.2805033751233054,0.23485745896503127,0.25768041704416833,0.9414035778799932,92.18716319236562,algorithm_native_internal_best_so_far.v1,true
noise001,gplearn,30,150,150,1.0,0.28096464882444006,0.23513265021838473,0.2580486495214123,0.9420588809159798,92.25445402234003,0.28096464882444006,0.23513265021838473,0.2580486495214123,0.9420588809159798,92.25445402234003,algorithm_native_internal_best_so_far.v1,true
noise001,gplearn,31,150,150,1.0,0.28535700803843006,0.2394661948414345,0.2624116014399322,0.9469599516554793,92.33321341405642,0.28535700803843006,0.2394661948414345,0.2624116014399322,0.9469599516554793,92.33321341405642,algorithm_native_internal_best_so_far.v1,true
noise001,gplearn,32,150,150,1.0,0.28541337442376224,0.23931190927059035,0.2623626418471762,0.9467470081771815,92.40638489542083,0.28541337442376224,0.23931190927059035,0.2623626418471762,0.9467470081771815,92.40638489542083,algorithm_native_internal_best_so_far.v1,true
noise001,gplearn,33,150,150,1.0,0.28549416460634747,0.2394365335695208,0.262465349087934,0.9473912874122186,92.47707410286935,0.28549416460634747,0.2394365335695208,0.262465349087934,0.9473912874122186,92.47707410286935,algorithm_native_internal_best_so_far.v1,true
noise001,gplearn,34,150,150,1.0,0.2855417287746844,0.23992778303692214,0.2627347559058032,0.9482238601215432,92.54605386490715,0.2855417287746844,0.23992778303692214,0.2627347559058032,0.9482238601215432,92.54605386490715,algorithm_native_internal_best_so_far.v1,true
noise001,gplearn,35,150,150,1.0,0.2860121632269065,0.23984943946053405,0.2629308013437202,0.9492334039036527,92.6139763370631,0.2860121632269065,0.23984943946053405,0.2629308013437202,0.9492334039036527,92.6139763370631,algorithm_native_internal_best_so_far.v1,true
noise001,gplearn,36,150,150,1.0,0.28609348458036027,0.2397752172672608,0.2629343509238106,0.9493604707378112,92.67847830197192,0.28609348458036027,0.2397752172672608,0.2629343509238106,0.9493604707378112,92.67847830197192,algorithm_native_internal_best_so_far.v1,true
noise001,gplearn,37,150,150,1.0,0.28642192196415694,0.24060868199033256,0.2635153019772447,0.950174692177219,92.74169427266787,0.28642192196415694,0.24060868199033256,0.2635153019772447,0.950174692177219,92.74169427266787,algorithm_native_internal_best_so_far.v1,true
noise001,gplearn,38,150,150,1.0,0.2863984541865056,0.24061012859317732,0.26350429138984144,0.9501267151952251,92.80145683179562,0.2863984541865056,0.24061012859317732,0.26350429138984144,0.9501267151952251,92.80145683179562,algorithm_native_internal_best_so_far.v1,true
noise001,gplearn,39,150,150,1.0,0.2861510267332013,0.24029286433816346,0.2632219455356824,0.9497099097656729,92.8570859124308,0.2861510267332013,0.24029286433816346,0.2632219455356824,0.9497099097656729,92.8570859124308,algorithm_native_internal_best_so_far.v1,true
noise001,gplearn,40,150,150,1.0,0.2864285193070218,0.2405223397726958,0.26347542953985875,0.950758788568812,92.91255573604205,0.2864285193070218,0.2405223397726958,0.26347542953985875,0.950758788568812,92.91255573604205,algorithm_native_internal_best_so_far.v1,true
noise001,gplearn,41,150,150,1.0,0.28666010402441927,0.24045622092589397,0.2635581624751565,0.9510699619429472,92.96607867404822,0.28666010402441927,0.24045622092589397,0.2635581624751565,0.9510699619429472,92.96607867404822,algorithm_native_internal_best_so_far.v1,true
noise001,gplearn,42,150,150,1.0,0.28679620746302237,0.24045629685084605,0.26362625215693414,0.9513491170374685,93.0177175557077,0.28679620746302237,0.24045629685084605,0.26362625215693414,0.9513491170374685,93.0177175557077,algorithm_native_internal_best_so_far.v1,true
noise001,gplearn,43,150,150,1.0,0.28689228418387747,0.24057174582941623,0.2637320150066466,0.9517081547044157,93.0677896002364,0.28689228418387747,0.24057174582941623,0.2637320150066466,0.9517081547044157,93.0677896002364,algorithm_native_internal_best_so_far.v1,true
noise001,gplearn,44,150,150,1.0,0.28673508812771414,0.24129235834126214,0.26401372323448796,0.9529952078267266,93.11851076347358,0.28673508812771414,0.24129235834126214,0.26401372323448796,0.9529952078267266,93.11851076347358,algorithm_native_internal_best_so_far.v1,true
noise001,gplearn,45,150,150,1.0,0.2869257993109126,0.2407240122212852,0.26382490576609874,0.9520872409314275,93.16495994857733,0.2869257993109126,0.2407240122212852,0.26382490576609874,0.9520872409314275,93.16495994857733,algorithm_native_internal_best_so_far.v1,true
noise001,gplearn,46,150,150,1.0,0.2866976300753681,0.24082137852609994,0.2637595043007338,0.9518840135664033,93.20894780527436,0.2866976300753681,0.24082137852609994,0.2637595043007338,0.9518840135664033,93.20894780527436,algorithm_native_internal_best_so_far.v1,true
noise001,gplearn,47,150,150,1.0,0.2857488318287294,0.24060124849840217,0.2631750401635657,0.9498940834412053,93.24682994439877,0.2857488318287294,0.24060124849840217,0.2631750401635657,0.9498940834412053,93.24682994439877,algorithm_native_internal_best_so_far.v1,true
noise001,gplearn,48,150,150,1.0,0.2858734050891592,0.2409095124455108,0.26339145876733483,0.950913336544131,93.28525710502406,0.2858734050891592,0.2409095124455108,0.26339145876733483,0.950913336544131,93.28525710502406,algorithm_native_internal_best_so_far.v1,true
noise001,gplearn,49,150,150,1.0,0.28674079048468476,0.24087473979653004,0.2638077651406073,0.9523499155375776,93.32504760397781,0.28674079048468476,0.24087473979653004,0.2638077651406073,0.9523499155375776,93.32504760397781,algorithm_native_internal_best_so_far.v1,true
noise001,gplearn,50,150,150,1.0,0.28740962608657755,0.24021428845669188,0.26381195727163465,0.9522925883297673,93.36313182855778,0.28740962608657755,0.24021428845669188,0.26381195727163465,0.9522925883297673,93.36313182855778,algorithm_native_internal_best_so_far.v1,true
noise001,gplearn,51,150,150,1.0,0.28749438701820507,0.2400332303228385,0.2637638086705216,0.9520259637909128,93.39919976092119,0.28749438701820507,0.2400332303228385,0.2637638086705216,0.9520259637909128,93.39919976092119,algorithm_native_internal_best_so_far.v1,true
noise001,gplearn,52,150,150,1.0,0.28755270064612237,0.24007336116157799,0.26381303090385005,0.9522138450789586,93.4342417752861,0.28755270064612237,0.24007336116157799,0.26381303090385005,0.9522138450789586,93.4342417752861,algorithm_native_internal_best_so_far.v1,true
noise001,gplearn,53,150,150,1.0,0.28773178906860747,0.240276010000923,0.264003899534765,0.9530816454022762,93.46959880858687,0.28773178906860747,0.240276010000923,0.264003899534765,0.9530816454022762,93.46959880858687,algorithm_native_internal_best_so_far.v1,true
noise001,gplearn,54,150,150,1.0,0.2876925364516206,0.24037938334119469,0.2640359598964075,0.9532515818546888,93.50396101926988,0.2876925364516206,0.24037938334119469,0.2640359598964075,0.9532515818546888,93.50396101926988,algorithm_native_internal_best_so_far.v1,true
noise001,gplearn,55,150,150,1.0,0.28777750815090786,0.24037414738370164,0.2640758277673046,0.9534354346644477,93.53740797285487,0.28777750815090786,0.24037414738370164,0.2640758277673046,0.9534354346644477,93.53740797285487,algorithm_native_internal_best_so_far.v1,true
noise001,gplearn,56,150,150,1.0,0.287751816366119,0.24037305713870044,0.26406243675240954,0.9533624028880826,93.5695299784969,0.287751816366119,0.24037305713870044,0.26406243675240954,0.9533624028880826,93.5695299784969,algorithm_native_internal_best_so_far.v1,true
noise001,gplearn,57,150,150,1.0,0.2879855407721345,0.24038012118955032,0.2641828309808422,0.9538823969984785,93.60143716659077,0.2879855407721345,0.24038012118955032,0.2641828309808422,0.9538823969984785,93.60143716659077,algorithm_native_internal_best_so_far.v1,true
noise001,gplearn,58,150,150,1.0,0.2879369932857037,0.24031614761701153,0.26412657045135746,0.9536659211105507,93.63187087252982,0.2879369932857037,0.24031614761701153,0.26412657045135746,0.9536659211105507,93.63187087252982,algorithm_native_internal_best_so_far.v1,true
noise001,gplearn,59,150,150,1.0,0.2879396136771562,0.24019526528341031,0.2640674394802831,0.9533855443226024,93.66079771252524,0.2879396136771562,0.24019526528341031,0.2640674394802831,0.9533855443226024,93.66079771252524,algorithm_native_internal_best_so_far.v1,true
noise001,gplearn,60,150,150,1.0,0.2878727334230676,0.2403081955713598,0.2640904644972136,0.9534575347305632,93.6888803085341,0.2878727334230676,0.2403081955713598,0.2640904644972136,0.9534575347305632,93.6888803085341,algorithm_native_internal_best_so_far.v1,true
noise001,gplearn,61,150,150,1.0,0.2878859075867051,0.24027460723408153,0.26408025741039326,0.9534017922058916,93.71595078250222,0.2878859075867051,0.24027460723408153,0.26408025741039326,0.9534017922058916,93.71595078250222,algorithm_native_internal_best_so_far.v1,true
noise001,gplearn,62,150,150,1.0,0.2879139041403378,0.24025357438034248,0.2640837392603402,0.9534235971107651,93.74218318457598,0.2879139041403378,0.24025357438034248,0.2640837392603402,0.9534235971107651,93.74218318457598,algorithm_native_internal_best_so_far.v1,true
noise001,gplearn,63,150,150,1.0,0.2880980571725783,0.2404649097211933,0.26428148344688573,0.9539651169500694,93.76844236728124,0.2880980571725783,0.2404649097211933,0.26428148344688573,0.9539651169500694,93.76844236728124,algorithm_native_internal_best_so_far.v1,true
noise001,gplearn,64,150,150,1.0,0.28818396972140287,0.2405520371924825,0.2643680034569426,0.9542000309017419,93.79424800357646,0.28818396972140287,0.2405520371924825,0.2643680034569426,0.9542000309017419,93.79424800357646,algorithm_native_internal_best_so_far.v1,true
noise001,gplearn,65,150,150,1.0,0.2876267412785138,0.24079867742643438,0.264212709352474,0.9532572447434517,93.81780918004982,0.2876267412785138,0.24079867742643438,0.264212709352474,0.9532572447434517,93.81780918004982,algorithm_native_internal_best_so_far.v1,true
noise001,gplearn,66,150,150,1.0,0.28778652808217414,0.24086045725227956,0.2643234926672267,0.9537275502437745,93.84136896556994,0.28778652808217414,0.24086045725227956,0.2643234926672267,0.9537275502437745,93.84136896556994,algorithm_native_internal_best_so_far.v1,true
noise001,gplearn,67,150,150,1.0,0.2881190028066972,0.2408281237535008,0.2644735632800989,0.9541755042474948,93.8648940619756,0.2881190028066972,0.2408281237535008,0.2644735632800989,0.9541755042474948,93.8648940619756,algorithm_native_internal_best_so_far.v1,true
noise001,gplearn,68,150,150,1.0,0.28828150625375326,0.24054592407002068,0.26441371516188683,0.9536897638689121,93.88701291969495,0.28828150625375326,0.24054592407002068,0.26441371516188683,0.9536897638689121,93.88701291969495,algorithm_native_internal_best_so_far.v1,true
noise001,gplearn,69,150,150,1.0,0.2884646739187617,0.24059935865551674,0.2645320162871391,0.9540540167320603,93.90901855380382,0.2884646739187617,0.24059935865551674,0.2645320162871391,0.9540540167320603,93.90901855380382,algorithm_native_internal_best_so_far.v1,true
noise001,gplearn,70,150,150,1.0,0.2885165883018164,0.24061010476634948,0.264563346534083,0.9540596135823991,93.93040345101005,0.2885165883018164,0.24061010476634948,0.264563346534083,0.9540596135823991,93.93040345101005,algorithm_native_internal_best_so_far.v1,true
noise001,gplearn,71,150,150,1.0,0.2886026780425999,0.24057291182541765,0.2645877949340088,0.9542972896088691,93.95152071171255,0.2886026780425999,0.24057291182541765,0.2645877949340088,0.9542972896088691,93.95152071171255,algorithm_native_internal_best_so_far.v1,true
noise001,gplearn,72,150,150,1.0,0.28864422547881113,0.24137693099446755,0.2650105782366393,0.9566485768106522,93.97531705850912,0.28864422547881113,0.24137693099446755,0.2650105782366393,0.9566485768106522,93.97531705850912,algorithm_native_internal_best_so_far.v1,true
noise001,gplearn,73,150,150,1.0,0.28862608628394154,0.2416442651565205,0.265135175720231,0.9569989420781265,93.99894140302013,0.28862608628394154,0.2416442651565205,0.265135175720231,0.9569989420781265,93.99894140302013,algorithm_native_internal_best_so_far.v1,true
noise001,gplearn,74,150,150,1.0,0.28871158738418257,0.2416451979413606,0.2651783926627716,0.9571814140449718,94.02217383547251,0.28871158738418257,0.2416451979413606,0.2651783926627716,0.9571814140449718,94.02217383547251,algorithm_native_internal_best_so_far.v1,true
noise001,gplearn,75,150,150,1.0,0.2887475046565637,0.24170770832964905,0.26522760649310634,0.9574533343814066,94.04514929684143,0.2887475046565637,0.24170770832964905,0.26522760649310634,0.9574533343814066,94.04514929684143,algorithm_native_internal_best_so_far.v1,true
noise001,gplearn,76,150,150,1.0,0.2888929269033283,0.2417715297490445,0.26533222832618647,0.9577486646329243,94.0679087332421,0.2888929269033283,0.2417715297490445,0.26533222832618647,0.9577486646329243,94.0679087332421,algorithm_native_internal_best_so_far.v1,true
noise001,gplearn,77,150,150,1.0,0.28897314367779847,0.2418536080930645,0.26541337588543157,0.9579353526018628,94.09031946735827,0.28897314367779847,0.2418536080930645,0.26541337588543157,0.9579353526018628,94.09031946735827,algorithm_native_internal_best_so_far.v1,true
noise001,gplearn,78,150,150,1.0,0.2889756914796643,0.24186757648818627,0.26542163398392526,0.9579726677179811,94.11220340715879,0.2889756914796643,0.24186757648818627,0.26542163398392526,0.9579726677179811,94.11220340715879,algorithm_native_internal_best_so_far.v1,true
noise001,gplearn,79,150,150,1.0,0.28898016257127085,0.241947829272261,0.265463995921766,0.9581752752271293,94.13378978836833,0.28898016257127085,0.241947829272261,0.265463995921766,0.9581752752271293,94.13378978836833,algorithm_native_internal_best_so_far.v1,true
noise001,gplearn,80,150,150,1.0,0.2889799159367454,0.241930104135128,0.26545501003593674,0.9581243798923101,94.15477289087912,0.2889799159367454,0.241930104135128,0.26545501003593674,0.9581243798923101,94.15477289087912,algorithm_native_internal_best_so_far.v1,true
noise001,gplearn,81,150,150,1.0,0.28893783133832274,0.24191843296334023,0.26542813215083155,0.9580145940314044,94.17510235399347,0.28893783133832274,0.24191843296334023,0.26542813215083155,0.9580145940314044,94.17510235399347,algorithm_native_internal_best_so_far.v1,true
noise001,gplearn,82,150,150,1.0,0.28883634068025504,0.24192073084141788,0.2653785357608366,0.9578926211566443,94.1947872291358,0.28883634068025504,0.24192073084141788,0.2653785357608366,0.9578926211566443,94.1947872291358,algorithm_native_internal_best_so_far.v1,true
noise001,gplearn,83,150,150,1.0,0.28913917921677446,0.2419227179087297,0.26553094856275217,0.9584455496306387,94.21466394882168,0.28913917921677446,0.2419227179087297,0.26553094856275217,0.9584455496306387,94.21466394882168,algorithm_native_internal_best_so_far.v1,true
noise001,gplearn,84,150,150,1.0,0.2891435997414433,0.24192552041030055,0.2655345600758719,0.9584628270968545,94.2340879816891,0.2891435997414433,0.24192552041030055,0.2655345600758719,0.9584628270968545,94.2340879816891,algorithm_native_internal_best_so_far.v1,true
noise001,gplearn,85,150,150,1.0,0.2921391473831449,0.24318403266593505,0.26766159002454004,0.9605489493992786,94.25550924002133,0.2921391473831449,0.24318403266593505,0.26766159002454004,0.9605489493992786,94.25550924002133,algorithm_native_internal_best_so_far.v1,true
noise001,gplearn,86,150,150,1.0,0.29328662950459444,0.24619106433073162,0.26973884691766303,0.9627698677695188,94.27901479277634,0.29328662950459444,0.24619106433073162,0.26973884691766303,0.9627698677695188,94.27901479277634,algorithm_native_internal_best_so_far.v1,true
noise001,gplearn,87,150,150,1.0,0.29329898391354103,0.24617327349430204,0.2697361287039215,0.9627566851527796,94.30196483556371,0.29329898391354103,0.24617327349430204,0.2697361287039215,0.9627566851527796,94.30196483556371,algorithm_native_internal_best_so_far.v1,true
noise001,gplearn,88,150,150,1.0,0.2931073434502562,0.24611783888435118,0.26961259116730363,0.9619326512659967,94.32345688432548,0.2931073434502562,0.24611783888435118,0.26961259116730363,0.9619326512659967,94.32345688432548,algorithm_native_internal_best_so_far.v1,true
noise001,gplearn,89,150,150,1.0,0.29320436853959786,0.24612115258195852,0.26966276056077815,0.9622401623272905,94.34481148374574,0.29320436853959786,0.24612115258195852,0.26966276056077815,0.9622401623272905,94.34481148374574,algorithm_native_internal_best_so_far.v1,true
noise001,gplearn,90,150,150,1.0,0.29343105664153735,0.2461661458166907,0.269798601229114,0.9627241762778354,94.3662293297906,0.29343105664153735,0.2461661458166907,0.269798601229114,0.9627241762778354,94.3662293297906,algorithm_native_internal_best_so_far.v1,true
noise001,gplearn,91,150,150,1.0,0.2938979088966462,0.24704556971866215,0.27047173930765417,0.965319889744705,94.39002888632555,0.2938979088966462,0.24704556971866215,0.27047173930765417,0.965319889744705,94.39002888632555,algorithm_native_internal_best_so_far.v1,true
noise001,gplearn,92,150,150,1.0,0.2939014496812875,0.24664856006747732,0.27027500487438244,0.9640675841466185,94.41194985945964,0.2939014496812875,0.24664856006747732,0.27027500487438244,0.9640675841466185,94.41194985945964,algorithm_native_internal_best_so_far.v1,true
noise001,gplearn,93,150,150,1.0,0.29358373676196936,0.2469537128806633,0.2702687248213164,0.9640188847308201,94.43334704885345,0.29358373676196936,0.2469537128806633,0.2702687248213164,0.9640188847308201,94.43334704885345,algorithm_native_internal_best_so_far.v1,true
noise001,gplearn,94,150,150,1.0,0.2936771464340534,0.24703029624939016,0.2703537213417217,0.9644607453210415,94.45475904335612,0.2936771464340534,0.24703029624939016,0.2703537213417217,0.9644607453210415,94.45475904335612,algorithm_native_internal_best_so_far.v1,true
noise001,gplearn,95,150,150,1.0,0.29367932733521696,0.24696157832030755,0.2703204528277622,0.9634823767439805,94.47469039736708,0.29367932733521696,0.24696157832030755,0.2703204528277622,0.9634823767439805,94.47469039736708,algorithm_native_internal_best_so_far.v1,true
noise001,gplearn,96,150,150,1.0,0.29366951691534493,0.24689891212739787,0.2702842145213713,0.9632546414462115,94.49396929056765,0.29366951691534493,0.24689891212739787,0.2702842145213713,0.9632546414462115,94.49396929056765,algorithm_native_internal_best_so_far.v1,true
noise001,gplearn,97,150,150,1.0,0.2937006713108372,0.24681107458166726,0.2702558729462521,0.9631899726713689,94.51278401197558,0.2937006713108372,0.24681107458166726,0.2702558729462521,0.9631899726713689,94.51278401197558,algorithm_native_internal_best_so_far.v1,true
noise001,gplearn,98,150,150,1.0,0.29310782135502744,0.24689376389354076,0.27000079262428406,0.9614104014770479,94.52939887050343,0.29310782135502744,0.24689376389354076,0.27000079262428406,0.9614104014770479,94.52939887050343,algorithm_native_internal_best_so_far.v1,true
noise001,gplearn,99,150,150,1.0,0.2932266572646207,0.2473057590169468,0.2702662081407836,0.9623558406506917,94.54663306438793,0.2932266572646207,0.2473057590169468,0.2702662081407836,0.9623558406506917,94.54663306438793,algorithm_native_internal_best_so_far.v1,true
noise001,gplearn,100,150,150,1.0,0.2932396317303256,0.2473120975818592,0.27027586465609243,0.962492132643279,94.56365886638733,0.2932396317303256,0.2473120975818592,0.27027586465609243,0.962492132643279,94.56365886638733,algorithm_native_internal_best_so_far.v1,true
noise001,gplearn,101,150,150,1.0,0.2934078904264114,0.24700209498887585,0.2702049927076436,0.962335268688205,94.58019221294609,0.2934078904264114,0.24700209498887585,0.2702049927076436,0.962335268688205,94.58019221294609,algorithm_native_internal_best_so_far.v1,true
noise001,gplearn,102,150,150,1.0,0.2934513767756743,0.247216296208062,0.2703338364918681,0.9627731449440675,94.59683066668589,0.2934513767756743,0.247216296208062,0.2703338364918681,0.9627731449440675,94.59683066668589,algorithm_native_internal_best_so_far.v1,true
noise001,gplearn,103,150,150,1.0,0.29344417861869015,0.24683773851461632,0.2701409585666532,0.9620570667851654,94.61245082214054,0.29344417861869015,0.24683773851461632,0.2701409585666532,0.9620570667851654,94.61245082214054,algorithm_native_internal_best_so_far.v1,true
noise001,gplearn,104,150,150,1.0,0.2934496866862893,0.24661249969727056,0.27003109319177987,0.9617243531064988,94.62745067299161,0.2934496866862893,0.24661249969727056,0.27003109319177987,0.9617243531064988,94.62745067299161,algorithm_native_internal_best_so_far.v1,true
noise001,gplearn,105,150,150,1.0,0.29341722339558024,0.2472334325495863,0.27032532797258324,0.9624305906848296,94.64283741961533,0.29341722339558024,0.2472334325495863,0.27032532797258324,0.9624305906848296,94.64283741961533,algorithm_native_internal_best_so_far.v1,true
noise001,gplearn,106,150,150,1.0,0.29349951095826904,0.24715188059507454,0.2703256957766717,0.9624622433418586,94.65796371126223,0.29349951095826904,0.24715188059507454,0.2703256957766717,0.9624622433418586,94.65796371126223,algorithm_native_internal_best_so_far.v1,true
noise001,gplearn,107,150,150,1.0,0.2941721173564694,0.24663231252351872,0.27040221493999395,0.9626628763630479,94.67299477598225,0.2941721173564694,0.24663231252351872,0.27040221493999395,0.9626628763630479,94.67299477598225,algorithm_native_internal_best_so_far.v1,true
noise001,gplearn,108,150,150,1.0,0.29414697547589846,0.24663569700994184,0.27039133624292006,0.9626187148909607,94.6877065974,0.29414697547589846,0.24663569700994184,0.27039133624292006,0.9626187148909607,94.6877065974,algorithm_native_internal_best_so_far.v1,true
noise001,gplearn,109,150,150,1.0,0.2942255740677522,0.24664242338641634,0.2704339987270842,0.962794960874709,94.70231017070337,0.2942255740677522,0.24664242338641634,0.2704339987270842,0.962794960874709,94.70231017070337,algorithm_native_internal_best_so_far.v1,true
noise001,gplearn,110,150,150,1.0,0.29424699434271134,0.2467989480592695,0.2705229712009903,0.9633308196238077,94.71713536880954,0.29424699434271134,0.2467989480592695,0.2705229712009903,0.9633308196238077,94.71713536880954,algorithm_native_internal_best_so_far.v1,true
noise001,gplearn,111,150,150,1.0,0.2942525875312273,0.24679440937473549,0.2705234984529813,0.9633373726826536,94.73169934988573,0.2942525875312273,0.24679440937473549,0.2705234984529813,0.9633373726826536,94.73169934988573,algorithm_native_internal_best_so_far.v1,true
noise001,gplearn,112,150,150,1.0,0.29425860797856834,0.24684376227913593,0.27055118512885207,0.9634645200946959,94.74611678434628,0.29425860797856834,0.24684376227913593,0.27055118512885207,0.9634645200946959,94.74611678434628,algorithm_native_internal_best_so_far.v1,true
noise001,gplearn,113,150,150,1.0,0.294263511505165,0.2468233172285511,0.27054341436685797,0.9634015619124202,94.76022332777015,0.294263511505165,0.2468233172285511,0.27054341436685797,0.9634015619124202,94.76022332777015,algorithm_native_internal_best_so_far.v1,true
noise001,gplearn,114,150,150,1.0,0.2946680934597912,0.24677888655936756,0.27072349000957924,0.9644838516034311,94.77503176489799,0.2946680934597912,0.24677888655936756,0.27072349000957924,0.9644838516034311,94.77503176489799,algorithm_native_internal_best_so_far.v1,true
noise001,gplearn,115,150,150,1.0,0.2945734032707536,0.24687108256744594,0.27072224291909963,0.9643011380757194,94.78942378266036,0.2945734032707536,0.24687108256744594,0.27072224291909963,0.9643011380757194,94.78942378266036,algorithm_native_internal_best_so_far.v1,true
noise001,gplearn,116,150,150,1.0,0.29442825927784966,0.24686551638607943,0.27064688783196433,0.9644269346406914,94.8036761075001,0.29442825927784966,0.24686551638607943,0.27064688783196433,0.9644269346406914,94.8036761075001,algorithm_native_internal_best_so_far.v1,true
noise001,gplearn,117,150,150,1.0,0.2948182196890893,0.24724370156938338,0.27103096062923626,0.9664114424944186,94.81938096341412,0.2948182196890893,0.24724370156938338,0.27103096062923626,0.9664114424944186,94.81938096341412,algorithm_native_internal_best_so_far.v1,true
noise001,gplearn,118,150,150,1.0,0.2951068500742788,0.24720968982368674,0.2711582699489827,0.9669308302275523,94.83525979442548,0.2951068500742788,0.24720968982368674,0.2711582699489827,0.9669308302275523,94.83525979442548,algorithm_native_internal_best_so_far.v1,true
noise001,gplearn,119,150,150,1.0,0.29491052440621845,0.24716018121968436,0.2710353528129514,0.9663030974427238,94.85034424778554,0.29491052440621845,0.24716018121968436,0.2710353528129514,0.9663030974427238,94.85034424778554,algorithm_native_internal_best_so_far.v1,true
noise001,gplearn,120,150,150,1.0,0.2952456069289062,0.24708666745942612,0.2711661371941662,0.9666764809553567,94.86548844651679,0.2952456069289062,0.24708666745942612,0.2711661371941662,0.9666764809553567,94.86548844651679,algorithm_native_internal_best_so_far.v1,true
noise001,gplearn,121,150,150,1.0,0.29526942133183026,0.24725597083745357,0.2712626960846418,0.9670512572191836,94.88069206036309,0.29526942133183026,0.24725597083745357,0.2712626960846418,0.9670512572191836,94.88069206036309,algorithm_native_internal_best_so_far.v1,true
noise001,gplearn,122,150,150,1.0,0.2953108442539549,0.24845558672068924,0.27188321548732197,0.9699992411212671,94.89806281488573,0.2953108442539549,0.24845558672068924,0.27188321548732197,0.9699992411212671,94.89806281488573,algorithm_native_internal_best_so_far.v1,true
noise001,gplearn,123,150,150,1.0,0.29529097786196135,0.24839480839442396,0.2718428931281925,0.9698208783602009,94.9150061077405,0.29529097786196135,0.24839480839442396,0.2718428931281925,0.9698208783602009,94.9150061077405,algorithm_native_internal_best_so_far.v1,true
noise001,gplearn,124,150,150,1.0,0.29529926932238215,0.24832224367769323,0.27181075650003755,0.9697155877525614,94.93159120989787,0.29529926932238215,0.24832224367769323,0.27181075650003755,0.9697155877525614,94.93159120989787,algorithm_native_internal_best_so_far.v1,true
noise001,gplearn,125,150,150,1.0,0.29514164095693846,0.24832430441890666,0.27173297268792257,0.9693360333396205,94.94760730689038,0.29514164095693846,0.24832430441890666,0.27173297268792257,0.9693360333396205,94.94760730689038,algorithm_native_internal_best_so_far.v1,true
noise001,gplearn,126,150,150,1.0,0.2951462341511264,0.24832593266706102,0.2717360834090936,0.9693520050803992,94.96338185610585,0.2951462341511264,0.24832593266706102,0.2717360834090936,0.9693520050803992,94.96338185610585,algorithm_native_internal_best_so_far.v1,true
noise001,gplearn,127,150,150,1.0,0.2952416342264806,0.24833693754734015,0.27178928588691026,0.9695245043932393,94.97904381345401,0.2952416342264806,0.24833693754734015,0.27178928588691026,0.9695245043932393,94.97904381345401,algorithm_native_internal_best_so_far.v1,true
noise001,gplearn,128,150,150,1.0,0.2951998198492494,0.24851041470766566,0.27185511727845746,0.9696755840883268,94.99457908373041,0.2951998198492494,0.24851041470766566,0.27185511727845746,0.9696755840883268,94.99457908373041,algorithm_native_internal_best_so_far.v1,true
noise001,gplearn,129,150,150,1.0,0.2957335220285667,0.2481735191264958,0.2719535205775312,0.9702564750109559,95.01032380014409,0.2957335220285667,0.2481735191264958,0.2719535205775312,0.9702564750109559,95.01032380014409,algorithm_native_internal_best_so_far.v1,true
noise001,gplearn,130,150,150,1.0,0.2957347257078279,0.24836053566328095,0.2720476306855543,0.9705786796622511,95.02607413988318,0.2957347257078279,0.24836053566328095,0.2720476306855543,0.9705786796622511,95.02607413988318,algorithm_native_internal_best_so_far.v1,true
noise001,gplearn,131,150,150,1.0,0.2957315431735556,0.24820055504052382,0.27196604910703953,0.9703236085202093,95.04138930562469,0.2957315431735556,0.24820055504052382,0.27196604910703953,0.9703236085202093,95.04138930562469,algorithm_native_internal_best_so_far.v1,true
noise001,gplearn,132,150,150,1.0,0.2958147166061649,0.2486685850085207,0.27224165080734264,0.9712873734803893,95.05720254837026,0.2958147166061649,0.2486685850085207,0.27224165080734264,0.9712873734803893,95.05720254837026,algorithm_native_internal_best_so_far.v1,true
noise001,gplearn,133,150,150,1.0,0.29587481223342404,0.24859699772897179,0.2722359049811978,0.9713426113625894,95.07281953023407,0.29587481223342404,0.24859699772897179,0.2722359049811978,0.9713426113625894,95.07281953023407,algorithm_native_internal_best_so_far.v1,true
noise001,gplearn,134,150,150,1.0,0.2958717399895859,0.24847676248780426,0.27217425123869493,0.9710899160725971,95.08801484424173,0.2958717399895859,0.24847676248780426,0.27217425123869493,0.9710899160725971,95.08801484424173,algorithm_native_internal_best_so_far.v1,true
noise001,gplearn,135,150,150,1.0,0.2959586705918548,0.24858555636207413,0.27227211347696434,0.971498729228238,95.10328786704603,0.2959586705918548,0.24858555636207413,0.27227211347696434,0.971498729228238,95.10328786704603,algorithm_native_internal_best_so_far.v1,true
noise001,gplearn,136,150,150,1.0,0.29611002966466143,0.24829809292580643,0.2722040612952338,0.9712794586184959,95.11817505818429,0.29611002966466143,0.24829809292580643,0.2722040612952338,0.9712794586184959,95.11817505818429,algorithm_native_internal_best_so_far.v1,true
noise001,gplearn,137,150,150,1.0,0.29613568564476117,0.24824560032270127,0.2721906429837311,0.9712327841726747,95.13281084912651,0.29613568564476117,0.24824560032270127,0.2721906429837311,0.9712327841726747,95.13281084912651,algorithm_native_internal_best_so_far.v1,true
noise001,gplearn,138,150,150,1.0,0.29622971914028506,0.24880024552320487,0.2725149823317448,0.9722722220483143,95.14798774300843,0.29622971914028506,0.24880024552320487,0.2725149823317448,0.9722722220483143,95.14798774300843,algorithm_native_internal_best_so_far.v1,true
noise001,gplearn,139,150,150,1.0,0.29617005762509,0.24893533774367366,0.2725526976843817,0.972408225594756,95.16304410859452,0.29617005762509,0.24893533774367366,0.2725526976843817,0.972408225594756,95.16304410859452,algorithm_native_internal_best_so_far.v1,true
noise001,gplearn,140,150,150,1.0,0.2961920055635686,0.24887045861643547,0.27253123209000196,0.9723297735071672,95.17782934603825,0.2961920055635686,0.24887045861643547,0.27253123209000196,0.9723297735071672,95.17782934603825,algorithm_native_internal_best_so_far.v1,true
noise001,gplearn,141,150,150,1.0,0.296479390087547,0.24874201395837492,0.2726107020229609,0.972703601346602,95.1926699899292,0.296479390087547,0.24874201395837492,0.2726107020229609,0.972703601346602,95.1926699899292,algorithm_native_internal_best_so_far.v1,true
noise001,gplearn,142,150,150,1.0,0.29645100964937066,0.2489290841534475,0.2726900469014089,0.9731689539223618,95.20762932374826,0.29645100964937066,0.2489290841534475,0.2726900469014089,0.9731689539223618,95.20762932374826,algorithm_native_internal_best_so_far.v1,true
noise001,gplearn,143,150,150,1.0,0.2964737203497327,0.24890378674350097,0.27268875354661676,0.9731673246097836,95.22237829673588,0.2964737203497327,0.24890378674350097,0.27268875354661676,0.9731673246097836,95.22237829673588,algorithm_native_internal_best_so_far.v1,true
noise001,gplearn,144,150,150,1.0,0.2966932141505486,0.2495668279797485,0.2731300210651484,0.9752887270695942,95.2383956190291,0.2966932141505486,0.2495668279797485,0.2731300210651484,0.9752887270695942,95.2383956190291,algorithm_native_internal_best_so_far.v1,true
noise001,gplearn,145,150,150,1.0,0.2967277793419894,0.24963433565241364,0.27318105749720145,0.9754556435123044,95.25430712752704,0.2967277793419894,0.24963433565241364,0.27318105749720145,0.9754556435123044,95.25430712752704,algorithm_native_internal_best_so_far.v1,true
noise001,gplearn,146,150,150,1.0,0.2966013009234949,0.24963226485975246,0.27311678289162356,0.9751917430248312,95.2698199163966,0.2966013009234949,0.24963226485975246,0.27311678289162356,0.9751917430248312,95.2698199163966,algorithm_native_internal_best_so_far.v1,true
noise001,gplearn,147,150,150,1.0,0.29661776623579766,0.24969003617504565,0.2731539012054215,0.9753196845777992,95.28520868198426,0.29661776623579766,0.24969003617504565,0.2731539012054215,0.9753196845777992,95.28520868198426,algorithm_native_internal_best_so_far.v1,true
noise001,gplearn,148,150,150,1.0,0.2964778659720329,0.2497001353593875,0.27308900066571,0.9752565530574026,95.30034683484747,0.2964778659720329,0.2497001353593875,0.27308900066571,0.9752565530574026,95.30034683484747,algorithm_native_internal_best_so_far.v1,true
noise001,gplearn,149,150,150,1.0,0.29656681537642576,0.24956263118856692,0.2730647232824962,0.9751763954193675,95.31522799395546,0.29656681537642576,0.24956263118856692,0.2730647232824962,0.9751763954193675,95.31522799395546,algorithm_native_internal_best_so_far.v1,true
noise001,gplearn,150,150,150,1.0,0.2965759925679863,0.2496363470344725,0.27310616980122926,0.9753226057848132,95.33000821118561,0.2965759925679863,0.2496363470344725,0.27310616980122926,0.9753226057848132,95.33000821118561,algorithm_native_internal_best_so_far.v1,true
noise001,gplearn,151,150,150,1.0,0.2965773210577802,0.24963666594668343,0.2731069935022317,0.9753274573336151,95.34459587689538,0.2965773210577802,0.24963666594668343,0.2731069935022317,0.9753274573336151,95.34459587689538,algorithm_native_internal_best_so_far.v1,true
noise001,gplearn,152,150,150,1.0,0.2965089709543025,0.24969316194172358,0.2731010664480129,0.9753091152523717,95.35897953247658,0.2965089709543025,0.24969316194172358,0.2731010664480129,0.9753091152523717,95.35897953247658,algorithm_native_internal_best_so_far.v1,true
noise001,gplearn,153,150,150,1.0,0.29651962588218017,0.24967909764515686,0.27309936176366834,0.9752912337470834,95.37316347915784,0.29651962588218017,0.24967909764515686,0.27309936176366834,0.9752912337470834,95.37316347915784,algorithm_native_internal_best_so_far.v1,true
noise001,gplearn,154,150,150,1.0,0.2965237820449411,0.2496716766663177,0.27309772935562926,0.9752887237039596,95.38716158884118,0.2965237820449411,0.2496716766663177,0.27309772935562926,0.9752887237039596,95.38716158884118,algorithm_native_internal_best_so_far.v1,true
noise001,gplearn,155,150,150,1.0,0.29652587314889234,0.24970115278167165,0.2731135129652818,0.9753600583022379,95.40102510007593,0.29652587314889234,0.24970115278167165,0.2731135129652818,0.9753600583022379,95.40102510007593,algorithm_native_internal_best_so_far.v1,true
noise001,gplearn,156,150,150,1.0,0.29679689269162585,0.24967136401844628,0.27323412835503585,0.9757905294719643,95.41498681704464,0.29679689269162585,0.24967136401844628,0.27323412835503585,0.9757905294719643,95.41498681704464,algorithm_native_internal_best_so_far.v1,true
noise001,gplearn,157,150,150,1.0,0.29677872559344787,0.24955204897491698,0.27316538728418227,0.9755661639352318,95.42862776976106,0.29677872559344787,0.24955204897491698,0.27316538728418227,0.9755661639352318,95.42862776976106,algorithm_native_internal_best_so_far.v1,true
noise001,gplearn,158,150,150,1.0,0.2967857920798346,0.24952893341327917,0.2731573627465568,0.9755395056594225,95.44207917986347,0.2967857920798346,0.24952893341327917,0.2731573627465568,0.9755395056594225,95.44207917986347,algorithm_native_internal_best_so_far.v1,true
noise001,gplearn,159,150,150,1.0,0.29672663486208467,0.24857707920926464,0.2726518570356746,0.9724415637235103,95.45341299868416,0.29672663486208467,0.24857707920926464,0.2726518570356746,0.9724415637235103,95.45341299868416,algorithm_native_internal_best_so_far.v1,true
noise001,gplearn,160,150,150,1.0,0.29672412950992577,0.24857328268976242,0.272648706099844,0.9724281297128005,95.46459674851289,0.29672412950992577,0.24857328268976242,0.272648706099844,0.9724281297128005,95.46459674851289,algorithm_native_internal_best_so_far.v1,true
noise001,gplearn,161,150,150,1.0,0.29675043858412686,0.24856552072862134,0.27265797965637406,0.9724884954803837,95.47567906403788,0.29675043858412686,0.24856552072862134,0.27265797965637406,0.9724884954803837,95.47567906403788,algorithm_native_internal_best_so_far.v1,true
noise001,gplearn,162,150,150,1.0,0.296825098093737,0.2484935053996911,0.272659301746714,0.9724971860510042,95.48662992540248,0.296825098093737,0.2484935053996911,0.272659301746714,0.9724971860510042,95.48662992540248,algorithm_native_internal_best_so_far.v1,true
noise001,gplearn,163,150,150,1.0,0.29682654766260136,0.24846608277528626,0.2726463152189438,0.9724563272744255,95.49742135363584,0.29682654766260136,0.24846608277528626,0.2726463152189438,0.9724563272744255,95.49742135363584,algorithm_native_internal_best_so_far.v1,true
noise001,gplearn,164,150,150,1.0,0.29663281082099463,0.24853324671578653,0.2725830287683905,0.9721819171962132,95.50791385586746,0.29663281082099463,0.24853324671578653,0.2725830287683905,0.9721819171962132,95.50791385586746,algorithm_native_internal_best_so_far.v1,true
noise001,gplearn,165,150,150,1.0,0.2966428876131529,0.24853980409214899,0.272591345852651,0.972226414020793,95.51830614402631,0.2966428876131529,0.24853980409214899,0.272591345852651,0.972226414020793,95.51830614402631,algorithm_native_internal_best_so_far.v1,true
noise001,gplearn,166,150,150,1.0,0.29666443794732544,0.2484752450601477,0.2725698415037364,0.9721690780167224,95.52853868413261,0.29666443794732544,0.2484752450601477,0.2725698415037364,0.9721690780167224,95.52853868413261,algorithm_native_internal_best_so_far.v1,true
noise001,gplearn,167,150,150,1.0,0.2966673502190762,0.24847493182910313,0.27257114102408964,0.972175192142046,95.53865234000129,0.2966673502190762,0.24847493182910313,0.27257114102408964,0.972175192142046,95.53865234000129,algorithm_native_internal_best_so_far.v1,true
noise001,gplearn,168,150,150,1.0,0.2967012926820839,0.24854881012707422,0.27262505140457904,0.9723805929086903,95.54876785756599,0.2967012926820839,0.24854881012707422,0.27262505140457904,0.9723805929086903,95.54876785756599,algorithm_native_internal_best_so_far.v1,true
noise001,gplearn,169,150,150,1.0,0.2967014264733204,0.24850815292112516,0.27260478969722274,0.9723133377507475,95.55872386891218,0.2967014264733204,0.24850815292112516,0.27260478969722274,0.9723133377507475,95.55872386891218,algorithm_native_internal_best_so_far.v1,true
noise001,gplearn,170,150,150,1.0,0.29674649919479373,0.2484933905498802,0.27261994487233693,0.9724035980334922,95.5686158449971,0.29674649919479373,0.2484933905498802,0.27261994487233693,0.9724035980334922,95.5686158449971,algorithm_native_internal_best_so_far.v1,true
noise001,gplearn,171,150,150,1.0,0.2967479056897066,0.24843036243040942,0.27258913406005797,0.9722586297751888,95.57830734869606,0.2967479056897066,0.24843036243040942,0.27258913406005797,0.9722586297751888,95.57830734869606,algorithm_native_internal_best_so_far.v1,true
noise001,gplearn,172,150,150,1.0,0.29676108471990215,0.2484459534491633,0.2726035190845326,0.9723231929357161,95.58792369721276,0.29676108471990215,0.2484459534491633,0.2726035190845326,0.9723231929357161,95.58792369721276,algorithm_native_internal_best_so_far.v1,true
noise001,gplearn,173,150,150,1.0,0.29676667140515545,0.24887591887664906,0.27282129514090214,0.9729340710398505,95.59778198280104,0.29676667140515545,0.24887591887664906,0.27282129514090214,0.9729340710398505,95.59778198280104,algorithm_native_internal_best_so_far.v1,true
noise001,gplearn,174,150,150,1.0,0.2967946953967017,0.24881835973245378,0.2728065275645777,0.9728602409390525,95.60748452366946,0.2967946953967017,0.24881835973245378,0.2728065275645777,0.9728602409390525,95.60748452366946,algorithm_native_internal_best_so_far.v1,true
noise001,gplearn,175,150,150,1.0,0.2968035446958401,0.24892024810528013,0.27286189640055997,0.9731165388394806,95.61722263429962,0.2968035446958401,0.24892024810528013,0.27286189640055997,0.9731165388394806,95.61722263429962,algorithm_native_internal_best_so_far.v1,true
noise001,gplearn,176,150,150,1.0,0.2968185452637733,0.2488524172084469,0.27283548123610996,0.9730211428864747,95.62679588233568,0.2968185452637733,0.2488524172084469,0.27283548123610996,0.9730211428864747,95.62679588233568,algorithm_native_internal_best_so_far.v1,true
noise001,gplearn,177,150,150,1.0,0.29673745750878916,0.24816144076244995,0.2724494491356194,0.97113880923378,95.63519749273705,0.29673745750878916,0.24816144076244995,0.2724494491356194,0.97113880923378,95.63519749273705,algorithm_native_internal_best_so_far.v1,true
noise001,gplearn,178,150,150,1.0,0.29677074154426786,0.24813349250900088,0.2724521170266343,0.9711407376937106,95.64350578642602,0.29677074154426786,0.24813349250900088,0.2724521170266343,0.9711407376937106,95.64350578642602,algorithm_native_internal_best_so_far.v1,true
noise001,gplearn,179,150,150,1.0,0.29697081145765625,0.24876573133978422,0.27286827139872016,0.9729943272079178,95.65275677488614,0.29697081145765625,0.24876573133978422,0.27286827139872016,0.9729943272079178,95.65275677488614,algorithm_native_internal_best_so_far.v1,true
noise001,gplearn,180,150,150,1.0,0.29697081145765625,0.24876573133978422,0.27286827139872016,0.9729943272079178,95.66190497458562,0.29697081145765625,0.24876573133978422,0.27286827139872016,0.9729943272079178,95.66190497458562,algorithm_native_internal_best_so_far.v1,true
noise001,iMCTS,1,150,150,1.0,0.3095448100830837,0.25827095703080455,0.2839078835569442,0.5768898215249311,57.688982152493104,0.3095448100830837,0.25827095703080455,0.2839078835569442,0.5768898215249311,57.688982152493104,algorithm_native_internal_best_so_far.v1,true
noise001,iMCTS,2,150,150,1.0,0.33195321236932523,0.27804190059094896,0.30499755648013716,0.6140499730264861,59.54698972757087,0.33195321236932523,0.27804190059094896,0.30499755648013716,0.6140499730264861,59.54698972757087,algorithm_native_internal_best_so_far.v1,true
noise001,iMCTS,3,150,150,1.0,0.3504790486868995,0.30144131290157744,0.32596018079423833,0.6426813547819529,61.120704977779006,0.3504790486868995,0.30144131290157744,0.32596018079423833,0.6426813547819529,61.120704977779006,algorithm_native_internal_best_so_far.v1,true
noise001,iMCTS,4,150,150,1.0,0.36171453846014384,0.30146880752383376,0.33159167299198883,0.6463107580915041,61.99829768562185,0.36171453846014384,0.30146880752383376,0.33159167299198883,0.6463107580915041,61.99829768562185,algorithm_native_internal_best_so_far.v1,true
noise001,iMCTS,5,150,150,1.0,0.37213623165783,0.3149298074502932,0.34353301955406157,0.665252406137485,62.90368627124718,0.37213623165783,0.3149298074502932,0.34353301955406157,0.665252406137485,62.90368627124718,algorithm_native_internal_best_so_far.v1,true
noise001,iMCTS,6,150,150,1.0,0.3813732791919769,0.32359233448680763,0.35248280683939226,0.6815214955684206,63.77843015217966,0.3813732791919769,0.32359233448680763,0.35248280683939226,0.6815214955684206,63.77843015217966,algorithm_native_internal_best_so_far.v1,true
noise001,iMCTS,7,150,150,1.0,0.4058759992316373,0.3472280136837531,0.3765520064576952,0.7190552523455378,64.93944373537597,0.4058759992316373,0.3472280136837531,0.3765520064576952,0.7190552523455378,64.93944373537597,algorithm_native_internal_best_so_far.v1,true
noise001,iMCTS,8,150,150,1.0,0.4100211316761177,0.35626841316071545,0.3831447724184165,0.7278326591298078,65.91992150757657,0.4100211316761177,0.35626841316071545,0.3831447724184165,0.7278326591298078,65.91992150757657,algorithm_native_internal_best_so_far.v1,true
noise001,iMCTS,9,150,150,1.0,0.4160637698771963,0.3619202484116782,0.388992009144437,0.7414212475581743,66.83349964627,0.4160637698771963,0.3619202484116782,0.388992009144437,0.7414212475581743,66.83349964627,algorithm_native_internal_best_so_far.v1,true
noise001,iMCTS,10,150,150,1.0,0.42492700088048463,0.36915940920054546,0.39704320504051477,0.7538964080223868,67.68911376186686,0.42492700088048463,0.36915940920054546,0.39704320504051477,0.7538964080223868,67.68911376186686,algorithm_native_internal_best_so_far.v1,true
noise001,iMCTS,11,150,150,1.0,0.4343472138220422,0.37709947222672646,0.4057233430243841,0.7617125849277658,68.4602178283132,0.4343472138220422,0.37709947222672646,0.4057233430243841,0.7617125849277658,68.4602178283132,algorithm_native_internal_best_so_far.v1,true
noise001,iMCTS,12,150,150,1.0,0.44197858388448896,0.38569688056965656,0.41383773222707254,0.7746000574135968,69.21020015440041,0.44197858388448896,0.38569688056965656,0.41383773222707254,0.7746000574135968,69.21020015440041,algorithm_native_internal_best_so_far.v1,true
noise001,iMCTS,13,150,150,1.0,0.4440905999635644,0.3879389171532405,0.41601475855840236,0.7806014882821111,69.89096543700123,0.4440905999635644,0.3879389171532405,0.41601475855840236,0.7806014882821111,69.89096543700123,algorithm_native_internal_best_so_far.v1,true
noise001,iMCTS,14,150,150,1.0,0.4428279325376829,0.3886202625590192,0.4157240975483509,0.7798851008786563,70.46936148349155,0.4428279325376829,0.3886202625590192,0.4157240975483509,0.7798851008786563,70.46936148349155,algorithm_native_internal_best_so_far.v1,true
noise001,iMCTS,15,150,150,1.0,0.4478224431417978,0.3896330818002632,0.41872776247103044,0.7826207892050389,70.98887597929236,0.4478224431417978,0.3896330818002632,0.41872776247103044,0.7826207892050389,70.98887597929236,algorithm_native_internal_best_so_far.v1,true
noise001,iMCTS,16,150,150,1.0,0.45224221532482595,0.3921939586015562,0.4222180869631911,0.7906854331125277,71.49385518753989,0.45224221532482595,0.3921939586015562,0.4222180869631911,0.7906854331125277,71.49385518753989,algorithm_native_internal_best_so_far.v1,true
noise001,iMCTS,17,150,150,1.0,0.45596325431260604,0.3986225238962357,0.42729288910442087,0.7987240144211473,71.9867108495737,0.45596325431260604,0.3986225238962357,0.42729288910442087,0.7987240144211473,71.9867108495737,algorithm_native_internal_best_so_far.v1,true
noise001,iMCTS,18,150,150,1.0,0.4564306898643031,0.39956629820038136,0.4279984940323421,0.7995506628142125,72.42939726245412,0.4564306898643031,0.39956629820038136,0.4279984940323421,0.7995506628142125,72.42939726245412,algorithm_native_internal_best_so_far.v1,true
noise001,iMCTS,19,150,150,1.0,0.46393120200025045,0.40629270277138496,0.4351119523858176,0.814063583262918,72.90186889739294,0.46393120200025045,0.40629270277138496,0.4351119523858176,0.814063583262918,72.90186889739294,algorithm_native_internal_best_so_far.v1,true
noise001,iMCTS,20,150,150,1.0,0.4660405381821666,0.4060916922168264,0.4360661151994963,0.8149608140954646,73.33157952300061,0.4660405381821666,0.4060916922168264,0.4360661151994963,0.8149608140954646,73.33157952300061,algorithm_native_internal_best_so_far.v1,true
noise001,iMCTS,21,150,150,1.0,0.46661846816911196,0.40658629633794113,0.4366023822535265,0.8161415810353593,73.72598802683562,0.46661846816911196,0.40658629633794113,0.4366023822535265,0.8161415810353593,73.72598802683562,algorithm_native_internal_best_so_far.v1,true
noise001,iMCTS,22,150,150,1.0,0.4663536657174231,0.40858836763777406,0.43747101667759863,0.8189598306399634,74.09735143761566,0.4663536657174231,0.40858836763777406,0.43747101667759863,0.8189598306399634,74.09735143761566,algorithm_native_internal_best_so_far.v1,true
noise001,iMCTS,23,150,150,1.0,0.4653124255795435,0.40890571845807866,0.43710907201881116,0.8181538224551478,74.43291799448083,0.4653124255795435,0.40890571845807866,0.43710907201881116,0.8181538224551478,74.43291799448083,algorithm_native_internal_best_so_far.v1,true
noise001,iMCTS,24,150,150,1.0,0.46627280634105245,0.40510030880079706,0.43568655757092484,0.8157208863237903,74.7303834377266,0.46627280634105245,0.40510030880079706,0.43568655757092484,0.8157208863237903,74.7303834377266,algorithm_native_internal_best_so_far.v1,true
noise001,iMCTS,25,150,150,1.0,0.46660774853981735,0.40969518137366223,0.4381514649567398,0.8220515927524338,75.02937447122727,0.46660774853981735,0.40969518137366223,0.4381514649567398,0.8220515927524338,75.02937447122727,algorithm_native_internal_best_so_far.v1,true
noise001,iMCTS,26,150,150,1.0,0.4677790379598872,0.41440736636023395,0.4410932021600606,0.8282939160790908,75.32937513033042,0.4677790379598872,0.41440736636023395,0.4410932021600606,0.8282939160790908,75.32937513033042,algorithm_native_internal_best_so_far.v1,true
noise001,iMCTS,27,150,150,1.0,0.4688122153302067,0.41657937651078425,0.4426957959204954,0.8312751681681516,75.61819519279281,0.4688122153302067,0.41657937651078425,0.4426957959204954,0.8312751681681516,75.61819519279281,algorithm_native_internal_best_so_far.v1,true
noise001,iMCTS,28,150,150,1.0,0.472404049366239,0.4179468484775511,0.445175448921895,0.8327922532848236,75.89180341192457,0.472404049366239,0.4179468484775511,0.445175448921895,0.8327922532848236,75.89180341192457,algorithm_native_internal_best_so_far.v1,true
noise001,iMCTS,29,150,150,1.0,0.47241982001501964,0.41852430846398375,0.44547206423950153,0.8336609398547592,76.14953756963325,0.47241982001501964,0.41852430846398375,0.44547206423950153,0.8336609398547592,76.14953756963325,algorithm_native_internal_best_so_far.v1,true
noise001,iMCTS,30,150,150,1.0,0.47295073034560514,0.41723297155234146,0.44509185094897324,0.8327371889871221,76.38701028060254,0.47295073034560514,0.41723297155234146,0.44509185094897324,0.8327371889871221,76.38701028060254,algorithm_native_internal_best_so_far.v1,true
noise001,iMCTS,31,150,150,1.0,0.4744317170337983,0.41375920044252323,0.4440954587381605,0.828744405165987,76.59628222369919,0.4744317170337983,0.41375920044252323,0.4440954587381605,0.828744405165987,76.59628222369919,algorithm_native_internal_best_so_far.v1,true
noise001,iMCTS,32,150,150,1.0,0.47662686165580626,0.418259088503944,0.44744297507987485,0.8346494918263166,76.81092806616583,0.47662686165580626,0.418259088503944,0.44744297507987485,0.8346494918263166,76.81092806616583,algorithm_native_internal_best_so_far.v1,true
noise001,iMCTS,33,150,150,1.0,0.47874886084341484,0.4201542903614584,0.4494515756024364,0.8367937954671,77.01906295951564,0.47874886084341484,0.4201542903614584,0.4494515756024364,0.8367937954671,77.01906295951564,algorithm_native_internal_best_so_far.v1,true
noise001,iMCTS,34,150,150,1.0,0.4815268542080474,0.4239569111810068,0.4527418826945268,0.8414499777696008,77.22864927767579,0.4815268542080474,0.4239569111810068,0.4527418826945268,0.8414499777696008,77.22864927767579,algorithm_native_internal_best_so_far.v1,true
noise001,iMCTS,35,150,150,1.0,0.48198908598121304,0.42462670741307973,0.4533078966971461,0.8429778449320381,77.430624569548,0.48198908598121304,0.42462670741307973,0.4533078966971461,0.8429778449320381,77.430624569548,algorithm_native_internal_best_so_far.v1,true
noise001,iMCTS,36,150,150,1.0,0.48208340083350737,0.42497425976159464,0.45352883029755076,0.8441144116133888,77.6245361415422,0.48208340083350737,0.42497425976159464,0.45352883029755076,0.8441144116133888,77.6245361415422,algorithm_native_internal_best_so_far.v1,true
noise001,iMCTS,37,150,150,1.0,0.48334410876650924,0.4258916484532022,0.4546178786098555,0.8475562774680148,77.81726834708975,0.48334410876650924,0.4258916484532022,0.4546178786098555,0.8475562774680148,77.81726834708975,algorithm_native_internal_best_so_far.v1,true
noise001,iMCTS,38,150,150,1.0,0.48358597640057593,0.42685865120430444,0.45522231380244005,0.8485121475839138,78.00237220001874,0.48358597640057593,0.42685865120430444,0.45522231380244005,0.8485121475839138,78.00237220001874,algorithm_native_internal_best_so_far.v1,true
noise001,iMCTS,39,150,150,1.0,0.48393994734858947,0.4270618876741851,0.45550091751138705,0.8489736356112497,78.1791668503035,0.48393994734858947,0.4270618876741851,0.45550091751138705,0.8489736356112497,78.1791668503035,algorithm_native_internal_best_so_far.v1,true
noise001,iMCTS,40,150,150,1.0,0.4851332555036159,0.4289332842169073,0.45703326986026144,0.8509224014446161,78.35199368265747,0.4851332555036159,0.4289332842169073,0.45703326986026144,0.8509224014446161,78.35199368265747,algorithm_native_internal_best_so_far.v1,true
noise001,iMCTS,41,150,150,1.0,0.48467391585885744,0.42893735242238845,0.4568056341406227,0.8492998962142364,78.51243260799322,0.48467391585885744,0.42893735242238845,0.4568056341406227,0.8492998962142364,78.51243260799322,algorithm_native_internal_best_so_far.v1,true
noise001,iMCTS,42,150,150,1.0,0.49008591086003556,0.43203822813513804,0.46106206949758655,0.855438145829426,78.67984646453962,0.49008591086003556,0.43203822813513804,0.46106206949758655,0.855438145829426,78.67984646453962,algorithm_native_internal_best_so_far.v1,true
noise001,iMCTS,43,150,150,1.0,0.4903985109643895,0.43507740631189723,0.46273795863814304,0.8593103588162492,78.84847877656487,0.4903985109643895,0.43507740631189723,0.46273795863814304,0.8593103588162492,78.84847877656487,algorithm_native_internal_best_so_far.v1,true
noise001,iMCTS,44,150,150,1.0,0.4905214348440172,0.4366925039332462,0.4636069693886314,0.8608875404129219,79.01303048712685,0.4905214348440172,0.4366925039332462,0.4636069693886314,0.8608875404129219,79.01303048712685,algorithm_native_internal_best_so_far.v1,true
noise001,iMCTS,45,150,150,1.0,0.49193045244431943,0.43665202398050024,0.4642912382124094,0.862643902536933,79.17417181527279,0.49193045244431943,0.43665202398050024,0.4642912382124094,0.862643902536933,79.17417181527279,algorithm_native_internal_best_so_far.v1,true
noise001,iMCTS,46,150,150,1.0,0.49238775715316935,0.43618502203081855,0.46428638959199353,0.8615848067061344,79.32600461647584,0.49238775715316935,0.43618502203081855,0.46428638959199353,0.8615848067061344,79.32600461647584,algorithm_native_internal_best_so_far.v1,true
noise001,iMCTS,47,150,150,1.0,0.49853488704512045,0.4422110387452911,0.4703729628952055,0.8694739931596158,79.48816195050745,0.49853488704512045,0.4422110387452911,0.4703729628952055,0.8694739931596158,79.48816195050745,algorithm_native_internal_best_so_far.v1,true
noise001,iMCTS,48,150,150,1.0,0.4984415130319247,0.4418727955836197,0.470157154307772,0.8689371837089848,79.64244437593227,0.4984415130319247,0.4418727955836197,0.470157154307772,0.8689371837089848,79.64244437593227,algorithm_native_internal_best_so_far.v1,true
noise001,iMCTS,49,150,150,1.0,0.4985860338025149,0.4406599818483819,0.46962300782544825,0.8674759098402185,79.78744736793408,0.4985860338025149,0.4406599818483819,0.46962300782544825,0.8674759098402185,79.78744736793408,algorithm_native_internal_best_so_far.v1,true
noise001,iMCTS,50,150,150,1.0,0.4985389629499318,0.4413768940415464,0.46995792849573886,0.8680169088822792,79.92773223833997,0.4985389629499318,0.4413768940415464,0.46995792849573886,0.8680169088822792,79.92773223833997,algorithm_native_internal_best_so_far.v1,true
noise001,iMCTS,51,150,150,1.0,0.501849054440658,0.444772398105239,0.47331072627294835,0.8721844914514596,80.07068747180675,0.501849054440658,0.444772398105239,0.47331072627294835,0.8721844914514596,80.07068747180675,algorithm_native_internal_best_so_far.v1,true
noise001,iMCTS,52,150,150,1.0,0.5021827210947143,0.44606765553755234,0.4741251883161331,0.8736868459273262,80.21103357028609,0.5021827210947143,0.44606765553755234,0.4741251883161331,0.8736868459273262,80.21103357028609,algorithm_native_internal_best_so_far.v1,true
noise001,iMCTS,53,150,150,1.0,0.502212978924318,0.4458794201340024,0.4740461995291601,0.8736344326479607,80.3459846965976,0.502212978924318,0.4458794201340024,0.4740461995291601,0.8736344326479607,80.3459846965976,algorithm_native_internal_best_so_far.v1,true
noise001,iMCTS,54,150,150,1.0,0.5013376687200346,0.4460873362899522,0.47371250250499314,0.8726058783374026,80.47403290284099,0.5013376687200346,0.4460873362899522,0.47371250250499314,0.8726058783374026,80.47403290284099,algorithm_native_internal_best_so_far.v1,true
noise001,iMCTS,55,150,150,1.0,0.5007027781209021,0.44554206079938363,0.47312241946014266,0.8700121845321249,80.59270900375681,0.5007027781209021,0.44554206079938363,0.47312241946014266,0.8700121845321249,80.59270900375681,algorithm_native_internal_best_so_far.v1,true
noise001,iMCTS,56,150,150,1.0,0.5001471741157227,0.44956612838637566,0.4748566512510491,0.8752741809366481,80.71654309464805,0.5001471741157227,0.44956612838637566,0.4748566512510491,0.8752741809366481,80.71654309464805,algorithm_native_internal_best_so_far.v1,true
noise001,iMCTS,57,150,150,1.0,0.5002155799259012,0.45080708493535043,0.47551133243062577,0.8775415926806643,80.84001004505889,0.5002155799259012,0.45080708493535043,0.47551133243062577,0.8775415926806643,80.84001004505889,algorithm_native_internal_best_so_far.v1,true
noise001,iMCTS,58,150,150,1.0,0.5003357939170523,0.44860525772542303,0.4744705258212377,0.8748295718526471,80.95454361644174,0.5003357939170523,0.44860525772542303,0.4744705258212377,0.8748295718526471,80.95454361644174,algorithm_native_internal_best_so_far.v1,true
noise001,iMCTS,59,150,150,1.0,0.5003357939170523,0.44860525772542303,0.4744705258212377,0.8748295718526471,81.06519469387942,0.5003357939170523,0.44860525772542303,0.4744705258212377,0.8748295718526471,81.06519469387942,algorithm_native_internal_best_so_far.v1,true
noise001,iMCTS,60,150,150,1.0,0.5051528968766192,0.45517996120637394,0.4801664290414965,0.8860114868506453,81.19079392706584,0.5051528968766192,0.45517996120637394,0.4801664290414965,0.8860114868506453,81.19079392706584,algorithm_native_internal_best_so_far.v1,true
noise001,iMCTS,61,150,150,1.0,0.5050773376771887,0.45424118766208343,0.479659262669636,0.884745006654299,81.3101989555636,0.5050773376771887,0.45424118766208343,0.479659262669636,0.884745006654299,81.3101989555636,algorithm_native_internal_best_so_far.v1,true
noise001,iMCTS,62,150,150,1.0,0.5053723778551524,0.45411220629989874,0.4797422920775255,0.8850741190708256,81.4262830354268,0.5053723778551524,0.45411220629989874,0.4797422920775255,0.8850741190708256,81.4262830354268,algorithm_native_internal_best_so_far.v1,true
noise001,iMCTS,63,150,150,1.0,0.5049405539052323,0.4530702260786625,0.47900538999194725,0.8822466818940246,81.53419391088674,0.5049405539052323,0.4530702260786625,0.47900538999194725,0.8822466818940246,81.53419391088674,algorithm_native_internal_best_so_far.v1,true
noise001,iMCTS,64,150,150,1.0,0.5048926841993814,0.4544875195319218,0.4796901018656515,0.8849508626969393,81.64295785399311,0.5048926841993814,0.4544875195319218,0.4796901018656515,0.8849508626969393,81.64295785399311,algorithm_native_internal_best_so_far.v1,true
noise001,iMCTS,65,150,150,1.0,0.5091051619766108,0.4615141556611956,0.48530965881890314,0.8944698069616253,81.76301974387262,0.5091051619766108,0.4615141556611956,0.48530965881890314,0.8944698069616253,81.76301974387262,algorithm_native_internal_best_so_far.v1,true
noise001,iMCTS,66,150,150,1.0,0.5090869316637402,0.46159958141920837,0.4853432565414742,0.8945486858712517,81.87956290816433,0.5090869316637402,0.46159958141920837,0.4853432565414742,0.8945486858712517,81.87956290816433,algorithm_native_internal_best_so_far.v1,true
noise001,iMCTS,67,150,150,1.0,0.5091771564717232,0.4616266842467914,0.4854019203592572,0.8946974883265892,81.99284926524633,0.5091771564717232,0.4616266842467914,0.4854019203592572,0.8946974883265892,81.99284926524633,algorithm_native_internal_best_so_far.v1,true
noise001,iMCTS,68,150,150,1.0,0.5147924435900127,0.46678212100765665,0.4907872822988345,0.9025553452214784,82.11435934255371,0.5147924435900127,0.46678212100765665,0.4907872822988345,0.9025553452214784,82.11435934255371,algorithm_native_internal_best_so_far.v1,true
noise001,iMCTS,69,150,150,1.0,0.5152445120707699,0.46762815991419215,0.491436335992481,0.9046654482473879,82.2354055089622,0.5152445120707699,0.46762815991419215,0.491436335992481,0.9046654482473879,82.2354055089622,algorithm_native_internal_best_so_far.v1,true
noise001,iMCTS,70,150,150,1.0,0.5154719638064698,0.4673196581233866,0.4913958109649281,0.9046144415083429,82.35292034670323,0.5154719638064698,0.4673196581233866,0.4913958109649281,0.9046144415083429,82.35292034670323,algorithm_native_internal_best_so_far.v1,true
noise001,iMCTS,71,150,150,1.0,0.5154417474388743,0.46675387563978393,0.49109781153932913,0.9041259049136907,82.46643682761402,0.5154417474388743,0.46675387563978393,0.49109781153932913,0.9041259049136907,82.46643682761402,algorithm_native_internal_best_so_far.v1,true
noise001,iMCTS,72,150,150,1.0,0.5156329359163885,0.4660099557657608,0.4908214458410745,0.903759115526189,82.57629064323909,0.5156329359163885,0.4660099557657608,0.4908214458410745,0.903759115526189,82.57629064323909,algorithm_native_internal_best_so_far.v1,true
noise001,iMCTS,73,150,150,1.0,0.5156048466468296,0.4659726953643434,0.4907887710055865,0.903788006420488,82.68317434185292,0.5156048466468296,0.4659726953643434,0.4907887710055865,0.903788006420488,82.68317434185292,algorithm_native_internal_best_so_far.v1,true
noise001,iMCTS,74,150,150,1.0,0.5157313093607176,0.4665903737928146,0.49116084157676615,0.9044093592027601,82.78800895777755,0.5157313093607176,0.4665903737928146,0.49116084157676615,0.9044093592027601,82.78800895777755,algorithm_native_internal_best_so_far.v1,true
noise001,iMCTS,75,150,150,1.0,0.5165330283067646,0.46764681735167346,0.49208992282921904,0.908394786196424,82.89536188660243,0.5165330283067646,0.46764681735167346,0.49208992282921904,0.908394786196424,82.89536188660243,algorithm_native_internal_best_so_far.v1,true
noise001,iMCTS,76,150,150,1.0,0.5165709192489678,0.46825328447804004,0.4924121018635041,0.907925662790466,82.99927247071354,0.5165709192489678,0.46825328447804004,0.4924121018635041,0.907925662790466,82.99927247071354,algorithm_native_internal_best_so_far.v1,true
noise001,iMCTS,77,150,150,1.0,0.5166204820548091,0.4681950122788111,0.49240774716681024,0.9079042232492247,83.10045623505391,0.5166204820548091,0.4681950122788111,0.49240774716681024,0.9079042232492247,83.10045623505391,algorithm_native_internal_best_so_far.v1,true
noise001,iMCTS,78,150,150,1.0,0.5169738875738381,0.467962540344759,0.49246821395929874,0.9080232147691999,83.19919809712911,0.5169738875738381,0.467962540344759,0.49246821395929874,0.9080232147691999,83.19919809712911,algorithm_native_internal_best_so_far.v1,true
noise001,iMCTS,79,150,150,1.0,0.5167688718405167,0.4677692213136351,0.4922690465770761,0.9077008123032355,83.29503206084043,0.5167688718405167,0.4677692213136351,0.4922690465770761,0.9077008123032355,83.29503206084043,algorithm_native_internal_best_so_far.v1,true
noise001,iMCTS,80,150,150,1.0,0.5168309911513441,0.4678548491365276,0.49234292014393605,0.9079415547513189,83.38877110351908,0.5168309911513441,0.4678548491365276,0.49234292014393605,0.9079415547513189,83.38877110351908,algorithm_native_internal_best_so_far.v1,true
noise001,iMCTS,81,150,150,1.0,0.5168596697944133,0.46735995158002974,0.4921098106872217,0.9075351449744722,83.4796938614688,0.5168596697944133,0.46735995158002974,0.4921098106872217,0.9075351449744722,83.4796938614688,algorithm_native_internal_best_so_far.v1,true
noise001,iMCTS,82,150,150,1.0,0.5178187254189593,0.4671056471547401,0.49246218628685,0.9079647047672068,83.56892284458164,0.5178187254189593,0.4671056471547401,0.49246218628685,0.9079647047672068,83.56892284458164,algorithm_native_internal_best_so_far.v1,true
noise001,iMCTS,83,150,150,1.0,0.5178335126689423,0.4671275953176293,0.492480553993286,0.9080032922854305,83.65604822270164,0.5178335126689423,0.4671275953176293,0.492480553993286,0.9080032922854305,83.65604822270164,algorithm_native_internal_best_so_far.v1,true
noise001,iMCTS,84,150,150,1.0,0.5178029795000242,0.46710995436406033,0.4924564669320425,0.9079445313030008,83.7410292335064,0.5178029795000242,0.46710995436406033,0.4924564669320425,0.9079445313030008,83.7410292335064,algorithm_native_internal_best_so_far.v1,true
noise001,iMCTS,85,150,150,1.0,0.5177934151428831,0.46792028529377583,0.4928568502183296,0.9091775945658594,83.82546135377792,0.5177934151428831,0.46792028529377583,0.4928568502183296,0.9091775945658594,83.82546135377792,algorithm_native_internal_best_so_far.v1,true
noise001,iMCTS,86,150,150,1.0,0.519514894954911,0.46742662066454616,0.4934707578097286,0.9106232159023695,83.90961089141118,0.519514894954911,0.46742662066454616,0.4934707578097286,0.9106232159023695,83.90961089141118,algorithm_native_internal_best_so_far.v1,true
noise001,iMCTS,87,150,150,1.0,0.5193545129157454,0.4675968038962555,0.49347565840600066,0.9109764428892824,83.99223196494584,0.5193545129157454,0.4675968038962555,0.49347565840600066,0.9109764428892824,83.99223196494584,algorithm_native_internal_best_so_far.v1,true
noise001,iMCTS,88,150,150,1.0,0.5193579078510439,0.4676166080170753,0.4934872579340597,0.9110288100423861,84.07303479493781,0.5193579078510439,0.4676166080170753,0.4934872579340597,0.9110288100423861,84.07303479493781,algorithm_native_internal_best_so_far.v1,true
noise001,iMCTS,89,150,150,1.0,0.5194941855331217,0.46759761750531453,0.4935459015192182,0.911266276347573,84.15228864707062,0.5194941855331217,0.46759761750531453,0.4935459015192182,0.911266276347573,84.15228864707062,algorithm_native_internal_best_so_far.v1,true
noise001,iMCTS,90,150,150,1.0,0.5195597528218932,0.46780042979197495,0.493680091306934,0.9115254388845335,84.23006926086376,0.5195597528218932,0.46780042979197495,0.493680091306934,0.9115254388845335,84.23006926086376,algorithm_native_internal_best_so_far.v1,true
noise001,iMCTS,91,150,150,1.0,0.5201645127963288,0.4688681926382834,0.49451635271730604,0.9130343590150157,84.30779856460704,0.5201645127963288,0.4688681926382834,0.49451635271730604,0.9130343590150157,84.30779856460704,algorithm_native_internal_best_so_far.v1,true
noise001,iMCTS,92,150,150,1.0,0.5202848132643628,0.46847870127504887,0.4943817572697058,0.912707457176872,84.38348277279269,0.5202848132643628,0.46847870127504887,0.4943817572697058,0.912707457176872,84.38348277279269,algorithm_native_internal_best_so_far.v1,true
noise001,iMCTS,93,150,150,1.0,0.5210703917075518,0.46892578080716535,0.4949980862573584,0.9148444523535748,84.45983720787405,0.5210703917075518,0.46892578080716535,0.4949980862573584,0.9148444523535748,84.45983720787405,algorithm_native_internal_best_so_far.v1,true
noise001,iMCTS,94,150,150,1.0,0.5244241117096761,0.47160249545351157,0.4980133035815938,0.919143072388346,84.53914008054385,0.5244241117096761,0.47160249545351157,0.4980133035815938,0.919143072388346,84.53914008054385,algorithm_native_internal_best_so_far.v1,true
noise001,iMCTS,95,150,150,1.0,0.5243190560405321,0.47136279305116185,0.4978409245458469,0.9191234514817558,84.61675276546627,0.5243190560405321,0.47136279305116185,0.4978409245458469,0.9191234514817558,84.61675276546627,algorithm_native_internal_best_so_far.v1,true
noise001,iMCTS,96,150,150,1.0,0.524398512217108,0.47123978968657015,0.49781915095183904,0.919032215548948,84.69265348202282,0.524398512217108,0.47123978968657015,0.49781915095183904,0.919032215548948,84.69265348202282,algorithm_native_internal_best_so_far.v1,true
noise001,iMCTS,97,150,150,1.0,0.524398512217108,0.47123978968657015,0.49781915095183904,0.919032215548948,84.7669892353514,0.524398512217108,0.47123978968657015,0.49781915095183904,0.919032215548948,84.7669892353514,algorithm_native_internal_best_so_far.v1,true
noise001,iMCTS,98,150,150,1.0,0.5244128105911011,0.4712350235085576,0.49782391704982937,0.9192731891996562,84.84005382396991,0.5244128105911011,0.4712350235085576,0.49782391704982937,0.9192731891996562,84.84005382396991,algorithm_native_internal_best_so_far.v1,true
noise001,iMCTS,99,150,150,1.0,0.5244872178416097,0.4707324775413188,0.4976098476914643,0.9184617591583761,84.91082273398878,0.5244872178416097,0.4707324775413188,0.4976098476914643,0.9184617591583761,84.91082273398878,algorithm_native_internal_best_so_far.v1,true
noise001,iMCTS,100,150,150,1.0,0.5244312877509364,0.4699430701224016,0.4971871789366691,0.9175121707760312,84.97922667742495,0.5244312877509364,0.4699430701224016,0.4971871789366691,0.9175121707760312,84.97922667742495,algorithm_native_internal_best_so_far.v1,true
noise001,iMCTS,101,150,150,1.0,0.5243963495177131,0.4706883426639115,0.4975423460908125,0.9180208702767811,85.04677975019972,0.5243963495177131,0.4706883426639115,0.4975423460908125,0.9180208702767811,85.04677975019972,algorithm_native_internal_best_so_far.v1,true
noise001,iMCTS,102,150,150,1.0,0.5244083281017105,0.4705255389122002,0.4974669335069554,0.9178009239047079,85.11279261922198,0.5244083281017105,0.4705255389122002,0.4974669335069554,0.9178009239047079,85.11279261922198,algorithm_native_internal_best_so_far.v1,true
noise001,iMCTS,103,150,150,1.0,0.5279113115028031,0.4740660782210591,0.5009886948619311,0.9222823409678089,85.1818745753148,0.5279113115028031,0.4740660782210591,0.5009886948619311,0.9222823409678089,85.1818745753148,algorithm_native_internal_best_so_far.v1,true
noise001,iMCTS,104,150,150,1.0,0.5279412176337813,0.4740619871587207,0.501001602396251,0.9223323728188189,85.249676139801,0.5279412176337813,0.4740619871587207,0.501001602396251,0.9223323728188189,85.249676139801,algorithm_native_internal_best_so_far.v1,true
noise001,iMCTS,105,150,150,1.0,0.531289887929706,0.4769417885970785,0.5041158382633923,0.9279888402863941,85.32157335778994,0.531289887929706,0.4769417885970785,0.5041158382633923,0.9279888402863941,85.32157335778994,algorithm_native_internal_best_so_far.v1,true
noise001,iMCTS,106,150,150,1.0,0.5315282387562088,0.47731046848458125,0.504419353620395,0.9284373727134602,85.39253716829518,0.5315282387562088,0.47731046848458125,0.504419353620395,0.9284373727134602,85.39253716829518,algorithm_native_internal_best_so_far.v1,true
noise001,iMCTS,107,150,150,1.0,0.5315282387562088,0.47731046848458125,0.504419353620395,0.9284373727134602,85.46217455243585,0.5315282387562088,0.47731046848458125,0.504419353620395,0.9284373727134602,85.46217455243585,algorithm_native_internal_best_so_far.v1,true
noise001,iMCTS,108,150,150,1.0,0.5307509185290332,0.47693287037779347,0.5038418944534133,0.9275541764381889,85.52970458105976,0.5307509185290332,0.47693287037779347,0.5038418944534133,0.9275541764381889,85.52970458105976,algorithm_native_internal_best_so_far.v1,true
noise001,iMCTS,109,150,150,1.0,0.5306874539101479,0.47660035119053246,0.5036439025503402,0.9271818686668338,85.59565395982695,0.5306874539101479,0.47660035119053246,0.5036439025503402,0.9271818686668338,85.59565395982695,algorithm_native_internal_best_so_far.v1,true
noise001,iMCTS,110,150,150,1.0,0.5305809173641544,0.4766400732742809,0.5036104953192176,0.9270235302808855,85.66026031499297,0.5305809173641544,0.4766400732742809,0.5036104953192176,0.9270235302808855,85.66026031499297,algorithm_native_internal_best_so_far.v1,true
noise001,iMCTS,111,150,150,1.0,0.5311838666233403,0.4766341511220217,0.503909008872681,0.9275656826485568,85.724191017244,0.5311838666233403,0.4766341511220217,0.503909008872681,0.9275656826485568,85.724191017244,algorithm_native_internal_best_so_far.v1,true
noise001,iMCTS,112,150,150,1.0,0.5303679338506001,0.4758383699205634,0.5031031518855819,0.9262107919673325,85.78577037598943,0.5303679338506001,0.4758383699205634,0.5031031518855819,0.9262107919673325,85.78577037598943,algorithm_native_internal_best_so_far.v1,true
noise001,iMCTS,113,150,150,1.0,0.530564281959137,0.47687071609632503,0.5037174990277309,0.9278541078836052,85.8477140964529,0.530564281959137,0.47687071609632503,0.5037174990277309,0.9278541078836052,85.8477140964529,algorithm_native_internal_best_so_far.v1,true
noise001,iMCTS,114,150,150,1.0,0.5309306799639422,0.47731320993069365,0.5041219449473177,0.9286084329929618,85.90923277367082,0.5309306799639422,0.47731320993069365,0.5041219449473177,0.9286084329929618,85.90923277367082,algorithm_native_internal_best_so_far.v1,true
noise001,iMCTS,115,150,150,1.0,0.5301234941401654,0.477351086809547,0.5037372904748559,0.9289771226515114,85.97000216055326,0.5301234941401654,0.477351086809547,0.5037372904748559,0.9289771226515114,85.97000216055326,algorithm_native_internal_best_so_far.v1,true
noise001,iMCTS,116,150,150,1.0,0.5290388061077618,0.4768695584027201,0.5029541822552407,0.9262107848292279,86.02733902540128,0.5290388061077618,0.4768695584027201,0.5029541822552407,0.9262107848292279,86.02733902540128,algorithm_native_internal_best_so_far.v1,true
noise001,iMCTS,117,150,150,1.0,0.5291286566186841,0.47677909827206916,0.5029538774453765,0.9263043709197323,86.083775761013,0.5291286566186841,0.47677909827206916,0.5029538774453765,0.9263043709197323,86.083775761013,algorithm_native_internal_best_so_far.v1,true
noise001,iMCTS,118,150,150,1.0,0.5290822107544534,0.4768844692172678,0.5029833399858605,0.9263551152305413,86.13929894543708,0.5290822107544534,0.4768844692172678,0.5029833399858605,0.9263551152305413,86.13929894543708,algorithm_native_internal_best_so_far.v1,true
noise001,iMCTS,119,150,150,1.0,0.529275695565777,0.4771029440836067,0.5031893198246916,0.9267882059180622,86.19425290885194,0.529275695565777,0.4771029440836067,0.5031893198246916,0.9267882059180622,86.19425290885194,algorithm_native_internal_best_so_far.v1,true
noise001,iMCTS,120,150,150,1.0,0.5292673753779703,0.47689225168856847,0.5030798135332691,0.9264677613317548,86.24802393572129,0.5292673753779703,0.47689225168856847,0.5030798135332691,0.9264677613317548,86.24802393572129,algorithm_native_internal_best_so_far.v1,true
noise001,iMCTS,121,150,150,1.0,0.5302322999214216,0.4755734987735,0.5029028993474608,0.9263484418451037,86.30080757414105,0.5302322999214216,0.4755734987735,0.5029028993474608,0.9263484418451037,86.30080757414105,algorithm_native_internal_best_so_far.v1,true
noise001,iMCTS,122,150,150,1.0,0.530533501869006,0.47577188994038105,0.5031526959046935,0.9270840903010739,86.3533288975506,0.530533501869006,0.47577188994038105,0.5031526959046935,0.9270840903010739,86.3533288975506,algorithm_native_internal_best_so_far.v1,true
noise001,iMCTS,123,150,150,1.0,0.5277301632995761,0.4752643062384639,0.5014972347690201,0.9247857566800769,86.40312765178197,0.5277301632995761,0.4752643062384639,0.5014972347690201,0.9247857566800769,86.40312765178197,algorithm_native_internal_best_so_far.v1,true
noise001,iMCTS,124,150,150,1.0,0.5279030481840995,0.4758620151654812,0.5018825316747902,0.9257199082579435,86.45287654834658,0.5279030481840995,0.4758620151654812,0.5018825316747902,0.9257199082579435,86.45287654834658,algorithm_native_internal_best_so_far.v1,true
noise001,iMCTS,125,150,150,1.0,0.5313159124904213,0.4794854007025657,0.5054006565964934,0.9293920744026108,86.5047671954819,0.5313159124904213,0.4794854007025657,0.5054006565964934,0.9293920744026108,86.5047671954819,algorithm_native_internal_best_so_far.v1,true
noise001,iMCTS,126,150,150,1.0,0.5312438059344896,0.4790480599261155,0.5051459329303023,0.9289606954697166,86.55549181731912,0.5312438059344896,0.4790480599261155,0.5051459329303023,0.9289606954697166,86.55549181731912,algorithm_native_internal_best_so_far.v1,true
noise001,iMCTS,127,150,150,1.0,0.5312415014280397,0.47905382859105816,0.5051476650095488,0.9289645883787908,86.60542069149676,0.5312415014280397,0.47905382859105816,0.5051476650095488,0.9289645883787908,86.60542069149676,algorithm_native_internal_best_so_far.v1,true
noise001,iMCTS,128,150,150,1.0,0.5324902221855579,0.47994835810822006,0.5062192901468888,0.9306605999217121,86.65589443603328,0.5324902221855579,0.47994835810822006,0.5062192901468888,0.9306605999217121,86.65589443603328,algorithm_native_internal_best_so_far.v1,true
noise001,iMCTS,129,150,150,1.0,0.5325101996767838,0.47995540503726003,0.5062328023570217,0.9306839098893142,86.70560371163714,0.5325101996767838,0.47995540503726003,0.5062328023570217,0.9306839098893142,86.70560371163714,algorithm_native_internal_best_so_far.v1,true
noise001,iMCTS,130,150,150,1.0,0.5325005898885384,0.479927218306404,0.506213904097471,0.930618679263682,86.75449805175046,0.5325005898885384,0.479927218306404,0.506213904097471,0.930618679263682,86.75449805175046,algorithm_native_internal_best_so_far.v1,true
noise001,iMCTS,131,150,150,1.0,0.5326237410017716,0.4782257638645635,0.5054247524331673,0.9295266620871295,86.80181231249063,0.5326237410017716,0.4782257638645635,0.5054247524331673,0.9295266620871295,86.80181231249063,algorithm_native_internal_best_so_far.v1,true
noise001,iMCTS,132,150,150,1.0,0.5326237410017716,0.4782257638645635,0.5054247524331673,0.9295266620871295,86.84840969049232,0.5326237410017716,0.4782257638645635,0.5054247524331673,0.9295266620871295,86.84840969049232,algorithm_native_internal_best_so_far.v1,true
noise001,iMCTS,133,150,150,1.0,0.532620865664322,0.4782720032970162,0.5054464344806688,0.9296026885053035,86.89436351876327,0.532620865664322,0.4782720032970162,0.5054464344806688,0.9296026885053035,86.89436351876327,algorithm_native_internal_best_so_far.v1,true
noise001,iMCTS,134,150,150,1.0,0.5328027369209488,0.4783090953658502,0.5055559161433993,0.9301233296885251,86.94002000719676,0.5328027369209488,0.4783090953658502,0.5055559161433993,0.9301233296885251,86.94002000719676,algorithm_native_internal_best_so_far.v1,true
noise001,iMCTS,135,150,150,1.0,0.5327985652739772,0.47830985282033955,0.5055542090471582,0.9301173913223149,86.98499570441925,0.5327985652739772,0.47830985282033955,0.5055542090471582,0.9301173913223149,86.98499570441925,algorithm_native_internal_best_so_far.v1,true
noise001,iMCTS,136,150,150,1.0,0.5329042618339483,0.4782843435302018,0.505594302682075,0.9303113653708357,87.0294526223065,0.5329042618339483,0.4782843435302018,0.505594302682075,0.9303113653708357,87.0294526223065,algorithm_native_internal_best_so_far.v1,true
noise001,iMCTS,137,150,150,1.0,0.5329164792583729,0.47839201175203955,0.5056542455052061,0.9304757899099716,87.07338055200498,0.5329164792583729,0.47839201175203955,0.5056542455052061,0.9304757899099716,87.07338055200498,algorithm_native_internal_best_so_far.v1,true
noise001,iMCTS,138,150,150,1.0,0.5328981688196666,0.4787477611648445,0.5058229649922554,0.9308873852770362,87.1169701025535,0.5328981688196666,0.4787477611648445,0.5058229649922554,0.9308873852770362,87.1169701025535,algorithm_native_internal_best_so_far.v1,true
noise001,iMCTS,139,150,150,1.0,0.5328981985324185,0.4787099088490869,0.5058040536907525,0.930819223891903,87.15988342835664,0.5328981985324185,0.4787099088490869,0.5058040536907525,0.930819223891903,87.15988342835664,algorithm_native_internal_best_so_far.v1,true
noise001,iMCTS,140,150,150,1.0,0.5336715065828082,0.4788233054885449,0.5062474060356765,0.9326726564045867,87.20350758701451,0.5336715065828082,0.4788233054885449,0.5062474060356765,0.9326726564045867,87.20350758701451,algorithm_native_internal_best_so_far.v1,true
noise001,iMCTS,141,150,150,1.0,0.5335996739628945,0.47888265165304866,0.5062411628079715,0.9327755404236359,87.24658593066947,0.5335996739628945,0.47888265165304866,0.5062411628079715,0.9327755404236359,87.24658593066947,algorithm_native_internal_best_so_far.v1,true
noise001,iMCTS,142,150,150,1.0,0.5336028733264949,0.4789613992029489,0.5062821362647217,0.9329104074793594,87.28915251388966,0.5336028733264949,0.4789613992029489,0.5062821362647217,0.9329104074793594,87.28915251388966,algorithm_native_internal_best_so_far.v1,true
noise001,iMCTS,143,150,150,1.0,0.5336028733264949,0.4789613992029489,0.5062821362647217,0.9329104074793594,87.33112376028159,0.5336028733264949,0.4789613992029489,0.5062821362647217,0.9329104074793594,87.33112376028159,algorithm_native_internal_best_so_far.v1,true
noise001,iMCTS,144,150,150,1.0,0.5335372896968058,0.47894710359409326,0.5062421966454493,0.9327331102693506,87.37238894963336,0.5335372896968058,0.47894710359409326,0.5062421966454493,0.9327331102693506,87.37238894963336,algorithm_native_internal_best_so_far.v1,true
noise001,iMCTS,145,150,150,1.0,0.5334363249368516,0.4787317915682203,0.5060840582525357,0.9324144334137573,87.41286518681778,0.5334363249368516,0.4787317915682203,0.5060840582525357,0.9324144334137573,87.41286518681778,algorithm_native_internal_best_so_far.v1,true
noise001,iMCTS,146,150,150,1.0,0.5334122944690436,0.47860704661901055,0.5060096705440267,0.9322987649737816,87.4527077300408,0.5334122944690436,0.47860704661901055,0.5060096705440267,0.9322987649737816,87.4527077300408,algorithm_native_internal_best_so_far.v1,true
noise001,iMCTS,147,150,150,1.0,0.5334122944690436,0.47860704661901055,0.5060096705440267,0.9322987649737816,87.49200819784582,0.5334122944690436,0.47860704661901055,0.5060096705440267,0.9322987649737816,87.49200819784582,algorithm_native_internal_best_so_far.v1,true
noise001,iMCTS,148,150,150,1.0,0.5334122944690436,0.47860704661901055,0.5060096705440267,0.9322987649737816,87.53077757824806,0.5334122944690436,0.47860704661901055,0.5060096705440267,0.9322987649737816,87.53077757824806,algorithm_native_internal_best_so_far.v1,true
noise001,iMCTS,149,150,150,1.0,0.5334122944690436,0.47860704661901055,0.5060096705440267,0.9322987649737816,87.5690265642825,0.5334122944690436,0.47860704661901055,0.5060096705440267,0.9322987649737816,87.5690265642825,algorithm_native_internal_best_so_far.v1,true
noise001,iMCTS,150,150,150,1.0,0.533544705580472,0.47841445899067586,0.5059795822855736,0.9321560375167275,87.60667041219844,0.533544705580472,0.47841445899067586,0.5059795822855736,0.9321560375167275,87.60667041219844,algorithm_native_internal_best_so_far.v1,true
noise001,iMCTS,151,150,150,1.0,0.5336789467735719,0.47846724627206005,0.5060730965228156,0.932321073003183,87.64392496112637,0.5336789467735719,0.47846724627206005,0.5060730965228156,0.932321073003183,87.64392496112637,algorithm_native_internal_best_so_far.v1,true
noise001,iMCTS,152,150,150,1.0,0.5336469023097119,0.4784530674458217,0.5060499848777665,0.9323053388087639,87.68067896717736,0.5336469023097119,0.4784530674458217,0.5060499848777665,0.9323053388087639,87.68067896717736,algorithm_native_internal_best_so_far.v1,true
noise001,iMCTS,153,150,150,1.0,0.5336736063023428,0.4784572501539,0.5060654282281211,0.9323444497043856,87.71697809138168,0.5336736063023428,0.4784572501539,0.5060654282281211,0.9323444497043856,87.71697809138168,algorithm_native_internal_best_so_far.v1,true
noise001,iMCTS,154,150,150,1.0,0.5336821429162908,0.47855841999150955,0.5061202814538999,0.9325655090195433,87.75294934339838,0.5336821429162908,0.47855841999150955,0.5061202814538999,0.9325655090195433,87.75294934339838,algorithm_native_internal_best_so_far.v1,true
noise001,iMCTS,155,150,150,1.0,0.533695113521548,0.4785316095152051,0.5061133615183763,0.9325532391640634,87.78844853419199,0.533695113521548,0.4785316095152051,0.5061133615183763,0.9325532391640634,87.78844853419199,algorithm_native_internal_best_so_far.v1,true
noise001,iMCTS,156,150,150,1.0,0.533695113521548,0.4785316095152051,0.5061133615183763,0.9325532391640634,87.8234926071549,0.533695113521548,0.4785316095152051,0.5061133615183763,0.9325532391640634,87.8234926071549,algorithm_native_internal_best_so_far.v1,true
noise001,iMCTS,157,150,150,1.0,0.5336473096757332,0.4783376498244099,0.5059924797500712,0.9319434442545207,87.8577018544052,0.5336473096757332,0.4783376498244099,0.5059924797500712,0.9319434442545207,87.8577018544052,algorithm_native_internal_best_so_far.v1,true
noise001,iMCTS,158,150,150,1.0,0.5336763240165445,0.4782314663177591,0.5059538951671515,0.9317849693771708,87.89137777265401,0.5336763240165445,0.4782314663177591,0.5059538951671515,0.9317849693771708,87.89137777265401,algorithm_native_internal_best_so_far.v1,true
noise001,iMCTS,159,150,150,1.0,0.5337061542852468,0.4782891596826737,0.5059976569839598,0.9319655237874438,87.92474365067974,0.5337061542852468,0.4782891596826737,0.5059976569839598,0.9319655237874438,87.92474365067974,algorithm_native_internal_best_so_far.v1,true
noise001,iMCTS,160,150,150,1.0,0.533732020745685,0.47831672830104033,0.5060243745233622,0.9320403651667148,87.95773923109219,0.533732020745685,0.47831672830104033,0.5060243745233622,0.9320403651667148,87.95773923109219,algorithm_native_internal_best_so_far.v1,true
noise001,iMCTS,161,150,150,1.0,0.5339488429442094,0.47834326609013855,0.5061460545171734,0.9325294165168746,87.99062868712075,0.5339488429442094,0.47834326609013855,0.5061460545171734,0.9325294165168746,87.99062868712075,algorithm_native_internal_best_so_far.v1,true
noise001,iMCTS,162,150,150,1.0,0.5339195414708684,0.4800636132184662,0.5069915773446669,0.9352358124779778,88.02478271527306,0.5339195414708684,0.4800636132184662,0.5069915773446669,0.9352358124779778,88.02478271527306,algorithm_native_internal_best_so_far.v1,true
noise001,iMCTS,163,150,150,1.0,0.5337969165624904,0.4802164193443814,0.5070066679534355,0.9354183234801027,88.05862964553525,0.5337969165624904,0.4802164193443814,0.5070066679534355,0.9354183234801027,88.05862964553525,algorithm_native_internal_best_so_far.v1,true
noise001,iMCTS,164,150,150,1.0,0.5346406593640475,0.480728407608051,0.507684533486049,0.9380090757240377,88.09364353533323,0.5346406593640475,0.480728407608051,0.507684533486049,0.9380090757240377,88.09364353533323,algorithm_native_internal_best_so_far.v1,true
noise001,iMCTS,165,150,150,1.0,0.5348869768301788,0.48074664314314086,0.5078168099866595,0.9383015715260541,88.1284102845288,0.5348869768301788,0.48074664314314086,0.5078168099866595,0.9383015715260541,88.1284102845288,algorithm_native_internal_best_so_far.v1,true
noise001,iMCTS,166,150,150,1.0,0.5348869768301788,0.48074664314314086,0.5078168099866595,0.9383015715260541,88.16275815722805,0.5348869768301788,0.48074664314314086,0.5078168099866595,0.9383015715260541,88.16275815722805,algorithm_native_internal_best_so_far.v1,true
noise001,iMCTS,167,150,150,1.0,0.5348679080625122,0.4807451642865562,0.5078065361745338,0.9382658326747181,88.19667327764867,0.5348679080625122,0.4807451642865562,0.5078065361745338,0.9382658326747181,88.19667327764867,algorithm_native_internal_best_so_far.v1,true
noise001,iMCTS,168,150,150,1.0,0.5348514375783348,0.4806043446833196,0.5077278911308266,0.9378414623640757,88.22993204526034,0.5348514375783348,0.4806043446833196,0.5077278911308266,0.9378414623640757,88.22993204526034,algorithm_native_internal_best_so_far.v1,true
noise001,iMCTS,169,150,150,1.0,0.5348514375783348,0.4806043446833196,0.5077278911308266,0.9378414623640757,88.26279721798902,0.5348514375783348,0.4806043446833196,0.5077278911308266,0.9378414623640757,88.26279721798902,algorithm_native_internal_best_so_far.v1,true
noise001,iMCTS,170,150,150,1.0,0.5348480287501968,0.48063138473719724,0.5077397067436966,0.9378609628016165,88.29528721247237,0.5348480287501968,0.48063138473719724,0.5077397067436966,0.9378609628016165,88.29528721247237,algorithm_native_internal_best_so_far.v1,true
noise001,iMCTS,171,150,150,1.0,0.5348620794657177,0.48062218998608053,0.5077421347258988,0.9378671117625803,88.32740080290388,0.5348620794657177,0.48062218998608053,0.5077421347258988,0.9378671117625803,88.32740080290388,algorithm_native_internal_best_so_far.v1,true
noise001,iMCTS,172,150,150,1.0,0.5348684085238979,0.480691915235266,0.5077801618795815,0.9385911676546078,88.35956194222108,0.5348684085238979,0.480691915235266,0.5077801618795815,0.9385911676546078,88.35956194222108,algorithm_native_internal_best_so_far.v1,true
noise001,iMCTS,173,150,150,1.0,0.534868758126575,0.48068660174298744,0.5077776799347808,0.9385822220621842,88.39134610559678,0.534868758126575,0.48068660174298744,0.5077776799347808,0.9385822220621842,88.39134610559678,algorithm_native_internal_best_so_far.v1,true
noise001,iMCTS,174,150,150,1.0,0.5350511969884476,0.48070666904008336,0.507878933014265,0.9390180146263903,88.42301538925794,0.5350511969884476,0.48070666904008336,0.507878933014265,0.9390180146263903,88.42301538925794,algorithm_native_internal_best_so_far.v1,true
noise001,iMCTS,175,150,150,1.0,0.5350511969884476,0.48070666904008336,0.507878933014265,0.9390180146263903,88.45432273824869,0.5350511969884476,0.48070666904008336,0.507878933014265,0.9390180146263903,88.45432273824869,algorithm_native_internal_best_so_far.v1,true
noise001,iMCTS,176,150,150,1.0,0.5351211070400947,0.4808938768592462,0.50800749194967,0.9394655415967409,88.4855285985977,0.5351211070400947,0.4808938768592462,0.50800749194967,0.9394655415967409,88.4855285985977,algorithm_native_internal_best_so_far.v1,true
noise001,iMCTS,177,150,150,1.0,0.5351211070400947,0.4808938768592462,0.50800749194967,0.9394655415967409,88.51638185035519,0.5351211070400947,0.4808938768592462,0.50800749194967,0.9394655415967409,88.51638185035519,algorithm_native_internal_best_so_far.v1,true
noise001,iMCTS,178,150,150,1.0,0.5359167317601202,0.4807100136732177,0.5083133727166685,0.9400938313222792,88.54724140811852,0.5359167317601202,0.4807100136732177,0.5083133727166685,0.9400938313222792,88.54724140811852,algorithm_native_internal_best_so_far.v1,true
noise001,iMCTS,179,150,150,1.0,0.5359167317601202,0.4807100136732177,0.5083133727166685,0.9400938313222792,88.5777561663538,0.5359167317601202,0.4807100136732177,0.5083133727166685,0.9400938313222792,88.5777561663538,algorithm_native_internal_best_so_far.v1,true
noise001,iMCTS,180,150,150,1.0,0.5361395033318204,0.48071850186245885,0.5084290025971392,0.9403138675064565,88.6080541140443,0.5361395033318204,0.48071850186245885,0.5084290025971392,0.9403138675064565,88.6080541140443,algorithm_native_internal_best_so_far.v1,true
noise001,jaxsr,1,150,150,1.0,0.2965518926092738,0.23381237692556298,0.2651821347674185,0.9133333333333333,91.33333333333333,0.2965518926092738,0.23381237692556298,0.2651821347674185,0.9133333333333333,91.33333333333333,algorithm_native_internal_best_so_far.v1,true
noise001,jaxsr,2,150,150,1.0,0.31512542732528687,0.2494949801016069,0.282310203713447,0.9666666666666667,94.0,0.31512542732528687,0.2494949801016069,0.282310203713447,0.9666666666666667,94.0,algorithm_native_internal_best_so_far.v1,true
noise001,jaxsr,3,150,150,1.0,0.32367338928900874,0.25652764640017284,0.29010051784459095,0.9933333333333333,95.77777777777777,0.32367338928900874,0.25652764640017284,0.29010051784459095,0.9933333333333333,95.77777777777777,algorithm_native_internal_best_so_far.v1,true
noise001,jaxsr,4,150,150,1.0,0.32367338928900874,0.25652764640017284,0.29010051784459095,0.9933333333333333,96.66666666666666,0.32367338928900874,0.25652764640017284,0.29010051784459095,0.9933333333333333,96.66666666666666,algorithm_native_internal_best_so_far.v1,true
noise001,jaxsr,5,150,150,1.0,0.32577957548240355,0.2573921346930317,0.2915858550877177,1.0,97.33333333333333,0.32577957548240355,0.2573921346930317,0.2915858550877177,1.0,97.33333333333333,algorithm_native_internal_best_so_far.v1,true
noise001,jaxsr,6,150,150,1.0,0.32577957548240355,0.2573921346930317,0.2915858550877177,1.0,97.77777777777777,0.32577957548240355,0.2573921346930317,0.2915858550877177,1.0,97.77777777777777,algorithm_native_internal_best_so_far.v1,true
noise001,jaxsr,7,150,150,1.0,0.32577957548240355,0.2573921346930317,0.2915858550877177,1.0,98.09523809523809,0.32577957548240355,0.2573921346930317,0.2915858550877177,1.0,98.09523809523809,algorithm_native_internal_best_so_far.v1,true
noise001,jaxsr,8,150,150,1.0,0.32577957548240355,0.2573921346930317,0.2915858550877177,1.0,98.33333333333333,0.32577957548240355,0.2573921346930317,0.2915858550877177,1.0,98.33333333333333,algorithm_native_internal_best_so_far.v1,true
noise001,jaxsr,9,150,150,1.0,0.32577957548240355,0.2573921346930317,0.2915858550877177,1.0,98.51851851851853,0.32577957548240355,0.2573921346930317,0.2915858550877177,1.0,98.51851851851853,algorithm_native_internal_best_so_far.v1,true
noise001,jaxsr,10,150,150,1.0,0.32577957548240355,0.2573921346930317,0.2915858550877177,1.0,98.66666666666667,0.32577957548240355,0.2573921346930317,0.2915858550877177,1.0,98.66666666666667,algorithm_native_internal_best_so_far.v1,true
noise001,jaxsr,11,150,150,1.0,0.32577957548240355,0.2573921346930317,0.2915858550877177,1.0,98.7878787878788,0.32577957548240355,0.2573921346930317,0.2915858550877177,1.0,98.7878787878788,algorithm_native_internal_best_so_far.v1,true
noise001,jaxsr,12,150,150,1.0,0.32577957548240355,0.2573921346930317,0.2915858550877177,1.0,98.8888888888889,0.32577957548240355,0.2573921346930317,0.2915858550877177,1.0,98.8888888888889,algorithm_native_internal_best_so_far.v1,true
noise001,jaxsr,13,150,150,1.0,0.32577957548240355,0.2573921346930317,0.2915858550877177,1.0,98.97435897435898,0.32577957548240355,0.2573921346930317,0.2915858550877177,1.0,98.97435897435898,algorithm_native_internal_best_so_far.v1,true
noise001,jaxsr,14,150,150,1.0,0.32577957548240355,0.2573921346930317,0.2915858550877177,1.0,99.04761904761905,0.32577957548240355,0.2573921346930317,0.2915858550877177,1.0,99.04761904761905,algorithm_native_internal_best_so_far.v1,true
noise001,jaxsr,15,150,150,1.0,0.32577957548240355,0.2573921346930317,0.2915858550877177,1.0,99.11111111111111,0.32577957548240355,0.2573921346930317,0.2915858550877177,1.0,99.11111111111111,algorithm_native_internal_best_so_far.v1,true
noise001,jaxsr,16,150,150,1.0,0.32577957548240355,0.2573921346930317,0.2915858550877177,1.0,99.16666666666667,0.32577957548240355,0.2573921346930317,0.2915858550877177,1.0,99.16666666666667,algorithm_native_internal_best_so_far.v1,true
noise001,jaxsr,17,150,150,1.0,0.32577957548240355,0.2573921346930317,0.2915858550877177,1.0,99.2156862745098,0.32577957548240355,0.2573921346930317,0.2915858550877177,1.0,99.2156862745098,algorithm_native_internal_best_so_far.v1,true
noise001,jaxsr,18,150,150,1.0,0.32577957548240355,0.2573921346930317,0.2915858550877177,1.0,99.25925925925927,0.32577957548240355,0.2573921346930317,0.2915858550877177,1.0,99.25925925925927,algorithm_native_internal_best_so_far.v1,true
noise001,jaxsr,19,150,150,1.0,0.32577957548240355,0.2573921346930317,0.2915858550877177,1.0,99.2982456140351,0.32577957548240355,0.2573921346930317,0.2915858550877177,1.0,99.2982456140351,algorithm_native_internal_best_so_far.v1,true
noise001,jaxsr,20,150,150,1.0,0.32577957548240355,0.2573921346930317,0.2915858550877177,1.0,99.33333333333334,0.32577957548240355,0.2573921346930317,0.2915858550877177,1.0,99.33333333333334,algorithm_native_internal_best_so_far.v1,true
noise001,jaxsr,21,150,150,1.0,0.32577957548240355,0.2573921346930317,0.2915858550877177,1.0,99.36507936507935,0.32577957548240355,0.2573921346930317,0.2915858550877177,1.0,99.36507936507935,algorithm_native_internal_best_so_far.v1,true
noise001,jaxsr,22,150,150,1.0,0.32577957548240355,0.2573921346930317,0.2915858550877177,1.0,99.39393939393939,0.32577957548240355,0.2573921346930317,0.2915858550877177,1.0,99.39393939393939,algorithm_native_internal_best_so_far.v1,true
noise001,jaxsr,23,150,150,1.0,0.32577957548240355,0.2573921346930317,0.2915858550877177,1.0,99.42028985507245,0.32577957548240355,0.2573921346930317,0.2915858550877177,1.0,99.42028985507245,algorithm_native_internal_best_so_far.v1,true
noise001,jaxsr,24,150,150,1.0,0.32577957548240355,0.2573921346930317,0.2915858550877177,1.0,99.44444444444444,0.32577957548240355,0.2573921346930317,0.2915858550877177,1.0,99.44444444444444,algorithm_native_internal_best_so_far.v1,true
noise001,jaxsr,25,150,150,1.0,0.32577957548240355,0.2573921346930317,0.2915858550877177,1.0,99.46666666666665,0.32577957548240355,0.2573921346930317,0.2915858550877177,1.0,99.46666666666665,algorithm_native_internal_best_so_far.v1,true
noise001,jaxsr,26,150,150,1.0,0.32577957548240355,0.2573921346930317,0.2915858550877177,1.0,99.48717948717947,0.32577957548240355,0.2573921346930317,0.2915858550877177,1.0,99.48717948717947,algorithm_native_internal_best_so_far.v1,true
noise001,jaxsr,27,150,150,1.0,0.32577957548240355,0.2573921346930317,0.2915858550877177,1.0,99.50617283950616,0.32577957548240355,0.2573921346930317,0.2915858550877177,1.0,99.50617283950616,algorithm_native_internal_best_so_far.v1,true
noise001,jaxsr,28,150,150,1.0,0.32577957548240355,0.2573921346930317,0.2915858550877177,1.0,99.52380952380952,0.32577957548240355,0.2573921346930317,0.2915858550877177,1.0,99.52380952380952,algorithm_native_internal_best_so_far.v1,true
noise001,jaxsr,29,150,150,1.0,0.32577957548240355,0.2573921346930317,0.2915858550877177,1.0,99.54022988505747,0.32577957548240355,0.2573921346930317,0.2915858550877177,1.0,99.54022988505747,algorithm_native_internal_best_so_far.v1,true
noise001,jaxsr,30,150,150,1.0,0.32577957548240355,0.2573921346930317,0.2915858550877177,1.0,99.55555555555556,0.32577957548240355,0.2573921346930317,0.2915858550877177,1.0,99.55555555555556,algorithm_native_internal_best_so_far.v1,true
noise001,jaxsr,31,150,150,1.0,0.32577957548240355,0.2573921346930317,0.2915858550877177,1.0,99.56989247311827,0.32577957548240355,0.2573921346930317,0.2915858550877177,1.0,99.56989247311827,algorithm_native_internal_best_so_far.v1,true
noise001,jaxsr,32,150,150,1.0,0.32577957548240355,0.2573921346930317,0.2915858550877177,1.0,99.58333333333333,0.32577957548240355,0.2573921346930317,0.2915858550877177,1.0,99.58333333333333,algorithm_native_internal_best_so_far.v1,true
noise001,jaxsr,33,150,150,1.0,0.32577957548240355,0.2573921346930317,0.2915858550877177,1.0,99.59595959595958,0.32577957548240355,0.2573921346930317,0.2915858550877177,1.0,99.59595959595958,algorithm_native_internal_best_so_far.v1,true
noise001,jaxsr,34,150,150,1.0,0.32577957548240355,0.2573921346930317,0.2915858550877177,1.0,99.6078431372549,0.32577957548240355,0.2573921346930317,0.2915858550877177,1.0,99.6078431372549,algorithm_native_internal_best_so_far.v1,true
noise001,jaxsr,35,150,150,1.0,0.32577957548240355,0.2573921346930317,0.2915858550877177,1.0,99.61904761904762,0.32577957548240355,0.2573921346930317,0.2915858550877177,1.0,99.61904761904762,algorithm_native_internal_best_so_far.v1,true
noise001,jaxsr,36,150,150,1.0,0.32577957548240355,0.2573921346930317,0.2915858550877177,1.0,99.62962962962962,0.32577957548240355,0.2573921346930317,0.2915858550877177,1.0,99.62962962962962,algorithm_native_internal_best_so_far.v1,true
noise001,jaxsr,37,150,150,1.0,0.32577957548240355,0.2573921346930317,0.2915858550877177,1.0,99.63963963963964,0.32577957548240355,0.2573921346930317,0.2915858550877177,1.0,99.63963963963964,algorithm_native_internal_best_so_far.v1,true
noise001,jaxsr,38,150,150,1.0,0.32577957548240355,0.2573921346930317,0.2915858550877177,1.0,99.64912280701753,0.32577957548240355,0.2573921346930317,0.2915858550877177,1.0,99.64912280701753,algorithm_native_internal_best_so_far.v1,true
noise001,jaxsr,39,150,150,1.0,0.32577957548240355,0.2573921346930317,0.2915858550877177,1.0,99.65811965811966,0.32577957548240355,0.2573921346930317,0.2915858550877177,1.0,99.65811965811966,algorithm_native_internal_best_so_far.v1,true
noise001,jaxsr,40,150,150,1.0,0.32577957548240355,0.2573921346930317,0.2915858550877177,1.0,99.66666666666666,0.32577957548240355,0.2573921346930317,0.2915858550877177,1.0,99.66666666666666,algorithm_native_internal_best_so_far.v1,true
noise001,jaxsr,41,150,150,1.0,0.32577957548240355,0.2573921346930317,0.2915858550877177,1.0,99.67479674796748,0.32577957548240355,0.2573921346930317,0.2915858550877177,1.0,99.67479674796748,algorithm_native_internal_best_so_far.v1,true
noise001,jaxsr,42,150,150,1.0,0.32577957548240355,0.2573921346930317,0.2915858550877177,1.0,99.68253968253968,0.32577957548240355,0.2573921346930317,0.2915858550877177,1.0,99.68253968253968,algorithm_native_internal_best_so_far.v1,true
noise001,jaxsr,43,150,150,1.0,0.32577957548240355,0.2573921346930317,0.2915858550877177,1.0,99.68992248062017,0.32577957548240355,0.2573921346930317,0.2915858550877177,1.0,99.68992248062017,algorithm_native_internal_best_so_far.v1,true
noise001,jaxsr,44,150,150,1.0,0.32577957548240355,0.2573921346930317,0.2915858550877177,1.0,99.6969696969697,0.32577957548240355,0.2573921346930317,0.2915858550877177,1.0,99.6969696969697,algorithm_native_internal_best_so_far.v1,true
noise001,jaxsr,45,150,150,1.0,0.32577957548240355,0.2573921346930317,0.2915858550877177,1.0,99.70370370370371,0.32577957548240355,0.2573921346930317,0.2915858550877177,1.0,99.70370370370371,algorithm_native_internal_best_so_far.v1,true
noise001,jaxsr,46,150,150,1.0,0.32577957548240355,0.2573921346930317,0.2915858550877177,1.0,99.71014492753623,0.32577957548240355,0.2573921346930317,0.2915858550877177,1.0,99.71014492753623,algorithm_native_internal_best_so_far.v1,true
noise001,jaxsr,47,150,150,1.0,0.32577957548240355,0.2573921346930317,0.2915858550877177,1.0,99.71631205673759,0.32577957548240355,0.2573921346930317,0.2915858550877177,1.0,99.71631205673759,algorithm_native_internal_best_so_far.v1,true
noise001,jaxsr,48,150,150,1.0,0.32577957548240355,0.2573921346930317,0.2915858550877177,1.0,99.72222222222223,0.32577957548240355,0.2573921346930317,0.2915858550877177,1.0,99.72222222222223,algorithm_native_internal_best_so_far.v1,true
noise001,jaxsr,49,150,150,1.0,0.32577957548240355,0.2573921346930317,0.2915858550877177,1.0,99.72789115646259,0.32577957548240355,0.2573921346930317,0.2915858550877177,1.0,99.72789115646259,algorithm_native_internal_best_so_far.v1,true
noise001,jaxsr,50,150,150,1.0,0.32577957548240355,0.2573921346930317,0.2915858550877177,1.0,99.73333333333333,0.32577957548240355,0.2573921346930317,0.2915858550877177,1.0,99.73333333333333,algorithm_native_internal_best_so_far.v1,true
noise001,jaxsr,51,150,150,1.0,0.32577957548240355,0.2573921346930317,0.2915858550877177,1.0,99.73856209150327,0.32577957548240355,0.2573921346930317,0.2915858550877177,1.0,99.73856209150327,algorithm_native_internal_best_so_far.v1,true
noise001,jaxsr,52,150,150,1.0,0.32577957548240355,0.2573921346930317,0.2915858550877177,1.0,99.74358974358975,0.32577957548240355,0.2573921346930317,0.2915858550877177,1.0,99.74358974358975,algorithm_native_internal_best_so_far.v1,true
noise001,jaxsr,53,150,150,1.0,0.32577957548240355,0.2573921346930317,0.2915858550877177,1.0,99.74842767295598,0.32577957548240355,0.2573921346930317,0.2915858550877177,1.0,99.74842767295598,algorithm_native_internal_best_so_far.v1,true
noise001,jaxsr,54,150,150,1.0,0.32577957548240355,0.2573921346930317,0.2915858550877177,1.0,99.75308641975309,0.32577957548240355,0.2573921346930317,0.2915858550877177,1.0,99.75308641975309,algorithm_native_internal_best_so_far.v1,true
noise001,jaxsr,55,150,150,1.0,0.32577957548240355,0.2573921346930317,0.2915858550877177,1.0,99.75757575757576,0.32577957548240355,0.2573921346930317,0.2915858550877177,1.0,99.75757575757576,algorithm_native_internal_best_so_far.v1,true
noise001,jaxsr,56,150,150,1.0,0.32577957548240355,0.2573921346930317,0.2915858550877177,1.0,99.76190476190477,0.32577957548240355,0.2573921346930317,0.2915858550877177,1.0,99.76190476190477,algorithm_native_internal_best_so_far.v1,true
noise001,jaxsr,57,150,150,1.0,0.32577957548240355,0.2573921346930317,0.2915858550877177,1.0,99.76608187134504,0.32577957548240355,0.2573921346930317,0.2915858550877177,1.0,99.76608187134504,algorithm_native_internal_best_so_far.v1,true
noise001,jaxsr,58,150,150,1.0,0.32577957548240355,0.2573921346930317,0.2915858550877177,1.0,99.77011494252874,0.32577957548240355,0.2573921346930317,0.2915858550877177,1.0,99.77011494252874,algorithm_native_internal_best_so_far.v1,true
noise001,jaxsr,59,150,150,1.0,0.32577957548240355,0.2573921346930317,0.2915858550877177,1.0,99.77401129943503,0.32577957548240355,0.2573921346930317,0.2915858550877177,1.0,99.77401129943503,algorithm_native_internal_best_so_far.v1,true
noise001,jaxsr,60,150,150,1.0,0.32577957548240355,0.2573921346930317,0.2915858550877177,1.0,99.77777777777779,0.32577957548240355,0.2573921346930317,0.2915858550877177,1.0,99.77777777777779,algorithm_native_internal_best_so_far.v1,true
noise001,jaxsr,61,150,150,1.0,0.32577957548240355,0.2573921346930317,0.2915858550877177,1.0,99.78142076502732,0.32577957548240355,0.2573921346930317,0.2915858550877177,1.0,99.78142076502732,algorithm_native_internal_best_so_far.v1,true
noise001,jaxsr,62,150,150,1.0,0.32577957548240355,0.2573921346930317,0.2915858550877177,1.0,99.78494623655915,0.32577957548240355,0.2573921346930317,0.2915858550877177,1.0,99.78494623655915,algorithm_native_internal_best_so_far.v1,true
noise001,jaxsr,63,150,150,1.0,0.32577957548240355,0.2573921346930317,0.2915858550877177,1.0,99.7883597883598,0.32577957548240355,0.2573921346930317,0.2915858550877177,1.0,99.7883597883598,algorithm_native_internal_best_so_far.v1,true
noise001,jaxsr,64,150,150,1.0,0.32577957548240355,0.2573921346930317,0.2915858550877177,1.0,99.79166666666667,0.32577957548240355,0.2573921346930317,0.2915858550877177,1.0,99.79166666666667,algorithm_native_internal_best_so_far.v1,true
noise001,jaxsr,65,150,150,1.0,0.32577957548240355,0.2573921346930317,0.2915858550877177,1.0,99.79487179487181,0.32577957548240355,0.2573921346930317,0.2915858550877177,1.0,99.79487179487181,algorithm_native_internal_best_so_far.v1,true
noise001,jaxsr,66,150,150,1.0,0.32577957548240355,0.2573921346930317,0.2915858550877177,1.0,99.79797979797982,0.32577957548240355,0.2573921346930317,0.2915858550877177,1.0,99.79797979797982,algorithm_native_internal_best_so_far.v1,true
noise001,jaxsr,67,150,150,1.0,0.32577957548240355,0.2573921346930317,0.2915858550877177,1.0,99.80099502487565,0.32577957548240355,0.2573921346930317,0.2915858550877177,1.0,99.80099502487565,algorithm_native_internal_best_so_far.v1,true
noise001,jaxsr,68,150,150,1.0,0.32577957548240355,0.2573921346930317,0.2915858550877177,1.0,99.80392156862747,0.32577957548240355,0.2573921346930317,0.2915858550877177,1.0,99.80392156862747,algorithm_native_internal_best_so_far.v1,true
noise001,jaxsr,69,150,150,1.0,0.32577957548240355,0.2573921346930317,0.2915858550877177,1.0,99.80676328502418,0.32577957548240355,0.2573921346930317,0.2915858550877177,1.0,99.80676328502418,algorithm_native_internal_best_so_far.v1,true
noise001,jaxsr,70,150,150,1.0,0.32577957548240355,0.2573921346930317,0.2915858550877177,1.0,99.80952380952382,0.32577957548240355,0.2573921346930317,0.2915858550877177,1.0,99.80952380952382,algorithm_native_internal_best_so_far.v1,true
noise001,jaxsr,71,150,150,1.0,0.32577957548240355,0.2573921346930317,0.2915858550877177,1.0,99.81220657276997,0.32577957548240355,0.2573921346930317,0.2915858550877177,1.0,99.81220657276997,algorithm_native_internal_best_so_far.v1,true
noise001,jaxsr,72,150,150,1.0,0.32577957548240355,0.2573921346930317,0.2915858550877177,1.0,99.81481481481484,0.32577957548240355,0.2573921346930317,0.2915858550877177,1.0,99.81481481481484,algorithm_native_internal_best_so_far.v1,true
noise001,jaxsr,73,150,150,1.0,0.32577957548240355,0.2573921346930317,0.2915858550877177,1.0,99.81735159817353,0.32577957548240355,0.2573921346930317,0.2915858550877177,1.0,99.81735159817353,algorithm_native_internal_best_so_far.v1,true
noise001,jaxsr,74,150,150,1.0,0.32577957548240355,0.2573921346930317,0.2915858550877177,1.0,99.81981981981984,0.32577957548240355,0.2573921346930317,0.2915858550877177,1.0,99.81981981981984,algorithm_native_internal_best_so_far.v1,true
noise001,jaxsr,75,150,150,1.0,0.32577957548240355,0.2573921346930317,0.2915858550877177,1.0,99.82222222222224,0.32577957548240355,0.2573921346930317,0.2915858550877177,1.0,99.82222222222224,algorithm_native_internal_best_so_far.v1,true
noise001,jaxsr,76,150,150,1.0,0.32577957548240355,0.2573921346930317,0.2915858550877177,1.0,99.82456140350878,0.32577957548240355,0.2573921346930317,0.2915858550877177,1.0,99.82456140350878,algorithm_native_internal_best_so_far.v1,true
noise001,jaxsr,77,150,150,1.0,0.32577957548240355,0.2573921346930317,0.2915858550877177,1.0,99.82683982683984,0.32577957548240355,0.2573921346930317,0.2915858550877177,1.0,99.82683982683984,algorithm_native_internal_best_so_far.v1,true
noise001,jaxsr,78,150,150,1.0,0.32577957548240355,0.2573921346930317,0.2915858550877177,1.0,99.82905982905984,0.32577957548240355,0.2573921346930317,0.2915858550877177,1.0,99.82905982905984,algorithm_native_internal_best_so_far.v1,true
noise001,jaxsr,79,150,150,1.0,0.32577957548240355,0.2573921346930317,0.2915858550877177,1.0,99.831223628692,0.32577957548240355,0.2573921346930317,0.2915858550877177,1.0,99.831223628692,algorithm_native_internal_best_so_far.v1,true
noise001,jaxsr,80,150,150,1.0,0.32577957548240355,0.2573921346930317,0.2915858550877177,1.0,99.83333333333334,0.32577957548240355,0.2573921346930317,0.2915858550877177,1.0,99.83333333333334,algorithm_native_internal_best_so_far.v1,true
noise001,jaxsr,81,150,150,1.0,0.32577957548240355,0.2573921346930317,0.2915858550877177,1.0,99.83539094650207,0.32577957548240355,0.2573921346930317,0.2915858550877177,1.0,99.83539094650207,algorithm_native_internal_best_so_far.v1,true
noise001,jaxsr,82,150,150,1.0,0.32577957548240355,0.2573921346930317,0.2915858550877177,1.0,99.83739837398376,0.32577957548240355,0.2573921346930317,0.2915858550877177,1.0,99.83739837398376,algorithm_native_internal_best_so_far.v1,true
noise001,jaxsr,83,150,150,1.0,0.32577957548240355,0.2573921346930317,0.2915858550877177,1.0,99.83935742971889,0.32577957548240355,0.2573921346930317,0.2915858550877177,1.0,99.83935742971889,algorithm_native_internal_best_so_far.v1,true
noise001,jaxsr,84,150,150,1.0,0.32577957548240355,0.2573921346930317,0.2915858550877177,1.0,99.84126984126985,0.32577957548240355,0.2573921346930317,0.2915858550877177,1.0,99.84126984126985,algorithm_native_internal_best_so_far.v1,true
noise001,jaxsr,85,150,150,1.0,0.32577957548240355,0.2573921346930317,0.2915858550877177,1.0,99.84313725490198,0.32577957548240355,0.2573921346930317,0.2915858550877177,1.0,99.84313725490198,algorithm_native_internal_best_so_far.v1,true
noise001,jaxsr,86,150,150,1.0,0.32577957548240355,0.2573921346930317,0.2915858550877177,1.0,99.8449612403101,0.32577957548240355,0.2573921346930317,0.2915858550877177,1.0,99.8449612403101,algorithm_native_internal_best_so_far.v1,true
noise001,jaxsr,87,150,150,1.0,0.32577957548240355,0.2573921346930317,0.2915858550877177,1.0,99.84674329501917,0.32577957548240355,0.2573921346930317,0.2915858550877177,1.0,99.84674329501917,algorithm_native_internal_best_so_far.v1,true
noise001,jaxsr,88,150,150,1.0,0.32577957548240355,0.2573921346930317,0.2915858550877177,1.0,99.84848484848486,0.32577957548240355,0.2573921346930317,0.2915858550877177,1.0,99.84848484848486,algorithm_native_internal_best_so_far.v1,true
noise001,jaxsr,89,150,150,1.0,0.32577957548240355,0.2573921346930317,0.2915858550877177,1.0,99.85018726591761,0.32577957548240355,0.2573921346930317,0.2915858550877177,1.0,99.85018726591761,algorithm_native_internal_best_so_far.v1,true
noise001,jaxsr,90,150,150,1.0,0.32577957548240355,0.2573921346930317,0.2915858550877177,1.0,99.85185185185186,0.32577957548240355,0.2573921346930317,0.2915858550877177,1.0,99.85185185185186,algorithm_native_internal_best_so_far.v1,true
noise001,jaxsr,91,150,150,1.0,0.32577957548240355,0.2573921346930317,0.2915858550877177,1.0,99.85347985347987,0.32577957548240355,0.2573921346930317,0.2915858550877177,1.0,99.85347985347987,algorithm_native_internal_best_so_far.v1,true
noise001,jaxsr,92,150,150,1.0,0.32577957548240355,0.2573921346930317,0.2915858550877177,1.0,99.85507246376812,0.32577957548240355,0.2573921346930317,0.2915858550877177,1.0,99.85507246376812,algorithm_native_internal_best_so_far.v1,true
noise001,jaxsr,93,150,150,1.0,0.32577957548240355,0.2573921346930317,0.2915858550877177,1.0,99.85663082437277,0.32577957548240355,0.2573921346930317,0.2915858550877177,1.0,99.85663082437277,algorithm_native_internal_best_so_far.v1,true
noise001,jaxsr,94,150,150,1.0,0.32577957548240355,0.2573921346930317,0.2915858550877177,1.0,99.85815602836881,0.32577957548240355,0.2573921346930317,0.2915858550877177,1.0,99.85815602836881,algorithm_native_internal_best_so_far.v1,true
noise001,jaxsr,95,150,150,1.0,0.32577957548240355,0.2573921346930317,0.2915858550877177,1.0,99.85964912280703,0.32577957548240355,0.2573921346930317,0.2915858550877177,1.0,99.85964912280703,algorithm_native_internal_best_so_far.v1,true
noise001,jaxsr,96,150,150,1.0,0.32577957548240355,0.2573921346930317,0.2915858550877177,1.0,99.86111111111113,0.32577957548240355,0.2573921346930317,0.2915858550877177,1.0,99.86111111111113,algorithm_native_internal_best_so_far.v1,true
noise001,jaxsr,97,150,150,1.0,0.32577957548240355,0.2573921346930317,0.2915858550877177,1.0,99.86254295532648,0.32577957548240355,0.2573921346930317,0.2915858550877177,1.0,99.86254295532648,algorithm_native_internal_best_so_far.v1,true
noise001,jaxsr,98,150,150,1.0,0.32577957548240355,0.2573921346930317,0.2915858550877177,1.0,99.86394557823131,0.32577957548240355,0.2573921346930317,0.2915858550877177,1.0,99.86394557823131,algorithm_native_internal_best_so_far.v1,true
noise001,jaxsr,99,150,150,1.0,0.32577957548240355,0.2573921346930317,0.2915858550877177,1.0,99.86531986531988,0.32577957548240355,0.2573921346930317,0.2915858550877177,1.0,99.86531986531988,algorithm_native_internal_best_so_far.v1,true
noise001,jaxsr,100,150,150,1.0,0.32577957548240355,0.2573921346930317,0.2915858550877177,1.0,99.86666666666667,0.32577957548240355,0.2573921346930317,0.2915858550877177,1.0,99.86666666666667,algorithm_native_internal_best_so_far.v1,true
noise001,jaxsr,101,150,150,1.0,0.32577957548240355,0.2573921346930317,0.2915858550877177,1.0,99.86798679867988,0.32577957548240355,0.2573921346930317,0.2915858550877177,1.0,99.86798679867988,algorithm_native_internal_best_so_far.v1,true
noise001,jaxsr,102,150,150,1.0,0.32577957548240355,0.2573921346930317,0.2915858550877177,1.0,99.86928104575165,0.32577957548240355,0.2573921346930317,0.2915858550877177,1.0,99.86928104575165,algorithm_native_internal_best_so_far.v1,true
noise001,jaxsr,103,150,150,1.0,0.32577957548240355,0.2573921346930317,0.2915858550877177,1.0,99.8705501618123,0.32577957548240355,0.2573921346930317,0.2915858550877177,1.0,99.8705501618123,algorithm_native_internal_best_so_far.v1,true
noise001,jaxsr,104,150,150,1.0,0.32577957548240355,0.2573921346930317,0.2915858550877177,1.0,99.87179487179489,0.32577957548240355,0.2573921346930317,0.2915858550877177,1.0,99.87179487179489,algorithm_native_internal_best_so_far.v1,true
noise001,jaxsr,105,150,150,1.0,0.32577957548240355,0.2573921346930317,0.2915858550877177,1.0,99.87301587301589,0.32577957548240355,0.2573921346930317,0.2915858550877177,1.0,99.87301587301589,algorithm_native_internal_best_so_far.v1,true
noise001,jaxsr,106,150,150,1.0,0.32577957548240355,0.2573921346930317,0.2915858550877177,1.0,99.87421383647799,0.32577957548240355,0.2573921346930317,0.2915858550877177,1.0,99.87421383647799,algorithm_native_internal_best_so_far.v1,true
noise001,jaxsr,107,150,150,1.0,0.32577957548240355,0.2573921346930317,0.2915858550877177,1.0,99.8753894080997,0.32577957548240355,0.2573921346930317,0.2915858550877177,1.0,99.8753894080997,algorithm_native_internal_best_so_far.v1,true
noise001,jaxsr,108,150,150,1.0,0.32577957548240355,0.2573921346930317,0.2915858550877177,1.0,99.87654320987656,0.32577957548240355,0.2573921346930317,0.2915858550877177,1.0,99.87654320987656,algorithm_native_internal_best_so_far.v1,true
noise001,jaxsr,109,150,150,1.0,0.32577957548240355,0.2573921346930317,0.2915858550877177,1.0,99.87767584097861,0.32577957548240355,0.2573921346930317,0.2915858550877177,1.0,99.87767584097861,algorithm_native_internal_best_so_far.v1,true
noise001,jaxsr,110,150,150,1.0,0.32577957548240355,0.2573921346930317,0.2915858550877177,1.0,99.87878787878789,0.32577957548240355,0.2573921346930317,0.2915858550877177,1.0,99.87878787878789,algorithm_native_internal_best_so_far.v1,true
noise001,jaxsr,111,150,150,1.0,0.32577957548240355,0.2573921346930317,0.2915858550877177,1.0,99.8798798798799,0.32577957548240355,0.2573921346930317,0.2915858550877177,1.0,99.8798798798799,algorithm_native_internal_best_so_far.v1,true
noise001,jaxsr,112,150,150,1.0,0.32577957548240355,0.2573921346930317,0.2915858550877177,1.0,99.8809523809524,0.32577957548240355,0.2573921346930317,0.2915858550877177,1.0,99.8809523809524,algorithm_native_internal_best_so_far.v1,true
noise001,jaxsr,113,150,150,1.0,0.32577957548240355,0.2573921346930317,0.2915858550877177,1.0,99.88200589970502,0.32577957548240355,0.2573921346930317,0.2915858550877177,1.0,99.88200589970502,algorithm_native_internal_best_so_far.v1,true
noise001,jaxsr,114,150,150,1.0,0.32577957548240355,0.2573921346930317,0.2915858550877177,1.0,99.88304093567253,0.32577957548240355,0.2573921346930317,0.2915858550877177,1.0,99.88304093567253,algorithm_native_internal_best_so_far.v1,true
noise001,jaxsr,115,150,150,1.0,0.32577957548240355,0.2573921346930317,0.2915858550877177,1.0,99.8840579710145,0.32577957548240355,0.2573921346930317,0.2915858550877177,1.0,99.8840579710145,algorithm_native_internal_best_so_far.v1,true
noise001,jaxsr,116,150,150,1.0,0.32577957548240355,0.2573921346930317,0.2915858550877177,1.0,99.88505747126437,0.32577957548240355,0.2573921346930317,0.2915858550877177,1.0,99.88505747126437,algorithm_native_internal_best_so_far.v1,true
noise001,jaxsr,117,150,150,1.0,0.32577957548240355,0.2573921346930317,0.2915858550877177,1.0,99.8860398860399,0.32577957548240355,0.2573921346930317,0.2915858550877177,1.0,99.8860398860399,algorithm_native_internal_best_so_far.v1,true
noise001,jaxsr,118,150,150,1.0,0.32577957548240355,0.2573921346930317,0.2915858550877177,1.0,99.88700564971752,0.32577957548240355,0.2573921346930317,0.2915858550877177,1.0,99.88700564971752,algorithm_native_internal_best_so_far.v1,true
noise001,jaxsr,119,150,150,1.0,0.32577957548240355,0.2573921346930317,0.2915858550877177,1.0,99.88795518207284,0.32577957548240355,0.2573921346930317,0.2915858550877177,1.0,99.88795518207284,algorithm_native_internal_best_so_far.v1,true
noise001,jaxsr,120,150,150,1.0,0.32577957548240355,0.2573921346930317,0.2915858550877177,1.0,99.8888888888889,0.32577957548240355,0.2573921346930317,0.2915858550877177,1.0,99.8888888888889,algorithm_native_internal_best_so_far.v1,true
noise001,jaxsr,121,150,150,1.0,0.32577957548240355,0.2573921346930317,0.2915858550877177,1.0,99.88980716253444,0.32577957548240355,0.2573921346930317,0.2915858550877177,1.0,99.88980716253444,algorithm_native_internal_best_so_far.v1,true
noise001,jaxsr,122,150,150,1.0,0.32577957548240355,0.2573921346930317,0.2915858550877177,1.0,99.89071038251367,0.32577957548240355,0.2573921346930317,0.2915858550877177,1.0,99.89071038251367,algorithm_native_internal_best_so_far.v1,true
noise001,jaxsr,123,150,150,1.0,0.32577957548240355,0.2573921346930317,0.2915858550877177,1.0,99.89159891598916,0.32577957548240355,0.2573921346930317,0.2915858550877177,1.0,99.89159891598916,algorithm_native_internal_best_so_far.v1,true
noise001,jaxsr,124,150,150,1.0,0.32577957548240355,0.2573921346930317,0.2915858550877177,1.0,99.89247311827958,0.32577957548240355,0.2573921346930317,0.2915858550877177,1.0,99.89247311827958,algorithm_native_internal_best_so_far.v1,true
noise001,jaxsr,125,150,150,1.0,0.32577957548240355,0.2573921346930317,0.2915858550877177,1.0,99.89333333333335,0.32577957548240355,0.2573921346930317,0.2915858550877177,1.0,99.89333333333335,algorithm_native_internal_best_so_far.v1,true
noise001,jaxsr,126,150,150,1.0,0.32577957548240355,0.2573921346930317,0.2915858550877177,1.0,99.8941798941799,0.32577957548240355,0.2573921346930317,0.2915858550877177,1.0,99.8941798941799,algorithm_native_internal_best_so_far.v1,true
noise001,jaxsr,127,150,150,1.0,0.32577957548240355,0.2573921346930317,0.2915858550877177,1.0,99.89501312335959,0.32577957548240355,0.2573921346930317,0.2915858550877177,1.0,99.89501312335959,algorithm_native_internal_best_so_far.v1,true
noise001,jaxsr,128,150,150,1.0,0.32577957548240355,0.2573921346930317,0.2915858550877177,1.0,99.89583333333334,0.32577957548240355,0.2573921346930317,0.2915858550877177,1.0,99.89583333333334,algorithm_native_internal_best_so_far.v1,true
noise001,jaxsr,129,150,150,1.0,0.32577957548240355,0.2573921346930317,0.2915858550877177,1.0,99.8966408268734,0.32577957548240355,0.2573921346930317,0.2915858550877177,1.0,99.8966408268734,algorithm_native_internal_best_so_far.v1,true
noise001,jaxsr,130,150,150,1.0,0.32577957548240355,0.2573921346930317,0.2915858550877177,1.0,99.89743589743591,0.32577957548240355,0.2573921346930317,0.2915858550877177,1.0,99.89743589743591,algorithm_native_internal_best_so_far.v1,true
noise001,jaxsr,131,150,150,1.0,0.32577957548240355,0.2573921346930317,0.2915858550877177,1.0,99.89821882951655,0.32577957548240355,0.2573921346930317,0.2915858550877177,1.0,99.89821882951655,algorithm_native_internal_best_so_far.v1,true
noise001,jaxsr,132,150,150,1.0,0.32577957548240355,0.2573921346930317,0.2915858550877177,1.0,99.89898989898991,0.32577957548240355,0.2573921346930317,0.2915858550877177,1.0,99.89898989898991,algorithm_native_internal_best_so_far.v1,true
noise001,jaxsr,133,150,150,1.0,0.32577957548240355,0.2573921346930317,0.2915858550877177,1.0,99.8997493734336,0.32577957548240355,0.2573921346930317,0.2915858550877177,1.0,99.8997493734336,algorithm_native_internal_best_so_far.v1,true
noise001,jaxsr,134,150,150,1.0,0.32577957548240355,0.2573921346930317,0.2915858550877177,1.0,99.90049751243782,0.32577957548240355,0.2573921346930317,0.2915858550877177,1.0,99.90049751243782,algorithm_native_internal_best_so_far.v1,true
noise001,jaxsr,135,150,150,1.0,0.32577957548240355,0.2573921346930317,0.2915858550877177,1.0,99.90123456790124,0.32577957548240355,0.2573921346930317,0.2915858550877177,1.0,99.90123456790124,algorithm_native_internal_best_so_far.v1,true
noise001,jaxsr,136,150,150,1.0,0.32577957548240355,0.2573921346930317,0.2915858550877177,1.0,99.90196078431373,0.32577957548240355,0.2573921346930317,0.2915858550877177,1.0,99.90196078431373,algorithm_native_internal_best_so_far.v1,true
noise001,jaxsr,137,150,150,1.0,0.32577957548240355,0.2573921346930317,0.2915858550877177,1.0,99.90267639902677,0.32577957548240355,0.2573921346930317,0.2915858550877177,1.0,99.90267639902677,algorithm_native_internal_best_so_far.v1,true
noise001,jaxsr,138,150,150,1.0,0.32577957548240355,0.2573921346930317,0.2915858550877177,1.0,99.90338164251209,0.32577957548240355,0.2573921346930317,0.2915858550877177,1.0,99.90338164251209,algorithm_native_internal_best_so_far.v1,true
noise001,jaxsr,139,150,150,1.0,0.32577957548240355,0.2573921346930317,0.2915858550877177,1.0,99.90407673860912,0.32577957548240355,0.2573921346930317,0.2915858550877177,1.0,99.90407673860912,algorithm_native_internal_best_so_far.v1,true
noise001,jaxsr,140,150,150,1.0,0.32577957548240355,0.2573921346930317,0.2915858550877177,1.0,99.90476190476191,0.32577957548240355,0.2573921346930317,0.2915858550877177,1.0,99.90476190476191,algorithm_native_internal_best_so_far.v1,true
noise001,jaxsr,141,150,150,1.0,0.32577957548240355,0.2573921346930317,0.2915858550877177,1.0,99.90543735224587,0.32577957548240355,0.2573921346930317,0.2915858550877177,1.0,99.90543735224587,algorithm_native_internal_best_so_far.v1,true
noise001,jaxsr,142,150,150,1.0,0.32577957548240355,0.2573921346930317,0.2915858550877177,1.0,99.90610328638499,0.32577957548240355,0.2573921346930317,0.2915858550877177,1.0,99.90610328638499,algorithm_native_internal_best_so_far.v1,true
noise001,jaxsr,143,150,150,1.0,0.32577957548240355,0.2573921346930317,0.2915858550877177,1.0,99.90675990675992,0.32577957548240355,0.2573921346930317,0.2915858550877177,1.0,99.90675990675992,algorithm_native_internal_best_so_far.v1,true
noise001,jaxsr,144,150,150,1.0,0.32577957548240355,0.2573921346930317,0.2915858550877177,1.0,99.90740740740742,0.32577957548240355,0.2573921346930317,0.2915858550877177,1.0,99.90740740740742,algorithm_native_internal_best_so_far.v1,true
noise001,jaxsr,145,150,150,1.0,0.32577957548240355,0.2573921346930317,0.2915858550877177,1.0,99.9080459770115,0.32577957548240355,0.2573921346930317,0.2915858550877177,1.0,99.9080459770115,algorithm_native_internal_best_so_far.v1,true
noise001,jaxsr,146,150,150,1.0,0.32577957548240355,0.2573921346930317,0.2915858550877177,1.0,99.90867579908677,0.32577957548240355,0.2573921346930317,0.2915858550877177,1.0,99.90867579908677,algorithm_native_internal_best_so_far.v1,true
noise001,jaxsr,147,150,150,1.0,0.32577957548240355,0.2573921346930317,0.2915858550877177,1.0,99.9092970521542,0.32577957548240355,0.2573921346930317,0.2915858550877177,1.0,99.9092970521542,algorithm_native_internal_best_so_far.v1,true
noise001,jaxsr,148,150,150,1.0,0.32577957548240355,0.2573921346930317,0.2915858550877177,1.0,99.90990990990991,0.32577957548240355,0.2573921346930317,0.2915858550877177,1.0,99.90990990990991,algorithm_native_internal_best_so_far.v1,true
noise001,jaxsr,149,150,150,1.0,0.32577957548240355,0.2573921346930317,0.2915858550877177,1.0,99.91051454138703,0.32577957548240355,0.2573921346930317,0.2915858550877177,1.0,99.91051454138703,algorithm_native_internal_best_so_far.v1,true
noise001,jaxsr,150,150,150,1.0,0.32577957548240355,0.2573921346930317,0.2915858550877177,1.0,99.91111111111113,0.32577957548240355,0.2573921346930317,0.2915858550877177,1.0,99.91111111111113,algorithm_native_internal_best_so_far.v1,true
noise001,jaxsr,151,150,150,1.0,0.32577957548240355,0.2573921346930317,0.2915858550877177,1.0,99.91169977924946,0.32577957548240355,0.2573921346930317,0.2915858550877177,1.0,99.91169977924946,algorithm_native_internal_best_so_far.v1,true
noise001,jaxsr,152,150,150,1.0,0.32577957548240355,0.2573921346930317,0.2915858550877177,1.0,99.9122807017544,0.32577957548240355,0.2573921346930317,0.2915858550877177,1.0,99.9122807017544,algorithm_native_internal_best_so_far.v1,true
noise001,jaxsr,153,150,150,1.0,0.32577957548240355,0.2573921346930317,0.2915858550877177,1.0,99.9128540305011,0.32577957548240355,0.2573921346930317,0.2915858550877177,1.0,99.9128540305011,algorithm_native_internal_best_so_far.v1,true
noise001,jaxsr,154,150,150,1.0,0.32577957548240355,0.2573921346930317,0.2915858550877177,1.0,99.91341991341992,0.32577957548240355,0.2573921346930317,0.2915858550877177,1.0,99.91341991341992,algorithm_native_internal_best_so_far.v1,true
noise001,jaxsr,155,150,150,1.0,0.32577957548240355,0.2573921346930317,0.2915858550877177,1.0,99.91397849462366,0.32577957548240355,0.2573921346930317,0.2915858550877177,1.0,99.91397849462366,algorithm_native_internal_best_so_far.v1,true
noise001,jaxsr,156,150,150,1.0,0.32577957548240355,0.2573921346930317,0.2915858550877177,1.0,99.91452991452992,0.32577957548240355,0.2573921346930317,0.2915858550877177,1.0,99.91452991452992,algorithm_native_internal_best_so_far.v1,true
noise001,jaxsr,157,150,150,1.0,0.32577957548240355,0.2573921346930317,0.2915858550877177,1.0,99.91507430997878,0.32577957548240355,0.2573921346930317,0.2915858550877177,1.0,99.91507430997878,algorithm_native_internal_best_so_far.v1,true
noise001,jaxsr,158,150,150,1.0,0.32577957548240355,0.2573921346930317,0.2915858550877177,1.0,99.915611814346,0.32577957548240355,0.2573921346930317,0.2915858550877177,1.0,99.915611814346,algorithm_native_internal_best_so_far.v1,true
noise001,jaxsr,159,150,150,1.0,0.32577957548240355,0.2573921346930317,0.2915858550877177,1.0,99.916142557652,0.32577957548240355,0.2573921346930317,0.2915858550877177,1.0,99.916142557652,algorithm_native_internal_best_so_far.v1,true
noise001,jaxsr,160,150,150,1.0,0.32577957548240355,0.2573921346930317,0.2915858550877177,1.0,99.91666666666667,0.32577957548240355,0.2573921346930317,0.2915858550877177,1.0,99.91666666666667,algorithm_native_internal_best_so_far.v1,true
noise001,jaxsr,161,150,150,1.0,0.32577957548240355,0.2573921346930317,0.2915858550877177,1.0,99.91718426501036,0.32577957548240355,0.2573921346930317,0.2915858550877177,1.0,99.91718426501036,algorithm_native_internal_best_so_far.v1,true
noise001,jaxsr,162,150,150,1.0,0.32577957548240355,0.2573921346930317,0.2915858550877177,1.0,99.91769547325103,0.32577957548240355,0.2573921346930317,0.2915858550877177,1.0,99.91769547325103,algorithm_native_internal_best_so_far.v1,true
noise001,jaxsr,163,150,150,1.0,0.32577957548240355,0.2573921346930317,0.2915858550877177,1.0,99.91820040899796,0.32577957548240355,0.2573921346930317,0.2915858550877177,1.0,99.91820040899796,algorithm_native_internal_best_so_far.v1,true
noise001,jaxsr,164,150,150,1.0,0.32577957548240355,0.2573921346930317,0.2915858550877177,1.0,99.91869918699187,0.32577957548240355,0.2573921346930317,0.2915858550877177,1.0,99.91869918699187,algorithm_native_internal_best_so_far.v1,true
noise001,jaxsr,165,150,150,1.0,0.32577957548240355,0.2573921346930317,0.2915858550877177,1.0,99.91919191919193,0.32577957548240355,0.2573921346930317,0.2915858550877177,1.0,99.91919191919193,algorithm_native_internal_best_so_far.v1,true
noise001,jaxsr,166,150,150,1.0,0.32577957548240355,0.2573921346930317,0.2915858550877177,1.0,99.91967871485944,0.32577957548240355,0.2573921346930317,0.2915858550877177,1.0,99.91967871485944,algorithm_native_internal_best_so_far.v1,true
noise001,jaxsr,167,150,150,1.0,0.32577957548240355,0.2573921346930317,0.2915858550877177,1.0,99.92015968063873,0.32577957548240355,0.2573921346930317,0.2915858550877177,1.0,99.92015968063873,algorithm_native_internal_best_so_far.v1,true
noise001,jaxsr,168,150,150,1.0,0.32577957548240355,0.2573921346930317,0.2915858550877177,1.0,99.92063492063492,0.32577957548240355,0.2573921346930317,0.2915858550877177,1.0,99.92063492063492,algorithm_native_internal_best_so_far.v1,true
noise001,jaxsr,169,150,150,1.0,0.32577957548240355,0.2573921346930317,0.2915858550877177,1.0,99.92110453648915,0.32577957548240355,0.2573921346930317,0.2915858550877177,1.0,99.92110453648915,algorithm_native_internal_best_so_far.v1,true
noise001,jaxsr,170,150,150,1.0,0.32577957548240355,0.2573921346930317,0.2915858550877177,1.0,99.92156862745098,0.32577957548240355,0.2573921346930317,0.2915858550877177,1.0,99.92156862745098,algorithm_native_internal_best_so_far.v1,true
noise001,jaxsr,171,150,150,1.0,0.32577957548240355,0.2573921346930317,0.2915858550877177,1.0,99.92202729044836,0.32577957548240355,0.2573921346930317,0.2915858550877177,1.0,99.92202729044836,algorithm_native_internal_best_so_far.v1,true
noise001,jaxsr,172,150,150,1.0,0.32577957548240355,0.2573921346930317,0.2915858550877177,1.0,99.92248062015504,0.32577957548240355,0.2573921346930317,0.2915858550877177,1.0,99.92248062015504,algorithm_native_internal_best_so_far.v1,true
noise001,jaxsr,173,150,150,1.0,0.32577957548240355,0.2573921346930317,0.2915858550877177,1.0,99.92292870905588,0.32577957548240355,0.2573921346930317,0.2915858550877177,1.0,99.92292870905588,algorithm_native_internal_best_so_far.v1,true
noise001,jaxsr,174,150,150,1.0,0.32577957548240355,0.2573921346930317,0.2915858550877177,1.0,99.92337164750958,0.32577957548240355,0.2573921346930317,0.2915858550877177,1.0,99.92337164750958,algorithm_native_internal_best_so_far.v1,true
noise001,jaxsr,175,150,150,1.0,0.32577957548240355,0.2573921346930317,0.2915858550877177,1.0,99.92380952380952,0.32577957548240355,0.2573921346930317,0.2915858550877177,1.0,99.92380952380952,algorithm_native_internal_best_so_far.v1,true
noise001,jaxsr,176,150,150,1.0,0.32577957548240355,0.2573921346930317,0.2915858550877177,1.0,99.92424242424244,0.32577957548240355,0.2573921346930317,0.2915858550877177,1.0,99.92424242424244,algorithm_native_internal_best_so_far.v1,true
noise001,jaxsr,177,150,150,1.0,0.32577957548240355,0.2573921346930317,0.2915858550877177,1.0,99.92467043314501,0.32577957548240355,0.2573921346930317,0.2915858550877177,1.0,99.92467043314501,algorithm_native_internal_best_so_far.v1,true
noise001,jaxsr,178,150,150,1.0,0.32577957548240355,0.2573921346930317,0.2915858550877177,1.0,99.9250936329588,0.32577957548240355,0.2573921346930317,0.2915858550877177,1.0,99.9250936329588,algorithm_native_internal_best_so_far.v1,true
noise001,jaxsr,179,150,150,1.0,0.32577957548240355,0.2573921346930317,0.2915858550877177,1.0,99.92551210428306,0.32577957548240355,0.2573921346930317,0.2915858550877177,1.0,99.92551210428306,algorithm_native_internal_best_so_far.v1,true
noise001,jaxsr,180,150,150,1.0,0.32577957548240355,0.2573921346930317,0.2915858550877177,1.0,99.92592592592594,0.32577957548240355,0.2573921346930317,0.2915858550877177,1.0,99.92592592592594,algorithm_native_internal_best_so_far.v1,true
noise001,llmsr,1,150,150,1.0,0.18472408802532214,0.12757731917575196,0.156150703600537,0.40314873557379194,40.314873557379194,0.18472408802532214,0.12757731917575196,0.156150703600537,0.40314873557379194,40.314873557379194,algorithm_native_internal_best_so_far.v1,true
noise001,llmsr,2,150,150,1.0,0.24872044216572714,0.17972555563830647,0.21422299890201682,0.5437112157076869,47.34299756407394,0.24872044216572714,0.17972555563830647,0.21422299890201682,0.5437112157076869,47.34299756407394,algorithm_native_internal_best_so_far.v1,true
noise001,llmsr,3,150,150,1.0,0.27360483869264524,0.19538944135390612,0.23449714002327568,0.6029561957890965,51.66053823568584,0.27360483869264524,0.19538944135390612,0.23449714002327568,0.6029561957890965,51.66053823568584,algorithm_native_internal_best_so_far.v1,true
noise001,llmsr,4,150,150,1.0,0.28233460954742623,0.20473357175640938,0.24353409065191778,0.6203643915125342,54.254513464577734,0.28233460954742623,0.20473357175640938,0.24353409065191778,0.6203643915125342,54.254513464577734,algorithm_native_internal_best_so_far.v1,true
noise001,llmsr,5,150,150,1.0,0.2884587392697104,0.21044245239216824,0.2494505958309394,0.6292017636903364,55.98764604546892,0.2884587392697104,0.21044245239216824,0.2494505958309394,0.6292017636903364,55.98764604546892,algorithm_native_internal_best_so_far.v1,true
noise001,llmsr,6,150,150,1.0,0.304656556868356,0.21662804576362873,0.26064230131599253,0.6608612334007571,57.67072559457005,0.304656556868356,0.21662804576362873,0.26064230131599253,0.6608612334007571,57.67072559457005,algorithm_native_internal_best_so_far.v1,true
noise001,llmsr,7,150,150,1.0,0.30614695354850874,0.22021491193478657,0.2631809327416478,0.6663650752582987,58.95155158475003,0.30614695354850874,0.22021491193478657,0.2631809327416478,0.6663650752582987,58.95155158475003,algorithm_native_internal_best_so_far.v1,true
noise001,llmsr,8,150,150,1.0,0.31012547785508177,0.2239259765014107,0.2670257271782463,0.6737904450970386,60.004988200369255,0.31012547785508177,0.2239259765014107,0.2670257271782463,0.6737904450970386,60.004988200369255,algorithm_native_internal_best_so_far.v1,true
noise001,llmsr,9,150,150,1.0,0.31663258904331254,0.22955887968211802,0.2730957343627152,0.6912777374651714,61.01863103883014,0.31663258904331254,0.22955887968211802,0.2730957343627152,0.6912777374651714,61.01863103883014,algorithm_native_internal_best_so_far.v1,true
noise001,llmsr,10,150,150,1.0,0.32392835723865715,0.23855912292226872,0.28124374008046293,0.7141902063501343,62.058669998448465,0.32392835723865715,0.23855912292226872,0.28124374008046293,0.7141902063501343,62.058669998448465,algorithm_native_internal_best_so_far.v1,true
noise001,llmsr,11,150,150,1.0,0.32618501972889646,0.23809364573936032,0.28213933273412856,0.7168885804479479,62.9341416390254,0.32618501972889646,0.23809364573936032,0.28213933273412856,0.7168885804479479,62.9341416390254,algorithm_native_internal_best_so_far.v1,true
noise001,llmsr,12,150,150,1.0,0.3265985450735357,0.2400597798896886,0.28332916248161233,0.7196325741499577,63.6865679536896,0.3265985450735357,0.2400597798896886,0.28332916248161233,0.7196325741499577,63.6865679536896,algorithm_native_internal_best_so_far.v1,true
noise001,llmsr,13,150,150,1.0,0.3295896035105923,0.24267267399371917,0.2861311387521558,0.7300924204355644,64.40369672983319,0.3295896035105923,0.24267267399371917,0.2861311387521558,0.7300924204355644,64.40369672983319,algorithm_native_internal_best_so_far.v1,true
noise001,llmsr,14,150,150,1.0,0.3329005323166671,0.2426104498716733,0.28775549109417026,0.7337408640655408,65.04443884959896,0.3329005323166671,0.2426104498716733,0.28775549109417026,0.7337408640655408,65.04443884959896,algorithm_native_internal_best_so_far.v1,true
noise001,llmsr,15,150,150,1.0,0.33843941192921356,0.24459158823578786,0.2915155000825008,0.7388193467727658,65.6336052381108,0.33843941192921356,0.24459158823578786,0.2915155000825008,0.7388193467727658,65.6336052381108,algorithm_native_internal_best_so_far.v1,true
noise001,llmsr,16,150,150,1.0,0.33707390864005804,0.24399488127621885,0.2905343949581385,0.7362563708713714,66.13310722867496,0.33707390864005804,0.24399488127621885,0.2905343949581385,0.7362563708713714,66.13310722867496,algorithm_native_internal_best_so_far.v1,true
noise001,llmsr,17,150,150,1.0,0.33705254920400873,0.2438589701512326,0.2904557596776208,0.7292565566258755,66.53266890125805,0.33705254920400873,0.2438589701512326,0.2904557596776208,0.7292565566258755,66.53266890125805,algorithm_native_internal_best_so_far.v1,true
noise001,llmsr,18,150,150,1.0,0.33206364474881506,0.24054302112016843,0.2863033329344917,0.7178029078002492,66.82420345007843,0.33206364474881506,0.24054302112016843,0.2863033329344917,0.7178029078002492,66.82420345007843,algorithm_native_internal_best_so_far.v1,true
noise001,llmsr,19,150,150,1.0,0.33035704401465205,0.2393227979268613,0.28483992097075667,0.7194172843503152,67.09354687033913,0.33035704401465205,0.2393227979268613,0.28483992097075667,0.7194172843503152,67.09354687033913,algorithm_native_internal_best_so_far.v1,true
noise001,llmsr,20,150,150,1.0,0.3326528408544483,0.24200130996646985,0.287327075410459,0.7291489538150997,67.38461429589768,0.3326528408544483,0.24200130996646985,0.287327075410459,0.7291489538150997,67.38461429589768,algorithm_native_internal_best_so_far.v1,true
noise001,llmsr,21,150,150,1.0,0.32763750814721226,0.23902775170068732,0.2833326299239497,0.7221251609176218,67.61451438141503,0.32763750814721226,0.23902775170068732,0.2833326299239497,0.7221251609176218,67.61451438141503,algorithm_native_internal_best_so_far.v1,true
noise001,llmsr,22,150,150,1.0,0.3280643977809772,0.23795534711422234,0.28300987244759973,0.7204103655835497,67.81571993491231,0.3280643977809772,0.23795534711422234,0.28300987244759973,0.7204103655835497,67.81571993491231,algorithm_native_internal_best_so_far.v1,true
noise001,llmsr,23,150,150,1.0,0.3311385359215819,0.23961711810390413,0.28537782701274284,0.7251835717737959,68.02018242371523,0.3311385359215819,0.23961711810390413,0.28537782701274284,0.7251835717737959,68.02018242371523,algorithm_native_internal_best_so_far.v1,true
noise001,llmsr,24,150,150,1.0,0.338679155335696,0.2481871378320994,0.2934331465838975,0.7369355795987471,68.2565730710552,0.338679155335696,0.2481871378320994,0.2934331465838975,0.7369355795987471,68.2565730710552,algorithm_native_internal_best_so_far.v1,true
noise001,llmsr,25,150,150,1.0,0.32973910429782466,0.24112678010329308,0.28543294220055876,0.7185452603330942,68.40049118954538,0.32973910429782466,0.24112678010329308,0.28543294220055876,0.7185452603330942,68.40049118954538,algorithm_native_internal_best_so_far.v1,true
noise001,llmsr,26,150,150,1.0,0.3303017800748928,0.2408582974771389,0.2855800387760157,0.716960302398046,68.52724269147842,0.3303017800748928,0.2408582974771389,0.2855800387760157,0.716960302398046,68.52724269147842,algorithm_native_internal_best_so_far.v1,true
noise001,llmsr,27,150,150,1.0,0.3306406714758284,0.2411291365043401,0.28588490399008415,0.7183740134048313,68.64984115996008,0.3306406714758284,0.2411291365043401,0.28588490399008415,0.7183740134048313,68.64984115996008,algorithm_native_internal_best_so_far.v1,true
noise001,llmsr,28,150,150,1.0,0.3295459649912591,0.23999758313435934,0.2847717740628092,0.71688295907618,68.75835740094786,0.3295459649912591,0.23999758313435934,0.2847717740628092,0.71688295907618,68.75835740094786,algorithm_native_internal_best_so_far.v1,true
noise001,llmsr,29,150,150,1.0,0.33047436230992216,0.2404418178433923,0.2854580900766572,0.7181584638655122,68.86378805562384,0.33047436230992216,0.2404418178433923,0.2854580900766572,0.7181584638655122,68.86378805562384,algorithm_native_internal_best_so_far.v1,true
noise001,llmsr,30,150,150,1.0,0.3290485394516445,0.24086566673973375,0.28495710309568906,0.7197131050361659,68.96737213722359,0.3290485394516445,0.24086566673973375,0.28495710309568906,0.7197131050361659,68.96737213722359,algorithm_native_internal_best_so_far.v1,true
noise001,llmsr,31,150,150,1.0,0.3335347754202085,0.24318110493098194,0.28835794017559524,0.7222588559346018,69.07248547452157,0.3335347754202085,0.24318110493098194,0.28835794017559524,0.7222588559346018,69.07248547452157,algorithm_native_internal_best_so_far.v1,true
noise001,llmsr,32,150,150,1.0,0.3342607483085588,0.24335536215827575,0.28880805523341724,0.7236133350282365,69.175261975406,0.3342607483085588,0.24335536215827575,0.28880805523341724,0.7236133350282365,69.175261975406,algorithm_native_internal_best_so_far.v1,true
noise001,llmsr,33,150,150,1.0,0.3375203864334172,0.24559426251064947,0.29155732447203336,0.7267566687551188,69.28133485116679,0.3375203864334172,0.24559426251064947,0.29155732447203336,0.7267566687551188,69.28133485116679,algorithm_native_internal_best_so_far.v1,true
noise001,llmsr,34,150,150,1.0,0.33880939530978066,0.24686678429435346,0.29283808980206705,0.7347637222757376,69.40471830341404,0.33880939530978066,0.24686678429435346,0.29283808980206705,0.7347637222757376,69.40471830341404,algorithm_native_internal_best_so_far.v1,true
noise001,llmsr,35,150,150,1.0,0.3421765536035386,0.2502974291017926,0.29623699135266557,0.7559070962275766,69.58146091253815,0.3421765536035386,0.2502974291017926,0.29623699135266557,0.7559070962275766,69.58146091253815,algorithm_native_internal_best_so_far.v1,true
noise001,llmsr,36,150,150,1.0,0.34505575911961456,0.2519501577402851,0.2985029584299497,0.7574607098494652,69.75270008121616,0.34505575911961456,0.2519501577402851,0.2985029584299497,0.7574607098494652,69.75270008121616,algorithm_native_internal_best_so_far.v1,true
noise001,llmsr,37,150,150,1.0,0.3468365853802243,0.25472221891903163,0.30077940214962784,0.7646689179830521,69.93416472221857,0.3468365853802243,0.25472221891903163,0.30077940214962784,0.7646689179830521,69.93416472221857,algorithm_native_internal_best_so_far.v1,true
noise001,llmsr,38,150,150,1.0,0.34800603532280483,0.25554169964853307,0.3017738674856687,0.7715518972045294,70.12419169585631,0.34800603532280483,0.25554169964853307,0.3017738674856687,0.7715518972045294,70.12419169585631,algorithm_native_internal_best_so_far.v1,true
noise001,llmsr,39,150,150,1.0,0.35310574581181714,0.2608811616917483,0.30699345375178255,0.7792685392349086,70.32425995810335,0.35310574581181714,0.2608811616917483,0.30699345375178255,0.7792685392349086,70.32425995810335,algorithm_native_internal_best_so_far.v1,true
noise001,llmsr,40,150,150,1.0,0.35217633450367924,0.26018879285696517,0.3061825636803221,0.7729435397730076,70.49851230858329,0.35217633450367924,0.26018879285696517,0.3061825636803221,0.7729435397730076,70.49851230858329,algorithm_native_internal_best_so_far.v1,true
noise001,llmsr,41,150,150,1.0,0.35760032763396743,0.26484196798884,0.3112211478114034,0.7800406273706623,70.68157451415604,0.35760032763396743,0.26484196798884,0.3112211478114034,0.7800406273706623,70.68157451415604,algorithm_native_internal_best_so_far.v1,true
noise001,llmsr,42,150,150,1.0,0.357651071420709,0.2648879336536235,0.31126950253716607,0.7805756212584305,70.85719326681526,0.357651071420709,0.2648879336536235,0.31126950253716607,0.7805756212584305,70.85719326681526,algorithm_native_internal_best_so_far.v1,true
noise001,llmsr,43,150,150,1.0,0.3578232032174512,0.26531247253027357,0.3115678378738622,0.7815031184292232,71.02680067556194,0.3578232032174512,0.26531247253027357,0.3115678378738622,0.7815031184292232,71.02680067556194,algorithm_native_internal_best_so_far.v1,true
noise001,llmsr,44,150,150,1.0,0.35781939989618927,0.2656730550839374,0.3117462274900632,0.7823369671457631,71.19059376735771,0.35781939989618927,0.2656730550839374,0.3117462274900632,0.7823369671457631,71.19059376735771,algorithm_native_internal_best_so_far.v1,true
noise001,llmsr,45,150,150,1.0,0.3581294917561755,0.26559959292871005,0.31186454234244265,0.7841449062511247,71.35112480864115,0.3581294917561755,0.26559959292871005,0.31186454234244265,0.7841449062511247,71.35112480864115,algorithm_native_internal_best_so_far.v1,true
noise001,llmsr,46,150,150,1.0,0.3625683272036357,0.2702689835439157,0.31641865537377567,0.7899755075733019,71.51735145969961,0.3625683272036357,0.2702689835439157,0.31641865537377567,0.7899755075733019,71.51735145969961,algorithm_native_internal_best_so_far.v1,true
noise001,llmsr,47,150,150,1.0,0.3680386306483288,0.2759221941153544,0.32198041238184144,0.802778211245224,71.7037444312916,0.3680386306483288,0.2759221941153544,0.32198041238184144,0.802778211245224,71.7037444312916,algorithm_native_internal_best_so_far.v1,true
noise001,llmsr,48,150,150,1.0,0.3686850700874566,0.27510757419422155,0.3218963221408391,0.8023202721505102,71.88141698928658,0.3686850700874566,0.27510757419422155,0.3218963221408391,0.8023202721505102,71.88141698928658,algorithm_native_internal_best_so_far.v1,true
noise001,llmsr,49,150,150,1.0,0.36916267505411043,0.2748368516980265,0.3219997633760684,0.8036499634325396,72.05455126181653,0.36916267505411043,0.2748368516980265,0.3219997633760684,0.8036499634325396,72.05455126181653,algorithm_native_internal_best_so_far.v1,true
noise001,llmsr,50,150,150,1.0,0.3669324909366678,0.2724265041983018,0.31967949756748465,0.7979666289381481,72.20939349445649,0.3669324909366678,0.2724265041983018,0.31967949756748465,0.7979666289381481,72.20939349445649,algorithm_native_internal_best_so_far.v1,true
noise001,llmsr,51,150,150,1.0,0.3669324909366678,0.2724265041983018,0.31967949756748465,0.7979666289381481,72.3581634826792,0.3669324909366678,0.2724265041983018,0.31967949756748465,0.7979666289381481,72.3581634826792,algorithm_native_internal_best_so_far.v1,true
noise001,llmsr,52,150,150,1.0,0.3616516392868476,0.26779724957897066,0.3147244444329089,0.7914979187970789,72.48877172108361,0.3616516392868476,0.26779724957897066,0.3147244444329089,0.7914979187970789,72.48877172108361,algorithm_native_internal_best_so_far.v1,true
noise001,llmsr,53,150,150,1.0,0.36175567699175804,0.26765093279947244,0.314703304895615,0.7915640442466757,72.61457611171726,0.36175567699175804,0.26765093279947244,0.314703304895615,0.7915640442466757,72.61457611171726,algorithm_native_internal_best_so_far.v1,true
noise001,llmsr,54,150,150,1.0,0.35694613992661844,0.2628098941559016,0.3098780170412598,0.784672879960789,72.72295966513136,0.35694613992661844,0.2628098941559016,0.3098780170412598,0.784672879960789,72.72295966513136,algorithm_native_internal_best_so_far.v1,true
noise001,llmsr,55,150,150,1.0,0.35792826336981715,0.2640964147081037,0.31101233903896014,0.7868436088220431,72.83134877816906,0.35792826336981715,0.2640964147081037,0.31101233903896014,0.7868436088220431,72.83134877816906,algorithm_native_internal_best_so_far.v1,true
noise001,llmsr,56,150,150,1.0,0.35838739959486837,0.2643905951422488,0.3113889973685584,0.7887466046026045,72.93926505820642,0.35838739959486837,0.2643905951422488,0.3113889973685584,0.7887466046026045,72.93926505820642,algorithm_native_internal_best_so_far.v1,true
noise001,llmsr,57,150,150,1.0,0.3592348726114591,0.26548682912110044,0.31236085086627957,0.7963585740851602,73.05674913452762,0.3592348726114591,0.26548682912110044,0.31236085086627957,0.7963585740851602,73.05674913452762,algorithm_native_internal_best_so_far.v1,true
noise001,llmsr,58,150,150,1.0,0.363198644934353,0.26659604538583037,0.31489734516009155,0.8027602050777625,73.18121933061812,0.363198644934353,0.26659604538583037,0.31489734516009155,0.8027602050777625,73.18121933061812,algorithm_native_internal_best_so_far.v1,true
noise001,llmsr,59,150,150,1.0,0.3622274797152983,0.26589481578592283,0.3140611477506104,0.796376402038342,73.29065019287603,0.3622274797152983,0.26589481578592283,0.3140611477506104,0.796376402038342,73.29065019287603,algorithm_native_internal_best_so_far.v1,true
noise001,llmsr,60,150,150,1.0,0.35983344447830357,0.26449599241006905,0.3121647184441861,0.7919543633171899,73.38906329519007,0.35983344447830357,0.26449599241006905,0.3121647184441861,0.7919543633171899,73.38906329519007,algorithm_native_internal_best_so_far.v1,true
noise001,llmsr,61,150,150,1.0,0.3607257601741324,0.26661867800303346,0.3136722190885828,0.7961788217491436,73.49117508010359,0.3607257601741324,0.26661867800303346,0.3136722190885828,0.7961788217491436,73.49117508010359,algorithm_native_internal_best_so_far.v1,true
noise001,llmsr,62,150,150,1.0,0.3614611324051087,0.26809489497554106,0.3147780136903247,0.7988583534981092,73.59431476187306,0.3614611324051087,0.26809489497554106,0.3147780136903247,0.7988583534981092,73.59431476187306,algorithm_native_internal_best_so_far.v1,true
noise001,llmsr,63,150,150,1.0,0.3614738237151183,0.2680978231953815,0.3147858234552497,0.7989092073645454,73.69426088845371,0.3614738237151183,0.2680978231953815,0.3147858234552497,0.7989092073645454,73.69426088845371,algorithm_native_internal_best_so_far.v1,true
noise001,llmsr,64,150,150,1.0,0.36062056067475534,0.26841654726827374,0.31451855397151435,0.7937573037832278,73.78303384923292,0.36062056067475534,0.26841654726827374,0.31451855397151435,0.7937573037832278,73.78303384923292,algorithm_native_internal_best_so_far.v1,true
noise001,llmsr,65,150,150,1.0,0.35603817805479,0.26570929577017144,0.31087373691248055,0.784984309157396,73.85557841948687,0.35603817805479,0.26570929577017144,0.31087373691248055,0.784984309157396,73.85557841948687,algorithm_native_internal_best_so_far.v1,true
noise001,llmsr,66,150,150,1.0,0.3561665968685376,0.2653032346160208,0.31073491574227896,0.7847919698979978,73.9256332463098,0.3561665968685376,0.2653032346160208,0.31073491574227896,0.7847919698979978,73.9256332463098,algorithm_native_internal_best_so_far.v1,true
noise001,llmsr,67,150,150,1.0,0.3590297045720662,0.2636415519343372,0.31133562825320155,0.7815455332711378,73.98875145647104,0.3590297045720662,0.2636415519343372,0.31133562825320155,0.7815455332711378,73.98875145647104,algorithm_native_internal_best_so_far.v1,true
noise001,llmsr,68,150,150,1.0,0.36418867574493907,0.2631659967336011,0.31367733623926997,0.7841086535721196,74.05378254324664,0.36418867574493907,0.2631659967336011,0.31367733623926997,0.7841086535721196,74.05378254324664,algorithm_native_internal_best_so_far.v1,true
noise001,llmsr,69,150,150,1.0,0.3641816843315622,0.2624450950362522,0.3133133896839071,0.7831869245499716,74.11559283182274,0.3641816843315622,0.2624450950362522,0.3133133896839071,0.7831869245499716,74.11559283182274,algorithm_native_internal_best_so_far.v1,true
noise001,llmsr,70,150,150,1.0,0.3640354702332167,0.2623539278674979,0.3131946990503571,0.7834114002217389,74.1759577916849,0.3640354702332167,0.2623539278674979,0.3131946990503571,0.7834114002217389,74.1759577916849,algorithm_native_internal_best_so_far.v1,true
noise001,llmsr,71,150,150,1.0,0.3636620890535794,0.2632181268144643,0.31344010793402177,0.7829909983398864,74.23403021481593,0.3636620890535794,0.2632181268144643,0.31344010793402177,0.7829909983398864,74.23403021481593,algorithm_native_internal_best_so_far.v1,true
noise001,llmsr,72,150,150,1.0,0.3636176294932033,0.2632212963397444,0.31341946291647377,0.7829602509864328,74.29044681042464,0.3636176294932033,0.2632212963397444,0.31341946291647377,0.7829602509864328,74.29044681042464,algorithm_native_internal_best_so_far.v1,true
noise001,llmsr,73,150,150,1.0,0.36541999568781436,0.2644731690611187,0.31494658237446643,0.7854508903825865,74.34872958066894,0.36541999568781436,0.2644731690611187,0.31494658237446643,0.7854508903825865,74.34872958066894,algorithm_native_internal_best_so_far.v1,true
noise001,llmsr,74,150,150,1.0,0.3653866679488652,0.264471244683142,0.3149289563160035,0.7854270094696334,74.40540486940266,0.3653866679488652,0.264471244683142,0.3149289563160035,0.7854270094696334,74.40540486940266,algorithm_native_internal_best_so_far.v1,true
noise001,llmsr,75,150,150,1.0,0.36544046002316005,0.26398916245880977,0.31471481124098477,0.7841952652938073,74.4589264915357,0.36544046002316005,0.26398916245880977,0.31471481124098477,0.7841952652938073,74.4589264915357,algorithm_native_internal_best_so_far.v1,true
noise001,llmsr,76,150,150,1.0,0.36541737339701824,0.26407945037908587,0.3147484118880519,0.7842183731975141,74.51107005506485,0.36541737339701824,0.26407945037908587,0.3147484118880519,0.7842183731975141,74.51107005506485,algorithm_native_internal_best_so_far.v1,true
noise001,llmsr,77,150,150,1.0,0.3665553526785328,0.265216565297463,0.31588595898799776,0.7858258889498151,74.56394692311572,0.3665553526785328,0.265216565297463,0.31588595898799776,0.7858258889498151,74.56394692311572,algorithm_native_internal_best_so_far.v1,true
noise001,llmsr,78,150,150,1.0,0.3663126019494349,0.26524550317817264,0.3157790525638036,0.7856154488137577,74.61519817899084,0.3663126019494349,0.26524550317817264,0.3157790525638036,0.7856154488137577,74.61519817899084,algorithm_native_internal_best_so_far.v1,true
noise001,llmsr,79,150,150,1.0,0.3664029141122478,0.2653093039526913,0.31585610903246947,0.7860990864826033,74.66576413429806,0.3664029141122478,0.2653093039526913,0.31585610903246947,0.7860990864826033,74.66576413429806,algorithm_native_internal_best_so_far.v1,true
noise001,llmsr,80,150,150,1.0,0.37007874956140474,0.2688410524445343,0.3194599010029695,0.7906299442417069,74.72072951292145,0.37007874956140474,0.2688410524445343,0.3194599010029695,0.7906299442417069,74.72072951292145,algorithm_native_internal_best_so_far.v1,true
noise001,llmsr,81,150,150,1.0,0.37189776046644796,0.27086985466999286,0.3213838075682204,0.7930620807370684,74.77734035935092,0.37189776046644796,0.27086985466999286,0.3213838075682204,0.7930620807370684,74.77734035935092,algorithm_native_internal_best_so_far.v1,true
noise001,llmsr,82,150,150,1.0,0.37273990211370206,0.27233537965868276,0.32253764088619247,0.7893099690381946,74.82799470745418,0.37273990211370206,0.27233537965868276,0.32253764088619247,0.7893099690381946,74.82799470745418,algorithm_native_internal_best_so_far.v1,true
noise001,llmsr,83,150,150,1.0,0.37277615611857856,0.2725391049719652,0.32265763054527186,0.7894602330234268,74.87760950980223,0.37277615611857856,0.2725391049719652,0.32265763054527186,0.7894602330234268,74.87760950980223,algorithm_native_internal_best_so_far.v1,true
noise001,llmsr,84,150,150,1.0,0.37308366930811365,0.2722699273531424,0.32267679833062807,0.7899596078539385,74.92663750117833,0.37308366930811365,0.2722699273531424,0.32267679833062807,0.7899596078539385,74.92663750117833,algorithm_native_internal_best_so_far.v1,true
noise001,llmsr,85,150,150,1.0,0.374920266388661,0.2739889811662106,0.3244546237774358,0.7968977085643223,74.9826743641813,0.374920266388661,0.2739889811662106,0.3244546237774358,0.7968977085643223,74.9826743641813,algorithm_native_internal_best_so_far.v1,true
noise001,llmsr,86,150,150,1.0,0.37823855503375237,0.2772823946974769,0.3277604748656146,0.8014852551564324,75.04274240082621,0.37823855503375237,0.2772823946974769,0.3277604748656146,0.8014852551564324,75.04274240082621,algorithm_native_internal_best_so_far.v1,true
noise001,llmsr,87,150,150,1.0,0.37815350936925596,0.277109903994375,0.3276317066818155,0.8012337582240853,75.10114048613175,0.37815350936925596,0.277109903994375,0.3276317066818155,0.8012337582240853,75.10114048613175,algorithm_native_internal_best_so_far.v1,true
noise001,llmsr,88,150,150,1.0,0.3784350835942497,0.2774436914886457,0.32793938754144775,0.7983743841325083,75.15496205348539,0.3784350835942497,0.2774436914886457,0.32793938754144775,0.7983743841325083,75.15496205348539,algorithm_native_internal_best_so_far.v1,true
noise001,llmsr,89,150,150,1.0,0.3816343868610784,0.28193193757242474,0.33178316221675164,0.8082836922520282,75.21870820148223,0.3816343868610784,0.28193193757242474,0.33178316221675164,0.8082836922520282,75.21870820148223,algorithm_native_internal_best_so_far.v1,true
noise001,llmsr,90,150,150,1.0,0.38177602206549344,0.28054098739029315,0.3311585047278933,0.8057618484895144,75.27823571978743,0.38177602206549344,0.28054098739029315,0.3311585047278933,0.8057618484895144,75.27823571978743,algorithm_native_internal_best_so_far.v1,true
noise001,llmsr,91,150,150,1.0,0.3817073350751231,0.2774988309525047,0.32960308301381397,0.8037163396055972,75.3342071290267,0.3817073350751231,0.2774988309525047,0.32960308301381397,0.8037163396055972,75.3342071290267,algorithm_native_internal_best_so_far.v1,true
noise001,llmsr,92,150,150,1.0,0.3816023067791996,0.27817342937949424,0.32988786807934695,0.8046183660628539,75.38994223204037,0.3816023067791996,0.27817342937949424,0.32988786807934695,0.8046183660628539,75.38994223204037,algorithm_native_internal_best_so_far.v1,true
noise001,llmsr,93,150,150,1.0,0.3816020166484555,0.27656955380785536,0.32908578522815546,0.8028898572199261,75.4426201190291,0.3816020166484555,0.27656955380785536,0.32908578522815546,0.8028898572199261,75.4426201190291,algorithm_native_internal_best_so_far.v1,true
noise001,llmsr,94,150,150,1.0,0.3815521270735159,0.2754766067308076,0.32851436690216174,0.8017160873767138,75.49292850858913,0.3815521270735159,0.2754766067308076,0.32851436690216174,0.8017160873767138,75.49292850858913,algorithm_native_internal_best_so_far.v1,true
noise001,llmsr,95,150,150,1.0,0.37777471541256236,0.27220295717555343,0.3249888362940579,0.796503098275588,75.53669041720987,0.37777471541256236,0.27220295717555343,0.3249888362940579,0.796503098275588,75.53669041720987,algorithm_native_internal_best_so_far.v1,true
noise001,llmsr,96,150,150,1.0,0.38275586952877994,0.2771203287918656,0.32993809916032274,0.8031113431473919,75.58642420780915,0.38275586952877994,0.2771203287918656,0.32993809916032274,0.8031113431473919,75.58642420780915,algorithm_native_internal_best_so_far.v1,true
noise001,llmsr,97,150,150,1.0,0.38804703090668946,0.2810763140886963,0.33456167249769286,0.8161896570320931,75.64861535724626,0.38804703090668946,0.2810763140886963,0.33456167249769286,0.8161896570320931,75.64861535724626,algorithm_native_internal_best_so_far.v1,true
noise001,llmsr,98,150,150,1.0,0.38880288221332376,0.281007672289046,0.33490527725118485,0.8165249890416661,75.70987947507197,0.38880288221332376,0.281007672289046,0.33490527725118485,0.8165249890416661,75.70987947507197,algorithm_native_internal_best_so_far.v1,true
noise001,llmsr,99,150,150,1.0,0.38879599925093145,0.2810072204608744,0.33490160985590284,0.8165200418001336,75.76990093673805,0.38879599925093145,0.2810072204608744,0.33490160985590284,0.8165200418001336,75.76990093673805,algorithm_native_internal_best_so_far.v1,true
noise001,llmsr,100,150,150,1.0,0.38942801191637905,0.2815547571555301,0.3354913845359544,0.8179383398429321,75.8301402672136,0.38942801191637905,0.2815547571555301,0.3354913845359544,0.8179383398429321,75.8301402672136,algorithm_native_internal_best_so_far.v1,true
noise001,llmsr,101,150,150,1.0,0.38628222924871475,0.2793509866646862,0.33281660795670037,0.8108649132459842,75.88218334698968,0.38628222924871475,0.2793509866646862,0.33281660795670037,0.8108649132459842,75.88218334698968,algorithm_native_internal_best_so_far.v1,true
noise001,llmsr,102,150,150,1.0,0.3861534155222706,0.2787511117199152,0.33245226362109276,0.8102117639039685,75.93256563172896,0.3861534155222706,0.2787511117199152,0.33245226362109276,0.8102117639039685,75.93256563172896,algorithm_native_internal_best_so_far.v1,true
noise001,llmsr,103,150,150,1.0,0.38831476309264973,0.2807697973768466,0.3345422802347481,0.813303056317357,75.98497087444746,0.38831476309264973,0.2807697973768466,0.3345422802347481,0.813303056317357,75.98497087444746,algorithm_native_internal_best_so_far.v1,true
noise001,llmsr,104,150,150,1.0,0.38831970508421065,0.2807661794714527,0.3345429422778316,0.8133060210145013,76.0363711747071,0.38831970508421065,0.2807661794714527,0.3345429422778316,0.8133060210145013,76.0363711747071,algorithm_native_internal_best_so_far.v1,true
noise001,llmsr,105,150,150,1.0,0.38831970508421065,0.2807661794714527,0.3345429422778316,0.8133060210145013,76.08679242162846,0.38831970508421065,0.2807661794714527,0.3345429422778316,0.8133060210145013,76.08679242162846,algorithm_native_internal_best_so_far.v1,true
noise001,llmsr,106,150,150,1.0,0.3868539232587795,0.2791118937594577,0.33298290850911855,0.806554543222442,76.12989300559654,0.3868539232587795,0.2791118937594577,0.33298290850911855,0.806554543222442,76.12989300559654,algorithm_native_internal_best_so_far.v1,true
noise001,llmsr,107,150,150,1.0,0.38685606701637176,0.2791119100211309,0.3329839885187513,0.8065620947357327,76.17219502866175,0.38685606701637176,0.2791119100211309,0.3329839885187513,0.8065620947357327,76.17219502866175,algorithm_native_internal_best_so_far.v1,true
noise001,llmsr,108,150,150,1.0,0.38426939526908976,0.27972639733144955,0.33199789630026955,0.8037911841471226,76.21114802297701,0.38426939526908976,0.27972639733144955,0.33199789630026955,0.8037911841471226,76.21114802297701,algorithm_native_internal_best_so_far.v1,true
noise001,llmsr,109,150,150,1.0,0.3885903681649938,0.2820189074909547,0.33530463782797426,0.8073367886056801,76.25263913157877,0.3885903681649938,0.2820189074909547,0.33530463782797426,0.8073367886056801,76.25263913157877,algorithm_native_internal_best_so_far.v1,true
noise001,llmsr,110,150,150,1.0,0.38859348898175733,0.2820099057383702,0.33530169736006377,0.8073328046714183,76.29337223462935,0.38859348898175733,0.2820099057383702,0.33530169736006377,0.8073328046714183,76.29337223462935,algorithm_native_internal_best_so_far.v1,true
noise001,llmsr,111,150,150,1.0,0.3885753991042289,0.2814074560108923,0.33499142755756056,0.8068609394863342,76.33294630412487,0.3885753991042289,0.2814074560108923,0.33499142755756056,0.8068609394863342,76.33294630412487,algorithm_native_internal_best_so_far.v1,true
noise001,llmsr,112,150,150,1.0,0.3914793690361283,0.28360974210641243,0.33754455557127044,0.8099810824527781,76.3745995357423,0.3914793690361283,0.28360974210641243,0.33754455557127044,0.8099810824527781,76.3745995357423,algorithm_native_internal_best_so_far.v1,true
noise001,llmsr,113,150,150,1.0,0.3908338717643394,0.28360260080632843,0.33721823628533404,0.8085721189517245,76.41426867166649,0.3908338717643394,0.28360260080632843,0.33721823628533404,0.8085721189517245,76.41426867166649,algorithm_native_internal_best_so_far.v1,true
noise001,llmsr,114,150,150,1.0,0.3910324935953235,0.28449903568900947,0.3377657646421666,0.8109354216777828,76.4553149304043,0.3910324935953235,0.28449903568900947,0.3377657646421666,0.8109354216777828,76.4553149304043,algorithm_native_internal_best_so_far.v1,true
noise001,llmsr,115,150,150,1.0,0.38845722839258257,0.2844904049006621,0.33647381664662246,0.8070355371835923,76.49225613725609,0.38845722839258257,0.2844904049006621,0.33647381664662246,0.8070355371835923,76.49225613725609,algorithm_native_internal_best_so_far.v1,true
noise001,llmsr,116,150,150,1.0,0.3884182353675913,0.28436062530643236,0.3363894303370119,0.8068925123978271,76.52843712951925,0.3884182353675913,0.28436062530643236,0.3363894303370119,0.8068925123978271,76.52843712951925,algorithm_native_internal_best_so_far.v1,true
noise001,llmsr,117,150,150,1.0,0.3896448651478373,0.28584240973291825,0.3377436374403779,0.8045081130358709,76.56196169510956,0.3896448651478373,0.28584240973291825,0.3377436374403779,0.8045081130358709,76.56196169510956,algorithm_native_internal_best_so_far.v1,true
noise001,llmsr,118,150,150,1.0,0.38486714013415074,0.28081699748608524,0.33284206881011813,0.7981903041298131,76.58956397237966,0.38486714013415074,0.28081699748608524,0.33284206881011813,0.7981903041298131,76.58956397237966,algorithm_native_internal_best_so_far.v1,true
noise001,llmsr,119,150,150,1.0,0.38486714013415074,0.28081699748608524,0.33284206881011813,0.7981903041298131,76.6167023458301,0.38486714013415074,0.28081699748608524,0.33284206881011813,0.7981903041298131,76.6167023458301,algorithm_native_internal_best_so_far.v1,true
noise001,llmsr,120,150,150,1.0,0.3849472353546586,0.2810461435692226,0.3329966894619407,0.7985833539456969,76.6437159545696,0.3849472353546586,0.2810461435692226,0.3329966894619407,0.7985833539456969,76.6437159545696,algorithm_native_internal_best_so_far.v1,true
noise001,llmsr,121,150,150,1.0,0.3849472353546586,0.2810461435692226,0.3329966894619407,0.7985833539456969,76.67028305737952,0.3849472353546586,0.2810461435692226,0.3329966894619407,0.7985833539456969,76.67028305737952,algorithm_native_internal_best_so_far.v1,true
noise001,llmsr,122,150,150,1.0,0.3849472353546586,0.2810461435692226,0.3329966894619407,0.7985833539456969,76.69641463391388,0.3849472353546586,0.2810461435692226,0.3329966894619407,0.7985833539456969,76.69641463391388,algorithm_native_internal_best_so_far.v1,true
noise001,llmsr,123,150,150,1.0,0.383578219649195,0.27805984804895817,0.3308190338490767,0.7985833539456969,76.72212130676475,0.383578219649195,0.27805984804895817,0.3308190338490767,0.7985833539456969,76.72212130676475,algorithm_native_internal_best_so_far.v1,true
noise001,llmsr,124,150,150,1.0,0.3835759128901452,0.27805927735076674,0.33081759512045605,0.7985733431730846,76.74740528265622,0.3835759128901452,0.27805927735076674,0.33081759512045605,0.7985733431730846,76.74740528265622,algorithm_native_internal_best_so_far.v1,true
noise001,llmsr,125,150,150,1.0,0.3835759128901452,0.27805927735076674,0.33081759512045605,0.7985733431730846,76.77228471493346,0.3835759128901452,0.27805927735076674,0.33081759512045605,0.7985733431730846,76.77228471493346,algorithm_native_internal_best_so_far.v1,true
noise001,llmsr,126,150,150,1.0,0.3816890669969863,0.27685087512182216,0.32926997105940436,0.7919064268638849,76.79147803216722,0.3816890669969863,0.27685087512182216,0.32926997105940436,0.7919064268638849,76.79147803216722,algorithm_native_internal_best_so_far.v1,true
noise001,llmsr,127,150,150,1.0,0.38183775809553483,0.2773386230282259,0.32958819056188043,0.7924028888111767,76.81076000735581,0.38183775809553483,0.2773386230282259,0.32958819056188043,0.7924028888111767,76.81076000735581,algorithm_native_internal_best_so_far.v1,true
noise001,llmsr,128,150,150,1.0,0.38192170056121244,0.27735133450195265,0.32963651753158263,0.7923798203746368,76.82972267946603,0.38192170056121244,0.27735133450195265,0.32963651753158263,0.7923798203746368,76.82972267946603,algorithm_native_internal_best_so_far.v1,true
noise001,llmsr,129,150,150,1.0,0.38156299727635273,0.2767592215484296,0.3291611094123912,0.7917679056183853,76.84791700413558,0.38156299727635273,0.2767592215484296,0.3291611094123912,0.7917679056183853,76.84791700413558,algorithm_native_internal_best_so_far.v1,true
noise001,llmsr,130,150,150,1.0,0.38150606047831725,0.2767842320516801,0.3291451462649988,0.7920222153518364,76.8660270389898,0.38150606047831725,0.2767842320516801,0.3291451462649988,0.7920222153518364,76.8660270389898,algorithm_native_internal_best_so_far.v1,true
noise001,llmsr,131,150,150,1.0,0.38150606047831725,0.2767842320516801,0.3291451462649988,0.7920222153518364,76.88386058476226,0.38150606047831725,0.2767842320516801,0.3291451462649988,0.7920222153518364,76.88386058476226,algorithm_native_internal_best_so_far.v1,true
noise001,llmsr,132,150,150,1.0,0.38142079601656753,0.2768060069172053,0.32911340146688645,0.7921449330409673,76.90151689324209,0.38142079601656753,0.2768060069172053,0.32911340146688645,0.7921449330409673,76.90151689324209,algorithm_native_internal_best_so_far.v1,true
noise001,llmsr,133,150,150,1.0,0.38142302782183896,0.27734427269687917,0.32938365025935906,0.7926723349895185,76.91930423614215,0.38142302782183896,0.27734427269687917,0.32938365025935906,0.7926723349895185,76.91930423614215,algorithm_native_internal_best_so_far.v1,true
noise001,llmsr,134,150,150,1.0,0.3814311950947531,0.2764315023827259,0.3289313487387396,0.7916505298678707,76.93606355517682,0.3814311950947531,0.2764315023827259,0.3289313487387396,0.7916505298678707,76.93606355517682,algorithm_native_internal_best_so_far.v1,true
noise001,llmsr,135,150,150,1.0,0.3823121209952217,0.27719188926556493,0.3297520051303934,0.7986287607197021,76.9577436478938,0.3823121209952217,0.27719188926556493,0.3297520051303934,0.7986287607197021,76.9577436478938,algorithm_native_internal_best_so_far.v1,true
noise001,llmsr,136,150,150,1.0,0.37930571573124916,0.27493051319995476,0.327118114465602,0.7930930901966513,76.97503456974506,0.37930571573124916,0.27493051319995476,0.327118114465602,0.7930930901966513,76.97503456974506,algorithm_native_internal_best_so_far.v1,true
noise001,llmsr,137,150,150,1.0,0.3793059877818128,0.27373391205533476,0.32651994991857375,0.7922275217745812,76.99144126761158,0.3793059877818128,0.27373391205533476,0.32651994991857375,0.7922275217745812,76.99144126761158,algorithm_native_internal_best_so_far.v1,true
noise001,llmsr,138,150,150,1.0,0.3798106114302845,0.27439368859123703,0.32710215001076076,0.7933872305036755,77.00845055589242,0.3798106114302845,0.27439368859123703,0.32710215001076076,0.7933872305036755,77.00845055589242,algorithm_native_internal_best_so_far.v1,true
noise001,llmsr,139,150,150,1.0,0.37972571318748083,0.27434103732168724,0.327033375254584,0.7932874586769696,77.02514332791979,0.37972571318748083,0.27434103732168724,0.327033375254584,0.7932874586769696,77.02514332791979,algorithm_native_internal_best_so_far.v1,true
noise001,llmsr,140,150,150,1.0,0.37972571318748083,0.27434103732168724,0.327033375254584,0.7932874586769696,77.04159763177533,0.37972571318748083,0.27434103732168724,0.327033375254584,0.7932874586769696,77.04159763177533,algorithm_native_internal_best_so_far.v1,true
noise001,llmsr,141,150,150,1.0,0.37972541038741037,0.27434177541218685,0.32703359289979855,0.793288834814438,77.05781951723398,0.37972541038741037,0.27434177541218685,0.32703359289979855,0.793288834814438,77.05781951723398,algorithm_native_internal_best_so_far.v1,true
noise001,llmsr,142,150,150,1.0,0.3797811726147252,0.27445396879972694,0.3271175707072261,0.7936386060110627,77.07405924317673,0.3797811726147252,0.27445396879972694,0.3271175707072261,0.7936386060110627,77.07405924317673,algorithm_native_internal_best_so_far.v1,true
noise001,llmsr,143,150,150,1.0,0.37978948234230875,0.27453811321004773,0.3271637977761782,0.7936952169339065,77.09011142814327,0.37978948234230875,0.27453811321004773,0.3271637977761782,0.7936952169339065,77.09011142814327,algorithm_native_internal_best_so_far.v1,true
noise001,llmsr,144,150,150,1.0,0.3798369472508694,0.2749847158059374,0.3274108315284034,0.7947507648734153,77.10667368549882,0.3798369472508694,0.2749847158059374,0.3274108315284034,0.7947507648734153,77.10667368549882,algorithm_native_internal_best_so_far.v1,true
noise001,llmsr,145,150,150,1.0,0.3798369472508694,0.2749847158059374,0.3274108315284034,0.7947507648734153,77.12300749792531,0.3798369472508694,0.2749847158059374,0.3274108315284034,0.7947507648734153,77.12300749792531,algorithm_native_internal_best_so_far.v1,true
noise001,llmsr,146,150,150,1.0,0.37998802240381463,0.2751202481373387,0.32755413527057675,0.7949734165047924,77.13927006061404,0.37998802240381463,0.2751202481373387,0.32755413527057675,0.7949734165047924,77.13927006061404,algorithm_native_internal_best_so_far.v1,true
noise001,llmsr,147,150,150,1.0,0.37997712968856734,0.27517012177575795,0.32757362573216264,0.795058698122982,77.15536937865271,0.37997712968856734,0.27517012177575795,0.32757362573216264,0.795058698122982,77.15536937865271,algorithm_native_internal_best_so_far.v1,true
noise001,llmsr,148,150,150,1.0,0.37997712968856734,0.27517012177575795,0.32757362573216264,0.795058698122982,77.1712511383395,0.37997712968856734,0.27517012177575795,0.32757362573216264,0.795058698122982,77.1712511383395,algorithm_native_internal_best_so_far.v1,true
noise001,llmsr,149,150,150,1.0,0.38296379746351367,0.276469912903039,0.3297168551832764,0.8000614428484367,77.19027726683953,0.38296379746351367,0.276469912903039,0.3297168551832764,0.8000614428484367,77.19027726683953,algorithm_native_internal_best_so_far.v1,true
noise001,llmsr,150,150,150,1.0,0.38296379746351367,0.276469912903039,0.3297168551832764,0.8000614428484367,77.20904971362621,0.38296379746351367,0.276469912903039,0.3297168551832764,0.8000614428484367,77.20904971362621,algorithm_native_internal_best_so_far.v1,true
noise001,llmsr,151,150,150,1.0,0.38327807839417494,0.2776839170247558,0.33048099770946543,0.8015153635022473,77.22853638009376,0.38327807839417494,0.2776839170247558,0.33048099770946543,0.8015153635022473,77.22853638009376,algorithm_native_internal_best_so_far.v1,true
noise001,llmsr,152,150,150,1.0,0.38327742001748355,0.2776837820745045,0.330480601045994,0.8015125871829846,77.24776481652931,0.38327742001748355,0.2776837820745045,0.330480601045994,0.8015125871829846,77.24776481652931,algorithm_native_internal_best_so_far.v1,true
noise001,llmsr,153,150,150,1.0,0.3830627184796063,0.2776824526273244,0.3303725855534654,0.8013641608199024,77.26664489015977,0.3830627184796063,0.2776824526273244,0.3303725855534654,0.8013641608199024,77.26664489015977,algorithm_native_internal_best_so_far.v1,true
noise001,llmsr,154,150,150,1.0,0.3830627184796063,0.2776824526273244,0.3303725855534654,0.8013641608199024,77.2852797680288,0.3830627184796063,0.2776824526273244,0.3303725855534654,0.8013641608199024,77.2852797680288,algorithm_native_internal_best_so_far.v1,true
noise001,llmsr,155,150,150,1.0,0.38310379422486673,0.27727951051379895,0.33019165236933284,0.800917787240468,77.30338621290633,0.38310379422486673,0.27727951051379895,0.33019165236933284,0.800917787240468,77.30338621290633,algorithm_native_internal_best_so_far.v1,true
noise001,llmsr,156,150,150,1.0,0.3830398254153018,0.27758609488989777,0.33031296015259975,0.8011253924409875,77.32139360413193,0.3830398254153018,0.27758609488989777,0.33031296015259975,0.8011253924409875,77.32139360413193,algorithm_native_internal_best_so_far.v1,true
noise001,llmsr,157,150,150,1.0,0.38268596516950654,0.2773364365432499,0.33001120085637825,0.8004016124900711,77.33871059550057,0.38268596516950654,0.2773364365432499,0.33001120085637825,0.8004016124900711,77.33871059550057,algorithm_native_internal_best_so_far.v1,true
noise001,llmsr,158,150,150,1.0,0.38268596516494485,0.27733643654325024,0.3300112008540975,0.800401612474106,77.35580838443671,0.38268596516494485,0.27733643654325024,0.3300112008540975,0.800401612474106,77.35580838443671,algorithm_native_internal_best_so_far.v1,true
noise001,llmsr,159,150,150,1.0,0.38306649017662137,0.27803672775989763,0.3305516089682594,0.8011947497783032,77.37318993533856,0.38306649017662137,0.27803672775989763,0.3305516089682594,0.8011947497783032,77.37318993533856,algorithm_native_internal_best_so_far.v1,true
noise001,llmsr,160,150,150,1.0,0.3830664901916314,0.2780367277108778,0.3305516089512545,0.8011947496707229,77.3903542167869,0.3830664901916314,0.2780367277108778,0.3305516089512545,0.8011947496707229,77.3903542167869,algorithm_native_internal_best_so_far.v1,true
noise001,llmsr,161,150,150,1.0,0.3830664901916314,0.2780367277108778,0.3305516089512545,0.8011947496707229,77.40730527734767,0.3830664901916314,0.2780367277108778,0.3305516089512545,0.8011947496707229,77.40730527734767,algorithm_native_internal_best_so_far.v1,true
noise001,llmsr,162,150,150,1.0,0.3831881155781445,0.2791451038862551,0.33116660973219975,0.8022350150667606,77.42468920468922,0.3831881155781445,0.2791451038862551,0.33116660973219975,0.8022350150667606,77.42468920468922,algorithm_native_internal_best_so_far.v1,true
noise001,llmsr,163,150,150,1.0,0.38315636310512713,0.2791577273297931,0.3311570452174601,0.8021979246261847,77.44183707743724,0.38315636310512713,0.2791577273297931,0.3311570452174601,0.8021979246261847,77.44183707743724,algorithm_native_internal_best_so_far.v1,true
noise001,llmsr,164,150,150,1.0,0.38320957015155876,0.27914791981474424,0.3311787449831515,0.8022302253680869,77.45879552536024,0.38320957015155876,0.27914791981474424,0.3311787449831515,0.8022302253680869,77.45879552536024,algorithm_native_internal_best_so_far.v1,true
noise001,llmsr,165,150,150,1.0,0.3831702696083456,0.27914203567575685,0.33115615264205117,0.8021991807563879,77.47552960142254,0.3831702696083456,0.27914203567575685,0.33115615264205117,0.8021991807563879,77.47552960142254,algorithm_native_internal_best_so_far.v1,true
noise001,llmsr,166,150,150,1.0,0.38317876289241376,0.27914189465772793,0.3311603287750708,0.8022294151400249,77.49208027559472,0.38317876289241376,0.27914189465772793,0.3311603287750708,0.8022294151400249,77.49208027559472,algorithm_native_internal_best_so_far.v1,true
noise001,llmsr,167,150,150,1.0,0.38312641319076834,0.27918739355720384,0.33115690337398607,0.8022215330762089,77.50842801830146,0.38312641319076834,0.27918739355720384,0.33115690337398607,0.8022215330762089,77.50842801830146,algorithm_native_internal_best_so_far.v1,true
noise001,llmsr,168,150,150,1.0,0.38573239432617434,0.28158333370535277,0.3336578640157634,0.8057318922548119,77.52667064453468,0.38573239432617434,0.28158333370535277,0.3336578640157634,0.8057318922548119,77.52667064453468,algorithm_native_internal_best_so_far.v1,true
noise001,llmsr,169,150,150,1.0,0.3856374944111232,0.28194843578269513,0.33379296509690914,0.8060285499368728,77.54487291879002,0.3856374944111232,0.28194843578269513,0.33379296509690914,0.8060285499368728,77.54487291879002,algorithm_native_internal_best_so_far.v1,true
noise001,llmsr,170,150,150,1.0,0.3856374944111232,0.28194843578269513,0.33379296509690914,0.8060285499368728,77.56286104864236,0.3856374944111232,0.28194843578269513,0.33379296509690914,0.8060285499368728,77.56286104864236,algorithm_native_internal_best_so_far.v1,true
noise001,llmsr,171,150,150,1.0,0.38900492582714086,0.28524221763603397,0.3371235717315873,0.8109703855554979,77.58352875336111,0.38900492582714086,0.28524221763603397,0.3371235717315873,0.8109703855554979,77.58352875336111,algorithm_native_internal_best_so_far.v1,true
noise001,llmsr,172,150,150,1.0,0.38823939108905126,0.28451448055177747,0.33637693582041434,0.8047226573302451,77.60032373580103,0.38823939108905126,0.28451448055177747,0.33637693582041434,0.8047226573302451,77.60032373580103,algorithm_native_internal_best_so_far.v1,true
noise001,llmsr,173,150,150,1.0,0.38823939108905126,0.28451448055177747,0.33637693582041434,0.8047226573302451,77.61692455659421,0.38823939108905126,0.28451448055177747,0.33637693582041434,0.8047226573302451,77.61692455659421,algorithm_native_internal_best_so_far.v1,true
noise001,llmsr,174,150,150,1.0,0.38823939108905126,0.28451448055177747,0.33637693582041434,0.8047226573302451,77.6333345633553,0.38823939108905126,0.28451448055177747,0.33637693582041434,0.8047226573302451,77.6333345633553,algorithm_native_internal_best_so_far.v1,true
noise001,llmsr,175,150,150,1.0,0.38823939108905126,0.28451448055177747,0.33637693582041434,0.8047226573302451,77.649557027182,0.38823939108905126,0.28451448055177747,0.33637693582041434,0.8047226573302451,77.649557027182,algorithm_native_internal_best_so_far.v1,true
noise001,llmsr,176,150,150,1.0,0.38843823693061463,0.2838754484211133,0.3361568426758639,0.8043459916277089,77.66538113022511,0.38843823693061463,0.2838754484211133,0.3361568426758639,0.8043459916277089,77.66538113022511,algorithm_native_internal_best_so_far.v1,true
noise001,llmsr,177,150,150,1.0,0.38843823693061463,0.2838754484211133,0.3361568426758639,0.8043459916277089,77.68102642984401,0.38843823693061463,0.2838754484211133,0.3361568426758639,0.8043459916277089,77.68102642984401,algorithm_native_internal_best_so_far.v1,true
noise001,llmsr,178,150,150,1.0,0.38843823693061463,0.2838754484211133,0.3361568426758639,0.8043459916277089,77.69649593957956,0.38843823693061463,0.2838754484211133,0.3361568426758639,0.8043459916277089,77.69649593957956,algorithm_native_internal_best_so_far.v1,true
noise001,llmsr,179,150,150,1.0,0.3874863152613145,0.28292324921839285,0.3352047822398536,0.79768234872036,77.70806990009609,0.3874863152613145,0.28292324921839285,0.3352047822398536,0.79768234872036,77.70806990009609,algorithm_native_internal_best_so_far.v1,true
noise001,llmsr,180,150,150,1.0,0.3874863152613145,0.28292324921839285,0.3352047822398536,0.79768234872036,77.71951526105133,0.3874863152613145,0.28292324921839285,0.3352047822398536,0.79768234872036,77.71951526105133,algorithm_native_internal_best_so_far.v1,true
noise001,pyoperon,1,150,150,1.0,0.25537954727917955,0.1993974470743541,0.2273884971767667,0.8444675015255884,84.44675015255883,0.25537954727917955,0.1993974470743541,0.2273884971767667,0.8444675015255884,84.44675015255883,algorithm_native_internal_best_so_far.v1,true
noise001,pyoperon,2,150,150,1.0,0.2556726141696529,0.19967907384829162,0.22767584400897214,0.8454698767852689,84.49686891554286,0.2556726141696529,0.19967907384829162,0.22767584400897214,0.8454698767852689,84.49686891554286,algorithm_native_internal_best_so_far.v1,true
noise001,pyoperon,3,150,150,1.0,0.2557375405053609,0.1996647174393594,0.22770112897236008,0.8455585855911281,84.51653213006618,0.2557375405053609,0.1996647174393594,0.22770112897236008,0.8455585855911281,84.51653213006618,algorithm_native_internal_best_so_far.v1,true
noise001,pyoperon,4,150,150,1.0,0.25574476432169735,0.19970568099899247,0.2277252226603449,0.8456412817758061,84.5284311419448,0.25574476432169735,0.19970568099899247,0.2277252226603449,0.8456412817758061,84.5284311419448,algorithm_native_internal_best_so_far.v1,true
noise001,pyoperon,5,150,150,1.0,0.2557575996423419,0.19967869937642796,0.2277181495093849,0.8456170047702098,84.53508500896002,0.2557575996423419,0.19967869937642796,0.2277181495093849,0.8456170047702098,84.53508500896002,algorithm_native_internal_best_so_far.v1,true
noise001,pyoperon,6,150,150,1.0,0.25576135915304593,0.19972420799009719,0.22774278357157154,0.8457015556682395,84.54093010193735,0.25576135915304593,0.19972420799009719,0.22774278357157154,0.8457015556682395,84.54093010193735,algorithm_native_internal_best_so_far.v1,true
noise001,pyoperon,7,150,150,1.0,0.25577410554991425,0.19973770141821753,0.22775590348406585,0.8457465868277397,84.54574847062828,0.25577410554991425,0.19973770141821753,0.22775590348406585,0.8457465868277397,84.54574847062828,algorithm_native_internal_best_so_far.v1,true
noise001,pyoperon,8,150,150,1.0,0.25592528604758175,0.19977871824136223,0.22785200214447196,0.8460764239441366,84.55348521110146,0.25592528604758175,0.19977871824136223,0.22785200214447196,0.8460764239441366,84.55348521110146,algorithm_native_internal_best_so_far.v1,true
noise001,pyoperon,9,150,150,1.0,0.2560233963647843,0.19982430109906613,0.22792384873192517,0.8463230212549461,84.56224264603404,0.2560233963647843,0.19982430109906613,0.22792384873192517,0.8463230212549461,84.56224264603404,algorithm_native_internal_best_so_far.v1,true
noise001,pyoperon,10,150,150,1.0,0.2560656350965791,0.19985657593375583,0.22796110551516738,0.846450896814282,84.57052734957345,0.2560656350965791,0.19985657593375583,0.22796110551516738,0.846450896814282,84.57052734957345,algorithm_native_internal_best_so_far.v1,true
noise001,pyoperon,11,150,150,1.0,0.2560664527454046,0.19985239691533263,0.22795942483036863,0.8464451282403468,84.57725330179721,0.2560664527454046,0.19985239691533263,0.22795942483036863,0.8464451282403468,84.57725330179721,algorithm_native_internal_best_so_far.v1,true
noise001,pyoperon,12,150,150,1.0,0.2560757659730422,0.19986209748030972,0.22796893172667596,0.8464777585314522,84.58313018107621,0.2560757659730422,0.19986209748030972,0.22796893172667596,0.8464777585314522,84.58313018107621,algorithm_native_internal_best_so_far.v1,true
noise001,pyoperon,13,150,150,1.0,0.2560815376796491,0.19986667835314428,0.22797410801639667,0.8464955249859262,84.58823959011593,0.2560815376796491,0.19986667835314428,0.22797410801639667,0.8464955249859262,84.58823959011593,algorithm_native_internal_best_so_far.v1,true
noise001,pyoperon,14,150,150,1.0,0.2560815376796491,0.19986667835314428,0.22797410801639667,0.8464955249859262,84.59261908357855,0.2560815376796491,0.19986667835314428,0.22797410801639667,0.8464955249859262,84.59261908357855,algorithm_native_internal_best_so_far.v1,true
noise001,pyoperon,15,150,150,1.0,0.2560815376796491,0.19986667835314428,0.22797410801639667,0.8464955249859262,84.59641464457948,0.2560815376796491,0.19986667835314428,0.22797410801639667,0.8464955249859262,84.59641464457948,algorithm_native_internal_best_so_far.v1,true
noise001,pyoperon,16,150,150,1.0,0.2560815376796491,0.19986667835314428,0.22797410801639667,0.8464955249859262,84.5997357604553,0.2560815376796491,0.19986667835314428,0.22797410801639667,0.8464955249859262,84.5997357604553,algorithm_native_internal_best_so_far.v1,true
noise001,pyoperon,17,150,150,1.0,0.2560815376796491,0.19986667835314428,0.22797410801639667,0.8464955249859262,84.60266615681633,0.2560815376796491,0.19986667835314428,0.22797410801639667,0.8464955249859262,84.60266615681633,algorithm_native_internal_best_so_far.v1,true
noise001,pyoperon,18,150,150,1.0,0.2560815376796491,0.19986667835314428,0.22797410801639667,0.8464955249859262,84.60527095358167,0.2560815376796491,0.19986667835314428,0.22797410801639667,0.8464955249859262,84.60527095358167,algorithm_native_internal_best_so_far.v1,true
noise001,pyoperon,19,150,150,1.0,0.2560815376796491,0.19986667835314428,0.22797410801639667,0.8464955249859262,84.60760156121383,0.2560815376796491,0.19986667835314428,0.22797410801639667,0.8464955249859262,84.60760156121383,algorithm_native_internal_best_so_far.v1,true
noise001,pyoperon,20,150,150,1.0,0.2560815376796491,0.19986667835314428,0.22797410801639667,0.8464955249859262,84.60969910808276,0.2560815376796491,0.19986667835314428,0.22797410801639667,0.8464955249859262,84.60969910808276,algorithm_native_internal_best_so_far.v1,true
noise001,pyoperon,21,150,150,1.0,0.2560815376796491,0.19986667835314428,0.22797410801639667,0.8464955249859262,84.61159688858324,0.2560815376796491,0.19986667835314428,0.22797410801639667,0.8464955249859262,84.61159688858324,algorithm_native_internal_best_so_far.v1,true
noise001,pyoperon,22,150,150,1.0,0.2560815376796491,0.19986667835314428,0.22797410801639667,0.8464955249859262,84.61332214358366,0.2560815376796491,0.19986667835314428,0.22797410801639667,0.8464955249859262,84.61332214358366,algorithm_native_internal_best_so_far.v1,true
noise001,pyoperon,23,150,150,1.0,0.2560815376796491,0.19986667835314428,0.22797410801639667,0.8464955249859262,84.61489737641014,0.2560815376796491,0.19986667835314428,0.22797410801639667,0.8464955249859262,84.61489737641014,algorithm_native_internal_best_so_far.v1,true
noise001,pyoperon,24,150,150,1.0,0.2560815376796491,0.19986667835314428,0.22797410801639667,0.8464955249859262,84.6163413398344,0.2560815376796491,0.19986667835314428,0.22797410801639667,0.8464955249859262,84.6163413398344,algorithm_native_internal_best_so_far.v1,true
noise001,pyoperon,25,150,150,1.0,0.2560815376796491,0.19986667835314428,0.22797410801639667,0.8464955249859262,84.61766978618475,0.2560815376796491,0.19986667835314428,0.22797410801639667,0.8464955249859262,84.61766978618475,algorithm_native_internal_best_so_far.v1,true
noise001,pyoperon,26,150,150,1.0,0.2560815376796491,0.19986667835314428,0.22797410801639667,0.8464955249859262,84.61889604435427,0.2560815376796491,0.19986667835314428,0.22797410801639667,0.8464955249859262,84.61889604435427,algorithm_native_internal_best_so_far.v1,true
noise001,pyoperon,27,150,150,1.0,0.2560815376796491,0.19986667835314428,0.22797410801639667,0.8464955249859262,84.62003146858532,0.2560815376796491,0.19986667835314428,0.22797410801639667,0.8464955249859262,84.62003146858532,algorithm_native_internal_best_so_far.v1,true
noise001,pyoperon,28,150,150,1.0,0.2560815376796491,0.19986667835314428,0.22797410801639667,0.8464955249859262,84.62108579108558,0.2560815376796491,0.19986667835314428,0.22797410801639667,0.8464955249859262,84.62108579108558,algorithm_native_internal_best_so_far.v1,true
noise001,pyoperon,29,150,150,1.0,0.2560815376796491,0.19986667835314428,0.22797410801639667,0.8464955249859262,84.62206740168928,0.2560815376796491,0.19986667835314428,0.22797410801639667,0.8464955249859262,84.62206740168928,algorithm_native_internal_best_so_far.v1,true
noise001,pyoperon,30,150,150,1.0,0.2560815376796491,0.19986667835314428,0.22797410801639667,0.8464955249859262,84.62298357158605,0.2560815376796491,0.19986667835314428,0.22797410801639667,0.8464955249859262,84.62298357158605,algorithm_native_internal_best_so_far.v1,true
noise001,pyoperon,31,150,150,1.0,0.2560815376796491,0.19986667835314428,0.22797410801639667,0.8464955249859262,84.62384063374755,0.2560815376796491,0.19986667835314428,0.22797410801639667,0.8464955249859262,84.62384063374755,algorithm_native_internal_best_so_far.v1,true
noise001,pyoperon,32,150,150,1.0,0.2560815376796491,0.19986667835314428,0.22797410801639667,0.8464955249859262,84.62464412952396,0.2560815376796491,0.19986667835314428,0.22797410801639667,0.8464955249859262,84.62464412952396,algorithm_native_internal_best_so_far.v1,true
noise001,pyoperon,33,150,150,1.0,0.2560815376796491,0.19986667835314428,0.22797410801639667,0.8464955249859262,84.62539892858665,0.2560815376796491,0.19986667835314428,0.22797410801639667,0.8464955249859262,84.62539892858665,algorithm_native_internal_best_so_far.v1,true
noise001,pyoperon,34,150,150,1.0,0.2560815376796491,0.19986667835314428,0.22797410801639667,0.8464955249859262,84.62610932770447,0.2560815376796491,0.19986667835314428,0.22797410801639667,0.8464955249859262,84.62610932770447,algorithm_native_internal_best_so_far.v1,true
noise001,pyoperon,35,150,150,1.0,0.2560815376796491,0.19986667835314428,0.22797410801639667,0.8464955249859262,84.62677913258699,0.2560815376796491,0.19986667835314428,0.22797410801639667,0.8464955249859262,84.62677913258699,algorithm_native_internal_best_so_far.v1,true
noise001,pyoperon,36,150,150,1.0,0.2560815376796491,0.19986667835314428,0.22797410801639667,0.8464955249859262,84.62741172608713,0.2560815376796491,0.19986667835314428,0.22797410801639667,0.8464955249859262,84.62741172608713,algorithm_native_internal_best_so_far.v1,true
noise001,pyoperon,37,150,150,1.0,0.2560815376796491,0.19986667835314428,0.22797410801639667,0.8464955249859262,84.62801012534405,0.2560815376796491,0.19986667835314428,0.22797410801639667,0.8464955249859262,84.62801012534405,algorithm_native_internal_best_so_far.v1,true
noise001,pyoperon,38,150,150,1.0,0.2560815376796491,0.19986667835314428,0.22797410801639667,0.8464955249859262,84.62857702990321,0.2560815376796491,0.19986667835314428,0.22797410801639667,0.8464955249859262,84.62857702990321,algorithm_native_internal_best_so_far.v1,true
noise001,pyoperon,39,150,150,1.0,0.2560815376796491,0.19986667835314428,0.22797410801639667,0.8464955249859262,84.62911486243371,0.2560815376796491,0.19986667835314428,0.22797410801639667,0.8464955249859262,84.62911486243371,algorithm_native_internal_best_so_far.v1,true
noise001,pyoperon,40,150,150,1.0,0.2560815376796491,0.19986667835314428,0.22797410801639667,0.8464955249859262,84.62962580333769,0.2560815376796491,0.19986667835314428,0.22797410801639667,0.8464955249859262,84.62962580333769,algorithm_native_internal_best_so_far.v1,true
noise001,pyoperon,41,150,150,1.0,0.2560815376796491,0.19986667835314428,0.22797410801639667,0.8464955249859262,84.63011182029511,0.2560815376796491,0.19986667835314428,0.22797410801639667,0.8464955249859262,84.63011182029511,algorithm_native_internal_best_so_far.v1,true
noise001,pyoperon,42,150,150,1.0,0.2560815376796491,0.19986667835314428,0.22797410801639667,0.8464955249859262,84.63057469358792,0.2560815376796491,0.19986667835314428,0.22797410801639667,0.8464955249859262,84.63057469358792,algorithm_native_internal_best_so_far.v1,true
noise001,pyoperon,43,150,150,1.0,0.2560815376796491,0.19986667835314428,0.22797410801639667,0.8464955249859262,84.63101603789035,0.2560815376796491,0.19986667835314428,0.22797410801639667,0.8464955249859262,84.63101603789035,algorithm_native_internal_best_so_far.v1,true
noise001,pyoperon,44,150,150,1.0,0.2560815376796491,0.19986667835314428,0.22797410801639667,0.8464955249859262,84.63143732108813,0.2560815376796491,0.19986667835314428,0.22797410801639667,0.8464955249859262,84.63143732108813,algorithm_native_internal_best_so_far.v1,true
noise001,pyoperon,45,150,150,1.0,0.2560815376796491,0.19986667835314428,0.22797410801639667,0.8464955249859262,84.63183988058823,0.2560815376796491,0.19986667835314428,0.22797410801639667,0.8464955249859262,84.63183988058823,algorithm_native_internal_best_so_far.v1,true
noise001,pyoperon,46,150,150,1.0,0.2560815376796491,0.19986667835314428,0.22797410801639667,0.8464955249859262,84.63222493750136,0.2560815376796491,0.19986667835314428,0.22797410801639667,0.8464955249859262,84.63222493750136,algorithm_native_internal_best_so_far.v1,true
noise001,pyoperon,47,150,150,1.0,0.2560815376796491,0.19986667835314428,0.22797410801639667,0.8464955249859262,84.63259360901394,0.2560815376796491,0.19986667835314428,0.22797410801639667,0.8464955249859262,84.63259360901394,algorithm_native_internal_best_so_far.v1,true
noise001,pyoperon,48,150,150,1.0,0.2560815376796491,0.19986667835314428,0.22797410801639667,0.8464955249859262,84.6329469192135,0.2560815376796491,0.19986667835314428,0.22797410801639667,0.8464955249859262,84.6329469192135,algorithm_native_internal_best_so_far.v1,true
noise001,pyoperon,49,150,150,1.0,0.2560815376796491,0.19986667835314428,0.22797410801639667,0.8464955249859262,84.63328580858858,0.2560815376796491,0.19986667835314428,0.22797410801639667,0.8464955249859262,84.63328580858858,algorithm_native_internal_best_so_far.v1,true
noise001,pyoperon,50,150,150,1.0,0.2560815376796491,0.19986667835314428,0.22797410801639667,0.8464955249859262,84.63361114238866,0.2560815376796491,0.19986667835314428,0.22797410801639667,0.8464955249859262,84.63361114238866,algorithm_native_internal_best_so_far.v1,true
noise001,pyoperon,51,150,150,1.0,0.2560815376796491,0.19986667835314428,0.22797410801639667,0.8464955249859262,84.6339237180005,0.2560815376796491,0.19986667835314428,0.22797410801639667,0.8464955249859262,84.6339237180005,algorithm_native_internal_best_so_far.v1,true
noise001,pyoperon,52,150,150,1.0,0.2560815376796491,0.19986667835314428,0.22797410801639667,0.8464955249859262,84.63422427147341,0.2560815376796491,0.19986667835314428,0.22797410801639667,0.8464955249859262,84.63422427147341,algorithm_native_internal_best_so_far.v1,true
noise001,pyoperon,53,150,150,1.0,0.2560815376796491,0.19986667835314428,0.22797410801639667,0.8464955249859262,84.63451348330587,0.2560815376796491,0.19986667835314428,0.22797410801639667,0.8464955249859262,84.63451348330587,algorithm_native_internal_best_so_far.v1,true
noise001,pyoperon,54,150,150,1.0,0.2560815376796491,0.19986667835314428,0.22797410801639667,0.8464955249859262,84.63479198358894,0.2560815376796491,0.19986667835314428,0.22797410801639667,0.8464955249859262,84.63479198358894,algorithm_native_internal_best_so_far.v1,true
noise001,pyoperon,55,150,150,1.0,0.2560815376796491,0.19986667835314428,0.22797410801639667,0.8464955249859262,84.63506035658902,0.2560815376796491,0.19986667835314428,0.22797410801639667,0.8464955249859262,84.63506035658902,algorithm_native_internal_best_so_far.v1,true
noise001,pyoperon,56,150,150,1.0,0.2560815376796491,0.19986667835314428,0.22797410801639667,0.8464955249859262,84.63531914483907,0.2560815376796491,0.19986667835314428,0.22797410801639667,0.8464955249859262,84.63531914483907,algorithm_native_internal_best_so_far.v1,true
noise001,pyoperon,57,150,150,1.0,0.2560815376796491,0.19986667835314428,0.22797410801639667,0.8464955249859262,84.63556885279966,0.2560815376796491,0.19986667835314428,0.22797410801639667,0.8464955249859262,84.63556885279966,algorithm_native_internal_best_so_far.v1,true
noise001,pyoperon,58,150,150,1.0,0.2560815376796491,0.19986667835314428,0.22797410801639667,0.8464955249859262,84.63580995014092,0.2560815376796491,0.19986667835314428,0.22797410801639667,0.8464955249859262,84.63580995014092,algorithm_native_internal_best_so_far.v1,true
noise001,pyoperon,59,150,150,1.0,0.2560815376796491,0.19986667835314428,0.22797410801639667,0.8464955249859262,84.63604287469096,0.2560815376796491,0.19986667835314428,0.22797410801639667,0.8464955249859262,84.63604287469096,algorithm_native_internal_best_so_far.v1,true
noise001,pyoperon,60,150,150,1.0,0.2560815376796491,0.19986667835314428,0.22797410801639667,0.8464955249859262,84.63626803508932,0.2560815376796491,0.19986667835314428,0.22797410801639667,0.8464955249859262,84.63626803508932,algorithm_native_internal_best_so_far.v1,true
noise001,pyoperon,61,150,150,1.0,0.2560815376796491,0.19986667835314428,0.22797410801639667,0.8464955249859262,84.63648581317953,0.2560815376796491,0.19986667835314428,0.22797410801639667,0.8464955249859262,84.63648581317953,algorithm_native_internal_best_so_far.v1,true
noise001,pyoperon,62,150,150,1.0,0.2560815376796491,0.19986667835314428,0.22797410801639667,0.8464955249859262,84.63669656617006,0.2560815376796491,0.19986667835314428,0.22797410801639667,0.8464955249859262,84.63669656617006,algorithm_native_internal_best_so_far.v1,true
noise001,pyoperon,63,150,150,1.0,0.2560815376796491,0.19986667835314428,0.22797410801639667,0.8464955249859262,84.63690062858947,0.2560815376796491,0.19986667835314428,0.22797410801639667,0.8464955249859262,84.63690062858947,algorithm_native_internal_best_so_far.v1,true
noise001,pyoperon,64,150,150,1.0,0.2560815376796491,0.19986667835314428,0.22797410801639667,0.8464955249859262,84.63709831405826,0.2560815376796491,0.19986667835314428,0.22797410801639667,0.8464955249859262,84.63709831405826,algorithm_native_internal_best_so_far.v1,true
noise001,pyoperon,65,150,150,1.0,0.2560815376796491,0.19986667835314428,0.22797410801639667,0.8464955249859262,84.63728991689726,0.2560815376796491,0.19986667835314428,0.22797410801639667,0.8464955249859262,84.63728991689726,algorithm_native_internal_best_so_far.v1,true
noise001,pyoperon,66,150,150,1.0,0.2560815376796491,0.19986667835314428,0.22797410801639667,0.8464955249859262,84.63747571358961,0.2560815376796491,0.19986667835314428,0.22797410801639667,0.8464955249859262,84.63747571358961,algorithm_native_internal_best_so_far.v1,true
noise001,pyoperon,67,150,150,1.0,0.2560815376796491,0.19986667835314428,0.22797410801639667,0.8464955249859262,84.63765596411204,0.2560815376796491,0.19986667835314428,0.22797410801639667,0.8464955249859262,84.63765596411204,algorithm_native_internal_best_so_far.v1,true
noise001,pyoperon,68,150,150,1.0,0.2560815376796491,0.19986667835314428,0.22797410801639667,0.8464955249859262,84.63783091314852,0.2560815376796491,0.19986667835314428,0.22797410801639667,0.8464955249859262,84.63783091314852,algorithm_native_internal_best_so_far.v1,true
noise001,pyoperon,69,150,150,1.0,0.2560815376796491,0.19986667835314428,0.22797410801639667,0.8464955249859262,84.63800079119844,0.2560815376796491,0.19986667835314428,0.22797410801639667,0.8464955249859262,84.63800079119844,algorithm_native_internal_best_so_far.v1,true
noise001,pyoperon,70,150,150,1.0,0.2560815376796491,0.19986667835314428,0.22797410801639667,0.8464955249859262,84.63816581558977,0.2560815376796491,0.19986667835314428,0.22797410801639667,0.8464955249859262,84.63816581558977,algorithm_native_internal_best_so_far.v1,true
noise001,pyoperon,71,150,150,1.0,0.2560815376796491,0.19986667835314428,0.22797410801639667,0.8464955249859262,84.63832619140672,0.2560815376796491,0.19986667835314428,0.22797410801639667,0.8464955249859262,84.63832619140672,algorithm_native_internal_best_so_far.v1,true
noise001,pyoperon,72,150,150,1.0,0.2560815376796491,0.19986667835314428,0.22797410801639667,0.8464955249859262,84.63848211233986,0.2560815376796491,0.19986667835314428,0.22797410801639667,0.8464955249859262,84.63848211233986,algorithm_native_internal_best_so_far.v1,true
noise001,pyoperon,73,150,150,1.0,0.2560815376796491,0.19986667835314428,0.22797410801639667,0.8464955249859262,84.63863376146661,0.2560815376796491,0.19986667835314428,0.22797410801639667,0.8464955249859262,84.63863376146661,algorithm_native_internal_best_so_far.v1,true
noise001,pyoperon,74,150,150,1.0,0.2560815376796491,0.19986667835314428,0.22797410801639667,0.8464955249859262,84.6387813119683,0.2560815376796491,0.19986667835314428,0.22797410801639667,0.8464955249859262,84.6387813119683,algorithm_native_internal_best_so_far.v1,true
noise001,pyoperon,75,150,150,1.0,0.2560815376796491,0.19986667835314428,0.22797410801639667,0.8464955249859262,84.63892492778997,0.2560815376796491,0.19986667835314428,0.22797410801639667,0.8464955249859262,84.63892492778997,algorithm_native_internal_best_so_far.v1,true
noise001,pyoperon,76,150,150,1.0,0.2560815376796491,0.19986667835314428,0.22797410801639667,0.8464955249859262,84.6390647642479,0.2560815376796491,0.19986667835314428,0.22797410801639667,0.8464955249859262,84.6390647642479,algorithm_native_internal_best_so_far.v1,true
noise001,pyoperon,77,150,150,1.0,0.2560815376796491,0.19986667835314428,0.22797410801639667,0.8464955249859262,84.63920096859005,0.2560815376796491,0.19986667835314428,0.22797410801639667,0.8464955249859262,84.63920096859005,algorithm_native_internal_best_so_far.v1,true
noise001,pyoperon,78,150,150,1.0,0.2560815376796491,0.19986667835314428,0.22797410801639667,0.8464955249859262,84.63933368051315,0.2560815376796491,0.19986667835314428,0.22797410801639667,0.8464955249859262,84.63933368051315,algorithm_native_internal_best_so_far.v1,true
noise001,pyoperon,79,150,150,1.0,0.2560815376796491,0.19986667835314428,0.22797410801639667,0.8464955249859262,84.63946303264075,0.2560815376796491,0.19986667835314428,0.22797410801639667,0.8464955249859262,84.63946303264075,algorithm_native_internal_best_so_far.v1,true
noise001,pyoperon,80,150,150,1.0,0.2560815376796491,0.19986667835314428,0.22797410801639667,0.8464955249859262,84.63958915096514,0.2560815376796491,0.19986667835314428,0.22797410801639667,0.8464955249859262,84.63958915096514,algorithm_native_internal_best_so_far.v1,true
noise001,pyoperon,81,150,150,1.0,0.2560815376796491,0.19986667835314428,0.22797410801639667,0.8464955249859262,84.63971215525684,0.2560815376796491,0.19986667835314428,0.22797410801639667,0.8464955249859262,84.63971215525684,algorithm_native_internal_best_so_far.v1,true
noise001,pyoperon,82,150,150,1.0,0.2560815376796491,0.19986667835314428,0.22797410801639667,0.8464955249859262,84.63983215944386,0.2560815376796491,0.19986667835314428,0.22797410801639667,0.8464955249859262,84.63983215944386,algorithm_native_internal_best_so_far.v1,true
noise001,pyoperon,83,150,150,1.0,0.2560815376796491,0.19986667835314428,0.22797410801639667,0.8464955249859262,84.63994927196373,0.2560815376796491,0.19986667835314428,0.22797410801639667,0.8464955249859262,84.63994927196373,algorithm_native_internal_best_so_far.v1,true
noise001,pyoperon,84,150,150,1.0,0.2560815376796491,0.19986667835314428,0.22797410801639667,0.8464955249859262,84.64006359609026,0.2560815376796491,0.19986667835314428,0.22797410801639667,0.8464955249859262,84.64006359609026,algorithm_native_internal_best_so_far.v1,true
noise001,pyoperon,85,150,150,1.0,0.2560815376796491,0.19986667835314428,0.22797410801639667,0.8464955249859262,84.64017523023735,0.2560815376796491,0.19986667835314428,0.22797410801639667,0.8464955249859262,84.64017523023735,algorithm_native_internal_best_so_far.v1,true
noise001,pyoperon,86,150,150,1.0,0.2560815376796491,0.19986667835314428,0.22797410801639667,0.8464955249859262,84.64028426824147,0.2560815376796491,0.19986667835314428,0.22797410801639667,0.8464955249859262,84.64028426824147,algorithm_native_internal_best_so_far.v1,true
noise001,pyoperon,87,150,150,1.0,0.2560815376796491,0.19986667835314428,0.22797410801639667,0.8464955249859262,84.64039079962483,0.2560815376796491,0.19986667835314428,0.22797410801639667,0.8464955249859262,84.64039079962483,algorithm_native_internal_best_so_far.v1,true
noise001,pyoperon,88,150,150,1.0,0.2560815376796491,0.19986667835314428,0.22797410801639667,0.8464955249859262,84.64049490984036,0.2560815376796491,0.19986667835314428,0.22797410801639667,0.8464955249859262,84.64049490984036,algorithm_native_internal_best_so_far.v1,true
noise001,pyoperon,89,150,150,1.0,0.2560815376796491,0.19986667835314428,0.22797410801639667,0.8464955249859262,84.64059668050051,0.2560815376796491,0.19986667835314428,0.22797410801639667,0.8464955249859262,84.64059668050051,algorithm_native_internal_best_so_far.v1,true
noise001,pyoperon,90,150,150,1.0,0.2560815376796491,0.19986667835314428,0.22797410801639667,0.8464955249859262,84.64069618959041,0.2560815376796491,0.19986667835314428,0.22797410801639667,0.8464955249859262,84.64069618959041,algorithm_native_internal_best_so_far.v1,true
noise001,pyoperon,91,150,150,1.0,0.2560815376796491,0.19986667835314428,0.22797410801639667,0.8464955249859262,84.64079351166737,0.2560815376796491,0.19986667835314428,0.22797410801639667,0.8464955249859262,84.64079351166737,algorithm_native_internal_best_so_far.v1,true
noise001,pyoperon,92,150,150,1.0,0.2560815376796491,0.19986667835314428,0.22797410801639667,0.8464955249859262,84.64088871804698,0.2560815376796491,0.19986667835314428,0.22797410801639667,0.8464955249859262,84.64088871804698,algorithm_native_internal_best_so_far.v1,true
noise001,pyoperon,93,150,150,1.0,0.2560815376796491,0.19986667835314428,0.22797410801639667,0.8464955249859262,84.64098187697758,0.2560815376796491,0.19986667835314428,0.22797410801639667,0.8464955249859262,84.64098187697758,algorithm_native_internal_best_so_far.v1,true
noise001,pyoperon,94,150,150,1.0,0.2560815376796491,0.19986667835314428,0.22797410801639667,0.8464955249859262,84.64107305380327,0.2560815376796491,0.19986667835314428,0.22797410801639667,0.8464955249859262,84.64107305380327,algorithm_native_internal_best_so_far.v1,true
noise001,pyoperon,95,150,150,1.0,0.2560815376796491,0.19986667835314428,0.22797410801639667,0.8464955249859262,84.64116231111684,0.2560815376796491,0.19986667835314428,0.22797410801639667,0.8464955249859262,84.64116231111684,algorithm_native_internal_best_so_far.v1,true
noise001,pyoperon,96,150,150,1.0,0.2560815376796491,0.19986667835314428,0.22797410801639667,0.8464955249859262,84.64124970890305,0.2560815376796491,0.19986667835314428,0.22797410801639667,0.8464955249859262,84.64124970890305,algorithm_native_internal_best_so_far.v1,true
noise001,pyoperon,97,150,150,1.0,0.2560815376796491,0.19986667835314428,0.22797410801639667,0.8464955249859262,84.64133530467305,0.2560815376796491,0.19986667835314428,0.22797410801639667,0.8464955249859262,84.64133530467305,algorithm_native_internal_best_so_far.v1,true
noise001,pyoperon,98,150,150,1.0,0.2560815376796491,0.19986667835314428,0.22797410801639667,0.8464955249859262,84.6414191535906,0.2560815376796491,0.19986667835314428,0.22797410801639667,0.8464955249859262,84.6414191535906,algorithm_native_internal_best_so_far.v1,true
noise001,pyoperon,99,150,150,1.0,0.2560815376796491,0.19986667835314428,0.22797410801639667,0.8464955249859262,84.6415013085906,0.2560815376796491,0.19986667835314428,0.22797410801639667,0.8464955249859262,84.6415013085906,algorithm_native_internal_best_so_far.v1,true
noise001,pyoperon,100,150,150,1.0,0.2560815376796491,0.19986667835314428,0.22797410801639667,0.8464955249859262,84.64158182049063,0.2560815376796491,0.19986667835314428,0.22797410801639667,0.8464955249859262,84.64158182049063,algorithm_native_internal_best_so_far.v1,true
noise001,pyoperon,101,150,150,1.0,0.2560815376796491,0.19986667835314428,0.22797410801639667,0.8464955249859262,84.64166073809561,0.2560815376796491,0.19986667835314428,0.22797410801639667,0.8464955249859262,84.64166073809561,algorithm_native_internal_best_so_far.v1,true
noise001,pyoperon,102,150,150,1.0,0.2560815376796491,0.19986667835314428,0.22797410801639667,0.8464955249859262,84.64173810829656,0.2560815376796491,0.19986667835314428,0.22797410801639667,0.8464955249859262,84.64173810829656,algorithm_native_internal_best_so_far.v1,true
noise001,pyoperon,103,150,150,1.0,0.2560815376796491,0.19986667835314428,0.22797410801639667,0.8464955249859262,84.64181397616349,0.2560815376796491,0.19986667835314428,0.22797410801639667,0.8464955249859262,84.64181397616349,algorithm_native_internal_best_so_far.v1,true
noise001,pyoperon,104,150,150,1.0,0.2560815376796491,0.19986667835314428,0.22797410801639667,0.8464955249859262,84.64188838503301,0.2560815376796491,0.19986667835314428,0.22797410801639667,0.8464955249859262,84.64188838503301,algorithm_native_internal_best_so_far.v1,true
noise001,pyoperon,105,150,150,1.0,0.2560815376796491,0.19986667835314428,0.22797410801639667,0.8464955249859262,84.64196137659073,0.2560815376796491,0.19986667835314428,0.22797410801639667,0.8464955249859262,84.64196137659073,algorithm_native_internal_best_so_far.v1,true
noise001,pyoperon,106,150,150,1.0,0.2560815376796491,0.19986667835314428,0.22797410801639667,0.8464955249859262,84.64203299094923,0.2560815376796491,0.19986667835314428,0.22797410801639667,0.8464955249859262,84.64203299094923,algorithm_native_internal_best_so_far.v1,true
noise001,pyoperon,107,150,150,1.0,0.2560815376796491,0.19986667835314428,0.22797410801639667,0.8464955249859262,84.64210326672159,0.2560815376796491,0.19986667835314428,0.22797410801639667,0.8464955249859262,84.64210326672159,algorithm_native_internal_best_so_far.v1,true
noise001,pyoperon,108,150,150,1.0,0.2560815376796491,0.19986667835314428,0.22797410801639667,0.8464955249859262,84.64217224109078,0.2560815376796491,0.19986667835314428,0.22797410801639667,0.8464955249859262,84.64217224109078,algorithm_native_internal_best_so_far.v1,true
noise001,pyoperon,109,150,150,1.0,0.2560815376796491,0.19986667835314428,0.22797410801639667,0.8464955249859262,84.6422399498752,0.2560815376796491,0.19986667835314428,0.22797410801639667,0.8464955249859262,84.6422399498752,algorithm_native_internal_best_so_far.v1,true
noise001,pyoperon,110,150,150,1.0,0.2560815376796491,0.19986667835314428,0.22797410801639667,0.8464955249859262,84.64230642759081,0.2560815376796491,0.19986667835314428,0.22797410801639667,0.8464955249859262,84.64230642759081,algorithm_native_internal_best_so_far.v1,true
noise001,pyoperon,111,150,150,1.0,0.2560815376796491,0.19986667835314428,0.22797410801639667,0.8464955249859262,84.64237170750974,0.2560815376796491,0.19986667835314428,0.22797410801639667,0.8464955249859262,84.64237170750974,algorithm_native_internal_best_so_far.v1,true
noise001,pyoperon,112,150,150,1.0,0.2560815376796491,0.19986667835314428,0.22797410801639667,0.8464955249859262,84.64243582171584,0.2560815376796491,0.19986667835314428,0.22797410801639667,0.8464955249859262,84.64243582171584,algorithm_native_internal_best_so_far.v1,true
noise001,pyoperon,113,150,150,1.0,0.2560815376796491,0.19986667835314428,0.22797410801639667,0.8464955249859262,84.64249880115723,0.2560815376796491,0.19986667835314428,0.22797410801639667,0.8464955249859262,84.64249880115723,algorithm_native_internal_best_so_far.v1,true
noise001,pyoperon,114,150,150,1.0,0.2560815376796491,0.19986667835314428,0.22797410801639667,0.8464955249859262,84.64256067569615,0.2560815376796491,0.19986667835314428,0.22797410801639667,0.8464955249859262,84.64256067569615,algorithm_native_internal_best_so_far.v1,true
noise001,pyoperon,115,150,150,1.0,0.2560815376796491,0.19986667835314428,0.22797410801639667,0.8464955249859262,84.6426214741561,0.2560815376796491,0.19986667835314428,0.22797410801639667,0.8464955249859262,84.6426214741561,algorithm_native_internal_best_so_far.v1,true
noise001,pyoperon,116,150,150,1.0,0.2560815376796491,0.19986667835314428,0.22797410801639667,0.8464955249859262,84.64268122436675,0.2560815376796491,0.19986667835314428,0.22797410801639667,0.8464955249859262,84.64268122436675,algorithm_native_internal_best_so_far.v1,true
noise001,pyoperon,117,150,150,1.0,0.2560815376796491,0.19986667835314428,0.22797410801639667,0.8464955249859262,84.6427399532063,0.2560815376796491,0.19986667835314428,0.22797410801639667,0.8464955249859262,84.6427399532063,algorithm_native_internal_best_so_far.v1,true
noise001,pyoperon,118,150,150,1.0,0.2560815376796491,0.19986667835314428,0.22797410801639667,0.8464955249859262,84.64279768664179,0.2560815376796491,0.19986667835314428,0.22797410801639667,0.8464955249859262,84.64279768664179,algorithm_native_internal_best_so_far.v1,true
noise001,pyoperon,119,150,150,1.0,0.2560815376796491,0.19986667835314428,0.22797410801639667,0.8464955249859262,84.64285444976741,0.2560815376796491,0.19986667835314428,0.22797410801639667,0.8464955249859262,84.64285444976741,algorithm_native_internal_best_so_far.v1,true
noise001,pyoperon,120,150,150,1.0,0.2560815376796491,0.19986667835314428,0.22797410801639667,0.8464955249859262,84.64291026684096,0.2560815376796491,0.19986667835314428,0.22797410801639667,0.8464955249859262,84.64291026684096,algorithm_native_internal_best_so_far.v1,true
noise001,pyoperon,121,150,150,1.0,0.2560815376796491,0.19986667835314428,0.22797410801639667,0.8464955249859262,84.64296516131824,0.2560815376796491,0.19986667835314428,0.22797410801639667,0.8464955249859262,84.64296516131824,algorithm_native_internal_best_so_far.v1,true
noise001,pyoperon,122,150,150,1.0,0.2560815376796491,0.19986667835314428,0.22797410801639667,0.8464955249859262,84.64301915588607,0.2560815376796491,0.19986667835314428,0.22797410801639667,0.8464955249859262,84.64301915588607,algorithm_native_internal_best_so_far.v1,true
noise001,pyoperon,123,150,150,1.0,0.2560815376796491,0.19986667835314428,0.22797410801639667,0.8464955249859262,84.64307227249343,0.2560815376796491,0.19986667835314428,0.22797410801639667,0.8464955249859262,84.64307227249343,algorithm_native_internal_best_so_far.v1,true
noise001,pyoperon,124,150,150,1.0,0.2560815376796491,0.19986667835314428,0.22797410801639667,0.8464955249859262,84.64312453238134,0.2560815376796491,0.19986667835314428,0.22797410801639667,0.8464955249859262,84.64312453238134,algorithm_native_internal_best_so_far.v1,true
noise001,pyoperon,125,150,150,1.0,0.2560815376796491,0.19986667835314428,0.22797410801639667,0.8464955249859262,84.64317595611102,0.2560815376796491,0.19986667835314428,0.22797410801639667,0.8464955249859262,84.64317595611102,algorithm_native_internal_best_so_far.v1,true
noise001,pyoperon,126,150,150,1.0,0.2560815376796491,0.19986667835314428,0.22797410801639667,0.8464955249859262,84.64322656359104,0.2560815376796491,0.19986667835314428,0.22797410801639667,0.8464955249859262,84.64322656359104,algorithm_native_internal_best_so_far.v1,true
noise001,pyoperon,127,150,150,1.0,0.2560815376796491,0.19986667835314428,0.22797410801639667,0.8464955249859262,84.64327637410285,0.2560815376796491,0.19986667835314428,0.22797410801639667,0.8464955249859262,84.64327637410285,algorithm_native_internal_best_so_far.v1,true
noise001,pyoperon,128,150,150,1.0,0.2560815376796491,0.19986667835314428,0.22797410801639667,0.8464955249859262,84.64332540632543,0.2560815376796491,0.19986667835314428,0.22797410801639667,0.8464955249859262,84.64332540632543,algorithm_native_internal_best_so_far.v1,true
noise001,pyoperon,129,150,150,1.0,0.2560815376796491,0.19986667835314428,0.22797410801639667,0.8464955249859262,84.64337367835851,0.2560815376796491,0.19986667835314428,0.22797410801639667,0.8464955249859262,84.64337367835851,algorithm_native_internal_best_so_far.v1,true
noise001,pyoperon,130,150,150,1.0,0.2560815376796491,0.19986667835314428,0.22797410801639667,0.8464955249859262,84.64342120774494,0.2560815376796491,0.19986667835314428,0.22797410801639667,0.8464955249859262,84.64342120774494,algorithm_native_internal_best_so_far.v1,true
noise001,pyoperon,131,150,150,1.0,0.2560815376796491,0.19986667835314428,0.22797410801639667,0.8464955249859262,84.64346801149185,0.2560815376796491,0.19986667835314428,0.22797410801639667,0.8464955249859262,84.64346801149185,algorithm_native_internal_best_so_far.v1,true
noise001,pyoperon,132,150,150,1.0,0.2560815376796491,0.19986667835314428,0.22797410801639667,0.8464955249859262,84.6435141060911,0.2560815376796491,0.19986667835314428,0.22797410801639667,0.8464955249859262,84.6435141060911,algorithm_native_internal_best_so_far.v1,true
noise001,pyoperon,133,150,150,1.0,0.2560815376796491,0.19986667835314428,0.22797410801639667,0.8464955249859262,84.64355950753848,0.2560815376796491,0.19986667835314428,0.22797410801639667,0.8464955249859262,84.64355950753848,algorithm_native_internal_best_so_far.v1,true
noise001,pyoperon,134,150,150,1.0,0.2560815376796491,0.19986667835314428,0.22797410801639667,0.8464955249859262,84.64360423135233,0.2560815376796491,0.19986667835314428,0.22797410801639667,0.8464955249859262,84.64360423135233,algorithm_native_internal_best_so_far.v1,true
noise001,pyoperon,135,150,150,1.0,0.2560815376796491,0.19986667835314428,0.22797410801639667,0.8464955249859262,84.64364829259114,0.2560815376796491,0.19986667835314428,0.22797410801639667,0.8464955249859262,84.64364829259114,algorithm_native_internal_best_so_far.v1,true
noise001,pyoperon,136,150,150,1.0,0.2560815376796491,0.19986667835314428,0.22797410801639667,0.8464955249859262,84.64369170587055,0.2560815376796491,0.19986667835314428,0.22797410801639667,0.8464955249859262,84.64369170587055,algorithm_native_internal_best_so_far.v1,true
noise001,pyoperon,137,150,150,1.0,0.2560815376796491,0.19986667835314428,0.22797410801639667,0.8464955249859262,84.64373448537948,0.2560815376796491,0.19986667835314428,0.22797410801639667,0.8464955249859262,84.64373448537948,algorithm_native_internal_best_so_far.v1,true
noise001,pyoperon,138,150,150,1.0,0.2560815376796491,0.19986667835314428,0.22797410801639667,0.8464955249859262,84.64377664489552,0.2560815376796491,0.19986667835314428,0.22797410801639667,0.8464955249859262,84.64377664489552,algorithm_native_internal_best_so_far.v1,true
noise001,pyoperon,139,150,150,1.0,0.2560815376796491,0.19986667835314428,0.22797410801639667,0.8464955249859262,84.6438181977998,0.2560815376796491,0.19986667835314428,0.22797410801639667,0.8464955249859262,84.6438181977998,algorithm_native_internal_best_so_far.v1,true
noise001,pyoperon,140,150,150,1.0,0.2560815376796491,0.19986667835314428,0.22797410801639667,0.8464955249859262,84.64385915709119,0.2560815376796491,0.19986667835314428,0.22797410801639667,0.8464955249859262,84.64385915709119,algorithm_native_internal_best_so_far.v1,true
noise001,pyoperon,141,150,150,1.0,0.2560815376796491,0.19986667835314428,0.22797410801639667,0.8464955249859262,84.64389953539971,0.2560815376796491,0.19986667835314428,0.22797410801639667,0.8464955249859262,84.64389953539971,algorithm_native_internal_best_so_far.v1,true
noise001,pyoperon,142,150,150,1.0,0.2560815376796491,0.19986667835314428,0.22797410801639667,0.8464955249859262,84.64393934499967,0.2560815376796491,0.19986667835314428,0.22797410801639667,0.8464955249859262,84.64393934499967,algorithm_native_internal_best_so_far.v1,true
noise001,pyoperon,143,150,150,1.0,0.2560815376796491,0.19986667835314428,0.22797410801639667,0.8464955249859262,84.64397859782198,0.2560815376796491,0.19986667835314428,0.22797410801639667,0.8464955249859262,84.64397859782198,algorithm_native_internal_best_so_far.v1,true
noise001,pyoperon,144,150,150,1.0,0.2560815376796491,0.19986667835314428,0.22797410801639667,0.8464955249859262,84.64401730546622,0.2560815376796491,0.19986667835314428,0.22797410801639667,0.8464955249859262,84.64401730546622,algorithm_native_internal_best_so_far.v1,true
noise001,pyoperon,145,150,150,1.0,0.2560815376796491,0.19986667835314428,0.22797410801639667,0.8464955249859262,84.64405547921193,0.2560815376796491,0.19986667835314428,0.22797410801639667,0.8464955249859262,84.64405547921193,algorithm_native_internal_best_so_far.v1,true
noise001,pyoperon,146,150,150,1.0,0.2560815376796491,0.19986667835314428,0.22797410801639667,0.8464955249859262,84.6440931300296,0.2560815376796491,0.19986667835314428,0.22797410801639667,0.8464955249859262,84.6440931300296,algorithm_native_internal_best_so_far.v1,true
noise001,pyoperon,147,150,150,1.0,0.2560815376796491,0.19986667835314428,0.22797410801639667,0.8464955249859262,84.64413026859125,0.2560815376796491,0.19986667835314428,0.22797410801639667,0.8464955249859262,84.64413026859125,algorithm_native_internal_best_so_far.v1,true
noise001,pyoperon,148,150,150,1.0,0.2560815376796491,0.19986667835314428,0.22797410801639667,0.8464955249859262,84.64416690528046,0.2560815376796491,0.19986667835314428,0.22797410801639667,0.8464955249859262,84.64416690528046,algorithm_native_internal_best_so_far.v1,true
noise001,pyoperon,149,150,150,1.0,0.2560815376796491,0.19986667835314428,0.22797410801639667,0.8464955249859262,84.64420305020201,0.2560815376796491,0.19986667835314428,0.22797410801639667,0.8464955249859262,84.64420305020201,algorithm_native_internal_best_so_far.v1,true
noise001,pyoperon,150,150,150,1.0,0.2560815376796491,0.19986667835314428,0.22797410801639667,0.8464955249859262,84.64423871319129,0.2560815376796491,0.19986667835314428,0.22797410801639667,0.8464955249859262,84.64423871319129,algorithm_native_internal_best_so_far.v1,true
noise001,pyoperon,151,150,150,1.0,0.2560815376796491,0.19986667835314428,0.22797410801639667,0.8464955249859262,84.64427390382308,0.2560815376796491,0.19986667835314428,0.22797410801639667,0.8464955249859262,84.64427390382308,algorithm_native_internal_best_so_far.v1,true
noise001,pyoperon,152,150,150,1.0,0.2560815376796491,0.19986667835314428,0.22797410801639667,0.8464955249859262,84.64430863142026,0.2560815376796491,0.19986667835314428,0.22797410801639667,0.8464955249859262,84.64430863142026,algorithm_native_internal_best_so_far.v1,true
noise001,pyoperon,153,150,150,1.0,0.2560815376796491,0.19986667835314428,0.22797410801639667,0.8464955249859262,84.6443429050619,0.2560815376796491,0.19986667835314428,0.22797410801639667,0.8464955249859262,84.6443429050619,algorithm_native_internal_best_so_far.v1,true
noise001,pyoperon,154,150,150,1.0,0.2560815376796491,0.19986667835314428,0.22797410801639667,0.8464955249859262,84.64437673359132,0.2560815376796491,0.19986667835314428,0.22797410801639667,0.8464955249859262,84.64437673359132,algorithm_native_internal_best_so_far.v1,true
noise001,pyoperon,155,150,150,1.0,0.2560815376796491,0.19986667835314428,0.22797410801639667,0.8464955249859262,84.6444101256236,0.2560815376796491,0.19986667835314428,0.22797410801639667,0.8464955249859262,84.6444101256236,algorithm_native_internal_best_so_far.v1,true
noise001,pyoperon,156,150,150,1.0,0.2560815376796491,0.19986667835314428,0.22797410801639667,0.8464955249859262,84.64444308955288,0.2560815376796491,0.19986667835314428,0.22797410801639667,0.8464955249859262,84.64444308955288,algorithm_native_internal_best_so_far.v1,true
noise001,pyoperon,157,150,150,1.0,0.2560815376796491,0.19986667835314428,0.22797410801639667,0.8464955249859262,84.64447563355951,0.2560815376796491,0.19986667835314428,0.22797410801639667,0.8464955249859262,84.64447563355951,algorithm_native_internal_best_so_far.v1,true
noise001,pyoperon,158,150,150,1.0,0.2560815376796491,0.19986667835314428,0.22797410801639667,0.8464955249859262,84.64450776561667,0.2560815376796491,0.19986667835314428,0.22797410801639667,0.8464955249859262,84.64450776561667,algorithm_native_internal_best_so_far.v1,true
noise001,pyoperon,159,150,150,1.0,0.2560815376796491,0.19986667835314428,0.22797410801639667,0.8464955249859262,84.64453949349702,0.2560815376796491,0.19986667835314428,0.22797410801639667,0.8464955249859262,84.64453949349702,algorithm_native_internal_best_so_far.v1,true
noise001,pyoperon,160,150,150,1.0,0.2560815376796491,0.19986667835314428,0.22797410801639667,0.8464955249859262,84.64457082477887,0.2560815376796491,0.19986667835314428,0.22797410801639667,0.8464955249859262,84.64457082477887,algorithm_native_internal_best_so_far.v1,true
noise001,pyoperon,161,150,150,1.0,0.2560815376796491,0.19986667835314428,0.22797410801639667,0.8464955249859262,84.64460176685225,0.2560815376796491,0.19986667835314428,0.22797410801639667,0.8464955249859262,84.64460176685225,algorithm_native_internal_best_so_far.v1,true
noise001,pyoperon,162,150,150,1.0,0.2560815376796491,0.19986667835314428,0.22797410801639667,0.8464955249859262,84.64463232692472,0.2560815376796491,0.19986667835314428,0.22797410801639667,0.8464955249859262,84.64463232692472,algorithm_native_internal_best_so_far.v1,true
noise001,pyoperon,163,150,150,1.0,0.2560815376796491,0.19986667835314428,0.22797410801639667,0.8464955249859262,84.64466251202697,0.2560815376796491,0.19986667835314428,0.22797410801639667,0.8464955249859262,84.64466251202697,algorithm_native_internal_best_so_far.v1,true
noise001,pyoperon,164,150,150,1.0,0.2560815376796491,0.19986667835314428,0.22797410801639667,0.8464955249859262,84.64469232901823,0.2560815376796491,0.19986667835314428,0.22797410801639667,0.8464955249859262,84.64469232901823,algorithm_native_internal_best_so_far.v1,true
noise001,pyoperon,165,150,150,1.0,0.2560815376796491,0.19986667835314428,0.22797410801639667,0.8464955249859262,84.64472178459141,0.2560815376796491,0.19986667835314428,0.22797410801639667,0.8464955249859262,84.64472178459141,algorithm_native_internal_best_so_far.v1,true
noise001,pyoperon,166,150,150,1.0,0.2560815376796491,0.19986667835314428,0.22797410801639667,0.8464955249859262,84.64475088527816,0.2560815376796491,0.19986667835314428,0.22797410801639667,0.8464955249859262,84.64475088527816,algorithm_native_internal_best_so_far.v1,true
noise001,pyoperon,167,150,150,1.0,0.2560815376796491,0.19986667835314428,0.22797410801639667,0.8464955249859262,84.6447796374537,0.2560815376796491,0.19986667835314428,0.22797410801639667,0.8464955249859262,84.6447796374537,algorithm_native_internal_best_so_far.v1,true
noise001,pyoperon,168,150,150,1.0,0.2560815376796491,0.19986667835314428,0.22797410801639667,0.8464955249859262,84.64480804734143,0.2560815376796491,0.19986667835314428,0.22797410801639667,0.8464955249859262,84.64480804734143,algorithm_native_internal_best_so_far.v1,true
noise001,pyoperon,169,150,150,1.0,0.2560815376796491,0.19986667835314428,0.22797410801639667,0.8464955249859262,84.64483612101748,0.2560815376796491,0.19986667835314428,0.22797410801639667,0.8464955249859262,84.64483612101748,algorithm_native_internal_best_so_far.v1,true
noise001,pyoperon,170,150,150,1.0,0.2560815376796491,0.19986667835314428,0.22797410801639667,0.8464955249859262,84.64486386441497,0.2560815376796491,0.19986667835314428,0.22797410801639667,0.8464955249859262,84.64486386441497,algorithm_native_internal_best_so_far.v1,true
noise001,pyoperon,171,150,150,1.0,0.2560815376796491,0.19986667835314428,0.22797410801639667,0.8464955249859262,84.64489128332829,0.2560815376796491,0.19986667835314428,0.22797410801639667,0.8464955249859262,84.64489128332829,algorithm_native_internal_best_so_far.v1,true
noise001,pyoperon,172,150,150,1.0,0.2560815376796491,0.19986667835314428,0.22797410801639667,0.8464955249859262,84.64491838341704,0.2560815376796491,0.19986667835314428,0.22797410801639667,0.8464955249859262,84.64491838341704,algorithm_native_internal_best_so_far.v1,true
noise001,pyoperon,173,150,150,1.0,0.2560815376796491,0.19986667835314428,0.22797410801639667,0.8464955249859262,84.64494517020997,0.2560815376796491,0.19986667835314428,0.22797410801639667,0.8464955249859262,84.64494517020997,algorithm_native_internal_best_so_far.v1,true
noise001,pyoperon,174,150,150,1.0,0.2560815376796491,0.19986667835314428,0.22797410801639667,0.8464955249859262,84.64497164910871,0.2560815376796491,0.19986667835314428,0.22797410801639667,0.8464955249859262,84.64497164910871,algorithm_native_internal_best_so_far.v1,true
noise001,pyoperon,175,150,150,1.0,0.2560815376796491,0.19986667835314428,0.22797410801639667,0.8464955249859262,84.64499782539147,0.2560815376796491,0.19986667835314428,0.22797410801639667,0.8464955249859262,84.64499782539147,algorithm_native_internal_best_so_far.v1,true
noise001,pyoperon,176,150,150,1.0,0.2560815376796491,0.19986667835314428,0.22797410801639667,0.8464955249859262,84.64502370421648,0.2560815376796491,0.19986667835314428,0.22797410801639667,0.8464955249859262,84.64502370421648,algorithm_native_internal_best_so_far.v1,true
noise001,pyoperon,177,150,150,1.0,0.2560815376796491,0.19986667835314428,0.22797410801639667,0.8464955249859262,84.6450492906254,0.2560815376796491,0.19986667835314428,0.22797410801639667,0.8464955249859262,84.6450492906254,algorithm_native_internal_best_so_far.v1,true
noise001,pyoperon,178,150,150,1.0,0.2560815376796491,0.19986667835314428,0.22797410801639667,0.8464955249859262,84.64507458954655,0.2560815376796491,0.19986667835314428,0.22797410801639667,0.8464955249859262,84.64507458954655,algorithm_native_internal_best_so_far.v1,true
noise001,pyoperon,179,150,150,1.0,0.2560815376796491,0.19986667835314428,0.22797410801639667,0.8464955249859262,84.64509960579821,0.2560815376796491,0.19986667835314428,0.22797410801639667,0.8464955249859262,84.64509960579821,algorithm_native_internal_best_so_far.v1,true
noise001,pyoperon,180,150,150,1.0,0.2560815376796491,0.19986667835314428,0.22797410801639667,0.8464955249859262,84.64512434409151,0.2560815376796491,0.19986667835314428,0.22797410801639667,0.8464955249859262,84.64512434409151,algorithm_native_internal_best_so_far.v1,true
noise001,pysr,1,150,150,1.0,0.16372746426933002,0.1420005191910851,0.1528639917302076,0.3357705616959435,33.57705616959435,0.16372746426933002,0.1420005191910851,0.1528639917302076,0.3357705616959435,33.57705616959435,algorithm_native_internal_best_so_far.v1,true
noise001,pysr,2,150,150,1.0,0.23472592310802984,0.20135669965135816,0.21804131137969407,0.46019836977270245,39.7984465734323,0.23472592310802984,0.20135669965135816,0.21804131137969407,0.46019836977270245,39.7984465734323,algorithm_native_internal_best_so_far.v1,true
noise001,pysr,3,150,150,1.0,0.27142547494270514,0.2304647459801566,0.2509451104614309,0.523744885329353,43.990460559933304,0.27142547494270514,0.2304647459801566,0.2509451104614309,0.523744885329353,43.990460559933304,algorithm_native_internal_best_so_far.v1,true
noise001,pysr,4,150,150,1.0,0.2938143896485859,0.25423708540384055,0.2740257375262133,0.5520390555422914,46.79382180850726,0.2938143896485859,0.25423708540384055,0.2740257375262133,0.5520390555422914,46.79382180850726,algorithm_native_internal_best_so_far.v1,true
noise001,pysr,5,150,150,1.0,0.32216449063593433,0.28061147138514303,0.3013879810105386,0.5964552755198979,49.36416295720376,0.32216449063593433,0.28061147138514303,0.3013879810105386,0.5964552755198979,49.36416295720376,algorithm_native_internal_best_so_far.v1,true
noise001,pysr,6,150,150,1.0,0.328360566559718,0.2904310972434556,0.3093958319015868,0.6055298701463009,51.22896696677483,0.328360566559718,0.2904310972434556,0.3093958319015868,0.6055298701463009,51.22896696677483,algorithm_native_internal_best_so_far.v1,true
noise001,pysr,7,150,150,1.0,0.3370826443168954,0.2940545985308815,0.31556862142388864,0.6213635013353762,52.78716456202665,0.3370826443168954,0.2940545985308815,0.31556862142388864,0.6213635013353762,52.78716456202665,algorithm_native_internal_best_so_far.v1,true
noise001,pysr,8,150,150,1.0,0.35847470034322654,0.3084692656109725,0.3334719829770995,0.6521613999297889,54.34078649089569,0.35847470034322654,0.3084692656109725,0.3334719829770995,0.6521613999297889,54.34078649089569,algorithm_native_internal_best_so_far.v1,true
noise001,pysr,9,150,150,1.0,0.36382285620645755,0.31343887872634035,0.33863086746639887,0.6562375551046518,55.5944497152923,0.36382285620645755,0.31343887872634035,0.33863086746639887,0.6562375551046518,55.5944497152923,algorithm_native_internal_best_so_far.v1,true
noise001,pysr,10,150,150,1.0,0.3727271324667644,0.31623043090614655,0.34447878168645557,0.666797262156483,56.7029773653279,0.3727271324667644,0.31623043090614655,0.34447878168645557,0.666797262156483,56.7029773653279,algorithm_native_internal_best_so_far.v1,true
noise001,pysr,11,150,150,1.0,0.37404267126075474,0.32296164339418504,0.34850215732747,0.6732016757329866,57.668176475143426,0.37404267126075474,0.32296164339418504,0.34850215732747,0.6732016757329866,57.668176475143426,algorithm_native_internal_best_so_far.v1,true
noise001,pysr,12,150,150,1.0,0.3742617002115146,0.32469699489893267,0.34947934755522353,0.6783769276029822,58.51563616557299,0.3742617002115146,0.32469699489893267,0.34947934755522353,0.6783769276029822,58.51563616557299,algorithm_native_internal_best_so_far.v1,true
noise001,pysr,13,150,150,1.0,0.37367510839804025,0.3252911364118494,0.34948312240494483,0.677304373146666,59.22446702319557,0.37367510839804025,0.3252911364118494,0.34948312240494483,0.677304373146666,59.22446702319557,algorithm_native_internal_best_so_far.v1,true
noise001,pysr,14,150,150,1.0,0.3757490703491632,0.32237757073600254,0.349063320542583,0.6781036432488486,59.837745401887666,0.3757490703491632,0.32237757073600254,0.349063320542583,0.6781036432488486,59.837745401887666,algorithm_native_internal_best_so_far.v1,true
noise001,pysr,15,150,150,1.0,0.38033770568433584,0.33288145563722005,0.3566095806607779,0.6877937981332518,60.43385436265016,0.38033770568433584,0.33288145563722005,0.3566095806607779,0.6877937981332518,60.43385436265016,algorithm_native_internal_best_so_far.v1,true
noise001,pysr,16,150,150,1.0,0.38271371505349616,0.3399235826292992,0.36131864884139775,0.6948317633716017,60.999436986057034,0.38271371505349616,0.3399235826292992,0.36131864884139775,0.6948317633716017,60.999436986057034,algorithm_native_internal_best_so_far.v1,true
noise001,pysr,17,150,150,1.0,0.38312654445238864,0.34004663358174536,0.3615865890170671,0.6949384336915208,61.49910794976851,0.38312654445238864,0.34004663358174536,0.3615865890170671,0.6949384336915208,61.49910794976851,algorithm_native_internal_best_so_far.v1,true
noise001,pysr,18,150,150,1.0,0.37978815317017156,0.33435695731219545,0.3570725552411836,0.6869207348876526,61.898717146379425,0.37978815317017156,0.33435695731219545,0.3570725552411836,0.6869207348876526,61.898717146379425,algorithm_native_internal_best_so_far.v1,true
noise001,pysr,19,150,150,1.0,0.38449257346771354,0.3392189279498157,0.3618557507087647,0.6928679990694107,62.28756360746162,0.38449257346771354,0.3392189279498157,0.3618557507087647,0.6928679990694107,62.28756360746162,algorithm_native_internal_best_so_far.v1,true
noise001,pysr,20,150,150,1.0,0.38291127803526626,0.3371202307002449,0.3600157543677558,0.6899332954542253,62.62285190435966,0.38291127803526626,0.3371202307002449,0.3600157543677558,0.6899332954542253,62.62285190435966,algorithm_native_internal_best_so_far.v1,true
noise001,pysr,21,150,150,1.0,0.39125065804157044,0.3491215155231139,0.37018608678234227,0.7021409537878447,62.984339688856075,0.39125065804157044,0.3491215155231139,0.37018608678234227,0.7021409537878447,62.984339688856075,algorithm_native_internal_best_so_far.v1,true
noise001,pysr,22,150,150,1.0,0.39459593679525845,0.3551699759267149,0.3748829563609868,0.7113049606102397,63.354619523954625,0.39459593679525845,0.3551699759267149,0.3748829563609868,0.7113049606102397,63.354619523954625,algorithm_native_internal_best_so_far.v1,true
noise001,pysr,23,150,150,1.0,0.3885136574679767,0.3499760236485272,0.369244840558252,0.7035816781286619,63.65912162347252,0.3885136574679767,0.3499760236485272,0.369244840558252,0.7035816781286619,63.65912162347252,algorithm_native_internal_best_so_far.v1,true
noise001,pysr,24,150,150,1.0,0.3919145113246209,0.3525387859496639,0.3722266486371425,0.7092576691399077,63.96189851057744,0.3919145113246209,0.3525387859496639,0.3722266486371425,0.7092576691399077,63.96189851057744,algorithm_native_internal_best_so_far.v1,true
noise001,pysr,25,150,150,1.0,0.3961485399460415,0.3576449584088273,0.37689674917743443,0.7176337247691,64.27395746923075,0.3961485399460415,0.3576449584088273,0.37689674917743443,0.7176337247691,64.27395746923075,algorithm_native_internal_best_so_far.v1,true
noise001,pysr,26,150,150,1.0,0.3967345274388248,0.35903851353089566,0.3778865204848604,0.7199259944984857,64.57082831463913,0.3967345274388248,0.35903851353089566,0.3778865204848604,0.7199259944984857,64.57082831463913,algorithm_native_internal_best_so_far.v1,true
noise001,pysr,27,150,150,1.0,0.39319345825102375,0.3566725339566449,0.3749329961038345,0.7141683945319861,64.82438428273392,0.39319345825102375,0.3566725339566449,0.3749329961038345,0.7141683945319861,64.82438428273392,algorithm_native_internal_best_so_far.v1,true
noise001,pysr,28,150,150,1.0,0.4031821816390839,0.3647865363601164,0.38398435899960015,0.7259900773781659,65.10204940612974,0.4031821816390839,0.3647865363601164,0.38398435899960015,0.7259900773781659,65.10204940612974,algorithm_native_internal_best_so_far.v1,true
noise001,pysr,29,150,150,1.0,0.40768513210589447,0.36920602398424496,0.38844557804506974,0.7314028922125774,65.37923008941002,0.40768513210589447,0.36920602398424496,0.38844557804506974,0.7314028922125774,65.37923008941002,algorithm_native_internal_best_so_far.v1,true
noise001,pysr,30,150,150,1.0,0.4135234321711835,0.3755547142485991,0.3945390732098914,0.7416508338618932,65.67209186596932,0.4135234321711835,0.3755547142485991,0.3945390732098914,0.7416508338618932,65.67209186596932,algorithm_native_internal_best_so_far.v1,true
noise001,pysr,31,150,150,1.0,0.39802618590226096,0.3615941110882651,0.3798101484952633,0.7145704304383582,65.8587031942876,0.39802618590226096,0.3615941110882651,0.3798101484952633,0.7145704304383582,65.8587031942876,algorithm_native_internal_best_so_far.v1,true
noise001,pysr,32,150,150,1.0,0.39806567121817327,0.36404807038707593,0.38105687080262485,0.7177740362628514,66.04366258278752,0.39806567121817327,0.36404807038707593,0.38105687080262485,0.7177740362628514,66.04366258278752,algorithm_native_internal_best_so_far.v1,true
noise001,pysr,33,150,150,1.0,0.402612875848783,0.3688845505138375,0.38574871318131043,0.7249616879576548,66.23919307408988,0.402612875848783,0.3688845505138375,0.38574871318131043,0.7249616879576548,66.23919307408988,algorithm_native_internal_best_so_far.v1,true
noise001,pysr,34,150,150,1.0,0.40327516536134683,0.3713867918298789,0.387330978595613,0.7277670179817214,66.43147274244525,0.40327516536134683,0.3713867918298789,0.387330978595613,0.7277670179817214,66.43147274244525,algorithm_native_internal_best_so_far.v1,true
noise001,pysr,35,150,150,1.0,0.39846107538690895,0.36788309047949996,0.3831720829332047,0.7207574403728861,66.59273763658364,0.39846107538690895,0.36788309047949996,0.3831720829332047,0.7207574403728861,66.59273763658364,algorithm_native_internal_best_so_far.v1,true
noise001,pysr,36,150,150,1.0,0.3986407378335834,0.36770919886276937,0.3831749683481766,0.7212763769426055,66.74648486040799,0.3986407378335834,0.36770919886276937,0.3831749683481766,0.7212763769426055,66.74648486040799,algorithm_native_internal_best_so_far.v1,true
noise001,pysr,37,150,150,1.0,0.3995896995387687,0.36659132797746496,0.383090513758117,0.7209876554299072,66.8911410950724,0.3995896995387687,0.36659132797746496,0.383090513758117,0.7209876554299072,66.8911410950724,algorithm_native_internal_best_so_far.v1,true
noise001,pysr,38,150,150,1.0,0.39919223379026714,0.3678858882278486,0.383539061009058,0.7215023661464738,67.02953834558753,0.39919223379026714,0.3678858882278486,0.383539061009058,0.7215023661464738,67.02953834558753,algorithm_native_internal_best_so_far.v1,true
noise001,pysr,39,150,150,1.0,0.39942810808834267,0.3686279149637304,0.3840280115260366,0.722521552774479,67.1634516002506,0.39942810808834267,0.3686279149637304,0.3840280115260366,0.722521552774479,67.1634516002506,algorithm_native_internal_best_so_far.v1,true
noise001,pysr,40,150,150,1.0,0.3993639528206271,0.36791903511810814,0.38364149396936753,0.7212935246481836,67.2875991218648,0.3993639528206271,0.36791903511810814,0.38364149396936753,0.7212935246481836,67.2875991218648,algorithm_native_internal_best_so_far.v1,true
noise001,pysr,41,150,150,1.0,0.39835553367513715,0.3654857577684515,0.38192064572179435,0.7191860287465613,67.40055043290849,0.39835553367513715,0.3654857577684515,0.38192064572179435,0.7191860287465613,67.40055043290849,algorithm_native_internal_best_so_far.v1,true
noise001,pysr,42,150,150,1.0,0.3978846973927124,0.36520355450049,0.38154412594660125,0.7197230167385834,67.50940165293112,0.3978846973927124,0.36520355450049,0.38154412594660125,0.7197230167385834,67.50940165293112,algorithm_native_internal_best_so_far.v1,true
noise001,pysr,43,150,150,1.0,0.3977338766026724,0.366649372897638,0.3821916247501552,0.721525648347369,67.61738219204288,0.3977338766026724,0.366649372897638,0.3821916247501552,0.721525648347369,67.61738219204288,algorithm_native_internal_best_so_far.v1,true
noise001,pysr,44,150,150,1.0,0.3977333545264081,0.36630121050907527,0.38201728251774164,0.7207796516588868,67.7187590778121,0.3977333545264081,0.36630121050907527,0.38201728251774164,0.7207796516588868,67.7187590778121,algorithm_native_internal_best_so_far.v1,true
noise001,pysr,45,150,150,1.0,0.3968335055643411,0.3652687527809476,0.3810511291726443,0.7200491218428362,67.81400692462257,0.3968335055643411,0.3652687527809476,0.3810511291726443,0.7200491218428362,67.81400692462257,algorithm_native_internal_best_so_far.v1,true
noise001,pysr,46,150,150,1.0,0.39462947005781096,0.3683360099540823,0.3814827400059466,0.7192048869818973,67.90327826752622,0.39462947005781096,0.3683360099540823,0.3814827400059466,0.7192048869818973,67.90327826752622,algorithm_native_internal_best_so_far.v1,true
noise001,pysr,47,150,150,1.0,0.39509296677095934,0.36719151674080436,0.3811422417558819,0.7184347387965153,67.98711221672036,0.39509296677095934,0.36719151674080436,0.3811422417558819,0.7184347387965153,67.98711221672036,algorithm_native_internal_best_so_far.v1,true
noise001,pysr,48,150,150,1.0,0.3949954307242984,0.36714729929973816,0.38107136501201844,0.7183060110824865,68.06718490196054,0.3949954307242984,0.36714729929973816,0.38107136501201844,0.7183060110824865,68.06718490196054,algorithm_native_internal_best_so_far.v1,true
noise001,pysr,49,150,150,1.0,0.39613161263715185,0.36801478081295014,0.3820731967250509,0.7198486692236241,68.14713759625445,0.39613161263715185,0.36801478081295014,0.3820731967250509,0.7198486692236241,68.14713759625445,algorithm_native_internal_best_so_far.v1,true
noise001,pysr,50,150,150,1.0,0.39624164607080353,0.3683788178254591,0.38231023194813124,0.7204051438241575,68.22500513197768,0.39624164607080353,0.3683788178254591,0.38231023194813124,0.7204051438241575,68.22500513197768,algorithm_native_internal_best_so_far.v1,true
noise001,pysr,51,150,150,1.0,0.3957675054333851,0.36885377636119465,0.3823106408972899,0.7204692562628189,68.29994474951305,0.3957675054333851,0.36885377636119465,0.3823106408972899,0.7204692562628189,68.29994474951305,algorithm_native_internal_best_so_far.v1,true
noise001,pysr,52,150,150,1.0,0.39555924744750526,0.3675901691012628,0.381574708274384,0.7195049212577059,68.37014758367185,0.39555924744750526,0.3675901691012628,0.381574708274384,0.7195049212577059,68.37014758367185,algorithm_native_internal_best_so_far.v1,true
noise001,pysr,53,150,150,1.0,0.3929106948601847,0.36507412764997543,0.37899241125508015,0.7135353754522121,68.42643796030487,0.3929106948601847,0.36507412764997543,0.37899241125508015,0.7135353754522121,68.42643796030487,algorithm_native_internal_best_so_far.v1,true
noise001,pysr,54,150,150,1.0,0.3927482262766238,0.3653410466526751,0.3790446364646495,0.7137183077274608,68.48098227164637,0.3927482262766238,0.3653410466526751,0.3790446364646495,0.7137183077274608,68.48098227164637,algorithm_native_internal_best_so_far.v1,true
noise001,pysr,55,150,150,1.0,0.39420541113389507,0.3631735154510999,0.37868946329249753,0.7119146200499659,68.53026372134364,0.39420541113389507,0.3631735154510999,0.37868946329249753,0.7119146200499659,68.53026372134364,algorithm_native_internal_best_so_far.v1,true
noise001,pysr,56,150,150,1.0,0.39697045326203395,0.366497600804329,0.3817340270331814,0.7165842789466025,68.58612379586717,0.39697045326203395,0.366497600804329,0.3817340270331814,0.7165842789466025,68.58612379586717,algorithm_native_internal_best_so_far.v1,true
noise001,pysr,57,150,150,1.0,0.39723092333232507,0.36723925159108817,0.3822350874617064,0.7178020371467513,68.64216028567081,0.39723092333232507,0.36723925159108817,0.3822350874617064,0.7178020371467513,68.64216028567081,algorithm_native_internal_best_so_far.v1,true
noise001,pysr,58,150,150,1.0,0.3971684686923471,0.366441614139697,0.38180504141602184,0.7170974457091283,68.69504966989912,0.3971684686923471,0.366441614139697,0.38180504141602184,0.7170974457091283,68.69504966989912,algorithm_native_internal_best_so_far.v1,true
noise001,pysr,59,150,150,1.0,0.39955633499584614,0.3680815546846109,0.38381894484022827,0.7213063193474134,68.7532798777778,0.39955633499584614,0.3680815546846109,0.38381894484022827,0.7213063193474134,68.7532798777778,algorithm_native_internal_best_so_far.v1,true
noise001,pysr,60,150,150,1.0,0.39946048848529514,0.36993611194741666,0.38469830021635576,0.7245717555584068,68.81501147241218,0.39946048848529514,0.36993611194741666,0.38469830021635576,0.7245717555584068,68.81501147241218,algorithm_native_internal_best_so_far.v1,true
noise001,pysr,61,150,150,1.0,0.3992996134289,0.37073599104340854,0.38501780223615406,0.7248126432311625,68.87511397816142,0.3992996134289,0.37073599104340854,0.38501780223615406,0.7248126432311625,68.87511397816142,algorithm_native_internal_best_so_far.v1,true
noise001,pysr,62,150,150,1.0,0.3988629231851582,0.3710296626318121,0.3849462929084849,0.7244296338119418,68.93265993627487,0.3988629231851582,0.3710296626318121,0.3849462929084849,0.7244296338119418,68.93265993627487,algorithm_native_internal_best_so_far.v1,true
noise001,pysr,63,150,150,1.0,0.39867577257081055,0.3709531688758661,0.38481447072333813,0.7242285858530922,68.98805991483097,0.39867577257081055,0.3709531688758661,0.38481447072333813,0.7242285858530922,68.98805991483097,algorithm_native_internal_best_so_far.v1,true
noise001,pysr,64,150,150,1.0,0.3985695754977454,0.36987305648877566,0.38422131599326026,0.7234834528395162,69.04056437372348,0.3985695754977454,0.36987305648877566,0.38422131599326026,0.7234834528395162,69.04056437372348,algorithm_native_internal_best_so_far.v1,true
noise001,pysr,65,150,150,1.0,0.398431507698944,0.3696076519067496,0.38401957980284657,0.7232168420500891,69.09104314035864,0.398431507698944,0.3696076519067496,0.38401957980284657,0.7232168420500891,69.09104314035864,algorithm_native_internal_best_so_far.v1,true
noise001,pysr,66,150,150,1.0,0.4025589919850922,0.37272471942459146,0.3876418557048416,0.7302721626926104,69.1506821271602,0.4025589919850922,0.37272471942459146,0.3876418557048416,0.7302721626926104,69.1506821271602,algorithm_native_internal_best_so_far.v1,true
noise001,pysr,67,150,150,1.0,0.40265522752512795,0.3727644580463404,0.387709842785734,0.7297522585323997,69.20776486934048,0.40265522752512795,0.3727644580463404,0.387709842785734,0.7297522585323997,69.20776486934048,algorithm_native_internal_best_so_far.v1,true
noise001,pysr,68,150,150,1.0,0.40263428989441113,0.3754349850732066,0.3890346374838087,0.7332811856236181,69.26835830600257,0.40263428989441113,0.3754349850732066,0.3890346374838087,0.7332811856236181,69.26835830600257,algorithm_native_internal_best_so_far.v1,true
noise001,pysr,69,150,150,1.0,0.4030993664224371,0.37607526414251047,0.3895873152824736,0.7341197902623511,69.32841078020883,0.4030993664224371,0.37607526414251047,0.3895873152824736,0.7341197902623511,69.32841078020883,algorithm_native_internal_best_so_far.v1,true
noise001,pysr,70,150,150,1.0,0.4030556413087918,0.37598407065916906,0.3895198559839803,0.734025835313883,69.38661324808282,0.4030556413087918,0.37598407065916906,0.3895198559839803,0.734025835313883,69.38661324808282,algorithm_native_internal_best_so_far.v1,true
noise001,pysr,71,150,150,1.0,0.4030051082321495,0.3749415581059854,0.38897333316906735,0.7332711024796329,69.44211320582761,0.4030051082321495,0.3749415581059854,0.38897333316906735,0.7332711024796329,69.44211320582761,algorithm_native_internal_best_so_far.v1,true
noise001,pysr,72,150,150,1.0,0.3992610585149983,0.37120145658879417,0.38523125755189613,0.7279714701074073,69.48871089756253,0.3992610585149983,0.37120145658879417,0.38523125755189613,0.7279714701074073,69.48871089756253,algorithm_native_internal_best_so_far.v1,true
noise001,pysr,73,150,150,1.0,0.39935509704957634,0.3710343445069505,0.38519472077826333,0.7279302406427551,69.5339754614901,0.39935509704957634,0.3710343445069505,0.38519472077826333,0.7279302406427551,69.5339754614901,algorithm_native_internal_best_so_far.v1,true
noise001,pysr,74,150,150,1.0,0.3991601947592447,0.3696865994709287,0.38442339711508655,0.726615588978031,69.57624010252135,0.3991601947592447,0.3696865994709287,0.38442339711508655,0.726615588978031,69.57624010252135,algorithm_native_internal_best_so_far.v1,true
noise001,pysr,75,150,150,1.0,0.39922716593844565,0.36996517562993275,0.38459617078418906,0.7269066568887197,69.61776577700604,0.39922716593844565,0.36996517562993275,0.38459617078418906,0.7269066568887197,69.61776577700604,algorithm_native_internal_best_so_far.v1,true
noise001,pysr,76,150,150,1.0,0.399522085771026,0.370860578462251,0.3851913321166385,0.7278445084821928,69.65943268583779,0.399522085771026,0.370860578462251,0.3851913321166385,0.7278445084821928,69.65943268583779,algorithm_native_internal_best_so_far.v1,true
noise001,pysr,77,150,150,1.0,0.3994943573165779,0.3711952829052211,0.3853448201108994,0.7280565456482405,69.70029271024022,0.3994943573165779,0.3711952829052211,0.3853448201108994,0.7280565456482405,69.70029271024022,algorithm_native_internal_best_so_far.v1,true
noise001,pysr,78,150,150,1.0,0.39956587325911885,0.37205215524434243,0.3858090142517306,0.7284634578073507,69.7406267239645,0.39956587325911885,0.37205215524434243,0.3858090142517306,0.7284634578073507,69.7406267239645,algorithm_native_internal_best_so_far.v1,true
noise001,pysr,79,150,150,1.0,0.39863741905034106,0.3723771262146562,0.38550727263249857,0.7279535698546596,69.77929419562908,0.39863741905034106,0.3723771262146562,0.38550727263249857,0.7279535698546596,69.77929419562908,algorithm_native_internal_best_so_far.v1,true
noise001,pysr,80,150,150,1.0,0.3983266767319826,0.37186923167024927,0.3850979542011159,0.726905400872468,69.8156847692743,0.3983266767319826,0.37186923167024927,0.3850979542011159,0.726905400872468,69.8156847692743,algorithm_native_internal_best_so_far.v1,true
noise001,pysr,81,150,150,1.0,0.39832274645706917,0.37206192036363356,0.38519233341035136,0.7270345852087975,69.85133629707191,0.39832274645706917,0.37206192036363356,0.38519233341035136,0.7270345852087975,69.85133629707191,algorithm_native_internal_best_so_far.v1,true
noise001,pysr,82,150,150,1.0,0.3980843717902304,0.3716665294853971,0.3848754506378137,0.7266564818359702,69.88565717373683,0.3980843717902304,0.3716665294853971,0.3848754506378137,0.7266564818359702,69.88565717373683,algorithm_native_internal_best_so_far.v1,true
noise001,pysr,83,150,150,1.0,0.39823664858093616,0.37263620786279716,0.3854364282218666,0.7276379242433785,69.92033350205733,0.39823664858093616,0.37263620786279716,0.3854364282218666,0.7276379242433785,69.92033350205733,algorithm_native_internal_best_so_far.v1,true
noise001,pysr,84,150,150,1.0,0.40541872905164605,0.3767760711007693,0.39109740007620764,0.7403859055513943,69.96936037173688,0.40541872905164605,0.3767760711007693,0.39109740007620764,0.7403859055513943,69.96936037173688,algorithm_native_internal_best_so_far.v1,true
noise001,pysr,85,150,150,1.0,0.3984610554959943,0.37150578920445015,0.38498342235022215,0.7282380322132913,70.00294205232032,0.3984610554959943,0.37150578920445015,0.38498342235022215,0.7282380322132913,70.00294205232032,algorithm_native_internal_best_so_far.v1,true
noise001,pysr,86,150,150,1.0,0.39895218670016885,0.36800296515731895,0.3834775759287439,0.7264896551536502,70.03370976700688,0.39895218670016885,0.36800296515731895,0.3834775759287439,0.7264896551536502,70.03370976700688,algorithm_native_internal_best_so_far.v1,true
noise001,pysr,87,150,150,1.0,0.39944392251795513,0.3672901761079184,0.38336704931293686,0.7263474398335162,70.06360671202233,0.39944392251795513,0.3672901761079184,0.38336704931293686,0.7263474398335162,70.06360671202233,algorithm_native_internal_best_so_far.v1,true
noise001,pysr,88,150,150,1.0,0.3992424014405566,0.3673218217024538,0.38328211157150527,0.7262232826566328,70.09268309331372,0.3992424014405566,0.3673218217024538,0.38328211157150527,0.7262232826566328,70.09268309331372,algorithm_native_internal_best_so_far.v1,true
noise001,pysr,89,150,150,1.0,0.3992115258467717,0.36681748778370266,0.38301450681523724,0.7259244024156211,70.1207702522828,0.3992115258467717,0.36681748778370266,0.38301450681523724,0.7259244024156211,70.1207702522828,algorithm_native_internal_best_so_far.v1,true
noise001,pysr,90,150,150,1.0,0.40058154505818083,0.36523127007862705,0.382906407568404,0.7245837859077546,70.14674367826605,0.40058154505818083,0.36523127007862705,0.382906407568404,0.7245837859077546,70.14674367826605,algorithm_native_internal_best_so_far.v1,true
noise001,pysr,91,150,150,1.0,0.4001810868522848,0.3664768744427423,0.3833289806475136,0.7263246509960877,70.17405929828081,0.4001810868522848,0.3664768744427423,0.3833289806475136,0.7263246509960877,70.17405929828081,algorithm_native_internal_best_so_far.v1,true
noise001,pysr,92,150,150,1.0,0.4001011090441088,0.36623531198920245,0.3831682105166556,0.7259412422968571,70.20036435188304,0.4001011090441088,0.36623531198920245,0.3831682105166556,0.7259412422968571,70.20036435188304,algorithm_native_internal_best_so_far.v1,true
noise001,pysr,93,150,150,1.0,0.3999522183692594,0.36651512927175384,0.3832336738205066,0.7261093701791825,70.22628448807697,0.3999522183692594,0.36651512927175384,0.3832336738205066,0.7261093701791825,70.22628448807697,algorithm_native_internal_best_so_far.v1,true
noise001,pysr,94,150,150,1.0,0.39994563175715786,0.36651598976778893,0.3832308107624734,0.7260564513219561,70.25159683535483,0.39994563175715786,0.36651598976778893,0.3832308107624734,0.7260564513219561,70.25159683535483,algorithm_native_internal_best_so_far.v1,true
noise001,pysr,95,150,150,1.0,0.39995912278278706,0.36652989050980367,0.3832445066462953,0.7260429503037333,70.27636207951292,0.39995912278278706,0.36652989050980367,0.3832445066462953,0.7260429503037333,70.27636207951292,algorithm_native_internal_best_so_far.v1,true
noise001,pysr,96,150,150,1.0,0.4042698952597413,0.36898848525946887,0.38662919025960507,0.7326860334477975,70.30753125935944,0.4042698952597413,0.36898848525946887,0.38662919025960507,0.7326860334477975,70.30753125935944,algorithm_native_internal_best_so_far.v1,true
noise001,pysr,97,150,150,1.0,0.4041812186371908,0.36886106844123023,0.38652114353921047,0.7325559650868375,70.3379236846102,0.4041812186371908,0.36886106844123023,0.38652114353921047,0.7325559650868375,70.3379236846102,algorithm_native_internal_best_so_far.v1,true
noise001,pysr,98,150,150,1.0,0.4042186310926173,0.3688315206578661,0.38652507587524165,0.7325851707615278,70.36772565799328,0.4042186310926173,0.3688315206578661,0.38652507587524165,0.7325851707615278,70.36772565799328,algorithm_native_internal_best_so_far.v1,true
noise001,pysr,99,150,150,1.0,0.40419697573083496,0.3688258977404599,0.38651143673564725,0.7325644412568924,70.39690463241446,0.40419697573083496,0.3688258977404599,0.38651143673564725,0.7325644412568924,70.39690463241446,algorithm_native_internal_best_so_far.v1,true
noise001,pysr,100,150,150,1.0,0.4058533790716993,0.3698304617532186,0.38784192041245885,0.7389190602542076,70.43185464634452,0.4058533790716993,0.3698304617532186,0.38784192041245885,0.7389190602542076,70.43185464634452,algorithm_native_internal_best_so_far.v1,true
noise001,pysr,101,150,150,1.0,0.40589394498452286,0.36988386703180626,0.38788890600816456,0.7389663238202604,70.46615937640078,0.40589394498452286,0.36988386703180626,0.38788890600816456,0.7389663238202604,70.46615937640078,algorithm_native_internal_best_so_far.v1,true
noise001,pysr,102,150,150,1.0,0.4040950914006752,0.368177909656269,0.38613650052847204,0.7323121192439956,70.4932677347145,0.4040950914006752,0.368177909656269,0.38613650052847204,0.7323121192439956,70.4932677347145,algorithm_native_internal_best_so_far.v1,true
noise001,pysr,103,150,150,1.0,0.4040318848099858,0.3680296102550115,0.38603074753249866,0.7321288885866034,70.51967182329649,0.4040318848099858,0.3680296102550115,0.38603074753249866,0.7321288885866034,70.51967182329649,algorithm_native_internal_best_so_far.v1,true
noise001,pysr,104,150,150,1.0,0.4040338421375761,0.3680501523445314,0.38604199724105376,0.7321576836097766,70.54559582846649,0.4040338421375761,0.3680501523445314,0.38604199724105376,0.7321576836097766,70.54559582846649,algorithm_native_internal_best_so_far.v1,true
noise001,pysr,105,150,150,1.0,0.4042266992945686,0.3680278790255489,0.3861272891600588,0.7322532691660789,70.57111707692498,0.4042266992945686,0.3680278790255489,0.3861272891600588,0.7322532691660789,70.57111707692498,algorithm_native_internal_best_so_far.v1,true
noise001,pysr,106,150,150,1.0,0.4032057686907952,0.36704328366081596,0.3851245261758056,0.7308797306542819,70.59486100134482,0.4032057686907952,0.36704328366081596,0.3851245261758056,0.7308797306542819,70.59486100134482,algorithm_native_internal_best_so_far.v1,true
noise001,pysr,107,150,150,1.0,0.40317409303636553,0.36742545751480093,0.3852997752755832,0.731057393947098,70.61832715455384,0.40317409303636553,0.36742545751480093,0.3852997752755832,0.731057393947098,70.61832715455384,algorithm_native_internal_best_so_far.v1,true
noise001,pysr,108,150,150,1.0,0.4031587004966122,0.3666121740074892,0.3848854372520507,0.7305061029355141,70.64084829472974,0.4031587004966122,0.3666121740074892,0.3848854372520507,0.7305061029355141,70.64084829472974,algorithm_native_internal_best_so_far.v1,true
noise001,pysr,109,150,150,1.0,0.40315874767420945,0.36661215122100477,0.38488544944760716,0.7305061457971248,70.66295624229839,0.40315874767420945,0.36661215122100477,0.38488544944760716,0.7305061457971248,70.66295624229839,algorithm_native_internal_best_so_far.v1,true
noise001,pysr,110,150,150,1.0,0.4031873697815233,0.3663401739282325,0.384763771854878,0.7303904556238392,70.68455705429916,0.4031873697815233,0.3663401739282325,0.384763771854878,0.7303904556238392,70.68455705429916,algorithm_native_internal_best_so_far.v1,true
noise001,pysr,111,150,150,1.0,0.4030713437085746,0.36631316101064376,0.38469225235960935,0.7302907617200497,70.70567884815237,0.4030713437085746,0.36631316101064376,0.38469225235960935,0.7302907617200497,70.70567884815237,algorithm_native_internal_best_so_far.v1,true
noise001,pysr,112,150,150,1.0,0.40310060266818853,0.3663818657475345,0.3847412342078616,0.730376799756598,70.72650028679082,0.40310060266818853,0.3663818657475345,0.3847412342078616,0.730376799756598,70.72650028679082,algorithm_native_internal_best_so_far.v1,true
noise001,pysr,113,150,150,1.0,0.403100422552868,0.3663611902163412,0.38473080638460466,0.7303351007287365,70.74691630259687,0.403100422552868,0.3663611902163412,0.38473080638460466,0.7303351007287365,70.74691630259687,algorithm_native_internal_best_so_far.v1,true
noise001,pysr,114,150,150,1.0,0.407338926092196,0.36857374974202883,0.38795633791711254,0.7369155826915601,70.772746495286,0.407338926092196,0.36857374974202883,0.38795633791711254,0.7369155826915601,70.772746495286,algorithm_native_internal_best_so_far.v1,true
noise001,pysr,115,150,150,1.0,0.4071247841376028,0.36847713384178743,0.3878009589896952,0.7366838083735207,70.79792592434745,0.4071247841376028,0.36847713384178743,0.3878009589896952,0.7366838083735207,70.79792592434745,algorithm_native_internal_best_so_far.v1,true
noise001,pysr,116,150,150,1.0,0.4071494154369962,0.3684982645667823,0.38782384000188935,0.7366748531397054,70.82266350529247,0.4071494154369962,0.3684982645667823,0.38782384000188935,0.7366748531397054,70.82266350529247,algorithm_native_internal_best_so_far.v1,true
noise001,pysr,117,150,150,1.0,0.40714965109511314,0.3685056406426895,0.38782764586890145,0.7366829499204328,70.84698514193137,0.40714965109511314,0.3685056406426895,0.38782764586890145,0.7366829499204328,70.84698514193137,algorithm_native_internal_best_so_far.v1,true
noise001,pysr,118,150,150,1.0,0.40718848004320013,0.3684881544492632,0.38783831724623175,0.7367224700895935,70.87092803910957,0.40718848004320013,0.3684881544492632,0.38783831724623175,0.7367224700895935,70.87092803910957,algorithm_native_internal_best_so_far.v1,true
noise001,pysr,119,150,150,1.0,0.40710653510849815,0.3683750931990796,0.3877408141537889,0.7365239288209093,70.89430169325227,0.40710653510849815,0.3683750931990796,0.3877408141537889,0.7365239288209093,70.89430169325227,algorithm_native_internal_best_so_far.v1,true
noise001,pysr,120,150,150,1.0,0.40899557922791097,0.3700144407357176,0.38950500998181437,0.7432067595691731,70.92285481211616,0.40899557922791097,0.3700144407357176,0.38950500998181437,0.7432067595691731,70.92285481211616,algorithm_native_internal_best_so_far.v1,true
noise001,pysr,121,150,150,1.0,0.4071856019773113,0.3683015036454448,0.3877435528113782,0.7365183863812989,70.94540839745511,0.4071856019773113,0.3683015036454448,0.3877435528113782,0.7365183863812989,70.94540839745511,algorithm_native_internal_best_so_far.v1,true
noise001,pysr,122,150,150,1.0,0.4115558820977896,0.37074444795587735,0.39115016502683353,0.742941622741992,70.9728571997235,0.4115558820977896,0.37074444795587735,0.39115016502683353,0.742941622741992,70.9728571997235,algorithm_native_internal_best_so_far.v1,true
noise001,pysr,123,150,150,1.0,0.4115605893799602,0.3701898209676575,0.39087520517380875,0.7425032238202937,70.99950325811623,0.4115605893799602,0.3701898209676575,0.39087520517380875,0.7425032238202937,70.99950325811623,algorithm_native_internal_best_so_far.v1,true
noise001,pysr,124,150,150,1.0,0.41156239857602467,0.37015236209722424,0.39085738033662437,0.7424287428297347,71.02565947605864,0.41156239857602467,0.37015236209722424,0.39085738033662437,0.7424287428297347,71.02565947605864,algorithm_native_internal_best_so_far.v1,true
noise001,pysr,125,150,150,1.0,0.4115613897231124,0.3701092376364504,0.3908353136797814,0.7423693254167575,71.05134966058357,0.4115613897231124,0.3701092376364504,0.3908353136797814,0.7423693254167575,71.05134966058357,algorithm_native_internal_best_so_far.v1,true
noise001,pysr,126,150,150,1.0,0.4115570372674641,0.3700427771596481,0.3907999072135561,0.742332557375864,71.07660288341692,0.4115570372674641,0.3700427771596481,0.3907999072135561,0.742332557375864,71.07660288341692,algorithm_native_internal_best_so_far.v1,true
noise001,pysr,127,150,150,1.0,0.4115922489052846,0.3703350102956469,0.3909636296004657,0.7427246729031332,71.1017671700854,0.4115922489052846,0.3703350102956469,0.3909636296004657,0.7427246729031332,71.1017671700854,algorithm_native_internal_best_so_far.v1,true
noise001,pysr,128,150,150,1.0,0.41152813404337013,0.37027637750462766,0.39090225577399884,0.7426341771641564,71.12646756497861,0.41152813404337013,0.37027637750462766,0.39090225577399884,0.7426341771641564,71.12646756497861,algorithm_native_internal_best_so_far.v1,true
noise001,pysr,129,150,150,1.0,0.41141990193202055,0.36940901567614615,0.3904144588040833,0.7421185247622671,71.1503852774689,0.41141990193202055,0.36940901567614615,0.3904144588040833,0.7421185247622671,71.1503852774689,algorithm_native_internal_best_so_far.v1,true
noise001,pysr,130,150,150,1.0,0.4114175115288505,0.36935733265509213,0.3903874220919712,0.7420629133217621,71.17389224712049,0.4114175115288505,0.36935733265509213,0.3903874220919712,0.7420629133217621,71.17389224712049,algorithm_native_internal_best_so_far.v1,true
noise001,pysr,131,150,150,1.0,0.41141917419236884,0.3693324677078343,0.3903758209501015,0.742003236387171,71.19699477682735,0.41141917419236884,0.3693324677078343,0.3903758209501015,0.742003236387171,71.19699477682735,algorithm_native_internal_best_so_far.v1,true
noise001,pysr,132,150,150,1.0,0.41141980757462404,0.3698795485774816,0.3906496780760528,0.7427199333262948,71.22029022043192,0.41141980757462404,0.3698795485774816,0.3906496780760528,0.7427199333262948,71.22029022043192,algorithm_native_internal_best_so_far.v1,true
noise001,pysr,133,150,150,1.0,0.4115882181898912,0.36990836165792124,0.39074828992390614,0.7429939872464638,71.24344141219292,0.4115882181898912,0.36990836165792124,0.39074828992390614,0.7429939872464638,71.24344141219292,algorithm_native_internal_best_so_far.v1,true
noise001,pysr,134,150,150,1.0,0.41158727553301455,0.36990869389033215,0.3907479847116734,0.7429927601617006,71.26624614804349,0.41158727553301455,0.36990869389033215,0.3907479847116734,0.7429927601617006,71.26624614804349,algorithm_native_internal_best_so_far.v1,true
noise001,pysr,135,150,150,1.0,0.4115901854112542,0.369607807219141,0.3905989963151976,0.7425917269382696,71.28841597430856,0.4115901854112542,0.369607807219141,0.3905989963151976,0.7425917269382696,71.28841597430856,algorithm_native_internal_best_so_far.v1,true
noise001,pysr,136,150,150,1.0,0.41165309316365895,0.369588989676527,0.39062104142009296,0.7427078164549941,71.31034513365555,0.41165309316365895,0.369588989676527,0.39062104142009296,0.7427078164549941,71.31034513365555,algorithm_native_internal_best_so_far.v1,true
noise001,pysr,137,150,150,1.0,0.4116748607480662,0.3695785041402524,0.3906266824441593,0.7427155314883411,71.33195979070065,0.4116748607480662,0.3695785041402524,0.3906266824441593,0.7427155314883411,71.33195979070065,algorithm_native_internal_best_so_far.v1,true
noise001,pysr,138,150,150,1.0,0.4113350990844692,0.3702133319638717,0.3907742155241705,0.742900640589444,71.35339532887633,0.4113350990844692,0.3702133319638717,0.3907742155241705,0.742900640589444,71.35339532887633,algorithm_native_internal_best_so_far.v1,true
noise001,pysr,139,150,150,1.0,0.41131274785513594,0.37000563627008637,0.39065919206261124,0.7426118730773341,71.37431469563069,0.41131274785513594,0.37000563627008637,0.39065919206261124,0.7426118730773341,71.37431469563069,algorithm_native_internal_best_so_far.v1,true
noise001,pysr,140,150,150,1.0,0.4113137933025235,0.37000572123591735,0.39065975726922053,0.7426139142916188,71.39493667229878,0.4113137933025235,0.37000572123591735,0.39065975726922053,0.7426139142916188,71.39493667229878,algorithm_native_internal_best_so_far.v1,true
noise001,pysr,141,150,150,1.0,0.4114864284603633,0.3708352597476297,0.39116084410399654,0.7432489868390845,71.41571654472155,0.4114864284603633,0.3708352597476297,0.39116084410399654,0.7432489868390845,71.41571654472155,algorithm_native_internal_best_so_far.v1,true
noise001,pysr,142,150,150,1.0,0.4115513536721746,0.369648405118784,0.39059987939547935,0.7424075029824796,71.43561114861961,0.4115513536721746,0.369648405118784,0.39059987939547935,0.7424075029824796,71.43561114861961,algorithm_native_internal_best_so_far.v1,true
noise001,pysr,143,150,150,1.0,0.41159285881113256,0.3696499441477098,0.39062140147942115,0.7424458268206263,71.45525430619614,0.41159285881113256,0.3696499441477098,0.39062140147942115,0.7424458268206263,71.45525430619614,algorithm_native_internal_best_so_far.v1,true
noise001,pysr,144,150,150,1.0,0.41159203572652403,0.3696486396822024,0.3906203377043633,0.7424443024847877,71.47462358357309,0.41159203572652403,0.3696486396822024,0.3906203377043633,0.7424443024847877,71.47462358357309,algorithm_native_internal_best_so_far.v1,true
noise001,pysr,145,150,150,1.0,0.41164162220156336,0.3697040529019504,0.39067283755175697,0.7425457000785232,71.49379562787847,0.41164162220156336,0.3697040529019504,0.39067283755175697,0.7425457000785232,71.49379562787847,algorithm_native_internal_best_so_far.v1,true
noise001,pysr,146,150,150,1.0,0.41163273831426006,0.3697901760396678,0.390711457176964,0.7425551671117047,71.51271152570924,0.41163273831426006,0.3697901760396678,0.390711457176964,0.7425551671117047,71.51271152570924,algorithm_native_internal_best_so_far.v1,true
noise001,pysr,147,150,150,1.0,0.41805356830645996,0.37166643220179213,0.3948600002541261,0.7505959890713426,71.53684001129716,0.41805356830645996,0.37166643220179213,0.3948600002541261,0.7505959890713426,71.53684001129716,algorithm_native_internal_best_so_far.v1,true
noise001,pysr,148,150,150,1.0,0.4181370856817173,0.3719263493632171,0.3950317175224672,0.7508939127507167,71.5608437360524,0.4181370856817173,0.3719263493632171,0.3950317175224672,0.7508939127507167,71.5608437360524,algorithm_native_internal_best_so_far.v1,true
noise001,pysr,149,150,150,1.0,0.4181664752841524,0.3723592949975563,0.3952628851408544,0.7514699446504978,71.58491186175036,0.4181664752841524,0.3723592949975563,0.3952628851408544,0.7514699446504978,71.58491186175036,algorithm_native_internal_best_so_far.v1,true
noise001,pysr,150,150,150,1.0,0.4181878011100204,0.3736285203466863,0.3959081607283534,0.752184230565478,71.60913526971568,0.4181878011100204,0.3736285203466863,0.3959081607283534,0.752184230565478,71.60913526971568,algorithm_native_internal_best_so_far.v1,true
noise001,pysr,151,150,150,1.0,0.4181505463437949,0.37198969740464916,0.3950701218742221,0.7508915476164045,71.63218175641717,0.4181505463437949,0.37198969740464916,0.3950701218742221,0.7508915476164045,71.63218175641717,algorithm_native_internal_best_so_far.v1,true
noise001,pysr,152,150,150,1.0,0.4181412549047129,0.3719822299556841,0.3950617424301986,0.7508732240354803,71.65491294488513,0.4181412549047129,0.3719822299556841,0.3950617424301986,0.7508732240354803,71.65491294488513,algorithm_native_internal_best_so_far.v1,true
noise001,pysr,153,150,150,1.0,0.41823984286826893,0.3717253188828438,0.39498258087555643,0.7507154032992682,71.67724384282658,0.41823984286826893,0.3717253188828438,0.39498258087555643,0.7507154032992682,71.67724384282658,algorithm_native_internal_best_so_far.v1,true
noise001,pysr,154,150,150,1.0,0.41823996461207114,0.3717249074871698,0.39498243604962063,0.750715097438483,71.69928453049555,0.41823996461207114,0.3717249074871698,0.39498243604962063,0.750715097438483,71.69928453049555,algorithm_native_internal_best_so_far.v1,true
noise001,pysr,155,150,150,1.0,0.4182583768857102,0.3716741162744333,0.3949662465800719,0.7507555370113448,71.72106691224161,0.4182583768857102,0.3716741162744333,0.3949662465800719,0.7507555370113448,71.72106691224161,algorithm_native_internal_best_so_far.v1,true
noise001,pysr,156,150,150,1.0,0.41812039093658643,0.3716698542488687,0.39489512259272763,0.7508202875696672,71.74261153945139,0.41812039093658643,0.3716698542488687,0.39489512259272763,0.7508202875696672,71.74261153945139,algorithm_native_internal_best_so_far.v1,true
noise001,pysr,157,150,150,1.0,0.4181915840040533,0.3712263214748996,0.3947089527394765,0.7504327171508326,71.76363485267197,0.4181915840040533,0.3712263214748996,0.3947089527394765,0.7504327171508326,71.76363485267197,algorithm_native_internal_best_so_far.v1,true
noise001,pysr,158,150,150,1.0,0.4189335767732013,0.371657489756151,0.39529553326467626,0.7512443007174965,71.78490570848892,0.4189335767732013,0.371657489756151,0.39529553326467626,0.7512443007174965,71.78490570848892,algorithm_native_internal_best_so_far.v1,true
noise001,pysr,159,150,150,1.0,0.4189476850192049,0.371699126693219,0.395323405856212,0.7512253520012415,71.80589708893946,0.4189476850192049,0.371699126693219,0.395323405856212,0.7512253520012415,71.80589708893946,algorithm_native_internal_best_so_far.v1,true
noise001,pysr,160,150,150,1.0,0.4222584980562069,0.374101410575753,0.39817995431597997,0.757879888675323,71.83078516255566,0.4222584980562069,0.374101410575753,0.39817995431597997,0.757879888675323,71.83078516255566,algorithm_native_internal_best_so_far.v1,true
noise001,pysr,161,150,150,1.0,0.421798771888845,0.3764461816964088,0.39912247679262697,0.7589874214492109,71.85605197611072,0.421798771888845,0.3764461816964088,0.39912247679262697,0.7589874214492109,71.85605197611072,algorithm_native_internal_best_so_far.v1,true
noise001,pysr,162,150,150,1.0,0.4218129830079677,0.3759944988061632,0.39890374090706543,0.758590645107184,71.88076193002806,0.4218129830079677,0.3759944988061632,0.39890374090706543,0.758590645107184,71.88076193002806,algorithm_native_internal_best_so_far.v1,true
noise001,pysr,163,150,150,1.0,0.4218943252226217,0.3760373647738103,0.39896584499821597,0.7587354985438627,71.90525756146585,0.4218943252226217,0.3760373647738103,0.39896584499821597,0.7587354985438627,71.90525756146585,algorithm_native_internal_best_so_far.v1,true
noise001,pysr,164,150,150,1.0,0.42197833384863453,0.3760379117953643,0.39900812282199943,0.758797091706889,71.9294920224977,0.42197833384863453,0.3760379117953643,0.39900812282199943,0.758797091706889,71.9294920224977,algorithm_native_internal_best_so_far.v1,true
noise001,pysr,165,150,150,1.0,0.421985790330775,0.3759973234869574,0.3989915569088663,0.7587550395838568,71.95340724635156,0.421985790330775,0.3759973234869574,0.3989915569088663,0.7587550395838568,71.95340724635156,algorithm_native_internal_best_so_far.v1,true
noise001,pysr,166,150,150,1.0,0.42199762984824557,0.37589802879964473,0.39894782932394524,0.7586416546395421,71.97696603079496,0.42199762984824557,0.37589802879964473,0.39894782932394524,0.7586416546395421,71.97696603079496,algorithm_native_internal_best_so_far.v1,true
noise001,pysr,167,150,150,1.0,0.42204323474772404,0.3764877174716189,0.3992654761096715,0.759334181874962,72.0006573610746,0.42204323474772404,0.3764877174716189,0.3992654761096715,0.759334181874962,72.0006573610746,algorithm_native_internal_best_so_far.v1,true
noise001,pysr,168,150,150,1.0,0.4220508590244653,0.3763635777015509,0.3992072183630082,0.7590993348088552,72.02392686178776,0.4220508590244653,0.3763635777015509,0.3992072183630082,0.7590993348088552,72.02392686178776,algorithm_native_internal_best_so_far.v1,true
noise001,pysr,169,150,150,1.0,0.42204989030539186,0.3763599438337016,0.3992049170695468,0.7590948327438533,72.04691831985046,0.42204989030539186,0.3763599438337016,0.3992049170695468,0.7590948327438533,72.04691831985046,algorithm_native_internal_best_so_far.v1,true
noise001,pysr,170,150,150,1.0,0.4220451527041745,0.3763605960743673,0.3992028743892709,0.759090334583136,72.06963664419436,0.4220451527041745,0.3763605960743673,0.3992028743892709,0.759090334583136,72.06963664419436,algorithm_native_internal_best_so_far.v1,true
noise001,pysr,171,150,150,1.0,0.4220431193794385,0.37636286065593516,0.3992029900176869,0.7590904749633474,72.09208933923613,0.4220431193794385,0.37636286065593516,0.3992029900176869,0.7590904749633474,72.09208933923613,algorithm_native_internal_best_so_far.v1,true
noise001,pysr,172,150,150,1.0,0.4220506358091275,0.3763576124465793,0.39920412412785344,0.7590912314633637,72.11428139625414,0.4220506358091275,0.3763576124465793,0.39920412412785344,0.7590912314633637,72.11428139625414,algorithm_native_internal_best_so_far.v1,true
noise001,pysr,173,150,150,1.0,0.4220331389155128,0.3763597465711334,0.3991964427433231,0.7590964277724223,72.13621990134656,0.4220331389155128,0.3763597465711334,0.3991964427433231,0.7590964277724223,72.13621990134656,algorithm_native_internal_best_so_far.v1,true
noise001,pysr,174,150,150,1.0,0.4222559698545585,0.3752842052293286,0.39877008754194354,0.758503063785725,72.15756522592831,0.4222559698545585,0.3752842052293286,0.39877008754194354,0.758503063785725,72.15756522592831,algorithm_native_internal_best_so_far.v1,true
noise001,pysr,175,150,150,1.0,0.42221130625791964,0.3754064195311558,0.3988088628945377,0.7585824958126378,72.17871199367309,0.42221130625791964,0.3754064195311558,0.3988088628945377,0.7585824958126378,72.17871199367309,algorithm_native_internal_best_so_far.v1,true
noise001,pysr,176,150,150,1.0,0.42220384478083295,0.37543567071664957,0.3988197577487413,0.7585061425590263,72.19957507470848,0.42220384478083295,0.37543567071664957,0.3988197577487413,0.7585061425590263,72.19957507470848,algorithm_native_internal_best_so_far.v1,true
noise001,pysr,177,150,150,1.0,0.42218868475657884,0.37639032665196087,0.3992895057042698,0.759084102019557,72.22052894548389,0.42218868475657884,0.37639032665196087,0.3992895057042698,0.759084102019557,72.22052894548389,algorithm_native_internal_best_so_far.v1,true
noise001,pysr,178,150,150,1.0,0.42217628774583554,0.37665980241513447,0.39941804508048495,0.759268141640583,72.24135077255454,0.42217628774583554,0.37665980241513447,0.39941804508048495,0.759268141640583,72.24135077255454,algorithm_native_internal_best_so_far.v1,true
noise001,pysr,179,150,150,1.0,0.42214489117463266,0.37680940053654616,0.3994771458555894,0.7593404720173956,72.26198036154439,0.42214489117463266,0.37680940053654616,0.3994771458555894,0.7593404720173956,72.26198036154439,algorithm_native_internal_best_so_far.v1,true
noise001,pysr,180,150,150,1.0,0.42214489117463266,0.37680940053654616,0.3994771458555894,0.7593404720173956,72.2823807328788,0.42214489117463266,0.37680940053654616,0.3994771458555894,0.7593404720173956,72.2823807328788,algorithm_native_internal_best_so_far.v1,true
noise001,QLattice,1,150,150,1.0,0.2185490705938837,0.17141504337378963,0.19498205698383658,0.722361408871468,72.2361408871468,0.2185490705938837,0.17141504337378963,0.19498205698383658,0.722361408871468,72.2361408871468,algorithm_native_internal_best_so_far.v1,true
noise001,QLattice,2,150,150,1.0,0.22181066851699158,0.17132935623914247,0.1965700123780671,0.7266221259051525,72.44917673883103,0.22181066851699158,0.17132935623914247,0.1965700123780671,0.7266221259051525,72.44917673883103,algorithm_native_internal_best_so_far.v1,true
noise001,QLattice,3,150,150,1.0,0.2322936552202882,0.1786369112844499,0.20546528325236904,0.7563575500869644,73.51136949545283,0.2322936552202882,0.1786369112844499,0.20546528325236904,0.7563575500869644,73.51136949545283,algorithm_native_internal_best_so_far.v1,true
noise001,QLattice,4,150,150,1.0,0.2375882003821536,0.18132590063071713,0.20945705050643537,0.7650219128826776,74.25907494365656,0.2375882003821536,0.18132590063071713,0.20945705050643537,0.7650219128826776,74.25907494365656,algorithm_native_internal_best_so_far.v1,true
noise001,QLattice,5,150,150,1.0,0.23593334863276177,0.18150179452297693,0.2087175715778694,0.7637116838782632,74.6814936324905,0.23593334863276177,0.18150179452297693,0.2087175715778694,0.7637116838782632,74.6814936324905,algorithm_native_internal_best_so_far.v1,true
noise001,QLattice,6,150,150,1.0,0.23430270585808363,0.182068993058783,0.20818584945843333,0.7589494904663018,74.88373620151378,0.23430270585808363,0.182068993058783,0.20818584945843333,0.7589494904663018,74.88373620151378,algorithm_native_internal_best_so_far.v1,true
noise001,QLattice,7,150,150,1.0,0.23696548375979234,0.1846917415837869,0.21082861267178965,0.7647432030603395,75.11096250215952,0.23696548375979234,0.1846917415837869,0.21082861267178965,0.7647432030603395,75.11096250215952,algorithm_native_internal_best_so_far.v1,true
noise001,QLattice,8,150,150,1.0,0.23677670049304078,0.18531262506569965,0.21104466277937023,0.7660185976093566,75.29732465950654,0.23677670049304078,0.18531262506569965,0.21104466277937023,0.7660185976093566,75.29732465950654,algorithm_native_internal_best_so_far.v1,true
noise001,QLattice,9,150,150,1.0,0.23552197128524213,0.18439066475581284,0.20995631802052747,0.7592749235107411,75.36734329190294,0.23552197128524213,0.18439066475581284,0.20995631802052747,0.7592749235107411,75.36734329190294,algorithm_native_internal_best_so_far.v1,true
noise001,QLattice,10,150,150,1.0,0.23577040217071607,0.1824180576101777,0.20909422989044693,0.7553513951823447,75.38412291453609,0.23577040217071607,0.1824180576101777,0.20909422989044693,0.7553513951823447,75.38412291453609,algorithm_native_internal_best_so_far.v1,true
noise001,QLattice,11,150,150,1.0,0.23519205537960242,0.183122373708884,0.20915721454424333,0.7508077870127985,75.35654616787643,0.23519205537960242,0.183122373708884,0.20915721454424333,0.7508077870127985,75.35654616787643,algorithm_native_internal_best_so_far.v1,true
noise001,QLattice,12,150,150,1.0,0.23676565168063457,0.1823857598172184,0.20957570574892662,0.7516161735165863,75.34030209985828,0.23676565168063457,0.1823857598172184,0.20957570574892662,0.7516161735165863,75.34030209985828,algorithm_native_internal_best_so_far.v1,true
noise001,QLattice,13,150,150,1.0,0.23869528745490654,0.18423151194361478,0.2114633996992608,0.7604765141213823,75.39471358541827,0.23869528745490654,0.18423151194361478,0.2114633996992608,0.7604765141213823,75.39471358541827,algorithm_native_internal_best_so_far.v1,true
noise001,QLattice,14,150,150,1.0,0.23799786066688242,0.18392246085316125,0.21096016076002197,0.7594129651120395,75.43375522297438,0.23799786066688242,0.18392246085316125,0.21096016076002197,0.7594129651120395,75.43375522297438,algorithm_native_internal_best_so_far.v1,true
noise001,QLattice,15,150,150,1.0,0.23782347472349713,0.18488860843222332,0.21135604157786028,0.7605383440418342,75.47509383505499,0.23782347472349713,0.18488860843222332,0.21135604157786028,0.7605383440418342,75.47509383505499,algorithm_native_internal_best_so_far.v1,true
noise001,QLattice,16,150,150,1.0,0.23786801154091536,0.1807235852568519,0.20929579839888363,0.7566689386932783,75.48708133719705,0.23786801154091536,0.1807235852568519,0.20929579839888363,0.7566689386932783,75.48708133719705,algorithm_native_internal_best_so_far.v1,true
noise001,QLattice,17,150,150,1.0,0.238107542487629,0.18096336817894107,0.20953545533328508,0.7501695116989247,75.45942662147324,0.238107542487629,0.18096336817894107,0.20953545533328508,0.7501695116989247,75.45942662147324,algorithm_native_internal_best_so_far.v1,true
noise001,QLattice,18,150,150,1.0,0.23939398061424877,0.1827730469593765,0.21108351378681273,0.7532423724077852,75.45191610032354,0.23939398061424877,0.1827730469593765,0.21108351378681273,0.7532423724077852,75.45191610032354,algorithm_native_internal_best_so_far.v1,true
noise001,QLattice,19,150,150,1.0,0.24078891759791618,0.18433389005347944,0.21256140382569794,0.7564472349495321,75.46206385793563,0.24078891759791618,0.18433389005347944,0.21256140382569794,0.7564472349495321,75.46206385793563,algorithm_native_internal_best_so_far.v1,true
noise001,QLattice,20,150,150,1.0,0.24073216263512842,0.18417107900445237,0.2124516208197905,0.7562147242493918,75.4700342862858,0.24073216263512842,0.18417107900445237,0.2124516208197905,0.7562147242493918,75.4700342862858,algorithm_native_internal_best_so_far.v1,true
noise001,QLattice,21,150,150,1.0,0.24119516615728046,0.1851146410988486,0.2131549036280646,0.7584287701923202,75.48778870214039,0.24119516615728046,0.1851146410988486,0.2131549036280646,0.7584287701923202,75.48778870214039,algorithm_native_internal_best_so_far.v1,true
noise001,QLattice,22,150,150,1.0,0.24288952081501605,0.18625976623580096,0.2145746435254086,0.7613997289516488,75.51743343818696,0.24288952081501605,0.18625976623580096,0.2145746435254086,0.7613997289516488,75.51743343818696,algorithm_native_internal_best_so_far.v1,true
noise001,QLattice,23,150,150,1.0,0.24143232618332688,0.18513617246150663,0.21328424932241682,0.7607837289383498,75.54182211017165,0.24143232618332688,0.18513617246150663,0.21328424932241682,0.7607837289383498,75.54182211017165,algorithm_native_internal_best_so_far.v1,true
noise001,QLattice,24,150,150,1.0,0.24254027588319857,0.1843830057812731,0.2134616408322359,0.759620102201146,75.55932994808593,0.24254027588319857,0.1843830057812731,0.2134616408322359,0.759620102201146,75.55932994808593,algorithm_native_internal_best_so_far.v1,true
noise001,QLattice,25,150,150,1.0,0.24506504587166855,0.18532921457901297,0.21519713022534073,0.7662970504304892,75.60214495188445,0.24506504587166855,0.18532921457901297,0.21519713022534073,0.7662970504304892,75.60214495188445,algorithm_native_internal_best_so_far.v1,true
noise001,QLattice,26,150,150,1.0,0.2456839270808225,0.18690459086010683,0.2162942589704647,0.7671646753714202,75.6450035128559,0.2456839270808225,0.18690459086010683,0.2162942589704647,0.7671646753714202,75.6450035128559,algorithm_native_internal_best_so_far.v1,true
noise001,QLattice,27,150,150,1.0,0.2465707350817638,0.18695058356568392,0.21676065932372388,0.7678332539211143,75.68716358245796,0.2465707350817638,0.18695058356568392,0.21676065932372388,0.7678332539211143,75.68716358245796,algorithm_native_internal_best_so_far.v1,true
noise001,QLattice,28,150,150,1.0,0.24750625457360154,0.18899014367186565,0.2182481991227336,0.7719425482267925,75.7409882696087,0.24750625457360154,0.18899014367186565,0.2182481991227336,0.7719425482267925,75.7409882696087,algorithm_native_internal_best_so_far.v1,true
noise001,QLattice,29,150,150,1.0,0.24726788038933142,0.18768314261374572,0.21747551150153854,0.77023601634351,75.7852163166688,0.24726788038933142,0.18768314261374572,0.21747551150153854,0.77023601634351,75.7852163166688,algorithm_native_internal_best_so_far.v1,true
noise001,QLattice,30,150,150,1.0,0.24675120268697115,0.18812393843288275,0.217437570559927,0.7677213404491885,75.81811357427712,0.24675120268697115,0.18812393843288275,0.217437570559927,0.7677213404491885,75.81811357427712,algorithm_native_internal_best_so_far.v1,true
noise001,QLattice,31,150,150,1.0,0.24570083504362136,0.18641433617749573,0.2160575856105586,0.7639978494635175,75.83687716692471,0.24570083504362136,0.18641433617749573,0.2160575856105586,0.7639978494635175,75.83687716692471,algorithm_native_internal_best_so_far.v1,true
noise001,QLattice,32,150,150,1.0,0.24498923517551896,0.18700118019584194,0.21599520768568045,0.7629710311525856,75.85125922781013,0.24498923517551896,0.18700118019584194,0.21599520768568045,0.7629710311525856,75.85125922781013,algorithm_native_internal_best_so_far.v1,true
noise001,QLattice,33,150,150,1.0,0.24466960890921446,0.18495459187888794,0.21481210039405127,0.7559571297994654,75.8435154021173,0.24466960890921446,0.18495459187888794,0.21481210039405127,0.7559571297994654,75.8435154021173,algorithm_native_internal_best_so_far.v1,true
noise001,QLattice,34,150,150,1.0,0.24516057764521956,0.18504946883198226,0.215105023238601,0.7567302700661884,75.83850103754381,0.24516057764521956,0.18504946883198226,0.215105023238601,0.7567302700661884,75.83850103754381,algorithm_native_internal_best_so_far.v1,true
noise001,QLattice,35,150,150,1.0,0.24498961400535965,0.18508946146207397,0.21503953773371692,0.7565294394181976,75.83319940623741,0.24498961400535965,0.18508946146207397,0.21503953773371692,0.7565294394181976,75.83319940623741,algorithm_native_internal_best_so_far.v1,true
noise001,QLattice,36,150,150,1.0,0.2419952261258696,0.18497809937460308,0.21348666275023645,0.7508271606346024,75.81235264671584,0.2419952261258696,0.18497809937460308,0.21348666275023645,0.7508271606346024,75.81235264671584,algorithm_native_internal_best_so_far.v1,true
noise001,QLattice,37,150,150,1.0,0.2427858713019046,0.18569896302430383,0.21424241716310433,0.7523963617921338,75.7968738232698,0.2427858713019046,0.18569896302430383,0.21424241716310433,0.7523963617921338,75.7968738232698,algorithm_native_internal_best_so_far.v1,true
noise001,QLattice,38,150,150,1.0,0.24286975779557765,0.18495393822888906,0.21391184801223345,0.749997348853054,75.77589648279707,0.24286975779557765,0.18495393822888906,0.21391184801223345,0.749997348853054,75.77589648279707,algorithm_native_internal_best_so_far.v1,true
noise001,QLattice,39,150,150,1.0,0.24295081504340266,0.18511982502153043,0.21403532003246659,0.754061944741939,75.76641694411492,0.24295081504340266,0.18511982502153043,0.21403532003246659,0.754061944741939,75.76641694411492,algorithm_native_internal_best_so_far.v1,true
noise001,QLattice,40,150,150,1.0,0.24276448960290803,0.18709586125294073,0.21493017542792445,0.7590615126518372,75.76991030214165,0.24276448960290803,0.18709586125294073,0.21493017542792445,0.7590615126518372,75.76991030214165,algorithm_native_internal_best_so_far.v1,true
noise001,QLattice,41,150,150,1.0,0.24345384116335766,0.1874353749221348,0.21544460804274632,0.7613758798089905,75.77887805040403,0.24345384116335766,0.1874353749221348,0.21544460804274632,0.7613758798089905,75.77887805040403,algorithm_native_internal_best_so_far.v1,true
noise001,QLattice,42,150,150,1.0,0.243184954755972,0.187845681783296,0.21551531826963408,0.7615988681295157,75.78794968760754,0.243184954755972,0.187845681783296,0.21551531826963408,0.7615988681295157,75.78794968760754,algorithm_native_internal_best_so_far.v1,true
noise001,QLattice,43,150,150,1.0,0.24357487887989715,0.1878650550400166,0.215719966959957,0.7622137849566878,75.79802942732988,0.24357487887989715,0.1878650550400166,0.215719966959957,0.7622137849566878,75.79802942732988,algorithm_native_internal_best_so_far.v1,true
noise001,QLattice,44,150,150,1.0,0.24255751125086444,0.18793630558530566,0.2152469084180851,0.7611681662660621,75.8052745909498,0.24255751125086444,0.18793630558530566,0.2152469084180851,0.7611681662660621,75.8052745909498,algorithm_native_internal_best_so_far.v1,true
noise001,QLattice,45,150,150,1.0,0.24368473308585437,0.18881194775354815,0.2162483404197013,0.7642529112018914,75.81905273604401,0.24368473308585437,0.18881194775354815,0.2162483404197013,0.7642529112018914,75.81905273604401,algorithm_native_internal_best_so_far.v1,true
noise001,QLattice,46,150,150,1.0,0.24410117113329785,0.1878916987936699,0.21599643496348397,0.7638177762240715,75.83128588574756,0.24410117113329785,0.1878916987936699,0.21599643496348397,0.7638177762240715,75.83128588574756,algorithm_native_internal_best_so_far.v1,true
noise001,QLattice,47,150,150,1.0,0.24444945506081509,0.1878398126245375,0.21614463384267638,0.7646625143452457,75.84479579104068,0.24444945506081509,0.1878398126245375,0.21614463384267638,0.7646625143452457,75.84479579104068,algorithm_native_internal_best_so_far.v1,true
noise001,QLattice,48,150,150,1.0,0.24507617574118465,0.18896795551163967,0.21702206562641224,0.7664586859129164,75.86148480771259,0.24507617574118465,0.18896795551163967,0.21702206562641224,0.7664586859129164,75.86148480771259,algorithm_native_internal_best_so_far.v1,true
noise001,QLattice,49,150,150,1.0,0.24023855702913052,0.18712473090153386,0.21368164396533226,0.7547244384619892,75.85354519625312,0.24023855702913052,0.18712473090153386,0.21368164396533226,0.7547244384619892,75.85354519625312,algorithm_native_internal_best_so_far.v1,true
noise001,QLattice,50,150,150,1.0,0.23878770529158824,0.18731223198799782,0.21304996863979309,0.7538100413574091,75.84409437504289,0.23878770529158824,0.18731223198799782,0.21304996863979309,0.7538100413574091,75.84409437504289,algorithm_native_internal_best_so_far.v1,true
noise001,QLattice,51,150,150,1.0,0.23967592934393428,0.18740844672016702,0.21354218803205077,0.755184272846881,75.83770874582025,0.23967592934393428,0.18740844672016702,0.21354218803205077,0.755184272846881,75.83770874582025,algorithm_native_internal_best_so_far.v1,true
noise001,QLattice,52,150,150,1.0,0.2403093204322629,0.18802193337190531,0.21416562690208413,0.7564638932952975,75.8340295262762,0.2403093204322629,0.18802193337190531,0.21416562690208413,0.7564638932952975,75.8340295262762,algorithm_native_internal_best_so_far.v1,true
noise001,QLattice,53,150,150,1.0,0.24037334933997764,0.18871234741831078,0.21454284837914425,0.7570442550958859,75.83158416747077,0.24037334933997764,0.18871234741831078,0.21454284837914425,0.7570442550958859,75.83158416747077,algorithm_native_internal_best_so_far.v1,true
noise001,QLattice,54,150,150,1.0,0.23929564697079583,0.1888173663623183,0.21405650666655712,0.7560713422966848,75.8274276871411,0.23929564697079583,0.1888173663623183,0.21405650666655712,0.7560713422966848,75.8274276871411,algorithm_native_internal_best_so_far.v1,true
noise001,QLattice,55,150,150,1.0,0.239781711662024,0.18842432342388965,0.21410301754295694,0.7562345217139506,75.82371904140027,0.239781711662024,0.18842432342388965,0.21410301754295694,0.7562345217139506,75.82371904140027,algorithm_native_internal_best_so_far.v1,true
noise001,QLattice,56,150,150,1.0,0.23765998729512763,0.1865187018665044,0.21208934458081607,0.750326109619641,75.80959211141032,0.23765998729512763,0.1865187018665044,0.21208934458081607,0.750326109619641,75.80959211141032,algorithm_native_internal_best_so_far.v1,true
noise001,QLattice,57,150,150,1.0,0.2405782909156271,0.18804503408993578,0.21431166250278152,0.7567593814032443,75.80724730490005,0.2405782909156271,0.18804503408993578,0.21431166250278152,0.7567593814032443,75.80724730490005,algorithm_native_internal_best_so_far.v1,true
noise001,QLattice,58,150,150,1.0,0.24135171527247393,0.18785125333324287,0.21460148430285847,0.7572128948320463,75.8057652734915,0.24135171527247393,0.18785125333324287,0.21460148430285847,0.7572128948320463,75.8057652734915,algorithm_native_internal_best_so_far.v1,true
noise001,QLattice,59,150,150,1.0,0.24121883703780492,0.18679857417954238,0.21400870560867372,0.7557501052383055,75.80185417603963,0.24121883703780492,0.18679857417954238,0.21400870560867372,0.7557501052383055,75.80185417603963,algorithm_native_internal_best_so_far.v1,true
noise001,QLattice,60,150,150,1.0,0.24075815560503988,0.18712913181834837,0.21394364371169422,0.7561538104628455,75.7987462905437,0.24075815560503988,0.18712913181834837,0.21394364371169422,0.7561538104628455,75.7987462905437,algorithm_native_internal_best_so_far.v1,true
noise001,QLattice,61,150,150,1.0,0.23768438808459066,0.1842907748795824,0.21098758148208657,0.748789719475677,75.78366802262607,0.23768438808459066,0.1842907748795824,0.21098758148208657,0.748789719475677,75.78366802262607,algorithm_native_internal_best_so_far.v1,true
noise001,QLattice,62,150,150,1.0,0.23753452023622723,0.1849871642021489,0.21126084221918806,0.7499510477605488,75.77094926058459,0.23753452023622723,0.1849871642021489,0.21126084221918806,0.7499510477605488,75.77094926058459,algorithm_native_internal_best_so_far.v1,true
noise001,QLattice,63,150,150,1.0,0.23775895141876888,0.18622041839426437,0.21198968490651665,0.7514907444370155,75.76107823174517,0.23775895141876888,0.18622041839426437,0.21198968490651665,0.7514907444370155,75.76107823174517,algorithm_native_internal_best_so_far.v1,true
noise001,QLattice,64,150,150,1.0,0.23940496084584362,0.1866898272281526,0.2130473940369981,0.7536758846743559,75.75492995417784,0.23940496084584362,0.1866898272281526,0.2130473940369981,0.7536758846743559,75.75492995417784,algorithm_native_internal_best_so_far.v1,true
noise001,QLattice,65,150,150,1.0,0.24001927549003493,0.18734552467496757,0.21368240008250125,0.7525462976402783,75.74723302817554,0.24001927549003493,0.18734552467496757,0.21368240008250125,0.7525462976402783,75.74723302817554,algorithm_native_internal_best_so_far.v1,true
noise001,QLattice,66,150,150,1.0,0.24025056126799862,0.18691384043321957,0.21358220085060917,0.7501420804949109,75.73612658910456,0.24025056126799862,0.18691384043321957,0.21358220085060917,0.7501420804949109,75.73612658910456,algorithm_native_internal_best_so_far.v1,true
noise001,QLattice,67,150,150,1.0,0.23973522151538834,0.1872519637884572,0.21349359265192286,0.7499888219631573,75.72512294145099,0.23973522151538834,0.1872519637884572,0.21349359265192286,0.7499888219631573,75.72512294145099,algorithm_native_internal_best_so_far.v1,true
noise001,QLattice,68,150,150,1.0,0.2398176558106704,0.18717654299935382,0.2134970994050122,0.7502505839839271,75.71482787464132,0.2398176558106704,0.18717654299935382,0.2134970994050122,0.7502505839839271,75.71482787464132,algorithm_native_internal_best_so_far.v1,true
noise001,QLattice,69,150,150,1.0,0.24194865256660814,0.18823973136221334,0.21509419196441076,0.7562459668158407,75.71352017619121,0.24194865256660814,0.18823973136221334,0.21509419196441076,0.7562459668158407,75.71352017619121,algorithm_native_internal_best_so_far.v1,true
noise001,QLattice,70,150,150,1.0,0.24238333395088554,0.18953185342339307,0.21595759368713938,0.7583443672002357,75.71524755538881,0.24238333395088554,0.18953185342339307,0.21595759368713938,0.7583443672002357,75.71524755538881,algorithm_native_internal_best_so_far.v1,true
noise001,QLattice,71,150,150,1.0,0.24225983201480625,0.1891917095273657,0.215725770771086,0.7579243673419048,75.71633472692123,0.24225983201480625,0.1891917095273657,0.215725770771086,0.7579243673419048,75.71633472692123,algorithm_native_internal_best_so_far.v1,true
noise001,QLattice,72,150,150,1.0,0.2425888714291934,0.18964614970192153,0.21611751056555747,0.7588468857971145,75.71867297487665,0.2425888714291934,0.18964614970192153,0.21611751056555747,0.7588468857971145,75.71867297487665,algorithm_native_internal_best_so_far.v1,true
noise001,QLattice,73,150,150,1.0,0.2418145040289091,0.1891720423107047,0.21549327316980693,0.7574363021622712,75.71901485489515,0.2418145040289091,0.1891720423107047,0.21549327316980693,0.7574363021622712,75.71901485489515,algorithm_native_internal_best_so_far.v1,true
noise001,QLattice,74,150,150,1.0,0.24167288588785107,0.1890261082923418,0.21534949709009643,0.7571701070953729,75.71898777184977,0.24167288588785107,0.1890261082923418,0.21534949709009643,0.7571701070953729,75.71898777184977,algorithm_native_internal_best_so_far.v1,true
noise001,QLattice,75,150,150,1.0,0.24047012287400604,0.18737463409241922,0.21392237848321263,0.7496529699048956,75.70893856143162,0.24047012287400604,0.18737463409241922,0.21392237848321263,0.7496529699048956,75.70893856143162,algorithm_native_internal_best_so_far.v1,true
noise001,QLattice,76,150,150,1.0,0.24020180467934377,0.18747460913075617,0.21383820690504998,0.7494830008355002,75.69893016040687,0.24020180467934377,0.18747460913075617,0.21383820690504998,0.7494830008355002,75.69893016040687,algorithm_native_internal_best_so_far.v1,true
noise001,QLattice,77,150,150,1.0,0.24004939151944144,0.18695829391765026,0.2135038427185459,0.7485738877747553,75.68800105153763,0.24004939151944144,0.18695829391765026,0.2135038427185459,0.7485738877747553,75.68800105153763,algorithm_native_internal_best_so_far.v1,true
noise001,QLattice,78,150,150,1.0,0.24039443723094706,0.18676271767828473,0.21357857745461592,0.7482973643282077,75.67699765898998,0.24039443723094706,0.18676271767828473,0.21357857745461592,0.7482973643282077,75.67699765898998,algorithm_native_internal_best_so_far.v1,true
noise001,QLattice,79,150,150,1.0,0.2405932652258574,0.1866634254229513,0.21362834532440436,0.7484978558480292,75.66652662007623,0.2405932652258574,0.1866634254229513,0.21362834532440436,0.7484978558480292,75.66652662007623,algorithm_native_internal_best_so_far.v1,true
noise001,QLattice,80,150,150,1.0,0.24031543233871175,0.1870459608760782,0.21368069660739503,0.7481438686018201,75.65587487307755,0.24031543233871175,0.1870459608760782,0.21368069660739503,0.7481438686018201,75.65587487307755,algorithm_native_internal_best_so_far.v1,true
noise001,QLattice,81,150,150,1.0,0.24009698683432995,0.18704646890189083,0.21357172786811038,0.7478880102646501,75.64517025768727,0.24009698683432995,0.18704646890189083,0.21357172786811038,0.7478880102646501,75.64517025768727,algorithm_native_internal_best_so_far.v1,true
noise001,QLattice,82,150,150,1.0,0.24094402539074744,0.18877162157765223,0.21485782348419982,0.7505555226723807,75.63797979438911,0.24094402539074744,0.18877162157765223,0.21485782348419982,0.7505555226723807,75.63797979438911,algorithm_native_internal_best_so_far.v1,true
noise001,QLattice,83,150,150,1.0,0.24045580293580046,0.18706406537415668,0.21375993415497854,0.7483500734013497,75.62830542747038,0.24045580293580046,0.18706406537415668,0.21375993415497854,0.7483500734013497,75.62830542747038,algorithm_native_internal_best_so_far.v1,true
noise001,QLattice,84,150,150,1.0,0.24005576710385648,0.18656208433347687,0.21330892571866666,0.7475036234149374,75.6178537240659,0.24005576710385648,0.18656208433347687,0.21330892571866666,0.7475036234149374,75.6178537240659,algorithm_native_internal_best_so_far.v1,true
noise001,QLattice,85,150,150,1.0,0.24074089564871437,0.18786838738310824,0.2143046415159113,0.7495816289101447,75.61009265544176,0.24074089564871437,0.18786838738310824,0.2143046415159113,0.7495816289101447,75.61009265544176,algorithm_native_internal_best_so_far.v1,true
noise001,QLattice,86,150,150,1.0,0.24106932041204018,0.18818518279817734,0.21462725160510876,0.7502598942970105,75.60330075746803,0.24106932041204018,0.18818518279817734,0.21462725160510876,0.7502598942970105,75.60330075746803,algorithm_native_internal_best_so_far.v1,true
noise001,QLattice,87,150,150,1.0,0.24014090347724548,0.187410753665555,0.21377582857140023,0.7498766701979106,75.59622450760968,0.24014090347724548,0.187410753665555,0.21377582857140023,0.7498766701979106,75.59622450760968,algorithm_native_internal_best_so_far.v1,true
noise001,QLattice,88,150,150,1.0,0.2407504689033333,0.1870581910637566,0.2139043299835449,0.7499608374245224,75.58940472618744,0.2407504689033333,0.1870581910637566,0.2139043299835449,0.7499608374245224,75.58940472618744,algorithm_native_internal_best_so_far.v1,true
noise001,QLattice,89,150,150,1.0,0.2414866052600036,0.18571857267765499,0.21360258896882925,0.7503002456455952,75.58311955583206,0.2414866052600036,0.18571857267765499,0.21360258896882925,0.7503002456455952,75.58311955583206,algorithm_native_internal_best_so_far.v1,true
noise001,QLattice,90,150,150,1.0,0.2407952627810923,0.186061229458607,0.21342824611984956,0.7501219499887097,75.5767759496436,0.2407952627810923,0.186061229458607,0.21342824611984956,0.7501219499887097,75.5767759496436,algorithm_native_internal_best_so_far.v1,true
noise001,QLattice,91,150,150,1.0,0.24050909069839913,0.18530775657608162,0.2129084236372403,0.7489927882158701,75.56933092625837,0.24050909069839913,0.18530775657608162,0.2129084236372403,0.7489927882158701,75.56933092625837,algorithm_native_internal_best_so_far.v1,true
noise001,QLattice,92,150,150,1.0,0.23982665537162698,0.18477408664428852,0.21230037100795776,0.7470727184176712,75.55996071881825,0.23982665537162698,0.18477408664428852,0.21230037100795776,0.7470727184176712,75.55996071881825,algorithm_native_internal_best_so_far.v1,true
noise001,QLattice,93,150,150,1.0,0.23969498972769918,0.18485825602272818,0.21227662287521368,0.7469377365155849,75.55064687938535,0.23969498972769918,0.18485825602272818,0.21227662287521368,0.7469377365155849,75.55064687938535,algorithm_native_internal_best_so_far.v1,true
noise001,QLattice,94,150,150,1.0,0.2382138468882718,0.18350570324816423,0.21085977506821807,0.7439941683942899,75.53839975130072,0.2382138468882718,0.18350570324816423,0.21085977506821807,0.7439941683942899,75.53839975130072,algorithm_native_internal_best_so_far.v1,true
noise001,QLattice,95,150,150,1.0,0.23755910769210614,0.18410226955476827,0.21083068862343726,0.743845935259591,75.52625442261291,0.23755910769210614,0.18410226955476827,0.21083068862343726,0.743845935259591,75.52625442261291,algorithm_native_internal_best_so_far.v1,true
noise001,QLattice,96,150,150,1.0,0.23730287821618753,0.1836948353265707,0.2104988567713791,0.7431760446327932,75.51366431886984,0.23730287821618753,0.1836948353265707,0.2104988567713791,0.7431760446327932,75.51366431886984,algorithm_native_internal_best_so_far.v1,true
noise001,QLattice,97,150,150,1.0,0.2382061434189146,0.18477255201766465,0.2114893477182896,0.7451282828619349,75.50334642162576,0.2382061434189146,0.18477255201766465,0.2114893477182896,0.7451282828619349,75.50334642162576,algorithm_native_internal_best_so_far.v1,true
noise001,QLattice,98,150,150,1.0,0.23952055282545942,0.1880533297114801,0.21378694126846975,0.7498086545384075,75.49801498317898,0.23952055282545942,0.1880533297114801,0.21378694126846975,0.7498086545384075,75.49801498317898,algorithm_native_internal_best_so_far.v1,true
noise001,QLattice,99,150,150,1.0,0.2406005207285118,0.18833927360678762,0.21446989716764966,0.7511526101148053,75.49414878144465,0.2406005207285118,0.18833927360678762,0.21446989716764966,0.7511526101148053,75.49414878144465,algorithm_native_internal_best_so_far.v1,true
noise001,QLattice,100,150,150,1.0,0.24047754157011955,0.18913343839862234,0.21480548998437096,0.7520462806739758,75.49125357430418,0.24047754157011955,0.18913343839862234,0.21480548998437096,0.7520462806739758,75.49125357430418,algorithm_native_internal_best_so_far.v1,true
noise001,QLattice,101,150,150,1.0,0.2404765342477479,0.18927178018885574,0.21487415721830175,0.7521872069218313,75.48855522893665,0.2404765342477479,0.18927178018885574,0.21487415721830175,0.7521872069218313,75.48855522893665,algorithm_native_internal_best_so_far.v1,true
noise001,QLattice,102,150,150,1.0,0.24086521744637096,0.1889692249686717,0.2149172212075213,0.75236023336977,75.4860794260743,0.24086521744637096,0.1889692249686717,0.2149172212075213,0.75236023336977,75.4860794260743,algorithm_native_internal_best_so_far.v1,true
noise001,QLattice,103,150,150,1.0,0.2404262714987498,0.18804308282908255,0.21423467716391614,0.7509343160515785,75.48226731130812,0.2404262714987498,0.18804308282908255,0.21423467716391614,0.7509343160515785,75.48226731130812,algorithm_native_internal_best_so_far.v1,true
noise001,QLattice,104,150,150,1.0,0.23921570678719248,0.1863367623950309,0.21277623459111167,0.7479067891494469,75.47561742288157,0.23921570678719248,0.1863367623950309,0.21277623459111167,0.7479067891494469,75.47561742288157,algorithm_native_internal_best_so_far.v1,true
noise001,QLattice,105,150,150,1.0,0.23914521658992086,0.18741942075660895,0.21328231867326486,0.7492680161447437,75.47039060565862,0.23914521658992086,0.18741942075660895,0.21328231867326486,0.7492680161447437,75.47039060565862,algorithm_native_internal_best_so_far.v1,true
noise001,QLattice,106,150,150,1.0,0.23655600874036342,0.1881578289322114,0.21235691883628738,0.744340782011964,75.46061407354105,0.23655600874036342,0.1881578289322114,0.21235691883628738,0.744340782011964,75.46061407354105,algorithm_native_internal_best_so_far.v1,true
noise001,QLattice,107,150,150,1.0,0.23702884122741025,0.18750250378856023,0.2122656725079852,0.7439726599064823,75.45067624099065,0.23702884122741025,0.18750250378856023,0.2122656725079852,0.7439726599064823,75.45067624099065,algorithm_native_internal_best_so_far.v1,true
noise001,QLattice,108,150,150,1.0,0.2366881971303011,0.18751955315576982,0.21210387514303536,0.7435426287688666,75.44052426539709,0.2366881971303011,0.18751955315576982,0.21210387514303536,0.7435426287688666,75.44052426539709,algorithm_native_internal_best_so_far.v1,true
noise001,QLattice,109,150,150,1.0,0.23664439426941855,0.1870624063534438,0.21185340031143113,0.7427595554523359,75.42984014869836,0.23664439426941855,0.1870624063534438,0.21185340031143113,0.7427595554523359,75.42984014869836,algorithm_native_internal_best_so_far.v1,true
noise001,QLattice,110,150,150,1.0,0.23674690744973328,0.18706178778525318,0.21190434761749322,0.7429813999335253,75.41955196546793,0.23674690744973328,0.18706178778525318,0.21190434761749322,0.7429813999335253,75.41955196546793,algorithm_native_internal_best_so_far.v1,true
noise001,QLattice,111,150,150,1.0,0.23663911706208207,0.18604417601999354,0.2113416465410378,0.7417176838725473,75.40831067197051,0.23663911706208207,0.18604417601999354,0.2113416465410378,0.7417176838725473,75.40831067197051,algorithm_native_internal_best_so_far.v1,true
noise001,QLattice,112,150,150,1.0,0.236638972072549,0.1860441332141866,0.21134155264336785,0.7417174864591941,75.39726993959506,0.236638972072549,0.1860441332141866,0.21134155264336785,0.7417174864591941,75.39726993959506,algorithm_native_internal_best_so_far.v1,true
noise001,QLattice,113,150,150,1.0,0.23691280739978732,0.18604876916769664,0.21148078828374195,0.7424700351498619,75.38709059070472,0.23691280739978732,0.18604876916769664,0.21148078828374195,0.7424700351498619,75.38709059070472,algorithm_native_internal_best_so_far.v1,true
noise001,QLattice,114,150,150,1.0,0.23652372278669168,0.1856206185255058,0.21107217065609873,0.7418456508239712,75.3765421213336,0.23652372278669168,0.1856206185255058,0.21107217065609873,0.7418456508239712,75.3765421213336,algorithm_native_internal_best_so_far.v1,true
noise001,QLattice,115,150,150,1.0,0.23602906731692372,0.18452754280772898,0.2102783050623263,0.7402484526786867,75.3647882356513,0.23602906731692372,0.18452754280772898,0.2102783050623263,0.7402484526786867,75.3647882356513,algorithm_native_internal_best_so_far.v1,true
noise001,QLattice,116,150,150,1.0,0.23682769518715144,0.1853460545904792,0.21108687488881525,0.7417386531253777,75.35452165872792,0.23682769518715144,0.1853460545904792,0.21108687488881525,0.7417386531253777,75.35452165872792,algorithm_native_internal_best_so_far.v1,true
noise001,QLattice,117,150,150,1.0,0.23682770216504603,0.18534605439979926,0.2110868782824226,0.7417386602602023,75.34443058494408,0.23682770216504603,0.18534605439979926,0.2110868782824226,0.7417386602602023,75.34443058494408,algorithm_native_internal_best_so_far.v1,true
noise001,QLattice,118,150,150,1.0,0.2371566891364632,0.18616094610861098,0.21165881762253705,0.7425759294529366,75.33522009647247,0.2371566891364632,0.18616094610861098,0.21165881762253705,0.7425759294529366,75.33522009647247,algorithm_native_internal_best_so_far.v1,true
noise001,QLattice,119,150,150,1.0,0.23677912477352933,0.18570826502830234,0.21124369490091577,0.7419803588425283,75.32566392662189,0.23677912477352933,0.18570826502830234,0.21124369490091577,0.7419803588425283,75.32566392662189,algorithm_native_internal_best_so_far.v1,true
noise001,QLattice,120,150,150,1.0,0.23677912477352933,0.18570826502830234,0.21124369490091577,0.7419803588425283,75.3162670262688,0.23677912477352933,0.18570826502830234,0.21124369490091577,0.7419803588425283,75.3162670262688,algorithm_native_internal_best_so_far.v1,true
noise001,QLattice,121,150,150,1.0,0.2373067146987681,0.186108041719486,0.21170737820912705,0.7427710130726607,75.30767887983076,0.2373067146987681,0.186108041719486,0.21170737820912705,0.7427710130726607,75.30767887983076,algorithm_native_internal_best_so_far.v1,true
noise001,QLattice,122,150,150,1.0,0.23643413681858647,0.18837762187874327,0.21240587934866484,0.7446328282840348,75.3007576007207,0.23643413681858647,0.18837762187874327,0.21240587934866484,0.7446328282840348,75.3007576007207,algorithm_native_internal_best_so_far.v1,true
noise001,QLattice,123,150,150,1.0,0.23604737543209514,0.18848541799719115,0.2122663967146431,0.7441439069541581,75.29355136571823,0.23604737543209514,0.18848541799719115,0.2122663967146431,0.7441439069541581,75.29355136571823,algorithm_native_internal_best_so_far.v1,true
noise001,QLattice,124,150,150,1.0,0.23598249436081217,0.18847877117187986,0.212230632766346,0.7440596670558574,75.28639342491071,0.23598249436081217,0.18847877117187986,0.212230632766346,0.7440596670558574,75.28639342491071,algorithm_native_internal_best_so_far.v1,true
noise001,QLattice,125,150,150,1.0,0.23697173384668938,0.18961273437338666,0.21329223411003798,0.7462896759639008,75.28113401828256,0.23697173384668938,0.18961273437338666,0.21329223411003798,0.7462896759639008,75.28113401828256,algorithm_native_internal_best_so_far.v1,true
noise001,QLattice,126,150,150,1.0,0.23684480628566484,0.18700396531642852,0.2119243858010467,0.7431895739625762,75.27349769588552,0.23684480628566484,0.18700396531642852,0.2119243858010467,0.7431895739625762,75.27349769588552,algorithm_native_internal_best_so_far.v1,true
noise001,QLattice,127,150,150,1.0,0.2372137245722124,0.18714298676801608,0.21217835567011423,0.743634578159304,75.26633202753942,0.2372137245722124,0.18714298676801608,0.21217835567011423,0.743634578159304,75.26633202753942,algorithm_native_internal_best_so_far.v1,true
noise001,QLattice,128,150,150,1.0,0.23746525519987813,0.1879359465357063,0.21270060086779224,0.7447762614322012,75.26017026281818,0.23746525519987813,0.1879359465357063,0.21270060086779224,0.7447762614322012,75.26017026281818,algorithm_native_internal_best_so_far.v1,true
noise001,QLattice,129,150,150,1.0,0.23742137981360878,0.18755088904272227,0.21248613442816555,0.7443859373286511,75.25380145250845,0.23742137981360878,0.18755088904272227,0.21248613442816555,0.7443859373286511,75.25380145250845,algorithm_native_internal_best_so_far.v1,true
noise001,QLattice,130,150,150,1.0,0.23721861663272767,0.1877492898419947,0.21248395323736122,0.7443816222879227,75.24752730463372,0.23721861663272767,0.1877492898419947,0.21248395323736122,0.7443816222879227,75.24752730463372,algorithm_native_internal_best_so_far.v1,true
noise001,QLattice,131,150,150,1.0,0.23720163785381942,0.18784426212968658,0.21252294999175303,0.7444964676213502,75.2414366134696,0.23720163785381942,0.18784426212968658,0.21252294999175303,0.7444964676213502,75.2414366134696,algorithm_native_internal_best_so_far.v1,true
noise001,QLattice,132,150,150,1.0,0.2376702062269615,0.1882599446819343,0.2129650754544479,0.7453315418714258,75.23607083751257,0.2376702062269615,0.1882599446819343,0.2129650754544479,0.7453315418714258,75.23607083751257,algorithm_native_internal_best_so_far.v1,true
noise001,QLattice,133,150,150,1.0,0.23724965862862282,0.1889169565747756,0.2130833076016992,0.7455910156828778,75.23098084300712,0.23724965862862282,0.1889169565747756,0.2130833076016992,0.7455910156828778,75.23098084300712,algorithm_native_internal_best_so_far.v1,true
noise001,QLattice,134,150,150,1.0,0.23724965862862282,0.1889169565747756,0.2130833076016992,0.7455910156828778,75.22596681856892,0.23724965862862282,0.1889169565747756,0.2130833076016992,0.7455910156828778,75.22596681856892,algorithm_native_internal_best_so_far.v1,true
noise001,QLattice,135,150,150,1.0,0.23785426666444043,0.19046729911763796,0.21416078289103918,0.7475191701710358,75.22245533855806,0.23785426666444043,0.19046729911763796,0.21416078289103918,0.7475191701710358,75.22245533855806,algorithm_native_internal_best_so_far.v1,true
noise001,QLattice,136,150,150,1.0,0.237752295788852,0.1904893966200999,0.2141208462044759,0.7474470185644521,75.21894244530723,0.237752295788852,0.1904893966200999,0.2141208462044759,0.7474470185644521,75.21894244530723,algorithm_native_internal_best_so_far.v1,true
noise001,QLattice,137,150,150,1.0,0.23734257676153453,0.18847466911550054,0.2129086229385175,0.7451011903831639,75.21376855182555,0.23734257676153453,0.18847466911550054,0.2129086229385175,0.7451011903831639,75.21376855182555,algorithm_native_internal_best_so_far.v1,true
noise001,QLattice,138,150,150,1.0,0.2373415620422314,0.18847440870418353,0.21290798537320743,0.7450989051594246,75.20866798634815,0.2373415620422314,0.18847440870418353,0.21290798537320743,0.7450989051594246,75.20866798634815,algorithm_native_internal_best_so_far.v1,true
noise001,QLattice,139,150,150,1.0,0.23801596108120318,0.18855635122169115,0.21328615615144714,0.7459549242586828,75.20425665138066,0.23801596108120318,0.18855635122169115,0.21328615615144714,0.7459549242586828,75.20425665138066,algorithm_native_internal_best_so_far.v1,true
noise001,QLattice,140,150,150,1.0,0.23809519930084774,0.18879025938917565,0.21344272934501157,0.7462540385845903,75.20012198857408,0.23809519930084774,0.18879025938917565,0.21344272934501157,0.7462540385845903,75.20012198857408,algorithm_native_internal_best_so_far.v1,true
noise001,QLattice,141,150,150,1.0,0.23796393954528308,0.18871248384396083,0.21333821169462183,0.7460615005184624,75.19590942164693,0.23796393954528308,0.18871248384396083,0.21333821169462183,0.7460615005184624,75.19590942164693,algorithm_native_internal_best_so_far.v1,true
noise001,QLattice,142,150,150,1.0,0.23903500357544796,0.18989915384974837,0.2144670787125981,0.7488652561697305,75.19373066245909,0.23903500357544796,0.18989915384974837,0.2144670787125981,0.7488652561697305,75.19373066245909,algorithm_native_internal_best_so_far.v1,true
noise001,QLattice,143,150,150,1.0,0.23916025927248924,0.19004647665472565,0.2146033679636074,0.7491398444561879,75.19177439520845,0.23916025927248924,0.19004647665472565,0.2146033679636074,0.7491398444561879,75.19177439520845,algorithm_native_internal_best_so_far.v1,true
noise001,QLattice,144,150,150,1.0,0.23903012416747732,0.18991112905245444,0.21447062660996583,0.7488855024859543,75.18966867196809,0.23903012416747732,0.18991112905245444,0.21447062660996583,0.7488855024859543,75.18966867196809,algorithm_native_internal_best_so_far.v1,true
noise001,QLattice,145,150,150,1.0,0.2389511319199284,0.19058770790710777,0.21476941991351808,0.7495137445706013,75.18802526358941,0.2389511319199284,0.19058770790710777,0.21476941991351808,0.7495137445706013,75.18802526358941,algorithm_native_internal_best_so_far.v1,true
noise001,QLattice,146,150,150,1.0,0.23806496501889532,0.1882050218142273,0.21313499341656122,0.7455622423126689,75.18369785925844,0.23806496501889532,0.1882050218142273,0.21313499341656122,0.7455622423126689,75.18369785925844,algorithm_native_internal_best_so_far.v1,true
noise001,QLattice,147,150,150,1.0,0.23833618012562738,0.1878511610163769,0.21309367057100212,0.7456345789491821,75.17947853977313,0.23833618012562738,0.1878511610163769,0.21309367057100212,0.7456345789491821,75.17947853977313,algorithm_native_internal_best_so_far.v1,true
noise001,QLattice,148,150,150,1.0,0.23913863032145982,0.18776652505894945,0.21345257769020465,0.7461830401765649,75.1756868200291,0.23913863032145982,0.18776652505894945,0.21345257769020465,0.7461830401765649,75.1756868200291,algorithm_native_internal_best_so_far.v1,true
noise001,QLattice,149,150,150,1.0,0.23999346192602589,0.18895608968927868,0.21447477580765223,0.749084641177763,75.17389337907439,0.23999346192602589,0.18895608968927868,0.21447477580765223,0.749084641177763,75.17389337907439,algorithm_native_internal_best_so_far.v1,true
noise001,QLattice,150,150,150,1.0,0.2395307726092759,0.18835829623704772,0.21394453442316178,0.7479708085038965,75.1713812955498,0.2395307726092759,0.18835829623704772,0.21394453442316178,0.7479708085038965,75.1713812955498,algorithm_native_internal_best_so_far.v1,true
noise001,QLattice,151,150,150,1.0,0.23954595190965677,0.18829062009719125,0.21391828600342397,0.7479238471477495,75.16887138441885,0.23954595190965677,0.18829062009719125,0.21391828600342397,0.7479238471477495,75.16887138441885,algorithm_native_internal_best_so_far.v1,true
noise001,QLattice,152,150,150,1.0,0.23960765838204903,0.18832145403838824,0.21396455621021854,0.7482827655502103,75.16663062896228,0.23960765838204903,0.18832145403838824,0.21396455621021854,0.7482827655502103,75.16663062896228,algorithm_native_internal_best_so_far.v1,true
noise001,QLattice,153,150,150,1.0,0.24026147863863315,0.18822023157692902,0.21424085510778104,0.7489846683893565,75.16487792445231,0.24026147863863315,0.18822023157692902,0.21424085510778104,0.7489846683893565,75.16487792445231,algorithm_native_internal_best_so_far.v1,true
noise001,QLattice,154,150,150,1.0,0.23976220164360607,0.18829655147977165,0.21402937656168888,0.7485132395258325,75.16284185969992,0.23976220164360607,0.18829655147977165,0.21402937656168888,0.7485132395258325,75.16284185969992,algorithm_native_internal_best_so_far.v1,true
noise001,QLattice,155,150,150,1.0,0.2398063304639338,0.18850422681859388,0.2141552786412638,0.7490849572410133,75.1612009168896,0.2398063304639338,0.18850422681859388,0.2141552786412638,0.7490849572410133,75.1612009168896,algorithm_native_internal_best_so_far.v1,true
noise001,QLattice,156,150,150,1.0,0.24007721931460135,0.18851065574667583,0.21429393753063858,0.7493216294251852,75.15973272474619,0.24007721931460135,0.18851065574667583,0.21429393753063858,0.7493216294251852,75.15973272474619,algorithm_native_internal_best_so_far.v1,true
noise001,QLattice,157,150,150,1.0,0.24022941727786687,0.1884382514108788,0.21433383434437284,0.7494740118333617,75.15838029454612,0.24022941727786687,0.1884382514108788,0.21433383434437284,0.7494740118333617,75.15838029454612,algorithm_native_internal_best_so_far.v1,true
noise001,QLattice,158,150,150,1.0,0.23996613722945545,0.18850897495615765,0.2142375560928065,0.7493075836330815,75.15693964941171,0.23996613722945545,0.18850897495615765,0.2142375560928065,0.7493075836330815,75.15693964941171,algorithm_native_internal_best_so_far.v1,true
noise001,QLattice,159,150,150,1.0,0.24016354977822574,0.18904134080105925,0.21460244528964248,0.7499648085041207,75.15593047457523,0.24016354977822574,0.18904134080105925,0.21460244528964248,0.7499648085041207,75.15593047457523,algorithm_native_internal_best_so_far.v1,true
noise001,QLattice,160,150,150,1.0,0.24092704700148682,0.1903822552748648,0.2156546511381758,0.7519227552290991,75.15615763112733,0.24092704700148682,0.1903822552748648,0.2156546511381758,0.7519227552290991,75.15615763112733,algorithm_native_internal_best_so_far.v1,true
noise001,QLattice,161,150,150,1.0,0.24123110218072621,0.18975376169541822,0.21549243193807224,0.751947095512038,75.15639708404706,0.24123110218072621,0.18975376169541822,0.21549243193807224,0.751947095512038,75.15639708404706,algorithm_native_internal_best_so_far.v1,true
noise001,QLattice,162,150,150,1.0,0.24124933833502424,0.1898683901465563,0.2155588642407903,0.7520632218225425,75.15670526366561,0.24124933833502424,0.1898683901465563,0.2155588642407903,0.7520632218225425,75.15670526366561,algorithm_native_internal_best_so_far.v1,true
noise001,QLattice,163,150,150,1.0,0.24066466665634853,0.1896126893316667,0.21513867799400765,0.7513131027307448,75.15654946617732,0.24066466665634853,0.1896126893316667,0.21513867799400765,0.7513131027307448,75.15654946617732,algorithm_native_internal_best_so_far.v1,true
noise001,QLattice,164,150,150,1.0,0.2406006410524266,0.18972786439369108,0.21516425272305886,0.75073460663695,75.1560428271378,0.2406006410524266,0.18972786439369108,0.21516425272305886,0.75073460663695,75.1560428271378,algorithm_native_internal_best_so_far.v1,true
noise001,QLattice,165,150,150,1.0,0.2416797578822035,0.19038894683994154,0.21603435236107255,0.7524935077117803,75.15660832982896,0.2416797578822035,0.19038894683994154,0.21603435236107255,0.7524935077117803,75.15660832982896,algorithm_native_internal_best_so_far.v1,true
noise001,QLattice,166,150,150,1.0,0.2444759689756885,0.19165508445928262,0.21806552671748552,0.7589491578347977,75.1610559650919,0.2444759689756885,0.19165508445928262,0.21806552671748552,0.7589491578347977,75.1610559650919,algorithm_native_internal_best_so_far.v1,true
noise001,QLattice,167,150,150,1.0,0.24414306732197366,0.19121937066229663,0.2176812189921351,0.7574534952435492,75.16455472891984,0.24414306732197366,0.19121937066229663,0.2176812189921351,0.7574534952435492,75.16455472891984,algorithm_native_internal_best_so_far.v1,true
noise001,QLattice,168,150,150,1.0,0.24292096258834783,0.19100226614109606,0.21696161436472194,0.7564050426439858,75.16738776186911,0.24292096258834783,0.19100226614109606,0.21696161436472194,0.7564050426439858,75.16738776186911,algorithm_native_internal_best_so_far.v1,true
noise001,QLattice,169,150,150,1.0,0.24321444811459964,0.19088556137006213,0.21705000474233094,0.7563627261242546,75.17016222844046,0.24321444811459964,0.19088556137006213,0.21705000474233094,0.7563627261242546,75.17016222844046,algorithm_native_internal_best_so_far.v1,true
noise001,QLattice,170,150,150,1.0,0.2429522438460757,0.19012985786889014,0.2165410508574829,0.7553069506881568,75.17228300985441,0.2429522438460757,0.19012985786889014,0.2165410508574829,0.7553069506881568,75.17228300985441,algorithm_native_internal_best_so_far.v1,true
noise001,QLattice,171,150,150,1.0,0.24316581375876656,0.19020308754914253,0.21668445065395456,0.7555628219270057,75.17452861911083,0.24316581375876656,0.19020308754914253,0.21668445065395456,0.7555628219270057,75.17452861911083,algorithm_native_internal_best_so_far.v1,true
noise001,QLattice,172,150,150,1.0,0.2432503504978009,0.19012779202018057,0.21668907125899078,0.7555618260133713,75.17674753761216,0.2432503504978009,0.19012779202018057,0.21668907125899078,0.7555618260133713,75.17674753761216,algorithm_native_internal_best_so_far.v1,true
noise001,QLattice,173,150,150,1.0,0.24278863752407712,0.18942682419477067,0.2161077308594239,0.7543138149249461,75.17821941018373,0.24278863752407712,0.18942682419477067,0.2161077308594239,0.7543138149249461,75.17821941018373,algorithm_native_internal_best_so_far.v1,true
noise001,QLattice,174,150,150,1.0,0.24259995615194258,0.1900093567054451,0.21630465642869387,0.7546514705749477,75.17986841965103,0.24259995615194258,0.1900093567054451,0.21630465642869387,0.7546514705749477,75.17986841965103,algorithm_native_internal_best_so_far.v1,true
noise001,QLattice,175,150,150,1.0,0.2421613067869087,0.19030991958128637,0.21623561318409756,0.7536932320035095,75.18095101839789,0.2421613067869087,0.19030991958128637,0.21623561318409756,0.7536932320035095,75.18095101839789,algorithm_native_internal_best_so_far.v1,true
noise001,QLattice,176,150,150,1.0,0.24212672570831884,0.18997966593561563,0.21605319582196728,0.7535555884380849,75.181943108315,0.24212672570831884,0.18997966593561563,0.21605319582196728,0.7535555884380849,75.181943108315,algorithm_native_internal_best_so_far.v1,true
noise001,QLattice,177,150,150,1.0,0.2418415572170447,0.18972430499881507,0.2157829311079299,0.7531353360396792,75.18268655744298,0.2418415572170447,0.18972430499881507,0.2157829311079299,0.7531353360396792,75.18268655744298,algorithm_native_internal_best_so_far.v1,true
noise001,QLattice,178,150,150,1.0,0.2418464487912172,0.18972957994376047,0.21578801436748882,0.7531655572764878,75.18343863143289,0.2418464487912172,0.18972957994376047,0.21578801436748882,0.7531655572764878,75.18343863143289,algorithm_native_internal_best_so_far.v1,true
noise001,QLattice,179,150,150,1.0,0.24281015464557199,0.18996046045967405,0.21638530755262295,0.7542522602514412,75.18478939899552,0.24281015464557199,0.18996046045967405,0.21638530755262295,0.7542522602514412,75.18478939899552,algorithm_native_internal_best_so_far.v1,true
noise001,QLattice,180,150,150,1.0,0.24281015464557199,0.18996046045967405,0.21638530755262295,0.7542522602514412,75.18612515802968,0.24281015464557199,0.18996046045967405,0.21638530755262295,0.7542522602514412,75.18612515802968,algorithm_native_internal_best_so_far.v1,true
noise001,ragsr,1,150,150,1.0,0.034001921747336745,0.03514742196947183,0.03457467185840428,0.34,34.0,0.034001921747336745,0.03514742196947183,0.03457467185840428,0.34,34.0,algorithm_native_internal_best_so_far.v1,true
noise001,ragsr,2,150,150,1.0,0.04253833918905309,0.043975973733382925,0.04325715646121801,0.4,37.0,0.04253833918905309,0.043975973733382925,0.04325715646121801,0.4,37.0,algorithm_native_internal_best_so_far.v1,true
noise001,ragsr,3,150,150,1.0,0.04308483876393944,0.04433845254531337,0.043711645654626416,0.42,38.666666666666664,0.04308483876393944,0.04433845254531337,0.043711645654626416,0.42,38.666666666666664,algorithm_native_internal_best_so_far.v1,true
noise001,ragsr,4,150,150,1.0,0.0447513451867377,0.04685785014305127,0.04580459766489449,0.4533333333333333,40.33333333333333,0.0447513451867377,0.04685785014305127,0.04580459766489449,0.4533333333333333,40.33333333333333,algorithm_native_internal_best_so_far.v1,true
noise001,ragsr,5,150,150,1.0,0.045458409402707525,0.047807273980226155,0.04663284169146684,0.46,41.46666666666666,0.045458409402707525,0.047807273980226155,0.04663284169146684,0.46,41.46666666666666,algorithm_native_internal_best_so_far.v1,true
noise001,ragsr,6,150,150,1.0,0.04559742178990158,0.04827522557662813,0.04693632368326486,0.4666666666666667,42.333333333333336,0.04559742178990158,0.04827522557662813,0.04693632368326486,0.4666666666666667,42.333333333333336,algorithm_native_internal_best_so_far.v1,true
noise001,ragsr,7,150,150,1.0,0.04749345992623537,0.049490115934883595,0.048491787930559506,0.4866666666666667,43.23809523809524,0.04749345992623537,0.049490115934883595,0.048491787930559506,0.4866666666666667,43.23809523809524,algorithm_native_internal_best_so_far.v1,true
noise001,ragsr,8,150,150,1.0,0.04749345992623537,0.049490115934883595,0.048491787930559506,0.4866666666666667,43.91666666666667,0.04749345992623537,0.049490115934883595,0.048491787930559506,0.4866666666666667,43.91666666666667,algorithm_native_internal_best_so_far.v1,true
noise001,ragsr,9,150,150,1.0,0.04749345992623537,0.049490115934883595,0.048491787930559506,0.4866666666666667,44.44444444444444,0.04749345992623537,0.049490115934883595,0.048491787930559506,0.4866666666666667,44.44444444444444,algorithm_native_internal_best_so_far.v1,true
noise001,ragsr,10,150,150,1.0,0.04781804193473859,0.049610293249305194,0.04871416759202191,0.5,45.0,0.04781804193473859,0.049610293249305194,0.04871416759202191,0.5,45.0,algorithm_native_internal_best_so_far.v1,true
noise001,ragsr,11,150,150,1.0,0.04781804193473859,0.049610293249305194,0.04871416759202191,0.5,45.45454545454545,0.04781804193473859,0.049610293249305194,0.04871416759202191,0.5,45.45454545454545,algorithm_native_internal_best_so_far.v1,true
noise001,ragsr,12,150,150,1.0,0.04781804193473859,0.049610293249305194,0.04871416759202191,0.5,45.833333333333336,0.04781804193473859,0.049610293249305194,0.04871416759202191,0.5,45.833333333333336,algorithm_native_internal_best_so_far.v1,true
noise001,ragsr,13,150,150,1.0,0.04781804193473859,0.049610293249305194,0.04871416759202191,0.5,46.15384615384615,0.04781804193473859,0.049610293249305194,0.04871416759202191,0.5,46.15384615384615,algorithm_native_internal_best_so_far.v1,true
noise001,ragsr,14,150,150,1.0,0.04781804193473859,0.049610293249305194,0.04871416759202191,0.5,46.42857142857143,0.04781804193473859,0.049610293249305194,0.04871416759202191,0.5,46.42857142857143,algorithm_native_internal_best_so_far.v1,true
noise001,ragsr,15,150,150,1.0,0.04781804193473859,0.049610293249305194,0.04871416759202191,0.5,46.666666666666664,0.04781804193473859,0.049610293249305194,0.04871416759202191,0.5,46.666666666666664,algorithm_native_internal_best_so_far.v1,true
noise001,ragsr,16,150,150,1.0,0.04781804193473859,0.049610293249305194,0.04871416759202191,0.5,46.875,0.04781804193473859,0.049610293249305194,0.04871416759202191,0.5,46.875,algorithm_native_internal_best_so_far.v1,true
noise001,ragsr,17,150,150,1.0,0.04781804193473859,0.049610293249305194,0.04871416759202191,0.5,47.05882352941177,0.04781804193473859,0.049610293249305194,0.04871416759202191,0.5,47.05882352941177,algorithm_native_internal_best_so_far.v1,true
noise001,ragsr,18,150,150,1.0,0.04781804193473859,0.049610293249305194,0.04871416759202191,0.5,47.22222222222222,0.04781804193473859,0.049610293249305194,0.04871416759202191,0.5,47.22222222222222,algorithm_native_internal_best_so_far.v1,true
noise001,ragsr,19,150,150,1.0,0.04781804193473859,0.049610293249305194,0.04871416759202191,0.5,47.36842105263158,0.04781804193473859,0.049610293249305194,0.04871416759202191,0.5,47.36842105263158,algorithm_native_internal_best_so_far.v1,true
noise001,ragsr,20,150,150,1.0,0.04781804193473859,0.049610293249305194,0.04871416759202191,0.5,47.5,0.04781804193473859,0.049610293249305194,0.04871416759202191,0.5,47.5,algorithm_native_internal_best_so_far.v1,true
noise001,ragsr,21,150,150,1.0,0.04781804193473859,0.049610293249305194,0.04871416759202191,0.5,47.61904761904762,0.04781804193473859,0.049610293249305194,0.04871416759202191,0.5,47.61904761904762,algorithm_native_internal_best_so_far.v1,true
noise001,ragsr,22,150,150,1.0,0.04781804193473859,0.049610293249305194,0.04871416759202191,0.5,47.72727272727273,0.04781804193473859,0.049610293249305194,0.04871416759202191,0.5,47.72727272727273,algorithm_native_internal_best_so_far.v1,true
noise001,ragsr,23,150,150,1.0,0.04781804193473859,0.049610293249305194,0.04871416759202191,0.5,47.82608695652174,0.04781804193473859,0.049610293249305194,0.04871416759202191,0.5,47.82608695652174,algorithm_native_internal_best_so_far.v1,true
noise001,ragsr,24,150,150,1.0,0.04781804193473859,0.049610293249305194,0.04871416759202191,0.5,47.916666666666664,0.04781804193473859,0.049610293249305194,0.04871416759202191,0.5,47.916666666666664,algorithm_native_internal_best_so_far.v1,true
noise001,ragsr,25,150,150,1.0,0.04781804193473859,0.049610293249305194,0.04871416759202191,0.5,48.0,0.04781804193473859,0.049610293249305194,0.04871416759202191,0.5,48.0,algorithm_native_internal_best_so_far.v1,true
noise001,ragsr,26,150,150,1.0,0.04781804193473859,0.049610293249305194,0.04871416759202191,0.5,48.07692307692308,0.04781804193473859,0.049610293249305194,0.04871416759202191,0.5,48.07692307692308,algorithm_native_internal_best_so_far.v1,true
noise001,ragsr,27,150,150,1.0,0.04781804193473859,0.049610293249305194,0.04871416759202191,0.5,48.148148148148145,0.04781804193473859,0.049610293249305194,0.04871416759202191,0.5,48.148148148148145,algorithm_native_internal_best_so_far.v1,true
noise001,ragsr,28,150,150,1.0,0.04781804193473859,0.049610293249305194,0.04871416759202191,0.5,48.214285714285715,0.04781804193473859,0.049610293249305194,0.04871416759202191,0.5,48.214285714285715,algorithm_native_internal_best_so_far.v1,true
noise001,ragsr,29,150,150,1.0,0.04781804193473859,0.049610293249305194,0.04871416759202191,0.5,48.275862068965516,0.04781804193473859,0.049610293249305194,0.04871416759202191,0.5,48.275862068965516,algorithm_native_internal_best_so_far.v1,true
noise001,ragsr,30,150,150,1.0,0.04781804193473859,0.049610293249305194,0.04871416759202191,0.5,48.333333333333336,0.04781804193473859,0.049610293249305194,0.04871416759202191,0.5,48.333333333333336,algorithm_native_internal_best_so_far.v1,true
noise001,ragsr,31,150,150,1.0,0.04781804193473859,0.049610293249305194,0.04871416759202191,0.5,48.38709677419355,0.04781804193473859,0.049610293249305194,0.04871416759202191,0.5,48.38709677419355,algorithm_native_internal_best_so_far.v1,true
noise001,ragsr,32,150,150,1.0,0.04781804193473859,0.049610293249305194,0.04871416759202191,0.5,48.4375,0.04781804193473859,0.049610293249305194,0.04871416759202191,0.5,48.4375,algorithm_native_internal_best_so_far.v1,true
noise001,ragsr,33,150,150,1.0,0.04781804193473859,0.049610293249305194,0.04871416759202191,0.5,48.484848484848484,0.04781804193473859,0.049610293249305194,0.04871416759202191,0.5,48.484848484848484,algorithm_native_internal_best_so_far.v1,true
noise001,ragsr,34,150,150,1.0,0.04781804193473859,0.049610293249305194,0.04871416759202191,0.5,48.529411764705884,0.04781804193473859,0.049610293249305194,0.04871416759202191,0.5,48.529411764705884,algorithm_native_internal_best_so_far.v1,true
noise001,ragsr,35,150,150,1.0,0.04781804193473859,0.049610293249305194,0.04871416759202191,0.5,48.57142857142857,0.04781804193473859,0.049610293249305194,0.04871416759202191,0.5,48.57142857142857,algorithm_native_internal_best_so_far.v1,true
noise001,ragsr,36,150,150,1.0,0.04781804193473859,0.049610293249305194,0.04871416759202191,0.5,48.611111111111114,0.04781804193473859,0.049610293249305194,0.04871416759202191,0.5,48.611111111111114,algorithm_native_internal_best_so_far.v1,true
noise001,ragsr,37,150,150,1.0,0.04781804193473859,0.049610293249305194,0.04871416759202191,0.5,48.648648648648646,0.04781804193473859,0.049610293249305194,0.04871416759202191,0.5,48.648648648648646,algorithm_native_internal_best_so_far.v1,true
noise001,ragsr,38,150,150,1.0,0.04781804193473859,0.049610293249305194,0.04871416759202191,0.5,48.68421052631579,0.04781804193473859,0.049610293249305194,0.04871416759202191,0.5,48.68421052631579,algorithm_native_internal_best_so_far.v1,true
noise001,ragsr,39,150,150,1.0,0.04781804193473859,0.049610293249305194,0.04871416759202191,0.5,48.717948717948715,0.04781804193473859,0.049610293249305194,0.04871416759202191,0.5,48.717948717948715,algorithm_native_internal_best_so_far.v1,true
noise001,ragsr,40,150,150,1.0,0.04781804193473859,0.049610293249305194,0.04871416759202191,0.5,48.75,0.04781804193473859,0.049610293249305194,0.04871416759202191,0.5,48.75,algorithm_native_internal_best_so_far.v1,true
noise001,ragsr,41,150,150,1.0,0.04781804193473859,0.049610293249305194,0.04871416759202191,0.5,48.78048780487805,0.04781804193473859,0.049610293249305194,0.04871416759202191,0.5,48.78048780487805,algorithm_native_internal_best_so_far.v1,true
noise001,ragsr,42,150,150,1.0,0.04781804193473859,0.049610293249305194,0.04871416759202191,0.5,48.80952380952381,0.04781804193473859,0.049610293249305194,0.04871416759202191,0.5,48.80952380952381,algorithm_native_internal_best_so_far.v1,true
noise001,ragsr,43,150,150,1.0,0.04781804193473859,0.049610293249305194,0.04871416759202191,0.5,48.83720930232558,0.04781804193473859,0.049610293249305194,0.04871416759202191,0.5,48.83720930232558,algorithm_native_internal_best_so_far.v1,true
noise001,ragsr,44,150,150,1.0,0.04781804193473859,0.049610293249305194,0.04871416759202191,0.5,48.86363636363637,0.04781804193473859,0.049610293249305194,0.04871416759202191,0.5,48.86363636363637,algorithm_native_internal_best_so_far.v1,true
noise001,ragsr,45,150,150,1.0,0.04781804193473859,0.049610293249305194,0.04871416759202191,0.5,48.888888888888886,0.04781804193473859,0.049610293249305194,0.04871416759202191,0.5,48.888888888888886,algorithm_native_internal_best_so_far.v1,true
noise001,ragsr,46,150,150,1.0,0.04781804193473859,0.049610293249305194,0.04871416759202191,0.5,48.91304347826087,0.04781804193473859,0.049610293249305194,0.04871416759202191,0.5,48.91304347826087,algorithm_native_internal_best_so_far.v1,true
noise001,ragsr,47,150,150,1.0,0.04781804193473859,0.049610293249305194,0.04871416759202191,0.5,48.93617021276596,0.04781804193473859,0.049610293249305194,0.04871416759202191,0.5,48.93617021276596,algorithm_native_internal_best_so_far.v1,true
noise001,ragsr,48,150,150,1.0,0.04781804193473859,0.049610293249305194,0.04871416759202191,0.5,48.958333333333336,0.04781804193473859,0.049610293249305194,0.04871416759202191,0.5,48.958333333333336,algorithm_native_internal_best_so_far.v1,true
noise001,ragsr,49,150,150,1.0,0.04781804193473859,0.049610293249305194,0.04871416759202191,0.5,48.97959183673469,0.04781804193473859,0.049610293249305194,0.04871416759202191,0.5,48.97959183673469,algorithm_native_internal_best_so_far.v1,true
noise001,ragsr,50,150,150,1.0,0.04781804193473859,0.049610293249305194,0.04871416759202191,0.5,49.0,0.04781804193473859,0.049610293249305194,0.04871416759202191,0.5,49.0,algorithm_native_internal_best_so_far.v1,true
noise001,ragsr,51,150,150,1.0,0.04781804193473859,0.049610293249305194,0.04871416759202191,0.5,49.01960784313726,0.04781804193473859,0.049610293249305194,0.04871416759202191,0.5,49.01960784313726,algorithm_native_internal_best_so_far.v1,true
noise001,ragsr,52,150,150,1.0,0.04781804193473859,0.049610293249305194,0.04871416759202191,0.5,49.03846153846154,0.04781804193473859,0.049610293249305194,0.04871416759202191,0.5,49.03846153846154,algorithm_native_internal_best_so_far.v1,true
noise001,ragsr,53,150,150,1.0,0.04781804193473859,0.049610293249305194,0.04871416759202191,0.5,49.056603773584904,0.04781804193473859,0.049610293249305194,0.04871416759202191,0.5,49.056603773584904,algorithm_native_internal_best_so_far.v1,true
noise001,ragsr,54,150,150,1.0,0.04781804193473859,0.049610293249305194,0.04871416759202191,0.5,49.074074074074076,0.04781804193473859,0.049610293249305194,0.04871416759202191,0.5,49.074074074074076,algorithm_native_internal_best_so_far.v1,true
noise001,ragsr,55,150,150,1.0,0.04781804193473859,0.049610293249305194,0.04871416759202191,0.5,49.09090909090909,0.04781804193473859,0.049610293249305194,0.04871416759202191,0.5,49.09090909090909,algorithm_native_internal_best_so_far.v1,true
noise001,ragsr,56,150,150,1.0,0.04781804193473859,0.049610293249305194,0.04871416759202191,0.5,49.107142857142854,0.04781804193473859,0.049610293249305194,0.04871416759202191,0.5,49.107142857142854,algorithm_native_internal_best_so_far.v1,true
noise001,ragsr,57,150,150,1.0,0.04781804193473859,0.049610293249305194,0.04871416759202191,0.5,49.12280701754386,0.04781804193473859,0.049610293249305194,0.04871416759202191,0.5,49.12280701754386,algorithm_native_internal_best_so_far.v1,true
noise001,ragsr,58,150,150,1.0,0.04781804193473859,0.049610293249305194,0.04871416759202191,0.5,49.13793103448276,0.04781804193473859,0.049610293249305194,0.04871416759202191,0.5,49.13793103448276,algorithm_native_internal_best_so_far.v1,true
noise001,ragsr,59,150,150,1.0,0.04781804193473859,0.049610293249305194,0.04871416759202191,0.5,49.152542372881356,0.04781804193473859,0.049610293249305194,0.04871416759202191,0.5,49.152542372881356,algorithm_native_internal_best_so_far.v1,true
noise001,ragsr,60,150,150,1.0,0.04805934188210131,0.04971002645588301,0.04888468416899218,0.5066666666666667,49.177777777777784,0.04805934188210131,0.04971002645588301,0.04888468416899218,0.5066666666666667,49.177777777777784,algorithm_native_internal_best_so_far.v1,true
noise001,ragsr,61,150,150,1.0,0.04805934188210131,0.04971002645588301,0.04888468416899218,0.5066666666666667,49.20218579234973,0.04805934188210131,0.04971002645588301,0.04888468416899218,0.5066666666666667,49.20218579234973,algorithm_native_internal_best_so_far.v1,true
noise001,ragsr,62,150,150,1.0,0.04805934188210131,0.04971002645588301,0.04888468416899218,0.5066666666666667,49.22580645161291,0.04805934188210131,0.04971002645588301,0.04888468416899218,0.5066666666666667,49.22580645161291,algorithm_native_internal_best_so_far.v1,true
noise001,ragsr,63,150,150,1.0,0.04805934188210131,0.04971002645588301,0.04888468416899218,0.5066666666666667,49.248677248677254,0.04805934188210131,0.04971002645588301,0.04888468416899218,0.5066666666666667,49.248677248677254,algorithm_native_internal_best_so_far.v1,true
noise001,ragsr,64,150,150,1.0,0.04805934188210131,0.04971002645588301,0.04888468416899218,0.5066666666666667,49.27083333333334,0.04805934188210131,0.04971002645588301,0.04888468416899218,0.5066666666666667,49.27083333333334,algorithm_native_internal_best_so_far.v1,true
noise001,ragsr,65,150,150,1.0,0.04805934188210131,0.04971002645588301,0.04888468416899218,0.5066666666666667,49.2923076923077,0.04805934188210131,0.04971002645588301,0.04888468416899218,0.5066666666666667,49.2923076923077,algorithm_native_internal_best_so_far.v1,true
noise001,ragsr,66,150,150,1.0,0.048113096220048425,0.04971002645588301,0.048911561337965745,0.5133333333333333,49.32323232323233,0.048113096220048425,0.04971002645588301,0.048911561337965745,0.5133333333333333,49.32323232323233,algorithm_native_internal_best_so_far.v1,true
noise001,ragsr,67,150,150,1.0,0.048113096220048425,0.04971002645588301,0.048911561337965745,0.5133333333333333,49.35323383084579,0.048113096220048425,0.04971002645588301,0.048911561337965745,0.5133333333333333,49.35323383084579,algorithm_native_internal_best_so_far.v1,true
noise001,ragsr,68,150,150,1.0,0.048113096220048425,0.04971002645588301,0.048911561337965745,0.5133333333333333,49.38235294117649,0.048113096220048425,0.04971002645588301,0.048911561337965745,0.5133333333333333,49.38235294117649,algorithm_native_internal_best_so_far.v1,true
noise001,ragsr,69,150,150,1.0,0.048113096220048425,0.04971002645588301,0.048911561337965745,0.5133333333333333,49.410628019323696,0.048113096220048425,0.04971002645588301,0.048911561337965745,0.5133333333333333,49.410628019323696,algorithm_native_internal_best_so_far.v1,true
noise001,ragsr,70,150,150,1.0,0.048113096220048425,0.04971002645588301,0.048911561337965745,0.5133333333333333,49.438095238095265,0.048113096220048425,0.04971002645588301,0.048911561337965745,0.5133333333333333,49.438095238095265,algorithm_native_internal_best_so_far.v1,true
noise001,ragsr,71,150,150,1.0,0.048113096220048425,0.04971002645588301,0.048911561337965745,0.5133333333333333,49.46478873239439,0.048113096220048425,0.04971002645588301,0.048911561337965745,0.5133333333333333,49.46478873239439,algorithm_native_internal_best_so_far.v1,true
noise001,ragsr,72,150,150,1.0,0.048113096220048425,0.04971002645588301,0.048911561337965745,0.5133333333333333,49.49074074074077,0.048113096220048425,0.04971002645588301,0.048911561337965745,0.5133333333333333,49.49074074074077,algorithm_native_internal_best_so_far.v1,true
noise001,ragsr,73,150,150,1.0,0.048113096220048425,0.04971002645588301,0.048911561337965745,0.5133333333333333,49.51598173515985,0.048113096220048425,0.04971002645588301,0.048911561337965745,0.5133333333333333,49.51598173515985,algorithm_native_internal_best_so_far.v1,true
noise001,ragsr,74,150,150,1.0,0.048113096220048425,0.04971002645588301,0.048911561337965745,0.5133333333333333,49.540540540540576,0.048113096220048425,0.04971002645588301,0.048911561337965745,0.5133333333333333,49.540540540540576,algorithm_native_internal_best_so_far.v1,true
noise001,ragsr,75,150,150,1.0,0.048113096220048425,0.04971002645588301,0.048911561337965745,0.5133333333333333,49.56444444444448,0.048113096220048425,0.04971002645588301,0.048911561337965745,0.5133333333333333,49.56444444444448,algorithm_native_internal_best_so_far.v1,true
noise001,ragsr,76,150,150,1.0,0.048113096220048425,0.04971002645588301,0.048911561337965745,0.5133333333333333,49.58771929824565,0.048113096220048425,0.04971002645588301,0.048911561337965745,0.5133333333333333,49.58771929824565,algorithm_native_internal_best_so_far.v1,true
noise001,ragsr,77,150,150,1.0,0.048113096220048425,0.04971002645588301,0.048911561337965745,0.5133333333333333,49.61038961038965,0.048113096220048425,0.04971002645588301,0.048911561337965745,0.5133333333333333,49.61038961038965,algorithm_native_internal_best_so_far.v1,true
noise001,ragsr,78,150,150,1.0,0.048113096220048425,0.04971002645588301,0.048911561337965745,0.5133333333333333,49.63247863247867,0.048113096220048425,0.04971002645588301,0.048911561337965745,0.5133333333333333,49.63247863247867,algorithm_native_internal_best_so_far.v1,true
noise001,ragsr,79,150,150,1.0,0.048113096220048425,0.04971002645588301,0.048911561337965745,0.5133333333333333,49.65400843881861,0.048113096220048425,0.04971002645588301,0.048911561337965745,0.5133333333333333,49.65400843881861,algorithm_native_internal_best_so_far.v1,true
noise001,ragsr,80,150,150,1.0,0.048113096220048425,0.04971002645588301,0.048911561337965745,0.5133333333333333,49.67500000000005,0.048113096220048425,0.04971002645588301,0.048911561337965745,0.5133333333333333,49.67500000000005,algorithm_native_internal_best_so_far.v1,true
noise001,ragsr,81,150,150,1.0,0.048113096220048425,0.04971002645588301,0.048911561337965745,0.5133333333333333,49.69547325102885,0.048113096220048425,0.04971002645588301,0.048911561337965745,0.5133333333333333,49.69547325102885,algorithm_native_internal_best_so_far.v1,true
noise001,ragsr,82,150,150,1.0,0.048113096220048425,0.04971002645588301,0.048911561337965745,0.5133333333333333,49.71544715447159,0.048113096220048425,0.04971002645588301,0.048911561337965745,0.5133333333333333,49.71544715447159,algorithm_native_internal_best_so_far.v1,true
noise001,ragsr,83,150,150,1.0,0.048113096220048425,0.04971002645588301,0.048911561337965745,0.5133333333333333,49.7349397590362,0.048113096220048425,0.04971002645588301,0.048911561337965745,0.5133333333333333,49.7349397590362,algorithm_native_internal_best_so_far.v1,true
noise001,ragsr,84,150,150,1.0,0.048113096220048425,0.04971002645588301,0.048911561337965745,0.5133333333333333,49.7539682539683,0.048113096220048425,0.04971002645588301,0.048911561337965745,0.5133333333333333,49.7539682539683,algorithm_native_internal_best_so_far.v1,true
noise001,ragsr,85,150,150,1.0,0.048113096220048425,0.04971002645588301,0.048911561337965745,0.5133333333333333,49.7725490196079,0.048113096220048425,0.04971002645588301,0.048911561337965745,0.5133333333333333,49.7725490196079,algorithm_native_internal_best_so_far.v1,true
noise001,ragsr,86,150,150,1.0,0.048113096220048425,0.04971002645588301,0.048911561337965745,0.5133333333333333,49.79069767441867,0.048113096220048425,0.04971002645588301,0.048911561337965745,0.5133333333333333,49.79069767441867,algorithm_native_internal_best_so_far.v1,true
noise001,ragsr,87,150,150,1.0,0.048113096220048425,0.04971002645588301,0.048911561337965745,0.5133333333333333,49.80842911877401,0.048113096220048425,0.04971002645588301,0.048911561337965745,0.5133333333333333,49.80842911877401,algorithm_native_internal_best_so_far.v1,true
noise001,ragsr,88,150,150,1.0,0.048113096220048425,0.04971002645588301,0.048911561337965745,0.5133333333333333,49.82575757575764,0.048113096220048425,0.04971002645588301,0.048911561337965745,0.5133333333333333,49.82575757575764,algorithm_native_internal_best_so_far.v1,true
noise001,ragsr,89,150,150,1.0,0.048113096220048425,0.04971002645588301,0.048911561337965745,0.5133333333333333,49.84269662921354,0.048113096220048425,0.04971002645588301,0.048911561337965745,0.5133333333333333,49.84269662921354,algorithm_native_internal_best_so_far.v1,true
noise001,ragsr,90,150,150,1.0,0.048113096220048425,0.04971002645588301,0.048911561337965745,0.5133333333333333,49.859259259259325,0.048113096220048425,0.04971002645588301,0.048911561337965745,0.5133333333333333,49.859259259259325,algorithm_native_internal_best_so_far.v1,true
noise001,ragsr,91,150,150,1.0,0.048113096220048425,0.04971002645588301,0.048911561337965745,0.5133333333333333,49.87545787545794,0.048113096220048425,0.04971002645588301,0.048911561337965745,0.5133333333333333,49.87545787545794,algorithm_native_internal_best_so_far.v1,true
noise001,ragsr,92,150,150,1.0,0.048113096220048425,0.04971002645588301,0.048911561337965745,0.5133333333333333,49.89130434782616,0.048113096220048425,0.04971002645588301,0.048911561337965745,0.5133333333333333,49.89130434782616,algorithm_native_internal_best_so_far.v1,true
noise001,ragsr,93,150,150,1.0,0.048113096220048425,0.04971002645588301,0.048911561337965745,0.5133333333333333,49.90681003584236,0.048113096220048425,0.04971002645588301,0.048911561337965745,0.5133333333333333,49.90681003584236,algorithm_native_internal_best_so_far.v1,true
noise001,ragsr,94,150,150,1.0,0.048113096220048425,0.04971002645588301,0.048911561337965745,0.5133333333333333,49.92198581560291,0.048113096220048425,0.04971002645588301,0.048911561337965745,0.5133333333333333,49.92198581560291,algorithm_native_internal_best_so_far.v1,true
noise001,ragsr,95,150,150,1.0,0.048113096220048425,0.04971002645588301,0.048911561337965745,0.5133333333333333,49.93684210526323,0.048113096220048425,0.04971002645588301,0.048911561337965745,0.5133333333333333,49.93684210526323,algorithm_native_internal_best_so_far.v1,true
noise001,ragsr,96,150,150,1.0,0.048113096220048425,0.04971002645588301,0.048911561337965745,0.5133333333333333,49.951388888888964,0.048113096220048425,0.04971002645588301,0.048911561337965745,0.5133333333333333,49.951388888888964,algorithm_native_internal_best_so_far.v1,true
noise001,ragsr,97,150,150,1.0,0.048113096220048425,0.04971002645588301,0.048911561337965745,0.5133333333333333,49.96563573883169,0.048113096220048425,0.04971002645588301,0.048911561337965745,0.5133333333333333,49.96563573883169,algorithm_native_internal_best_so_far.v1,true
noise001,ragsr,98,150,150,1.0,0.048113096220048425,0.04971002645588301,0.048911561337965745,0.5133333333333333,49.97959183673477,0.048113096220048425,0.04971002645588301,0.048911561337965745,0.5133333333333333,49.97959183673477,algorithm_native_internal_best_so_far.v1,true
noise001,ragsr,99,150,150,1.0,0.048113096220048425,0.04971002645588301,0.048911561337965745,0.5133333333333333,49.99326599326607,0.048113096220048425,0.04971002645588301,0.048911561337965745,0.5133333333333333,49.99326599326607,algorithm_native_internal_best_so_far.v1,true
noise001,ragsr,100,150,150,1.0,0.048113096220048425,0.04971002645588301,0.048911561337965745,0.5133333333333333,50.006666666666746,0.048113096220048425,0.04971002645588301,0.048911561337965745,0.5133333333333333,50.006666666666746,algorithm_native_internal_best_so_far.v1,true
noise001,ragsr,101,150,150,1.0,0.048113096220048425,0.04971002645588301,0.048911561337965745,0.5133333333333333,50.0198019801981,0.048113096220048425,0.04971002645588301,0.048911561337965745,0.5133333333333333,50.0198019801981,algorithm_native_internal_best_so_far.v1,true
noise001,ragsr,102,150,150,1.0,0.048113096220048425,0.04971002645588301,0.048911561337965745,0.5133333333333333,50.032679738562166,0.048113096220048425,0.04971002645588301,0.048911561337965745,0.5133333333333333,50.032679738562166,algorithm_native_internal_best_so_far.v1,true
noise001,ragsr,103,150,150,1.0,0.048113096220048425,0.04971002645588301,0.048911561337965745,0.5133333333333333,50.04530744336578,0.048113096220048425,0.04971002645588301,0.048911561337965745,0.5133333333333333,50.04530744336578,algorithm_native_internal_best_so_far.v1,true
noise001,ragsr,104,150,150,1.0,0.048113096220048425,0.04971002645588301,0.048911561337965745,0.5133333333333333,50.05769230769239,0.048113096220048425,0.04971002645588301,0.048911561337965745,0.5133333333333333,50.05769230769239,algorithm_native_internal_best_so_far.v1,true
noise001,ragsr,105,150,150,1.0,0.048113096220048425,0.04971002645588301,0.048911561337965745,0.5133333333333333,50.069841269841355,0.048113096220048425,0.04971002645588301,0.048911561337965745,0.5133333333333333,50.069841269841355,algorithm_native_internal_best_so_far.v1,true
noise001,ragsr,106,150,150,1.0,0.048113096220048425,0.04971002645588301,0.048911561337965745,0.5133333333333333,50.0817610062894,0.048113096220048425,0.04971002645588301,0.048911561337965745,0.5133333333333333,50.0817610062894,algorithm_native_internal_best_so_far.v1,true
noise001,ragsr,107,150,150,1.0,0.048113096220048425,0.04971002645588301,0.048911561337965745,0.5133333333333333,50.093457943925316,0.048113096220048425,0.04971002645588301,0.048911561337965745,0.5133333333333333,50.093457943925316,algorithm_native_internal_best_so_far.v1,true
noise001,ragsr,108,150,150,1.0,0.048113096220048425,0.04971002645588301,0.048911561337965745,0.5133333333333333,50.10493827160503,0.048113096220048425,0.04971002645588301,0.048911561337965745,0.5133333333333333,50.10493827160503,algorithm_native_internal_best_so_far.v1,true
noise001,ragsr,109,150,150,1.0,0.048113096220048425,0.04971002645588301,0.048911561337965745,0.5133333333333333,50.11620795107042,0.048113096220048425,0.04971002645588301,0.048911561337965745,0.5133333333333333,50.11620795107042,algorithm_native_internal_best_so_far.v1,true
noise001,ragsr,110,150,150,1.0,0.048113096220048425,0.04971002645588301,0.048911561337965745,0.5133333333333333,50.12727272727282,0.048113096220048425,0.04971002645588301,0.048911561337965745,0.5133333333333333,50.12727272727282,algorithm_native_internal_best_so_far.v1,true
noise001,ragsr,111,150,150,1.0,0.048113096220048425,0.04971002645588301,0.048911561337965745,0.5133333333333333,50.13813813813823,0.048113096220048425,0.04971002645588301,0.048911561337965745,0.5133333333333333,50.13813813813823,algorithm_native_internal_best_so_far.v1,true
noise001,ragsr,112,150,150,1.0,0.048113096220048425,0.04971002645588301,0.048911561337965745,0.5133333333333333,50.14880952380962,0.048113096220048425,0.04971002645588301,0.048911561337965745,0.5133333333333333,50.14880952380962,algorithm_native_internal_best_so_far.v1,true
noise001,ragsr,113,150,150,1.0,0.048113096220048425,0.04971002645588301,0.048911561337965745,0.5133333333333333,50.15929203539832,0.048113096220048425,0.04971002645588301,0.048911561337965745,0.5133333333333333,50.15929203539832,algorithm_native_internal_best_so_far.v1,true
noise001,ragsr,114,150,150,1.0,0.048113096220048425,0.04971002645588301,0.048911561337965745,0.5133333333333333,50.169590643274944,0.048113096220048425,0.04971002645588301,0.048911561337965745,0.5133333333333333,50.169590643274944,algorithm_native_internal_best_so_far.v1,true
noise001,ragsr,115,150,150,1.0,0.048113096220048425,0.04971002645588301,0.048911561337965745,0.5133333333333333,50.17971014492763,0.048113096220048425,0.04971002645588301,0.048911561337965745,0.5133333333333333,50.17971014492763,algorithm_native_internal_best_so_far.v1,true
noise001,ragsr,116,150,150,1.0,0.048113096220048425,0.04971002645588301,0.048911561337965745,0.5133333333333333,50.189655172413886,0.048113096220048425,0.04971002645588301,0.048911561337965745,0.5133333333333333,50.189655172413886,algorithm_native_internal_best_so_far.v1,true
noise001,ragsr,117,150,150,1.0,0.048113096220048425,0.04971002645588301,0.048911561337965745,0.5133333333333333,50.199430199430296,0.048113096220048425,0.04971002645588301,0.048911561337965745,0.5133333333333333,50.199430199430296,algorithm_native_internal_best_so_far.v1,true
noise001,ragsr,118,150,150,1.0,0.048113096220048425,0.04971002645588301,0.048911561337965745,0.5133333333333333,50.2090395480227,0.048113096220048425,0.04971002645588301,0.048911561337965745,0.5133333333333333,50.2090395480227,algorithm_native_internal_best_so_far.v1,true
noise001,ragsr,119,150,150,1.0,0.048113096220048425,0.04971002645588301,0.048911561337965745,0.5133333333333333,50.21848739495808,0.048113096220048425,0.04971002645588301,0.048911561337965745,0.5133333333333333,50.21848739495808,algorithm_native_internal_best_so_far.v1,true
noise001,ragsr,120,150,150,1.0,0.048113096220048425,0.04971002645588301,0.048911561337965745,0.5133333333333333,50.22777777777788,0.048113096220048425,0.04971002645588301,0.048911561337965745,0.5133333333333333,50.22777777777788,algorithm_native_internal_best_so_far.v1,true
noise001,ragsr,121,150,150,1.0,0.048113096220048425,0.04971002645588301,0.048911561337965745,0.5133333333333333,50.23691460055107,0.048113096220048425,0.04971002645588301,0.048911561337965745,0.5133333333333333,50.23691460055107,algorithm_native_internal_best_so_far.v1,true
noise001,ragsr,122,150,150,1.0,0.048113096220048425,0.04971002645588301,0.048911561337965745,0.5133333333333333,50.24590163934437,0.048113096220048425,0.04971002645588301,0.048911561337965745,0.5133333333333333,50.24590163934437,algorithm_native_internal_best_so_far.v1,true
noise001,ragsr,123,150,150,1.0,0.048113096220048425,0.04971002645588301,0.048911561337965745,0.5133333333333333,50.25474254742557,0.048113096220048425,0.04971002645588301,0.048911561337965745,0.5133333333333333,50.25474254742557,algorithm_native_internal_best_so_far.v1,true
noise001,ragsr,124,150,150,1.0,0.048113096220048425,0.04971002645588301,0.048911561337965745,0.5133333333333333,50.26344086021516,0.048113096220048425,0.04971002645588301,0.048911561337965745,0.5133333333333333,50.26344086021516,algorithm_native_internal_best_so_far.v1,true
noise001,ragsr,125,150,150,1.0,0.048113096220048425,0.04971002645588301,0.048911561337965745,0.5133333333333333,50.272000000000105,0.048113096220048425,0.04971002645588301,0.048911561337965745,0.5133333333333333,50.272000000000105,algorithm_native_internal_best_so_far.v1,true
noise001,ragsr,126,150,150,1.0,0.048113096220048425,0.04971002645588301,0.048911561337965745,0.5133333333333333,50.280423280423385,0.048113096220048425,0.04971002645588301,0.048911561337965745,0.5133333333333333,50.280423280423385,algorithm_native_internal_best_so_far.v1,true
noise001,ragsr,127,150,150,1.0,0.048113096220048425,0.04971002645588301,0.048911561337965745,0.5133333333333333,50.28871391076127,0.048113096220048425,0.04971002645588301,0.048911561337965745,0.5133333333333333,50.28871391076127,algorithm_native_internal_best_so_far.v1,true
noise001,ragsr,128,150,150,1.0,0.048113096220048425,0.04971002645588301,0.048911561337965745,0.5133333333333333,50.29687500000011,0.048113096220048425,0.04971002645588301,0.048911561337965745,0.5133333333333333,50.29687500000011,algorithm_native_internal_best_so_far.v1,true
noise001,ragsr,129,150,150,1.0,0.048113096220048425,0.04971002645588301,0.048911561337965745,0.5133333333333333,50.30490956072362,0.048113096220048425,0.04971002645588301,0.048911561337965745,0.5133333333333333,50.30490956072362,algorithm_native_internal_best_so_far.v1,true
noise001,ragsr,130,150,150,1.0,0.048113096220048425,0.04971002645588301,0.048911561337965745,0.5133333333333333,50.31282051282062,0.048113096220048425,0.04971002645588301,0.048911561337965745,0.5133333333333333,50.31282051282062,algorithm_native_internal_best_so_far.v1,true
noise001,ragsr,131,150,150,1.0,0.048113096220048425,0.04971002645588301,0.048911561337965745,0.5133333333333333,50.32061068702301,0.048113096220048425,0.04971002645588301,0.048911561337965745,0.5133333333333333,50.32061068702301,algorithm_native_internal_best_so_far.v1,true
noise001,ragsr,132,150,150,1.0,0.048113096220048425,0.04971002645588301,0.048911561337965745,0.5133333333333333,50.32828282828294,0.048113096220048425,0.04971002645588301,0.048911561337965745,0.5133333333333333,50.32828282828294,algorithm_native_internal_best_so_far.v1,true
noise001,ragsr,133,150,150,1.0,0.048113096220048425,0.04971002645588301,0.048911561337965745,0.5133333333333333,50.33583959899761,0.048113096220048425,0.04971002645588301,0.048911561337965745,0.5133333333333333,50.33583959899761,algorithm_native_internal_best_so_far.v1,true
noise001,ragsr,134,150,150,1.0,0.048113096220048425,0.04971002645588301,0.048911561337965745,0.5133333333333333,50.34328358208966,0.048113096220048425,0.04971002645588301,0.048911561337965745,0.5133333333333333,50.34328358208966,algorithm_native_internal_best_so_far.v1,true
noise001,ragsr,135,150,150,1.0,0.048113096220048425,0.04971002645588301,0.048911561337965745,0.5133333333333333,50.35061728395073,0.048113096220048425,0.04971002645588301,0.048911561337965745,0.5133333333333333,50.35061728395073,algorithm_native_internal_best_so_far.v1,true
noise001,ragsr,136,150,150,1.0,0.048113096220048425,0.04971002645588301,0.048911561337965745,0.5133333333333333,50.35784313725502,0.048113096220048425,0.04971002645588301,0.048911561337965745,0.5133333333333333,50.35784313725502,algorithm_native_internal_best_so_far.v1,true
noise001,ragsr,137,150,150,1.0,0.048113096220048425,0.04971002645588301,0.048911561337965745,0.5133333333333333,50.36496350364975,0.048113096220048425,0.04971002645588301,0.048911561337965745,0.5133333333333333,50.36496350364975,algorithm_native_internal_best_so_far.v1,true
noise001,ragsr,138,150,150,1.0,0.048113096220048425,0.04971002645588301,0.048911561337965745,0.5133333333333333,50.37198067632862,0.048113096220048425,0.04971002645588301,0.048911561337965745,0.5133333333333333,50.37198067632862,algorithm_native_internal_best_so_far.v1,true
noise001,ragsr,139,150,150,1.0,0.048113096220048425,0.04971002645588301,0.048911561337965745,0.5133333333333333,50.37889688249412,0.048113096220048425,0.04971002645588301,0.048911561337965745,0.5133333333333333,50.37889688249412,algorithm_native_internal_best_so_far.v1,true
noise001,ragsr,140,150,150,1.0,0.048113096220048425,0.04971002645588301,0.048911561337965745,0.5133333333333333,50.3857142857144,0.048113096220048425,0.04971002645588301,0.048911561337965745,0.5133333333333333,50.3857142857144,algorithm_native_internal_best_so_far.v1,true
noise001,ragsr,141,150,150,1.0,0.048113096220048425,0.04971002645588301,0.048911561337965745,0.5133333333333333,50.39243498817978,0.048113096220048425,0.04971002645588301,0.048911561337965745,0.5133333333333333,50.39243498817978,algorithm_native_internal_best_so_far.v1,true
noise001,ragsr,142,150,150,1.0,0.048113096220048425,0.04971002645588301,0.048911561337965745,0.5133333333333333,50.39906103286397,0.048113096220048425,0.04971002645588301,0.048911561337965745,0.5133333333333333,50.39906103286397,algorithm_native_internal_best_so_far.v1,true
noise001,ragsr,143,150,150,1.0,0.048113096220048425,0.04971002645588301,0.048911561337965745,0.5133333333333333,50.40559440559453,0.048113096220048425,0.04971002645588301,0.048911561337965745,0.5133333333333333,50.40559440559453,algorithm_native_internal_best_so_far.v1,true
noise001,ragsr,144,150,150,1.0,0.048113096220048425,0.04971002645588301,0.048911561337965745,0.5133333333333333,50.41203703703715,0.048113096220048425,0.04971002645588301,0.048911561337965745,0.5133333333333333,50.41203703703715,algorithm_native_internal_best_so_far.v1,true
noise001,ragsr,145,150,150,1.0,0.048113096220048425,0.04971002645588301,0.048911561337965745,0.5133333333333333,50.41839080459782,0.048113096220048425,0.04971002645588301,0.048911561337965745,0.5133333333333333,50.41839080459782,algorithm_native_internal_best_so_far.v1,true
noise001,ragsr,146,150,150,1.0,0.048113096220048425,0.04971002645588301,0.048911561337965745,0.5133333333333333,50.42465753424669,0.048113096220048425,0.04971002645588301,0.048911561337965745,0.5133333333333333,50.42465753424669,algorithm_native_internal_best_so_far.v1,true
noise001,ragsr,147,150,150,1.0,0.048113096220048425,0.04971002645588301,0.048911561337965745,0.5133333333333333,50.430839002267696,0.048113096220048425,0.04971002645588301,0.048911561337965745,0.5133333333333333,50.430839002267696,algorithm_native_internal_best_so_far.v1,true
noise001,ragsr,148,150,150,1.0,0.048113096220048425,0.04971002645588301,0.048911561337965745,0.5133333333333333,50.43693693693706,0.048113096220048425,0.04971002645588301,0.048911561337965745,0.5133333333333333,50.43693693693706,algorithm_native_internal_best_so_far.v1,true
noise001,ragsr,149,150,150,1.0,0.048113096220048425,0.04971002645588301,0.048911561337965745,0.5133333333333333,50.44295302013435,0.048113096220048425,0.04971002645588301,0.048911561337965745,0.5133333333333333,50.44295302013435,algorithm_native_internal_best_so_far.v1,true
noise001,ragsr,150,150,150,1.0,0.048113096220048425,0.04971002645588301,0.048911561337965745,0.5133333333333333,50.448888888889016,0.048113096220048425,0.04971002645588301,0.048911561337965745,0.5133333333333333,50.448888888889016,algorithm_native_internal_best_so_far.v1,true
noise001,ragsr,151,150,150,1.0,0.048113096220048425,0.04971002645588301,0.048911561337965745,0.5133333333333333,50.45474613686547,0.048113096220048425,0.04971002645588301,0.048911561337965745,0.5133333333333333,50.45474613686547,algorithm_native_internal_best_so_far.v1,true
noise001,ragsr,152,150,150,1.0,0.048113096220048425,0.04971002645588301,0.048911561337965745,0.5133333333333333,50.4605263157896,0.048113096220048425,0.04971002645588301,0.048911561337965745,0.5133333333333333,50.4605263157896,algorithm_native_internal_best_so_far.v1,true
noise001,ragsr,153,150,150,1.0,0.048113096220048425,0.04971002645588301,0.048911561337965745,0.5133333333333333,50.466230936819294,0.048113096220048425,0.04971002645588301,0.048911561337965745,0.5133333333333333,50.466230936819294,algorithm_native_internal_best_so_far.v1,true
noise001,ragsr,154,150,150,1.0,0.048113096220048425,0.04971002645588301,0.048911561337965745,0.5133333333333333,50.4718614718616,0.048113096220048425,0.04971002645588301,0.048911561337965745,0.5133333333333333,50.4718614718616,algorithm_native_internal_best_so_far.v1,true
noise001,ragsr,155,150,150,1.0,0.048113096220048425,0.04971002645588301,0.048911561337965745,0.5133333333333333,50.47741935483883,0.048113096220048425,0.04971002645588301,0.048911561337965745,0.5133333333333333,50.47741935483883,algorithm_native_internal_best_so_far.v1,true
noise001,ragsr,156,150,150,1.0,0.048113096220048425,0.04971002645588301,0.048911561337965745,0.5133333333333333,50.48290598290611,0.048113096220048425,0.04971002645588301,0.048911561337965745,0.5133333333333333,50.48290598290611,algorithm_native_internal_best_so_far.v1,true
noise001,ragsr,157,150,150,1.0,0.048113096220048425,0.04971002645588301,0.048911561337965745,0.5133333333333333,50.488322717622204,0.048113096220048425,0.04971002645588301,0.048911561337965745,0.5133333333333333,50.488322717622204,algorithm_native_internal_best_so_far.v1,true
noise001,ragsr,158,150,150,1.0,0.048113096220048425,0.04971002645588301,0.048911561337965745,0.5133333333333333,50.493670886076075,0.048113096220048425,0.04971002645588301,0.048911561337965745,0.5133333333333333,50.493670886076075,algorithm_native_internal_best_so_far.v1,true
noise001,ragsr,159,150,150,1.0,0.048113096220048425,0.04971002645588301,0.048911561337965745,0.5133333333333333,50.49895178197078,0.048113096220048425,0.04971002645588301,0.048911561337965745,0.5133333333333333,50.49895178197078,algorithm_native_internal_best_so_far.v1,true
noise001,ragsr,160,150,150,1.0,0.048113096220048425,0.04971002645588301,0.048911561337965745,0.5133333333333333,50.50416666666679,0.048113096220048425,0.04971002645588301,0.048911561337965745,0.5133333333333333,50.50416666666679,algorithm_native_internal_best_so_far.v1,true
noise001,ragsr,161,150,150,1.0,0.048113096220048425,0.04971002645588301,0.048911561337965745,0.5133333333333333,50.509316770186466,0.048113096220048425,0.04971002645588301,0.048911561337965745,0.5133333333333333,50.509316770186466,algorithm_native_internal_best_so_far.v1,true
noise001,ragsr,162,150,150,1.0,0.048113096220048425,0.04971002645588301,0.048911561337965745,0.5133333333333333,50.5144032921812,0.048113096220048425,0.04971002645588301,0.048911561337965745,0.5133333333333333,50.5144032921812,algorithm_native_internal_best_so_far.v1,true
noise001,ragsr,163,150,150,1.0,0.048113096220048425,0.04971002645588301,0.048911561337965745,0.5133333333333333,50.519427402863116,0.048113096220048425,0.04971002645588301,0.048911561337965745,0.5133333333333333,50.519427402863116,algorithm_native_internal_best_so_far.v1,true
noise001,ragsr,164,150,150,1.0,0.048113096220048425,0.04971002645588301,0.048911561337965745,0.5133333333333333,50.52439024390257,0.048113096220048425,0.04971002645588301,0.048911561337965745,0.5133333333333333,50.52439024390257,algorithm_native_internal_best_so_far.v1,true
noise001,ragsr,165,150,150,1.0,0.048113096220048425,0.04971002645588301,0.048911561337965745,0.5133333333333333,50.52929292929306,0.048113096220048425,0.04971002645588301,0.048911561337965745,0.5133333333333333,50.52929292929306,algorithm_native_internal_best_so_far.v1,true
noise001,ragsr,166,150,150,1.0,0.048113096220048425,0.04971002645588301,0.048911561337965745,0.5133333333333333,50.53413654618487,0.048113096220048425,0.04971002645588301,0.048911561337965745,0.5133333333333333,50.53413654618487,algorithm_native_internal_best_so_far.v1,true
noise001,ragsr,167,150,150,1.0,0.048113096220048425,0.04971002645588301,0.048911561337965745,0.5133333333333333,50.53892215568875,0.048113096220048425,0.04971002645588301,0.048911561337965745,0.5133333333333333,50.53892215568875,algorithm_native_internal_best_so_far.v1,true
noise001,ragsr,168,150,150,1.0,0.048113096220048425,0.04971002645588301,0.048911561337965745,0.5133333333333333,50.543650793650926,0.048113096220048425,0.04971002645588301,0.048911561337965745,0.5133333333333333,50.543650793650926,algorithm_native_internal_best_so_far.v1,true
noise001,ragsr,169,150,150,1.0,0.048113096220048425,0.04971002645588301,0.048911561337965745,0.5133333333333333,50.54832347140053,0.048113096220048425,0.04971002645588301,0.048911561337965745,0.5133333333333333,50.54832347140053,algorithm_native_internal_best_so_far.v1,true
noise001,ragsr,170,150,150,1.0,0.048113096220048425,0.04971002645588301,0.048911561337965745,0.5133333333333333,50.55294117647072,0.048113096220048425,0.04971002645588301,0.048911561337965745,0.5133333333333333,50.55294117647072,algorithm_native_internal_best_so_far.v1,true
noise001,ragsr,171,150,150,1.0,0.048113096220048425,0.04971002645588301,0.048911561337965745,0.5133333333333333,50.55750487329448,0.048113096220048425,0.04971002645588301,0.048911561337965745,0.5133333333333333,50.55750487329448,algorithm_native_internal_best_so_far.v1,true
noise001,ragsr,172,150,150,1.0,0.048113096220048425,0.04971002645588301,0.048911561337965745,0.5133333333333333,50.562015503876104,0.048113096220048425,0.04971002645588301,0.048911561337965745,0.5133333333333333,50.562015503876104,algorithm_native_internal_best_so_far.v1,true
noise001,ragsr,173,150,150,1.0,0.048113096220048425,0.04971002645588301,0.048911561337965745,0.5133333333333333,50.56647398843944,0.048113096220048425,0.04971002645588301,0.048911561337965745,0.5133333333333333,50.56647398843944,algorithm_native_internal_best_so_far.v1,true
noise001,ragsr,174,150,150,1.0,0.048113096220048425,0.04971002645588301,0.048911561337965745,0.5133333333333333,50.57088122605378,0.048113096220048425,0.04971002645588301,0.048911561337965745,0.5133333333333333,50.57088122605378,algorithm_native_internal_best_so_far.v1,true
noise001,ragsr,175,150,150,1.0,0.048113096220048425,0.04971002645588301,0.048911561337965745,0.5133333333333333,50.57523809523823,0.048113096220048425,0.04971002645588301,0.048911561337965745,0.5133333333333333,50.57523809523823,algorithm_native_internal_best_so_far.v1,true
noise001,ragsr,176,150,150,1.0,0.048113096220048425,0.04971002645588301,0.048911561337965745,0.5133333333333333,50.57954545454559,0.048113096220048425,0.04971002645588301,0.048911561337965745,0.5133333333333333,50.57954545454559,algorithm_native_internal_best_so_far.v1,true
noise001,ragsr,177,150,150,1.0,0.048113096220048425,0.04971002645588301,0.048911561337965745,0.5133333333333333,50.583804143126315,0.048113096220048425,0.04971002645588301,0.048911561337965745,0.5133333333333333,50.583804143126315,algorithm_native_internal_best_so_far.v1,true
noise001,ragsr,178,150,150,1.0,0.048113096220048425,0.04971002645588301,0.048911561337965745,0.5133333333333333,50.588014981273545,0.048113096220048425,0.04971002645588301,0.048911561337965745,0.5133333333333333,50.588014981273545,algorithm_native_internal_best_so_far.v1,true
noise001,ragsr,179,150,150,1.0,0.048113096220048425,0.04971002645588301,0.048911561337965745,0.5133333333333333,50.59217877094985,0.048113096220048425,0.04971002645588301,0.048911561337965745,0.5133333333333333,50.59217877094985,algorithm_native_internal_best_so_far.v1,true
noise001,ragsr,180,150,150,1.0,0.048113096220048425,0.04971002645588301,0.048911561337965745,0.5133333333333333,50.59629629629643,0.048113096220048425,0.04971002645588301,0.048911561337965745,0.5133333333333333,50.59629629629643,algorithm_native_internal_best_so_far.v1,true
noise001,SymbolFit,1,150,150,1.0,0.0,0.0,0.0,0.0,0.0,0.0,0.0,0.0,0.0,0.0,algorithm_native_internal_best_so_far.v1,true
noise001,SymbolFit,2,150,150,1.0,0.2014560808370018,0.13623153547927747,0.16884380815813965,0.4044709913353126,20.22354956676563,0.2014560808370018,0.13623153547927747,0.16884380815813965,0.4044709913353126,20.22354956676563,algorithm_native_internal_best_so_far.v1,true
noise001,SymbolFit,3,150,150,1.0,0.34114799597495193,0.24163896619363967,0.29139348108429564,0.7030584145156084,36.917646861697364,0.34114799597495193,0.24163896619363967,0.29139348108429564,0.7030584145156084,36.917646861697364,algorithm_native_internal_best_so_far.v1,true
noise001,SymbolFit,4,150,150,1.0,0.3719436570154282,0.27306101466955657,0.3225023358424925,0.7656707479264216,46.83000384443356,0.3719436570154282,0.27306101466955657,0.3225023358424925,0.7656707479264216,46.83000384443356,algorithm_native_internal_best_so_far.v1,true
noise001,SymbolFit,5,150,150,1.0,0.38451568705916195,0.28215704529518426,0.33333636617717305,0.7859197063175238,53.18239720189733,0.38451568705916195,0.28215704529518426,0.33333636617717305,0.7859197063175238,53.18239720189733,algorithm_native_internal_best_so_far.v1,true
noise001,SymbolFit,6,150,150,1.0,0.38999285745991674,0.28837211335977114,0.3391824854098442,0.7973445216581277,57.60773969588323,0.38999285745991674,0.28837211335977114,0.3391824854098442,0.7973445216581277,57.60773969588323,algorithm_native_internal_best_so_far.v1,true
noise001,SymbolFit,7,150,150,1.0,0.39392471661285894,0.2889210064671545,0.3414228615400067,0.7972501118747836,60.76734990896825,0.39392471661285894,0.2889210064671545,0.3414228615400067,0.7972501118747836,60.76734990896825,algorithm_native_internal_best_so_far.v1,true
noise001,SymbolFit,8,150,150,1.0,0.3956510496745398,0.2919151252787798,0.34378308747666014,0.8025710053019155,63.203568736621165,0.3956510496745398,0.2919151252787798,0.34378308747666014,0.8025710053019155,63.203568736621165,algorithm_native_internal_best_so_far.v1,true
noise001,SymbolFit,9,150,150,1.0,0.3989126291902277,0.297942287757487,0.3484274584738576,0.8111302494411899,65.19350831523202,0.3989126291902277,0.297942287757487,0.3484274584738576,0.8111302494411899,65.19350831523202,algorithm_native_internal_best_so_far.v1,true
noise001,SymbolFit,10,150,150,1.0,0.4017749520774679,0.2991472638179688,0.3504611079477184,0.8153083222749459,66.8272407064583,0.4017749520774679,0.2991472638179688,0.3504611079477184,0.8153083222749459,66.8272407064583,algorithm_native_internal_best_so_far.v1,true
noise001,SymbolFit,11,150,150,1.0,0.4022224881109062,0.29939098694828414,0.3508067375295951,0.8174878678192962,68.18374489513751,0.4022224881109062,0.29939098694828414,0.3508067375295951,0.8174878678192962,68.18374489513751,algorithm_native_internal_best_so_far.v1,true
noise001,SymbolFit,12,150,150,1.0,0.40590753757363807,0.30076924755681805,0.35333839256522803,0.8223628308688479,69.35478974444977,0.40590753757363807,0.30076924755681805,0.35333839256522803,0.8223628308688479,69.35478974444977,algorithm_native_internal_best_so_far.v1,true
noise001,SymbolFit,13,150,150,1.0,0.40759759109015886,0.301621214936212,0.35460940301318555,0.8247048584258664,70.36368944430646,0.40759759109015886,0.301621214936212,0.35460940301318555,0.8247048584258664,70.36368944430646,algorithm_native_internal_best_so_far.v1,true
noise001,SymbolFit,14,150,150,1.0,0.4099211528431383,0.304669461954727,0.3572953073989324,0.8315376462031051,71.27726624259246,0.4099211528431383,0.304669461954727,0.3572953073989324,0.8315376462031051,71.27726624259246,algorithm_native_internal_best_so_far.v1,true
noise001,SymbolFit,15,150,150,1.0,0.4109207438475429,0.30194947382788084,0.35643510883771173,0.8323876218220894,72.07469930523355,0.4109207438475429,0.30194947382788084,0.35643510883771173,0.8323876218220894,72.07469930523355,algorithm_native_internal_best_so_far.v1,true
noise001,SymbolFit,16,150,150,1.0,0.4128341984164774,0.30549168056077225,0.35916293948862477,0.8377003042382628,72.8056575001456,0.4128341984164774,0.30549168056077225,0.35916293948862477,0.8377003042382628,72.8056575001456,algorithm_native_internal_best_so_far.v1,true
noise001,SymbolFit,17,150,150,1.0,0.41315933553959044,0.30645369683544404,0.35980651618751713,0.8378039256543482,73.45123015104498,0.41315933553959044,0.30645369683544404,0.35980651618751713,0.8378039256543482,73.45123015104498,algorithm_native_internal_best_so_far.v1,true
noise001,SymbolFit,18,150,150,1.0,0.41416009438091433,0.3070256551150822,0.36059287474799806,0.837624011184728,74.02407298256874,0.41416009438091433,0.3070256551150822,0.36059287474799806,0.837624011184728,74.02407298256874,algorithm_native_internal_best_so_far.v1,true
noise001,SymbolFit,19,150,150,1.0,0.41499888505194676,0.30841459448461195,0.3617067397682791,0.838247674764598,74.53989900856301,0.41499888505194676,0.30841459448461195,0.3617067397682791,0.838247674764598,74.53989900856301,algorithm_native_internal_best_so_far.v1,true
noise001,SymbolFit,20,150,150,1.0,0.4174238057871438,0.30734390370803644,0.36238385474759,0.8400386676759606,75.01309739651467,0.4174238057871438,0.30734390370803644,0.36238385474759,0.8400386676759606,75.01309739651467,algorithm_native_internal_best_so_far.v1,true
noise001,SymbolFit,21,150,150,1.0,0.41859370755152325,0.3092937814854621,0.3639437445184926,0.8420695823759012,75.45090029370873,0.41859370755152325,0.3092937814854621,0.3639437445184926,0.8420695823759012,75.45090029370873,algorithm_native_internal_best_so_far.v1,true
noise001,SymbolFit,22,150,150,1.0,0.42119977960358296,0.31106528428419533,0.3661325319438889,0.8421971167251168,75.84948262910886,0.42119977960358296,0.31106528428419533,0.3661325319438889,0.8421971167251168,75.84948262910886,algorithm_native_internal_best_so_far.v1,true
noise001,SymbolFit,23,150,150,1.0,0.42399495829214945,0.3139452814848837,0.3689701198885165,0.851770498658491,76.25502903070627,0.42399495829214945,0.3139452814848837,0.3689701198885165,0.851770498658491,76.25502903070627,algorithm_native_internal_best_so_far.v1,true
noise001,SymbolFit,24,150,150,1.0,0.4247632120971743,0.314962753088897,0.3698629825930355,0.8540020543285223,76.63607804746235,0.4247632120971743,0.314962753088897,0.3698629825930355,0.8540020543285223,76.63607804746235,algorithm_native_internal_best_so_far.v1,true
noise001,SymbolFit,25,150,150,1.0,0.42516076600172925,0.31780185616409357,0.3714813110829114,0.8597526310152414,77.00964544962481,0.42516076600172925,0.31780185616409357,0.3714813110829114,0.8597526310152414,77.00964544962481,algorithm_native_internal_best_so_far.v1,true
noise001,SymbolFit,26,150,150,1.0,0.4258168389755227,0.3157145106097882,0.3707656747926554,0.8585630687043029,77.34990165811733,0.4258168389755227,0.3157145106097882,0.3707656747926554,0.8585630687043029,77.34990165811733,algorithm_native_internal_best_so_far.v1,true
noise001,SymbolFit,27,150,150,1.0,0.4267643032104371,0.3176526279709908,0.37220846559071374,0.8639882544172781,77.68504698343624,0.4267643032104371,0.3176526279709908,0.37220846559071374,0.8639882544172781,77.68504698343624,algorithm_native_internal_best_so_far.v1,true
noise001,SymbolFit,28,150,150,1.0,0.4264558201265785,0.3181302977991913,0.3722930589628847,0.8642325087397392,77.99712569381259,0.4264558201265785,0.3181302977991913,0.3722930589628847,0.8642325087397392,77.99712569381259,algorithm_native_internal_best_so_far.v1,true
noise001,SymbolFit,29,150,150,1.0,0.4255930152683461,0.31849423486799655,0.37204362506817124,0.8643360357269648,78.28803872411892,0.4255930152683461,0.31849423486799655,0.37204362506817124,0.8643360357269648,78.28803872411892,algorithm_native_internal_best_so_far.v1,true
noise001,SymbolFit,30,150,150,1.0,0.4261954859422632,0.31880074217450677,0.3724981140583848,0.8656040587115259,78.56378429568672,0.4261954859422632,0.31880074217450677,0.3724981140583848,0.8656040587115259,78.56378429568672,algorithm_native_internal_best_so_far.v1,true
noise001,SymbolFit,31,150,150,1.0,0.42746562514211034,0.32276079315356115,0.3751132091478358,0.8707014478064462,78.83818302100794,0.42746562514211034,0.32276079315356115,0.3751132091478358,0.8707014478064462,78.83818302100794,algorithm_native_internal_best_so_far.v1,true
noise001,SymbolFit,32,150,150,1.0,0.4277361533366615,0.3233590460502595,0.37554759969346047,0.8707481782230152,79.09557785854837,0.4277361533366615,0.3233590460502595,0.37554759969346047,0.8707481782230152,79.09557785854837,algorithm_native_internal_best_so_far.v1,true
noise001,SymbolFit,33,150,150,1.0,0.4264857546787951,0.3237988301425199,0.3751422924106575,0.8709296434910353,79.33792290371669,0.4264857546787951,0.3237988301425199,0.3751422924106575,0.8709296434910353,79.33792290371669,algorithm_native_internal_best_so_far.v1,true
noise001,SymbolFit,34,150,150,1.0,0.42767529418008154,0.32272140563617147,0.3751983499081267,0.8675388600658523,79.55603946556577,0.42767529418008154,0.32272140563617147,0.3751983499081267,0.8675388600658523,79.55603946556577,algorithm_native_internal_best_so_far.v1,true
noise001,SymbolFit,35,150,150,1.0,0.4284748489224844,0.3217357299614736,0.37510528944197913,0.8674026379136558,79.76130301773149,0.4284748489224844,0.3217357299614736,0.37510528944197913,0.8674026379136558,79.76130301773149,algorithm_native_internal_best_so_far.v1,true
noise001,SymbolFit,36,150,150,1.0,0.4291594430503063,0.32422188873266305,0.37669066589148464,0.8732067713951824,79.97128563222556,0.4291594430503063,0.32422188873266305,0.37669066589148464,0.8732067713951824,79.97128563222556,algorithm_native_internal_best_so_far.v1,true
noise001,SymbolFit,37,150,150,1.0,0.4303441345904999,0.3252150579429477,0.3777795962667239,0.874683343733462,80.17390857117476,0.4303441345904999,0.3252150579429477,0.3777795962667239,0.874683343733462,80.17390857117476,algorithm_native_internal_best_so_far.v1,true
noise001,SymbolFit,38,150,150,1.0,0.4307872345752038,0.3275248444331762,0.3791560395041899,0.8773861437395601,80.37297977651112,0.4307872345752038,0.3275248444331762,0.3791560395041899,0.8773861437395601,80.37297977651112,algorithm_native_internal_best_so_far.v1,true
noise001,SymbolFit,39,150,150,1.0,0.4304463173994297,0.3273649069737463,0.37890561218658814,0.8768145451651568,80.56037656471636,0.4304463173994297,0.3273649069737463,0.37890561218658814,0.8768145451651568,80.56037656471636,algorithm_native_internal_best_so_far.v1,true
noise001,SymbolFit,40,150,150,1.0,0.4310131705554023,0.3271928771743548,0.37910302386487854,0.8775820938907537,80.74032238532533,0.4310131705554023,0.3271928771743548,0.37910302386487854,0.8775820938907537,80.74032238532533,algorithm_native_internal_best_so_far.v1,true
noise001,SymbolFit,41,150,150,1.0,0.43090263985394966,0.32829464886041915,0.3795986443571844,0.8785848053120473,80.91393599863946,0.43090263985394966,0.32829464886041915,0.3795986443571844,0.8785848053120473,80.91393599863946,algorithm_native_internal_best_so_far.v1,true
noise001,SymbolFit,42,150,150,1.0,0.43141211240155625,0.33017285014078457,0.38079248127117016,0.8811570499941429,81.08540668913409,0.43141211240155625,0.33017285014078457,0.38079248127117016,0.8811570499941429,81.08540668913409,algorithm_native_internal_best_so_far.v1,true
noise001,SymbolFit,43,150,150,1.0,0.43143152783205757,0.3301794624199805,0.38080549512601886,0.8815762880535897,81.24987697090677,0.43143152783205757,0.3301794624199805,0.38080549512601886,0.8815762880535897,81.24987697090677,algorithm_native_internal_best_so_far.v1,true
noise001,SymbolFit,44,150,150,1.0,0.431925082698048,0.3303605743930237,0.3811428285455357,0.88160084665952,81.40692714579417,0.431925082698048,0.3303605743930237,0.3811428285455357,0.88160084665952,81.40692714579417,algorithm_native_internal_best_so_far.v1,true
noise001,SymbolFit,45,150,150,1.0,0.43351271792225815,0.3311510769215313,0.3823318974218942,0.8817461412371677,81.557320189748,0.43351271792225815,0.3311510769215313,0.3823318974218942,0.8817461412371677,81.557320189748,algorithm_native_internal_best_so_far.v1,true
noise001,SymbolFit,46,150,150,1.0,0.4341231515531346,0.3311066161733046,0.38261488386321924,0.8818759603928661,81.70145662125971,0.4341231515531346,0.3311066161733046,0.38261488386321924,0.8818759603928661,81.70145662125971,algorithm_native_internal_best_so_far.v1,true
noise001,SymbolFit,47,150,150,1.0,0.43475474319502705,0.3317843811638046,0.3832695621794156,0.8837519591893547,81.84345107440174,0.43475474319502705,0.3317843811638046,0.3832695621794156,0.8837519591893547,81.84345107440174,algorithm_native_internal_best_so_far.v1,true
noise001,SymbolFit,48,150,150,1.0,0.43521037735693946,0.3319486984944808,0.38357953792571003,0.8854799776828475,81.98312913052432,0.43521037735693946,0.3319486984944808,0.38357953792571003,0.8854799776828475,81.98312913052432,algorithm_native_internal_best_so_far.v1,true
noise001,SymbolFit,49,150,150,1.0,0.43491444213980707,0.3346167544849621,0.3847655983123845,0.8870671007739955,82.12034506821564,0.43491444213980707,0.3346167544849621,0.3847655983123845,0.8870671007739955,82.12034506821564,algorithm_native_internal_best_so_far.v1,true
noise001,SymbolFit,50,150,150,1.0,0.4346920535969687,0.33521146482358993,0.3849517592102792,0.8879587643149841,82.2538556954813,0.4346920535969687,0.33521146482358993,0.3849517592102792,0.8879587643149841,82.2538556954813,algorithm_native_internal_best_so_far.v1,true
noise001,SymbolFit,51,150,150,1.0,0.43499825321090585,0.33361358531518176,0.3843059192630438,0.8866427811318823,82.37955025269126,0.43499825321090585,0.33361358531518176,0.3843059192630438,0.8866427811318823,82.37955025269126,algorithm_native_internal_best_so_far.v1,true
noise001,SymbolFit,52,150,150,1.0,0.4349909260415222,0.33440454702644357,0.38469773653398287,0.8873634828565415,82.50179636870976,0.4349909260415222,0.33440454702644357,0.38469773653398287,0.8873634828565415,82.50179636870976,algorithm_native_internal_best_so_far.v1,true
noise001,SymbolFit,53,150,150,1.0,0.4342298434832252,0.334144131963523,0.3841869877233742,0.8861512042076887,82.61714210554106,0.4342298434832252,0.334144131963523,0.3841869877233742,0.8861512042076887,82.61714210554106,algorithm_native_internal_best_so_far.v1,true
noise001,SymbolFit,54,150,150,1.0,0.4351120153699054,0.33499186669442477,0.3850519410321651,0.8887255007361928,82.7329829938388,0.4351120153699054,0.33499186669442477,0.3850519410321651,0.8887255007361928,82.7329829938388,algorithm_native_internal_best_so_far.v1,true
noise001,SymbolFit,55,150,150,1.0,0.43523202773066977,0.33490330283384667,0.3850676652822582,0.8888154555229331,82.84477504035617,0.43523202773066977,0.33490330283384667,0.3850676652822582,0.8888154555229331,82.84477504035617,algorithm_native_internal_best_so_far.v1,true
noise001,SymbolFit,56,150,150,1.0,0.4350856335623233,0.3359004995612245,0.3854930665617739,0.8899417030690705,82.95458567011599,0.4350856335623233,0.3359004995612245,0.3854930665617739,0.8899417030690705,82.95458567011599,algorithm_native_internal_best_so_far.v1,true
noise001,SymbolFit,57,150,150,1.0,0.4356284000626541,0.3363625838576023,0.38599549196012806,0.8915342489555104,83.0633372354745,0.4356284000626541,0.3363625838576023,0.38599549196012806,0.8915342489555104,83.0633372354745,algorithm_native_internal_best_so_far.v1,true
noise001,SymbolFit,58,150,150,1.0,0.4357614403461003,0.3364892442358349,0.38612534229096745,0.8919202270834499,83.16900422638608,0.4357614403461003,0.3364892442358349,0.38612534229096745,0.8919202270834499,83.16900422638608,algorithm_native_internal_best_so_far.v1,true
noise001,SymbolFit,59,150,150,1.0,0.4379206220707201,0.3387395512921289,0.38833008668142444,0.8953625812506749,83.27692378399082,0.4379206220707201,0.3387395512921289,0.38833008668142444,0.8953625812506749,83.27692378399082,algorithm_native_internal_best_so_far.v1,true
noise001,SymbolFit,60,150,150,1.0,0.4382060340315518,0.338594185044389,0.38840010953797033,0.8955012940763029,83.3814772110515,0.4382060340315518,0.338594185044389,0.38840010953797033,0.8955012940763029,83.3814772110515,algorithm_native_internal_best_so_far.v1,true
noise001,SymbolFit,61,150,150,1.0,0.4387719004943413,0.33780315675540307,0.3882875286248722,0.8957197934657519,83.48296085261747,0.4387719004943413,0.33780315675540307,0.3882875286248722,0.8957197934657519,83.48296085261747,algorithm_native_internal_best_so_far.v1,true
noise001,SymbolFit,62,150,150,1.0,0.43893167714481535,0.33723435350230563,0.38808301532356043,0.8943658217940937,83.57898700304958,0.43893167714481535,0.33723435350230563,0.38808301532356043,0.8943658217940937,83.57898700304958,algorithm_native_internal_best_so_far.v1,true
noise001,SymbolFit,63,150,150,1.0,0.4392073939918698,0.3375130558696239,0.3883602249307467,0.8959227580631514,83.67443603167284,0.4392073939918698,0.3375130558696239,0.3883602249307467,0.8959227580631514,83.67443603167284,algorithm_native_internal_best_so_far.v1,true
noise001,SymbolFit,64,150,150,1.0,0.43921130126767405,0.33695706457361774,0.3880841829206458,0.8946595783059618,83.76492855978103,0.43921130126767405,0.33695706457361774,0.3880841829206458,0.8946595783059618,83.76492855978103,algorithm_native_internal_best_so_far.v1,true
noise001,SymbolFit,65,150,150,1.0,0.43949025063408753,0.33607366873837596,0.38778195968623164,0.8943169511604824,83.8521095837236,0.43949025063408753,0.33607366873837596,0.38778195968623164,0.8943169511604824,83.8521095837236,algorithm_native_internal_best_so_far.v1,true
noise001,SymbolFit,66,150,150,1.0,0.43932400565183666,0.3355753558495078,0.3874496807506721,0.8933579607214409,83.93519574263905,0.43932400565183666,0.3355753558495078,0.3874496807506721,0.8933579607214409,83.93519574263905,algorithm_native_internal_best_so_far.v1,true
noise001,SymbolFit,67,150,150,1.0,0.43956513610682124,0.33619133103244364,0.38787823356963247,0.8952223293007965,84.01858435737698,0.43956513610682124,0.33619133103244364,0.38787823356963247,0.8952223293007965,84.01858435737698,algorithm_native_internal_best_so_far.v1,true
noise001,SymbolFit,68,150,150,1.0,0.44037589072341715,0.3368750725559145,0.38862548163966576,0.8966148396226317,84.10156817509588,0.44037589072341715,0.3368750725559145,0.38862548163966576,0.8966148396226317,84.10156817509588,algorithm_native_internal_best_so_far.v1,true
noise001,SymbolFit,69,150,150,1.0,0.44026039024821595,0.3370592168855898,0.38865980356690266,0.896773570215289,84.18237670910216,0.44026039024821595,0.3370592168855898,0.38865980356690266,0.896773570215289,84.18237670910216,algorithm_native_internal_best_so_far.v1,true
noise001,SymbolFit,70,150,150,1.0,0.4401764774654513,0.3359218793049085,0.3880491783851798,0.8957649179977877,84.25943549611182,0.4401764774654513,0.3359218793049085,0.3880491783851798,0.8957649179977877,84.25943549611182,algorithm_native_internal_best_so_far.v1,true
noise001,SymbolFit,71,150,150,1.0,0.4404899966670601,0.33595346261156006,0.3882217296393099,0.8961891646297857,84.33492114353248,0.4404899966670601,0.33595346261156006,0.3882217296393099,0.8961891646297857,84.33492114353248,algorithm_native_internal_best_so_far.v1,true
noise001,SymbolFit,72,150,150,1.0,0.4424876578450511,0.3382546817050574,0.3903711697750543,0.9021305839611242,84.4165619387072,0.4424876578450511,0.3382546817050574,0.3903711697750543,0.9021305839611242,84.4165619387072,algorithm_native_internal_best_so_far.v1,true
noise001,SymbolFit,73,150,150,1.0,0.4411518072636601,0.33869737927269555,0.3899245932681778,0.901710239338834,84.49539018521646,0.4411518072636601,0.33869737927269555,0.3899245932681778,0.901710239338834,84.49539018521646,algorithm_native_internal_best_so_far.v1,true
noise001,SymbolFit,74,150,150,1.0,0.4416802325942062,0.3387135396561129,0.39019688612515974,0.9022832887446712,84.5728623296658,0.4416802325942062,0.3387135396561129,0.39019688612515974,0.9022832887446712,84.5728623296658,algorithm_native_internal_best_so_far.v1,true
noise001,SymbolFit,75,150,150,1.0,0.4423556299765794,0.3385814324670164,0.390468531221798,0.9026039901070342,84.64869615207964,0.4423556299765794,0.3385814324670164,0.390468531221798,0.9026039901070342,84.64869615207964,algorithm_native_internal_best_so_far.v1,true
noise001,SymbolFit,76,150,150,1.0,0.44164766153263724,0.338872236592802,0.39025994906271977,0.9029437662241592,84.72298142142616,0.44164766153263724,0.338872236592802,0.39025994906271977,0.9029437662241592,84.72298142142616,algorithm_native_internal_best_so_far.v1,true
noise001,SymbolFit,77,150,150,1.0,0.4410721529680501,0.3382180039046139,0.38964507843633206,0.9021459365202201,84.79430106078453,0.4410721529680501,0.3382180039046139,0.38964507843633206,0.9021459365202201,84.79430106078453,algorithm_native_internal_best_so_far.v1,true
noise001,SymbolFit,78,150,150,1.0,0.44162812605064405,0.3391796811866201,0.39040390361863203,0.9033014075615036,84.86527336457127,0.44162812605064405,0.3391796811866201,0.39040390361863203,0.9033014075615036,84.86527336457127,algorithm_native_internal_best_so_far.v1,true
noise001,SymbolFit,79,150,150,1.0,0.44121525615776996,0.33869373146144005,0.38995449380960484,0.9016041777580891,84.93230050901732,0.44121525615776996,0.33869373146144005,0.38995449380960484,0.9016041777580891,84.93230050901732,algorithm_native_internal_best_so_far.v1,true
noise001,SymbolFit,80,150,150,1.0,0.4417663072583425,0.33908145572063036,0.39042388148948637,0.902589964639824,84.99888420845438,0.4417663072583425,0.33908145572063036,0.39042388148948637,0.902589964639824,84.99888420845438,algorithm_native_internal_best_so_far.v1,true
noise001,SymbolFit,81,150,150,1.0,0.4417006792773614,0.3390174560750049,0.39035906767618295,0.9018431318966681,85.06290185019775,0.4417006792773614,0.3390174560750049,0.39035906767618295,0.9018431318966681,85.06290185019775,algorithm_native_internal_best_so_far.v1,true
noise001,SymbolFit,82,150,150,1.0,0.44160055720925195,0.3353542490563761,0.38847740313281376,0.8997475360432823,85.12280248134567,0.44160055720925195,0.3353542490563761,0.38847740313281376,0.8997475360432823,85.12280248134567,algorithm_native_internal_best_so_far.v1,true
noise001,SymbolFit,83,150,150,1.0,0.44243492147447,0.33639956300107676,0.3894172422377734,0.9026213501579965,85.18472215043549,0.44243492147447,0.33639956300107676,0.3894172422377734,0.9026213501579965,85.18472215043549,algorithm_native_internal_best_so_far.v1,true
noise001,SymbolFit,84,150,150,1.0,0.44274941943551593,0.3364502698795686,0.38959984465754227,0.9032623611690269,85.2459306500363,0.44274941943551593,0.3364502698795686,0.38959984465754227,0.9032623611690269,85.2459306500363,algorithm_native_internal_best_so_far.v1,true
noise001,SymbolFit,85,150,150,1.0,0.4425727248664086,0.3352880276886338,0.3889303762775212,0.9015881270399645,85.30372926243582,0.4425727248664086,0.3352880276886338,0.3889303762775212,0.9015881270399645,85.30372926243582,algorithm_native_internal_best_so_far.v1,true
noise001,SymbolFit,86,150,150,1.0,0.44324903240028374,0.33456696208378295,0.38890799724203334,0.9012734406662607,85.35981780667058,0.44324903240028374,0.33456696208378295,0.38890799724203334,0.9012734406662607,85.35981780667058,algorithm_native_internal_best_so_far.v1,true
noise001,SymbolFit,87,150,150,1.0,0.44341570963436017,0.33637302137761743,0.3898943655059887,0.904171372504447,85.41794791521971,0.44341570963436017,0.33637302137761743,0.3898943655059887,0.904171372504447,85.41794791521971,algorithm_native_internal_best_so_far.v1,true
noise001,SymbolFit,88,150,150,1.0,0.44351372629430785,0.33661693400830794,0.39006533015130773,0.9043824505097146,85.4749967463078,0.44351372629430785,0.33661693400830794,0.39006533015130773,0.9043824505097146,85.4749967463078,algorithm_native_internal_best_so_far.v1,true
noise001,SymbolFit,89,150,150,1.0,0.44345927725990475,0.33647570677163324,0.38996749201576875,0.9038878666987874,85.53020786904455,0.44345927725990475,0.33647570677163324,0.38996749201576875,0.9038878666987874,85.53020786904455,algorithm_native_internal_best_so_far.v1,true
noise001,SymbolFit,90,150,150,1.0,0.4439187944516917,0.3371290472765436,0.3905239208641174,0.9051681846303137,85.58561465342218,0.4439187944516917,0.3371290472765436,0.3905239208641174,0.9051681846303137,85.58561465342218,algorithm_native_internal_best_so_far.v1,true
noise001,SymbolFit,91,150,150,1.0,0.44389331359515155,0.3365338095524793,0.39021356157381526,0.9045888724498807,85.63916709948334,0.44389331359515155,0.3365338095524793,0.39021356157381526,0.9045888724498807,85.63916709948334,algorithm_native_internal_best_so_far.v1,true
noise001,SymbolFit,92,150,150,1.0,0.4441015005404183,0.3366118772178428,0.3903566888791305,0.9048560636104296,85.69184578710897,0.4441015005404183,0.3366118772178428,0.3903566888791305,0.9048560636104296,85.69184578710897,algorithm_native_internal_best_so_far.v1,true
noise001,SymbolFit,93,150,150,1.0,0.4442082370056707,0.3354963965581661,0.3898523167819183,0.9038383699931969,85.74229730551986,0.4442082370056707,0.3354963965581661,0.3898523167819183,0.9038383699931969,85.74229730551986,algorithm_native_internal_best_so_far.v1,true
noise001,SymbolFit,94,150,150,1.0,0.44429003723912075,0.335893956404404,0.3900919968217624,0.9046694921830921,85.79255955991123,0.44429003723912075,0.335893956404404,0.3900919968217624,0.9046694921830921,85.79255955991123,algorithm_native_internal_best_so_far.v1,true
noise001,SymbolFit,95,150,150,1.0,0.44419063271274506,0.3373047435338805,0.3907476881233127,0.9059901975767825,85.84315387778246,0.44419063271274506,0.3373047435338805,0.3907476881233127,0.9059901975767825,85.84315387778246,algorithm_native_internal_best_so_far.v1,true
noise001,SymbolFit,96,150,150,1.0,0.44395661304865136,0.33784929210406556,0.3909029525763584,0.906702078516038,85.89343569000975,0.44395661304865136,0.33784929210406556,0.3909029525763584,0.906702078516038,85.89343569000975,algorithm_native_internal_best_so_far.v1,true
noise001,SymbolFit,97,150,150,1.0,0.44403713072938944,0.33783813739090657,0.39093763406014775,0.9069032545271771,85.94288816179025,0.44403713072938944,0.33783813739090657,0.39093763406014775,0.9069032545271771,85.94288816179025,algorithm_native_internal_best_so_far.v1,true
noise001,SymbolFit,98,150,150,1.0,0.4438867858718065,0.33746872380760234,0.3906777548397043,0.9060700445139558,85.99048118515356,0.4438867858718065,0.33746872380760234,0.3906777548397043,0.9060700445139558,85.99048118515356,algorithm_native_internal_best_so_far.v1,true
noise001,SymbolFit,99,150,150,1.0,0.44434054312991983,0.3376667922435544,0.39100366768673683,0.9070045677809109,86.03805669619335,0.44434054312991983,0.3376667922435544,0.39100366768673683,0.9070045677809109,86.03805669619335,algorithm_native_internal_best_so_far.v1,true
noise001,SymbolFit,100,150,150,1.0,0.4443264274076311,0.33770283532064405,0.39101463136413733,0.9072294933869938,86.08490562261841,0.4443264274076311,0.33770283532064405,0.39101463136413733,0.9072294933869938,86.08490562261841,algorithm_native_internal_best_so_far.v1,true
noise001,SymbolFit,101,150,150,1.0,0.44344585352731164,0.337046112416271,0.39024598297179103,0.9059135341384686,86.12952391758107,0.44344585352731164,0.337046112416271,0.39024598297179103,0.9059135341384686,86.12952391758107,algorithm_native_internal_best_so_far.v1,true
noise001,SymbolFit,102,150,150,1.0,0.44354438695428844,0.33706478126630446,0.39030458411029617,0.9060442354830645,86.17339548258818,0.44354438695428844,0.33706478126630446,0.39030458411029617,0.9060442354830645,86.17339548258818,algorithm_native_internal_best_so_far.v1,true
noise001,SymbolFit,103,150,150,1.0,0.443568057925584,0.3370622815922546,0.3903151697589191,0.90611346257495,86.21648238331542,0.443568057925584,0.3370622815922546,0.3903151697589191,0.90611346257495,86.21648238331542,algorithm_native_internal_best_so_far.v1,true
noise001,SymbolFit,104,150,150,1.0,0.4436206102567773,0.33788636111484993,0.39075348568581364,0.9069536853983533,86.25954859635888,0.4436206102567773,0.33788636111484993,0.39075348568581364,0.9069536853983533,86.25954859635888,algorithm_native_internal_best_so_far.v1,true
noise001,SymbolFit,105,150,150,1.0,0.4440590014381465,0.3395066538283895,0.39178282763326794,0.909182636564413,86.30391731121681,0.4440590014381465,0.3395066538283895,0.39178282763326794,0.909182636564413,86.30391731121681,algorithm_native_internal_best_so_far.v1,true
noise001,SymbolFit,106,150,150,1.0,0.4443847608520374,0.33974131899209487,0.39206303992206604,0.9097106373856643,86.34794699449368,0.4443847608520374,0.33974131899209487,0.39206303992206604,0.9097106373856643,86.34794699449368,algorithm_native_internal_best_so_far.v1,true
noise001,SymbolFit,107,150,150,1.0,0.44427405554319355,0.339548799008564,0.39191142727587863,0.9097357182518396,86.39117713309827,0.44427405554319355,0.339548799008564,0.39191142727587863,0.9097357182518396,86.39117713309827,algorithm_native_internal_best_so_far.v1,true
noise001,SymbolFit,108,150,150,1.0,0.44480067731738426,0.34093308430844443,0.3928668808129143,0.9118727352858146,86.43558543305643,0.44480067731738426,0.34093308430844443,0.3928668808129143,0.9118727352858146,86.43558543305643,algorithm_native_internal_best_so_far.v1,true
noise001,SymbolFit,109,150,150,1.0,0.4447596218612929,0.3417382338533795,0.3932489278573361,0.9126889336406697,86.47992770765286,0.4447596218612929,0.3417382338533795,0.3932489278573361,0.9126889336406697,86.47992770765286,algorithm_native_internal_best_so_far.v1,true
noise001,SymbolFit,110,150,150,1.0,0.444629198697077,0.34139050481877464,0.3930098517579257,0.9121240674862463,86.52295024438897,0.444629198697077,0.34139050481877464,0.3930098517579257,0.9121240674862463,86.52295024438897,algorithm_native_internal_best_so_far.v1,true
noise001,SymbolFit,111,150,150,1.0,0.44463511408999135,0.3414505054258355,0.3930428097579132,0.9121865402489728,86.5652538820512,0.44463511408999135,0.3414505054258355,0.3930428097579132,0.9121865402489728,86.5652538820512,algorithm_native_internal_best_so_far.v1,true
noise001,SymbolFit,112,150,150,1.0,0.4455674664107961,0.3408573969571841,0.39321243168398984,0.9124303091091636,86.60701974838035,0.4455674664107961,0.3408573969571841,0.39321243168398984,0.9124303091091636,86.60701974838035,algorithm_native_internal_best_so_far.v1,true
noise001,SymbolFit,113,150,150,1.0,0.4457301269480714,0.34073290354735586,0.3932315152477135,0.9125265531126604,86.64813156752093,0.4457301269480714,0.34073290354735586,0.3932315152477135,0.9125265531126604,86.64813156752093,algorithm_native_internal_best_so_far.v1,true
noise001,SymbolFit,114,150,150,1.0,0.4458725211281397,0.34481761592587695,0.3953450685270082,0.9157312460700863,86.69133326084976,0.4458725211281397,0.34481761592587695,0.3953450685270082,0.9157312460700863,86.69133326084976,algorithm_native_internal_best_so_far.v1,true
noise001,SymbolFit,115,150,150,1.0,0.4462272785632591,0.3449112883785209,0.3955692834708898,0.9160547675564237,86.73406494341319,0.4462272785632591,0.3449112883785209,0.3955692834708898,0.9160547675564237,86.73406494341319,algorithm_native_internal_best_so_far.v1,true
noise001,SymbolFit,116,150,150,1.0,0.4462556747305608,0.3438517090766948,0.39505369190362766,0.9151545218349283,86.77528379893111,0.4462556747305608,0.3438517090766948,0.39505369190362766,0.9151545218349283,86.77528379893111,algorithm_native_internal_best_so_far.v1,true
noise001,SymbolFit,117,150,150,1.0,0.446655912416652,0.34406636052566847,0.3953611364711601,0.9157366760083621,86.81629562629782,0.446655912416652,0.34406636052566847,0.3953611364711601,0.9157366760083621,86.81629562629782,algorithm_native_internal_best_so_far.v1,true
noise001,SymbolFit,118,150,150,1.0,0.4467382904308576,0.3438434994275618,0.3952908949292096,0.9156398460895273,86.8565302786932,0.4467382904308576,0.3438434994275618,0.3952908949292096,0.9156398460895273,86.8565302786932,algorithm_native_internal_best_so_far.v1,true
noise001,SymbolFit,119,150,150,1.0,0.44669252449869085,0.3435927332477928,0.39514262887324175,0.9156600094584568,86.89610566245078,0.44669252449869085,0.3435927332477928,0.39514262887324175,0.9156600094584568,86.89610566245078,algorithm_native_internal_best_so_far.v1,true
noise001,SymbolFit,120,150,150,1.0,0.44670780875525784,0.34377887500127163,0.3952433418782647,0.9158869001352984,86.93521053204311,0.44670780875525784,0.34377887500127163,0.3952433418782647,0.9158869001352984,86.93521053204311,algorithm_native_internal_best_so_far.v1,true
noise001,SymbolFit,121,150,150,1.0,0.4466922708770464,0.34363354984914657,0.3951629103630965,0.9157281917994732,86.97353787624067,0.4466922708770464,0.34363354984914657,0.3951629103630965,0.9157281917994732,86.97353787624067,algorithm_native_internal_best_so_far.v1,true
noise001,SymbolFit,122,150,150,1.0,0.44677500262568565,0.34284860322796334,0.3948118029268244,0.9152505366414446,87.0108453826989,0.44677500262568565,0.34284860322796334,0.3948118029268244,0.9152505366414446,87.0108453826989,algorithm_native_internal_best_so_far.v1,true
noise001,SymbolFit,123,150,150,1.0,0.446745127034224,0.3427775527640018,0.39476133989911266,0.9149538462514054,87.04730505133665,0.446745127034224,0.3427775527640018,0.39476133989911266,0.9149538462514054,87.04730505133665,algorithm_native_internal_best_so_far.v1,true
noise001,SymbolFit,124,150,150,1.0,0.4466263575289034,0.3430978807444663,0.39486211913668484,0.9151197128325098,87.08331042417467,0.4466263575289034,0.3430978807444663,0.39486211913668484,0.9151197128325098,87.08331042417467,algorithm_native_internal_best_so_far.v1,true
noise001,SymbolFit,125,150,150,1.0,0.44631893799458844,0.3465241632773315,0.3964215506359599,0.9177981365873032,87.12088245005111,0.44631893799458844,0.3465241632773315,0.3964215506359599,0.9177981365873032,87.12088245005111,algorithm_native_internal_best_so_far.v1,true
noise001,SymbolFit,126,150,150,1.0,0.4462403589321811,0.34626560000563683,0.396252979468909,0.9175827538903928,87.1576871559161,0.4462403589321811,0.34626560000563683,0.396252979468909,0.9175827538903928,87.1576871559161,algorithm_native_internal_best_so_far.v1,true
noise001,SymbolFit,127,150,150,1.0,0.44644947847960265,0.3469984819515176,0.39672398021556005,0.9184033355716952,87.19455838742202,0.44644947847960265,0.3469984819515176,0.39672398021556005,0.9184033355716952,87.19455838742202,algorithm_native_internal_best_so_far.v1,true
noise001,SymbolFit,128,150,150,1.0,0.4464219203670813,0.3469367375610447,0.39667932896406294,0.9182560541098951,87.23073844229364,0.4464219203670813,0.3469367375610447,0.39667932896406294,0.9182560541098951,87.23073844229364,algorithm_native_internal_best_so_far.v1,true
noise001,SymbolFit,129,150,150,1.0,0.4467448219151201,0.34643663268003,0.396590727297575,0.9181031418455772,87.26623902944299,0.4467448219151201,0.34643663268003,0.396590727297575,0.9181031418455772,87.26623902944299,algorithm_native_internal_best_so_far.v1,true
noise001,SymbolFit,130,150,150,1.0,0.44686423271348996,0.3465078629802947,0.3966860478468922,0.9184785776091762,87.30148225045431,0.44686423271348996,0.3465078629802947,0.3966860478468922,0.9184785776091762,87.30148225045431,algorithm_native_internal_best_so_far.v1,true
noise001,SymbolFit,131,150,150,1.0,0.4468829791472921,0.3466056750889054,0.3967443271180986,0.91858869549886,87.33627146648051,0.4468829791472921,0.3466056750889054,0.3967443271180986,0.91858869549886,87.33627146648051,algorithm_native_internal_best_so_far.v1,true
noise001,SymbolFit,132,150,150,1.0,0.4468308000512267,0.3466224992488388,0.39672664965003257,0.9185536316259627,87.3705070096329,0.4468308000512267,0.3466224992488388,0.39672664965003257,0.9185536316259627,87.3705070096329,algorithm_native_internal_best_so_far.v1,true
noise001,SymbolFit,133,150,150,1.0,0.4468580866768002,0.3468612448622409,0.3968596657695205,0.9187982125492131,87.40441162801854,0.4468580866768002,0.3468612448622409,0.3968596657695205,0.9187982125492131,87.40441162801854,algorithm_native_internal_best_so_far.v1,true
noise001,SymbolFit,134,150,150,1.0,0.4469023848505855,0.34680902469951147,0.39685570477504856,0.9187939218746146,87.43780700532781,0.4469023848505855,0.34680902469951147,0.39685570477504856,0.9187939218746146,87.43780700532781,algorithm_native_internal_best_so_far.v1,true
noise001,SymbolFit,135,150,150,1.0,0.4455868751183414,0.34683026368586534,0.39620856940210347,0.9179222390502559,87.47006194532557,0.4455868751183414,0.34683026368586534,0.39620856940210347,0.9179222390502559,87.47006194532557,algorithm_native_internal_best_so_far.v1,true
noise001,SymbolFit,136,150,150,1.0,0.44601190011237835,0.34814817478154825,0.39708003744696335,0.9192285009655035,87.50280303467282,0.44601190011237835,0.34814817478154825,0.39708003744696335,0.9192285009655035,87.50280303467282,algorithm_native_internal_best_so_far.v1,true
noise001,SymbolFit,137,150,150,1.0,0.44580161524524053,0.34732950466542256,0.39656555995533166,0.9185392656301332,87.53456306042713,0.44580161524524053,0.34732950466542256,0.39656555995533166,0.9185392656301332,87.53456306042713,algorithm_native_internal_best_so_far.v1,true
noise001,SymbolFit,138,150,150,1.0,0.4457913536381745,0.34723082207655553,0.39651108785736516,0.9184662633003471,87.56580989571414,0.4457913536381745,0.34723082207655553,0.39651108785736516,0.9184662633003471,87.56580989571414,algorithm_native_internal_best_so_far.v1,true
noise001,SymbolFit,139,150,150,1.0,0.44570722482694514,0.34673956239177256,0.3962233936093588,0.9180250931610798,87.59628974765941,0.44570722482694514,0.34673956239177256,0.3962233936093588,0.9180250931610798,87.59628974765941,algorithm_native_internal_best_so_far.v1,true
noise001,SymbolFit,140,150,150,1.0,0.44587914900669745,0.34725235292996326,0.39656575096833035,0.918538207338581,87.62670068327512,0.44587914900669745,0.34725235292996326,0.39656575096833035,0.918538207338581,87.62670068327512,algorithm_native_internal_best_so_far.v1,true
noise001,SymbolFit,141,150,150,1.0,0.44589550191661176,0.3472123102292838,0.39655390607294794,0.9186132181343546,87.6567334572479,0.44589550191661176,0.3472123102292838,0.39655390607294794,0.9186132181343546,87.6567334572479,algorithm_native_internal_best_so_far.v1,true
noise001,SymbolFit,142,150,150,1.0,0.4458588913667097,0.34740311421499315,0.39663100279085167,0.9188607678209072,87.68651756516931,0.4458588913667097,0.34740311421499315,0.39663100279085167,0.9188607678209072,87.68651756516931,algorithm_native_internal_best_so_far.v1,true
noise001,SymbolFit,143,150,150,1.0,0.4443257423668862,0.34713513643848953,0.39573043940268793,0.9168459956430485,87.71447618054789,0.4443257423668862,0.34713513643848953,0.39573043940268793,0.9168459956430485,87.71447618054789,algorithm_native_internal_best_so_far.v1,true
noise001,SymbolFit,144,150,150,1.0,0.44437569919303965,0.34709007652032264,0.39573288785668126,0.9168472435563696,87.74204734843045,0.44437569919303965,0.34709007652032264,0.39573288785668126,0.9168472435563696,87.74204734843045,algorithm_native_internal_best_so_far.v1,true
noise001,SymbolFit,145,150,150,1.0,0.4443819442071095,0.34714008920410144,0.3957610167056057,0.9169314510149889,87.76929629845161,0.4443819442071095,0.34714008920410144,0.3957610167056057,0.9169314510149889,87.76929629845161,algorithm_native_internal_best_so_far.v1,true
noise001,SymbolFit,146,150,150,1.0,0.4443858998044504,0.3472014713960435,0.3957936856002472,0.916977479476591,87.79620350152837,0.4443858998044504,0.3472014713960435,0.3957936856002472,0.916977479476591,87.79620350152837,algorithm_native_internal_best_so_far.v1,true
noise001,SymbolFit,147,150,150,1.0,0.44455116704376896,0.34762154724037525,0.39608635714207224,0.9180058812586732,87.82344421325857,0.44455116704376896,0.34762154724037525,0.39608635714207224,0.9180058812586732,87.82344421325857,algorithm_native_internal_best_so_far.v1,true
noise001,SymbolFit,148,150,150,1.0,0.4448145969985879,0.34780858250351476,0.3963115897510514,0.9183635455280355,87.85055847230953,0.4448145969985879,0.34780858250351476,0.3963115897510514,0.9183635455280355,87.85055847230953,algorithm_native_internal_best_so_far.v1,true
noise001,SymbolFit,149,150,150,1.0,0.4449568928914381,0.3470161606170267,0.39598652675423257,0.9175183565361394,87.87674154064044,0.4449568928914381,0.3470161606170267,0.39598652675423257,0.9175183565361394,87.87674154064044,algorithm_native_internal_best_so_far.v1,true
noise001,SymbolFit,150,150,150,1.0,0.4452012544518723,0.3472361125384937,0.39621868349518324,0.9183090868907563,87.90310265496333,0.4452012544518723,0.3472361125384937,0.39621868349518324,0.9183090868907563,87.90310265496333,algorithm_native_internal_best_so_far.v1,true
noise001,SymbolFit,151,150,150,1.0,0.4452064154438946,0.34742408615622544,0.3963152508000602,0.9184292304267345,87.92919418070976,0.4452064154438946,0.34742408615622544,0.3963152508000602,0.9184292304267345,87.92919418070976,algorithm_native_internal_best_so_far.v1,true
noise001,SymbolFit,152,150,150,1.0,0.4452282780429952,0.3475245671939925,0.39637642261849393,0.9185903923927629,87.95504842451612,0.4452282780429952,0.3475245671939925,0.39637642261849393,0.9185903923927629,87.95504842451612,algorithm_native_internal_best_so_far.v1,true
noise001,SymbolFit,153,150,150,1.0,0.4453010977529116,0.3475997661217289,0.3964504319373205,0.918772569628095,87.9806837744396,0.4453010977529116,0.3475997661217289,0.3964504319373205,0.918772569628095,87.9806837744396,algorithm_native_internal_best_so_far.v1,true
noise001,SymbolFit,154,150,150,1.0,0.4459401136595027,0.3433434203683049,0.39464176701390397,0.9160237075956146,88.00420122239494,0.4459401136595027,0.3433434203683049,0.39464176701390397,0.9160237075956146,88.00420122239494,algorithm_native_internal_best_so_far.v1,true
noise001,SymbolFit,155,150,150,1.0,0.44590800157980964,0.3434720338477332,0.3946900177137716,0.9161752292307817,88.02751297530257,0.44590800157980964,0.3434720338477332,0.3946900177137716,0.9161752292307817,88.02751297530257,algorithm_native_internal_best_so_far.v1,true
noise001,SymbolFit,156,150,150,1.0,0.4459561192156286,0.34317392738538066,0.39456502330050475,0.9159131338776132,88.05035784974142,0.4459561192156286,0.34317392738538066,0.39456502330050475,0.9159131338776132,88.05035784974142,algorithm_native_internal_best_so_far.v1,true
noise001,SymbolFit,157,150,150,1.0,0.4458762990017729,0.3430943281912595,0.3944853135965164,0.9157857125215723,88.07283054657209,0.4458762990017729,0.3430943281912595,0.3944853135965164,0.9157857125215723,88.07283054657209,algorithm_native_internal_best_so_far.v1,true
noise001,SymbolFit,158,150,150,1.0,0.44591945368502145,0.34290378299769925,0.39441161834136057,0.9155841556131759,88.09489121122238,0.44591945368502145,0.34290378299769925,0.39441161834136057,0.9155841556131759,88.09489121122238,algorithm_native_internal_best_so_far.v1,true
noise001,SymbolFit,159,150,150,1.0,0.44595007097545153,0.3428458211169136,0.3943979460461827,0.9155184812632015,88.11663307861292,0.44595007097545153,0.3428458211169136,0.3943979460461827,0.9155184812632015,88.11663307861292,algorithm_native_internal_best_so_far.v1,true
noise001,SymbolFit,160,150,150,1.0,0.44599827239035267,0.34291988694998893,0.394459079670171,0.9156368323530476,88.13817714209225,0.44599827239035267,0.34291988694998893,0.394459079670171,0.9156368323530476,88.13817714209225,algorithm_native_internal_best_so_far.v1,true
noise001,SymbolFit,161,150,150,1.0,0.44587346186761473,0.34289234573087496,0.39438290379924507,0.9155127107766634,88.159376483307,0.44587346186761473,0.34289234573087496,0.39438290379924507,0.9155127107766634,88.159376483307,algorithm_native_internal_best_so_far.v1,true
noise001,SymbolFit,162,150,150,1.0,0.44595960381125355,0.34256627143714236,0.3942629376241982,0.915354757850302,88.18021660245344,0.44595960381125355,0.34256627143714236,0.3942629376241982,0.915354757850302,88.18021660245344,algorithm_native_internal_best_so_far.v1,true
noise001,SymbolFit,163,150,150,1.0,0.44582253283868056,0.34280654835274965,0.39431454059571514,0.915447720343037,88.2008580468206,0.44582253283868056,0.34280654835274965,0.39431454059571514,0.915447720343037,88.2008580468206,algorithm_native_internal_best_so_far.v1,true
noise001,SymbolFit,164,150,150,1.0,0.44587929353125266,0.34325373465773656,0.3945665140944946,0.9161368004560512,88.2216679370571,0.44587929353125266,0.34325373465773656,0.3945665140944946,0.9161368004560512,88.2216679370571,algorithm_native_internal_best_so_far.v1,true
noise001,SymbolFit,165,150,150,1.0,0.4466521640804084,0.34414706550811125,0.39539961479425983,0.9200321972239118,88.2445864327258,0.4466521640804084,0.34414706550811125,0.39539961479425983,0.9200321972239118,88.2445864327258,algorithm_native_internal_best_so_far.v1,true
noise001,SymbolFit,166,150,150,1.0,0.4466483756321883,0.34405005375772374,0.395349214694956,0.9197644218739087,88.26706749148885,0.4466483756321883,0.34405005375772374,0.395349214694956,0.9197644218739087,88.26706749148885,algorithm_native_internal_best_so_far.v1,true
noise001,SymbolFit,167,150,150,1.0,0.44660853847933557,0.3437036491654062,0.39515609382237094,0.9193848015728291,88.28905199846963,0.44660853847933557,0.3437036491654062,0.39515609382237094,0.9193848015728291,88.28905199846963,algorithm_native_internal_best_so_far.v1,true
noise001,SymbolFit,168,150,150,1.0,0.4466371764288122,0.343585075680272,0.3951111260545422,0.9192848973979888,88.3107153183585,0.4466371764288122,0.343585075680272,0.3951111260545422,0.9192848973979888,88.3107153183585,algorithm_native_internal_best_so_far.v1,true
noise001,SymbolFit,169,150,150,1.0,0.4466161734326161,0.343645596789377,0.3951308851109967,0.9192971131909711,88.33212949587767,0.4466161734326161,0.343645596789377,0.3951308851109967,0.9192971131909711,88.33212949587767,algorithm_native_internal_best_so_far.v1,true
noise001,SymbolFit,170,150,150,1.0,0.4467826433655991,0.343568365089092,0.39517550422734565,0.9193653737795104,88.35333189518398,0.4467826433655991,0.343568365089092,0.39517550422734565,0.9193653737795104,88.35333189518398,algorithm_native_internal_best_so_far.v1,true
noise001,SymbolFit,171,150,150,1.0,0.44673144703721346,0.3437053475942842,0.3952183973157489,0.9194852609748507,88.37435642268281,0.44673144703721346,0.3437053475942842,0.3952183973157489,0.9194852609748507,88.37435642268281,algorithm_native_internal_best_so_far.v1,true
noise001,SymbolFit,172,150,150,1.0,0.44665800983623155,0.34372612832669935,0.3951920690814656,0.919436768349291,88.39510828554472,0.44665800983623155,0.34372612832669935,0.3951920690814656,0.919436768349291,88.39510828554472,algorithm_native_internal_best_so_far.v1,true
noise001,SymbolFit,173,150,150,1.0,0.4466708100236219,0.34373325005147576,0.3952020300375489,0.9194572482307735,88.41563208055936,0.4466708100236219,0.34373325005147576,0.3952020300375489,0.9194572482307735,88.41563208055936,algorithm_native_internal_best_so_far.v1,true
noise001,SymbolFit,174,150,150,1.0,0.44681366554125174,0.34375459407086095,0.3952841298060564,0.9196507572331218,88.43603118195448,0.44681366554125174,0.34375459407086095,0.3952841298060564,0.9196507572331218,88.43603118195448,algorithm_native_internal_best_so_far.v1,true
noise001,SymbolFit,175,150,150,1.0,0.4467922858978408,0.3437840606603039,0.3952881732790724,0.9196935830551274,88.45622162266054,0.4467922858978408,0.3437840606603039,0.3952881732790724,0.9196935830551274,88.45622162266054,algorithm_native_internal_best_so_far.v1,true
noise001,SymbolFit,176,150,150,1.0,0.4467014365019839,0.34390749305022694,0.39530446477610537,0.9197383958476099,88.47620808835428,0.4467014365019839,0.34390749305022694,0.39530446477610537,0.9197383958476099,88.47620808835428,algorithm_native_internal_best_so_far.v1,true
noise001,SymbolFit,177,150,150,1.0,0.4466906242999185,0.3439118921113396,0.3953012582056289,0.9197408438890591,88.49597010135174,0.4466906242999185,0.3439118921113396,0.3953012582056289,0.9197408438890591,88.49597010135174,algorithm_native_internal_best_so_far.v1,true
noise001,SymbolFit,178,150,150,1.0,0.4462339067748066,0.34475495926029043,0.3954944330175484,0.9203079920507109,88.51582869182208,0.4462339067748066,0.34475495926029043,0.3954944330175484,0.9203079920507109,88.51582869182208,algorithm_native_internal_best_so_far.v1,true
noise001,SymbolFit,179,150,150,1.0,0.4473853515099993,0.34604043446192767,0.39671289298596335,0.9254267832657354,88.53832505849668,0.4473853515099993,0.34604043446192767,0.39671289298596335,0.9254267832657354,88.53832505849668,algorithm_native_internal_best_so_far.v1,true
noise001,SymbolFit,180,150,150,1.0,0.4473158133868451,0.3451309431181767,0.39622337825251075,0.9219320353580875,88.55862993892619,0.4473158133868451,0.3451309431181767,0.39622337825251075,0.9219320353580875,88.55862993892619,algorithm_native_internal_best_so_far.v1,true
noise001,tpsr,1,150,150,1.0,0.03939429238398152,0.03720343327530941,0.03829886282964545,0.2655253638516983,26.552536385169827,0.03939429238398152,0.03720343327530941,0.03829886282964545,0.2655253638516983,26.552536385169827,algorithm_native_internal_best_so_far.v1,true
noise001,tpsr,2,150,150,1.0,0.05173564177132579,0.049370824171615334,0.05055323297147055,0.3680192229177591,31.677229338472866,0.05173564177132579,0.049370824171615334,0.05055323297147055,0.3680192229177591,31.677229338472866,algorithm_native_internal_best_so_far.v1,true
noise001,tpsr,3,150,150,1.0,0.06379606332011005,0.05916362016570456,0.061479841742907326,0.46443263760631776,36.599240812525835,0.06379606332011005,0.05916362016570456,0.061479841742907326,0.46443263760631776,36.599240812525835,algorithm_native_internal_best_so_far.v1,true
noise001,tpsr,4,150,150,1.0,0.06976936216090705,0.06605118808193548,0.0679102751214213,0.5063448770654017,40.10805253602941,0.06976936216090705,0.06605118808193548,0.0679102751214213,0.5063448770654017,40.10805253602941,algorithm_native_internal_best_so_far.v1,true
noise001,tpsr,5,150,150,1.0,0.0763801779270841,0.07069049151723857,0.07353533472216135,0.5567787234584051,43.22201649799164,0.0763801779270841,0.07069049151723857,0.07353533472216135,0.5567787234584051,43.22201649799164,algorithm_native_internal_best_so_far.v1,true
noise001,tpsr,6,150,150,1.0,0.07762232666787142,0.07162467485358151,0.07462350076072645,0.5646889478166797,45.429829545271026,0.07762232666787142,0.07162467485358151,0.07462350076072645,0.5646889478166797,45.429829545271026,algorithm_native_internal_best_so_far.v1,true
noise001,tpsr,7,150,150,1.0,0.07656912914089573,0.07197365925904624,0.07427139419997097,0.5572769471999507,46.900953141660175,0.07656912914089573,0.07197365925904624,0.07427139419997097,0.5572769471999507,46.900953141660175,algorithm_native_internal_best_so_far.v1,true
noise001,tpsr,8,150,150,1.0,0.07902179286366223,0.07392883783624463,0.07647531534995343,0.5705522553006318,48.17023719021055,0.07902179286366223,0.07392883783624463,0.07647531534995343,0.5705522553006318,48.17023719021055,algorithm_native_internal_best_so_far.v1,true
noise001,tpsr,9,150,150,1.0,0.08013271662521859,0.075144216313909,0.07763846646956381,0.5761768266557277,49.21995335413969,0.08013271662521859,0.075144216313909,0.07763846646956381,0.5761768266557277,49.21995335413969,algorithm_native_internal_best_so_far.v1,true
noise001,tpsr,10,150,150,1.0,0.08101470939052971,0.07714236659325428,0.07907853799189198,0.587526932393062,50.17322734265635,0.08101470939052971,0.07714236659325428,0.07907853799189198,0.587526932393062,50.17322734265635,algorithm_native_internal_best_so_far.v1,true
noise001,tpsr,11,150,150,1.0,0.08122573628748907,0.07737440084505921,0.07930006856627415,0.5909624909159507,50.98441113801441,0.08122573628748907,0.07737440084505921,0.07930006856627415,0.5909624909159507,50.98441113801441,algorithm_native_internal_best_so_far.v1,true
noise001,tpsr,12,150,150,1.0,0.0817948964591793,0.07857904496867198,0.08018697071392564,0.5972750965488794,51.713002681087204,0.0817948964591793,0.07857904496867198,0.08018697071392564,0.5972750965488794,51.713002681087204,algorithm_native_internal_best_so_far.v1,true
noise001,tpsr,13,150,150,1.0,0.08037566026607916,0.07751222672983699,0.07894394349795811,0.5881316502976034,52.25916901560052,0.08037566026607916,0.07751222672983699,0.07894394349795811,0.5881316502976034,52.25916901560052,algorithm_native_internal_best_so_far.v1,true
noise001,tpsr,14,150,150,1.0,0.08052121558648405,0.07743079077712527,0.07897600318180467,0.5886202863530395,52.730801845579336,0.08052121558648405,0.07743079077712527,0.07897600318180467,0.5886202863530395,52.730801845579336,algorithm_native_internal_best_so_far.v1,true
noise001,tpsr,15,150,150,1.0,0.08040475700857849,0.07758488357240971,0.07899482029049412,0.5886329596418236,53.13963478681954,0.08040475700857849,0.07758488357240971,0.07899482029049412,0.5886329596418236,53.13963478681954,algorithm_native_internal_best_so_far.v1,true
noise001,tpsr,16,150,150,1.0,0.0796430133820309,0.07747020400605,0.07855660869404045,0.5850875596101327,53.475204860206645,0.0796430133820309,0.07747020400605,0.07855660869404045,0.5850875596101327,53.475204860206645,algorithm_native_internal_best_so_far.v1,true
noise001,tpsr,17,150,150,1.0,0.07889750325397879,0.07636653303610098,0.07763201814503996,0.5788888277179829,53.734832972653216,0.07889750325397879,0.07636653303610098,0.07763201814503996,0.5788888277179829,53.734832972653216,algorithm_native_internal_best_so_far.v1,true
noise001,tpsr,18,150,150,1.0,0.07970252590802628,0.07635735112806415,0.07802993851804525,0.5850168793451871,53.9996582483124,0.07970252590802628,0.07635735112806415,0.07802993851804525,0.5850168793451871,53.9996582483124,algorithm_native_internal_best_so_far.v1,true
noise001,tpsr,19,150,150,1.0,0.07988353045029249,0.07573965432461736,0.07781159238745496,0.5838524371455672,54.23047853600948,0.07988353045029249,0.07573965432461736,0.07781159238745496,0.5838524371455672,54.23047853600948,algorithm_native_internal_best_so_far.v1,true
noise001,tpsr,20,150,150,1.0,0.080346242699857,0.07575546754301464,0.07805085512143585,0.5870661212673521,54.45428521554576,0.080346242699857,0.07575546754301464,0.07805085512143585,0.5870661212673521,54.45428521554576,algorithm_native_internal_best_so_far.v1,true
noise001,tpsr,21,150,150,1.0,0.08014723430923178,0.07572895841094361,0.07793809636008771,0.5852650211651148,54.64820030606794,0.08014723430923178,0.07572895841094361,0.07793809636008771,0.5852650211651148,54.64820030606794,algorithm_native_internal_best_so_far.v1,true
noise001,tpsr,22,150,150,1.0,0.08023343860130909,0.07575891815286356,0.07799617837708636,0.5856085696656288,54.82604833609044,0.08023343860130909,0.07575891815286356,0.07799617837708636,0.5856085696656288,54.82604833609044,algorithm_native_internal_best_so_far.v1,true
noise001,tpsr,23,150,150,1.0,0.08038502632259313,0.07580037871367871,0.07809270251813595,0.5856522278853004,54.98862113837042,0.08038502632259313,0.07580037871367871,0.07809270251813595,0.5856522278853004,54.98862113837042,algorithm_native_internal_best_so_far.v1,true
noise001,tpsr,24,150,150,1.0,0.08019871461783826,0.07584798215677865,0.0780233483873085,0.5844909550481174,55.13280757030548,0.08019871461783826,0.07584798215677865,0.0780233483873085,0.5844909550481174,55.13280757030548,algorithm_native_internal_best_so_far.v1,true
noise001,tpsr,25,150,150,1.0,0.08040169775795318,0.07589060748466318,0.07814615262130822,0.5857528286579454,55.27050658212504,0.08040169775795318,0.07589060748466318,0.07814615262130822,0.5857528286579454,55.27050658212504,algorithm_native_internal_best_so_far.v1,true
noise001,tpsr,26,150,150,1.0,0.08298927897538826,0.07727427706792629,0.08013177802165732,0.5988320450260745,55.44791804060513,0.08298927897538826,0.07727427706792629,0.08013177802165732,0.5988320450260745,55.44791804060513,algorithm_native_internal_best_so_far.v1,true
noise001,tpsr,27,150,150,1.0,0.08284384687113251,0.07726710650877924,0.08005547668995594,0.5977182061133629,55.60806258026184,0.08284384687113251,0.07726710650877924,0.08005547668995594,0.5977182061133629,55.60806258026184,algorithm_native_internal_best_so_far.v1,true
noise001,tpsr,28,150,150,1.0,0.08287632857731102,0.07732223055241862,0.08009927956486489,0.5985994817847975,55.75991563734105,0.08287632857731102,0.07732223055241862,0.08009927956486489,0.5985994817847975,55.75991563734105,algorithm_native_internal_best_so_far.v1,true
noise001,tpsr,29,150,150,1.0,0.08281271956240435,0.07725154543554538,0.08003213249897492,0.597723183924675,55.89827435303507,0.08281271956240435,0.07725154543554538,0.08003213249897492,0.597723183924675,55.89827435303507,algorithm_native_internal_best_so_far.v1,true
noise001,tpsr,30,150,150,1.0,0.08380952923818515,0.07811573221774573,0.08096263072796549,0.6044138772016865,56.04971146527286,0.08380952923818515,0.07811573221774573,0.08096263072796549,0.6044138772016865,56.04971146527286,algorithm_native_internal_best_so_far.v1,true
noise001,tpsr,31,150,150,1.0,0.08298899494058336,0.07764837263062706,0.08031868378560528,0.6014040633221462,56.18166936420646,0.08298899494058336,0.07764837263062706,0.08031868378560528,0.6014040633221462,56.18166936420646,algorithm_native_internal_best_so_far.v1,true
noise001,tpsr,32,150,150,1.0,0.08388505406040572,0.0785650639979896,0.0812250590291977,0.6078007017292582,56.325369389478944,0.08388505406040572,0.0785650639979896,0.0812250590291977,0.6078007017292582,56.325369389478944,algorithm_native_internal_best_so_far.v1,true
noise001,tpsr,33,150,150,1.0,0.08382787311743939,0.0784405113961458,0.08113419225679265,0.6071830982130528,56.45848879650398,0.08382787311743939,0.0784405113961458,0.08113419225679265,0.6071830982130528,56.45848879650398,algorithm_native_internal_best_so_far.v1,true
noise001,tpsr,34,150,150,1.0,0.08382901575592941,0.07843892066566527,0.08113396821079737,0.6072119201382229,56.58386242054275,0.08382901575592941,0.07843892066566527,0.08113396821079737,0.6072119201382229,56.58386242054275,algorithm_native_internal_best_so_far.v1,true
noise001,tpsr,35,150,150,1.0,0.08313354213704847,0.07787833187364393,0.08050593700534625,0.6039006398544917,56.69261103668293,0.08313354213704847,0.07787833187364393,0.08050593700534625,0.6039006398544917,56.69261103668293,algorithm_native_internal_best_so_far.v1,true
noise001,tpsr,36,150,150,1.0,0.08289994797618797,0.0780071108710625,0.08045352942362527,0.6019202206552734,56.78981689859528,0.08289994797618797,0.0780071108710625,0.08045352942362527,0.6019202206552734,56.78981689859528,algorithm_native_internal_best_so_far.v1,true
noise001,tpsr,37,150,150,1.0,0.0829057080224992,0.07800106442196963,0.08045338622223444,0.6020833259735269,56.88220921477791,0.0829057080224992,0.07800106442196963,0.08045338622223444,0.6020833259735269,56.88220921477791,algorithm_native_internal_best_so_far.v1,true
noise001,tpsr,38,150,150,1.0,0.08292247606860531,0.07793691942772009,0.08042969774816269,0.6019178350859707,56.96930327514158,0.08292247606860531,0.07793691942772009,0.08042969774816269,0.6019178350859707,56.96930327514158,algorithm_native_internal_best_so_far.v1,true
noise001,tpsr,39,150,150,1.0,0.0829195872042066,0.07792299428995293,0.08042129074707977,0.601844308061547,57.05174244260345,0.0829195872042066,0.07792299428995293,0.08042129074707977,0.601844308061547,57.05174244260345,algorithm_native_internal_best_so_far.v1,true
noise001,tpsr,40,150,150,1.0,0.08308192194124293,0.07788687954387313,0.08048440074255803,0.6025699575406823,57.131873775390076,0.08308192194124293,0.07788687954387313,0.08048440074255803,0.6025699575406823,57.131873775390076,algorithm_native_internal_best_so_far.v1,true
noise001,tpsr,41,150,150,1.0,0.0820922262273994,0.07776241077532435,0.07992731850136185,0.5961386299042284,57.19241009770795,0.0820922262273994,0.07776241077532435,0.07992731850136185,0.5961386299042284,57.19241009770795,algorithm_native_internal_best_so_far.v1,true
noise001,tpsr,42,150,150,1.0,0.08199747100464405,0.07774718324666643,0.07987232712565527,0.5960243595573919,57.24979166575632,0.08199747100464405,0.07774718324666643,0.07987232712565527,0.5960243595573919,57.24979166575632,algorithm_native_internal_best_so_far.v1,true
noise001,tpsr,43,150,150,1.0,0.08305236559283247,0.07856033750454472,0.0808063515486886,0.6024343144318461,57.31941119546395,0.08305236559283247,0.07856033750454472,0.0808063515486886,0.6024343144318461,57.31941119546395,algorithm_native_internal_best_so_far.v1,true
noise001,tpsr,44,150,150,1.0,0.08306929468137775,0.07855311196850162,0.08081120332493971,0.6025931212588591,57.38622712570081,0.08306929468137775,0.07855311196850162,0.08081120332493971,0.6025931212588591,57.38622712570081,algorithm_native_internal_best_so_far.v1,true
noise001,tpsr,45,150,150,1.0,0.08308580921318305,0.07855294248696462,0.08081937585007386,0.6027050286181413,57.45032214205889,0.08308580921318305,0.07855294248696462,0.08081937585007386,0.6027050286181413,57.45032214205889,algorithm_native_internal_best_so_far.v1,true
noise001,tpsr,46,150,150,1.0,0.08288824681065829,0.07858842187675036,0.08073833434370435,0.6014424257283368,57.50888562968443,0.08288824681065829,0.07858842187675036,0.08073833434370435,0.6014424257283368,57.50888562968443,algorithm_native_internal_best_so_far.v1,true
noise001,tpsr,47,150,150,1.0,0.08288883534861005,0.0785819660829733,0.08073540071579167,0.6014213162684607,57.56491214026234,0.08288883534861005,0.0785819660829733,0.08073540071579167,0.6014213162684607,57.56491214026234,algorithm_native_internal_best_so_far.v1,true
noise001,tpsr,48,150,150,1.0,0.0824748341485773,0.07827749790264998,0.08037616602561365,0.5988580160706358,57.613264004154026,0.0824748341485773,0.07827749790264998,0.08037616602561365,0.5988580160706358,57.613264004154026,algorithm_native_internal_best_so_far.v1,true
noise001,tpsr,49,150,150,1.0,0.08145224645110473,0.07720073338253601,0.07932648991682038,0.5917032118953541,57.64504068140671,0.08145224645110473,0.07720073338253601,0.07932648991682038,0.5917032118953541,57.64504068140671,algorithm_native_internal_best_so_far.v1,true
noise001,tpsr,50,150,150,1.0,0.0815266149671427,0.07721687305830964,0.07937174401272619,0.5919059842578918,57.67595183629436,0.0815266149671427,0.07721687305830964,0.07937174401272619,0.5919059842578918,57.67595183629436,algorithm_native_internal_best_so_far.v1,true
noise001,tpsr,51,150,150,1.0,0.08124351036126826,0.07691685942696545,0.07908018489411686,0.5886388467466379,57.6992446370467,0.08124351036126826,0.07691685942696545,0.07908018489411686,0.5886388467466379,57.6992446370467,algorithm_native_internal_best_so_far.v1,true
noise001,tpsr,52,150,150,1.0,0.08216114672267695,0.07702164994514882,0.07959139833391288,0.5952037090600498,57.73426629606513,0.08216114672267695,0.07702164994514882,0.07959139833391288,0.5952037090600498,57.73426629606513,algorithm_native_internal_best_so_far.v1,true
noise001,tpsr,53,150,150,1.0,0.08216754546425128,0.07701823994162788,0.07959289270293958,0.5952205369840495,57.767998133845126,0.08216754546425128,0.07701823994162788,0.07959289270293958,0.5952205369840495,57.767998133845126,algorithm_native_internal_best_so_far.v1,true
noise001,tpsr,54,150,150,1.0,0.08264863932502688,0.07749652566887773,0.08007258249695233,0.5983719747521555,57.80631664016679,0.08264863932502688,0.07749652566887773,0.08007258249695233,0.5983719747521555,57.80631664016679,algorithm_native_internal_best_so_far.v1,true
noise001,tpsr,55,150,150,1.0,0.08265065318154287,0.0774936313371581,0.08007214225935051,0.5983628881138624,57.84322522509805,0.08265065318154287,0.0774936313371581,0.08007214225935051,0.5983628881138624,57.84322522509805,algorithm_native_internal_best_so_far.v1,true
noise001,tpsr,56,150,150,1.0,0.08282053349770607,0.07794198105995336,0.08038125727882973,0.6012912895136863,57.884044934495755,0.08282053349770607,0.07794198105995336,0.08038125727882973,0.6012912895136863,57.884044934495755,algorithm_native_internal_best_so_far.v1,true
noise001,tpsr,57,150,150,1.0,0.08230968148439999,0.07754993810750989,0.07992980979595496,0.5981315238955276,57.91788892493534,0.08230968148439999,0.07754993810750989,0.07992980979595496,0.5981315238955276,57.91788892493534,algorithm_native_internal_best_so_far.v1,true
noise001,tpsr,58,150,150,1.0,0.08230301671216789,0.07753684248207661,0.07991992959712226,0.5980697291286388,57.950459338520325,0.08230301671216789,0.07753684248207661,0.07991992959712226,0.5980697291286388,57.950459338520325,algorithm_native_internal_best_so_far.v1,true
noise001,tpsr,59,150,150,1.0,0.08290963597091469,0.07827364909476452,0.08059164253283962,0.6045827898022947,57.992964756176406,0.08290963597091469,0.07827364909476452,0.08059164253283962,0.6045827898022947,57.992964756176406,algorithm_native_internal_best_so_far.v1,true
noise001,tpsr,60,150,150,1.0,0.0829130237820666,0.0782777083911974,0.08059536608663206,0.6046024783935066,58.03408614089598,0.0829130237820666,0.0782777083911974,0.08059536608663206,0.6046024783935066,58.03408614089598,algorithm_native_internal_best_so_far.v1,true
noise001,tpsr,61,150,150,1.0,0.0826182620198585,0.07825970582278362,0.08043898392132111,0.6022170620297073,58.06994876486442,0.0826182620198585,0.07825970582278362,0.08043898392132111,0.6022170620297073,58.06994876486442,algorithm_native_internal_best_so_far.v1,true
noise001,tpsr,62,150,150,1.0,0.08262212395861816,0.07826949361259777,0.080445808785608,0.6022825532252452,58.10476016095571,0.08262212395861816,0.07826949361259777,0.080445808785608,0.6022825532252452,58.10476016095571,algorithm_native_internal_best_so_far.v1,true
noise001,tpsr,63,150,150,1.0,0.08262004206364792,0.07824568899899609,0.08043286553132202,0.6021930494785322,58.13832436392234,0.08262004206364792,0.07824568899899609,0.08043286553132202,0.6021930494785322,58.13832436392234,algorithm_native_internal_best_so_far.v1,true
noise001,tpsr,64,150,150,1.0,0.08264047358029643,0.07823931231489817,0.08043989294759733,0.6022609024664676,58.170945705839905,0.08264047358029643,0.07823931231489817,0.08043989294759733,0.6022609024664676,58.170945705839905,algorithm_native_internal_best_so_far.v1,true
noise001,tpsr,65,150,150,1.0,0.08168315614175503,0.07778863673661648,0.0797358964391858,0.5955951525221838,58.192308314245736,0.08168315614175503,0.07778863673661648,0.0797358964391858,0.5955951525221838,58.192308314245736,algorithm_native_internal_best_so_far.v1,true
noise001,tpsr,66,150,150,1.0,0.08170469388732225,0.0777891850787813,0.07974693948305181,0.5956446489927475,58.21309856553405,0.08170469388732225,0.0777891850787813,0.07974693948305181,0.5956446489927475,58.21309856553405,algorithm_native_internal_best_so_far.v1,true
noise001,tpsr,67,150,150,1.0,0.08172892878838058,0.07779515383358847,0.07976204131098458,0.595736231988378,58.23340490334454,0.08172892878838058,0.07779515383358847,0.07976204131098458,0.595736231988378,58.23340490334454,algorithm_native_internal_best_so_far.v1,true
noise001,tpsr,68,150,150,1.0,0.08172892878838058,0.07779515383358847,0.07976204131098458,0.595736231988378,58.253113995925325,0.08172892878838058,0.07779515383358847,0.07976204131098458,0.595736231988378,58.253113995925325,algorithm_native_internal_best_so_far.v1,true
noise001,tpsr,69,150,150,1.0,0.08172750590157556,0.0777851970346058,0.07975635146809074,0.595542433819148,58.27197094354837,0.08172750590157556,0.0777851970346058,0.07975635146809074,0.595542433819148,58.27197094354837,algorithm_native_internal_best_so_far.v1,true
noise001,tpsr,70,150,150,1.0,0.08148020872346651,0.07780482481121648,0.07964251676734153,0.5951247001653619,58.28969235887676,0.08148020872346651,0.07780482481121648,0.07964251676734153,0.5951247001653619,58.28969235887676,algorithm_native_internal_best_so_far.v1,true
noise001,tpsr,71,150,150,1.0,0.08147723472070785,0.07784877656792358,0.07966300564431572,0.5953695512235043,58.30725944005245,0.08147723472070785,0.07784877656792358,0.07966300564431572,0.5953695512235043,58.30725944005245,algorithm_native_internal_best_so_far.v1,true
noise001,tpsr,72,150,150,1.0,0.08146318917111248,0.07784699382398719,0.07965509149754983,0.5953159432356682,58.32426409121237,0.08146318917111248,0.07784699382398719,0.07965509149754983,0.5953159432356682,58.32426409121237,algorithm_native_internal_best_so_far.v1,true
noise001,tpsr,73,150,150,1.0,0.08188986453937917,0.07833660612112718,0.08011323533025322,0.600453166995654,58.3478401543405,0.08188986453937917,0.07833660612112718,0.08011323533025322,0.600453166995654,58.3478401543405,algorithm_native_internal_best_so_far.v1,true
noise001,tpsr,74,150,150,1.0,0.0818916582978559,0.07834095588373122,0.08011630709079358,0.6004667815248662,58.37079742458572,0.0818916582978559,0.07834095588373122,0.08011630709079358,0.6004667815248662,58.37079742458572,algorithm_native_internal_best_so_far.v1,true
noise001,tpsr,75,150,150,1.0,0.08189807607280943,0.07834520848612478,0.08012164227946712,0.6005205007152175,58.39321412654487,0.08189807607280943,0.07834520848612478,0.08012164227946712,0.6005205007152175,58.39321412654487,algorithm_native_internal_best_so_far.v1,true
noise001,tpsr,76,150,150,1.0,0.0818984098580224,0.07834544445270955,0.080121927155366,0.6005244735395098,58.41504614269495,0.0818984098580224,0.07834544445270955,0.080121927155366,0.6005244735395098,58.41504614269495,algorithm_native_internal_best_so_far.v1,true
noise001,tpsr,77,150,150,1.0,0.08183776039435336,0.07832669836595674,0.08008222938015506,0.6002787689987207,58.43599199668425,0.08183776039435336,0.07832669836595674,0.08008222938015506,0.6002787689987207,58.43599199668425,algorithm_native_internal_best_so_far.v1,true
noise001,tpsr,78,150,150,1.0,0.08183909540144642,0.07832662973109031,0.08008286256626838,0.6002833031359893,58.45640659049086,0.08183909540144642,0.07832662973109031,0.08008286256626838,0.6002833031359893,58.45640659049086,algorithm_native_internal_best_so_far.v1,true
noise001,tpsr,79,150,150,1.0,0.08185757283439121,0.07831861640569478,0.08008809462004303,0.6001538995833159,58.476140557172386,0.08185757283439121,0.07831861640569478,0.08008809462004303,0.6001538995833159,58.476140557172386,algorithm_native_internal_best_so_far.v1,true
noise001,tpsr,80,150,150,1.0,0.0818607276445678,0.0783222513271493,0.08009148948585859,0.600217218162381,58.49546032291071,0.0818607276445678,0.0783222513271493,0.08009148948585859,0.600217218162381,58.49546032291071,algorithm_native_internal_best_so_far.v1,true
noise001,tpsr,81,150,150,1.0,0.08189347172906575,0.0783222513271493,0.08010786152810756,0.6004423711985925,58.5145810241076,0.08189347172906575,0.0783222513271493,0.08010786152810756,0.6004423711985925,58.5145810241076,algorithm_native_internal_best_so_far.v1,true
noise001,tpsr,82,150,150,1.0,0.08205730554877597,0.07816893207949697,0.08011311881413648,0.6004376582725749,58.53322961926796,0.08205730554877597,0.07816893207949697,0.08011311881413648,0.6004376582725749,58.53322961926796,algorithm_native_internal_best_so_far.v1,true
noise001,tpsr,83,150,150,1.0,0.08117257371234295,0.07811523306593328,0.07964390338913815,0.5940945856598132,58.54378659452956,0.08117257371234295,0.07811523306593328,0.07964390338913815,0.5940945856598132,58.54378659452956,algorithm_native_internal_best_so_far.v1,true
noise001,tpsr,84,150,150,1.0,0.08121803566746827,0.07806485283625018,0.07964144425185925,0.5941103236417787,58.55411094893014,0.08121803566746827,0.07806485283625018,0.07964144425185925,0.5941103236417787,58.55411094893014,algorithm_native_internal_best_so_far.v1,true
noise001,tpsr,85,150,150,1.0,0.08131384384137315,0.0780609130497365,0.07968737844555487,0.5884427551404071,58.55752464969614,0.08131384384137315,0.0780609130497365,0.07968737844555487,0.5884427551404071,58.55752464969614,algorithm_native_internal_best_so_far.v1,true
noise001,tpsr,86,150,150,1.0,0.08132226311626316,0.07840396594773928,0.07986311453200128,0.5897191355128061,58.56234312529597,0.08132226311626316,0.07840396594773928,0.07986311453200128,0.5897191355128061,58.56234312529597,algorithm_native_internal_best_so_far.v1,true
noise001,tpsr,87,150,150,1.0,0.08064851709067332,0.07766539043339452,0.07915695376203394,0.5876279178988945,58.56464713293497,0.08064851709067332,0.07766539043339452,0.07915695376203394,0.5876279178988945,58.56464713293497,algorithm_native_internal_best_so_far.v1,true
noise001,tpsr,88,150,150,1.0,0.08141620463072828,0.07829201539044331,0.07985411001058583,0.5917278267624873,58.571557764108995,0.08141620463072828,0.07829201539044331,0.07985411001058583,0.5917278267624873,58.571557764108995,algorithm_native_internal_best_so_far.v1,true
noise001,tpsr,89,150,150,1.0,0.08141534888056585,0.07829164485301005,0.07985349686678798,0.5917240567407936,58.57830886422102,0.08141534888056585,0.07829164485301005,0.07985349686678798,0.5917240567407936,58.57830886422102,algorithm_native_internal_best_so_far.v1,true
noise001,tpsr,90,150,150,1.0,0.08113376263760266,0.0782829059495072,0.07970833429355496,0.5907042660901645,58.583776839163185,0.08113376263760266,0.0782829059495072,0.07970833429355496,0.5907042660901645,58.583776839163185,algorithm_native_internal_best_so_far.v1,true
noise001,tpsr,91,150,150,1.0,0.08112269759092153,0.07826887510826329,0.07969578634959244,0.5905938351623271,58.58900328616395,0.08112269759092153,0.07826887510826329,0.07969578634959244,0.5905938351623271,58.58900328616395,algorithm_native_internal_best_so_far.v1,true
noise001,tpsr,92,150,150,1.0,0.08081109802792802,0.07779103685767022,0.07930106744279916,0.5864666596454051,58.58963005440718,0.08081109802792802,0.07779103685767022,0.07930106744279916,0.5864666596454051,58.58963005440718,algorithm_native_internal_best_so_far.v1,true
noise001,tpsr,93,150,150,1.0,0.08080271235249407,0.07778589344128999,0.07929430289689207,0.586416445428749,58.59018934998209,0.08080271235249407,0.07778589344128999,0.07929430289689207,0.586416445428749,58.59018934998209,algorithm_native_internal_best_so_far.v1,true
noise001,tpsr,94,150,150,1.0,0.08080271235249407,0.07778589344128999,0.07929430289689207,0.586416445428749,58.590736745651164,0.08080271235249407,0.07778589344128999,0.07929430289689207,0.586416445428749,58.590736745651164,algorithm_native_internal_best_so_far.v1,true
noise001,tpsr,95,150,150,1.0,0.0808027114057114,0.0777858934610299,0.07929430243337067,0.586416442184099,58.59127261378547,0.0808027114057114,0.0777858934610299,0.07929430243337067,0.586416442184099,58.59127261378547,algorithm_native_internal_best_so_far.v1,true
noise001,tpsr,96,150,150,1.0,0.08080271115042464,0.07778589350357717,0.07929430232700095,0.5864164414395033,58.59179731722469,0.08080271115042464,0.07778589350357717,0.07929430232700095,0.5864164414395033,58.59179731722469,algorithm_native_internal_best_so_far.v1,true
noise001,tpsr,97,150,150,1.0,0.08080343711961271,0.07778647373830988,0.07929495542896133,0.5864264190196924,58.592321488201435,0.08080343711961271,0.07778647373830988,0.07929495542896133,0.5864264190196924,58.592321488201435,algorithm_native_internal_best_so_far.v1,true
noise001,tpsr,98,150,150,1.0,0.08079510631023747,0.07778553888485923,0.07929032259754838,0.5863996620494728,58.59280765878048,0.08079510631023747,0.07778553888485923,0.07929032259754838,0.5863996620494728,58.59280765878048,algorithm_native_internal_best_so_far.v1,true
noise001,tpsr,99,150,150,1.0,0.08088178299470507,0.07787592828451534,0.07937885563961022,0.5866580834241562,58.593545039423255,0.08088178299470507,0.07787592828451534,0.07937885563961022,0.5866580834241562,58.593545039423255,algorithm_native_internal_best_so_far.v1,true
noise001,tpsr,100,150,150,1.0,0.08087668762587337,0.07796378530217637,0.07942023646402492,0.5870251831185189,58.59463477214754,0.08087668762587337,0.07796378530217637,0.07942023646402492,0.5870251831185189,58.59463477214754,algorithm_native_internal_best_so_far.v1,true
noise001,tpsr,101,150,150,1.0,0.08078105334526206,0.07792372615092169,0.07935238974809189,0.5865514203556914,58.5952338539636,0.08078105334526206,0.07792372615092169,0.07935238974809189,0.5865514203556914,58.5952338539636,algorithm_native_internal_best_so_far.v1,true
noise001,tpsr,102,150,150,1.0,0.08072570351038119,0.07792227194212793,0.0793239877262546,0.5863500533677782,58.59562377046178,0.08072570351038119,0.07792227194212793,0.0793239877262546,0.5863500533677782,58.59562377046178,algorithm_native_internal_best_so_far.v1,true
noise001,tpsr,103,150,150,1.0,0.08072577880757763,0.07792218775412328,0.07932398328085048,0.5863500222796755,58.5960060855832,0.08072577880757763,0.07792218775412328,0.07932398328085048,0.5863500222796755,58.5960060855832,algorithm_native_internal_best_so_far.v1,true
noise001,tpsr,104,150,150,1.0,0.08072577880757763,0.07792218775412328,0.07932398328085048,0.5863500222796755,58.596381048490734,0.08072577880757763,0.07792218775412328,0.07932398328085048,0.5863500222796755,58.596381048490734,algorithm_native_internal_best_so_far.v1,true
noise001,tpsr,105,150,150,1.0,0.07993602132512831,0.07701393398783361,0.078474977656481,0.5838683117106259,58.59438533537237,0.07993602132512831,0.07701393398783361,0.078474977656481,0.5838683117106259,58.59438533537237,algorithm_native_internal_best_so_far.v1,true
noise001,tpsr,106,150,150,1.0,0.07993602132512831,0.07701393398783361,0.078474977656481,0.5838683117106259,58.5924272772185,0.07993602132512831,0.07701393398783361,0.078474977656481,0.5838683117106259,58.5924272772185,algorithm_native_internal_best_so_far.v1,true
noise001,tpsr,107,150,150,1.0,0.08072507839883429,0.07792178899900111,0.07932343369891771,0.5863420792056421,58.592817750520794,0.08072507839883429,0.07792178899900111,0.07932343369891771,0.5863420792056421,58.592817750520794,algorithm_native_internal_best_so_far.v1,true
noise001,tpsr,108,150,150,1.0,0.0807270310065452,0.07845865206151892,0.07959284153403207,0.5882167280741635,58.594936778825385,0.0807270310065452,0.07845865206151892,0.07959284153403207,0.5882167280741635,58.594936778825385,algorithm_native_internal_best_so_far.v1,true
noise001,tpsr,109,150,150,1.0,0.08072703100637961,0.07845865206268407,0.07959284153453186,0.5882167280776581,58.597016925879885,0.08072703100637961,0.07845865206268407,0.07959284153453186,0.5882167280776581,58.597016925879885,algorithm_native_internal_best_so_far.v1,true
noise001,tpsr,110,150,150,1.0,0.08060668434277943,0.07841299835488437,0.07950984134883192,0.5864030843279892,58.5974104850337,0.08060668434277943,0.07841299835488437,0.07950984134883192,0.5864030843279892,58.5974104850337,algorithm_native_internal_best_so_far.v1,true
noise001,tpsr,111,150,150,1.0,0.08060667264609338,0.07841300690069974,0.07950983977339657,0.5864030733104766,58.5977969431059,0.08060667264609338,0.07841300690069974,0.07950983977339657,0.5864030733104766,58.5977969431059,algorithm_native_internal_best_so_far.v1,true
noise001,tpsr,112,150,150,1.0,0.08062467724807322,0.07840643766530997,0.07951555745669162,0.586455230985098,58.598223069493436,0.08062467724807322,0.07840643766530997,0.07951555745669162,0.586455230985098,58.598223069493436,algorithm_native_internal_best_so_far.v1,true
noise001,tpsr,113,150,150,1.0,0.08064271784640963,0.07856673898542088,0.07960472841591529,0.5869756277790724,58.59910218195727,0.08064271784640963,0.07856673898542088,0.07960472841591529,0.5869756277790724,58.59910218195727,algorithm_native_internal_best_so_far.v1,true
noise001,tpsr,114,150,150,1.0,0.08064291742600815,0.07856653098663502,0.07960472420632159,0.5869755983400657,58.59996584557173,0.08064291742600815,0.07856653098663502,0.07960472420632159,0.5869755983400657,58.59996584557173,algorithm_native_internal_best_so_far.v1,true
noise001,tpsr,115,150,150,1.0,0.08064292717275523,0.07856652136573827,0.07960472426924678,0.5869755987801213,58.60081448933208,0.08064292717275523,0.07856652136573827,0.07960472426924678,0.5869755987801213,58.60081448933208,algorithm_native_internal_best_so_far.v1,true
noise001,tpsr,116,150,150,1.0,0.08048557947215446,0.07876865990518339,0.07962711968866895,0.5871339691643845,58.60178502749679,0.08048557947215446,0.07876865990518339,0.07962711968866895,0.5871339691643845,58.60178502749679,algorithm_native_internal_best_so_far.v1,true
noise001,tpsr,117,150,150,1.0,0.08060044673361963,0.07860132279608842,0.07960088476485405,0.5866635691620038,58.60233692398143,0.08060044673361963,0.07860132279608842,0.07960088476485405,0.5866635691620038,58.60233692398143,algorithm_native_internal_best_so_far.v1,true
noise001,tpsr,118,150,150,1.0,0.08069572590667863,0.0786472362975147,0.0796714811020967,0.587925227956871,58.603948668656905,0.08069572590667863,0.0786472362975147,0.0796714811020967,0.587925227956871,58.603948668656905,algorithm_native_internal_best_so_far.v1,true
noise001,tpsr,119,150,150,1.0,0.08069850880297752,0.07865458199504512,0.07967654539901135,0.5879611344700242,58.60556349872703,0.08069850880297752,0.07865458199504512,0.07967654539901135,0.5879611344700242,58.60556349872703,algorithm_native_internal_best_so_far.v1,true
noise001,tpsr,120,150,150,1.0,0.080698506124702,0.07865458217280422,0.07967654414875314,0.5879611257177353,58.60715140766909,0.080698506124702,0.07865458217280422,0.07967654414875314,0.5879611257177353,58.60715140766909,algorithm_native_internal_best_so_far.v1,true
noise001,tpsr,121,150,150,1.0,0.080698506124702,0.07865458217280422,0.07967654414875314,0.5879611257177353,58.608713070182354,0.080698506124702,0.07865458217280422,0.07967654414875314,0.5879611257177353,58.608713070182354,algorithm_native_internal_best_so_far.v1,true
noise001,tpsr,122,150,150,1.0,0.08069850135096712,0.07865457741704712,0.07967653938400715,0.5879610924008123,58.61024910436186,0.08069850135096712,0.07865457741704712,0.07967653938400715,0.5879610924008123,58.61024910436186,algorithm_native_internal_best_so_far.v1,true
noise001,tpsr,123,150,150,1.0,0.0806044263529495,0.07868888867348955,0.07964665751321956,0.5874403144943172,58.61133676570389,0.0806044263529495,0.07868888867348955,0.07964665751321956,0.5874403144943172,58.61133676570389,algorithm_native_internal_best_so_far.v1,true
noise001,tpsr,124,150,150,1.0,0.0806044263529495,0.07868888867348955,0.07964665751321956,0.5874403144943172,58.61240688412105,0.0806044263529495,0.07868888867348955,0.07964665751321956,0.5874403144943172,58.61240688412105,algorithm_native_internal_best_so_far.v1,true
noise001,tpsr,125,150,150,1.0,0.08155841783652382,0.07943103632489242,0.08049472708070815,0.5933764151031714,58.6182087611306,0.08155841783652382,0.07943103632489242,0.08049472708070815,0.5933764151031714,58.6182087611306,algorithm_native_internal_best_so_far.v1,true
noise001,tpsr,126,150,150,1.0,0.08062195482424085,0.0786893672672699,0.07965566104575539,0.5875012846474318,58.61925574290531,0.08062195482424085,0.0786893672672699,0.07965566104575539,0.5875012846474318,58.61925574290531,algorithm_native_internal_best_so_far.v1,true
noise001,tpsr,127,150,150,1.0,0.0805605522113067,0.07875221842331362,0.07965638531731017,0.5873059348214371,58.62013241801743,0.0805605522113067,0.07875221842331362,0.07965638531731017,0.5873059348214371,58.62013241801743,algorithm_native_internal_best_so_far.v1,true
noise001,tpsr,128,150,150,1.0,0.08056638538343525,0.07875829712492877,0.07966234125418203,0.5873590474461051,58.62103688931894,0.08056638538343525,0.07875829712492877,0.07966234125418203,0.5873590474461051,58.62103688931894,algorithm_native_internal_best_so_far.v1,true
noise001,tpsr,129,150,150,1.0,0.08056639837776293,0.07875831978255649,0.07966235908015973,0.5873591416934165,58.62192741086949,0.08056639837776293,0.07875831978255649,0.07966235908015973,0.5873591416934165,58.62192741086949,algorithm_native_internal_best_so_far.v1,true
noise001,tpsr,130,150,150,1.0,0.08056639837776293,0.07875831978255649,0.07966235908015973,0.5873591416934165,58.622804232088505,0.08056639837776293,0.07875831978255649,0.07966235908015973,0.5873591416934165,58.622804232088505,algorithm_native_internal_best_so_far.v1,true
noise001,tpsr,131,150,150,1.0,0.08056639837776293,0.07875831978255649,0.07966235908015973,0.5873591416934165,58.623667666724025,0.08056639837776293,0.07875831978255649,0.07966235908015973,0.5873591416934165,58.623667666724025,algorithm_native_internal_best_so_far.v1,true
noise001,tpsr,132,150,150,1.0,0.08056685408440806,0.07874236313379099,0.07965460860909954,0.5873139103825529,58.62448375287198,0.08056685408440806,0.07874236313379099,0.07965460860909954,0.5873139103825529,58.62448375287198,algorithm_native_internal_best_so_far.v1,true
noise001,tpsr,133,150,150,1.0,0.08056685408440806,0.07874236313379099,0.07965460860909954,0.5873139103825529,58.62528756704779,0.08056685408440806,0.07874236313379099,0.07965460860909954,0.5873139103825529,58.62528756704779,algorithm_native_internal_best_so_far.v1,true
noise001,tpsr,134,150,150,1.0,0.08056685401270942,0.07874236313527998,0.0796546085739947,0.5873139101368192,58.62607938381372,0.08056685401270942,0.07874236313527998,0.0796546085739947,0.5873139101368192,58.62607938381372,algorithm_native_internal_best_so_far.v1,true
noise001,tpsr,135,150,150,1.0,0.08056685401270942,0.07874236313527998,0.0796546085739947,0.5873139101368192,58.62685946996089,0.08056685401270942,0.07874236313527998,0.0796546085739947,0.5873139101368192,58.62685946996089,algorithm_native_internal_best_so_far.v1,true
noise001,tpsr,136,150,150,1.0,0.08056685401270942,0.07874236313527998,0.0796546085739947,0.5873139101368192,58.62762808425295,0.08056685401270942,0.07874236313527998,0.0796546085739947,0.5873139101368192,58.62762808425295,algorithm_native_internal_best_so_far.v1,true
noise001,tpsr,137,150,150,1.0,0.08056685341568527,0.07874236256810821,0.07965460799189676,0.5873139060665681,58.628385474927434,0.08056685341568527,0.07874236256810821,0.07965460799189676,0.5873139060665681,58.628385474927434,algorithm_native_internal_best_so_far.v1,true
noise001,tpsr,138,150,150,1.0,0.08054960415656917,0.07874258919424962,0.07964609667540941,0.5872001163115838,58.629049432581276,0.08054960415656917,0.07874258919424962,0.07964609667540941,0.5872001163115838,58.629049432581276,algorithm_native_internal_best_so_far.v1,true
noise001,tpsr,139,150,150,1.0,0.08054960415651526,0.0787425891942519,0.0796460966753836,0.587200116311403,58.62970383688746,0.08054960415651526,0.0787425891942519,0.0796460966753836,0.587200116311403,58.62970383688746,algorithm_native_internal_best_so_far.v1,true
noise001,tpsr,140,150,150,1.0,0.08054960415651526,0.0787425891942519,0.0796460966753836,0.587200116311403,58.6303488925607,0.08054960415651526,0.0787425891942519,0.0796460966753836,0.587200116311403,58.6303488925607,algorithm_native_internal_best_so_far.v1,true
noise001,tpsr,141,150,150,1.0,0.08054960415651526,0.0787425891942519,0.0796460966753836,0.587200116311403,58.63098479850807,0.08054960415651526,0.0787425891942519,0.0796460966753836,0.587200116311403,58.63098479850807,algorithm_native_internal_best_so_far.v1,true
noise001,tpsr,142,150,150,1.0,0.08054960415651526,0.0787425891942519,0.0796460966753836,0.587200116311403,58.631611748033656,0.08054960415651526,0.0787425891942519,0.0796460966753836,0.587200116311403,58.631611748033656,algorithm_native_internal_best_so_far.v1,true
noise001,tpsr,143,150,150,1.0,0.08051915594608298,0.0787425891942519,0.07963087257016746,0.586785820716904,58.63194021183544,0.08051915594608298,0.0787425891942519,0.07963087257016746,0.586785820716904,58.63194021183544,algorithm_native_internal_best_so_far.v1,true
noise001,tpsr,144,150,150,1.0,0.0805197725870575,0.07874236130988418,0.07963106694847086,0.5867871371214874,58.632265027809844,0.0805197725870575,0.07874236130988418,0.07963106694847086,0.5867871371214874,58.632265027809844,algorithm_native_internal_best_so_far.v1,true
noise001,tpsr,145,150,150,1.0,0.08051977258684043,0.07874236130989333,0.0796310669483669,0.5867871371207598,58.6325853635634,0.08051977258684043,0.07874236130989333,0.0796310669483669,0.5867871371207598,58.6325853635634,algorithm_native_internal_best_so_far.v1,true
noise001,tpsr,146,150,150,1.0,0.08051977258684043,0.07874236130989333,0.0796310669483669,0.5867871371207598,58.63290131115596,0.08051977258684043,0.07874236130989333,0.0796310669483669,0.5867871371207598,58.63290131115596,algorithm_native_internal_best_so_far.v1,true
noise001,tpsr,147,150,150,1.0,0.08051436229467714,0.07877072589571375,0.07964254409519549,0.5868541171006861,58.633258524754005,0.08051436229467714,0.07877072589571375,0.07964254409519549,0.5868541171006861,58.633258524754005,algorithm_native_internal_best_so_far.v1,true
noise001,tpsr,148,150,150,1.0,0.0805143711774047,0.078770725710381,0.07964254844389287,0.5868541475415693,58.63361093170944,0.0805143711774047,0.078770725710381,0.07964254844389287,0.5868541475415693,58.63361093170944,algorithm_native_internal_best_so_far.v1,true
noise001,tpsr,149,150,150,1.0,0.07999189053630053,0.07874942775125571,0.07937065914377814,0.5849071482553634,58.63265189743983,0.07999189053630053,0.07874942775125571,0.07937065914377814,0.5849071482553634,58.63265189743983,algorithm_native_internal_best_so_far.v1,true
noise001,tpsr,150,150,150,1.0,0.07999959885375395,0.07876266714333,0.07938113299854199,0.5849625243288921,58.63174256767614,0.07999959885375395,0.07876266714333,0.07938113299854199,0.5849625243288921,58.63174256767614,algorithm_native_internal_best_so_far.v1,true
noise001,tpsr,151,150,150,1.0,0.08000540012329296,0.07877432644107159,0.0793898632821823,0.5850086820081509,58.63087585001482,0.08000540012329296,0.07877432644107159,0.0793898632821823,0.5850086820081509,58.63087585001482,algorithm_native_internal_best_so_far.v1,true
noise001,tpsr,152,150,150,1.0,0.08000540012329296,0.07877432644107159,0.0793898632821823,0.5850086820081509,58.630020536533245,0.08000540012329296,0.07877432644107159,0.0793898632821823,0.5850086820081509,58.630020536533245,algorithm_native_internal_best_so_far.v1,true
noise001,tpsr,153,150,150,1.0,0.08014978407563544,0.0786609192411512,0.07940535165839332,0.5851028173830903,58.6292379300089,0.08014978407563544,0.0786609192411512,0.07940535165839332,0.5851028173830903,58.6292379300089,algorithm_native_internal_best_so_far.v1,true
noise001,tpsr,154,150,150,1.0,0.08014978407563544,0.0786609192411512,0.07940535165839332,0.5851028173830903,58.628465487205645,0.08014978407563544,0.0786609192411512,0.07940535165839332,0.5851028173830903,58.628465487205645,algorithm_native_internal_best_so_far.v1,true
noise001,tpsr,155,150,150,1.0,0.08008284381417409,0.07857050686592279,0.07932667534004843,0.584546425466474,58.627344048879465,0.08008284381417409,0.07857050686592279,0.07932667534004843,0.584546425466474,58.627344048879465,algorithm_native_internal_best_so_far.v1,true
noise001,tpsr,156,150,150,1.0,0.08008284381417409,0.07857050686592279,0.07932667534004843,0.584546425466474,58.626236987967715,0.08008284381417409,0.07857050686592279,0.07932667534004843,0.584546425466474,58.626236987967715,algorithm_native_internal_best_so_far.v1,true
noise001,tpsr,157,150,150,1.0,0.08008284381417409,0.07857050686592279,0.07932667534004843,0.584546425466474,58.62514402974274,0.08008284381417409,0.07857050686592279,0.07932667534004843,0.584546425466474,58.62514402974274,algorithm_native_internal_best_so_far.v1,true
noise001,tpsr,158,150,150,1.0,0.08008530030452446,0.07857528864720331,0.07933029447586389,0.5845655601151344,58.62407701696914,0.08008530030452446,0.07857528864720331,0.07933029447586389,0.5845655601151344,58.62407701696914,algorithm_native_internal_best_so_far.v1,true
noise001,tpsr,159,150,150,1.0,0.08008530030452446,0.07857528864720331,0.07933029447586389,0.5845655601151344,58.623023425739866,0.08008530030452446,0.07857528864720331,0.07933029447586389,0.5845655601151344,58.623023425739866,algorithm_native_internal_best_so_far.v1,true
noise001,tpsr,160,150,150,1.0,0.08013726541338322,0.0785329447591701,0.07933510508627664,0.5846157676847026,58.62201438413192,0.08013726541338322,0.0785329447591701,0.07933510508627664,0.5846157676847026,58.62201438413192,algorithm_native_internal_best_so_far.v1,true
noise001,tpsr,161,150,150,1.0,0.08014471049080228,0.07852765853204503,0.07933618451142364,0.5846223775670192,58.62102198271932,0.08014471049080228,0.07852765853204503,0.07933618451142364,0.5846223775670192,58.62102198271932,algorithm_native_internal_best_so_far.v1,true
noise001,tpsr,162,150,150,1.0,0.08008163782531054,0.07851715041732261,0.07929939412131658,0.5842960007691947,58.619840366016845,0.08008163782531054,0.07851715041732261,0.07929939412131658,0.5842960007691947,58.619840366016845,algorithm_native_internal_best_so_far.v1,true
noise001,tpsr,163,150,150,1.0,0.08007786553284388,0.07851003507709503,0.07929395030496945,0.5842672188946021,58.61865559008705,0.08007786553284388,0.07851003507709503,0.07929395030496945,0.5842672188946021,58.61865559008705,algorithm_native_internal_best_so_far.v1,true
noise001,tpsr,164,150,150,1.0,0.0800783227279117,0.07850776007857622,0.07929304140324395,0.5842619145955251,58.61748202831549,0.0800783227279117,0.07850776007857622,0.07929304140324395,0.5842619145955251,58.61748202831549,algorithm_native_internal_best_so_far.v1,true
noise001,tpsr,165,150,150,1.0,0.0800783227279117,0.07850776007857622,0.07929304140324395,0.5842619145955251,58.616322691535125,0.0800783227279117,0.07850776007857622,0.07929304140324395,0.5842619145955251,58.616322691535125,algorithm_native_internal_best_so_far.v1,true
noise001,tpsr,166,150,150,1.0,0.08009165322466527,0.0784119337154927,0.07925179347007899,0.5840211939899028,58.61503231025473,0.08009165322466527,0.0784119337154927,0.07925179347007899,0.5840211939899028,58.61503231025473,algorithm_native_internal_best_so_far.v1,true
noise001,tpsr,167,150,150,1.0,0.08009961242948281,0.07836878117770824,0.07923419680359552,0.5839185008392935,58.613695889737805,0.08009961242948281,0.07836878117770824,0.07923419680359552,0.5839185008392935,58.613695889737805,algorithm_native_internal_best_so_far.v1,true
noise001,tpsr,168,150,150,1.0,0.08006829003616543,0.07846038456656666,0.07926433730136602,0.5840934652974448,58.61247952449975,0.08006829003616543,0.07846038456656666,0.07926433730136602,0.5840934652974448,58.61247952449975,algorithm_native_internal_best_so_far.v1,true
noise001,tpsr,169,150,150,1.0,0.08006829003616543,0.07846038456656666,0.07926433730136602,0.5840934652974448,58.61127755411658,0.08006829003616543,0.07846038456656666,0.07926433730136602,0.5840934652974448,58.61127755411658,algorithm_native_internal_best_so_far.v1,true
noise001,tpsr,170,150,150,1.0,0.08101831668679757,0.07941124430869888,0.08021478049774822,0.5907463738816633,58.61400320019922,0.08101831668679757,0.07941124430869888,0.08021478049774822,0.5907463738816633,58.61400320019922,algorithm_native_internal_best_so_far.v1,true
noise001,tpsr,171,150,150,1.0,0.08101831668679757,0.07941124430869888,0.08021478049774822,0.5907463738816633,58.616696967380314,0.08101831668679757,0.07941124430869888,0.08021478049774822,0.5907463738816633,58.616696967380314,algorithm_native_internal_best_so_far.v1,true
noise001,tpsr,172,150,150,1.0,0.08093322361974711,0.07937852618063897,0.08015587490019306,0.5903856642310631,58.61914969677407,0.08093322361974711,0.07937852618063897,0.08015587490019306,0.5903856642310631,58.61914969677407,algorithm_native_internal_best_so_far.v1,true
noise001,tpsr,173,150,150,1.0,0.08093322361974711,0.07937852618063897,0.08015587490019306,0.5903856642310631,58.62157407091472,0.08093322361974711,0.07937852618063897,0.08015587490019306,0.5903856642310631,58.62157407091472,algorithm_native_internal_best_so_far.v1,true
noise001,tpsr,174,150,150,1.0,0.08184972310422253,0.08033702443873979,0.08109337377148118,0.5969618909391131,58.62775001932275,0.08184972310422253,0.08033702443873979,0.08109337377148118,0.5969618909391131,58.62775001932275,algorithm_native_internal_best_so_far.v1,true
noise001,tpsr,175,150,150,1.0,0.08186917987638492,0.08016638006548839,0.08101777997093665,0.5964310341709774,58.63355203873861,0.08186917987638492,0.08016638006548839,0.08101777997093665,0.5964310341709774,58.63355203873861,algorithm_native_internal_best_so_far.v1,true
noise001,tpsr,176,150,150,1.0,0.08282156096971441,0.08094816857789051,0.08188486477380247,0.602500611152832,58.64273674940079,0.08282156096971441,0.08094816857789051,0.08188486477380247,0.602500611152832,58.64273674940079,algorithm_native_internal_best_so_far.v1,true
noise001,tpsr,177,150,150,1.0,0.08281704168110599,0.08088711663108217,0.08185207915609408,0.6023076546540195,58.651708663050506,0.08281704168110599,0.08088711663108217,0.08185207915609408,0.6023076546540195,58.651708663050506,algorithm_native_internal_best_so_far.v1,true
noise001,tpsr,178,150,150,1.0,0.08207142224438492,0.08037876880661032,0.08122509552549764,0.5979068732271651,58.65810741956548,0.08207142224438492,0.08037876880661032,0.08122509552549764,0.5979068732271651,58.65810741956548,algorithm_native_internal_best_so_far.v1,true
noise001,tpsr,179,150,150,1.0,0.08205936435017466,0.08038890761501974,0.08122413598259721,0.5979000472300474,58.66443086818804,0.08205936435017466,0.08038890761501974,0.08122413598259721,0.5979000472300474,58.66443086818804,algorithm_native_internal_best_so_far.v1,true
noise001,tpsr,180,150,150,1.0,0.08205936435017466,0.08038890761501974,0.08122413598259721,0.5979000472300474,58.67068405627036,0.08205936435017466,0.08038890761501974,0.08122413598259721,0.5979000472300474,58.67068405627036,algorithm_native_internal_best_so_far.v1,true
noise001,udsr,1,150,150,1.0,0.25265382671577685,0.1503789458403184,0.20151638627804766,0.5380922859022412,53.80922859022412,0.25265382671577685,0.1503789458403184,0.20151638627804766,0.5380922859022412,53.80922859022412,algorithm_native_internal_best_so_far.v1,true
noise001,udsr,2,150,150,1.0,0.33897265894100465,0.2089724522767566,0.2739725556088806,0.709607446051847,62.38498659770442,0.33897265894100465,0.2089724522767566,0.2739725556088806,0.709607446051847,62.38498659770442,algorithm_native_internal_best_so_far.v1,true
noise001,udsr,3,150,150,1.0,0.365703458412316,0.22715176037557802,0.2964276093939469,0.7560427193902289,66.79141504481058,0.365703458412316,0.22715176037557802,0.2964276093939469,0.7560427193902289,66.79141504481058,algorithm_native_internal_best_so_far.v1,true
noise001,udsr,4,150,150,1.0,0.37051190019804825,0.23140184580156387,0.30095687299980584,0.7677467462272916,69.28722993929021,0.37051190019804825,0.23140184580156387,0.30095687299980584,0.7677467462272916,69.28722993929021,algorithm_native_internal_best_so_far.v1,true
noise001,udsr,5,150,150,1.0,0.3767145378337058,0.23918755817451232,0.30795104800410905,0.7759619830063582,70.94902361155934,0.3767145378337058,0.23918755817451232,0.30795104800410905,0.7759619830063582,70.94902361155934,algorithm_native_internal_best_so_far.v1,true
noise001,udsr,6,150,150,1.0,0.3807461438250788,0.24344541602644668,0.3120957799257627,0.7879107600507178,72.25603234381141,0.3807461438250788,0.24344541602644668,0.3120957799257627,0.7879107600507178,72.25603234381141,algorithm_native_internal_best_so_far.v1,true
noise001,udsr,7,150,150,1.0,0.3816379730748763,0.23620704052616623,0.3089225068005213,0.7831345346191939,73.12137821782684,0.3816379730748763,0.23620704052616623,0.3089225068005213,0.7831345346191939,73.12137821782684,algorithm_native_internal_best_so_far.v1,true
noise001,udsr,8,150,150,1.0,0.3837722279802241,0.23905810255657164,0.31141516526839785,0.7915658034358866,73.87577848354707,0.3837722279802241,0.23905810255657164,0.31141516526839785,0.7915658034358866,73.87577848354707,algorithm_native_internal_best_so_far.v1,true
noise001,udsr,9,150,150,1.0,0.3875540959231554,0.24122878054704303,0.3143914382350992,0.794719645324681,74.49757693342718,0.3875540959231554,0.24122878054704303,0.3143914382350992,0.794719645324681,74.49757693342718,algorithm_native_internal_best_so_far.v1,true
noise001,udsr,10,150,150,1.0,0.38943734251810663,0.24659309334399418,0.3180152179310505,0.7921917287350558,74.96973652743503,0.38943734251810663,0.24659309334399418,0.3180152179310505,0.7921917287350558,74.96973652743503,algorithm_native_internal_best_so_far.v1,true
noise001,udsr,11,150,150,1.0,0.39341061186590004,0.2538429690004034,0.32362679043315173,0.8053575138003733,75.47573787767159,0.39341061186590004,0.2538429690004034,0.32362679043315173,0.8053575138003733,75.47573787767159,algorithm_native_internal_best_so_far.v1,true
noise001,udsr,12,150,150,1.0,0.39849762160256236,0.25999886108492126,0.3292482413437418,0.8151247832277417,75.97879958143015,0.39849762160256236,0.25999886108492126,0.3292482413437418,0.8151247832277417,75.97879958143015,algorithm_native_internal_best_so_far.v1,true
noise001,udsr,13,150,150,1.0,0.398754133054159,0.257607360629395,0.328180746841777,0.8130436910837878,76.3884587758108,0.398754133054159,0.257607360629395,0.328180746841777,0.8130436910837878,76.3884587758108,algorithm_native_internal_best_so_far.v1,true
noise001,udsr,14,150,150,1.0,0.39748674646617926,0.2602816952969716,0.32888422088157543,0.8140863397049138,76.747042718288,0.39748674646617926,0.2602816952969716,0.32888422088157543,0.8140863397049138,76.747042718288,algorithm_native_internal_best_so_far.v1,true
noise001,udsr,15,150,150,1.0,0.40006005618766005,0.2636574528347329,0.33185875451119645,0.8232831320578607,77.11912741745455,0.40006005618766005,0.2636574528347329,0.33185875451119645,0.8232831320578607,77.11912741745455,algorithm_native_internal_best_so_far.v1,true
noise001,udsr,16,150,150,1.0,0.4008097054737635,0.2675646140183514,0.33418715974605734,0.8281423768588907,77.4750718092317,0.4008097054737635,0.2675646140183514,0.33418715974605734,0.8281423768588907,77.4750718092317,algorithm_native_internal_best_so_far.v1,true
noise001,udsr,17,150,150,1.0,0.40193238592420105,0.26708048662308503,0.33450643627364285,0.8285059514559301,77.79127906431178,0.40193238592420105,0.26708048662308503,0.33450643627364285,0.8285059514559301,77.79127906431178,algorithm_native_internal_best_so_far.v1,true
noise001,udsr,18,150,150,1.0,0.4021580305101373,0.26773420342405624,0.3349461169670966,0.829010457789919,78.07515499290511,0.4021580305101373,0.26773420342405624,0.3349461169670966,0.829010457789919,78.07515499290511,algorithm_native_internal_best_so_far.v1,true
noise001,udsr,19,150,150,1.0,0.4034799563473588,0.2671720987679098,0.3353260275576341,0.8305194464237974,78.3370912902459,0.4034799563473588,0.2671720987679098,0.3353260275576341,0.8305194464237974,78.3370912902459,algorithm_native_internal_best_so_far.v1,true
noise001,udsr,20,150,150,1.0,0.40497819951999087,0.2696345316017053,0.33730636556084803,0.8376278808341213,78.6083761299042,0.40497819951999087,0.2696345316017053,0.33730636556084803,0.8376278808341213,78.6083761299042,algorithm_native_internal_best_so_far.v1,true
noise001,udsr,21,150,150,1.0,0.40884406561691594,0.27218399082653266,0.3405140282217242,0.8443487830835379,78.88582861459228,0.40884406561691594,0.27218399082653266,0.3405140282217242,0.8443487830835379,78.88582861459228,algorithm_native_internal_best_so_far.v1,true
noise001,udsr,22,150,150,1.0,0.4118860443629888,0.27521233889850905,0.3435491916307487,0.844678287900098,79.13955589529309,0.4118860443629888,0.27521233889850905,0.3435491916307487,0.844678287900098,79.13955589529309,algorithm_native_internal_best_so_far.v1,true
noise001,udsr,23,150,150,1.0,0.4130839898109534,0.2765869881226872,0.3448354889668202,0.8494531754240265,79.39198031473263,0.4130839898109534,0.2765869881226872,0.3448354889668202,0.8494531754240265,79.39198031473263,algorithm_native_internal_best_so_far.v1,true
noise001,udsr,24,150,150,1.0,0.413842317968548,0.27572741512047777,0.34478486654451274,0.8514032974367777,79.63149487427201,0.413842317968548,0.27572741512047777,0.34478486654451274,0.8514032974367777,79.63149487427201,algorithm_native_internal_best_so_far.v1,true
noise001,udsr,25,150,150,1.0,0.4164741364702737,0.27702209657572613,0.34674811652299986,0.8561078385443959,79.87066643347872,0.4164741364702737,0.27702209657572613,0.34674811652299986,0.8561078385443959,79.87066643347872,algorithm_native_internal_best_so_far.v1,true
noise001,udsr,26,150,150,1.0,0.4164543494309508,0.2751745777521432,0.345814463591547,0.8537221834864633,80.08226458406209,0.4164543494309508,0.2751745777521432,0.345814463591547,0.8537221834864633,80.08226458406209,algorithm_native_internal_best_so_far.v1,true
noise001,udsr,27,150,150,1.0,0.42043010670062003,0.27958907058682564,0.3500095886437227,0.8625646993301477,80.31093885624551,0.42043010670062003,0.27958907058682564,0.3500095886437227,0.8625646993301477,80.31093885624551,algorithm_native_internal_best_so_far.v1,true
noise001,udsr,28,150,150,1.0,0.4191084763012498,0.2814803911116067,0.35029443370642815,0.8630042580676814,80.52484910447848,0.4191084763012498,0.2814803911116067,0.35029443370642815,0.8630042580676814,80.52484910447848,algorithm_native_internal_best_so_far.v1,true
noise001,udsr,29,150,150,1.0,0.4175633977113967,0.28529535056904454,0.3514293741402205,0.8631310897111756,80.72444427229361,0.4175633977113967,0.28529535056904454,0.3514293741402205,0.8631310897111756,80.72444427229361,algorithm_native_internal_best_so_far.v1,true
noise001,udsr,30,150,150,1.0,0.41719246437648894,0.28440672423684354,0.350799594306666,0.8595371220703804,80.89875320345178,0.41719246437648894,0.28440672423684354,0.350799594306666,0.8595371220703804,80.89875320345178,algorithm_native_internal_best_so_far.v1,true
noise001,udsr,31,150,150,1.0,0.4173813987235452,0.2839732059507937,0.35067730233716926,0.8599848573006551,81.06326070431028,0.4173813987235452,0.2839732059507937,0.35067730233716926,0.8599848573006551,81.06326070431028,algorithm_native_internal_best_so_far.v1,true
noise001,udsr,32,150,150,1.0,0.4168718975653917,0.2865318377167031,0.35170186764104716,0.8627938137865782,81.22626447538363,0.4168718975653917,0.2865318377167031,0.35170186764104716,0.8627938137865782,81.22626447538363,algorithm_native_internal_best_so_far.v1,true
noise001,udsr,33,150,150,1.0,0.41941862825801945,0.2902419640497769,0.35483029615389805,0.8684459708257581,81.39651697863188,0.41941862825801945,0.2902419640497769,0.35483029615389805,0.8684459708257581,81.39651697863188,algorithm_native_internal_best_so_far.v1,true
noise001,udsr,34,150,150,1.0,0.4182629691963251,0.28630853545979734,0.352285752328061,0.8664386283369571,81.5508506802514,0.4182629691963251,0.28630853545979734,0.352285752328061,0.8664386283369571,81.5508506802514,algorithm_native_internal_best_so_far.v1,true
noise001,udsr,35,150,150,1.0,0.41693692814116723,0.2851005718024664,0.3510187499718167,0.8635193074932332,81.68802439651061,0.41693692814116723,0.2851005718024664,0.3510187499718167,0.8635193074932332,81.68802439651061,algorithm_native_internal_best_so_far.v1,true
noise001,udsr,36,150,150,1.0,0.41678379125057946,0.2837319469353024,0.3502578690929409,0.8611692668143366,81.8110494599807,0.41678379125057946,0.2837319469353024,0.3502578690929409,0.8611692668143366,81.8110494599807,algorithm_native_internal_best_so_far.v1,true
noise001,udsr,37,150,150,1.0,0.41677367919150266,0.2837319469353024,0.35025281306340245,0.8611459349776961,81.92736146100201,0.41677367919150266,0.2837319469353024,0.35025281306340245,0.8611459349776961,81.92736146100201,algorithm_native_internal_best_so_far.v1,true
noise001,udsr,38,150,150,1.0,0.4191123678953993,0.28678272994335763,0.3529475489193783,0.8655239734903,82.0490729317396,0.4191123678953993,0.28678272994335763,0.3529475489193783,0.8655239734903,82.0490729317396,algorithm_native_internal_best_so_far.v1,true
noise001,udsr,39,150,150,1.0,0.4191374242518838,0.28678273228683937,0.3529600782693615,0.865554345005579,82.16462066427341,0.4191374242518838,0.28678273228683937,0.3529600782693615,0.865554345005579,82.16462066427341,algorithm_native_internal_best_so_far.v1,true
noise001,udsr,40,150,150,1.0,0.414726683962528,0.28468122488342584,0.34970395442297675,0.8580280813000941,82.2555753509168,0.414726683962528,0.28468122488342584,0.34970395442297675,0.8580280813000941,82.2555753509168,algorithm_native_internal_best_so_far.v1,true
noise001,udsr,41,150,150,1.0,0.4150730945828016,0.2877994773792525,0.3514362859810269,0.8629491398970249,82.35409580552134,0.4150730945828016,0.2877994773792525,0.3514362859810269,0.8629491398970249,82.35409580552134,algorithm_native_internal_best_so_far.v1,true
noise001,udsr,42,150,150,1.0,0.41469956248115264,0.2883734527074874,0.35153650759431976,0.8632295700683594,82.44859250079074,0.41469956248115264,0.2883734527074874,0.35153650759431976,0.8632295700683594,82.44859250079074,algorithm_native_internal_best_so_far.v1,true
noise001,udsr,43,150,150,1.0,0.4148385685290679,0.2871407520851553,0.3509896603071114,0.8613023163071192,82.53421201544006,0.4148385685290679,0.2871407520851553,0.3509896603071114,0.8613023163071192,82.53421201544006,algorithm_native_internal_best_so_far.v1,true
noise001,udsr,44,150,150,1.0,0.4155102718814097,0.28854090203078303,0.35202558695609604,0.8643258890299126,82.62281149015713,0.4155102718814097,0.28854090203078303,0.35202558695609604,0.8643258890299126,82.62281149015713,algorithm_native_internal_best_so_far.v1,true
noise001,udsr,45,150,150,1.0,0.41443663997391234,0.28796207751655684,0.3511993587452343,0.8590441362069864,82.69573598194695,0.41443663997391234,0.28796207751655684,0.3511993587452343,0.8590441362069864,82.69573598194695,algorithm_native_internal_best_so_far.v1,true
noise001,udsr,46,150,150,1.0,0.41820244564861614,0.28887182156724733,0.35353713360793143,0.8641984820007288,82.77669494321057,0.41820244564861614,0.28887182156724733,0.35353713360793143,0.8641984820007288,82.77669494321057,algorithm_native_internal_best_so_far.v1,true
noise001,udsr,47,150,150,1.0,0.4194658229315577,0.2900818270660971,0.354773824998827,0.8659777170092727,82.8579944486939,0.4194658229315577,0.2900818270660971,0.354773824998827,0.8659777170092727,82.8579944486939,algorithm_native_internal_best_so_far.v1,true
noise001,udsr,48,150,150,1.0,0.4196149138982165,0.289888227796864,0.35475157084753983,0.8659603807637357,82.93587035760389,0.4196149138982165,0.289888227796864,0.35475157084753983,0.8659603807637357,82.93587035760389,algorithm_native_internal_best_so_far.v1,true
noise001,udsr,49,150,150,1.0,0.41923769959631796,0.2908421259954791,0.3550399127958982,0.865936346810013,83.0105186091018,0.41923769959631796,0.2908421259954791,0.3550399127958982,0.865936346810013,83.0105186091018,algorithm_native_internal_best_so_far.v1,true
noise001,udsr,50,150,150,1.0,0.4163093540218534,0.28931740421489116,0.35281337911837196,0.8615845300809607,83.07347729708168,0.4163093540218534,0.28931740421489116,0.35281337911837196,0.8615845300809607,83.07347729708168,algorithm_native_internal_best_so_far.v1,true
noise001,udsr,51,150,150,1.0,0.41967739383891967,0.2901965449903224,0.3549369694146207,0.8679994226670774,83.14654523766258,0.41967739383891967,0.2901965449903224,0.3549369694146207,0.8679994226670774,83.14654523766258,algorithm_native_internal_best_so_far.v1,true
noise001,udsr,52,150,150,1.0,0.4199257674438311,0.2917285488849481,0.35582715816438926,0.87020352463082,83.2210415304591,0.4199257674438311,0.2917285488849481,0.35582715816438926,0.87020352463082,83.2210415304591,algorithm_native_internal_best_so_far.v1,true
noise001,udsr,53,150,150,1.0,0.41938598380767017,0.2915969110125255,0.35549144741009747,0.8697627407014643,83.29189497460415,0.41938598380767017,0.2915969110125255,0.35549144741009747,0.8697627407014643,83.29189497460415,algorithm_native_internal_best_so_far.v1,true
noise001,udsr,54,150,150,1.0,0.41950135166579366,0.2919705229548506,0.3557359373103219,0.8702880717759077,83.36109705243724,0.41950135166579366,0.2919705229548506,0.3557359373103219,0.8702880717759077,83.36109705243724,algorithm_native_internal_best_so_far.v1,true
noise001,udsr,55,150,150,1.0,0.41988774426994313,0.2921891235404671,0.3560384339052048,0.871387458114493,83.42978157532836,0.41988774426994313,0.2921891235404671,0.3560384339052048,0.871387458114493,83.42978157532836,algorithm_native_internal_best_so_far.v1,true
noise001,udsr,56,150,150,1.0,0.4198338394312585,0.2924247434861163,0.3561292914586872,0.8715839136936707,83.49636389307906,0.4198338394312585,0.2924247434861163,0.3561292914586872,0.8715839136936707,83.49636389307906,algorithm_native_internal_best_so_far.v1,true
noise001,udsr,57,150,150,1.0,0.4184053091200157,0.29100642840166063,0.354705868760838,0.8687381457459908,83.55561741380748,0.4184053091200157,0.29100642840166063,0.354705868760838,0.8687381457459908,83.55561741380748,algorithm_native_internal_best_so_far.v1,true
noise001,udsr,58,150,150,1.0,0.4166542007684212,0.289696367846761,0.35317528430759093,0.8658871825353,83.60791225587167,0.4166542007684212,0.289696367846761,0.35317528430759093,0.8658871825353,83.60791225587167,algorithm_native_internal_best_so_far.v1,true
noise001,udsr,59,150,150,1.0,0.416703295325704,0.2896986823474774,0.3532009888365905,0.8660408185492302,83.65869479144881,0.416703295325704,0.2896986823474774,0.3532009888365905,0.8660408185492302,83.65869479144881,algorithm_native_internal_best_so_far.v1,true
noise001,udsr,60,150,150,1.0,0.41815963386826266,0.2896496927636628,0.35390466331596254,0.8676127856950376,83.71040452108306,0.41815963386826266,0.2896496927636628,0.35390466331596254,0.8676127856950376,83.71040452108306,algorithm_native_internal_best_so_far.v1,true
noise001,udsr,61,150,150,1.0,0.4181593555482502,0.2900919394073629,0.3541256474778064,0.8679782259635145,83.76101793215302,0.4181593555482502,0.2900919394073629,0.3541256474778064,0.8679782259635145,83.76101793215302,algorithm_native_internal_best_so_far.v1,true
noise001,udsr,62,150,150,1.0,0.4182738561259445,0.28999552247746413,0.35413468930170416,0.8679440626117895,83.80994355036313,0.4182738561259445,0.28999552247746413,0.35413468930170416,0.8679440626117895,83.80994355036313,algorithm_native_internal_best_so_far.v1,true
noise001,udsr,63,150,150,1.0,0.4183698049352254,0.2897904782716593,0.35408014160344226,0.8678612296213761,83.85718449340716,0.4183698049352254,0.2897904782716593,0.35408014160344226,0.8678612296213761,83.85718449340716,algorithm_native_internal_best_so_far.v1,true
noise001,udsr,64,150,150,1.0,0.41901270909541816,0.28618894170358306,0.35260082539950055,0.8651632009646035,83.89873348720486,0.41901270909541816,0.28618894170358306,0.35260082539950055,0.8651632009646035,83.89873348720486,algorithm_native_internal_best_so_far.v1,true
noise001,udsr,65,150,150,1.0,0.4190911406558744,0.2863323045490166,0.3527117226024454,0.8653594731599118,83.93930600764773,0.4190911406558744,0.2863323045490166,0.3527117226024454,0.8653594731599118,83.93930600764773,algorithm_native_internal_best_so_far.v1,true
noise001,udsr,66,150,150,1.0,0.4230588065343901,0.2907317411275812,0.35689527383098557,0.8731664679331819,83.99047783773365,0.4230588065343901,0.2907317411275812,0.35689527383098557,0.8731664679331819,83.99047783773365,algorithm_native_internal_best_so_far.v1,true
noise001,udsr,67,150,150,1.0,0.4230018037118294,0.29202888380486036,0.3575153437583448,0.874891177132508,84.04269634333839,0.4230018037118294,0.29202888380486036,0.3575153437583448,0.874891177132508,84.04269634333839,algorithm_native_internal_best_so_far.v1,true
noise001,udsr,68,150,150,1.0,0.4229161813452555,0.29202291666443664,0.35746954900484595,0.8746992105826693,84.09309670679322,0.4229161813452555,0.29202291666443664,0.35746954900484595,0.8746992105826693,84.09309670679322,algorithm_native_internal_best_so_far.v1,true
noise001,udsr,69,150,150,1.0,0.42319265247257287,0.2919752051311899,0.3575839288018812,0.8753240315538784,84.14294172778735,0.42319265247257287,0.2919752051311899,0.3575839288018812,0.8753240315538784,84.14294172778735,algorithm_native_internal_best_so_far.v1,true
noise001,udsr,70,150,150,1.0,0.42318181270226063,0.29197518189009963,0.35757849729618,0.8753037694076202,84.19133365940128,0.42318181270226063,0.29197518189009963,0.35757849729618,0.8753037694076202,84.19133365940128,algorithm_native_internal_best_so_far.v1,true
noise001,udsr,71,150,150,1.0,0.4232320004202031,0.2919097402676925,0.3575708703439477,0.8754632539843938,84.23858706417646,0.4232320004202031,0.2919097402676925,0.3575708703439477,0.8754632539843938,84.23858706417646,algorithm_native_internal_best_so_far.v1,true
noise001,udsr,72,150,150,1.0,0.4235048791929483,0.291253043178509,0.35737896118572854,0.8749348796054286,84.28379402107043,0.4235048791929483,0.291253043178509,0.35737896118572854,0.8749348796054286,84.28379402107043,algorithm_native_internal_best_so_far.v1,true
noise001,udsr,73,150,150,1.0,0.423187722870444,0.29160665224651844,0.35739718755848104,0.8746545510528391,84.32737841948432,0.423187722870444,0.29160665224651844,0.35739718755848104,0.8746545510528391,84.32737841948432,algorithm_native_internal_best_so_far.v1,true
noise001,udsr,74,150,150,1.0,0.42322770416450767,0.29162256398508596,0.3574251340747967,0.8747226820142521,84.36987693005108,0.42322770416450767,0.29162256398508596,0.3574251340747967,0.8747226820142521,84.36987693005108,algorithm_native_internal_best_so_far.v1,true
noise001,udsr,75,150,150,1.0,0.4231034355439251,0.2915083368385638,0.35730588619124426,0.8745098135573729,84.41095832239357,0.4231034355439251,0.2915083368385638,0.35730588619124426,0.8745098135573729,84.41095832239357,algorithm_native_internal_best_so_far.v1,true
noise001,udsr,76,150,150,1.0,0.423103278833289,0.29275710275698186,0.3579301907951353,0.8773628533548845,84.45471262519746,0.423103278833289,0.29275710275698186,0.3579301907951353,0.8773628533548845,84.45471262519746,algorithm_native_internal_best_so_far.v1,true
noise001,udsr,77,150,150,1.0,0.42304567188407116,0.2928130895096348,0.3579293806968529,0.877519391479736,84.49753374886988,0.42304567188407116,0.2928130895096348,0.3579293806968529,0.877519391479736,84.49753374886988,algorithm_native_internal_best_so_far.v1,true
noise001,udsr,78,150,150,1.0,0.4231861891817205,0.2897994204225868,0.35649280480215356,0.874956313248228,84.53597089727954,0.4231861891817205,0.2897994204225868,0.35649280480215356,0.874956313248228,84.53597089727954,algorithm_native_internal_best_so_far.v1,true
noise001,udsr,79,150,150,1.0,0.42241231642064236,0.2890394332550629,0.3557258748378526,0.8732914613992384,84.57132754592061,0.42241231642064236,0.2890394332550629,0.3557258748378526,0.8732914613992384,84.57132754592061,algorithm_native_internal_best_so_far.v1,true
noise001,udsr,80,150,150,1.0,0.4222090089770897,0.28899368634637534,0.35560134766173246,0.8721797386455061,84.60441062490347,0.4222090089770897,0.28899368634637534,0.35560134766173246,0.8721797386455061,84.60441062490347,algorithm_native_internal_best_so_far.v1,true
noise001,udsr,81,150,150,1.0,0.42333169256509195,0.29075635209403733,0.35704402232956456,0.875124537275333,84.64031239160259,0.42333169256509195,0.29075635209403733,0.35704402232956456,0.875124537275333,84.64031239160259,algorithm_native_internal_best_so_far.v1,true
noise001,udsr,82,150,150,1.0,0.4235438447609508,0.2906844268802523,0.35711413582060136,0.8757768328492309,84.67613398786258,0.4235438447609508,0.2906844268802523,0.35711413582060136,0.8757768328492309,84.67613398786258,algorithm_native_internal_best_so_far.v1,true
noise001,udsr,83,150,150,1.0,0.42354311066825845,0.2906607021983929,0.35710190643332557,0.8757494563566707,84.7110594294024,0.42354311066825845,0.2906607021983929,0.35710190643332557,0.8757494563566707,84.7110594294024,algorithm_native_internal_best_so_far.v1,true
noise001,udsr,84,150,150,1.0,0.4232481434132202,0.2900650488888838,0.3566565961510518,0.8751311257502137,84.74441720494549,0.4232481434132202,0.2900650488888838,0.3566565961510518,0.8751311257502137,84.74441720494549,algorithm_native_internal_best_so_far.v1,true
noise001,udsr,85,150,150,1.0,0.4222799577763881,0.289059903691145,0.35566993073376635,0.872971397483527,84.77444923486792,0.4222799577763881,0.289059903691145,0.35566993073376635,0.872971397483527,84.77444923486792,algorithm_native_internal_best_so_far.v1,true
noise001,udsr,86,150,150,1.0,0.42240707246510895,0.2898294317030585,0.3561182520840836,0.8747730161361915,84.80587775089992,0.42240707246510895,0.2898294317030585,0.3561182520840836,0.8747730161361915,84.80587775089992,algorithm_native_internal_best_so_far.v1,true
noise001,udsr,87,150,150,1.0,0.42240707246510895,0.2898294317030585,0.3561182520840836,0.8747730161361915,84.83658377231048,0.42240707246510895,0.2898294317030585,0.3561182520840836,0.8747730161361915,84.83658377231048,algorithm_native_internal_best_so_far.v1,true
noise001,udsr,88,150,150,1.0,0.4224395716879208,0.28983603466146896,0.3561378031746948,0.8749475595006997,84.86679027433047,0.4224395716879208,0.28983603466146896,0.3561378031746948,0.8749475595006997,84.86679027433047,algorithm_native_internal_best_so_far.v1,true
noise001,udsr,89,150,150,1.0,0.42248193954017227,0.28788583871077755,0.3551838891254748,0.8719429245324539,84.89294198420592,0.42248193954017227,0.28788583871077755,0.3551838891254748,0.8719429245324539,84.89294198420592,algorithm_native_internal_best_so_far.v1,true
noise001,udsr,90,150,150,1.0,0.4224736160166034,0.287880649048651,0.3551771325326271,0.8719304440671668,84.91849867778936,0.4224736160166034,0.287880649048651,0.3551771325326271,0.8719304440671668,84.91849867778936,algorithm_native_internal_best_so_far.v1,true
noise001,udsr,91,150,150,1.0,0.42247504145194137,0.28787277183544857,0.35517390664369486,0.8719163637757794,84.94347821295187,0.42247504145194137,0.28787277183544857,0.35517390664369486,0.8719163637757794,84.94347821295187,algorithm_native_internal_best_so_far.v1,true
noise001,udsr,92,150,150,1.0,0.42247504145194137,0.28787277183544857,0.35517390664369486,0.8719163637757794,84.96791471474128,0.42247504145194137,0.28787277183544857,0.35517390664369486,0.8719163637757794,84.96791471474128,algorithm_native_internal_best_so_far.v1,true
noise001,udsr,93,150,150,1.0,0.42242687204864804,0.2878817058000777,0.3551542889243628,0.8718819781717586,84.99178872659542,0.42242687204864804,0.2878817058000777,0.3551542889243628,0.8718819781717586,84.99178872659542,algorithm_native_internal_best_so_far.v1,true
noise001,udsr,94,150,150,1.0,0.42244010038811125,0.2878780251494548,0.35515906276878295,0.8718945062852822,85.01516810853089,0.42244010038811125,0.2878780251494548,0.35515906276878295,0.8718945062852822,85.01516810853089,algorithm_native_internal_best_so_far.v1,true
noise001,udsr,95,150,150,1.0,0.42260157721072844,0.28807124686828556,0.355336412039507,0.872304526371805,85.03848689304297,0.42260157721072844,0.28807124686828556,0.355336412039507,0.872304526371805,85.03848689304297,algorithm_native_internal_best_so_far.v1,true
noise001,udsr,96,150,150,1.0,0.4227001911819927,0.28863246874857795,0.3556663299652854,0.8728501097944623,85.06188818560967,0.4227001911819927,0.28863246874857795,0.3556663299652854,0.8728501097944623,85.06188818560967,algorithm_native_internal_best_so_far.v1,true
noise001,udsr,97,150,150,1.0,0.4224418851447277,0.2885418936844242,0.355491889414576,0.8717521728960662,85.08367508358901,0.4224418851447277,0.2885418936844242,0.355491889414576,0.8717521728960662,85.08367508358901,algorithm_native_internal_best_so_far.v1,true
noise001,udsr,98,150,150,1.0,0.4229504149833232,0.28845401583164687,0.3557022154074851,0.8720670869058137,85.10533869182365,0.4229504149833232,0.28845401583164687,0.3557022154074851,0.8720670869058137,85.10533869182365,algorithm_native_internal_best_so_far.v1,true
noise001,udsr,99,150,150,1.0,0.4283633164491629,0.2944168616425771,0.36139008904587,0.8778014428966471,85.13235693018567,0.4283633164491629,0.2944168616425771,0.36139008904587,0.8778014428966471,85.13235693018567,algorithm_native_internal_best_so_far.v1,true
noise001,udsr,100,150,150,1.0,0.42844597789398287,0.2929405582556496,0.3606932680748163,0.8758809615086331,85.15691432239244,0.42844597789398287,0.2929405582556496,0.3606932680748163,0.8758809615086331,85.15691432239244,algorithm_native_internal_best_so_far.v1,true
noise001,udsr,101,150,150,1.0,0.42656281416495173,0.2920415893859605,0.3593022017754562,0.8711632410721937,85.17631441927192,0.42656281416495173,0.2920415893859605,0.3593022017754562,0.8711632410721937,85.17631441927192,algorithm_native_internal_best_so_far.v1,true
noise001,udsr,102,150,150,1.0,0.4276706596240546,0.2936574272763064,0.36066404345018055,0.8731218759611128,85.19725435237818,0.4276706596240546,0.2936574272763064,0.36066404345018055,0.8731218759611128,85.19725435237818,algorithm_native_internal_best_so_far.v1,true
noise001,udsr,103,150,150,1.0,0.4280244256479747,0.2941049032848076,0.36106466446639124,0.8742832095926796,85.21891519322178,0.4280244256479747,0.2941049032848076,0.36106466446639124,0.8742832095926796,85.21891519322178,algorithm_native_internal_best_so_far.v1,true
noise001,udsr,104,150,150,1.0,0.42925612061205776,0.29607140507397,0.36266376284301394,0.8791554140392477,85.24484429140162,0.42925612061205776,0.29607140507397,0.36266376284301394,0.8791554140392477,85.24484429140162,algorithm_native_internal_best_so_far.v1,true
noise001,udsr,105,150,150,1.0,0.42938061526170573,0.29637694324774855,0.3628787792547272,0.8794929731301087,85.27060098684552,0.42938061526170573,0.29637694324774855,0.3628787792547272,0.8794929731301087,85.27060098684552,algorithm_native_internal_best_so_far.v1,true
noise001,udsr,106,150,150,1.0,0.42981032522456514,0.2966356393520247,0.363222982288295,0.8802584418011903,85.2965938471594,0.42981032522456514,0.2966356393520247,0.363222982288295,0.8802584418011903,85.2965938471594,algorithm_native_internal_best_so_far.v1,true
noise001,udsr,107,150,150,1.0,0.42957986389713926,0.2978213732305436,0.36370061856384145,0.8820358238223724,85.32376196430968,0.42957986389713926,0.2978213732305436,0.36370061856384145,0.8820358238223724,85.32376196430968,algorithm_native_internal_best_so_far.v1,true
noise001,udsr,108,150,150,1.0,0.4294379438659804,0.2980253685236354,0.3637316561948079,0.8820841886866111,85.35047175046108,0.4294379438659804,0.2980253685236354,0.3637316561948079,0.8820841886866111,85.35047175046108,algorithm_native_internal_best_so_far.v1,true
noise001,udsr,109,150,150,1.0,0.43070251538336973,0.2992220244314297,0.3649622699073998,0.8895615054764076,85.38355137245354,0.43070251538336973,0.2992220244314297,0.3649622699073998,0.8895615054764076,85.38355137245354,algorithm_native_internal_best_so_far.v1,true
noise001,udsr,110,150,150,1.0,0.4307023561411972,0.29917934567189536,0.36494085090654627,0.8895335588100691,85.41600414071313,0.4307023561411972,0.29917934567189536,0.36494085090654627,0.8895335588100691,85.41600414071313,algorithm_native_internal_best_so_far.v1,true
noise001,udsr,111,150,150,1.0,0.4305923665520126,0.2992666167419718,0.36492949164699223,0.8894842055975754,85.44782771205587,0.4305923665520126,0.2992666167419718,0.36492949164699223,0.8894842055975754,85.44782771205587,algorithm_native_internal_best_so_far.v1,true
noise001,udsr,112,150,150,1.0,0.4306032586078137,0.2992198769636429,0.36491156778572825,0.8895676546753553,85.47915751344408,0.4306032586078137,0.2992198769636429,0.36491156778572825,0.8895676546753553,85.47915751344408,algorithm_native_internal_best_so_far.v1,true
noise001,udsr,113,150,150,1.0,0.4322588094232723,0.30070833318673235,0.36648357130500225,0.89264348651962,85.51265478015662,0.4322588094232723,0.30070833318673235,0.36648357130500225,0.89264348651962,85.51265478015662,algorithm_native_internal_best_so_far.v1,true
noise001,udsr,114,150,150,1.0,0.4324792642009536,0.3005728222476399,0.3665260432242967,0.8927442972062981,85.54565280595024,0.4324792642009536,0.3005728222476399,0.3665260432242967,0.8927442972062981,85.54565280595024,algorithm_native_internal_best_so_far.v1,true
noise001,udsr,115,150,150,1.0,0.4324792642009536,0.3005728222476399,0.3665260432242967,0.8927442972062981,85.5780769530344,0.4324792642009536,0.3005728222476399,0.3665260432242967,0.8927442972062981,85.5780769530344,algorithm_native_internal_best_so_far.v1,true
noise001,udsr,116,150,150,1.0,0.43675552921457383,0.3037577473981207,0.3702566383063472,0.8976501325998874,85.61417123154264,0.43675552921457383,0.3037577473981207,0.3702566383063472,0.8976501325998874,85.61417123154264,algorithm_native_internal_best_so_far.v1,true
noise001,udsr,117,150,150,1.0,0.437588353782508,0.3039601765441924,0.3707742651633501,0.8972349955063053,85.64929369580835,0.437588353782508,0.3039601765441924,0.3707742651633501,0.8972349955063053,85.64929369580835,algorithm_native_internal_best_so_far.v1,true
noise001,udsr,118,150,150,1.0,0.43686821349354216,0.3028122010811646,0.3698402072873533,0.8946491228834291,85.68162944659255,0.43686821349354216,0.3028122010811646,0.3698402072873533,0.8946491228834291,85.68162944659255,algorithm_native_internal_best_so_far.v1,true
noise001,udsr,119,150,150,1.0,0.4401306506235659,0.3034609222357544,0.3717957864296601,0.8963105989251625,85.71481793773476,0.4401306506235659,0.3034609222357544,0.3717957864296601,0.8963105989251625,85.71481793773476,algorithm_native_internal_best_so_far.v1,true
noise001,udsr,120,150,150,1.0,0.4401414171318047,0.30341555319698993,0.3717784851643973,0.8962270258924102,85.747383643164,0.4401414171318047,0.30341555319698993,0.3717784851643973,0.8962270258924102,85.747383643164,algorithm_native_internal_best_so_far.v1,true
noise001,udsr,121,150,150,1.0,0.4394855729525997,0.3026163735377783,0.371050973245189,0.8947826329370058,85.77821735928413,0.4394855729525997,0.3026163735377783,0.371050973245189,0.8947826329370058,85.77821735928413,algorithm_native_internal_best_so_far.v1,true
noise001,udsr,122,150,150,1.0,0.4390461770794856,0.30238926440013175,0.3707177207398087,0.8942279285869883,85.80809092895146,0.4390461770794856,0.30238926440013175,0.3707177207398087,0.8942279285869883,85.80809092895146,algorithm_native_internal_best_so_far.v1,true
noise001,udsr,123,150,150,1.0,0.4390461770794856,0.30238926440013175,0.3707177207398087,0.8942279285869883,85.83747874951851,0.4390461770794856,0.30238926440013175,0.3707177207398087,0.8942279285869883,85.83747874951851,algorithm_native_internal_best_so_far.v1,true
noise001,udsr,124,150,150,1.0,0.4383088721556978,0.301544557910657,0.3699267150331773,0.8929704330959917,85.86537846371272,0.4383088721556978,0.301544557910657,0.3699267150331773,0.8929704330959917,85.86537846371272,algorithm_native_internal_best_so_far.v1,true
noise001,udsr,125,150,150,1.0,0.4383020548202229,0.30154337121409597,0.3699227130171593,0.8929603299293909,85.89282369994653,0.4383020548202229,0.30154337121409597,0.3699227130171593,0.8929603299293909,85.89282369994653,algorithm_native_internal_best_so_far.v1,true
noise001,udsr,126,150,150,1.0,0.43854408385392524,0.30148961620251075,0.3700168500282179,0.8931837627521795,85.9200106251471,0.43854408385392524,0.30148961620251075,0.3700168500282179,0.8931837627521795,85.9200106251471,algorithm_native_internal_best_so_far.v1,true
noise001,udsr,127,150,150,1.0,0.4382334974978824,0.2996249314393907,0.36892921446863636,0.8913936595991984,85.9453598797516,0.4382334974978824,0.2996249314393907,0.36892921446863636,0.8913936595991984,85.9453598797516,algorithm_native_internal_best_so_far.v1,true
noise001,udsr,128,150,150,1.0,0.4382334974978824,0.2996249314393907,0.36892921446863636,0.8913936595991984,85.97031305225292,0.4382334974978824,0.2996249314393907,0.36892921446863636,0.8913936595991984,85.97031305225292,algorithm_native_internal_best_so_far.v1,true
noise001,udsr,129,150,150,1.0,0.44239608254223345,0.29988228458019583,0.3711391835612146,0.8984135902470136,86.00032116056647,0.44239608254223345,0.29988228458019583,0.3711391835612146,0.8984135902470136,86.00032116056647,algorithm_native_internal_best_so_far.v1,true
noise001,udsr,130,150,150,1.0,0.4420535970985991,0.29952895147607855,0.37079127428733877,0.8974521214817156,86.0291280143173,0.4420535970985991,0.29952895147607855,0.37079127428733877,0.8974521214817156,86.0291280143173,algorithm_native_internal_best_so_far.v1,true
noise001,udsr,131,150,150,1.0,0.442075779986875,0.29952895147607855,0.3708023657314768,0.8974969061504041,86.0575292555442,0.442075779986875,0.29952895147607855,0.3708023657314768,0.8974969061504041,86.0575292555442,algorithm_native_internal_best_so_far.v1,true
noise001,udsr,132,150,150,1.0,0.442075779986875,0.29952895147607855,0.3708023657314768,0.8974969061504041,86.08550017493432,0.442075779986875,0.29952895147607855,0.3708023657314768,0.8974969061504041,86.08550017493432,algorithm_native_internal_best_so_far.v1,true
noise001,udsr,133,150,150,1.0,0.44265935864453987,0.30026334490885676,0.3714613517766983,0.8987460580294769,86.11398969093442,0.44265935864453987,0.30026334490885676,0.3714613517766983,0.8987460580294769,86.11398969093442,algorithm_native_internal_best_so_far.v1,true
noise001,udsr,134,150,150,1.0,0.4426584735427049,0.2994875856489518,0.37107302959582833,0.8960451424073749,86.14003838160458,0.4426584735427049,0.2994875856489518,0.37107302959582833,0.8960451424073749,86.14003838160458,algorithm_native_internal_best_so_far.v1,true
noise001,udsr,135,150,150,1.0,0.44146999198743847,0.29828431610431577,0.3698771540458771,0.8938197532475133,86.16405272933159,0.44146999198743847,0.29828431610431577,0.3698771540458771,0.8938197532475133,86.16405272933159,algorithm_native_internal_best_so_far.v1,true
noise001,udsr,136,150,150,1.0,0.44232087621221866,0.29937862019272876,0.3708497482024737,0.8959310610008907,86.18926635705776,0.44232087621221866,0.29937862019272876,0.3708497482024737,0.8959310610008907,86.18926635705776,algorithm_native_internal_best_so_far.v1,true
noise001,udsr,137,150,150,1.0,0.4441578280378147,0.30124588990254375,0.3727018589701791,0.899646894161283,86.2168241896057,0.4441578280378147,0.30124588990254375,0.3727018589701791,0.899646894161283,86.2168241896057,algorithm_native_internal_best_so_far.v1,true
noise001,udsr,138,150,150,1.0,0.4441578280378147,0.30124588990254375,0.3727018589701791,0.899646894161283,86.24398263327616,0.4441578280378147,0.30124588990254375,0.3727018589701791,0.899646894161283,86.24398263327616,algorithm_native_internal_best_so_far.v1,true
noise001,udsr,139,150,150,1.0,0.4451813308548604,0.30179331384707525,0.37348732235096765,0.9015966169919863,86.27215298626841,0.4451813308548604,0.30179331384707525,0.37348732235096765,0.9015966169919863,86.27215298626841,algorithm_native_internal_best_so_far.v1,true
noise001,udsr,140,150,150,1.0,0.4451362005625634,0.30177958765659807,0.3734578941095807,0.9016726472061927,86.29997521294234,0.4451362005625634,0.30177958765659807,0.3734578941095807,0.9016726472061927,86.29997521294234,algorithm_native_internal_best_so_far.v1,true
noise001,udsr,141,150,150,1.0,0.4451362005625634,0.30177958765659807,0.3734578941095807,0.9016726472061927,86.32740279810318,0.4451362005625634,0.30177958765659807,0.3734578941095807,0.9016726472061927,86.32740279810318,algorithm_native_internal_best_so_far.v1,true
noise001,udsr,142,150,150,1.0,0.4447465940369363,0.30120196261773435,0.3729742783273352,0.9004516441930929,86.35358421797083,0.4447465940369363,0.30120196261773435,0.3729742783273352,0.9004516441930929,86.35358421797083,algorithm_native_internal_best_so_far.v1,true
noise001,udsr,143,150,150,1.0,0.4447465940369363,0.30120196261773435,0.3729742783273352,0.9004516441930929,86.37939946413404,0.4447465940369363,0.30120196261773435,0.3729742783273352,0.9004516441930929,86.37939946413404,algorithm_native_internal_best_so_far.v1,true
noise001,udsr,144,150,150,1.0,0.4447465940369363,0.30120196261773435,0.3729742783273352,0.9004516441930929,86.40485616521165,0.4447465940369363,0.30120196261773435,0.3729742783273352,0.9004516441930929,86.40485616521165,algorithm_native_internal_best_so_far.v1,true
noise001,udsr,145,150,150,1.0,0.44474652777441853,0.30120196256821563,0.372974245171317,0.9004515966232839,86.42996170657108,0.44474652777441853,0.30120196256821563,0.372974245171317,0.9004515966232839,86.42996170657108,algorithm_native_internal_best_so_far.v1,true
noise001,udsr,146,150,150,1.0,0.44470038493615277,0.3017404369712037,0.3732204109536781,0.9009472617214566,86.4550628330476,0.44470038493615277,0.3017404369712037,0.3732204109536781,0.9009472617214566,86.4550628330476,algorithm_native_internal_best_so_far.v1,true
noise001,udsr,147,150,150,1.0,0.4447023886282475,0.30174146977127536,0.3732219291997614,0.9009572197761299,86.47982922178615,0.4447023886282475,0.30174146977127536,0.3732219291997614,0.9009572197761299,86.47982922178615,algorithm_native_internal_best_so_far.v1,true
noise001,udsr,148,150,150,1.0,0.44459596879862534,0.3018449039253345,0.3732204363619798,0.9009426877860077,86.50425111068354,0.44459596879862534,0.3018449039253345,0.3732204363619798,0.9009426877860077,86.50425111068354,algorithm_native_internal_best_so_far.v1,true
noise001,udsr,149,150,150,1.0,0.44459595256441714,0.30184489005252735,0.3732204213084721,0.9009426688218243,86.52834517626407,0.44459595256441714,0.30184489005252735,0.3732204213084721,0.9009426688218243,86.52834517626407,algorithm_native_internal_best_so_far.v1,true
noise001,udsr,150,150,150,1.0,0.44459595256441714,0.30184489005252735,0.3732204213084721,0.9009426688218243,86.55211798763685,0.44459595256441714,0.30184489005252735,0.3732204213084721,0.9009426688218243,86.55211798763685,algorithm_native_internal_best_so_far.v1,true
noise001,udsr,151,150,150,1.0,0.4450593338766408,0.3027074324663825,0.3738833831715116,0.9023735990223145,86.5765235632302,0.4450593338766408,0.3027074324663825,0.3738833831715116,0.9023735990223145,86.5765235632302,algorithm_native_internal_best_so_far.v1,true
noise001,udsr,152,150,150,1.0,0.4464343280431153,0.3039918065094749,0.37521306727629505,0.9044608446724385,86.6019812007566,0.4464343280431153,0.3039918065094749,0.37521306727629505,0.9044608446724385,86.6019812007566,algorithm_native_internal_best_so_far.v1,true
noise001,udsr,153,150,150,1.0,0.44701994806317163,0.30399144893514085,0.3755056984991562,0.9053107568762719,86.62766155687994,0.44701994806317163,0.30399144893514085,0.3755056984991562,0.9053107568762719,86.62766155687994,algorithm_native_internal_best_so_far.v1,true
noise001,udsr,154,150,150,1.0,0.44701994806317163,0.30399144893514085,0.3755056984991562,0.9053107568762719,86.65300840188479,0.44701994806317163,0.30399144893514085,0.3755056984991562,0.9053107568762719,86.65300840188479,algorithm_native_internal_best_so_far.v1,true
noise001,udsr,155,150,150,1.0,0.44703068538887836,0.30399420239335184,0.37551244389111504,0.9053219030544672,86.67803538190778,0.44703068538887836,0.30399420239335184,0.37551244389111504,0.9053219030544672,86.67803538190778,algorithm_native_internal_best_so_far.v1,true
noise001,udsr,156,150,150,1.0,0.4469959335908604,0.3040409183101404,0.37551842595050033,0.9053348889111842,86.70274982747962,0.4469959335908604,0.3040409183101404,0.37551842595050033,0.9053348889111842,86.70274982747962,algorithm_native_internal_best_so_far.v1,true
noise001,udsr,157,150,150,1.0,0.4469959335908604,0.3040409183101404,0.37551842595050033,0.9053348889111842,86.72714943934993,0.4469959335908604,0.3040409183101404,0.37551842595050033,0.9053348889111842,86.72714943934993,algorithm_native_internal_best_so_far.v1,true
noise001,udsr,158,150,150,1.0,0.4484478008800979,0.3051320489946165,0.37678992493735713,0.9089887115433098,86.75355274134348,0.4484478008800979,0.3051320489946165,0.37678992493735713,0.9089887115433098,86.75355274134348,algorithm_native_internal_best_so_far.v1,true
noise001,udsr,159,150,150,1.0,0.4484478008800979,0.3051320489946165,0.37678992493735713,0.9089887115433098,86.77962392633083,0.4484478008800979,0.3051320489946165,0.37678992493735713,0.9089887115433098,86.77962392633083,algorithm_native_internal_best_so_far.v1,true
noise001,udsr,160,150,150,1.0,0.4484478008800979,0.3051320489946165,0.37678992493735713,0.9089887115433098,86.80536922150584,0.4484478008800979,0.3051320489946165,0.37678992493735713,0.9089887115433098,86.80536922150584,algorithm_native_internal_best_so_far.v1,true
noise001,udsr,161,150,150,1.0,0.44854305294111174,0.30522523826205483,0.3768841456015833,0.9091624783660586,86.83090262905304,0.44854305294111174,0.30522523826205483,0.3768841456015833,0.9091624783660586,86.83090262905304,algorithm_native_internal_best_so_far.v1,true
noise001,udsr,162,150,150,1.0,0.44847452499282314,0.30306945846053873,0.37577199172668097,0.9060935271491007,86.85422639501512,0.44847452499282314,0.30306945846053873,0.37577199172668097,0.9060935271491007,86.85422639501512,algorithm_native_internal_best_so_far.v1,true
noise001,udsr,163,150,150,1.0,0.44848248111286154,0.303432296435812,0.3759573887743368,0.906907554878074,86.87776338331446,0.44848248111286154,0.303432296435812,0.3759573887743368,0.906907554878074,86.87776338331446,algorithm_native_internal_best_so_far.v1,true
noise001,udsr,164,150,150,1.0,0.45043017855100137,0.30749860292857967,0.37896439073979055,0.9115932617859719,86.9038704735296,0.45043017855100137,0.30749860292857967,0.37896439073979055,0.9115932617859719,86.9038704735296,algorithm_native_internal_best_so_far.v1,true
noise001,udsr,165,150,150,1.0,0.4506556268668257,0.30765594264933044,0.3791557847580781,0.911940078042817,86.9298713058372,0.4506556268668257,0.30765594264933044,0.3791557847580781,0.911940078042817,86.9298713058372,algorithm_native_internal_best_so_far.v1,true
noise001,udsr,166,150,150,1.0,0.45015851334955453,0.3073514109751658,0.3787549621623602,0.9107851053528773,86.95486310842425,0.45015851334955453,0.3073514109751658,0.3787549621623602,0.9107851053528773,86.95486310842425,algorithm_native_internal_best_so_far.v1,true
noise001,udsr,167,150,150,1.0,0.45034583200908807,0.3090687732472069,0.37970730262814756,0.9134089820255366,86.98112679162263,0.45034583200908807,0.3090687732472069,0.37970730262814756,0.9134089820255366,86.98112679162263,algorithm_native_internal_best_so_far.v1,true
noise001,udsr,168,150,150,1.0,0.4503463492375886,0.30906151828460265,0.3797039337610956,0.9133854878584337,87.00706382730252,0.4503463492375886,0.30906151828460265,0.3797039337610956,0.9133854878584337,87.00706382730252,algorithm_native_internal_best_so_far.v1,true
noise001,udsr,169,150,150,1.0,0.45035696893800614,0.30915817688736197,0.379757572912684,0.9135281730609944,87.03277834492853,0.45035696893800614,0.30915817688736197,0.379757572912684,0.9135281730609944,87.03277834492853,algorithm_native_internal_best_so_far.v1,true
noise001,udsr,170,150,150,1.0,0.4501813572159359,0.30915817688736197,0.379669767051649,0.9132436486629188,87.05802297152479,0.4501813572159359,0.30915817688736197,0.379669767051649,0.9132436486629188,87.05802297152479,algorithm_native_internal_best_so_far.v1,true
noise001,udsr,171,150,150,1.0,0.4501813572159359,0.30915817688736197,0.379669767051649,0.9132436486629188,87.08297233933045,0.4501813572159359,0.30915817688736197,0.379669767051649,0.9132436486629188,87.08297233933045,algorithm_native_internal_best_so_far.v1,true
noise001,udsr,172,150,150,1.0,0.4501813572159359,0.30915817688736197,0.379669767051649,0.9132436486629188,87.10763159820813,0.4501813572159359,0.30915817688736197,0.379669767051649,0.9132436486629188,87.10763159820813,algorithm_native_internal_best_so_far.v1,true
noise001,udsr,173,150,150,1.0,0.4502152535100018,0.30965339889690013,0.3799343262034511,0.914224879329121,87.13257296430469,0.4502152535100018,0.30965339889690013,0.3799343262034511,0.914224879329121,87.13257296430469,algorithm_native_internal_best_so_far.v1,true
noise001,udsr,174,150,150,1.0,0.4502152535100018,0.30965339889690013,0.3799343262034511,0.914224879329121,87.1572276480323,0.4502152535100018,0.30965339889690013,0.3799343262034511,0.914224879329121,87.1572276480323,algorithm_native_internal_best_so_far.v1,true
noise001,udsr,175,150,150,1.0,0.4503870053497948,0.3100709395684032,0.3802289724590991,0.9150369425039194,87.18206460004579,0.4503870053497948,0.3100709395684032,0.3802289724590991,0.9150369425039194,87.18206460004579,algorithm_native_internal_best_so_far.v1,true
noise001,udsr,176,150,150,1.0,0.45039994947939127,0.3100709395684032,0.3802354445238973,0.9150579888913207,87.20663127214287,0.45039994947939127,0.3100709395684032,0.3802354445238973,0.9150579888913207,87.20663127214287,algorithm_native_internal_best_so_far.v1,true
noise001,udsr,177,150,150,1.0,0.45039994947939127,0.3100709395684032,0.3802354445238973,0.9150579888913207,87.23092035472474,0.45039994947939127,0.3100709395684032,0.3802354445238973,0.9150579888913207,87.23092035472474,algorithm_native_internal_best_so_far.v1,true
noise001,udsr,178,150,150,1.0,0.45039994947939127,0.3100709395684032,0.3802354445238973,0.9150579888913207,87.25493652626638,0.45039994947939127,0.3100709395684032,0.3802354445238973,0.9150579888913207,87.25493652626638,algorithm_native_internal_best_so_far.v1,true
noise001,udsr,179,150,150,1.0,0.4503280290834045,0.310054003593993,0.38019101633869884,0.9149801159256747,87.27864085624572,0.4503280290834045,0.310054003593993,0.38019101633869884,0.9149801159256747,87.27864085624572,algorithm_native_internal_best_so_far.v1,true
noise001,udsr,180,150,150,1.0,0.4503280290834045,0.310054003593993,0.38019101633869884,0.9149801159256747,87.30208180478084,0.4503280290834045,0.310054003593993,0.38019101633869884,0.9149801159256747,87.30208180478084,algorithm_native_internal_best_so_far.v1,true
