algorithm,gid,dataset,n_runs,valid_rate,median_id_nmse,median_ood_nmse,ID_Q_component,q_ood,ood_retention,OOD_G_component,final_quality,median_seconds,EFF_component,id_log_iqr,ood_log_iqr,numeric_stability,SYM_F_proxy_component,parse_rate,numeric_equiv_proxy_rate,structural_consistency_proxy,q_perf_proxy,pure_stab_proxy,STAB_proxy_component,SYM_F_component,ROB_component,q_perf_formal,STAB_component,HexaScore_formal_with_ROB_component
drsr,g0001,II.34.2_1_0,5,1.0,0.0376008376300645,0.2832693011247646,0.2446287485878742,0.1819857492090378,0.7807495021765771,0.3616148750992996,0.213307248898456,3904.138,0.0746575371144596,0.3782697699822648,0.4841305496485287,0.8562666133948678,0.0,1.0,0.0,0.0,0.2063359619649395,0.6425066453579471,0.2918536219915361,0.1754285714285714,0.3940261016361219,0.258964533393511,0.32696236678944696,23.03165188792153
drsr,g0002,first_principles_hubble,5,1.0,0.0434055335899592,0.0746860560893503,0.2401753500407613,0.2233400338239742,0.9410763932422932,0.4386609416494699,0.2317576919323677,3902.324,0.0811151921763287,0.4600709498081468,0.3932281837614241,0.8577834777384048,0.0,1.0,0.0,0.0,0.2276684225111455,0.6431133910953619,0.3068590610873524,0.15,0.4104010597801791,0.2726684225111455,0.3358187768614039,23.68794493075112
drsr,g0003,feynman-ii.27.18,5,1.0,0.0007921296338634,0.0002942602598394,0.3643716956634686,0.3950905989908008,1.0,0.5765634192935605,0.3797311473271347,3902.545,0.1329059015644971,2.4031253205802057,3.992865918389826,0.0994791132366323,0.0,1.0,0.0,0.0,0.3187177040534555,0.3397916452946529,0.1918296747586148,0.4786666666666667,0.33332322122849856,0.46231770405345557,0.23103775650669292,31.77505295710757
drsr,g0004,Korns-4,5,1.0,0.0016832630781627,0.0019579682987189,0.3409891430416409,0.3362995960069411,0.9835865853876004,0.5304856928211389,0.338644369524291,3901.907,0.1185255293335018,0.0429987295865328,0.0382949055087409,0.9864510608174544,0.0,1.0,0.0,0.0,0.295541365062998,0.6945804243269817,0.3775997314000945,0.1131428571428571,0.5364421514445673,0.3294842222058551,0.39869413825672084,28.346710587982177
drsr,g0005,Keijzer-11,5,1.0,2.383322082833684,2.376589236072854,0.1159155187861359,0.1160032767280069,1.0,0.3812022937096048,0.1159593977570714,3902.086,0.0405857892149749,0.3442215899312281,0.4876400032464699,0.8613564011370503,0.0,1.0,0.0,0.0,0.1607268956273358,0.6445425604548201,0.2584020044901977,0.1316666666666666,0.20556428409835462,0.20022689562733575,0.288411655204743,15.524509900519467
drsr,g0006,Keijzer-2,5,1.0,0.0476636942308191,8.413212316908615,0.2372723071556551,0.0767884393596188,0.4383064627161381,0.1852438463665746,0.157030373257637,3902.321,0.0549606306401729,0.4831442633498709,0.4597420223863601,0.8428522857106282,0.0,1.0,0.0,0.0,0.1504820767722344,0.6371409142842512,0.2471598269588856,0.1488311688311688,0.33004372162230106,0.19513142742158504,0.28144860805880645,17.945318495202283
drsr,g0007,Korns-2,5,1.0,1.1162170411254044,1.110705529207106,0.1394465251040861,0.1396000761545821,1.0,0.3977200533082075,0.1395233006293341,3901.568,0.0488331552202669,0.0134873050353526,0.0130367563506677,0.99557932310233,0.0,1.0,0.0,0.0,0.1750946260340967,0.698231729240932,0.2921702477137951,0.1571428571428571,0.26424219243985364,0.2222374831769538,0.3291608955882433,18.255798602620484
drsr,g0008,Nguyen-12,5,1.0,3.7625523374760332e-19,1.0851336636579621e-17,1.0,1.0,0.999998862688872,0.9999996588066616,1.0,3902.377,0.35,3.6569487922565855,4.956293937819277,0.0,0.6,1.0,0.6,0.1,0.8799998976419985,0.3299999999999999,0.3095674221445364,0.2533893557422969,0.3677104109057539,0.7760167043646876,0.2907029740221356,46.00467257358184
drsr,g0009,Nguyen-6,5,1.0,3.245825567642499e-09,0.0039252870772063,0.7491910587924614,0.314723469677318,0.0,0.2203064287741226,0.5319572642348898,3902.068,0.1861850424822114,1.9010451806546875,0.4115559684043615,0.6145664751568252,0.0,1.0,0.0,0.0,0.3657683521492214,0.54582659006273,0.330109293776431,0.1653333333333333,0.29100522342908436,0.41536835214922135,0.35178019911868497,28.35847397037433
drsr,g0010,Nguyen-9,5,1.0,0.0001908653942502,9.96916005076629e-05,0.408519486162601,0.4286672451090205,1.0,0.6000670715763143,0.4185933656358108,3901.967,0.1465076779725337,0.2560551472624999,1.2347895634046493,0.7515258815554751,0.0,1.0,0.0,0.0,0.3434279159379347,0.60061035262219,0.3519740220950976,0.1314285714285714,0.3951716844960149,0.38285648736650607,0.3716300459203712,29.749287155612098
drsr,g0011,Vladislavleva-4,5,1.0,0.0453521278194066,0.0544355027468112,0.2388144522864044,0.2331512686954939,0.9801788574322132,0.4572595453165097,0.2359828604909492,3901.979,0.0825940011718322,0.1879136944089086,0.140760109316798,0.9452210327123822,0.0,1.0,0.0,0.1,0.2327036445095147,0.708088413084953,0.3415773621467222,0.1838888888888888,0.42857823006624757,0.2878703111761813,0.3799145499173308,25.42380617114669
drsr,g0012,feynman_I_27_6,5,1.0,0.0027430889427289,0.0392669028757833,0.3258400078910118,0.2432838108409025,0.7110533103614332,0.3836146606970617,0.2845619093659572,3904.69,0.099596668278085,0.1121226300219717,0.0791548046142665,0.968120427560627,0.2,1.0,0.2,0.1,0.3054204013655233,0.7172481710242509,0.3963861497331257,0.36,0.4901706230698848,0.3534204013655232,0.4263980965769645,31.280107867814316
drsr,g0013,feynman-i.43.31,5,1.0,0.3766167605979442,0.5632827544159963,0.1731500254611637,0.1606623960723476,0.956293297139239,0.3993516663924151,0.1669062107667557,3902.472,0.0584171737683644,0.1719805057393019,0.0734237530087007,0.959099290208666,0.0,1.0,0.0,0.0,0.18906551010219,0.6836397160834664,0.2972579240674294,0.1533333333333333,0.28108382742005816,0.23506551010218998,0.3314528374378246,19.657824940963113
drsr,g0014,feynman-ii.34.11,5,1.0,0.9996191051987482,0.9999999999999986,0.1428689608587341,0.1428571428571429,0.9999586369944308,0.3999875910983292,0.1428630518579385,3902.622,0.0500020681502784,0.0004285935219844,8.594085592891339e-08,0.99992855342286,0.0,1.0,0.0,0.1,0.1771438616729924,0.729971421369144,0.3072337428373262,0.1607142857142857,0.180948513384196,0.2253581473872781,0.34653131734790493,17.50736262403801
drsr,g0015,III.21.20_3_0,5,1.0,0.1927385647777011,0.9999910295390798,0.1939308128072662,0.142857421131368,0.8212431291348106,0.3463731335324007,0.1683941169693171,3902.355,0.0589379409392609,0.8801737961366262,0.0884318343972037,0.8385657282443617,0.0,1.0,0.0,0.0,0.1814842651826267,0.6354262912977446,0.2706977642413676,0.1646666666666666,0.36010830659721965,0.23088426518262664,0.30532498785047363,20.381267681494027
drsr,g0016,feynman_II_15_4,5,1.0,7.208186486562572e-26,7.20813619513275e-26,1.0,1.0,1.0,1.0,1.0,3903.987,0.35,0.0,0.0,1.0,0.8,1.0,0.8,0.1,0.94,0.73,0.707761259182784,0.828,0.6080146849919256,0.9483999999999999,0.7109165633180872,70.7356768873448
drsr,g0017,strogatz_shearflow1,5,1.0,0.3389021853598155,1.9647039605174448,0.1764232593336349,0.1219073485274987,0.8091943121787888,0.3280934376228857,0.1491653039305668,3902.119,0.0522078563756983,0.1249616305534794,0.6361785210936947,0.8731433080588042,0.0,1.0,0.0,0.0,0.1689973350203196,0.6492573232235217,0.2669050463084824,0.16,0.279819960867667,0.21699733502031965,0.3024433619529168,18.56330625510876
drsr,g0018,feynman-i.18.16,5,1.0,1.0384732513621475,1.4272995630872722,0.1416860489566526,0.131820347653578,0.965470045439268,0.381915256989285,0.1367531983051153,3902.632,0.0478636194067903,0.9404110966303966,0.5552360996429544,0.7507254672877748,0.2,1.0,0.2,0.1,0.2312489966794465,0.63029018691511,0.3030961878690186,0.3612539682539682,0.2694558016352806,0.279625187155637,0.3332949162943216,20.928498991759557
drsr,g0019,feynman-ii.34.2a,5,1.0,1.0039937632013587,1.0004957126889438,0.1427334989296678,0.1428417691469128,1.0,0.3999892384028389,0.1427876340382903,3902.717,0.0499756719134016,0.002964783370445,0.0002231211709887,0.9994686825764276,0.0,1.0,0.0,0.0,0.1770901710927188,0.6997874730305711,0.2944851453331067,0.1196666666666666,0.27122133640747065,0.21299017109271878,0.3229579242531423,17.618244873533033
drsr,g0020,first_principles_leavitt,5,1.0,0.0002915005676283,0.0018178153341925,0.3953828996584656,0.3386035883859802,0.8012724108590381,0.4774042351278976,0.3669932440222229,3902.186,0.128447635407778,0.0558892341144261,1.6291286397008151,0.7191636876974598,0.0,1.0,0.0,0.1,0.3013744304017555,0.617665475078984,0.3390833991105175,0.1773333333333333,0.5737131540911952,0.3545744304017555,0.3677960271029371,31.113849524402582
drsr,g0021,feynman-i.39.22,5,1.0,1.0000000060706742,1.0000000268427125,0.1428571426688243,0.1428571420244541,0.9999999977447046,0.3999999987405292,0.1428571423466392,3901.143,0.0499999998213237,0.0005949357442917,4.0834710151695535e-06,0.9999001634641156,0.0,1.0,0.0,0.0,0.1771428566896885,0.6999600653856461,0.2946015890590471,0.1529523809523809,0.2712875398784873,0.22302857097540274,0.3305624463693159,18.430138229944113
drsr,g0022,feynman-i.11.19,5,1.0,0.3233256820986375,0.3530595289126941,0.1778828426822377,0.1751537187574771,0.9904480662633658,0.4197420230092437,0.1765182807198574,3611.618,0.06178139825195,0.0051922160224281,0.0212369971354329,0.9955951311403564,0.0,1.0,0.0,0.6,0.1970757439756681,0.8782380524561426,0.3898780971172687,0.2337142857142857,0.3229748822281308,0.26719002968995387,0.4539650039323455,23.252791885792647
drsr,g0023,I.11.19_4_0,5,1.0,0.0597627205171136,0.2634989297999675,0.2302549743428421,0.1842300817381039,0.838912875884821,0.380634919982119,0.207242528040473,3617.032,0.0725348848141655,0.1547138452173315,0.0756648352640101,0.9616035532531098,0.0,1.0,0.0,0.1,0.2062924657317725,0.714641421301244,0.3245860629147928,0.184,0.39764997787876394,0.26149246573177254,0.36544142426373094,23.536047001970754
drsr,g0024,strogatz_predprey2,5,1.0,1.0663383749049418e-20,2.314149062317572e-19,1.0,1.0,0.9999999760322108,0.9999999928096632,1.0,3900.824,0.35,9.576902889202444,10.86717839581093,0.0,0.6,1.0,0.6,0.0,0.879999997842899,0.3,0.2814249452444841,0.6771428571428572,0.34288617302597973,0.9031428549857562,0.28510148534989793,53.39283311503172
drsr,g0025,strogatz_barmag2,5,1.0,1.1086128951089565e-23,9.759028774358825e-24,1.0,1.0,1.0,1.0,1.0,3900.738,0.35,0.0,0.0,1.0,1.0,1.0,1.0,0.1,1.0,0.73,0.73,1.0,0.4225840385901538,1.0,0.73,69.00554638480405
drsr,g0026,strogatz_barmag1,5,1.0,1.3223167361942476e-21,2.4168976594448266e-21,1.0,1.0,0.9999999998811574,0.9999999999643472,1.0,3900.74,0.35,10.42167882867243,12.134276813681415,0.0,0.6,1.0,0.6,0.0,0.8799999999893042,0.3,0.2814249455876955,0.67,0.442491969775941,0.9009999999893041,0.2847630594003326,55.601774040277576
drsr,g0027,feynman_I_12_11,5,1.0,0.1038105428487911,0.3098690070022479,0.2131256098519587,0.1792015613987142,0.8812658304143404,0.389820842103402,0.1961635856253364,3902.267,0.0686572549688677,0.2686709518655361,0.2126666216394792,0.9197770710824974,0.2,0.8,0.2,0.0,0.2621964965718041,0.667910828432999,0.342004583682619,0.3171428571428571,0.3711262942701996,0.2973393537146612,0.36420397463999915,25.006413700689713
drsr,g0028,feynman-ii.4.23,5,1.0,0.9972056195969918,0.997205619596992,0.1429439487687458,0.1429439487687458,1.0,0.4000607641381221,0.1429439487687458,3900.924,0.050030382069061,11.999999989133652,11.999999982270484,0.0,0.4,1.0,0.4,0.0,0.2971958087489349,0.3,0.1635470048255367,0.6131428571428572,0.5864567128322068,0.3611386658917921,0.1802844417310082,23.880691954808274
drsr,g0029,strogatz_vdp1,5,1.0,2.550598326788492e-24,1.5334386131994323e-24,1.0,1.0,1.0,1.0,1.0,3900.818,0.35,0.0,0.0,1.0,0.8,1.0,0.8,0.0,0.94,0.7,0.678675180038286,0.8314285714285715,0.43615269994932,0.9494285714285714,0.682070377600435,66.51099687190161
drsr,g0030,feynman-iii.7.38,5,1.0,1.0,1.0,0.1428571428571429,0.1428571428571429,1.0,0.4,0.1428571428571429,3900.966,0.05,4.110445826185332e-13,1.4464911998299308e-16,0.9999999999999316,0.0,1.0,0.0,0.2,0.1771428571428571,0.7599999999999727,0.3198714027319524,0.148,0.2714285714285715,0.22154285714285715,0.3577193792425916,18.573708131692737
drsr,g0031,II.11.27_1_0,5,1.0,0.9931848930195046,1.000623807445063,0.1430692782118144,0.1428377977381046,0.9991898183420158,0.399743403919278,0.1429535379749595,3902.458,0.0500337382912358,1.4421907331425203,0.3005939680047687,0.7095358831421186,0.0,1.0,0.0,0.0,0.1771507324605092,0.5838143532568474,0.2457232462879233,0.196,0.2815393874831801,0.23595073246050915,0.2835864218743832,18.844236746664276
drsr,g0032,feynman-i.13.12,5,1.0,0.793653793412828,1.1898212235829375,0.15002635025841,0.1374655920400381,0.9560373462357438,0.3830371182987498,0.1437459711492241,3900.99,0.0503110899022284,0.1847870988283753,0.3165892982880787,0.9164372671472576,0.0,1.0,0.0,0.1,0.1749216755929889,0.6965749068589031,0.2913329724712361,0.8406153846153845,0.28118659609810454,0.4271062909776043,0.4552351729781211,26.030548230649273
drsr,g0033,feynman-iii.10.19,5,1.0,2.6734718411536123e+18,2.8444710228200404e+16,0.0,0.0,1.0,0.3,0.0,3901.048,0.0,0.0,0.0,1.0,0.0,1.0,0.0,0.0,0.09,0.7,0.21,0.1862857142857143,0.0904761904761905,0.14588571428571429,0.26736491916479993,0.3325241989346648
drsr,g0034,CRK11,5,1.0,3.5535320710922027e-10,1.7527932537178916e-08,0.8178099829028075,0.6968763790706645,0.5770313005331709,0.6609228555094163,0.7573431809867359,3900.884,0.2650701133453575,1.1901450531558293,2.924098964568677,0.3142926637125822,0.0,1.0,0.0,0.0,0.5254008498139479,0.4257170654850328,0.3085790554180717,0.1388095238095238,0.40611122035374997,0.567043706956805,0.32057476114536115,37.056089535513706
drsr,g0035,feynman-i.32.5,5,1.0,0.0673798847475744,0.1429575540342443,0.2265335525863846,0.2031994922215718,0.9183307887240078,0.4177388811723026,0.2148665224039782,3900.938,0.0752032828413923,0.1546761457042844,0.1002640095127944,0.9575099741304868,0.0,1.0,0.0,0.0,0.2159350853862446,0.6830039896521948,0.3173838667406128,0.1894632034632035,0.3921228067313467,0.27277404642520564,0.35671778583200797,23.947361090939115
drsr,g0036,CRK10,5,1.0,1.336418533331507e-09,1.8115969867570368e-05,0.7767183935882498,0.4815670293109838,0.0,0.3370969205176886,0.6291427114496169,3900.868,0.2201999490073659,1.3860925135682578,1.2239939605405743,0.5649855876485279,0.0,1.0,0.0,0.0,0.4118164335906065,0.5259942350594111,0.3375458873152949,0.1394444444444444,0.44411392965888413,0.4536497669239399,0.35427567185857506,32.886078449954454
drsr,g0037,CRK34,5,1.0,3.0885616865720267e-10,5.325776602117469e-07,0.8221602657324738,0.5909726467617389,0.1911940964426881,0.4710390816660236,0.7065664562471063,3900.86,0.2472982596864872,0.5013564857440667,1.505284899818971,0.6655597690728271,0.0,1.0,0.0,0.0,0.4701758307927967,0.5662239076291309,0.3882561582296235,0.1479523809523809,0.4152144501424606,0.5145615450785109,0.40616908630502885,36.56419038296827
drsr,g0038,PO19,5,1.0,0.0028316793803681,44.972162793104886,0.324853994400761,0.0247897304227343,0.0,0.017352811295914,0.1748218624117476,3900.847,0.0611876518441116,0.2045805819757258,1.2729794877522893,0.7537399883786642,0.0,1.0,0.0,0.0,0.1351474411490786,0.6014959953514657,0.2211243930605352,0.1346031746031746,0.2994580389796139,0.175528393530031,0.25200341683526517,12.324044517223772
drsr,g0039,CRK0,5,1.0,2.5922365542365082e-08,2.973488930528734e-06,0.6847375263930059,0.5376238338513653,0.4851062279244355,0.5218685520732863,0.6111806801221855,3900.783,0.2139132380427649,1.5578363956304493,1.4107306475647556,0.5052388261341325,0.0,1.0,0.0,0.0,0.4304555761791883,0.502095530453653,0.3294204259768397,0.1652380952380952,0.4934750685201486,0.4800270047506168,0.34787177280177956,35.976555810990426
drsr,g0040,feynman-i.29.16,5,1.0,0.0621832759984545,0.1850384904299746,0.2290233144125285,0.1951955659470313,0.8816028803719191,0.4011177602744976,0.2121094401797799,3900.881,0.0742383040629229,0.0290236657678579,0.1377241525843778,0.972208696941294,0.0,1.0,0.0,0.0,0.2119446538473607,0.6888834787765177,0.3171443673459575,0.18,0.3986072291333536,0.26594465384736066,0.3552559836162572,23.62416412207889
drsr,g0041,PO41,5,1.0,0.0010853286122395,83.20281743529618,0.3546027676889373,0.0057044262334534,0.0,0.0039930983634174,0.1801535969611953,3900.794,0.0630537589364183,0.2136277646052158,1.7817592571396956,0.6674354963758481,0.0,1.0,0.0,0.1,0.1430390365846001,0.5969741985503393,0.2257786382534641,0.1528787878787879,0.3339896495164362,0.1889026729482365,0.25946250861535264,10.283785128494612
drsr,g0042,feynman_test_15,5,1.0,0.0021486334805655,0.0242427719415876,0.3334169758044419,0.258244123144479,0.7368950157361827,0.40183939092199,0.2958305494744604,3902.254,0.1035406923160611,0.6144829653775354,1.2442106349143205,0.6902177332846908,0.0,1.0,0.0,0.0,0.2539186075983738,0.5760870933138763,0.2902922284780599,0.195,0.490891073818474,0.31241860759837375,0.3220005337745634,27.44761433987255
drsr,g0043,CRK33,5,1.0,5.0928104636882837e-11,1.3043053594610612e-06,0.8780744633157658,0.5631871943698408,0.0,0.3942310360588885,0.7206308288428033,3900.774,0.2522207900949811,0.5540797450594876,0.382323060615283,0.8439328657208716,0.0,1.0,0.0,0.0,0.4694990961439729,0.6375731462883487,0.4368651459575356,0.1882807017543859,0.40668688699111916,0.5259833066702887,0.4623980536746647,38.16724703688896
drsr,g0044,feynman-i.15.3t,5,1.0,1.0855021478512508e+30,9.905522077556685e+29,0.0,0.0,1.0,0.3,0.0,3900.902,0.0,0.0,0.0,1.0,0.0,1.0,0.0,0.6,0.09,0.8799999999999999,0.2639999999999999,0.1243333333333333,0.0,0.12729999999999997,0.31397630483843836,0.047654174519609835
drsr,g0045,feynman-bonus.20,5,1.0,3.0914538717692475e+37,4.642751080763925e+39,0.0,0.0,0.455846842729582,0.1367540528188746,0.0,3607.96,0.0,1.997076468787624,0.0,0.6671539218687295,0.0,1.0,0.0,0.0,0.0410262158456623,0.5668615687474918,0.1148174096300529,0.1385714285714285,0.27142872291049147,0.08259764441709093,0.16291491467846553,0.3070471647231232
drsr,g0046,II.6.15b_3_0,5,1.0,0.2123765202906594,0.4384611439256536,0.1909209642305959,0.1684334919586293,0.9212938470483804,0.3942915984855546,0.1796772280946126,3901.548,0.0628870298331144,0.0617849772555345,0.2715828331105888,0.9444386982723127,0.0,0.8,0.0,0.0,0.1946558652379047,0.6777754793089251,0.2990333318866773,0.1976565656565656,0.356366822661405,0.2539528349348744,0.3415563669744023,22.01661358752471
drsr,g0047,BPG5,5,1.0,1.5960698246567518e-13,2.891332526005729e-09,1.0,0.7527787112980051,0.1507656500614436,0.5721747929270367,0.8763893556490026,3900.782,0.3067362744771508,0.0,0.0296653578491685,0.9950557736918052,0.0,1.0,0.0,0.0,0.571652437878111,0.6980223094767222,0.5277586173516045,0.1509523809523809,0.4091405834353526,0.6169381521638253,0.5482644888499487,42.5597842247338
drsr,g0048,MatSci21,5,1.0,1.2338768256619756e-07,2.119918601520173e-07,0.6363377280353627,0.6195486295963728,0.9412385232406842,0.7160555976896662,0.6279431788158678,3900.81,0.2197801125855537,3.398258521951453,3.4548245618784508,0.0,0.2,1.0,0.2,0.0,0.5293517705210449,0.3,0.2182696940642333,0.2516666666666666,0.530399398628779,0.5448517705210449,0.22144222575401928,37.89238964045206
drsr,g0049,BPG3,5,1.0,1.9777631311792328e-10,0.5137592914916703,0.8359875516676003,0.1635171650498726,0.0,0.1144620155349108,0.4997523583587365,3900.783,0.1749133254255577,2.0087408782039304,2.3639481245327163,0.2712184995438922,0.0,1.0,0.0,0.0,0.3687336253275134,0.4084873998175569,0.2480476040903301,0.1482815734989648,0.3424481826427573,0.41321809737720283,0.2625840435066965,24.62856340210554
drsr,g0050,BPG9,5,1.0,1.922297692091202e-07,0.000114950270231,0.6225842396764409,0.4242492859594071,0.3058282258560737,0.3887229679284071,0.523416762817924,3900.796,0.1831958669862734,3.6229358349428233,2.464386700257822,0.0892688832903629,0.0,1.0,0.0,0.0,0.3656505862490985,0.3357075533161451,0.2029991642320925,0.1515238095238095,0.4479513499551451,0.4111077291062414,0.21524790530760574,29.414904542755455
dso,g0001,II.34.2_1_0,5,1.0,2.561539371151211e-15,1.2796532212497775e-32,1.0,1.0,1.0,1.0,1.0,556.376,0.8995432222222223,0.0,0.0,1.0,1.0,1.0,1.0,1.0,1.0,1.0,1.0,1.0,1.0,1.0,1.0,98.25100602084451
dso,g0002,first_principles_hubble,5,1.0,0.1027393696754551,0.0823491463412557,0.2134473645056005,0.2203100641794633,1.0,0.4542170449256243,0.2168787143425319,2387.365,0.1233927077555504,0.0700241784893399,0.2126363230671872,0.9528899164072456,0.0,1.0,0.0,0.0,0.2216440592799275,0.6811559665628982,0.3206820216818114,0.1366666666666667,0.4345353435045463,0.2626440592799275,0.3490843315190291,25.065534146661467
dso,g0003,feynman-ii.27.18,5,1.0,0.9908860419275088,4.409647798312354e+59,0.1431411635154204,0.0,0.0,0.0,0.0715705817577102,2945.718,0.0335046406132093,0.0013062502567269,0.0,0.9997822916238788,0.0,1.0,0.0,0.0,0.0572564654061681,0.6999129166495515,0.1674774252382929,0.1242857142857142,0.18134593171005156,0.09454217969188242,0.2152072082814866,1.689568841201907
dso,g0004,Korns-4,5,1.0,0.0015928095350265,0.0016619592167228,0.3427025823684515,0.34138425983526,0.9953858711366658,0.5375847432256817,0.3420434211018557,2527.426,0.1859550507812568,0.7358398102347508,0.1505251195215642,0.8522725117072809,0.0166666666666666,1.0,0.0,0.0,0.3033564559150851,0.6409090046829125,0.3529986092394996,0.0914761904761904,0.43390570416457264,0.3257993130579422,0.3658233778788624,28.14866889781919
dso,g0005,Keijzer-11,5,0.4,100.0,100.0,0.0,0.0,1.0,0.3,0.0,1602.709,0.0,3.0783825745699955,3.488683323027733,0.0,0.0,1.0,0.0,0.0,0.09,0.12,0.036,0.0552380952380952,0.4638700762983394,0.10657142857142855,0.03917433562204432,0.2588965865276942
dso,g0006,Keijzer-2,5,1.0,0.5214752637710739,2.3022957585989654,0.1630547348249342,0.1169884918986238,0.8387681497580745,0.333522389256459,0.140021613361779,2297.99,0.0819245651012228,0.1464226267102608,0.3814096339421459,0.912027956557932,0.0,1.0,0.0,0.0,0.1652786107069114,0.6648111826231728,0.2702754771937893,0.147047619047619,0.2815151650985974,0.20939289642119707,0.30421406419158187,19.565995024543398
dso,g0007,Korns-2,5,1.0,0.0122878794282835,0.0260359152340903,0.2793230756211916,0.2560305107909583,0.9184760230988492,0.4547641644833256,0.2676767932060749,2640.436,0.140063116332514,0.0361748568908955,0.009308725117562,0.9924194029985904,0.0,1.0,0.0,1.0,0.2481584795934743,0.9969677611994364,0.4966445506986638,0.1333333333333333,0.4859804039528071,0.2881584795934743,0.5351762311739175,29.177306063208963
dso,g0008,Nguyen-12,5,1.0,0.0152536958496854,0.1058197673711979,0.2726160655324523,0.2125309426809888,0.7897020700259697,0.3856822808844831,0.2425735041067205,2862.58,0.1171982430231704,0.4223452191702741,0.0398256744570079,0.9229715177287864,0.0,1.0,0.0,0.0,0.2247511104783258,0.6691886070915145,0.3172484154536374,0.1405294117647058,0.44775257745922464,0.2669099340077376,0.3457250972513022,25.392555516990022
dso,g0009,Nguyen-6,5,1.0,1.2300930501264842e-31,5.9729956614313955e-33,1.0,1.0,1.0,1.0,1.0,91.112,0.9835492222222222,0.0,0.0,1.0,1.0,1.0,1.0,1.0,1.0,1.0,1.0,1.0,0.5624764746706968,1.0,1.0,90.60456446231484
dso,g0010,Nguyen-9,5,1.0,2.177383374655929e-31,7.813286832552469e-33,1.0,1.0,1.0,1.0,1.0,105.668,0.9809210555555556,0.0,0.0,1.0,1.0,1.0,1.0,1.0,1.0,1.0,1.0,0.4238095238095239,1.0,0.8271428571428572,0.9094739452798288,85.03528502996058
dso,g0011,Vladislavleva-4,5,0.8,0.1288446899558298,0.1394951839696674,0.2064238196581972,0.2039600561443737,0.991376827701682,0.4401850876115661,0.2051919379012854,2267.371,0.1211891428651009,0.0077037563707326,0.0182359968938812,0.995676707789231,0.0,1.0,0.0,0.0,0.2146250541467487,0.6382706831156923,0.2956957658951802,0.0782488479262673,0.3894480703856307,0.2380997085246289,0.3114471269006033,21.70343363897001
dso,g0012,feynman_I_27_6,5,1.0,3.0892693890919977e-32,1.568187845735392e-32,1.0,1.0,1.0,1.0,1.0,486.886,0.9120900277777776,0.0,0.0,1.0,1.0,1.0,1.0,1.0,1.0,1.0,1.0,1.0,1.0,1.0,1.0,98.47809025431205
dso,g0013,feynman-i.43.31,5,1.0,0.972472145541863,0.994516080749396,0.1437230592352482,0.1430277278708835,0.9975663402247266,0.3993893115770364,0.1433753935530659,3250.21,0.059236479769157,0.003531249181051,0.001507616770147,0.9991601890081336,0.0,1.0,0.0,0.0,0.1773060171672102,0.6996640756032535,0.2946125972127923,0.1047619047619047,0.2751504316890325,0.20873458859578162,0.31965888898883077,17.755330083299782
dso,g0014,feynman-ii.34.11,5,1.0,0.6142992603830254,0.4244970983409145,0.1579728576836535,0.1694375195742282,1.0,0.4186062637019597,0.1637051886289409,2750.125,0.0824173203731609,1.3877787807814454e-16,0.0408928795095895,0.9931845200817352,0.0,1.0,0.0,0.0,0.1887710221840493,0.6972738080326941,0.3029500410587509,0.1630555555555555,0.28715828173590285,0.23768768885071595,0.33994346424898914,21.03996702941051
dso,g0015,III.21.20_3_0,5,1.0,3.58161795392675e-15,1.333114012124983e-25,1.0,1.0,1.0,1.0,1.0,1062.952,0.808078111111111,0.0,0.0,1.0,1.0,1.0,1.0,0.6,1.0,0.8799999999999999,0.8799999999999999,1.0,1.0,1.0,0.8799999999999999,94.47625488888264
dso,g0016,feynman_II_15_4,5,1.0,2.5014480601663078e-31,5.908606957084231e-32,1.0,1.0,1.0,1.0,1.0,1522.941,0.7250245416666667,0.0,0.0,1.0,0.8,1.0,0.8,0.6,0.94,0.8799999999999999,0.8531916549052737,0.836,1.0,0.9507999999999999,0.8580789707247228,89.67699367881575
dso,g0017,strogatz_shearflow1,5,1.0,1.1371434557319505e-29,1.0818532967936292e-30,1.0,1.0,1.0,1.0,1.0,841.597,0.8480449861111111,0.0,0.0,1.0,0.8,1.0,0.8,0.6,0.94,0.8799999999999999,0.8531916549052737,0.8504761904761905,1.0,0.9551428571428571,0.8600364111893335,92.34916680367188
dso,g0018,feynman-i.18.16,5,1.0,5.559568883126891e-15,5.856049705817814e-31,1.0,1.0,1.0,1.0,1.0,1232.268,0.7775071666666666,0.0,0.0,1.0,0.8,1.0,0.8,0.3,0.94,0.7899999999999999,0.7659334174717799,0.6604444444444445,1.0,0.8981333333333333,0.748682184463697,85.2719834994583
dso,g0019,feynman-ii.34.2a,5,1.0,0.9612179865026012,0.5851708752871088,0.1440841507990837,0.1594798069577196,1.0,0.4116358648704037,0.1517819788784017,2804.275,0.0749305995082629,0.4592702602146326,0.4661767423201137,0.8457588329108756,0.0,1.0,0.0,0.0,0.1811244197807546,0.6383035331643503,0.2716537796662939,0.1281746031746031,0.29787380160047044,0.21957680073313554,0.29910279742766094,19.241572655551657
dso,g0020,first_principles_leavitt,5,1.0,0.000139309859232,0.0012997861154506,0.418287010472571,0.3490091504682892,0.7575274906808495,0.4715646525320572,0.3836480804704301,2317.109,0.2231424212873766,0.0312258697108993,0.4892394555923394,0.9132557791161268,0.0,1.0,0.0,0.1,0.3087841999486456,0.6953023116464507,0.38636805198404,0.1576190476190476,0.5715504425783569,0.35606991423435985,0.41489797316825294,34.358462662446485
dso,g0021,feynman-i.39.22,5,1.0,0.6550034997050411,0.4969961149359387,0.1559825985394607,0.1645462147266474,1.0,0.4151823503086532,0.160264406633054,2601.546,0.0849844352685854,0.0009878702437673,0.0014224382292837,0.9995982819211582,0.0,1.0,0.0,0.0,0.1869477445083802,0.6998393127684632,0.3025927022822252,0.1683809523809523,0.29971792481575843,0.2374620302226659,0.34103222864964455,21.35055922515038
dso,g0022,feynman-i.11.19,5,1.0,0.2667622113375073,0.3288909510082064,0.1838482636524688,0.1773534339557878,0.9772680960616932,0.4173278325875594,0.1806008488041283,2312.389,0.1051973431076105,11.426124308865436,11.51705192461903,0.0,0.4,1.0,0.4,0.1,0.3187376552372554,0.3299999999999999,0.1863076237177027,0.5790909090909091,0.343141612727839,0.37246492796452807,0.20139868583319276,26.19407521361159
dso,g0023,I.11.19_4_0,5,1.0,0.0236414631548983,0.0782592444918177,0.2590232606252703,0.2218903106469716,0.8700346750791594,0.4163336199766279,0.240456785636121,3606.304,0.0841598749726423,0.0020903198434281,0.0087254421916027,0.9981973729941616,0.0,1.0,0.0,0.3,0.2285093902430965,0.7892789491976646,0.3772962994609262,0.2571428571428572,0.4653239973352157,0.30565224738595365,0.43635938060887225,27.921790253256727
dso,g0024,strogatz_predprey2,5,1.0,0.0880101220728794,0.6789876199632776,0.2182476697590815,0.1548670102981474,0.7781676918878047,0.3418572147750446,0.1865573400286144,2606.195,0.0987703610238037,0.0510752449328433,0.0348286259251039,0.9856826881903422,0.0,1.0,0.0,0.0,0.1898562323361459,0.6942730752761369,0.3025121012370161,0.1685714285714286,0.3563150903260622,0.24042766090757456,0.3404258564640012,23.068018340766926
dso,g0025,strogatz_barmag2,5,1.0,0.1249926131752692,0.2621329277591424,0.207365403729146,0.1843913158456434,0.9195906924081952,0.4049511288144089,0.1958783597873947,2739.378,0.098994980576148,0.0243159424494668,0.3379749969876103,0.9396181767604872,0.0,1.0,0.0,0.0,0.2044315001359811,0.6758472707041949,0.3055782729722026,0.1669291819291819,0.35292376127125497,0.25451025471473565,0.34095825297354787,23.46628874648032
dso,g0026,strogatz_barmag1,5,0.8,0.0718169768125282,0.5943425241854068,0.2245552057689158,0.1589973711147773,0.770547578711844,0.3424624333938972,0.1917762884418465,2643.049,0.1002573487742195,0.1991438169811434,0.067184019674009,0.9556120272241412,0.0,1.0,0.0,0.0,0.1925608123257355,0.6222448108896566,0.2730519222424123,0.11,0.37792387223203167,0.2255608123257355,0.2955242396059702,21.35045166416608
dso,g0027,feynman_I_12_11,5,1.0,1.3515208670700864e-31,1.4716479784063392e-32,1.0,1.0,1.0,1.0,1.0,881.746,0.840795861111111,0.0,0.0,1.0,1.0,1.0,1.0,1.0,1.0,1.0,1.0,1.0,1.0,1.0,1.0,97.15125776054906
dso,g0028,feynman-ii.4.23,5,0.8,0.7774319941634878,6.986423577168567,0.1506669707524472,0.0825532205163031,0.7616018741736195,0.286267816613498,0.1166100956343751,3015.579,0.0531182842096644,0.0295811312048334,1.3686219769350825,0.7669661486433474,0.0,1.0,0.0,0.0,0.1461471332850283,0.5467864594573391,0.2090320605682041,0.1168888888888889,0.24632568331980634,0.18121379995169493,0.23276269926575144,15.765405851393208
dso,g0029,strogatz_vdp1,5,1.0,0.0100000000000002,0.0099999999999999,0.285714285714285,0.2857142857142859,1.0,0.5000000000000001,0.2857142857142855,3465.821,0.1069219325396824,0.0,0.0,1.0,0.0,1.0,0.0,0.6,0.264285714285714,0.8799999999999999,0.4523967917026567,0.4349999999999999,0.4999999999999994,0.39478571428571396,0.5529213842336511,34.9957442957851
dso,g0030,feynman-iii.7.38,5,1.0,0.9999999999989744,0.9999999999999996,0.1428571428571746,0.1428571428571429,0.9999999999998886,0.3999999999999666,0.1428571428571587,3531.548,0.0517656269841327,0.0002054629701743,0.0001249992717046,0.9999449229596868,0.0,1.0,0.0,0.0,0.1771428571428598,0.6999779691838748,0.2946091248477884,0.1271428571428571,0.2698937036471723,0.21528571428571697,0.32478201923214833,17.906609158376686
dso,g0031,II.11.27_1_0,5,1.0,0.0199036943198671,0.1741450660852283,0.2643618790582255,0.1970777732538839,0.7645056296896359,0.3673061301846095,0.2307198261560547,2546.685,0.1246306682926517,0.0,0.0,1.0,0.0,1.0,0.0,0.4,0.215936590678673,0.82,0.3810456187549461,0.2676190476190476,0.43836739940646474,0.29622230496438734,0.4462957291505869,29.30701962889946
dso,g0032,feynman-i.13.12,5,1.0,1.0,1.0,0.1428571428571429,0.1428571428571429,1.0,0.4,0.1428571428571429,3052.317,0.064126744047619,0.0,0.0,1.0,0.4166666666666667,1.0,0.0,0.6666666666666666,0.3021428571428571,0.8999999999999999,0.4947077059089682,1.0,0.2714285714285715,0.47714285714285715,0.621679752192167,29.187970869258905
dso,g0033,feynman-iii.10.19,5,1.0,0.3090031152327224,0.5567755893792669,0.1792883672991596,0.1610228438344113,0.9360706678735372,0.3935371910461491,0.1701556055667855,2720.628,0.086571003300044,0.0413193948889628,0.0581609977503871,0.9834199345601082,0.0,1.0,0.0,0.0,0.1897765042335085,0.6933679738240432,0.3020542837299925,0.4630952380952381,0.32522771465111205,0.32870507566207996,0.39752732211876185,26.741711452146973
dso,g0034,CRK11,5,1.0,0.0065755602057976,1.0,0.2987190886772255,0.1428571428571429,0.4544831896461139,0.2363449568938342,0.2207881157671842,2603.816,0.1169882384091591,0.6004415122047497,1.947380063085488,0.5753630707849604,0.0,1.0,0.0,0.0,0.1903911225390404,0.5301452283139841,0.2313226740495472,0.165,0.3542909450439629,0.23989112253904044,0.25965814199266957,22.371730373155437
dso,g0035,feynman-i.32.5,5,1.0,0.7781665303329716,0.7217885139145958,0.1506376751814729,0.1529707166649236,1.0,0.4070795016654465,0.1518041959231983,3086.202,0.0672142046750682,0.0190360745497528,0.0005115446101915,0.9967420634733426,0.0,1.0,0.0,0.0,0.1823789205722231,0.6986968253893371,0.2983843839707815,0.1152380952380952,0.28950144707997527,0.21695034914365166,0.32543851286822445,18.84220002844438
dso,g0036,CRK10,5,1.0,0.0217489271679527,0.5634247082530777,0.2616115829341799,0.1606545793940428,0.6466504876143196,0.3064533518601258,0.2111330811641114,2380.028,0.1204034369466232,0.221029743192326,0.3979304951592365,0.8968399602747396,0.0,1.0,0.0,0.0,0.1965806387317097,0.6587359841098959,0.2920665083986042,0.1335555555555555,0.37968969525737634,0.23664730539837636,0.32045139736271816,23.223028822492626
dso,g0037,CRK34,5,1.0,0.0043387979207971,1.0,0.3116164697595858,0.1428571428571429,0.4093423558663651,0.2228027067599095,0.2272368063083643,2350.851,0.130784051398521,0.3267993208866024,0.0,0.9455334465188996,0.0,1.0,0.0,0.0,0.1914873999318072,0.6782133786075599,0.296781245869032,0.1428571428571428,0.42948667160958925,0.23434454278895,0.3283173054430528,23.825398849630016
dso,g0038,PO19,5,1.0,0.0458455764013058,0.221220223685255,0.2384787544756316,0.1896553694911602,0.8291181525562277,0.3814942044106804,0.2140670619833959,2616.356,0.1129422932848655,0.1337588086016836,0.5135530208920286,0.8921146950843812,0.0,1.0,0.0,0.1,0.2098397631134567,0.6868458780337525,0.3146322165982637,0.1477777777777777,0.43250597731433005,0.2541730964467901,0.3462773506730698,24.706046934752436
dso,g0039,CRK0,5,1.0,0.0309063014928494,0.9999999998330332,0.2507109259390034,0.1428571428623223,0.6225117592350207,0.2867535277741318,0.1967840344006629,2811.366,0.0968949334626197,0.4603695628097395,0.0026618112179998,0.92282810432871,0.0,1.0,0.0,0.0,0.1863104287078409,0.6691312417314841,0.2888217467071203,0.187,0.40076379948144875,0.2424104287078409,0.3294480621855904,23.582147860171716
dso,g0040,feynman-i.29.16,5,1.0,0.0678239665512086,0.0954640633545376,0.2263297724969361,0.2157257202975202,0.9628858173025082,0.4398737493990166,0.2210277463972281,2096.823,0.1373481795959729,0.0,0.0,1.0,0.0,1.0,0.0,1.0,0.2224940338184794,1.0,0.4716927324206717,0.1416666666666666,0.4199527181547335,0.2649940338184794,0.5147757121489702,27.3524643046214
dso,g0041,PO41,5,1.0,0.0831984965177138,0.2457387667106751,0.219991751556123,0.1863947375464817,0.8824104509671187,0.3951994515726728,0.2031932445513024,2755.779,0.1020901363347403,0.0256107834802719,0.1529396013694116,0.9702416025250528,0.0,1.0,0.0,0.0,0.206556536094251,0.6880966410100211,0.3127295419869039,0.1629090909090909,0.3849159474660268,0.2554292633669783,0.3477641127329698,24.05103390005978
dso,g0042,feynman_test_15,5,1.0,0.009335727342085,0.0972716004445429,0.2878465600514196,0.2151438527473427,0.7455405244462447,0.3742628542570133,0.2514952063993811,3005.021,0.115040638396837,0.2372172048943384,0.1582807924744221,0.9340836671052066,0.0,1.0,0.0,0.0,0.2274174802976718,0.6736334668420827,0.3212444083261357,0.1630565656565656,0.4693470771353396,0.2763344499946415,0.35411242925759817,26.364959298514396
dso,g0043,CRK33,5,1.0,0.0209402621701693,11.599705667012632,0.2627869918068501,0.0668252164641732,0.3141337863058067,0.1410177874166633,0.1648061041355117,2377.761,0.0940518839871831,0.0393971496532505,2.0000000661140778,0.6601004640387786,0.0,1.0,0.0,0.0,0.147420132947739,0.5640401856155115,0.2165650879310783,0.1399999999999999,0.357005886065147,0.18942013294773902,0.24548395713802,18.700158940234942
dso,g0044,feynman-i.15.3t,5,1.0,1.5428856709363143e-08,4.825093319944464e-05,0.7008333038795316,0.4511781630532924,0.1262140416789243,0.353688926640982,0.5760057334664119,2625.645,0.3029359353745172,1.4295184964652208e-06,0.0004785008907903,0.999920011598452,0.0,1.0,0.0,0.0,0.3864399995441072,0.6999680046393808,0.4351301991016161,0.1092380952380952,0.625596909423089,0.4192114281155358,0.45320505541820144,36.39919184177769
dso,g0045,feynman-bonus.20,5,0.8,0.9072033225946884,0.9999999299690784,0.1458782405616184,0.1428571450295745,0.9894261656378576,0.3968278512120594,0.1443676927955965,3062.697,0.0645342414749585,0.0652094143037617,2.0000000953981845,0.6557984150496756,0.0,1.0,0.0,0.0,0.1773996515882652,0.5023193660198703,0.2115710801007597,0.1198888888888888,0.18395126230664036,0.21336631825493182,0.23202931268997581,16.351888063011305
dso,g0046,II.6.15b_3_0,5,1.0,0.1497645353619959,0.3463908818757907,0.2017565011816842,0.1757452534667464,0.9089606329981292,0.3957098673261612,0.1887508773242153,3603.303,0.0660628070634753,0.0429053075704569,0.1559153187558705,0.966863228945612,0.0,1.0,0.0,0.0,0.199415560670522,0.6867452915782448,0.306672767543895,0.1548917748917749,0.364832333299644,0.2458830931380545,0.3405336429572172,21.59768438696342
dso,g0047,BPG5,5,1.0,0.0058252190839883,1.0,0.3024776954547009,0.1428571428571429,0.4413280659270764,0.2323984197781229,0.2226674191559219,2662.451,0.1156266662894171,0.5597690198659941,0.0,0.9067051633556676,0.0,1.0,0.0,0.0,0.1907106041153172,0.6626820653422671,0.2893960759629344,0.1442857142857143,0.4248640073346441,0.2339963184010315,0.32056029518781154,23.293133859242094
dso,g0048,MatSci21,5,1.0,0.1544587403680158,0.0702226786243453,0.2007991079438307,0.2252516148938371,1.0,0.457676130425686,0.2130253614188339,2815.582,0.1047298773770739,0.3056309665440059,0.9111795943015684,0.7971982398590709,0.0,1.0,0.0,0.0,0.2176224823052381,0.6188792959436284,0.2887073456508043,0.1852380952380952,0.4276678107180308,0.27319391087666667,0.32347555125007493,25.042527620623485
dso,g0049,BPG3,5,1.0,0.0010282417205879,0.0336049950135482,0.3562789127677144,0.2481140117646897,0.6214228465917742,0.360106662212815,0.302196462266202,2311.618,0.176067071123961,0.3510957178711482,2.254888150421408e-06,0.9414836712067836,0.0,1.0,0.0,0.1,0.2505435637709303,0.7065934684827135,0.3536806043070352,0.1839337474120083,0.5185343980428292,0.3057236879945327,0.3906916807376702,30.727608540392687
dso,g0050,BPG9,5,1.0,0.1610941527296978,1.0,0.1994943016412952,0.1428571428571429,0.8017699442560323,0.3405309832768097,0.171175722249219,2720.626,0.0870900754886628,0.0027290827083349,0.0,0.999545152881944,0.0,1.0,0.0,0.0,0.181957015639561,0.6998180611527777,0.2985173305135603,0.1399999999999999,0.32700197347552884,0.22395701563956094,0.33118257804872336,21.157626575111383
e2esr,g0001,II.34.2_1_0,5,1.0,0.0005704551928039,0.000397635423088,0.374555604440709,0.3857510666939564,1.0,0.5700257466857694,0.3801533355673327,385.687,0.353680243984632,0.3335217386991829,1.3493526656390245,0.7195209326102987,0.0,1.0,0.0,0.3,0.3208299657820144,0.6778083730441194,0.3839232310496343,0.18,0.47874603935707166,0.37482996578201444,0.4149770519321539,37.316756808946835
e2esr,g0002,first_principles_hubble,5,1.0,0.4983605271568161,0.0464869271327264,0.1644611688180964,0.2380477971781261,1.0,0.4666334580246883,0.2012544829981113,167.217,0.1951782160330358,0.4103525207953347,0.3007701678330479,0.8814795518952696,0.0,1.0,0.0,0.1,0.205774504934645,0.6825918207581079,0.3096398602256851,0.144,0.343525579009158,0.24897450493464504,0.3405951965181942,25.138447156815708
e2esr,g0003,feynman-ii.27.18,5,0.2,100.0,100.0,0.0,0.0,1.0,0.3,0.0,672.359,0.0,0.0,0.0,1.0,0.0,1.0,0.0,0.0,0.09,0.46,0.138,0.0214285714285714,0.0,0.09642857142857142,0.14284357078386734,0.03117663189903827
e2esr,g0004,Korns-4,5,1.0,0.0030764825315285,0.0032831640882694,0.3222818247515552,0.3202648150896495,0.9929404661855514,0.52206751041842,0.3212733199206024,193.788,0.3100321270932404,0.1331763601872073,0.0033453996221175,0.9772463733651124,0.0,1.0,0.0,0.0,0.285532983026148,0.690898549346045,0.3691836184220894,0.1152380952380952,0.5260142460717017,0.32010441159757663,0.3908949957116358,32.75949096313215
e2esr,g0005,Keijzer-11,5,1.0,0.3028157349116148,0.2038602988025556,0.1799158258410855,0.1921905245406077,1.0,0.4345333671784254,0.1860531751908466,258.398,0.1773728281253113,0.2381187975845969,0.4650916474492057,0.8827982591610328,0.0,1.0,0.0,0.1,0.2023263404899618,0.6831193036644132,0.3072718470843937,0.1295238095238095,0.31813607429080354,0.24118348334710465,0.3354828621258747,24.012391146500406
e2esr,g0006,Keijzer-2,5,1.0,0.9645851488381144,1.4707324418047334,0.1439756734960445,0.1308904519779801,0.9542017246868127,0.3778838337906299,0.1374330627370123,128.436,0.1342460129176514,0.1819311218977949,0.0985801342825649,0.95324812396994,0.0,1.0,0.0,0.0,0.1709554195356068,0.6812992495879759,0.2816951353607111,0.1430952380952381,0.28448073969399873,0.2138839909641782,0.31508450784369213,21.311253151684202
e2esr,g0007,Korns-2,5,1.0,0.004815269225301,0.0824795817923251,0.3083842447236835,0.2202609678416118,0.6915685309339802,0.3616532367693224,0.2643226062826477,151.135,0.2571097012506079,0.0,0.0,1.0,0.0,1.0,0.0,0.6,0.2318496689202701,0.8799999999999999,0.42372677943677,0.1542857142857143,0.28963058383030177,0.2781353832059844,0.46409917124976025,28.998841952716553
e2esr,g0008,Nguyen-12,5,1.0,0.0031119990021693,0.0283100539000751,0.3219257536381726,0.2534328074123001,0.7602746882404997,0.4054853716607599,0.2876792805252364,127.612,0.2810508462404721,0.004882932806117,0.0121326544827156,0.9971640687851946,0.0,1.0,0.0,0.1,0.2504159129534971,0.7288656275140779,0.3647358324358609,0.1276190476190476,0.49608037290052404,0.2887016272392113,0.39162651300790613,31.12738040775132
e2esr,g0009,Nguyen-6,5,1.0,0.0007883126267955,0.0924740727895467,0.3645215369336173,0.2167128581810253,0.4826696245024833,0.2964998880774627,0.2906171975573213,120.367,0.2843012341845579,1.4858069027865346,0.2004674122817636,0.7189542808219502,0.0,1.0,0.0,0.0,0.2347585811966857,0.5875817123287801,0.2846944550677354,0.1533333333333333,0.4296005960122377,0.28075858119668573,0.3113399060589936,29.280407660515372
e2esr,g0010,Nguyen-9,5,1.0,0.1015960022210455,0.0039883621337803,0.2137945272215919,0.3142289582618376,1.0,0.5199602707832863,0.2640117427417148,114.836,0.2585376499311129,0.9629399712609312,0.1437840253659357,0.8155460005621888,0.0,1.0,0.0,0.0,0.2415058921236227,0.6262184002248756,0.3077440676400795,0.1285714285714286,0.4797633258956149,0.28007732069505126,0.3314093797845557,28.94039641518511
e2esr,g0011,Vladislavleva-4,5,1.0,0.8099242369625514,0.7842401633295899,0.1493968288991439,0.1503964942801329,1.0,0.405277545996093,0.1498966615896384,3604.314,0.0524638315563734,0.0256133850144497,0.0283284372865877,0.9910096962831604,0.0,1.0,0.0,0.6,0.1813419953584854,0.8764038785132642,0.3732101838477712,0.1746031746031746,0.35540462617735374,0.2337229477394378,0.4236965896657335,20.90727112823889
e2esr,g0012,feynman_I_27_6,5,1.0,0.0054727807851458,0.0430247492048949,0.3044137105273198,0.2404486894667385,0.7761224263052813,0.4011508105183013,0.2724311999970292,496.225,0.2480224050131287,0.0259496543923867,0.3982072538580117,0.929307181958267,0.0,1.0,0.0,0.0,0.2421107273664183,0.6717228727833069,0.3305195500823532,0.1942857142857143,0.47513765295334404,0.3003964416521326,0.3681607861048046,31.775576627229047
e2esr,g0013,feynman-i.43.31,5,0.2,100.0,100.0,0.0,0.0,1.0,0.3,0.0,453.625,0.0,0.0,0.0,1.0,0.0,1.0,0.0,0.0,0.09,0.46,0.138,0.0333333333333333,0.0,0.09999999999999999,0.14546477236774547,0.03366094508154455
e2esr,g0014,feynman-ii.34.11,5,0.0,100.0,100.0,0.0,0.0,1.0,0.3,0.0,801.67,0.0,0.0,0.0,1.0,0.0,1.0,0.0,0.0,0.09,0.4,0.12,0.0,0.0,0.09,0.12,0.0057462398565449975
e2esr,g0015,III.21.20_3_0,5,1.0,0.0038750151899088,1.0344666849267687,0.3151233279097757,0.1418059636612672,0.393389225158134,0.2172809421103272,0.2284646457855214,469.75,0.2090871947348168,0.6235879436876135,0.1317384610360988,0.8741122658793813,0.0,1.0,0.0,0.0,0.1912336137970084,0.6496449063517525,0.2840914436376097,0.1773333333333333,0.34857149239548485,0.2444336137970084,0.3211859224490639,25.641576823714246
e2esr,g0016,feynman_II_15_4,5,1.0,0.0012550135420814,0.0023736644522048,0.3500965419965907,0.3303271910082755,0.9308072715816684,0.5104712151802934,0.3402118665024331,416.787,0.3146098320350534,0.0,0.5885285279575636,0.9019119120070728,0.0,1.0,0.0,0.6,0.2931799813527243,0.8407647648028291,0.4552413045635409,0.18,0.4969119725370959,0.34717998135272427,0.49539525272891777,36.81904581597565
e2esr,g0017,strogatz_shearflow1,5,1.0,0.8787306245691024,1.2741725789089438,0.1468674455552523,0.1353408389626036,0.959656876925768,0.3826356503515529,0.1411041422589279,205.412,0.1358708326352337,0.1207435182972599,1.255559340695645,0.7706161901678492,0.0,1.0,0.0,0.0,0.1735376733275667,0.6082464760671398,0.2533824240973554,0.1661111111111111,0.26532342139756265,0.2233710066609001,0.28747031324048417,21.425653670507437
e2esr,g0018,feynman-i.18.16,5,0.4,100.0,100.0,0.0,0.0,1.0,0.3,0.0,762.059,0.0,0.0,0.0,1.0,0.0,1.0,0.0,0.3,0.09,0.61,0.183,0.0453333333333333,0.0,0.10359999999999998,0.1963404186610592,0.037247011827650084
e2esr,g0019,feynman-ii.34.2a,5,0.2,100.0,100.0,0.0,0.0,1.0,0.3,0.0,708.653,0.0,0.0,0.0,1.0,0.0,1.0,0.0,0.6,0.09,0.64,0.192,0.0264285714285714,0.0,0.09792857142857142,0.20027866301017405,0.0341563617437019
e2esr,g0020,first_principles_leavitt,5,1.0,0.0006860118553565,7.937563249074891e-05,0.368833455638666,0.4357366286490773,1.0,0.605015640054354,0.4022850421438717,144.693,0.3917752951322327,0.0,0.0,1.0,0.0,1.0,0.0,1.0,0.3290380742717725,1.0,0.5736184047533452,0.1666666666666666,0.5330567863464044,0.37903807427177255,0.615660681115639,41.045567697769926
e2esr,g0021,feynman-i.39.22,5,0.2,100.0,100.0,0.0,0.0,1.0,0.3,0.0,741.878,0.0,0.0,0.0,1.0,0.0,1.0,0.0,0.0,0.09,0.46,0.138,0.031,0.0,0.0993,0.14495475156061632,0.03323680232021355
e2esr,g0022,feynman-i.11.19,5,0.0,100.0,100.0,0.0,0.0,1.0,0.3,0.0,578.412,0.0,0.0,0.0,1.0,0.0,1.0,0.0,0.0,0.09,0.4,0.12,0.0,0.0,0.09,0.12,0.0057462398565449975
e2esr,g0023,I.11.19_4_0,5,1.0,0.0021066518857939,0.0068614471051332,0.334029087397215,0.2973988771632194,0.8717942642167296,0.4697174932792725,0.3157139822802172,641.145,0.2791662081802499,0.0636866118159207,0.3128634692388632,0.937241653157536,0.0,1.0,0.0,0.0,0.2745268829426678,0.6748966612630145,0.3536142184211088,0.1971428571428571,0.4743226848708877,0.33366974008552486,0.3898483417007847,34.18789937895124
e2esr,g0024,strogatz_predprey2,5,1.0,0.0648010569897612,0.0447947262872844,0.227744136440155,0.2391980794834681,1.0,0.4674386556384277,0.2334711079618115,146.771,0.2272840490197752,0.0,0.0,1.0,0.0,1.0,0.0,0.6,0.2313292512675903,0.8799999999999999,0.4232509565040838,0.1704761904761904,0.3998892712528958,0.2824721084104474,0.46770332557407635,30.284410297069837
e2esr,g0025,strogatz_barmag2,5,1.0,0.9869568180098872,10.532746770425671,0.1432644177468047,0.0698184540750027,0.7429391271487926,0.2717546559971397,0.1065414359109037,181.264,0.103054524120537,0.2936441955611901,1.1053958783007194,0.7668266543563484,0.0,1.0,0.0,0.0,0.1388321638978638,0.6067306617425394,0.2260689875949623,0.1565079365079365,0.23578064174045096,0.18578454485024476,0.2615174870555091,18.393086221489558
e2esr,g0026,strogatz_barmag1,5,1.0,0.0763993574210686,0.2619446453417465,0.2226364495834657,0.184413605353541,0.8662200451962702,0.3889555373063598,0.2035250274685033,232.86,0.1949679872927797,0.4721831915173603,0.4238179171827374,0.8506664818833171,0.0,1.0,0.0,0.0,0.2057412410252942,0.6402665927533269,0.2904166555570708,0.1633333333333333,0.3742935853205122,0.2547412410252942,0.3231546967087993,26.334568259756853
e2esr,g0027,feynman_I_12_11,5,1.0,0.0011253896569245,0.0055455180844837,0.3534783629012358,0.3040041338636846,0.826840198445469,0.4608549532382199,0.3287412483824602,675.768,0.2886303232827388,0.0,0.0,1.0,0.0,1.0,0.0,1.0,0.2796478311319603,1.0,0.5288173892110208,0.2,0.48506079229212057,0.3396478311319603,0.5827931289333809,37.21930621703456
e2esr,g0028,feynman-ii.4.23,5,1.0,0.0010692934325896,0.001266196356269,0.3550645071805615,0.3498213528986575,0.9816489600291264,0.5393696350377982,0.3524429300396095,486.539,0.3214817633784839,0.3681721433826279,0.8293706199654522,0.8004095394419867,0.0,1.0,0.0,0.0,0.303836693383564,0.6201638157767947,0.3418428760597138,0.1614285714285714,0.353881716789501,0.3522652648121355,0.3680792488594664,33.01325349164269
e2esr,g0029,strogatz_vdp1,5,1.0,1.0015140586070763,0.9976552923785446,0.1428102107130259,0.1429299635179569,1.0,0.4000509744625699,0.1428700871154914,194.117,0.1378626473223279,0.0162325317505665,0.0013198336491195,0.997074605766719,0.0,1.0,0.0,0.1,0.1771393766239813,0.7288298423066877,0.3067493864509556,0.2,0.26473216744950195,0.23713937662398132,0.3549179657755369,22.99928404345638
e2esr,g0030,feynman-iii.7.38,5,1.0,0.0002446306105052,0.0003355302540948,0.4008206572035355,0.391019165304349,0.9656947784730858,0.56342184925497,0.3959199112539422,525.181,0.358377064117007,0.6712858477417747,0.5740826711624405,0.7924385801826308,0.0,1.0,0.0,0.0,0.3293548176579052,0.6169754320730523,0.3540787643827708,0.135047619047619,0.40030123443631105,0.3698691033721909,0.3752251138465903,34.346431719299666
e2esr,g0031,II.11.27_1_0,5,0.6,0.999183734166574,12.32045321424658,0.1428824746077871,0.0649552368664651,0.7272546679054723,0.2636450661781672,0.1039188557371261,593.883,0.0927757537451467,2.0464627304169856,0.9416026973386942,0.5019890953740533,0.0,1.0,0.0,0.0,0.136246509696565,0.3807956381496213,0.1405577051233497,0.1114285714285714,0.22989443798367906,0.1696750811251364,0.15685595016115064,15.532565295078173
e2esr,g0032,feynman-i.13.12,5,1.0,35492359817.83892,31923226575.106792,0.0,0.0,1.0,0.3,0.0,3604.537,0.0,0.0,0.0,1.0,0.0,1.0,0.0,0.0,0.09,0.7,0.21,0.1692424242424242,0.0,0.14077272727272724,0.2626378425962952,0.04869652442129004
e2esr,g0033,feynman-iii.10.19,5,0.2,100.0,100.0,0.0,0.0,1.0,0.3,0.0,673.869,0.0,0.0,0.0,1.0,0.0,1.0,0.0,0.0,0.09,0.46,0.138,0.0293333333333333,0.0,0.09879999999999999,0.14458934953861574,0.03291823156844455
e2esr,g0034,CRK11,5,1.0,0.7809498667582108,6.469221743168756,0.1505269174895673,0.0849391401749891,0.770442779399098,0.2905902319422218,0.1177330288322782,3603.436,0.0412065600912973,2.550848605787225,1.6050155790773508,0.3073559691892373,0.0,1.0,0.0,0.0666666666666666,0.1473878365784934,0.4429423876756949,0.1700505592129165,0.1198412698412698,0.24533037502439592,0.1833402175308744,0.18966016040665268,14.690364213572071
e2esr,g0035,feynman-i.32.5,5,0.0,100.0,100.0,0.0,0.0,1.0,0.3,0.0,329.676,0.0,0.0,0.0,1.0,0.0,1.0,0.0,0.6,0.09,0.5800000000000001,0.174,0.0,0.0,0.09,0.17400000000000002,0.006113338127115199
e2esr,g0036,CRK10,5,1.0,119254.49122083864,18542818963.84307,0.0,0.0,0.0,0.0,0.0,3604.274,0.0,0.0,0.0,1.0,0.0,1.0,0.0,0.0,0.0,0.7,0.0,0.1166666666666666,0.2787260579121499,0.034999999999999976,0.1309580085370879,0.04026021323102539
e2esr,g0037,CRK34,5,1.0,579.2057773367364,70258352.62055455,0.0,0.0,0.0,0.0,0.0,3603.012,0.0,3.663798843765255,2.087048607381195,0.1521585654364675,0.0,1.0,0.0,0.6,0.0,0.540863426174587,0.0,0.135,0.27865663856863326,0.0405,0.10884666487228341,0.03999782551279226
e2esr,g0038,PO19,5,1.0,0.0650490149880759,5863.516946622214,0.2276256625289259,0.0,0.0,0.0,0.1138128312644629,560.513,0.1022945475231158,0.078931891685771,0.0,0.9868446847190382,0.0,1.0,0.0,0.0,0.0910502650115703,0.6947378738876153,0.2096339330046731,0.1342857142857142,0.19134469908183685,0.13133597929728463,0.25177513273661184,2.306687692908402
e2esr,g0039,CRK0,5,1.0,0.0061243940173145,3.5866732499995173,0.3009240626018313,0.103236299017268,0.3080928274717263,0.1646932575536055,0.2020801808095497,503.672,0.1837028519932552,2.5156100074648933,1.4820331554983868,0.33372613950612,0.0,1.0,0.0,0.1,0.1697776023068142,0.4634904558024479,0.1909769677636765,0.1511428571428571,0.3744130961397237,0.2151204594496713,0.21497187972418094,21.914328015859148
e2esr,g0040,feynman-i.29.16,5,1.0,0.1146596418013833,0.0592766944186291,0.2100421013787404,0.2305082873504426,1.0,0.4613558011453098,0.2202751943645915,660.938,0.1939884276511432,0.0328047167620395,0.4738364341402075,0.9155598081829588,0.0,1.0,0.0,0.0,0.2224235808950891,0.6662239232731835,0.3142032245974753,0.1722222222222222,0.43079447980948826,0.27409024756175576,0.34879240149086244,28.04405108042482
e2esr,g0041,PO41,5,1.0,0.049662653722704,429.0096811630922,0.2359978626890174,0.0,0.0158907074114195,0.0047672122234258,0.1179989313445087,358.332,0.1103645381519389,0.186764819686976,0.0,0.9688725300521708,0.0,1.0,0.0,0.0,0.0958293087426347,0.6875490120208683,0.2128397989667225,0.1444444444444444,0.22452391078085843,0.139162642075968,0.256486785743826,10.05398941569313
e2esr,g0042,feynman_test_15,5,1.0,0.0043781512315208,0.0643498369667252,0.3113363743548599,0.2279608963616619,0.7081858270469185,0.3720283755672389,0.2696486353582609,545.42,0.2430940122601729,0.1339952833920032,0.0512783849948239,0.969121055268862,0.0,1.0,0.0,0.0,0.2361430624121156,0.6876484221075448,0.3341596799666039,0.1805714285714285,0.4842752747359818,0.29031449098354417,0.3705107454867439,31.142517812273873
e2esr,g0043,CRK33,5,1.0,171957.7980709445,64496623243.386765,0.0,0.0,0.0,0.0,0.0,3604.506,0.0,0.0,0.0,1.0,0.0,1.0,0.0,0.0,0.0,0.7,0.0,0.1614285714285714,0.23546695343073373,0.04842857142857142,0.1540454478392659,0.04245477460781877
e2esr,g0044,feynman-i.15.3t,5,0.0,100.0,100.0,0.0,0.0,1.0,0.3,0.0,636.967,0.0,0.0,0.0,1.0,0.0,1.0,0.0,0.0,0.09,0.4,0.12,0.0,0.0,0.09,0.12,0.0057462398565449975
e2esr,g0045,feynman-bonus.20,5,0.0,100.0,100.0,0.0,0.0,1.0,0.3,0.0,640.202,0.0,0.0,0.0,1.0,0.0,1.0,0.0,0.0,0.09,0.4,0.12,0.0,0.0,0.09,0.12,0.0057462398565449975
e2esr,g0046,II.6.15b_3_0,5,1.0,0.2339693276684207,0.3436401616831401,0.18791721949435,0.1759925775214535,0.9582637530950104,0.4106739301935206,0.1819548985079018,519.788,0.164878320088275,0.1132657576236414,0.0811396055246632,0.9675991061419492,0.0,1.0,0.0,0.0,0.1983690668557962,0.6870396424567797,0.3059981296329471,0.152940836940837,0.3594167043978847,0.24425131793804727,0.3395472790646534,24.885223188003838
e2esr,g0047,BPG5,5,1.0,0.5554182817823144,5.409706801918627,0.1610985592428138,0.0904875908837193,0.7528616107433448,0.289199796841607,0.1257930750632666,588.877,0.1124181246100387,0.1311858762098554,0.6500428801114878,0.8697952072797761,0.0,1.0,0.0,0.1,0.1511993627496076,0.6779180829119105,0.2636041231096027,0.1154761904761904,0.18740749633842835,0.18584221989246472,0.29224656196777105,17.920871768335793
e2esr,g0048,MatSci21,5,1.0,0.0009329725522883,0.0005621451135368,0.3592950809178986,0.375010825721522,1.0,0.5625075780050653,0.3671529533197103,387.71,0.3414510737376185,0.5224328545130992,1.0033144705631027,0.7457087791539664,0.0,1.0,0.0,0.0,0.312470305768679,0.5982835116615866,0.3344347600876888,0.1811428571428571,0.0,0.3668131629115362,0.36235102149956067,4.0676458986247015
e2esr,g0049,BPG3,5,1.0,1.0000107111531733,732.3606114188324,0.142856810587871,0.0,0.2838199182976572,0.0851459754892971,0.0714284052939355,3604.191,0.0249999418528774,0.0090274039195951,1.3476789396755815,0.7738822760674705,0.0,1.0,0.0,0.0,0.0826865168819375,0.6095529104269882,0.1752785444909868,0.1395714285714286,0.2614252556093612,0.12455794545336613,0.21512809291076077,11.560435927593208
e2esr,g0050,BPG9,5,1.0,0.6795156940835185,2.5101092935441245,0.1548428934540927,0.114307669167127,0.8581267149957366,0.3374533829157099,0.1345752813106099,534.243,0.1215940767804444,0.1214690567664143,0.7856643558417165,0.8488110978986448,0.0,1.0,0.0,0.0,0.16317317225635,0.6395244391594579,0.2583339734381039,0.1288888888888889,0.21554213921105583,0.20183983892301668,0.287316515627913,19.23922722609689
gplearn,g0001,II.34.2_1_0,5,1.0,5.222081730403644e-05,0.0022973952048094,0.4487254525250005,0.3313403064099923,0.5891519906293374,0.4086838116757958,0.3900328794674964,3603.726,0.1365115078136237,3.5849844671380606,0.5360686475002518,0.4106552254166247,0.2,1.0,0.2,0.0,0.3620953245127389,0.4642620901666499,0.2793667277363175,0.3347619047619047,0.6030843396704629,0.4025238959413104,0.2945500196595856,33.79105543299991
gplearn,g0002,first_principles_hubble,5,1.0,0.2082678707392768,0.108426356302312,0.1915269802162983,0.2117760811833914,1.0,0.4482432568283739,0.2016515306998448,3602.116,0.0705780357449457,0.5162014178744984,0.3998848599935873,0.8473189536886524,0.1,1.0,0.0,0.0,0.2410837691350315,0.6389275814754609,0.3137152442067607,0.0977777777777777,0.3925747015137168,0.24041710246836479,0.31328118702659774,20.43705655975852
gplearn,g0003,feynman-ii.27.18,5,1.0,1.0000000000000002,1.0000000000000002,0.1428571428571429,0.1428571428571429,1.0,0.4,0.1428571428571429,3602.947,0.05,0.0,0.0,1.0,0.08,1.0,0.0,0.6,0.2011428571428571,0.8799999999999999,0.3946707850492971,0.0133333333333333,0.2714285714285715,0.18114285714285716,0.3745357507253861,12.531505681784754
gplearn,g0004,Korns-4,5,1.0,0.0015307742932479,0.001616436081186,0.3439349171159905,0.3422458188601166,0.9940881561081994,0.5377985200345414,0.3430903679880536,3602.582,0.1200816287958187,0.0,0.0025263986898838,0.999578933551686,0.26,1.0,0.0,0.2,0.3769135228567586,0.7598315734206744,0.4664855501149219,0.1095238095238095,0.5400685534197047,0.3317706657139015,0.43765946790897947,28.8366208226502
gplearn,g0005,Keijzer-11,5,1.0,0.0870143345238858,0.0339860919531444,0.2186006569214801,0.2477641979922353,1.0,0.4734349385945647,0.2331824274568577,3602.261,0.0816138496099002,0.1756403603626414,0.0318265219498266,0.9654221862812552,0.0,1.0,0.0,0.0,0.2294707443469614,0.6861688745125021,0.3286961946322531,0.1328095238095238,0.4378521708572713,0.2693136014898186,0.356090311755161,23.648236097375325
gplearn,g0006,Keijzer-2,5,1.0,0.3925812452175867,1.04733628985857,0.1718621751277972,0.1414224177174458,0.8934608490639426,0.3670339471213948,0.1566422964226215,3601.823,0.0548248037479175,1.062453679803218,0.4793201486644073,0.7430376952553958,0.0,1.0,0.0,0.0,0.1788550541875373,0.5972150781021583,0.2525697722242593,0.2125396825396825,0.3146712176700604,0.24261695894944207,0.2941652320888014,20.204991353816066
gplearn,g0007,Korns-2,5,1.0,0.0123279121105719,0.069523302395717,0.2792221764639865,0.2255621147742019,0.8121897840929999,0.4015504155698413,0.2523921456190942,3602.084,0.0883372509666829,1.8413491048185409,1.5102052819319298,0.4414076022082549,0.0,1.0,0.0,0.0,0.232153995256547,0.476563040883302,0.2296193267801286,0.1311904761904762,0.45738625523482007,0.2715111381136899,0.24832142018678355,22.98823235748077
gplearn,g0008,Nguyen-12,5,1.0,0.0132845860012849,0.0480886756836304,0.2769037125233319,0.2369969416298778,0.8603263018788263,0.4239957497045624,0.2569503270766048,3602.064,0.0899326144768117,0.5906485937961907,0.018121852258055,0.898538258990959,0.0,1.0,0.0,0.0,0.2379602099207015,0.6594153035963837,0.3216704700165689,0.1471596638655462,0.47825546332153807,0.2821081090803653,0.3502408570282516,25.267978912910944
gplearn,g0009,Nguyen-6,5,1.0,3.291010233931576e-05,0.0396409605450448,0.463047911942443,0.242989702186833,0.2297962691517233,0.2390316722763001,0.353018807064638,3601.981,0.1235565824726233,1.2212906630207492,0.3715149539683582,0.7345323971684821,0.2,1.0,0.2,0.0,0.3169286664598672,0.5938129588673928,0.3342954246693673,0.3354761904761905,0.473352255423294,0.3575715236027244,0.3550840245336147,30.282200159650547
gplearn,g0010,Nguyen-9,5,1.0,0.0730420585821377,0.0012450799652669,0.2240304996682237,0.3503430539362334,1.0,0.5452401377553634,0.2871867768022286,3601.932,0.10051537188078,11.002792435919083,9.203072201094953,0.0,0.4,1.0,0.4,0.1,0.3731842411938985,0.3299999999999999,0.2015930650246072,0.2476190476190476,0.5053854980009822,0.3274699554796128,0.1888424691422187,25.729952877606895
gplearn,g0011,Vladislavleva-4,5,1.0,0.1389418318504476,0.1303605359776985,0.20408335568259,0.2060609901857342,1.0,0.4442426931300139,0.2050721729341621,3602.53,0.0717752605269567,0.0032970815768977,0.0033951999284882,0.9988846197491024,0.5,1.0,0.0,1.0,0.3649061502120402,0.9995538478996412,0.6038051138873589,0.0,0.3896905475544814,0.21490615021204018,0.46337288583696795,3.2484450477552476
gplearn,g0012,feynman_I_27_6,5,1.0,0.0040664724859365,0.0637044600074086,0.3136272972731097,0.2282735829462178,0.7012619998808738,0.3701701080266146,0.2709504401096637,3603.765,0.0948326540383823,0.3716391616563221,0.3968546404742932,0.8719176996448974,0.2,1.0,0.2,0.0,0.2965019513172282,0.648767079857959,0.353266603212761,0.3383333333333333,0.49047182586098775,0.3380019513172282,0.37717978470172603,29.71985785230178
gplearn,g0013,feynman-i.43.31,5,1.0,1.0,0.9999999989887914,0.1428571428571429,0.1428571428885116,1.0,0.4000000000219581,0.1428571428728272,3602.426,0.0500000000054895,5.342712620870928e-07,4.948563389103198e-08,0.999999902707184,0.12,1.0,0.0,0.1,0.2131428571494446,0.7299999610828736,0.3370219821678912,0.0966666666666666,0.27142857142865684,0.20614285714944458,0.33144157382879325,17.082255252957772
gplearn,g0014,feynman-ii.34.11,5,1.0,0.9999993162424352,1.0124340983030615,0.142857164068017,0.1424738026024348,0.9986582348704636,0.3993291322828434,0.1426654833352259,3602.671,0.049932919167329,0.0001097488162357,1.9999895881568348,0.6666501105044882,0.0,1.0,0.0,0.0,0.1769416053120598,0.5666600442017953,0.2383623029405555,0.1226147186147186,0.27123717923388885,0.2137260208964754,0.2619698378452303,17.078924366686863
gplearn,g0015,III.21.20_3_0,5,1.0,3.5816179538100266e-15,0.9956303380950262,1.0,0.1429929913120476,0.0,0.1000950939184333,0.5714964956560238,3604.05,0.2000237734796083,9.74876463742109,0.1178778628043665,0.4803536895326056,0.0,1.0,0.0,0.0,0.43002852817553,0.4921414758130422,0.3227294524349481,0.3958333333333333,0.6999904844850731,0.54877852817553,0.36457637511849944,35.56159555001189
gplearn,g0016,feynman_II_15_4,5,1.0,0.0001538601399276,0.0005720904916585,0.4152052769235999,0.3744668050213278,0.857415348857928,0.5193513681723079,0.3948360409724638,3603.323,0.1381926143403623,9.85663242424263,10.794187162898604,0.0,0.4,1.0,0.4,0.1,0.4418875212211323,0.3299999999999999,0.2193662486823834,0.5248888888888888,0.38293101242365496,0.47935418788779893,0.22847685016425903,33.32011691588969
gplearn,g0017,strogatz_shearflow1,5,1.0,0.1702181526934622,3.79409884321842,0.1977852947865431,0.1014922399381373,0.662974308031189,0.2699368603660528,0.1496387673623402,3602.56,0.052373568576819,1.4793739830873,0.6322765828408636,0.6480582390119727,0.0,1.0,0.0,0.0,0.1600951760244331,0.5592232956047891,0.2237558391634488,0.1292222222222222,0.3104827101984293,0.19886184269109974,0.24937963458135007,17.423443630765384
gplearn,g0018,feynman-i.18.16,5,1.0,5.559568893063407e-15,5.900290047880898e-31,1.0,1.0,1.0,1.0,1.0,3602.458,0.35,0.0,0.0,1.0,0.8,1.0,0.8,0.6,0.94,0.8799999999999999,0.8531916549052737,0.8314285714285715,1.0,0.9494285714285714,0.8574599032691183,79.34467792551551
gplearn,g0019,feynman-ii.34.2a,5,1.0,0.8755573516543171,0.9998844838298384,0.146979671503348,0.1428607264952217,0.9855836924715736,0.3956776162881272,0.1449201989992848,3603.024,0.0507220696497497,0.1185999541942705,0.0002557906649146,0.9801907091901358,0.0,1.0,0.0,0.0,0.1774951534877773,0.6920762836760543,0.2915729403576948,0.1189090909090909,0.2568523260087136,0.21316788076050464,0.31953236273447677,17.506588447526656
gplearn,g0020,first_principles_leavitt,5,1.0,0.0001815700554405,0.0038028410838386,0.4100682695583936,0.3157065587752858,0.669734012828543,0.4219147949912629,0.3628874141668397,3602.105,0.1270105949583939,0.2960498876219488,0.4093586199488799,0.8824319154048619,0.0,1.0,0.0,0.0,0.2906017463207363,0.6529727661619448,0.3520012277195071,0.159047619047619,0.5562498147389078,0.33831603203502203,0.3798012218725002,30.063927350696034
gplearn,g0021,feynman-i.39.22,5,1.0,0.420697648411232,0.982024420806962,0.1697164225405496,0.1434198365801121,0.907961949138616,0.3727824703476632,0.1565681295603309,3603.319,0.0547988453461158,0.0847368731553688,0.0138833232043046,0.983563300606721,0.0,0.6,0.0,0.0,0.1797213101205188,0.6934253202426884,0.2939676114529363,0.0821428571428571,0.29553000479002506,0.20436416726337595,0.3134743934583175,17.25390367348937
gplearn,g0022,feynman-i.11.19,5,1.0,0.6871403951785048,0.6477704326070775,0.1544967514055031,0.1563270627989821,1.0,0.4094289439592875,0.1554119071022426,3602.607,0.0543941674857849,11.837045480322956,11.81142112081425,0.0,0.4,1.0,0.4,0.4,0.3046273837499875,0.42,0.2318108506811055,0.47,0.295282623494261,0.32562738374998745,0.23966783366463212,22.03430150277576
gplearn,g0023,I.11.19_4_0,5,1.0,0.0082823567330014,0.1159406116977313,0.291560433410259,0.2096974580457147,0.7134795862362675,0.3608320965028805,0.2506289457279869,3604.678,0.0877201310047954,0.0816539854826614,0.7324784882466373,0.8643112543784501,0.0,1.0,0.0,0.0,0.2248738023149677,0.6457245017513801,0.3062081160469718,0.1716666666666667,0.4656313190727149,0.2763738023149678,0.3394655463215409,25.10592036239933
gplearn,g0024,strogatz_predprey2,5,1.0,0.0229755438853092,0.5715878506047015,0.2599095856461099,0.1602083579240515,0.6510457029773316,0.3074595614400355,0.2100589717850807,3602.177,0.0735206401247782,0.0987962745889183,0.0919695977270392,0.9682056879473404,0.0,1.0,0.0,0.0,0.1962017026904546,0.6872822751789363,0.3044293565257959,0.1649999999999999,0.410975253407526,0.24570170269045458,0.34067418590286436,22.66955893571179
gplearn,g0025,strogatz_barmag2,5,1.0,0.169857682160767,0.5272603379612449,0.1978510576067412,0.1627124925942581,0.8770150224567426,0.3770032515530034,0.1802817751004997,3602.428,0.0630986212851748,0.6448063502078191,0.2909645133432868,0.844038189408149,0.0,1.0,0.0,0.0,0.1922413985085975,0.6376152757632596,0.2795645961204894,0.1831318681318681,0.3508957515305166,0.24718095894815795,0.3170050783483831,21.39366870599314
gplearn,g0026,strogatz_barmag1,5,1.0,0.0479143493792733,0.286692572717899,0.2371096003347091,0.1816131112914588,0.8057622883505111,0.3688578644091745,0.209361355813084,3602.419,0.0732764745345794,0.0751657107749734,0.1538586905655097,0.9618292664432528,0.0,1.0,0.0,0.0,0.205501199456636,0.6847317065773011,0.3104042214237135,0.1623260073260073,0.41100533997875727,0.25419900165443815,0.3452290702681613,22.988957657248356
gplearn,g0027,feynman_I_12_11,5,1.0,1.3768397661821386e-31,1.9910612948288947e-32,1.0,1.0,1.0,1.0,1.0,3603.972,0.35,7.699907422888365,8.3491713512809,0.0,0.6,1.0,0.6,0.1,0.8799999999999999,0.3299999999999999,0.3095674401483463,0.6704761904761904,1.0,0.901142857142857,0.3132641970332024,64.72325661366145
gplearn,g0028,feynman-ii.4.23,5,1.0,0.1908884614958697,0.6213519471459292,0.194230023022439,0.1576187383118842,0.8718605035134522,0.3718912678723546,0.1759243806671616,3602.738,0.0615735332335065,0.1479027098626928,0.2791604764502564,0.9288228022811752,0.0,0.8,0.0,0.0,0.189259389570682,0.6715291209124701,0.2921417107567082,0.1186868686868686,0.36526946079424766,0.2248654501767426,0.3184389747294052,19.862234807523706
gplearn,g0029,strogatz_vdp1,5,1.0,0.6343145829673585,0.8306508794495218,0.1569782360004434,0.1486129621989452,0.9707215416947969,0.3952455360477007,0.1527955990996943,3602.074,0.053478459684893,0.1594782827795321,0.3104041152323587,0.921686266998018,0.0,1.0,0.0,0.0,0.1813649552144876,0.6686745067992073,0.2847681753665942,0.1683333333333333,0.29438908497211275,0.23186495521448755,0.32198254036795076,19.377670921813188
gplearn,g0030,feynman-iii.7.38,5,1.0,1.0,1.0,0.1428571428571429,0.1428571428571429,1.0,0.4,0.1428571428571429,3602.729,0.05,1.7756160053956153e-05,0.0,0.999997040639991,0.0,0.8,0.0,0.0,0.1771428571428571,0.6999988162559965,0.2946178990348946,0.09,0.27142778446824545,0.20414285714285715,0.3162746617834724,16.748742068903976
gplearn,g0031,II.11.27_1_0,5,1.0,0.9770937847388288,0.9963862322423976,0.1435759820885342,0.1429694487172325,0.9978771332004464,0.3994417540621967,0.1432727154028834,3603.728,0.0501454503910091,0.0032412690748777,0.0007478657856615,0.99933514418991,0.0,1.0,0.0,0.0666666666666666,0.1772629190540727,0.7197340576759641,0.3030267739134274,0.1733333333333333,0.2722152261093832,0.22926291905407267,0.34461879755009345,18.98089599721364
gplearn,g0032,feynman-i.13.12,5,1.0,1.0,1.0,0.1428571428571429,0.1428571428571429,1.0,0.4,0.1428571428571429,3602.597,0.05,0.0,0.0,1.0,0.5,1.0,0.0,1.0,0.3271428571428572,1.0,0.5719640348333601,0.8,0.2714285714285715,0.41714285714285715,0.6458659745975609,27.152093357376156
gplearn,g0033,feynman-iii.10.19,5,1.0,1.0,1.0,0.1428571428571429,0.1428571428571429,1.0,0.4,0.1428571428571429,3602.606,0.05,0.0,0.0,1.0,0.0285714285714285,1.0,0.0,0.0952380952380952,0.1857142857142857,0.7285714285714285,0.313974799828129,0.2362857142857143,0.1254535574087641,0.24802857142857143,0.36284654491995627,17.69820544892075
gplearn,g0034,CRK11,5,1.0,0.418714847960409,1.2431961779042475,0.1698629741720807,0.1361043095529108,0.8818446738330779,0.3598264188369609,0.1529836418624958,3602.5,0.0535442746518735,1.455504110100954,1.147840404189041,0.5661092476183341,0.1666666666666666,1.0,0.0,0.1333333333333333,0.2258931153199205,0.5664436990473337,0.2692205750917648,0.0933333333333333,0.2994525450447544,0.20389311531992058,0.25577496327934685,16.911726157399336
gplearn,g0035,feynman-i.32.5,5,1.0,1.0,1.0,0.1428571428571429,0.1428571428571429,1.0,0.4,0.1428571428571429,3602.365,0.05,0.0,0.0,1.0,0.5,1.0,0.0,1.0,0.3271428571428572,1.0,0.5719640348333601,0.0,0.2714285714285715,0.17714285714285716,0.42088342464732104,2.623966119737597
gplearn,g0036,CRK10,5,1.0,0.1037173083307746,1.7607855899633966,0.2131534830397822,0.1253066803320585,0.6925361905239524,0.2954755333896267,0.1692300816859203,3602.603,0.0592305285900721,1.581302963398055,0.8793624719469046,0.5898890941091735,0.0,1.0,0.0,0.1,0.1739040532328009,0.5659556376436694,0.2360137158585589,0.1475494505494505,0.3447546136382562,0.21816888839763604,0.2643496865796487,19.20426433320486
gplearn,g0037,CRK34,5,1.0,0.0353577925290363,36.74036413534582,0.2465367754891838,0.031061181692671,0.2458354217152727,0.0954934536994515,0.1387989785909274,3602.111,0.0485796425068246,0.5149724714359422,1.744870517331732,0.6233595018720544,0.0,1.0,0.0,0.1,0.127262746305509,0.5793438007488217,0.2066745542691384,0.1484545454545454,0.32530349540263237,0.1717991099418726,0.24013022009285168,15.385316891258615
gplearn,g0038,PO19,5,1.0,0.0408240649768662,0.0255258288701105,0.2420774109598938,0.2566442961914291,1.0,0.4796510073340003,0.2493608535756615,3601.959,0.0872762987514815,0.2950196599912633,0.2426830871431482,0.910382875477598,0.0,1.0,0.0,0.1,0.2407262665841576,0.6941531501910392,0.3405783515649145,0.1457142857142857,0.4661528145817046,0.28444055229844334,0.3702124805402366,25.179256819853535
gplearn,g0039,CRK0,5,1.0,1.0,1.0,0.1428571428571429,0.1428571428571429,1.0,0.4,0.1428571428571429,3602.302,0.05,0.0,0.0,1.0,0.4,1.0,0.0,0.6,0.2971428571428571,0.8799999999999999,0.4796951412839497,0.016,0.25651449421356487,0.18194285714285716,0.3753618901426043,12.801740049681747
gplearn,g0040,feynman-i.29.16,5,1.0,0.0686166465869271,0.085796374340796,0.2259693221768988,0.2190379331831806,0.9757401385223036,0.4460485947849175,0.2225036276800397,3602.206,0.0778762696880139,0.0191077233945038,0.0215905814932655,0.9932169491853716,0.0,1.0,0.0,0.1,0.2242023073062347,0.7272867796741487,0.3443703341863369,0.1880401002506266,0.42375163941667976,0.2806143373814227,0.3852659446488986,24.945557500957026
gplearn,g0041,PO41,5,1.0,0.0136098371655836,0.039746988331163,0.2761533622047558,0.242906840906122,0.8836371754600278,0.4351259412722937,0.2595301015554389,3602.328,0.0908355355444036,0.2538371077554695,0.492315375057017,0.8756412528645856,0.0,1.0,0.0,0.1,0.2409991272635904,0.6802565011458344,0.3339492219092787,0.1666666666666666,0.4818819897369089,0.2909991272635904,0.3669598454618315,26.176094314501015
gplearn,g0042,feynman_test_15,5,1.0,0.0067406377870692,0.0849068881271704,0.2979499292396311,0.2193612197072301,0.7249395166514245,0.3710347087904884,0.2586555744734306,3603.995,0.0905294510657007,0.2389782424932858,0.0588506890484892,0.9503618447430376,0.02,1.0,0.0,0.0,0.236490384332999,0.680144737897215,0.3307562701965119,0.1321428571428571,0.47649943812868045,0.2701332414758561,0.35350076449854273,24.621094729684533
gplearn,g0043,CRK33,5,1.0,0.0425030171877689,1.7606366626098249,0.2408271599518877,0.1253093042040243,0.5956875048849708,0.2664227644083082,0.183068232077956,3602.088,0.0640738812272846,0.4058553049143771,0.0235971004332218,0.9284245991087337,0.0,1.0,0.0,0.0,0.1762576933032476,0.6713698396434935,0.2818615711017883,0.1577777777777777,0.3265285918296953,0.22359102663658084,0.31746000028175797,20.165189835047673
gplearn,g0044,feynman-i.15.3t,5,1.0,1.877408160352777e-08,4.934747817717641e-05,0.6947458070542317,0.4504810740244487,0.1450792152070299,0.358860516379223,0.5726134405393402,3602.575,0.200414704188769,0.0,0.0,1.0,0.1,1.0,0.0,1.0,0.4155564777354595,1.0,0.6446367021318749,0.05,0.7008294083775382,0.4005564777354596,0.6328953134093028,32.16863003152205
gplearn,g0045,feynman-bonus.20,5,1.0,0.9999999984896686,1.0000017709034654,0.1428571429039948,0.142857087921934,0.9999998075627872,0.39999990381419,0.1428571154129644,3602.605,0.0499999903945375,0.0,0.0,1.0,0.1,1.0,0.0,1.0,0.2071428283058549,1.0,0.4551294632364015,0.0,0.2714285192846325,0.17714282830585493,0.4208833903896125,2.623965811093645
gplearn,g0046,II.6.15b_3_0,5,1.0,0.1859123428441876,0.0747103218418788,0.1950494125836577,0.2233299566218158,1.0,0.4563309696352711,0.2091896846027368,3603.11,0.0732163896109578,0.0483127742765352,0.1950318785254117,0.959442557866342,0.0,1.0,0.0,0.0,0.2149190559240444,0.6837770231465369,0.3169946738547997,0.1830909090909091,0.3894882951420359,0.26984632865131714,0.35519983882038625,23.42130782332259
gplearn,g0047,BPG5,5,1.0,0.0016384667875433,0.999633816780136,0.3418258826811663,0.1428685043197263,0.3036491758011167,0.1911027057641434,0.2423471935004463,3601.904,0.0848215177251562,1.502117427107962,0.0119161806441523,0.7476610653746476,0.0,1.0,0.0,0.0,0.1940611648017095,0.599064426149859,0.2639021010312507,0.1492857142857143,0.4125839335207134,0.23884687908742383,0.2927745461283413,21.541384681774023
gplearn,g0048,MatSci21,5,1.0,0.0011409552585524,0.0072294559695507,0.353052241834456,0.295778170212135,0.7995407494020184,0.4469069439691,0.3244152060232955,3602.108,0.1135453221081534,0.8722130031997106,1.070391770818031,0.6762325376637097,0.0,1.0,0.0,0.0,0.2752929799245124,0.5704930150654839,0.299328383184564,0.1591515151515151,0.5046157696336069,0.32303843446996694,0.32424809249596637,27.84917867048157
gplearn,g0049,BPG3,5,1.0,0.0142391263097898,0.0302915382835293,0.2747511898215986,0.2513341908212584,0.91804050350285,0.4513460846257359,0.2630426903214285,3602.35,0.0920649416124999,0.0058198545194205,0.0058854895153481,0.9980491093275384,0.0,1.0,0.0,1.0,0.2453043013163602,0.9992196437310156,0.4948955457439288,0.15,0.4840792040949307,0.2903043013163602,0.5383784881809343,27.644356679975278
gplearn,g0050,BPG9,5,1.0,0.5118118520139872,1.0,0.1636349758132971,0.1428571428571429,0.9272775846535636,0.378183275396069,0.15324605933522,3602.026,0.053636120767327,2.383868401989909,1.1061617494074187,0.4183283081004453,0.0,1.0,0.0,0.0,0.1789089729441395,0.4673313232401781,0.1976700864535029,0.1503809523809524,0.3216003249208997,0.22402325865842526,0.22119303418118053,18.12951120928013
imcts,g0001,II.34.2_1_0,5,1.0,2.5651518107710484e-15,5.7753140380727125e-19,1.0,1.0,1.0,1.0,1.0,1465.638,0.7353709166666667,0.0,0.0,1.0,0.9,1.0,0.8,0.0,0.97,0.7,0.6894200461257273,0.8333333333333334,0.7252523154806316,0.95,0.6822756041366274,81.96511044621592
imcts,g0002,first_principles_hubble,5,1.0,0.1007200756407322,0.0979724306098042,0.2140631397675078,0.2149211512395333,1.0,0.4504448058676733,0.2144921455035205,3601.846,0.0750722509262322,0.224484479660675,0.0572932044111784,0.9530370526546912,0.5,1.0,0.0,0.0,0.370758697667305,0.6812148210618765,0.4147914179550334,0.1295238095238095,0.36274375517746565,0.25961584052444797,0.3470960585095583,22.148467985673186
imcts,g0003,feynman-ii.27.18,5,1.0,1.6222761302513005e-13,1.5548098356461356e-13,1.0,1.0,1.0,1.0,1.0,29.327,0.9947048472222222,0.0,0.0,1.0,1.0,1.0,1.0,0.0,1.0,0.7,0.7,0.4780952380952381,0.6238951015588097,0.8434285714285714,0.6428685713269859,75.8706381774329
imcts,g0004,Korns-4,5,1.0,1.3787462529843387e-14,1.452256100051655e-14,1.0,1.0,0.9999213016699264,0.999976390500978,1.0,76.522,0.9861835277777776,0.0,0.0,1.0,1.0,1.0,1.0,0.0,0.9999929171502936,0.7,0.6999975209982131,0.3133333333333333,0.3566514341257783,0.7939929171502934,0.6237439614165765,64.0030597353399
imcts,g0005,Keijzer-11,5,1.0,9.86293773472592e-13,3.037010769579348e-13,1.0,1.0,1.0,1.0,1.0,1265.649,0.7714800416666666,4.136397882310721,4.030609058601992,0.0,0.8,1.0,0.6,0.0,0.94,0.3,0.2908607914449797,0.1935714285714285,0.2806262707358507,0.7580714285714285,0.26120189235805424,47.12070349984778
imcts,g0006,Keijzer-2,5,1.0,1.5027617530553205e-11,3.2119687797122014e-11,0.9159364190529812,0.8923734774791868,0.9211956839991108,0.901020139435164,0.904154948266084,68.249,0.8930132854350458,0.0700998670519048,0.6454686763606059,0.880738576097915,1.0,1.0,1.0,0.0,0.9366806094517416,0.6522954304391659,0.6313062676719293,1.0,0.3761603383042196,0.9366806094517417,0.6313062676719293,74.79027697243647
imcts,g0007,Korns-2,5,1.0,6.645002218164821e-12,1.8409529773700577e-12,0.9412503478392574,0.9810683788815716,1.0,0.9867478652171,0.9611593633604144,99.113,0.9439590294194474,1.822904279491981,2.1941765861421096,0.3304865223943182,0.8,1.0,0.6,0.0,0.912524498700833,0.4321946089577273,0.4128588625993127,0.1333333333333333,0.04712183926235003,0.712524498700833,0.36482050987351794,35.52363924994547
imcts,g0008,Nguyen-12,5,1.0,8.764123870594782e-14,6.443902358112469e-14,1.0,1.0,1.0,1.0,1.0,670.605,0.8789185416666667,0.0,0.0,1.0,0.9,1.0,0.8,0.0,0.97,0.7,0.6894200461257273,0.363515406162465,0.3787680868178181,0.8090546218487394,0.6296322456052281,65.1111398547801
imcts,g0009,Nguyen-6,5,1.0,4.467099142966082e-14,3.612797443974919e-14,1.0,1.0,1.0,1.0,1.0,177.912,0.967877,0.0,0.6935421083005249,0.8844096486165791,0.9,1.0,0.8,0.0,0.97,0.6537638594466317,0.6438827287643291,1.0,0.25926334752804336,1.0,0.6537638594466317,73.9884110135319
imcts,g0010,Nguyen-9,5,1.0,5.549070389421048e-14,4.387764396922228e-15,1.0,1.0,1.0,1.0,1.0,180.884,0.9673403888888888,0.445811498678724,0.0,0.925698083553546,1.0,1.0,1.0,0.0,1.0,0.6702792334214185,0.6702792334214185,0.1459523809523809,0.3222630502852739,0.7437857142857143,0.5780690006467514,54.533509789269154
imcts,g0011,Vladislavleva-4,5,1.0,0.0074268806015316,0.0146853391194381,0.2949423969983231,0.2737940014379983,0.9259806155460888,0.4694499856704254,0.2843681992181607,3602.242,0.0995288697263562,0.0768230704954064,0.020466558081142,0.9837850619039086,0.5,1.0,0.0,0.0,0.4088119545004569,0.6935140247615634,0.4434218010603971,0.1703174603174603,0.4927133163987009,0.30990719259569494,0.38607446299971926,27.646067202478143
imcts,g0012,feynman_I_27_6,5,1.0,0.0052442414992186,0.0481636136007293,0.3057369512216724,0.2369486383179714,0.7592409048554956,0.3936363182792286,0.2713427947698219,3603.301,0.0949699781694376,0.2459952009832511,0.271612040017839,0.9137321264998184,0.5,1.0,0.0,0.0,0.3903856759724375,0.6654928505999274,0.4158055973597361,0.1885714285714285,0.4807104574788823,0.2969571045438661,0.36265214805124196,26.862505919520313
imcts,g0013,feynman-i.43.31,5,1.0,3.632184681866938e-14,3.6321846826759934e-14,1.0,1.0,0.9999999999991523,0.9999999999997456,1.0,174.6,0.968475,0.0,0.0,1.0,1.0,1.0,1.0,0.0,0.9999999999999236,0.7,0.6999999999999732,1.0,0.6199383753086892,0.9999999999999236,0.6999999999999732,86.54775942445602
imcts,g0014,feynman-ii.34.11,5,1.0,1.0102429115745123e-14,5.5413827504627825e-15,1.0,1.0,1.0,1.0,1.0,222.002,0.9599163055555556,0.0,0.0,1.0,1.0,1.0,1.0,0.0,1.0,0.7,0.7,0.662984126984127,0.6148861641063005,0.8988952380952381,0.6636706010263425,79.87556933392878
imcts,g0015,III.21.20_3_0,5,1.0,3.37934381896571e-14,2.6607920247488772e-14,1.0,1.0,1.0,1.0,1.0,2080.268,0.6243960555555556,10.699864539210662,11.224904388442727,0.0,0.8,1.0,0.6,0.0,0.94,0.3,0.2908607914449797,0.6647619047619047,0.7059491912156047,0.8994285714285714,0.28451462427891366,66.09481413366758
imcts,g0016,feynman_II_15_4,5,1.0,1.08142410009877e-14,2.287547866239916e-14,1.0,1.0,0.9987121461238178,0.9996136438371452,1.0,2253.97,0.5930331944444445,0.0,0.0,1.0,0.9,1.0,0.8,0.0,0.9698840931511435,0.7,0.6893788549441159,0.8333333333333334,0.6945080829452571,0.9498840931511436,0.6822339815958014,78.50369479898532
imcts,g0017,strogatz_shearflow1,5,1.0,2.3582352929683873e-13,3.375252994934352e-13,1.0,1.0,0.9914136135330478,0.9974240840599142,1.0,131.845,0.9761946527777776,0.0,0.0862886096567514,0.985618565057208,0.9,1.0,0.8,0.0,0.9692272252179744,0.6942474260228833,0.683481998511314,0.6683333333333333,0.49637095773757384,0.8997272252179743,0.6585211217839043,77.26169737315595
imcts,g0018,feynman-i.18.16,5,1.0,5.5595688879564345e-15,6.616005809426683e-17,1.0,1.0,1.0,1.0,1.0,523.562,0.9054679722222222,0.0,0.0,1.0,1.0,1.0,1.0,0.0,1.0,0.7,0.7,0.8337777777777777,0.5953319332116921,0.9501333333333333,0.6823234814465446,82.11934641194148
imcts,g0019,feynman-ii.34.2a,5,1.0,4.3413291099145834e-13,4.215193862862586e-13,1.0,1.0,1.0,1.0,1.0,140.714,0.9745933055555556,0.4881688655145044,0.4977121849092345,0.8356864915960436,0.9,1.0,0.8,0.0,0.97,0.6342745966384175,0.6246880309583355,0.2004761904761904,0.14285714285827303,0.7601428571428571,0.5529997401742016,49.89827345234797
imcts,g0020,first_principles_leavitt,5,1.0,0.0002770693391926,0.000462240007146,0.3969579665056331,0.3810808906275644,0.9444302345837384,0.5500856938144166,0.3890194285665987,3602.281,0.1361567999983095,0.144041333894068,0.470969577697824,0.8974981814013514,0.5,1.0,0.0,0.0,0.4738088947465783,0.6589992725605406,0.4536140940802062,0.1542857142857143,0.5421013703617458,0.3700946090322925,0.40090485413812865,31.606540109303566
imcts,g0021,feynman-i.39.22,5,1.0,4.068977324145053e-14,3.632184656894472e-14,1.0,1.0,1.0,1.0,1.0,156.98,0.9716563888888888,0.0,0.0,1.0,1.0,1.0,1.0,0.0,1.0,0.7,0.7,0.2281904761904762,0.14285713517156248,0.7684571428571428,0.6136318114309264,51.85253635115402
imcts,g0022,feynman-i.11.19,5,1.0,1.908431599812557e-15,2.898359701843891e-32,1.0,1.0,1.0,1.0,1.0,335.721,0.9393837083333332,0.0,0.0,1.0,1.0,1.0,1.0,0.0,1.0,0.7,0.7,1.0,0.6885304566228393,1.0,0.7,87.62822942190628
imcts,g0023,I.11.19_4_0,5,1.0,0.0235526089773044,0.0733249443755485,0.2591400698614283,0.2239105898431399,0.8766968199391196,0.4197464588719338,0.2415253298522841,3604.457,0.0845338654482994,0.0676742186052461,0.0773230635988515,0.975833786299317,0.5,1.0,0.0,0.0,0.3795799656061515,0.6903335145197269,0.4253149016197317,0.1726103896103896,0.46925972468740995,0.28136308248926833,0.3661782246924162,25.465615548964088
imcts,g0024,strogatz_predprey2,5,1.0,5.975038583081766e-13,2.044864330378085e-13,1.0,1.0,1.0,1.0,1.0,663.819,0.8801437916666667,1.9847075051450835,2.415581611154588,0.2666184806167215,0.8,1.0,0.6,0.0,0.94,0.4066473922466886,0.3942592744930299,0.6799999999999999,0.4506741343497722,0.9039999999999999,0.3866359267649776,68.60744252215444
imcts,g0025,strogatz_barmag2,5,1.0,1.7188602377765432e-12,5.003555543189997e-13,0.983197102485042,1.0,1.0,1.0,0.991598551242521,572.396,0.8891175571261157,0.474813718901018,0.0,0.9208643801831636,1.0,1.0,1.0,0.0,0.993278840994017,0.6683457520732655,0.66609593632208,1.0,0.42743470466959615,0.9932788409940168,0.6660959363220799,79.31117612915519
imcts,g0026,strogatz_barmag1,5,1.0,3.513648246908852e-12,9.172296663530468e-12,0.9610172655788112,0.9312515647958556,0.9117771734160596,0.9254092473819168,0.9461344151873334,518.261,0.857599979271469,1.378672094166598,1.4670737636093456,0.5257090237040094,0.9,1.0,0.8,0.0,0.9320296804460996,0.5102836094816038,0.4926363912205652,0.835,0.4796088828567971,0.9125296804460996,0.4874556609516019,72.80196471572987
imcts,g0027,feynman_I_12_11,5,1.0,0.0740263415336347,0.2509858087781809,0.2236152652440622,0.1857393452623286,0.8674342800649658,0.3902478257031198,0.2046773052531954,3603.388,0.0716370568386184,0.2792512458060343,0.51685780210952,0.8673151586807409,0.5,1.0,0.0,0.0,0.3565204538085608,0.6469260634722964,0.3862752424203236,0.182031746031746,0.43608410099210476,0.2611299776180846,0.3305849012183039,23.39717083684592
imcts,g0028,feynman-ii.4.23,5,1.0,3.6667990433289165e-14,3.6668024411787815e-14,1.0,1.0,0.9999999964413212,0.9999999989323962,1.0,55.263,0.9900219583333334,0.0,0.0,1.0,1.0,1.0,1.0,0.0,0.9999999996797188,0.7,0.6999999998879015,1.0,0.6260652456705248,0.9999999996797189,0.6999999998879015,87.00824532077125
imcts,g0029,strogatz_vdp1,5,1.0,1.2322784801847206e-12,4.621567326097318e-13,0.993520795409013,1.0,1.0,1.0,0.9967603977045064,799.553,0.8528643426842869,0.1228403819033729,1.2967275106958152,0.7634053512334686,1.0,1.0,1.0,0.0,0.9974083181636052,0.6053621404933875,0.6045771785385431,1.0,0.4863091139800051,0.9974083181636053,0.6045771785385431,79.32380037297392
imcts,g0030,feynman-iii.7.38,5,1.0,0.9774416707796234,1.0000269677240532,0.1435649392753381,0.1428563063017266,0.9975197845923623,0.3992553497889173,0.1432106227885323,3601.701,0.0501237179759863,11.861946853077686,11.86780358178898,0.0,0.7,1.0,0.4,0.0,0.3872025806468104,0.3,0.1866768123206868,0.4846666666666667,0.7272807260105386,0.32260258064681047,0.17039434338678305,23.595207601196588
imcts,g0031,II.11.27_1_0,5,1.0,0.006889315375538,0.1083285618840855,0.2972731381345167,0.2118040730208573,0.7008582721169494,0.358520332749685,0.254538605577687,3603.681,0.0890885119521904,0.3048563428299937,0.1116191609297421,0.930587416040044,0.5,1.0,0.0,0.0,0.3764653550787121,0.6722349664160177,0.4124616800594958,0.2028571428571428,0.48421497323808754,0.287322497935855,0.3603345580701695,26.367620112008822
imcts,g0032,feynman-i.13.12,5,1.0,3.794469734278166e-13,2.0124322937287322e-13,1.0,1.0,1.0,1.0,1.0,1919.222,0.6534738055555556,0.0,0.0,1.0,0.9,1.0,0.8,0.0,0.97,0.7,0.6894200461257273,1.0,0.6168702299080537,1.0,0.7,80.98787537528585
imcts,g0033,feynman-iii.10.19,5,1.0,7.827643666878304e+35,1.1327467299288866e+32,0.0,0.0,1.0,0.3,0.0,3602.08,0.0,0.0,0.0,1.0,0.5,1.0,0.0,0.0,0.24,0.7,0.3429285639896449,0.1569047619047619,0.0,0.13707142857142857,0.259162111428349,0.04797940023080466
imcts,g0034,CRK11,5,0.6,1852486431.0794344,85539995132755.17,0.0,0.0,0.0,0.0,0.0,3601.876,0.0,0.0,0.0,1.0,0.5,1.0,0.0,0.0,0.15,0.5800000000000001,0.2246330340800302,0.0471428571428571,0.18542180261721763,0.014142857142857129,0.06897577214397196,0.02906557227607716
imcts,g0035,feynman-i.32.5,5,1.0,7.895127404180645e-14,7.895120122830167e-14,1.0,1.0,1.0,1.0,1.0,937.799,0.8306751805555554,0.6166017207993129,0.0,0.8972330465334479,1.0,1.0,1.0,0.0,1.0,0.6588932186133791,0.6588932186133791,1.0,0.6145395896857734,1.0,0.6588932186133791,83.3935937654292
imcts,g0036,CRK10,5,0.8,973619.7476383252,298907853.0338318,0.0,0.0,0.3782130122046498,0.1134639036613949,0.0,3601.694,0.0,0.0,0.0,1.0,0.5,1.0,0.0,0.0,0.1840391710984185,0.64,0.2745586357809789,0.0604444444444444,0.0,0.05217250443175178,0.1461843282135453,0.031636309912473834
imcts,g0037,CRK34,5,0.4,100.0,100.0,0.0,0.0,1.0,0.3,0.0,3601.853,0.0,0.0,0.0,1.0,0.5,1.0,0.0,0.0,0.24,0.52,0.2547469332494505,0.0321428571428571,0.0,0.09964285714285713,0.16414453561245518,0.03413804871006258
imcts,g0038,PO19,5,1.0,0.0002953946720716,0.0100329237067002,0.3949712387262989,0.2856123207317066,0.61724378737566,0.3851017607248926,0.3402917797290027,3601.799,0.1191021229051509,0.1530993788814503,0.1501590959861869,0.9494569208553938,0.5,1.0,0.0,0.0,0.4235190237079873,0.6797827683421576,0.442391336016363,0.1536507936507936,0.5291811771237241,0.31961426180322544,0.38431136397896254,28.76165131325224
imcts,g0039,CRK0,5,0.6,437.7021884079237,483940.9717928901,0.0,0.0,0.2390965814352548,0.0717289744305764,0.0,3601.759,0.0,0.0,0.0,1.0,0.5,1.0,0.0,0.0,0.1715186923291729,0.5800000000000001,0.2402059285270323,0.0923333333333333,0.0,0.049218692329172906,0.12867465989670915,0.030791040204863597
imcts,g0040,feynman-i.29.16,5,1.0,0.0652941009129878,0.1101637107437136,0.2275090038497078,0.2112829602694057,0.9432088474696196,0.4308607264294699,0.2193959820595568,3601.839,0.0767885937208448,0.0004801559635354,0.0021086584186055,0.9995685309363098,0.5,1.0,0.0,0.0,0.3702618194687241,0.699827412374524,0.4258389823829625,0.1523809523809524,0.4172570883267916,0.2659761051830098,0.3609210905502355,23.599156481832402
imcts,g0041,PO41,5,1.0,0.0007280474634753,0.0125803325962886,0.3669885933483735,0.278593419782093,0.6906168926585174,0.4022004616450203,0.3227910065652333,3601.85,0.1129768522978316,0.0803805712692642,0.1432147575430611,0.9627341118646124,0.5,1.0,0.0,0.0,0.4174555758328555,0.685093644745845,0.4426444995537191,0.1706666666666667,0.5223228147395039,0.31865557583285553,0.38673252609592235,28.83570012971995
imcts,g0042,feynman_test_15,5,1.0,0.0032607856554174,0.0495633549889491,0.3204769820130263,0.2360599502506584,0.7045403888628183,0.3766040818343064,0.2782684661318423,3603.723,0.0973939631461448,1.998485497333644,1.2401150991305698,0.4602332339226311,0.5,1.0,0.0,0.0,0.3911720173555024,0.4840932935690524,0.3027700803137713,0.1884095238095238,0.4021279444354397,0.2976948744983596,0.26412818363875445,24.845588746541157
imcts,g0043,CRK33,5,1.0,596013.1294966971,144929594406.0527,0.0,0.0,0.0,0.0,0.0,3601.905,0.0,0.0,0.0,1.0,0.5,1.0,0.0,0.0,0.15,0.7,0.2711088342345191,0.1466666666666666,0.16874481711861136,0.043999999999999984,0.14683323874382118,0.0392100780790954
imcts,g0044,feynman-i.15.3t,5,1.0,1.0855020125711282e+30,9.90552084308631e+29,0.0,0.0,1.0,0.3,0.0,3601.952,0.0,0.0,0.0,1.0,0.5,1.0,0.0,0.0,0.24,0.7,0.3429285639896449,0.0813095238095238,0.0,0.11439285714285713,0.23675409183369986,0.0423571464316226
imcts,g0045,feynman-bonus.20,5,1.0,7.603193238311207e+53,2.0900580677955656e+65,0.0,0.0,0.0,0.0,0.0,3601.993,0.0,0.0,0.0,1.0,0.5,1.0,0.0,0.0,0.15,0.7,0.2711088342345191,0.1315238095238095,0.0,0.03945714285714284,0.13904675472660263,0.005132877182714667
imcts,g0046,II.6.15b_3_0,5,1.0,0.2191781376789601,0.1307567971209729,0.1899430548227459,0.2059668375696971,1.0,0.444176786298788,0.1979549461962215,3602.895,0.0692842311686775,0.1944110987526842,0.3553604397041324,0.9083714102571973,0.5,1.0,0.0,0.0,0.3592302578187347,0.6633485641028789,0.3975834046246033,0.1199538239538239,0.37725544555046503,0.24521640500488193,0.32848576493702475,21.04569672396905
imcts,g0047,BPG5,5,1.0,11.297206153573944,268509.911518328,0.0676449247202569,0.0,0.0,0.0,0.0338224623601284,3601.828,0.0118378618260449,2.223151988944849e-06,0.0,0.9999996294746684,0.5,1.0,0.0,0.0,0.1770579698881028,0.6999998517898673,0.294547735531399,0.13,0.06427761526499358,0.06605796988810277,0.1799121772936094,1.031403716472563
imcts,g0048,MatSci21,5,1.0,3.1689684059368986e-06,7.385680788030018e-06,0.535648720759176,0.5094006761895927,0.9081318635674004,0.6290200324029349,0.5225246984743843,3601.803,0.1828836444660345,0.0966566394664605,0.3432833118083502,0.9266766747875316,0.5,1.0,0.0,0.0,0.5529654980245509,0.6706706699150127,0.498721775742395,0.18,0.640278757688288,0.4569654980245509,0.45336816324170753,38.42689901891947
imcts,g0049,BPG3,5,1.0,2608448.289744122,3.343459343159772e+17,0.0,0.0,0.0,0.0,0.0,3601.835,0.0,0.0,0.0,1.0,0.5,1.0,0.0,0.0,0.15,0.7,0.2711088342345191,0.0744927536231884,0.17088512858837332,0.02234782608695652,0.10464432513332338,0.0331707784179467
imcts,g0050,BPG9,5,1.0,1159817.058524497,62155027982.7422,0.0,0.0,0.0,0.0,0.0,3601.728,0.0,0.0,0.0,1.0,0.5,1.0,0.0,0.0,0.15,0.7,0.2711088342345191,0.0807619047619047,0.0,0.02422857142857141,0.10895870777500984,0.0045437184873354354
llmsr,g0001,II.34.2_1_0,5,1.0,2.5677384873161485e-15,5.708995203619596e-16,1.0,1.0,1.0,1.0,1.0,3619.808,0.35,0.0,8.283640134727893,0.5,0.6,1.0,0.6,0.0,0.8799999999999999,0.5,0.4690415759823429,0.6719999999999999,0.45128813165984266,0.9016,0.47476309881876877,60.775428692739176
llmsr,g0002,first_principles_hubble,5,1.0,0.0423529694173136,0.1078507938441748,0.2409368668114676,0.2119411895636631,0.8985151296342411,0.4179133715848365,0.2264390281875654,3613.399,0.0792536598656478,0.4159329192311174,0.0699739564864309,0.919015520713742,0.0,1.0,0.0,0.0,0.221748758200038,0.6676062082854968,0.3143771444835342,0.1403809523809523,0.42010242295538297,0.2638630439143237,0.34293329375533355,23.333522828752177
llmsr,g0003,feynman-ii.27.18,5,1.0,0.9867037575286692,0.9999999996635396,0.1432723727093134,0.1428571428675802,0.998546695553935,0.3995640086734866,0.1430647577884468,3615.892,0.0500726652259563,11.34697483052887,11.3468063676244,0.0,0.0,1.0,0.0,0.1,0.1771781516857713,0.3299999999999999,0.1389053660539451,0.37,0.48442271961007005,0.2881781516857713,0.1771513497509417,21.20899237939146
llmsr,g0004,Korns-4,5,1.0,9.16541394569558e-11,1.544701218870503e-10,0.8598462797023614,0.8436539650547256,0.9438044719433878,0.8736991171213242,0.8517501223785435,3613.185,0.2981125428324902,2.4043933585788477,2.6693976044238674,0.1543681728328809,0.0,1.0,0.0,0.3,0.6060482470173418,0.4517472691331523,0.3516811861776959,0.1133333333333333,0.43797920456971107,0.6400482470173419,0.36141143721125657,39.871508573724384
llmsr,g0005,Keijzer-11,5,0.8,4.892982624418368,5.461150207425964,0.0936018804621652,0.0901939912964697,0.988072387920068,0.3595575102835492,0.0918979358793175,3618.621,0.0321642775577611,0.9276321347332076,0.9237808465163024,0.6914311697917483,0.0,1.0,0.0,0.0,0.1453080052699308,0.5165724679166994,0.196913742374549,0.1121428571428571,0.14964399947418766,0.17895086241278796,0.21852350283606323,12.583244523374859
llmsr,g0006,Keijzer-2,5,1.0,0.1571006936244454,4.447218098762537,0.2002729926769192,0.0965651122518252,0.6370224185128378,0.258702304130129,0.1484190524643722,3613.476,0.0519466683625302,1.204347705509578,1.0496305711177232,0.6243369538954499,0.0,1.0,0.0,0.1,0.1577198883098063,0.5797347815581799,0.2302356585389422,0.146,0.2281023389741408,0.20151988830980638,0.2602485472105395,16.903444626144353
llmsr,g0007,Korns-2,5,1.0,1.1563687122333175,1.1399938150719433,0.1383502619650046,0.1387926789200397,1.0,0.3971548752440278,0.1385714704425222,3613.44,0.0485000146548827,0.0157407106249433,0.0269492461959785,0.992885007196513,0.0,1.0,0.0,0.0,0.1744865673592102,0.6971540028786052,0.2912123069497553,0.1407142857142857,0.2624021515562547,0.2167008530734959,0.3245331280657767,17.81179666196325
llmsr,g0008,Nguyen-12,5,0.8,3.37028951303955e-05,0.0008130012557412,0.4623094850688554,0.363564913114649,0.6543940012482237,0.4508136395547214,0.4129371990917522,3613.748,0.1445280196821132,0.0309572921115739,0.1287121340073058,0.9733884289801868,0.0,1.0,0.0,0.1,0.3201678858939586,0.6593553715920748,0.3730855535190477,0.2186274509803921,0.48481257009719014,0.38575612118807623,0.4095207969581611,33.0678585544867
llmsr,g0009,Nguyen-6,5,1.0,2.673761720966228e-07,0.0041162410058899,0.6123483784714296,0.3132499432303903,0.0,0.2192749602612732,0.46279916085091,3615.16,0.1619797062978185,1.7576144040102175,0.3098051857216508,0.6554300683780219,0.0,1.0,0.0,0.0,0.3107218394669538,0.5621720273512087,0.3133683433982223,0.1699999999999999,0.3128475058565164,0.3617218394669538,0.33810889584465353,27.04255610123509
llmsr,g0010,Nguyen-9,5,1.0,6.39179215821607e-05,8.391732159105759e-05,0.4424555253864192,0.4340105990051919,0.970442758070529,0.5949402467247931,0.4382330621958055,3614.277,0.1533815717685319,0.9712562953629078,0.5267984702593131,0.7503242057296299,0.0,1.0,0.0,0.1,0.3554642841720056,0.6301296822918521,0.3756885187478088,0.1287619047619047,0.37420456075659114,0.394092855600577,0.39557534764576463,30.2719437140066
llmsr,g0011,Vladislavleva-4,5,0.8,0.0226442748971778,0.0288926635363418,0.2603601129645195,0.2528008871342194,0.9735427095949868,0.4690234338724496,0.2565805000493695,3613.019,0.0898031750172793,0.410970299108548,0.4352406317557433,0.8589648448559515,0.0,1.0,0.0,0.0,0.2448510753475427,0.5835859379423807,0.2887724958475244,0.1344444444444444,0.4242463560627781,0.285184408680876,0.31165041379547914,24.079542376887424
llmsr,g0012,feynman_I_27_6,5,1.0,0.0022359642761614,0.0491574610245517,0.332181081387251,0.2363150397464865,0.6644688543036732,0.3647611841136424,0.2842480605668687,3617.201,0.099486821198404,0.0180960528991409,0.0475350069329878,0.9890614900279786,0.0,1.0,0.0,0.1,0.2423007877889931,0.7256245960111916,0.3571818714059829,0.1904761904761905,0.5090752277165186,0.2994436449318503,0.3970722580089211,27.82532285060179
llmsr,g0013,feynman-i.43.31,5,1.0,0.6527863543282758,0.732135939333461,0.1560877808953747,0.1525291624164825,0.9875448353238948,0.4030338642887061,0.1543084716559286,3614.546,0.054007965079575,0.0687843896258494,0.0508003465747602,0.9800692106332316,0.0,1.0,0.0,0.0,0.1833452716447617,0.6920276842532926,0.2963181991992755,0.1413333333333333,0.290778264495724,0.2257452716447617,0.3288007502507798,18.92276518337885
llmsr,g0014,feynman-ii.34.11,5,1.0,1.0031803840539988,1.0000094106712274,0.1427586406085239,0.1428568509297604,1.0,0.3999997956508322,0.1428077457691421,3614.293,0.0499827110191997,0.0018565397972582,5.214994837087612e-06,0.9996897075346508,0.0,1.0,0.0,0.1,0.1771033949386592,0.7298758830138603,0.3071584425719993,0.1315238095238095,0.27142448920746626,0.2165605377958021,0.33965551786957976,18.05215320974012
llmsr,g0015,III.21.20_3_0,5,0.8,0.0787539667997385,0.7445431679201956,0.2216948258415391,0.1520078655137001,0.756095638853797,0.3332341975157292,0.1868513456776196,3619.758,0.0653979709871668,2.7121174522211087,0.3436537909513495,0.4907047928045903,0.0,1.0,0.0,0.0,0.1886481895913344,0.4362819171218361,0.1894931580628975,0.1426666666666666,0.3662069348618951,0.23144818959133437,0.2098911402425826,19.37992521224137
llmsr,g0016,feynman_II_15_4,5,1.0,2.5014480601663078e-31,5.908606957084231e-32,1.0,1.0,1.0,1.0,1.0,3617.198,0.35,0.0,0.0,1.0,1.0,1.0,1.0,0.4,1.0,0.82,0.82,1.0,0.5979016129221696,1.0,0.82,74.54501451105926
llmsr,g0017,strogatz_shearflow1,5,1.0,0.2196099184553288,1.5712253925927366,0.1898820035226369,0.1288401079187136,0.7863533653866936,0.3260940851591076,0.1593610557206752,3613.372,0.0557763695022363,0.508251892256181,0.6991580463948704,0.7987650102248247,0.0,1.0,0.0,0.0,0.173781026956787,0.6195060040899298,0.2582537874761443,0.1586666666666666,0.31390408819412313,0.22138102695678702,0.29148466983204924,19.202711610794157
llmsr,g0018,feynman-i.18.16,5,1.0,0.1205168977107277,0.4526053677248166,0.2084965754470709,0.1674485928418546,0.8563320608824037,0.3741136332540193,0.1879725841444627,3614.232,0.0657904044505619,0.0,0.0,1.0,0.2,1.0,0.2,0.3,0.2556327201550341,0.7899999999999999,0.3994250626197069,0.3713333333333333,0.35535296618101814,0.30703272015503413,0.4377432131384298,25.82169338894465
llmsr,g0019,feynman-ii.34.2a,5,1.0,1.0068492116958996,1.0005138618534324,0.1426453975446434,0.1428412064251112,1.0,0.3999888444975778,0.1427433019848773,3615.125,0.049960155694707,0.0002983927499001,2.6441826413029037e-06,0.9999498271779096,0.0,1.0,0.0,0.1,0.1770548123671307,0.7299799308711639,0.3071600913390755,0.1297619047619047,0.2712265759028418,0.2159833837957021,0.3392509643289488,18.002037484469202
llmsr,g0020,first_principles_leavitt,5,1.0,0.0003253231995977,0.0227570306587229,0.3919774975004181,0.2602060289570775,0.5387998604272781,0.3437841783981377,0.3260917632287478,3613.443,0.1141321171300617,0.0238965316184645,0.8086070763213409,0.8612493986766991,0.0,1.0,0.0,0.0,0.2599262525196085,0.6444997594706796,0.3285850744708919,0.1547619047619048,0.5331150854808456,0.30635482394818,0.3567262933642071,27.70953103721482
llmsr,g0021,feynman-i.39.22,5,1.0,0.8540727165508003,1.117121402738945,0.1477503679641405,0.1394214019667007,0.9708486190089906,0.3888495670793876,0.1435858849654206,3609.229,0.0502550597378972,0.0014903029823261,0.0487027225244648,0.991634495748868,0.0,1.0,0.0,0.0,0.1757550173094725,0.6966537982995473,0.2920591891881522,0.1352857142857143,0.2806122609822983,0.21634073159518677,0.3240306980048887,18.130333262111087
llmsr,g0022,feynman-i.11.19,5,1.0,0.3247874717610386,0.3290946052509507,0.1777429093880036,0.1773342312075938,0.9985696263685704,0.4237048497558868,0.1775385702977987,3607.522,0.0621384996042295,2.488400731432051,2.483128868940517,0.1714117332712386,0.0,1.0,0.0,0.2,0.1982086186819674,0.4285646933084954,0.1907996865567457,0.2362857142857143,0.3373513050715308,0.26909433296768176,0.22231494829897672,20.88258067570912
llmsr,g0023,I.11.19_4_0,5,1.0,0.0371212118944056,0.1713201971467614,0.2450269895593447,0.1975851024650495,0.8339533951722575,0.3884955902772119,0.2213060460121971,3614.422,0.077457116104269,0.0275780186401559,0.0413475540981019,0.9885124045436235,0.0,1.0,0.0,0.3,0.2145594729069014,0.7854049618174495,0.3638040147624451,0.188,0.42120628942926697,0.2709594729069015,0.4088328741252966,24.90634356765529
llmsr,g0024,strogatz_predprey2,5,1.0,0.0007545805572302,0.1206877999607802,0.3658781706546204,0.208452616390552,0.4490105602187466,0.2806199995390104,0.2871653935225862,3608.65,0.1005078877329051,9.462524111129992,10.535715961234922,0.0,0.4,1.0,0.4,0.1,0.3505372681235513,0.3299999999999999,0.1953804199469709,0.52,0.4829138131623054,0.38653726812355127,0.205168000669341,28.46249563999852
llmsr,g0025,strogatz_barmag2,5,1.0,5.613958768747295e-12,3.007595991414128e-11,0.946480770094966,0.8944128930487609,0.832009232659728,0.875691794932051,0.9204468315718636,3609.257,0.3221563910501522,1.5026757553047752,1.4005682192990516,0.5161260042326956,0.6,1.0,0.6,0.0,0.8212998465176018,0.5064504016930782,0.4589736898044862,0.8371428571428572,0.3890679413453078,0.8924427036604587,0.4784395701799762,58.86588218133516
llmsr,g0026,strogatz_barmag1,5,1.0,8.8411611783214e-13,3.4035351912604454e-12,1.0,0.962004982471162,0.9078265483491278,0.9457514522345516,0.981002491235581,3609.329,0.3433508719324533,0.2924729651332072,0.7331459132328231,0.8290635202723282,1.0,1.0,1.0,0.0,0.9837254356703656,0.6316254081089313,0.6264646103736471,1.0,0.4228653825619038,0.9837254356703655,0.6264646103736471,66.44092057574824
llmsr,g0027,feynman_I_12_11,5,1.0,1.373883877871187e-31,2.4826677527536396e-32,1.0,1.0,1.0,1.0,1.0,3612.892,0.35,0.0,0.0,1.0,0.8,1.0,0.8,0.3,0.94,0.7899999999999999,0.7659334174717799,0.8371428571428572,0.33248414517584224,0.9511428571428571,0.7704597699704099,64.94784634877044
llmsr,g0028,feynman-ii.4.23,5,1.0,0.9999999997118856,0.999999999777475,0.1428571428660804,0.1428571428640458,0.9999999999928788,0.4000000000026956,0.1428571428650631,3609.538,0.050000000002772,11.99999999990336,11.999999999934456,0.0,0.4,1.0,0.4,0.0,0.2971428571472408,0.3,0.1635324345298255,0.5481428571428572,0.2725177284892261,0.341585714290098,0.1753360039641283,20.528092529917682
llmsr,g0029,strogatz_vdp1,5,1.0,3.387863187240527e-13,6.055844272240876e-14,1.0,1.0,1.0,1.0,1.0,3609.538,0.35,2.934911068910651,4.873705956690779,0.0108481551815581,0.6,1.0,0.6,0.0,0.8799999999999999,0.3043392620726232,0.285495534231693,0.6799999999999999,0.43653289295093484,0.9039999999999999,0.28936246705606716,55.762130035733705
llmsr,g0030,feynman-iii.7.38,5,1.0,1.0,1.0,0.1428571428571429,0.1428571428571429,1.0,0.4,0.1428571428571429,3609.655,0.05,2.762372400432018e-06,3.2543159012554494e-11,0.999999539599176,0.0,1.0,0.0,0.3,0.1771428571428571,0.7899998158396705,0.3324978279613534,0.1437142857142857,0.2714285714285715,0.22025714285714287,0.37075924636912033,18.593589617411
llmsr,g0031,II.11.27_1_0,5,1.0,0.0079312234315994,0.2824569389661482,0.2929042725271216,0.1820748394085739,0.6120969840983885,0.3110814828155183,0.2374895559678477,3613.012,0.0831213445887467,0.5138739531839827,1.0234952677022553,0.7437717965189603,0.0,1.0,0.0,0.0,0.2104861538555041,0.5975087186075841,0.2741296508598776,0.2214285714285714,0.3603959989315011,0.27691472528407557,0.3144251465228762,23.97768329817628
llmsr,g0032,feynman-i.13.12,5,1.0,5016.286307094964,8299.713166055299,0.0,0.0,0.9453298081184656,0.2835989424355396,0.0,3610.102,0.0,0.0,0.0,1.0,0.0,1.0,0.0,0.6,0.0850796827306618,0.8799999999999999,0.2566821113880446,0.1957948717948718,0.0,0.14381814426912343,0.3337255922490949,0.051441770242934295
llmsr,g0033,feynman-iii.10.19,5,1.0,1.5545123294058608e+17,4669810251746296.0,0.0,0.0,1.0,0.3,0.0,3610.053,0.0,0.0,0.0,1.0,0.0,1.0,0.0,0.0,0.09,0.7,0.21,0.32,0.0,0.186,0.3018940211398695,0.05542269297155313
llmsr,g0034,CRK11,5,1.0,3.754418159776328e-07,0.0164810728415563,0.6018183827248501,0.2702153229398687,0.0,0.1891507260579081,0.4360168528323594,3609.854,0.1526058984913257,2.3467871828444453,1.1293017869614637,0.4206518383656818,0.0,1.0,0.0,0.1,0.2974725709073125,0.4982607353462727,0.2717566173355827,0.1446666666666666,0.5235317327370311,0.3408725709073125,0.29090600933378685,26.945411893853787
llmsr,g0035,feynman-i.32.5,5,1.0,0.9056922301009872,0.9597881808848636,0.1459299541455009,0.144130328742942,0.9937013110910508,0.3990016234473747,0.1450301414442215,3609.395,0.0507605495054775,0.0612143769984966,0.0209761205408359,0.9863015837434446,0.0,1.0,0.0,0.0,0.1780724686924127,0.6945206334973779,0.2930782181644477,0.1792207792207792,0.271428571429086,0.23183870245864655,0.33440912651383337,19.06899966894857
llmsr,g0036,CRK10,5,1.0,7.056611880433073e-07,0.0231196118417927,0.5822431263192462,0.2597156758298242,0.0,0.1818009730808769,0.4209794010745352,3609.871,0.1473427903760873,0.8757485592952712,1.1334797947711688,0.6651286076555933,0.0,1.0,0.0,0.0,0.2874375424519615,0.5660514430622373,0.3034783033725684,0.1369696969696969,0.5370090164240625,0.32852845154287064,0.32444597835190647,26.82026030574592
llmsr,g0037,CRK34,5,1.0,5.770534347762448e-07,0.011227163688577,0.5884845692566429,0.2821235675306222,0.0,0.1974864972714355,0.4353040683936325,3608.939,0.1523564239377713,0.6941013572530181,1.176362643147066,0.6882559999333193,0.0,1.0,0.0,0.0,0.2946397768840878,0.5753023999733278,0.3122783487461575,0.1808008658008658,0.5108294220232038,0.3488800366243476,0.3398085056665808,28.673056154970293
llmsr,g0038,PO19,5,1.0,0.0020875696687785,4551.737515374984,0.3343113587019302,0.0,0.0,0.0,0.1671556793509651,3609.719,0.0585044877728377,0.2098312748620934,0.0,0.9650281208563178,0.0,1.0,0.0,0.0,0.1337245434807721,0.6860112483425271,0.2508631081188083,0.1346031746031746,0.3383348769074825,0.17410549586172447,0.28624471501667303,2.518140610915668
llmsr,g0039,CRK0,5,1.0,2.130690844376679e-07,1.8089963163328847e-05,0.6193913971636548,0.4816115941067885,0.5177711928679352,0.4924594737351325,0.5505014956352217,3608.912,0.1926755234723275,0.9112921345452252,0.9697546051466944,0.6864922100513466,0.0,1.0,0.0,0.0,0.3954944009860016,0.5745968840205387,0.3613544741179693,0.1412857142857143,0.550277563321106,0.43788011527171594,0.3802251837083307,34.6721301973431
llmsr,g0040,feynman-i.29.16,5,1.0,0.0494139637423425,0.2463318927384893,0.2361535934121794,0.1863199540108947,0.8255822620972598,0.3780986464368042,0.2112367737115371,3609.821,0.0739328707990379,0.0330772243787176,0.1680233165739596,0.9664832431745538,0.0,1.0,0.0,0.1,0.207891031295913,0.7165932972698216,0.3267312080129911,0.1805555555555555,0.42518739294749536,0.26205769796257966,0.3668353692252339,23.890025578029245
llmsr,g0041,PO41,5,1.0,0.0008623794908428,2.495499324015489,0.3617358271750089,0.1144887531028692,0.1346352408733672,0.1205326994340185,0.2381122901389391,3606.408,0.0833393015486286,0.0289736354453604,0.744743406608817,0.8710471596576371,0.0,1.0,0.0,0.0,0.1808541407002091,0.6484188638630548,0.2757527607424075,0.1518531468531468,0.3446510531526405,0.22641008475615315,0.3085343515979194,19.712522366353173
llmsr,g0042,feynman_test_15,5,1.0,0.0003055033073247,0.0012704576253765,0.3939274345571991,0.3497171296967805,0.845263933258467,0.4983811707652864,0.3718222821269898,3609.361,0.1301377987444464,2.772995682972653,1.7382415725378468,0.2481271240815833,0.2,1.0,0.2,0.0,0.3670853250524655,0.3992508496326333,0.241896375213497,0.3729777777777777,0.5302739516761292,0.41897865838579884,0.2584293289680563,33.061132556121365
llmsr,g0043,CRK33,5,1.0,4.852785515811981e-07,0.0049353445733395,0.5938577788055212,0.3076201800419917,0.0,0.2153341260293942,0.4507389794237564,3606.554,0.1577586427983147,0.2978090092555998,0.1592433999044424,0.9238245984733264,0.0,1.0,0.0,0.1,0.3021433493310267,0.6995298393893306,0.3845145376952721,0.1805103668261563,0.5127056997940123,0.3562964593788736,0.4175533746361623,30.337407200661897
llmsr,g0044,feynman-i.15.3t,5,1.0,1.8774081603525857e-08,4.9347478177253626e-05,0.6947458070542349,0.4504810740244002,0.145079215206849,0.3588605163791348,0.5726134405393175,3606.728,0.2004147041887611,8.876721580008962e-11,1.4859224961583095e-11,0.9999999999827288,0.0,1.0,0.0,0.0,0.3855564777354344,0.6999999999930916,0.4346523600380352,0.1342499999999999,0.6487963271123849,0.42583147773543434,0.4567903502551737,35.45984220396194
llmsr,g0045,feynman-bonus.20,5,1.0,1.0,1.0,0.1428571428571429,0.1428571428571429,1.0,0.4,0.1428571428571429,3606.645,0.05,2.0,2.0,0.3333333333333333,0.0,1.0,0.0,0.1,0.1771428571428571,0.4633333333333334,0.1950093200865921,0.1501587301587301,0.2714285711817766,0.2221904761904762,0.2184018261644295,17.14874706410039
llmsr,g0046,II.6.15b_3_0,5,1.0,0.2015476008287252,0.0412103031466077,0.192544454800785,0.2417852993396662,1.0,0.4692497095377663,0.2171648770702256,3608.013,0.0760077069745789,0.2638295255155323,0.4962444087924581,0.8733210109486682,0.0,1.0,0.0,0.3,0.2177926947816439,0.7393284043794673,0.3450317381606999,0.1605454545454545,0.3727792112924373,0.2659563311452802,0.3812787124054385,23.219212495165415
llmsr,g0047,BPG5,5,1.0,4.9582445705682266e-08,0.0001386907786681,0.6646194325009299,0.4184251723945895,0.1383222785821577,0.33439430425086,0.5415223024477598,3606.189,0.1895328058567159,0.4688797713406236,0.1625876104181856,0.8947554363735317,0.0,1.0,0.0,0.1,0.36616606427563,0.6879021745494127,0.4162610049199343,0.1780952380952381,0.4918406531109789,0.4195946357042014,0.4455963717749673,34.35493351761343
llmsr,g0048,MatSci21,5,1.0,0.0444681728254255,0.0704633789488407,0.2394250510802527,0.2251454667727532,0.9500214549246524,0.442608263218323,0.2322852589265029,3606.571,0.081299840624276,4.925931272723084,4.316275297243472,0.0,0.2,1.0,0.2,0.3,0.288552499397598,0.39,0.2094966232624637,0.2983333333333333,0.6299221354392867,0.31805249939759794,0.2199449593838755,26.623403689317023
llmsr,g0049,BPG3,5,1.0,6.874237033351626e-08,2.737372037146538,0.65448396406119,0.111619012390755,0.0,0.0781333086735285,0.3830514882259725,3606.078,0.1340680208790903,0.9439078069263642,2.956542458519166,0.3499249557590783,0.0,1.0,0.0,0.0,0.2852335782265345,0.4399699823036313,0.2349759272634504,0.1485714285714285,0.39630712727186457,0.3298050067979631,0.25266882994364803,21.615396807368736
llmsr,g0050,BPG9,5,1.0,3.787620267099621e-05,0.0809679557431269,0.4586881120183128,0.2208347732524346,0.1675133171846244,0.2048383364320915,0.3397614426353737,3606.577,0.1189165049223807,1.9035042056555864,3.165050893731499,0.1827492990574022,0.0,1.0,0.0,0.0,0.2449267457369526,0.3730997196229609,0.1846473285732326,0.1444761904761904,0.5426211923147832,0.2882696028798097,0.20032001663128213,23.660906186185755
pyoperon,g0001,II.34.2_1_0,5,0.6,0.1901801855510113,1.077074817793075,0.1943453380867285,0.1405538662768247,0.8117298486658068,0.3419066609935193,0.1674496021817766,13.564,0.1670395088032777,2.7210599553299475,2.335749017657061,0.1571985045021652,0.0,1.0,0.0,0.0,0.1803101335327472,0.2428794018008661,0.1031337364288766,0.1,0.3181538495886987,0.2103101335327472,0.11138348039254022,18.441368381767123
pyoperon,g0002,first_principles_hubble,5,1.0,0.0296769300258281,0.1044804412172064,0.2519700733791534,0.2129260715753498,0.8633459936893071,0.408052048209537,0.2324480724772516,9.541,0.2320476387026186,0.4394361092672423,0.1199656131945759,0.906766379589697,0.0,1.0,0.0,0.0,0.2232036438145224,0.6627065518358788,0.3130919520729311,0.1386666666666666,0.4412726174954895,0.2648036438145224,0.34102266400466774,28.152523472152897
pyoperon,g0003,feynman-ii.27.18,5,0.0,100.0,100.0,0.0,0.0,1.0,0.3,0.0,9.14,0.0,0.0,0.0,1.0,0.5,1.0,0.0,1.0,0.24,0.7,0.3429285639896449,0.0,0.0,0.09,0.21,0.006307976861004158
pyoperon,g0004,Korns-4,5,0.8,0.0016494397997002,0.0017488563851984,0.3416188236041572,0.3398032752143475,0.9936455806394078,0.5359559668418655,0.3407110494092523,9.887,0.3401028281329798,0.0104497886408858,0.0280122238169493,0.9935896645903608,0.1,1.0,0.0,0.0,0.3274343194942225,0.6374358658361443,0.3647527664085884,0.075,0.5381267807776984,0.3199343194942226,0.3605511710975451,31.10753900825912
pyoperon,g0005,Keijzer-11,5,1.0,0.0466026581476044,0.0163026317826227,0.2379706650771507,0.270553020034208,1.0,0.4893871140239456,0.2542618425556793,13.385,0.2536473587790974,0.0163388169900695,0.0279973793060992,0.9926106339506384,0.0,1.0,0.0,0.1,0.2420044002380439,0.7270442535802555,0.3576617338062026,0.1352380952380952,0.4780083285829253,0.2825758288094725,0.3864811807019491,30.061560869136105
pyoperon,g0006,Keijzer-2,5,1.0,0.5531653034403108,2.194126792609292,0.1612246477323987,0.1184813056672358,0.8503983027720767,0.338056404798688,0.1398529766998172,52.195,0.138534988650581,0.060402218286283,0.1504070603434829,0.9648651202283725,0.0,1.0,0.0,0.0,0.1659067805325659,0.685946048091349,0.2793971850603014,0.1594285714285714,0.2658613572385497,0.21373535196113727,0.3171232902065581,21.597572053925827
pyoperon,g0007,Korns-2,5,1.0,4.958939376679809,4.412374605028397,0.0931865143536824,0.0968091159724197,1.0,0.3677663811806937,0.094997815163051,8.268,0.0948559992579818,0.8617200595553199,1.4576060189461786,0.6134456535830836,0.0,1.0,0.0,0.0,0.1476045200956811,0.5453782614332334,0.2095306941166599,0.1446190476190476,0.1897837292646479,0.19099023438139534,0.2383435501869423,16.644840163389688
pyoperon,g0008,Nguyen-12,5,1.0,0.0157793918038527,0.0694095242439156,0.2715649814371661,0.2256129237419294,0.8391677980719882,0.409679386040947,0.2485889525895477,7.409,0.2482564061708454,0.3742317102404928,0.0419787050781053,0.9306315974469004,0.0,1.0,0.0,0.0,0.2315298083871505,0.6722526389787602,0.3234714623750713,0.1476190476190476,0.4710866257265691,0.2758155226728648,0.3530545947437635,29.640388888494257
pyoperon,g0009,Nguyen-6,5,1.0,0.0007635634472692,0.0574065288666411,0.3655110621426525,0.2315027651653131,0.5309709607196139,0.3213432238316033,0.2985069136539828,9.86,0.2979754884290916,0.499552222122293,0.2642449557510486,0.872700470354443,0.0,1.0,0.0,0.0,0.242607392006542,0.6490801881417771,0.3197056916584453,0.1457142857142857,0.49830607460697157,0.2863216777208277,0.34731654205327556,30.971506620565954
pyoperon,g0010,Nguyen-9,5,1.0,0.2891948207269056,0.0056367811377441,0.1813435349437467,0.3034977733879964,1.0,0.5124484413715975,0.2424206541658716,9.724,0.2419950308362269,0.6780259834121101,0.3007591646355498,0.8368691419920566,0.0,1.0,0.0,0.0,0.2262719463889779,0.6347476567968227,0.3019370883025207,0.1216507936507936,0.46289102252843217,0.262767184484216,0.3253768648111901,27.278669210987093
pyoperon,g0011,Vladislavleva-4,5,0.6,0.1130664205075099,0.1223273910658176,0.2104761683317947,0.2080340204693683,0.9914524824815808,0.443059559073032,0.2092550944005815,8.896,0.2089189842178421,2.9588348390473618,2.9194643809053864,0.0202834633412086,0.0,1.0,0.0,0.1,0.2171083350546275,0.2181133853364834,0.101629682059129,0.06,0.397556032227593,0.2351083350546275,0.10575875545302425,19.138951672624156
pyoperon,g0012,feynman_I_27_6,5,1.0,0.0270068888480032,0.2354789744435156,0.2548946744990322,0.1877177045923019,0.7648806053300029,0.3608665748136122,0.2213061895456671,15.258,0.2206965094356512,0.0489471688047546,0.084362335725418,0.9777817492449712,0.0,1.0,0.0,0.0,0.2102178422436965,0.6911126996979885,0.3168718508133528,0.1784285714285714,0.42049179442631274,0.263746413672268,0.35492954717752356,28.541567908822863
pyoperon,g0013,feynman-i.43.31,5,0.0,100.0,100.0,0.0,0.0,1.0,0.3,0.0,8.615,0.0,0.0,0.0,1.0,0.5,1.0,0.0,1.0,0.24,0.7,0.3429285639896449,0.0,0.0,0.09,0.21,0.006307976861004158
pyoperon,g0014,feynman-ii.34.11,5,1.0,0.9978174727000142,0.9999965786145796,0.1429249211025114,0.1428572489922394,0.9997631476140476,0.3999290185787819,0.1428910850473754,10.055,0.1426316682670703,0.0004971241035617,9.983022204069998e-05,0.9999005076123996,0.0,1.0,0.0,0.0,0.1771486740146391,0.6999602030449599,0.2946064842782649,0.1345714285714285,0.27149217788659535,0.2175201025860677,0.32645479215174783,21.44404346338129
pyoperon,g0015,III.21.20_3_0,5,1.0,0.2433745361718244,0.6828357190403839,0.1866946330827458,0.1546916977914184,0.8879897264806412,0.3746811063981852,0.1706931654370821,14.113,0.1702582084319491,0.0360757606216105,0.1878952740939569,0.9626714942140722,0.0,1.0,0.0,0.3,0.1870821851525539,0.7750685976856289,0.3352404064477111,0.1504761904761904,0.32431704853479965,0.232225042295411,0.3735034923225503,24.515400170965354
pyoperon,g0016,feynman_II_15_4,5,1.0,0.2487145490078965,0.6166029296432229,0.1860213435103485,0.157856744011209,0.9014239017532724,0.380926891333828,0.1719390437607788,11.113,0.1715940456814305,0.0197148316246593,0.0993536772849695,0.980155248515062,0.0,1.0,0.0,0.1,0.1886866048042878,0.7220620994060247,0.3136498503830369,0.1253333333333333,0.3266806888137259,0.22628660480428778,0.3434819920174712,23.55953827422131
pyoperon,g0017,strogatz_shearflow1,5,1.0,0.2895438760305381,1.6225588836330245,0.1813061154383198,0.1278428238167798,0.8128784793249177,0.3333535204692212,0.1545744696275498,10.863,0.1542712911271841,0.001649736367873,0.2095189042496597,0.9648052265637446,0.0,1.0,0.0,0.3,0.1725285023160943,0.7759220906254979,0.3222912706137305,0.13,0.2938047128887787,0.2115285023160943,0.3568638559057473,22.42252659911558
pyoperon,g0018,feynman-i.18.16,5,0.8,0.98085097860395,1.2448871771544756,0.1434569264486985,0.1360621433176693,0.9741182590414208,0.3874789780347947,0.1397595348831839,12.848,0.1394353238199293,0.0145262740380512,0.1117102417221429,0.9789605807066344,0.0,1.0,0.0,0.0,0.1736264639899178,0.6315842322826537,0.2631717324906102,0.085047619047619,0.2655450621757202,0.19914074970420353,0.28184565761615044,19.151040256249505
pyoperon,g0019,feynman-ii.34.2a,5,0.8,0.5782401483228564,2.870258579928165,0.1598494112656725,0.1101484982975653,0.8260468046117748,0.3249179901918282,0.1349989547816189,10.483,0.1347434336349705,0.2362167235314974,0.0052242442801156,0.9597598386980646,0.1,1.0,0.0,0.0,0.1914151615638174,0.6239039354792258,0.2729643259379017,0.0727619047619047,0.25654072263800126,0.18324373299238889,0.2670744178096973,18.07649306313055
pyoperon,g0020,first_principles_leavitt,5,1.0,0.0002602855203618,0.0003939580700257,0.3988964279246597,0.3860392856283938,0.9550000021046052,0.5567275005712573,0.3924678567765268,11.233,0.3916718611007321,0.1034424434663434,0.3844955237306093,0.9186770054671743,0.0,1.0,0.0,0.0,0.3265768213412411,0.6674708021868698,0.3814388738289743,0.1536507936507936,0.5645806602051396,0.3726720594364792,0.4074700469798813,38.132646549546315
pyoperon,g0021,feynman-i.39.22,5,1.0,0.7853859206440396,0.9198773874487564,0.1503512063179027,0.1454478612069295,0.982838292111614,0.3966649904783348,0.1478995337624161,10.005,0.1476323594171549,0.1373598473417688,0.2641927029494239,0.933074574951468,0.0,1.0,0.0,0.0,0.1791399796706616,0.6732298299805872,0.2849440620089639,0.1007619047619047,0.28052403504358153,0.20936855109923294,0.30804848310439564,20.611027601694296
pyoperon,g0022,feynman-i.11.19,5,1.0,0.896461798012316,0.8988738125877892,0.1462477294865916,0.1461643765672294,0.9997082647822332,0.4022275430317305,0.1462060530269105,9.835,0.1459464255976083,0.1292551133954272,0.1527948576636375,0.9529916714901558,0.0,1.0,0.0,0.0,0.1791673547041558,0.6811966685960624,0.2883380494373553,0.1305238095238095,0.277793296203223,0.21832449756129862,0.3182905539466031,21.51121506233367
pyoperon,g0023,I.11.19_4_0,5,1.0,0.0453903384879183,0.1230275922468586,0.2387883270424812,0.2078569625297756,0.8917402242070399,0.4130219410329548,0.2233226447861284,12.341,0.2228250292045871,0.019327248227275,0.0741431361159998,0.984421602609454,0.0,1.0,0.0,0.0,0.2194219131268789,0.6937686410437817,0.3249785256963218,0.1383333333333333,0.4243163496474615,0.2609219131268789,0.35438060280795275,27.754886553511138
pyoperon,g0024,strogatz_predprey2,5,0.8,0.0744267298591379,0.3315905163524075,0.2234479330356099,0.1770998499267388,0.8377817091200825,0.3753044076847419,0.2002738914811744,12.667,0.1998158456202841,0.2007861087495155,0.2693134557576832,0.9216500725821336,0.0,1.0,0.0,0.0,0.2019704955196665,0.6086600290328534,0.2735386806525006,0.155,0.38060671588288386,0.2484704955196665,0.3033976380130973,25.87230041912113
pyoperon,g0025,strogatz_barmag2,5,0.8,0.693964970566485,0.788729473534834,0.1541901750697778,0.1502194235709881,0.9861023697542552,0.4009843074259682,0.152204799320383,13.226,0.1518413300316948,0.4544334440054491,0.4557827927862032,0.848297293868058,0.0,1.0,0.0,0.1,0.1819713622557016,0.6093189175472232,0.2599238822326281,0.1654945054945054,0.28902912214804316,0.23161971390405317,0.2932462197471864,22.55564655126584
pyoperon,g0026,strogatz_barmag1,5,1.0,0.046283884872031,0.3338994808191577,0.2381835853830384,0.1768845897307354,0.7854535152189603,0.3594552673772028,0.2075340875568869,8.563,0.2072132196805987,0.0590337577933586,0.1925707449403354,0.958065916211051,0.0,1.0,0.0,0.0,0.2031100143663762,0.6832263664844205,0.3079146032443789,0.1567948717948717,0.3944441523863154,0.25014847590483774,0.3417146108378643,26.85298137987124
pyoperon,g0027,feynman_I_12_11,5,1.0,0.3181444244080062,0.7575607323589441,0.178383977394523,0.1514701817698586,0.905801715313872,0.3777696418330626,0.1649270795821908,13.446,0.1645266778647351,0.0063375901612916,0.0137906991439749,0.9966452851157888,0.0,1.0,0.0,0.0,0.184684483507728,0.6986581140463155,0.3002478538680465,0.104047619047619,0.3133654989571127,0.21589876922201368,0.32463085118707113,22.126635949279187
pyoperon,g0028,feynman-ii.4.23,5,1.0,5.508739606428239e-08,1.766188912357848e-07,0.6613534111345,0.6252116318529652,0.8735051286985507,0.6996996809066409,0.6432825214937326,9.036,0.6422330060599155,0.8420792407623061,0.5998328899462164,0.7596813115485795,0.0,1.0,0.0,0.6,0.4744512687257922,0.7838725246194318,0.5399347115693406,0.1647619047619047,0.6500122036670346,0.5238798401543636,0.5673633595049863,51.22078724992173
pyoperon,g0029,strogatz_vdp1,5,1.0,0.4247070933135398,0.73361753423954,0.1694221775364216,0.1524664497938453,0.9406549529010914,0.3889230007260191,0.1609443136651335,10.358,0.160643316503852,0.329706722714574,0.3058824571527713,0.8940684700221091,0.0,1.0,0.0,0.0,0.1844457712323744,0.6576273880088437,0.2824322222393334,0.1923809523809523,0.3058739013605745,0.24216005694666007,0.3236168653610776,24.214306282341582
pyoperon,g0030,feynman-iii.7.38,5,1.0,3.107418128583145e-07,3.1074181823057213e-07,0.6076857360664452,0.6076857355301382,0.9999999981229318,0.7253800143079763,0.6076857357982917,8.816,0.6067184351481755,0.634394375672489,0.6343943630722082,0.7885352102092171,0.0,1.0,0.0,0.3,0.460688298718971,0.7054140840836868,0.4787929171038163,0.146,0.0,0.5044882987189709,0.5010368579094923,5.1908967634924075
pyoperon,g0031,II.11.27_1_0,5,1.0,0.0505886818353216,0.2849327885043232,0.2354247597602927,0.1818041122610765,0.8123277337545087,0.3709611987091061,0.2086144360106846,12.21,0.2081545281019627,0.6249997288378129,1.090722815952452,0.7140462425349559,0.0,1.0,0.0,0.1,0.2054582635168489,0.6156184970139824,0.2790444999655467,0.1559523809523809,0.39636726690251134,0.2522439778025632,0.30918759667605145,26.51427298396618
pyoperon,g0032,feynman-i.13.12,5,0.0,100.0,100.0,0.0,0.0,1.0,0.3,0.0,10.204,0.0,0.0,0.0,1.0,0.5,1.0,0.0,1.0,0.24,0.7,0.3429285639896449,0.0,0.0,0.09,0.21,0.006307976861004158
pyoperon,g0033,feynman-iii.10.19,5,0.0,100.0,100.0,0.0,0.0,1.0,0.3,0.0,8.015,0.0,0.0,0.0,1.0,0.2222222222222222,0.4444444444444444,0.0,0.1666666666666666,0.1566666666666666,0.45,0.1781151313055687,0.0,0.0,0.09,0.135,0.005860155908898668
pyoperon,g0034,CRK11,5,1.0,0.0005980761896427,3.6528218466250246,0.373088820513763,0.102669393459862,0.0535320054928551,0.0879281770697599,0.2378791069868125,9.069,0.237489589860751,0.6414466732308077,0.6670310272590134,0.7819203832516964,0.0,1.0,0.0,0.0666666666666666,0.1756139813264332,0.6327681533006786,0.2651698590577542,0.0931428571428571,0.4595146546714863,0.2035568384692903,0.2854877395109779,21.368311747739625
pyoperon,g0035,feynman-i.32.5,5,0.2,100.0,100.0,0.0,0.0,1.0,0.3,0.0,10.195,0.0,0.0,0.0,1.0,0.4,1.0,0.0,0.6,0.21,0.64,0.2932848444771738,0.0314285714285714,0.0,0.09942857142857142,0.20180669675990154,0.03520169520132299
pyoperon,g0036,CRK10,5,1.0,0.0006401863441769,16.82181945471285,0.3709781138595882,0.0552947880380655,0.0,0.0387063516266458,0.2131364509488268,9.315,0.2127779820803873,0.361333144415795,0.3795770453751654,0.8765149683681732,0.0,1.0,0.0,0.0,0.160003151031829,0.6506059873472694,0.2602449575265088,0.0929145299145299,0.411110303905325,0.187877510006188,0.2820041201510873,17.90162451598246
pyoperon,g0037,CRK34,5,1.0,0.0004137251276352,8.934536792188505,0.3845205786704682,0.0749234256010146,0.0,0.0524463979207102,0.2297220021357414,9.623,0.2293228633476139,0.5803928866576316,0.7107023857672201,0.784817454595858,0.0,1.0,0.0,0.0,0.1695421508444003,0.6139269818383433,0.2527874826526993,0.0835497835497835,0.4405431398726875,0.19460708590933537,0.2708295484233883,18.935876147454447
pyoperon,g0038,PO19,5,1.0,0.0804660460369349,24003.192335899475,0.2210276670451719,0.0,0.0,0.0,0.1105138335225859,10.181,0.1103106830030274,0.246770213593214,0.0,0.9588716310677976,0.0,1.0,0.0,0.1,0.0884110668180687,0.7135486524271191,0.2121665457753564,0.1821428571428571,0.21000273134479105,0.1430539239609259,0.26988172525512727,2.512729835709436
pyoperon,g0039,CRK0,5,1.0,0.0019171317894122,2.797483847768175,0.336953430813234,0.1109451723100297,0.2089710952953799,0.1403529492056348,0.2239493015616319,11.462,0.2234858322612361,0.4353140142596525,0.4219071234127565,0.8571298103879319,0.0,1.0,0.0,0.1,0.176887257086984,0.6728519241551728,0.2829878388359431,0.1228571428571428,0.4175196075719336,0.2137443999441269,0.3110762617011665,23.505216913855982
pyoperon,g0040,feynman-i.29.16,5,1.0,0.1030243018568445,0.0549641756018118,0.2133614514132595,0.2328514486824043,1.0,0.462996014077683,0.2231064500478319,11.739,0.2226335666308534,0.0225111526239486,0.5773837348723309,0.9000175187506201,0.0,1.0,0.0,0.1,0.2242433847886087,0.690007007500248,0.3267482884744171,0.1417142857142857,0.42415481520839604,0.2667576705028944,0.35637888065885365,27.894739351806823
pyoperon,g0041,PO41,5,1.0,0.0614354593503565,2024.9381402764784,0.2293986350125968,0.0,0.0,0.0,0.1146993175062984,8.724,0.114518646964673,0.3420103531911627,0.0,0.9429982744681396,0.0,1.0,0.0,0.0,0.0917594540050387,0.6771993097872558,0.2051360162094631,0.1844285714285714,0.2179572707595608,0.14708802543361013,0.2597198633689819,2.5489537835172933
pyoperon,g0042,feynman_test_15,5,1.0,0.0218925198916659,0.1471157703643369,0.261407446215551,0.2023100549804211,0.7931591306812671,0.3795647776906748,0.231858750597986,13.132,0.2313090006192765,0.0026741198766597,0.0137572291530293,0.9972614418283852,0.0,1.0,0.0,0.0,0.2184324117934228,0.6989045767313541,0.3266453084954837,0.1250666666666667,0.440540746171445,0.2559524117934229,0.3535879836629894,27.65266067444677
pyoperon,g0043,CRK33,5,1.0,0.0005116150315419,9.725202671711882,0.3779326217275682,0.072292952805604,0.0,0.0506050669639227,0.2251127872665861,10.241,0.2246965380900977,0.0258968636399634,0.5128699728930299,0.9102055272445012,0.0,1.0,0.0,0.0,0.1663545687802041,0.6640822108978004,0.2708564694070851,0.132,0.42660274350481103,0.2059545687802041,0.3013752349808711,20.440192605055245
pyoperon,g0044,feynman-i.15.3t,5,1.0,2.166151974888681e-07,4.374281607982575e-05,0.6188793626434901,0.4542209472386024,0.4236960448277302,0.4450634765153407,0.5365501549410463,13.486,0.5352436702179358,0.4152552144086527,0.0284300962816077,0.92605244821829,0.0,1.0,0.0,0.1,0.3810707880119982,0.700420979287316,0.4323763935887999,0.0851666666666666,0.6726454757472705,0.4066207880119982,0.4466362151572867,39.454652056940816
pyoperon,g0045,feynman-bonus.20,5,0.0,100.0,100.0,0.0,0.0,1.0,0.3,0.0,7.715,0.0,0.0,0.0,1.0,0.1666666666666666,0.3333333333333333,0.0,0.0833333333333333,0.1399999999999999,0.425,0.1590204389378925,0.0,0.0,0.09,0.1275,0.005804594775178252
pyoperon,g0046,II.6.15b_3_0,5,0.8,0.1045065825368489,0.1603408906940741,0.2129183109903516,0.1996396934446377,0.9535248385903632,0.4258052369883553,0.2062790022174946,11.271,0.2058592158530236,0.3921378373780153,0.2718390495491382,0.889337185512141,0.1,1.0,0.0,0.0,0.2429088954926472,0.5957348742048565,0.2936126305359272,0.092040404040404,0.39477797111785584,0.24052101670476844,0.29216590925717606,24.144926184814906
pyoperon,g0047,BPG5,5,0.8,0.1787053916824661,222.77104357996845,0.1962758817349996,0.0,0.2260697290965668,0.06782091872897,0.0981379408674998,9.255,0.0979739482792293,0.161679165670137,0.0,0.9730534723883104,0.1,1.0,0.0,0.0,0.1288566283126908,0.6292213889553242,0.2258691194260644,0.1191428571428571,0.18646100639945185,0.13459948545554798,0.2308475006629017,13.726307943856483
pyoperon,g0048,MatSci21,5,1.0,0.1014526067930246,0.0235055277491694,0.2138383421018775,0.2592021423950008,1.0,0.4814414996765006,0.2365202422484392,9.338,0.2361214625500016,0.3588155023170452,1.1061785906376715,0.7558343178408805,0.0,1.0,0.0,0.0,0.2299677867437012,0.6023337271363522,0.2888488777449594,0.1497619047619047,0.44984353252287496,0.2748963581722726,0.3158069438978537,28.331844287167534
pyoperon,g0049,BPG3,5,1.0,4.777421710869248e-05,33578.99735567083,0.4514861729383282,0.0,0.0,0.0,0.2257430864691641,10.072,0.2253325601251374,0.2355189273883491,4.323114967405905,0.4607468454352751,0.0,1.0,0.0,0.0,0.1805944691753313,0.48429873817411,0.2058095676478416,0.0678467908902691,0.4169869272828934,0.20094850644241202,0.21709795313855396,2.923900889734979
pyoperon,g0050,BPG9,5,1.0,0.1092866668659612,27.80882418875425,0.2115309156702703,0.0397012409688677,0.3985961385460801,0.1473697102420314,0.125616078319569,9.654,0.1253971190270515,0.3257081428335897,0.5909373436415724,0.8472257522541397,0.0,1.0,0.0,0.1,0.1288232793407175,0.6688903009016559,0.2400778393148391,0.0808571428571428,0.23829332156476343,0.1530804221978604,0.2617066295225837,16.435607855606747
pysr,g0001,II.34.2_1_0,5,1.0,2.561539371151211e-15,1.2796532212497775e-32,1.0,1.0,1.0,1.0,1.0,3605.09,0.35,0.0,0.0,1.0,1.0,1.0,1.0,0.6,1.0,0.8799999999999999,0.8799999999999999,1.0,0.581989759821269,1.0,0.8799999999999999,75.08923444927453
pysr,g0002,first_principles_hubble,5,1.0,0.0059337317125442,0.0052436371977331,0.3019051495531977,0.3057405260260241,1.0,0.5140183682182169,0.3038228377896109,3602.346,0.1063379932263638,0.0831144235793295,0.2185295759340015,0.9497260000811116,0.0,1.0,0.0,0.0,0.2749675702867441,0.6798904000324446,0.356516510486568,0.1373333333333333,0.4956376297433735,0.31616757028674414,0.38229407743128563,27.46708492934859
pysr,g0003,feynman-ii.27.18,5,1.0,0.9999961111146934,1.957702545051324,0.1428572634946224,0.1220180924702976,0.9270629014149164,0.3635315351536832,0.13243767798246,3602.544,0.046353187293861,2.0504414620242586,2.0221914477635625,0.3212278483686965,0.24,1.0,0.0,0.2,0.2382023659439539,0.4884911393474786,0.2384128865545848,0.4633333333333334,0.1784204165236859,0.30520236594395395,0.2698675327287374,19.423856400642812
pysr,g0004,Korns-4,5,1.0,0.0029184482454608,0.0031070649390185,0.3239177145630023,0.3219749764075158,0.993200416458056,0.5233426084226779,0.3229463454852591,3602.197,0.1130312209198406,1.0700382624406757e-07,8.58211679499732e-08,0.999999967862501,0.0,1.0,0.0,0.6,0.2865698683520042,0.8799999871450004,0.47108353778094,0.3199999999999999,0.6533915523632853,0.38256986835200424,0.5442996393497112,36.01058076010107
pysr,g0005,Keijzer-11,5,1.0,2.822571452981917e-10,1.6022717741483588e-10,0.8249539325116279,0.8425188441313078,1.0,0.8897631908919155,0.8337363883214679,3602.273,0.2918077359125137,0.1575737914846922,0.1630869232075369,0.9465565475512951,0.2,1.0,0.2,0.0,0.6569105302722258,0.678622619020518,0.5500237500505232,0.2266666666666666,0.3633758142255372,0.6649105302722257,0.5533627697017667,46.23019843870972
pysr,g0006,Keijzer-2,5,1.0,2.5483541124931577e-11,1.9971641213360583e-11,0.8995528731242903,0.9071133031830368,1.0,0.9349793122281258,0.9033330881536636,3602.263,0.3161665808537822,0.3938941154547581,0.689523647724009,0.8194303728035388,0.8,1.0,0.8,0.6,0.8803149429181538,0.8077721491214156,0.7578930283715226,1.0,0.36384279313264534,0.9403149429181539,0.7832953422227988,65.05250080022708
pysr,g0007,Korns-2,5,1.0,93.395437678146,5.2289912672189605,0.0021195955947608,0.0915415773908493,1.0,0.3640791041735945,0.046830586492805,3602.262,0.0163907052724817,2.5182317120453493e-08,3.042673613062874e-08,0.9999999907318244,0.0,1.0,0.0,0.3,0.1100715694899826,0.7899999962927298,0.2620985804500959,0.1753333333333333,0.24155333782198563,0.16267156948998268,0.3186272517627009,7.447910952588897
pysr,g0008,Nguyen-12,5,1.0,0.0,8.310421027225213e-32,1.0,1.0,1.0,1.0,1.0,3602.034,0.35,0.0,0.0,1.0,1.0,1.0,1.0,0.6,1.0,0.8799999999999999,0.8799999999999999,0.3149019607843136,0.3805679948187657,0.794470588235294,0.7843711006465063,56.6064877597171
pysr,g0009,Nguyen-6,5,1.0,1.2300930501264842e-31,5.9729956614313955e-33,1.0,1.0,1.0,1.0,1.0,3602.477,0.35,0.0,0.0,1.0,1.0,1.0,1.0,0.2,1.0,0.76,0.76,1.0,0.2878352179205219,1.0,0.76,65.16347877603805
pysr,g0010,Nguyen-9,5,1.0,1.32135757486598e-14,1.949954451837005e-16,1.0,1.0,1.0,1.0,1.0,3602.092,0.35,0.0,0.0,1.0,1.0,1.0,1.0,0.0,1.0,0.7,0.7,0.2552380952380952,0.36879314271425284,0.7765714285714285,0.616863031798794,52.23932060299767
pysr,g0011,Vladislavleva-4,5,1.0,0.0072323024205863,0.0149458848246931,0.2957659587155364,0.2732484549148287,0.9211887367052708,0.4676305394519613,0.2845072068151826,3602.476,0.0995775223853139,0.0001542371621208,0.0001134971132343,0.999955377620774,0.0,1.0,0.0,0.4,0.2585955453218029,0.8199821510483097,0.416979705831538,0.2210547875064004,0.4991811213433361,0.3249119815737231,0.46739844415544723,29.87053158602303
pysr,g0012,feynman_I_27_6,5,1.0,3.0892693890919977e-32,1.568187845735392e-32,1.0,1.0,1.0,1.0,1.0,3604.403,0.35,0.0,0.0,1.0,1.0,1.0,1.0,1.0,1.0,1.0,1.0,1.0,0.6579808826604335,1.0,1.0,78.29130881259107
pysr,g0013,feynman-i.43.31,5,1.0,0.8116717354452015,0.9308809637348904,0.1493299697893668,0.1450789893436146,0.9851215684398844,0.3970917630724955,0.1472044795664907,3602.558,0.0515215678482717,7.556699902142028e-06,1.6140842902669095e-05,0.9999960504095324,0.5,1.0,0.0,1.0,0.3288595168374953,0.999998420163813,0.5734618363500624,0.0,0.27968879153249304,0.17885951683749537,0.42291719248626863,2.6688626355927463
pysr,g0014,feynman-ii.34.11,5,1.0,4.843848973222856e-15,1.7418937169884042e-32,1.0,1.0,1.0,1.0,1.0,3602.828,0.35,0.0,0.0,1.0,1.0,1.0,1.0,0.3,1.0,0.7899999999999999,0.7899999999999999,1.0,0.5284038528701118,1.0,0.7899999999999999,72.57329672904025
pysr,g0015,III.21.20_3_0,5,1.0,3.58161795392675e-15,1.333114012124983e-25,1.0,1.0,1.0,1.0,1.0,3603.975,0.35,0.0,0.0,1.0,1.0,1.0,1.0,0.3,1.0,0.7899999999999999,0.7899999999999999,1.0,0.6258679272954787,1.0,0.7899999999999999,74.64997020339872
pysr,g0016,feynman_II_15_4,5,1.0,4.708634646693212e-19,4.2028758667009763e-19,1.0,1.0,1.0,1.0,1.0,3603.552,0.35,0.0,0.0,1.0,1.0,1.0,1.0,0.0,1.0,0.7,0.7,1.0,0.5940897091396836,1.0,0.7,72.5275519810011
pysr,g0017,strogatz_shearflow1,5,1.0,1.1371434557319505e-29,1.0818532967936292e-30,1.0,1.0,1.0,1.0,1.0,3602.498,0.35,0.0,0.0,1.0,1.0,1.0,1.0,0.3,1.0,0.7899999999999999,0.7899999999999999,1.0,0.41850036600078955,1.0,0.7899999999999999,69.80692316315336
pysr,g0018,feynman-i.18.16,5,1.0,5.559568883126891e-15,5.856049705817814e-31,1.0,1.0,1.0,1.0,1.0,3602.422,0.35,0.0,0.0,1.0,1.0,1.0,1.0,0.1,1.0,0.73,0.73,1.0,0.5732777543001774,1.0,0.73,72.60379675124227
pysr,g0019,feynman-ii.34.2a,5,1.0,1.0,1.0,0.1428571428571429,0.1428571428571429,1.0,0.4,0.1428571428571429,3602.561,0.05,12.0,12.0,0.0,0.4,1.0,0.4,0.0,0.2971428571428571,0.3,0.1635324345286192,0.1543333333333333,0.27142885070368505,0.22344285714285714,0.1418092279890739,16.030929298519474
pysr,g0020,first_principles_leavitt,5,1.0,0.0003021204013456,0.0014204053250311,0.3942728533603544,0.346256264872735,0.8319419405762656,0.4919619675837941,0.3702645591165447,3602.185,0.1295925956907906,0.3604083536153148,0.7255786629072611,0.819002163912904,0.0,1.0,0.0,0.0,0.30529773161928,0.6276008655651617,0.3467730375150515,0.159047619047619,0.5681734667977013,0.3530120173335657,0.3728878896146604,30.75972858124772
pysr,g0021,feynman-i.39.22,5,0.8,1.000000001299766,1.0000000003323717,0.1428571428168227,0.1428571428468323,1.0,0.3999999999927826,0.1428571428318275,3602.467,0.0499999999911396,3.4754802312213817,2.962094889832508,0.0063175183612486,0.0,1.0,0.0,0.0,0.1771428571245638,0.2425270073444994,0.1020755974153483,0.0974285714285714,0.326768704111067,0.20637142855313526,0.1101754652354522,14.683309051244569
pysr,g0022,feynman-i.11.19,5,1.0,1.909991369060989e-15,7.217477773871318e-22,1.0,1.0,1.0,1.0,1.0,3602.541,0.35,0.0,0.0,1.0,1.0,1.0,1.0,0.0,1.0,0.7,0.7,0.2623076923076923,0.553929168761324,0.7786923076923077,0.6177048087632399,56.171891463036935
pysr,g0023,I.11.19_4_0,5,1.0,2.096163631103757e-15,1.0587827627192376e-32,1.0,1.0,1.0,1.0,1.0,3604.725,0.35,0.0,0.0,1.0,0.8,1.0,0.8,0.3,0.94,0.7899999999999999,0.7659334174717799,0.8371428571428572,0.6369268694023064,0.9511428571428571,0.7704597699704099,72.37988013847057
pysr,g0024,strogatz_predprey2,5,1.0,3.428513050978783e-11,6.984811141861782e-11,0.890349585214997,0.8682746665728753,0.9243158625635371,0.8850870253700739,0.8793121258939361,3602.849,0.3077592440628776,5.124608464309068,5.3918301462640725,0.0,0.6,1.0,0.6,0.0,0.8016659416970209,0.3,0.2686073989165821,0.6771428571428572,0.4348623649684045,0.8248087988398781,0.27245695420669486,51.86184274956961
pysr,g0025,strogatz_barmag2,5,1.0,3.75908790565356e-17,5.372995548481822e-16,1.0,1.0,0.9999457604096684,0.9999837281229004,1.0,3602.223,0.35,0.0,0.0,1.0,1.0,1.0,1.0,0.6,0.9999951184368704,0.8799999999999999,0.8799978521096016,1.0,0.39898947548818936,0.9999951184368701,0.8799978521096015,70.50999300863464
pysr,g0026,strogatz_barmag1,5,1.0,3.428722430543005e-15,3.1342107531658258e-15,1.0,1.0,1.0,1.0,1.0,3602.167,0.35,0.0,0.0,1.0,0.8,1.0,0.8,0.2,0.94,0.76,0.736847338327282,0.835,0.38381276653651497,0.9504999999999999,0.7409512804496663,66.06081563514938
pysr,g0027,feynman_I_12_11,5,1.0,1.4190584173762136e-31,2.79043589634425e-32,1.0,1.0,1.0,1.0,1.0,3604.082,0.35,0.0,0.0,1.0,1.0,1.0,1.0,0.3,1.0,0.7899999999999999,0.7899999999999999,1.0,0.5927129153613345,1.0,0.7899999999999999,73.9758426847007
pysr,g0028,feynman-ii.4.23,5,1.0,2.3747812835922987e-15,2.3747808788573355e-15,1.0,1.0,1.0,1.0,1.0,3602.465,0.35,0.0,0.0,1.0,1.0,1.0,1.0,1.0,1.0,1.0,1.0,1.0,0.5169354966903673,1.0,1.0,75.20569572351035
pysr,g0029,strogatz_vdp1,5,1.0,1.000000329666839e-16,9.999999789957442e-17,1.0,1.0,1.0,1.0,1.0,3602.186,0.35,0.0,0.0,1.0,1.0,1.0,1.0,0.3,1.0,0.7899999999999999,0.7899999999999999,1.0,0.5025460922183537,1.0,0.7899999999999999,71.9689510130208
pysr,g0030,feynman-iii.7.38,5,1.0,1.0,1.0,0.1428571428571429,0.1428571428571429,1.0,0.4,0.1428571428571429,3602.395,0.05,0.0,0.0,1.0,0.1,1.0,0.0,1.0,0.2071428571428571,1.0,0.4551294949163997,0.0666666666666666,0.2714285714285715,0.19714285714285715,0.444007721940573,16.8583266074291
pysr,g0031,II.11.27_1_0,5,1.0,0.0005235369186918,0.0067312490632018,0.3772180490997997,0.2979931671285261,0.722712913291797,0.4254090909775073,0.3376056081141629,3604.154,0.118161962839957,6.746383817850681,6.368226999115393,0.0,0.0,1.0,0.0,0.0666666666666666,0.2785099469331721,0.32,0.1688769331968011,0.2257142857142857,0.7166640990797256,0.34622423264745783,0.18829063020527517,28.85781127217269
pysr,g0032,feynman-i.13.12,5,1.0,1.0,1.0,0.1428571428571429,0.1428571428571429,1.0,0.4,0.1428571428571429,3602.378,0.05,0.0026929893471849,0.0048349721862671,0.9987453397444248,0.1666666666666666,1.0,0.0,0.2666666666666666,0.2271428571428571,0.7794981358977698,0.3715049656946105,1.0,0.2714285714285715,0.47714285714285715,0.5384424532879797,27.339325885289394
pysr,g0033,feynman-iii.10.19,5,1.0,3.0876631394358942e+38,2.441870778572793e+33,0.0,0.0,1.0,0.3,0.0,3602.405,0.0,0.0,0.0,1.0,0.0666666666666666,1.0,0.0,0.4,0.11,0.82,0.2719632328091427,0.01,0.0,0.093,0.25006639118442126,0.03014366793357839
pysr,g0034,CRK11,5,0.4,100.0,100.0,0.0,0.0,1.0,0.3,0.0,3602.295,0.0,0.0,0.0,1.0,0.0,1.0,0.0,0.0666666666666666,0.09,0.54,0.162,0.0304761904761904,0.35751017885912306,0.09914285714285712,0.17002957725894968,0.28673616345388037
pysr,g0035,feynman-i.32.5,5,1.0,1.337657717715921e-09,1.341876142918814e-09,0.7766896428866343,0.7765919691655017,0.9996583969484548,0.8435118975003875,0.776640806026068,3602.238,0.2718242821091238,3.199529437179911,3.208645392096521,0.0,0.4,1.0,0.4,0.2,0.68372942640477,0.36,0.2976765588051202,0.589939393939394,0.6565868812661847,0.7407112445865882,0.3098324987770357,52.679574378244574
pysr,g0036,CRK10,5,0.8,18427752.02854484,2850867512665.6143,0.0,0.0,0.0,0.0,0.0,3602.379,0.0,0.0,0.0,1.0,0.0,1.0,0.0,0.1,0.0,0.67,0.0,0.0666666666666666,0.5564213647702846,0.01999999999999998,0.09475230867899732,0.03899273723371228
pysr,g0037,CRK34,5,0.8,362946.4675118085,330172248964.69824,0.0,0.0,0.0,0.0,0.0,3602.114,0.0,0.0,0.0,1.0,0.0,1.0,0.0,0.0,0.0,0.64,0.0,0.0635714285714285,0.554612505176135,0.019071428571428548,0.08838357959970354,0.03821822702489643
pysr,g0038,PO19,5,1.0,7.749989293195603e-05,0.0068398567463477,0.4364784926772845,0.2974966424306247,0.5135635255217683,0.3623167073579677,0.3669875675539546,3602.065,0.1284456486438841,0.0487912084360369,0.1661922190464713,0.9641694287529152,0.0,1.0,0.0,0.0,0.2832864092783042,0.6856677715011661,0.3649443182537788,0.1437460317460317,0.47673411155374373,0.3264102188021136,0.39173791731863417,28.58290624240262
pysr,g0039,CRK0,5,0.6,623019.1499726746,3145116830.1182566,0.0,0.0,0.0742161533326057,0.0222648459997817,0.0,3602.292,0.0,0.0,0.0,1.0,0.0,1.0,0.0,0.0,0.0066794537999345,0.5800000000000001,0.0474021967665842,0.0752857142857142,0.40618034677199644,0.02926516808564877,0.09922097834637718,0.20180989059595061
pysr,g0040,feynman-i.29.16,5,1.0,0.0039381020862523,0.0008680788904105,0.31462235928321,0.3615314860462257,1.0,0.553072040232358,0.3380769226647179,3602.512,0.1183269229326512,0.2563659383050218,0.3491873536194956,0.8990744513459137,0.0,1.0,0.0,0.0,0.2917705557829914,0.6596297805383655,0.3563042363312411,0.1971428571428571,0.5291826780953978,0.3509134129258485,0.3907511266788588,30.713098121654188
pysr,g0041,PO41,5,1.0,0.0003768993931975,0.016093363216436,0.3874124686969703,0.2709537990621488,0.592394656559449,0.3673860563113388,0.3291831338795595,3602.012,0.1152140968578458,0.0437343814398305,0.6166429737611743,0.8899371074664992,0.0,1.0,0.0,0.0,0.2651808043721897,0.6559748429865997,0.3377988961498965,0.1482222222222222,0.5317391947028868,0.3096474710388564,0.36502360754891844,27.90117362253419
pysr,g0042,feynman_test_15,5,1.0,0.0002311118266677,0.0005166127317422,0.4025841307024409,0.3776310639281018,0.9126642665494372,0.5381410247145024,0.3901075973152714,3604.612,0.1365376590603449,0.1971112937195287,0.8905112304355165,0.8187295793074925,0.0,1.0,0.0,0.0,0.3224759596953271,0.6274918317229969,0.3563335780763962,0.1977777777777777,0.5489017215804678,0.3818092930286604,0.3877317132565841,32.79956640570714
pysr,g0043,CRK33,5,0.6,100.0,100.0,0.0,0.0,1.0,0.3,0.0,3602.075,0.0,0.0,0.0,1.0,0.0,1.0,0.0,0.0,0.09,0.5800000000000001,0.174,0.0833333333333333,0.5531066286644047,0.11499999999999999,0.1966875695106328,0.37361212684272527
pysr,g0044,feynman-i.15.3t,5,1.0,1.085364007602318e+30,9.904261507701238e+29,0.0,0.0,1.0,0.3,0.0,3602.671,0.0,0.0,0.0,1.0,0.0,1.0,0.0,0.1,0.09,0.73,0.219,0.086,0.0,0.11579999999999999,0.2484146130967339,0.04309889553681602
pysr,g0045,feynman-bonus.20,5,1.0,7.662420401751877e+68,9.747197180950627e+68,0.0,0.0,0.9738715560814686,0.2921614668244405,0.0,3602.641,0.0,0.0,0.0,1.0,0.1,1.0,0.0,1.0,0.1176484400473321,1.0,0.3429991837414954,0.05,0.0,0.10264844004733215,0.32038795240665985,0.04089888983154975
pysr,g0046,II.6.15b_3_0,5,1.0,0.0958446743379422,0.2727659271438846,0.2156022867090933,0.1831578486429179,0.8864444667691211,0.3941438340807789,0.1993800676760056,3603.478,0.0697830236866019,0.1049939719025869,0.5942580987674416,0.883457988221662,0.0,1.0,0.0,0.0,0.204484064907871,0.6533831952886648,0.2954593209441961,0.1502857142857142,0.39122781939148993,0.24956977919358522,0.3264103775603303,22.013792993827977
pysr,g0047,BPG5,5,1.0,11.29720391726036,268509.2988274736,0.067644930860958,0.0,0.0,0.0,0.033822465430479,3602.163,0.0118378629006676,10.671104739849904,8.132342493124607,0.0,0.0,1.0,0.0,0.0,0.0270579723443832,0.3,0.0493479230666751,0.1241428571428571,0.37000159584990683,0.06430082948724034,0.07607282467380602,1.1870724883451653
pysr,g0048,MatSci21,5,1.0,3.24496916990944e-11,2.638203376161225e-11,0.8920563875019641,0.8984779805872162,1.0,0.9289345864110512,0.8952671840445902,3602.183,0.3133435144156065,2.7377325783186333,1.632025138201369,0.2717070472466663,0.6,1.0,0.6,0.0,0.8155029309241011,0.4086828188986665,0.3690618406423415,0.1864761904761905,0.5466218076450651,0.6914457880669582,0.3398329206578174,45.603235533738236
pysr,g0049,BPG3,5,1.0,7003712.418193497,2.9355005044901514e+18,0.0,0.0,0.0,0.0,0.0,3602.069,0.0,0.0,0.0,1.0,0.0,1.0,0.0,0.0666666666666666,0.0,0.72,0.0,0.0928115942028985,0.32059051910346964,0.02784347826086955,0.12014182922876934,0.03910280011026065
pysr,g0050,BPG9,5,1.0,1251123.2757873666,69544521666.6636,0.0,0.0,0.0,0.0,0.0,3602.153,0.0,0.0,0.0,1.0,0.0,1.0,0.0,0.0,0.0,0.7,0.0,0.0839999999999999,0.602397297217991,0.02519999999999997,0.11112155506471272,0.04216901290934532
qlattice,g0001,II.34.2_1_0,5,1.0,0.0010615961597315,0.0280502348769667,0.3552886186555941,0.2537188212752631,0.6445057092672447,0.3709548876728575,0.3045037199654286,425.683,0.2810997374468374,0.2226518543659166,0.2693254802936249,0.9180037775567432,0.5,1.0,0.0,0.0,0.4034019137640949,0.6672015110226972,0.423765891929692,0.159047619047619,0.5297150504300862,0.3011161994783806,0.3661205291434809,32.333997457785166
qlattice,g0002,first_principles_hubble,5,1.0,0.0558323920953129,0.099263859583655,0.2323652689101752,0.2145149173246384,0.937523769451472,0.4314175729626885,0.2234400931174068,120.779,0.2185674636300991,0.0900198419686875,0.1362211139939499,0.962293174006227,0.5,1.0,0.0,0.0,0.3723713794528767,0.6849172696024908,0.4179518611756996,0.1399999999999999,0.42642399416864213,0.2643713794528766,0.3521643058441049,27.79040828819273
qlattice,g0003,feynman-ii.27.18,5,1.0,0.0686537172638832,0.1347598877079644,0.2259525673473553,0.2050313828269621,0.9267758541793994,0.4215547242326933,0.2154919750871587,104.664,0.2114196795726199,0.010777903724205,0.01704017788943,0.995363653064394,0.5,1.0,0.0,0.0,0.3668474442087501,0.6981454612257576,0.422852271405202,1.0,0.4104047401396926,0.5168474442087501,0.501911452536259,40.084458473771164
qlattice,g0004,Korns-4,5,1.0,0.0015340228231277,0.0016433866005206,0.3438691556374106,0.3417328756001081,0.9925230198741511,0.536969918882321,0.3428010156187593,140.684,0.3340934317985229,0.005217504743757,0.0048316127220831,0.9983251470890266,0.5,1.0,0.0,0.0,0.4486386379196605,0.6993300588356106,0.4684147177993878,0.1466666666666666,0.539202168351889,0.34263863791966054,0.40935524858590994,35.486711460169005
qlattice,g0005,Keijzer-11,5,1.0,0.4568121555697302,0.4769402081625538,0.1671615963017194,0.1658240045059243,0.9953184287147272,0.4146723317685652,0.1664928004038219,146.753,0.1620812291095218,0.0062306792954334,0.0044218698054094,0.9982245751498596,0.5,1.0,0.0,0.0,0.3412663380512574,0.6992898300599438,0.4085111722181754,0.1333333333333333,0.3155243120631847,0.2312663380512573,0.3362895902645346,23.274295636054298
qlattice,g0006,Keijzer-2,5,1.0,0.1958068229592953,3.144320557385506,0.1934408699372511,0.1073195132067882,0.6985752514438993,0.2846962346779215,0.1503801915720197,119.583,0.1471332764632164,0.0922226515119479,0.0199673537929193,0.981301665782522,0.5,1.0,0.0,0.0,0.3127852183782769,0.6925206663130088,0.3873074480524059,0.1323809523809523,0.28462198234391484,0.20249950409256257,0.31163391825601033,21.366329477845003
qlattice,g0007,Korns-2,5,0.8,16.84957147538836,5.3436466959903255,0.0552436528422922,0.090868733119919,1.0,0.3636081131839433,0.0730561929811056,132.397,0.0713097836732229,1.539934717603589,1.4237294178765485,0.5060559774199771,0.5,1.0,0.0,0.0,0.2811798950920999,0.4424223909679908,0.2346006606319151,0.0819047619047619,0.14989225662222852,0.15575132366352845,0.17460351065866872,12.055939656140996
qlattice,g0008,Nguyen-12,5,1.0,4.616906226445956e-05,0.0056855334608114,0.4525463533053008,0.3032306271564587,0.4773949608116099,0.3554799272530041,0.3778884902308798,135.0,0.368677458281502,0.1731554908677894,0.5626955779161504,0.8773581552026767,0.5,1.0,0.0,0.0,0.4376625194980216,0.6509432620810707,0.4306384603026822,0.1438095238095238,0.4808786367263558,0.3308053766408787,0.3743944617392944,33.9661414700878
qlattice,g0009,Nguyen-6,5,1.0,9.164637386438687e-05,0.0315798147604792,0.431277479565629,0.2500421729847263,0.3656764281481039,0.2847324495337396,0.3406598262751776,144.553,0.3317686568546467,0.4525102911285148,0.3231087724984185,0.8707301560621779,0.5,1.0,0.0,0.0,0.4079307266863735,0.6482920624248711,0.4140606063109903,0.1371428571428571,0.4566912586516135,0.29907358382923066,0.35453550296925074,31.099073724265924
qlattice,g0010,Nguyen-9,5,1.0,0.0045792355488806,0.0004267705777707,0.3099433583180774,0.383557537796751,1.0,0.5684902764577258,0.3467504480574142,127.891,0.3387434841659886,0.8585304595880718,0.1988556609018608,0.8237689799183445,0.5,1.0,0.0,0.0,0.4445244262645487,0.6295075919673379,0.4197094881517112,0.1161904761904762,0.48708586048854224,0.32938156912169153,0.3612855727589464,32.69016905382058
qlattice,g0011,Vladislavleva-4,5,1.0,0.007181873837195,0.0135699098892537,0.2959830163087991,0.2762445025896788,0.930915201990196,0.4726457124098339,0.2861137594492389,165.993,0.2775386558861925,0.9438292205853708,0.9022127337961884,0.6923263409364068,0.5,1.0,0.0,0.0,0.4101869202464698,0.5769305363745627,0.3694999893728161,0.1718253968253968,0.5264001851864609,0.3117345392940889,0.3221187373888893,32.279308956646496
qlattice,g0012,feynman_I_27_6,5,1.0,0.0014255217903217,0.0141152130355598,0.3461447242671857,0.2750223259161147,0.751071605839724,0.4178371098931975,0.3105835250916502,433.374,0.2862809595383183,0.3771466952802953,0.166544326869412,0.9093848296417156,0.5,1.0,0.0,0.0,0.4138090226748335,0.6637539318566863,0.4269795592622904,0.1792857142857143,0.5159217890537987,0.3175947369605478,0.37406214089001577,33.575442890625204
qlattice,g0013,feynman-i.43.31,5,1.0,0.5851821969627038,0.7137008468888638,0.1594792067797107,0.1533202705644266,0.9784437232465388,0.4008573063690603,0.1563997386720687,99.031,0.1536032179392126,0.0077979892566973,0.0313212891623977,0.9934801202634842,0.5,1.0,0.0,0.0,0.3340488746226023,0.6973920481053937,0.4030714127990393,0.1333333333333333,0.29949986267012607,0.22404887462260234,0.3301021663851111,22.491218631799025
qlattice,g0014,feynman-ii.34.11,5,1.0,0.0017215671560325,0.0027349534666488,0.3402911450987081,0.3259321470349602,0.9497435068002502,0.5130755549645472,0.3331116460668342,541.372,0.3005507414181061,1.172133971184402,0.6853366167415116,0.6904215686790145,0.5,1.0,0.0,0.0,0.4400391245288474,0.5761686274716058,0.3822040221993843,0.1732063492063492,0.4546751594871022,0.34200102929075216,0.33694833423622456,33.41665852826398
qlattice,g0015,III.21.20_3_0,5,1.0,0.1354970220229232,1.000151952279758,0.2048621606917298,0.1428524294983357,0.7829659408238137,0.3348864828959791,0.1738572950950327,437.749,0.1601159597906269,0.0605797007717493,5.164676978836594e-05,0.9898947754097436,0.5,1.0,0.0,0.0,0.3324108091454856,0.6959579101638975,0.4012550803139685,0.1666666666666666,0.33852849408357955,0.23241080914548565,0.3355143785380879,24.340239710383365
qlattice,g0016,feynman_II_15_4,5,1.0,0.0002062764980758,0.0017219756244136,0.4061107321537841,0.3402837857524898,0.7696056880587676,0.4690803564443732,0.373197258953137,340.944,0.3502234844901545,0.5289868826336046,0.4454908124184515,0.8375870508246572,0.5,1.0,0.0,0.0,0.4531683997948256,0.6350348203298629,0.4274913665650263,0.1373333333333333,0.502866481205855,0.3443683997948256,0.3726569159720767,34.604225663868114
qlattice,g0017,strogatz_shearflow1,5,1.0,0.0056131842187004,1.0552633368211704,0.3036279074618715,0.1411885107399502,0.4314621114925151,0.2282705909657196,0.2224082091009108,148.078,0.216461835264325,0.074257660376368,0.0034667404724965,0.987045933191856,0.5,1.0,0.0,0.0,0.3399323402744645,0.6948183732767423,0.4051049372284817,0.1488888888888889,0.40404095232910225,0.23459900694113114,0.336538208726393,25.9268152683705
qlattice,g0018,feynman-i.18.16,5,1.0,0.0245170300585705,3.0402176085345003,0.2578951528919297,0.1083639521387673,0.476640797368324,0.2188470057076343,0.1831295525153485,140.319,0.17848989662879,0.0761846375275112,0.2934312775098448,0.938397347493774,0.5,1.0,0.0,0.0,0.3188121628690622,0.6753589389975097,0.3813309833223169,0.1304761904761904,0.3474695241234789,0.20795502001191932,0.30797776065801863,22.80486269951342
qlattice,g0019,feynman-ii.34.2a,5,1.0,0.0072591054558703,0.0214367135941558,0.2956512067417647,0.2620601281724369,0.882431225017245,0.4481714572258793,0.2788556674571008,143.808,0.271615087099688,1.1561184295626887,2.1377754343359965,0.4510176893502192,0.5,1.0,0.0,0.0,0.4027119198644697,0.4804070757400877,0.3048643468054919,0.1023809523809523,0.466239853408064,0.28342620557875536,0.2557580998271387,27.572275915947962
qlattice,g0020,first_principles_leavitt,5,0.8,0.0002557548061874,0.0017913470399039,0.3994411568717183,0.3390585906847495,0.7886610187095218,0.4739393190921812,0.3692498737782339,125.224,0.3609011751598718,0.0917085051149548,0.2887336788161119,0.9365929693448224,0.5,1.0,0.0,0.0,0.4519582584763417,0.6146371877379289,0.4132073103504222,0.148,0.573499667361343,0.34635825847634166,0.36172756652722626,35.77860388375511
qlattice,g0021,feynman-i.39.22,5,1.0,0.0244982704400133,0.055452718026882,0.2579188982447277,0.2325769401397013,0.911303146634882,0.4361948020882554,0.2452479191922145,490.883,0.2235111907738976,0.0515961129382545,0.3323479447641984,0.936009323716258,0.5,1.0,0.0,0.0,0.3840259999243677,0.6744037294865032,0.4179268538731949,0.0956190476190476,0.4444582650257917,0.26271171421008194,0.3456684023819845,26.78652239981032
qlattice,g0022,feynman-i.11.19,5,1.0,0.2873313042803641,0.3366543342996569,0.181544075410698,0.1766296992699791,0.9827996835075392,0.4184806945412471,0.1790868873403386,140.106,0.1745565412751973,0.0388925567791036,0.0126016552679344,0.9914176313254937,0.5,1.0,0.0,0.0,0.3481618385266534,0.6965670525301975,0.4110110633380741,0.1545454545454545,0.3408408724124598,0.24452547489028967,0.34444904428069756,24.939500682719775
qlattice,g0023,I.11.19_4_0,5,1.0,0.0195940548121419,0.0751307750561813,0.2648482629568548,0.2231558664938701,0.8540766123836498,0.4124320902608039,0.2440020647253624,475.655,0.2230466421245256,0.0910602550677528,0.050706844611603,0.9763721500534408,0.5,1.0,0.0,0.0,0.3796689322609831,0.6905488600213763,0.4254974317893415,0.173051948051948,0.47055525509349977,0.28158451667656753,0.36643656051764006,29.9862297632284
qlattice,g0024,strogatz_predprey2,5,1.0,0.0008688207547054,0.1079318687898633,0.3615049866462259,0.2119178788048785,0.476445122679245,0.2912760519671885,0.2867114327255522,143.695,0.2792727245140039,0.4519199532097633,1.071456708128602,0.7461038897769391,0.5,1.0,0.0,0.0,0.3819848102486469,0.5984415559107756,0.3698663232449019,0.1864285714285714,0.485931552446406,0.2879133816772183,0.3211091409215602,30.810445093719586
qlattice,g0025,strogatz_barmag2,5,1.0,0.0169368963754295,0.482571817580477,0.2693690121140369,0.1654598603348019,0.6363179687788634,0.3067172928680204,0.2174144362244194,140.588,0.2118956002538786,0.264146612127125,0.1571829490865504,0.9297784064643876,0.5,1.0,0.0,0.0,0.3497627927060209,0.671911362585755,0.3973733973831553,0.1666666666666666,0.39231008922177174,0.24976279270602086,0.33579626119217965,26.96457956208534
qlattice,g0026,strogatz_barmag1,5,1.0,0.0093215584460073,0.0843836070043837,0.2878936766473096,0.2195529938928748,0.7608076103698392,0.3819293788359641,0.2537233352700922,164.227,0.2461999062651169,0.0955958473390166,0.3247787384038938,0.9299375690428482,0.5,1.0,0.0,0.0,0.379736284309713,0.6719750276171392,0.4140894654615264,0.15,0.44185743593615195,0.2747362843097131,0.35221767338309684,29.294175190788387
qlattice,g0027,feynman_I_12_11,5,1.0,0.0220470156672833,0.0579709764220077,0.2611892992341175,0.2311992417585299,0.8950347988384949,0.4303499088825194,0.2461942704963237,346.501,0.2307916969966542,0.0959928881665832,0.1114928765407592,0.9654190392154428,0.5,1.0,0.0,0.0,0.3835806923584028,0.6861676156861771,0.424970307008843,0.1480952380952381,0.46529303226094854,0.27800926378697427,0.3617927428054776,29.407230686792246
qlattice,g0028,feynman-ii.4.23,5,1.0,1.3499780064043224e-05,3.5663275682262745e-05,0.4906909504924226,0.4605556263752778,0.8945263705882046,0.5907468496391558,0.4756232884338502,136.345,0.4639144669838547,1.8384424710769447,1.7008931657561617,0.4101107271944823,0.5,1.0,0.0,0.0,0.5235004350887158,0.4640442908777929,0.3357514967657527,0.159047619047619,0.46273720068812524,0.4212147208030015,0.30116965002502466,37.93615942296986
qlattice,g0029,strogatz_vdp1,5,1.0,7.287915457823638e-07,1.2887099301921332e-07,0.5812426195687348,0.634988916071427,1.0,0.7444922412499989,0.6081157678200809,130.704,0.5937646411100388,1.7790948487143474,1.8318934687669213,0.3981686137531218,0.5,1.0,0.0,0.0,0.6058447202024936,0.4592674455012487,0.3574755359177589,0.1746666666666667,0.4693441473356848,0.5082447202024936,0.3274176597826666,43.628731189102275
qlattice,g0030,feynman-iii.7.38,5,0.0,100.0,100.0,0.0,0.0,1.0,0.3,0.0,85.774,0.0,0.0,0.0,1.0,0.5,1.0,0.0,0.0,0.24,0.4,0.1959591794226542,0.0,0.0,0.09,0.12,0.0057462398565449975
qlattice,g0031,II.11.27_1_0,5,1.0,0.787128873541336,1.1962503217831195,0.1502824397483753,0.1372984237423465,0.9545559439789464,0.3824756798133265,0.1437904317453609,459.738,0.131854639639434,0.0548324858758221,0.0467172061372454,0.9830750513311556,0.5,1.0,0.0,0.0,0.324855679843348,0.6932300205324622,0.3951141598517863,0.1465714285714285,0.2776621532905031,0.2188271084147766,0.32428579293596826,21.54518536046154
qlattice,g0032,feynman-i.13.12,5,1.0,1.0144618153839895,1.0178718114117091,0.1424117353774486,0.1423076366192266,0.9996356543462231,0.3995060419373256,0.1423596859983376,99.948,0.1397906393781973,0.0157374642227283,0.0269186187711621,0.9928906528343516,0.5,1.0,0.0,0.0,0.3268165067321771,0.6971562611337406,0.398549367195351,1.0,0.2699140545586497,0.4768165067321771,0.48139965305088367,31.796531577228688
qlattice,g0033,feynman-iii.10.19,5,1.0,1.0026485757265593,0.9999987420933842,0.1427750899121769,0.1428571818787318,1.0,0.4000000273151123,0.1428161358954544,123.654,0.1396275633387292,0.0220975054376094,4.464891042192886e-07,0.9963170080122143,0.5,1.0,0.0,0.0,0.3271100441594045,0.6985268032048857,0.3995121714187531,0.448,0.28875603901054386,0.3115100441594044,0.3898693574428686,27.168686079260507
qlattice,g0034,CRK11,5,1.0,8.526438985035107e-06,0.0083945906583845,0.5049451650996024,0.2911428911653138,0.2516920539508147,0.279307640000964,0.3980440281324581,128.881,0.3887814717287551,0.2730309067606287,0.9053488492234852,0.8036033740026477,0.5,1.0,0.0,0.0,0.4357703580401302,0.6214413496010591,0.4102314855711769,0.0778571428571428,0.34948158635714205,0.30912750089727303,0.3455166406208399,28.31635751650463
qlattice,g0035,feynman-i.32.5,5,1.0,0.8173212689292851,0.9067150353008112,0.1491147999576327,0.1458949416190292,0.9887304958149008,0.3987456078777907,0.147504870788331,106.604,0.1446657052301122,0.0003830521790899,0.0146821642680204,0.9974891305921484,0.5,1.0,0.0,0.0,0.3292696023463903,0.6989956522368593,0.40109781303905,0.1339393939393939,0.28006719213180925,0.21945142052820846,0.32744900314702563,21.742830575652434
qlattice,g0036,CRK10,5,1.0,8.800197303280419e-06,0.0257830893714421,0.5039648279083859,0.2563332175712827,0.1332893761535616,0.2194200651459663,0.3801490227398343,146.055,0.3701240970216195,0.4701750961106974,1.8519332963938375,0.6129819345825775,0.5,1.0,0.0,0.0,0.4174119507071443,0.545192773833031,0.3522350184484662,0.0938827838827838,0.3269268102661169,0.29557678587197944,0.2964048134393909,26.821986903092764
qlattice,g0037,CRK34,5,1.0,4.993082203587429e-05,1.5105526798571356,0.4501165202771924,0.1300617231641763,0.0,0.0910432062149234,0.2900891217206843,144.031,0.282545180862668,0.1639373263396013,0.5166123310856652,0.8865750570957889,0.5,1.0,0.0,0.0,0.357359569975354,0.6546300228383155,0.3913349421316064,0.1138095238095238,0.37070547987684704,0.24150242711821113,0.3217041542331767,23.230262304191413
qlattice,g0038,PO19,5,1.0,0.0004368794721267,14560.339540011197,0.3828313115158642,0.0,0.0,0.0,0.1914156557579321,155.712,0.1860340684015164,0.3470868704655672,0.0,0.9421521882557388,0.5,1.0,0.0,0.0,0.3031325246063457,0.6768608753022956,0.3726624883143019,0.1508571428571428,0.3304432072750123,0.19838966746348852,0.30148029805749677,3.1983078424520084
qlattice,g0039,CRK0,5,1.0,1.894918430363177e-05,0.0238391140325926,0.4801721057255698,0.2587649920674739,0.2250751079218356,0.2486580268237824,0.3694685488965218,140.241,0.3601131280082529,0.2061934226538246,0.861081166074144,0.8221209018786719,0.5,1.0,0.0,0.0,0.4166662503373626,0.6288483607514688,0.4059196686177229,0.1416190476190476,0.42656575512087525,0.3091519646230769,0.3496487166330691,31.119288574116432
qlattice,g0040,feynman-i.29.16,5,1.0,0.0649391320750362,0.2506095141318952,0.2276781085790729,0.1857858889633232,0.8533772313461152,0.3860632916781608,0.206731998771198,148.222,0.2011993738519725,0.026102526974336,0.0640445095406294,0.9849754939141724,0.5,1.0,0.0,0.0,0.3568902309350774,0.693990197565669,0.4145917600862123,0.1466666666666666,0.3926307372000095,0.25089023093507734,0.3476123613074718,26.597218616906236
qlattice,g0041,PO41,5,1.0,0.00074720287323,777.6970134263547,0.3661829619125649,0.0,0.0,0.0,0.1830914809562824,144.183,0.1783250528037358,0.029146571816716,0.0,0.9951422380305472,0.5,1.0,0.0,0.0,0.296473184765026,0.6980568952122189,0.3800874505492306,0.17,0.3262786326908676,0.19747318476502596,0.31020220920979097,3.2242755946617714
qlattice,g0042,feynman_test_15,5,1.0,0.0027677123558668,0.0319068669908884,0.3255627891024711,0.2497225598638009,0.7345591977004802,0.3951735512148047,0.2876426744831361,458.851,0.2638120262222972,0.022888360404309,0.030387863722737,0.9911206293121588,0.5,1.0,0.0,0.0,0.3987771810054298,0.6964482517248636,0.4397987614835973,0.1607142857142857,0.49773806268157217,0.29699146671971555,0.37954287071883824,31.781342031950864
qlattice,g0043,CRK33,5,1.0,6.715617026815104e-05,1.4093672251761886,0.4409224341749083,0.1322125594454359,0.0,0.0925487916118051,0.2865674968101721,143.535,0.2791408016225273,0.2254199499756968,0.4121775181155693,0.8937337553181224,0.5,1.0,0.0,0.0,0.3541336111535048,0.657493502127249,0.3912686385148575,0.1409523809523809,0.4317626403933443,0.24641932543921913,0.3263839900158943,24.685036051190252
qlattice,g0044,feynman-i.15.3t,5,1.0,6.766118599963281e-08,4.89301798686607e-05,0.6549757424247904,0.45074451341135,0.285192300888384,0.4010788496544601,0.5528601279180703,111.126,0.5417673119531354,0.687182206750844,0.0053297410599988,0.8845813420315263,0.5,1.0,0.0,0.0,0.5323139518662542,0.6538325368126106,0.4770352294456614,0.08,0.5299927067662376,0.4063139518662542,0.4167709081398656,36.87688043197062
qlattice,g0045,feynman-bonus.20,5,1.0,0.9068440557450714,1.0427223198372126,0.1458905278145174,0.141559380723842,0.9848409851826512,0.3945438620614847,0.1437249542691797,117.082,0.1406866366824481,0.0454579716735061,0.0278509480763338,0.98778184670836,0.5,1.0,0.0,0.0,0.3267193697442523,0.695112738683344,0.3973220694353683,0.0678571428571428,0.27183890803547434,0.1970765126013952,0.30858348664151847,18.935459586574186
qlattice,g0046,II.6.15b_3_0,5,1.0,0.0879164838350024,0.1867918180429822,0.2182806921124621,0.194903010778064,0.918178115330261,0.4118855421437231,0.2065918514452631,262.997,0.1967817197368027,0.0362816489807533,0.0195531852930372,0.9906941942877016,0.5,1.0,0.0,0.0,0.3608779394881017,0.6962776777150806,0.4182757044877952,0.1219047619047619,0.39227043795064304,0.2474493680595303,0.3463583377273541,25.77219566333955
qlattice,g0047,BPG5,5,1.0,5.152997725519296e-07,0.0087024388687698,0.5919957178022888,0.2900256441987053,0.0,0.2030179509390937,0.441010681000497,137.36,0.4300731260998169,1.674002155241956,1.7353916177325548,0.4317677045042482,0.5,1.0,0.0,0.0,0.4477036724026436,0.4727070818016993,0.3162914389818349,0.1806666666666666,0.32293582697849704,0.3519036724026436,0.28041678657389785,30.751449867624064
qlattice,g0048,MatSci21,5,1.0,0.0002012945456545,0.0001438132355193,0.4068691423387834,0.41730008163023,1.0,0.592110057141161,0.4120846119845067,140.504,0.40163052903743,0.810875327765245,1.2836996489533037,0.6509041705469086,0.5,1.0,0.0,0.0,0.4903806740778617,0.5603616682187634,0.3924055061438629,0.1699999999999999,0.5188071165524687,0.39138067407786165,0.35056463958924694,37.95926637926072
qlattice,g0049,BPG3,5,1.0,4.829678790515129e-05,73123.98318410329,0.4511486965781689,0.0,0.0,0.0,0.2255743482890844,134.602,0.2200921835728442,0.5632701151641131,0.0,0.906121647472648,0.5,1.0,0.0,0.0,0.3304594786312675,0.6624486589890592,0.3808126196702911,0.1519855072463768,0.3614735142097483,0.2260551308051806,0.3149629066012683,3.4608044914114107
qlattice,g0050,BPG9,5,1.0,8.266926280647794e-06,0.0204982447467946,0.5059039953661013,0.2634488089817947,0.1514068607831226,0.229836224522193,0.384676402173948,144.307,0.3746534928907437,1.0308180459752414,0.4460117187200541,0.7538617058841175,0.5,1.0,0.0,0.0,0.4213124655030984,0.601544682353647,0.3904541529655143,0.12,0.403258874427526,0.3073124655030984,0.33347092978709686,29.81878353760432
ragsr,g0001,II.34.2_1_0,5,1.0,67511.91590539638,11510.67101360923,0.0,0.0,1.0,0.3,0.0,3603.805,0.0,0.0,0.0,1.0,0.0,1.0,0.0,0.0,0.09,0.7,0.21,0.1448888888888889,0.0,0.13346666666666668,0.2557316301646448,0.04724147663330312
ragsr,g0002,first_principles_hubble,5,1.0,0.587060428306763,0.0920595479570881,0.1593797994935748,0.2168522258547677,1.0,0.4517965580983374,0.1881160126741712,2413.923,0.1061261737073357,0.2241444092659914,0.2862983597862508,0.9149262051579596,0.0,1.0,0.0,0.0,0.1992908872269311,0.6659704820631839,0.2973025954325392,0.1236031746031746,0.3393301343151187,0.23637183960788355,0.3237821092226124,21.677902922637806
ragsr,g0003,feynman-ii.27.18,5,1.0,9440.259015429456,9423.251794734117,0.0,0.0,1.0,0.3,0.0,3378.397,0.0,0.0,0.0,1.0,0.0,1.0,0.0,0.0,0.09,0.7,0.21,0.1366666666666666,0.0,0.13099999999999998,0.253357454991954,0.046711045807637984
ragsr,g0004,Korns-4,5,1.0,0.3197699188891136,0.5657561816715048,0.1782258852308443,0.1605264780055237,0.9380520747115252,0.3937841570173241,0.169376181618184,2406.32,0.0957865592075022,2.7052872906318965,2.6099274347590686,0.1141308791015058,0.0,1.0,0.0,0.0,0.189425601197535,0.3456523516406023,0.1504384510196181,0.1056666666666666,0.3415089769615704,0.2211256011975349,0.1625395411060132,18.448970041400127
ragsr,g0005,Keijzer-11,5,1.0,29.2726932258808,31.24917722796953,0.0381098084704787,0.0360829580629801,0.9929060235737548,0.3231298777162125,0.0370963832667294,1817.081,0.02492565088291,0.9694596992054284,1.0781663137761568,0.6587289978364025,0.0,1.0,0.0,0.0,0.1121828867030552,0.563491599134561,0.1887342637463163,0.1213939393939393,0.21935193442114262,0.14860106852123703,0.21721930100455283,11.003973756840942
ragsr,g0006,Keijzer-2,5,1.0,2.034200528506699,1.0894966054151292,0.1208290169421035,0.1401981513259285,1.0,0.3981387059281499,0.130513584134016,2121.787,0.0805137738589257,0.128424196108716,0.1847959054287308,0.9477966497437588,0.0,1.0,0.0,0.0,0.1677732185552864,0.6791186598975036,0.278167880637369,0.1394343434343434,0.2449692869136665,0.2096035215855894,0.3109173454273302,18.57948600430406
ragsr,g0007,Korns-2,5,0.8,100.0,100.0,0.0,0.0,1.0,0.3,0.0,2968.579,0.0,0.4839690028996128,0.6006398317136801,0.8192318608977844,0.0,1.0,0.0,0.0,0.09,0.5676927443591138,0.1703078233077341,0.0723376623376623,0.039739803525704734,0.11170129870129869,0.18973281700117975,0.23387061041900362
ragsr,g0008,Nguyen-12,5,1.0,0.0008851560258719,0.0144801158610301,0.3609271549822183,0.2742305687975835,0.6965619484689407,0.4009299826989907,0.3175788618899009,2337.865,0.1835242149818588,0.0662123308981503,0.1255272268271625,0.9680434070457812,0.0,1.0,0.0,0.0,0.2646498568025845,0.6872173628183125,0.3535329972892108,0.1193939393939393,0.4833223241198883,0.3004680386207663,0.3766979567934855,28.855746346608075
ragsr,g0009,Nguyen-6,5,0.6,2.700963877135821,0.3753866415915136,0.1120343731468552,0.1732515132947721,1.0,0.4212760593063405,0.1426429432208137,3601.659,0.0499250301272848,1.5706887532867235,2.7039305451095115,0.2875634502672941,0.0,1.0,0.0,0.0,0.1711965670506442,0.2950253801069176,0.1220694265583819,0.0909090909090909,0.3197334343913074,0.19846929432337151,0.13143349039632987,14.423023198475319
ragsr,g0010,Nguyen-9,5,1.0,0.5575179122618098,0.002009223316749,0.1609815124848809,0.3354979850398533,1.0,0.5348485895278973,0.2482397487623671,2270.83,0.1464587280281088,0.0566163833745846,0.0785205215167126,0.9774771825181172,0.0,1.0,0.0,0.0,0.2248471818523215,0.6909908730072469,0.3276544233578028,0.1061010101010101,0.4637895400596906,0.2566774848826246,0.3500791118849336,24.518174434570046
ragsr,g0011,Vladislavleva-4,5,1.0,1.0314038457527692,1.0530696819990824,0.1418979466850322,0.1412530636029885,0.9977429092128488,0.3982000172859466,0.1415755051440103,2197.277,0.0854081743688422,0.0690029096448002,0.0714993571497939,0.9765829555342342,0.0,1.0,0.0,0.0,0.1762191838597968,0.6906331822136937,0.2899172345729726,0.1592222222222222,0.2640514931625862,0.2239858505264635,0.3268569567229688,20.11891137939694
ragsr,g0012,feynman_I_27_6,5,0.8,36.519862977001885,52.22814819174796,0.0312479186152281,0.0201496694495453,0.961156127920111,0.302451606990715,0.0256987940323867,3604.366,0.0089945779113353,0.559096930018754,0.3717975015315227,0.8448509280749539,0.0,1.0,0.0,0.0,0.1032346495433057,0.5779403712299815,0.1856931042664291,0.1282424242424242,0.11052163023892114,0.141707376816033,0.21756010610627133,7.999926688055428
ragsr,g0013,feynman-i.43.31,5,1.0,9.590505074536535e+35,9.590295187695718e+35,0.0,0.0,1.0,0.3,0.0,2902.805,0.0,0.0,0.0,1.0,0.0,1.0,0.0,0.1,0.09,0.73,0.219,0.1633333333333333,0.0,0.13899999999999998,0.2721637374816858,0.048697244767980624
ragsr,g0014,feynman-ii.34.11,5,1.0,9.678894982625184,1.0074222138968407,0.0724410158765991,0.1426277483626586,1.0,0.399839423853861,0.1075343821196289,3137.258,0.046621600070487,0.3386406800870665,0.0020064724923365,0.9432254745700994,0.0,1.0,0.0,0.0,0.1489282335067979,0.6772901898280398,0.2613745536868013,0.1337777777777778,0.13910098961507517,0.18906156684013126,0.29449397327953075,13.959654019275883
ragsr,g0015,III.21.20_3_0,5,0.6,69365.11209041251,100.0,0.0,0.0,1.0,0.3,0.0,3604.23,0.0,0.0,1.5009568942228024,0.7498405176295329,0.0,1.0,0.0,0.0,0.09,0.4799362070518131,0.1439808621155439,0.0837142857142857,0.018545258684787368,0.11511428571428571,0.16283513796646001,0.20573916621478455
ragsr,g0016,feynman_II_15_4,5,1.0,1433.947058176593,503.9343263304877,0.0,0.0,1.0,0.3,0.0,3604.076,0.0,0.0,0.0,1.0,0.0,1.0,0.0,0.0,0.09,0.7,0.21,0.1446666666666666,0.0,0.13339999999999996,0.2556677531484954,0.047227426491008404
ragsr,g0017,strogatz_shearflow1,5,1.0,1052.7889926898006,568.8530532387995,0.0,0.0,1.0,0.3,0.0,3022.052,0.0,0.0,0.0,1.0,0.0,1.0,0.0,0.0,0.09,0.7,0.21,0.1484615384615384,0.00025889319159283334,0.13453846153846152,0.2567563945724549,0.11982925288648372
ragsr,g0018,feynman-i.18.16,5,1.0,952142.0740711152,13670799.69778839,0.0,0.0,0.7107269591044412,0.2132180877313323,0.0,3020.713,0.0,0.0,0.0,1.0,0.0,1.0,0.0,0.0,0.0639654263193997,0.7,0.1770397099424472,0.1550793650793651,0.0,0.11048923584320922,0.23267944808936714,0.044431333445510285
ragsr,g0019,feynman-ii.34.2a,5,1.0,12583683092.331234,403139564.2278101,0.0,0.0,1.0,0.3,0.0,2446.75,0.0,0.0,1.978102499709027,0.6703162500484955,0.0,1.0,0.0,0.0,0.09,0.5681265000193982,0.1704379500058194,0.1341428571428571,0.0,0.13024285714285713,0.20503216832841006,0.04495228804161418
ragsr,g0020,first_principles_leavitt,5,0.8,0.0103953384477906,0.0118547828627262,0.2845115261781857,0.2804361711668888,0.9857362574617464,0.492026197055346,0.2824738486725373,2176.065,0.1714896969829419,0.0695255625777939,0.1326788665366018,0.9662992618142674,0.0,1.0,0.0,0.0,0.2614124695878781,0.626519704725707,0.3203301997505762,0.1128888888888888,0.4727065553048801,0.2952791362545447,0.34044825733256734,27.538271498354987
ragsr,g0021,feynman-i.39.22,5,1.0,7.828292458027018e+56,1.2717847414914275e+58,0.0,0.0,0.6973133580013705,0.2091940074004111,0.0,2731.55,0.0,0.0,0.0,1.0,0.0,1.0,0.0,0.0,0.0627582022201233,0.7,0.1753611105344067,0.1258730158730159,0.0,0.1005201069820281,0.22193434259076208,0.04244088173725558
ragsr,g0022,feynman-i.11.19,5,1.0,166751.18419868438,158455.26887751045,0.0,0.0,1.0,0.3,0.0,3068.949,0.0,0.0,0.0,1.0,0.0,1.0,0.0,0.0,0.09,0.7,0.21,0.1814285714285714,0.0,0.1444285714285714,0.2660263144878717,0.04936948409397919
ragsr,g0023,I.11.19_4_0,5,1.0,6149.62122439383,1407.493005593228,0.0,0.0,1.0,0.3,0.0,3605.157,0.0,0.0,0.0,1.0,0.0,1.0,0.0,0.0,0.09,0.7,0.21,0.1645757575757575,0.0,0.13937272727272723,0.26132859844195455,0.048429762895591894
ragsr,g0024,strogatz_predprey2,5,1.0,18137.300253478224,7858.057646360742,0.0,0.0,1.0,0.3,0.0,3602.094,0.0,0.0,0.0,1.0,0.0,1.0,0.0,0.0,0.09,0.7,0.21,0.1569090909090909,0.0,0.13707272727272726,0.2591633391582157,0.04797965873591483
ragsr,g0025,strogatz_barmag2,5,1.0,15.048870310023908,4.499909732651951,0.0587497214646078,0.0961997284288143,1.0,0.36733980990017,0.0774747249467111,2378.954,0.0441967459391914,0.88510548204716,1.3558013832527451,0.6265155224500158,0.0,1.0,0.0,0.0,0.1337018315558941,0.5506062089800063,0.2013305976638421,0.1549090909090909,0.08600861856230434,0.18017455882862138,0.23371567349446007,11.989336141585555
ragsr,g0026,strogatz_barmag1,5,1.0,156.26727562557068,89.98488902798863,0.0,0.0032736010422328,1.0,0.302291520729563,0.0016368005211164,2814.461,0.0008050332154358,0.0,0.2802570129556834,0.9532904978407196,0.0,1.0,0.0,0.0,0.0906874562188689,0.6813161991362878,0.2051739998217609,0.1608181818181818,0.0216412765768437,0.13893291076432343,0.25395179230508724,0.7740485089607394
ragsr,g0027,feynman_I_12_11,5,1.0,9884.97296239148,12446.27936578834,0.0,0.0,0.9749839852364266,0.2924951955709279,0.0,3604.054,0.0,0.0,0.0,1.0,0.0,1.0,0.0,0.0,0.0877485586712783,0.7,0.2073566824313275,0.1615757575757575,0.0,0.13622128594400562,0.25835717546172926,0.047986518717866425
ragsr,g0028,feynman-ii.4.23,5,1.0,3.916259417619682,1.2149135826876147,0.1005091819814213,0.1368181866082568,1.0,0.3957727306257798,0.118663684294839,3334.194,0.0472272860376348,0.0222627970463161,0.199813961043225,0.9629872069850764,0.0,1.0,0.0,0.0,0.1589354919803024,0.6851948827940306,0.2731646872433937,0.1437777777777777,0.22861334541042225,0.20206882531363574,0.30800925712107274,16.338052414367034
ragsr,g0029,strogatz_vdp1,5,1.0,1911.239921598652,890.3887540648727,0.0,0.0,1.0,0.3,0.0,3473.489,0.0,0.0,0.0,1.0,0.0,1.0,0.0,0.0,0.09,0.7,0.21,0.1671515151515151,0.04378391363538153,0.14014545454545452,0.262052042020803,0.288395812300411
ragsr,g0030,feynman-iii.7.38,5,1.0,98.40058749666468,1.0408252013436678,0.0005001649016825,0.1416158714865967,1.0,0.3991311100406177,0.0710580181941396,3601.841,0.0248703063679488,1.7354121184531834e-07,6.5097384704948524e-09,0.9999999699915084,0.0,1.0,0.0,0.0666666666666666,0.1199393989728583,0.7199999879966034,0.2493523257448992,0.148,0.13502314919481007,0.1643393989728583,0.2918793270975886,5.541540803687368
ragsr,g0031,II.11.27_1_0,5,0.8,0.4766073471764063,1.0892995994684471,0.1658456619313364,0.1402037611468527,0.9102533472544352,0.3712186369791274,0.1530247115390945,3604.259,0.0535586490386831,0.3744407495449323,0.1076936239141843,0.9196442710901472,0.0,1.0,0.0,0.0666666666666666,0.1777038558662728,0.6278577084360588,0.2646730099120328,0.1058614718614718,0.21274541317874282,0.2094622974247143,0.2873519587941625,16.654411823112326
ragsr,g0032,feynman-i.13.12,5,1.0,0.436225429139691,1.4096022370575605,0.1685920729601084,0.132207387121453,0.8726535995648776,0.3543412508544804,0.1503997300407807,2917.532,0.0711726699378723,0.2472524966296487,0.3241867156034517,0.9047601312944832,0.0,1.0,0.0,0.0476190476190476,0.1737392044403875,0.6761897668035075,0.2818496554814315,0.3293333333333333,0.25477723390631984,0.2725392044403875,0.35300681189901145,22.388513165352943
ragsr,g0033,feynman-iii.10.19,5,0.8,34.9806013741752,1.0000692109493954,0.0325837663253879,0.1428549959361936,1.0,0.3999984971553355,0.0877193811307908,3601.866,0.0307017833957767,0.0,0.0,1.0,0.0,1.0,0.0,0.0,0.1330330556767558,0.64,0.2334316593892079,0.12,0.1664485428799002,0.1690330556767558,0.26312723083177686,11.319008361442172
ragsr,g0034,CRK11,5,1.0,97.99723341974148,592543.9717139775,0.0006275846280141,0.0,0.0546233077625738,0.0163869923287721,0.000313792314007,2930.838,0.0001477399849237,2.785001839145096e-06,0.0,0.9999995358330268,0.0,1.0,0.0,0.0666666666666666,0.0051671315498373,0.7199998143332107,0.0517555756798302,0.1888888888888888,0.00021583618391289998,0.06183379821650391,0.1790380531159299,0.4722343800218943
ragsr,g0035,feynman-i.32.5,5,1.0,1.866215143462593e+29,4.926978313602371e+27,0.0,0.0,1.0,0.3,0.0,3601.891,0.0,0.0,0.0,1.0,0.0,1.0,0.0,0.0,0.09,0.7,0.21,0.1466666666666666,0.0,0.13399999999999998,0.25624207304812374,0.04735332937144583
ragsr,g0036,CRK10,5,1.0,51.06660732296911,1311959.6492097462,0.02084735672211,0.0,0.0,0.0,0.010423678361055,3328.776,0.0041587453793884,0.0001549656104522,0.0,0.999974172398258,0.0,1.0,0.0,0.0,0.008338942688844,0.6999896689593033,0.0639215246101403,0.1597179487179487,0.0187937161526068,0.05625432730422861,0.16602351265117063,0.5923679491495261
ragsr,g0037,CRK34,5,1.0,441.8618155215853,16534916.28049611,0.0,0.0,0.0,0.0,0.0,2554.854,0.0,0.0,0.0,1.0,0.0,1.0,0.0,0.0,0.0,0.7,0.0,0.144,0.0,0.043199999999999995,0.14549226783578567,0.00525049683374811
ragsr,g0038,PO19,5,1.0,31.31075976726453,4353742362.297552,0.0360218852812593,0.0,0.0,0.0,0.0180109426406296,2487.66,0.0099211326350455,0.017627532903826,0.0,0.9970620778493624,0.0,1.0,0.0,0.0,0.0144087541125037,0.6988248311397449,0.0838844658272542,0.1456161616161616,0.03572615348266953,0.05809360259735219,0.1684350551143784,0.8240609527317841
ragsr,g0039,CRK0,5,1.0,2.982493342040677,2460.6491513292426,0.1089586083680295,0.0,0.2708824470204906,0.0812647341061471,0.0544793041840147,3059.681,0.0243826264789361,0.0005333443593715,0.0,0.999911109273438,0.0,1.0,0.0,0.0,0.0679628635790559,0.6999644437093753,0.1824785470388196,0.1624761904761905,0.10187872746544964,0.11670572072191307,0.23912338620417203,9.741441809500667
ragsr,g0040,feynman-i.29.16,5,1.0,72.75235939163302,38.4979100578544,0.0098680655534934,0.0296116318903534,1.0,0.3207281423232473,0.0197398487219234,3263.3,0.0081089927726833,0.1604370293462806,0.4772555784697543,0.8937178986973275,0.0,1.0,0.0,0.0,0.1001656689183715,0.6574871594789311,0.2080878501966669,0.1746666666666667,0.029422270714889533,0.15256566891837156,0.2568122195674602,5.688175472070318
ragsr,g0041,PO41,5,1.0,18.525498969072377,54908987.45548333,0.0523021489876114,0.0,0.0,0.0,0.0261510744938057,3078.394,0.0116157544854904,0.0295183104779268,0.0,0.995080281587012,0.0,1.0,0.0,0.0,0.0209208595950445,0.6980321126348048,0.1009636784488164,0.1637362637362637,0.05028577170694143,0.07004173871592367,0.18473698941838737,0.9869272395191784
ragsr,g0042,feynman_test_15,5,1.0,11.298114498529586,19.813564936577567,0.067642430593213,0.050216955529631,0.9390108372774668,0.3168551200539817,0.058929693061422,3604.085,0.0206253925714977,1.057873162809087,0.8855711671643682,0.6760926116710908,0.0,1.0,0.0,0.0,0.1221135082534797,0.5704370446684364,0.1993377608031795,0.1794343434343434,0.0823208870799613,0.17594381128378273,0.23927356423161988,10.772059608780486
ragsr,g0043,CRK33,5,1.0,224.7208718198372,12494295.78038608,0.0,0.0,0.0,0.0,0.0,2121.483,0.0,0.0,0.0,1.0,0.0,1.0,0.0,0.0,0.0,0.7,0.0,0.1656969696969697,0.015211888545576034,0.04970909090909091,0.1560687494197815,0.02706879617187532
ragsr,g0044,feynman-i.15.3t,5,1.0,2.53110438434384e+20,5.70512635490329e+22,0.0,0.0,0.411761197165401,0.1235283591496203,0.0,2424.757,0.0,0.0,0.0,1.0,0.0,1.0,0.0,0.0,0.037058507744886,0.7,0.1347541049281771,0.1785714285714285,0.0,0.09062993631631464,0.21073364419331378,0.040852510834467684
ragsr,g0045,feynman-bonus.20,5,1.0,0.9999999372494944,0.9999999912157704,0.1428571448037284,0.1428571431296388,0.999999994140686,0.3999999984329529,0.1428571439666836,2717.439,0.0727644708032412,0.0679465383758368,0.5371329747167412,0.8991534144845703,0.0,1.0,0.0,0.0,0.1771428574513772,0.6596613657938282,0.2776405349846113,0.4796406926406926,0.26906865562110677,0.321035065243585,0.3737638418497659,24.194108523507847
ragsr,g0046,II.6.15b_3_0,5,1.0,3.832244473299608,5.222967132604613,0.101181913816432,0.0915773362220226,0.9663839784195748,0.3540193288812883,0.0963796250192273,3603.294,0.0337328687567295,0.7590804602822631,1.4524620711586147,0.631409578093187,0.0,1.0,0.0,0.0,0.1466785641909593,0.5525638312372748,0.2116244192265537,0.1656410256410256,0.22142452605846089,0.19637087188326696,0.2448617722076735,14.879315775049015
ragsr,g0047,BPG5,5,1.0,20401161564.46739,360598192584181.4,0.0,0.0,0.0,0.0,0.0,3276.323,0.0,0.0,0.0,1.0,0.0,1.0,0.0,0.0,0.0,0.7,0.0,0.1679523809523809,0.0,0.05038571428571427,0.1571273368959074,0.0054564014935417965
ragsr,g0048,MatSci21,5,1.0,1.052016550886352e+22,2.539278653117207e+21,0.0,0.0,1.0,0.3,0.0,3601.678,0.0,0.0,0.0,1.0,0.0,1.0,0.0,0.0,0.09,0.7,0.21,0.1739610389610389,0.0,0.14218831168831167,0.2639550581581507,0.04896102930460538
ragsr,g0049,BPG3,5,1.0,0.0004963946451905,0.7981327091494262,0.3788694937184286,0.1498517778949779,0.1984379948365114,0.164427642977438,0.2643606358067032,2198.851,0.1594055604003884,4.4182716124378185,2.3150812503529448,0.1141531249411758,0.0,1.0,0.0,0.0,0.2008760903806028,0.3456612499764703,0.15492261524663,0.2889235209235209,0.24125596338045444,0.28755314665765913,0.18535732714648734,22.45810501298346
ragsr,g0050,BPG9,5,1.0,633863501.4829459,3693556941212.841,0.0,0.0,0.058637736678989,0.0175913210036967,0.0,3240.801,0.0,0.0,0.0,1.0,0.0,1.0,0.0,0.0,0.005277396301109,0.7,0.0508519831230151,0.1304444444444444,0.0,0.04441072963444233,0.14751697367041103,0.026399417189645863
tpsr,g0001,II.34.2_1_0,5,1.0,0.3204713033287845,0.837373389306322,0.1781579180997232,0.1483629174691835,0.8957174977933197,0.3725692915664244,0.1632604177844533,3607.423,0.0571411462245586,0.1252540315881356,0.1373309935588767,0.9562358291421648,0.0,0.8571428571428571,0.0,0.0,0.1830339547098166,0.6824943316568659,0.2919879173620714,0.1693333333333333,0.30700524630117093,0.23383395470981658,0.33002955675639484,20.055509705507703
tpsr,g0002,first_principles_hubble,5,1.0,0.0863083471997872,0.080576677223799,0.2188533714304557,0.2209850461266206,1.0,0.4546895322886344,0.2199192087785381,224.836,0.2109915029740366,0.0,0.0,1.0,0.0,0.8333333333333334,0.0,0.6666666666666666,0.2239482082587726,0.8999999999999999,0.4259084980246412,0.1399999999999999,0.39323431180297314,0.2659482082587726,0.46413149935078285,28.50529947317128
tpsr,g0003,feynman-ii.27.18,5,1.0,0.7649597525841711,0.8259222691595624,0.1511686724367791,0.1487900588530736,0.9916748524570416,0.401655496934264,0.1499793656449263,1383.633,0.112511126823676,0.0,0.0,1.0,0.0,0.625,0.0,0.2142857142857142,0.1809641180549908,0.7642857142857142,0.3251262068618068,0.1099999999999999,0.2573019883617641,0.21396411805499083,0.3535299533835384,20.220668310664994
tpsr,g0004,Korns-4,5,1.0,0.0015256882717004,0.0016219517368746,0.3440381565908839,0.3421401480633881,0.9933569701579884,0.5375051946917682,0.343089152327136,471.867,0.3138585712502619,0.0,0.0,1.0,0.0,0.8333333333333334,0.0,0.6666666666666666,0.298866821043884,0.8999999999999999,0.4920184194169421,0.28,0.5401491925693909,0.38286682104388403,0.556886097012258,41.19649187860919
tpsr,g0005,Keijzer-11,5,1.0,3.065492995345121,3.349352220782049,0.1081071194213559,0.1053599413767502,0.9903848768438828,0.3708674220168899,0.106733530399053,400.561,0.099014186430827,0.0,0.0,1.0,0.0,0.625,0.0,0.3571428571428571,0.1545030743736093,0.807142857142857,0.3172626669345759,0.1333333333333333,0.34169077378039153,0.1945030743736093,0.3559702003032122,20.019781783889997
tpsr,g0006,Keijzer-2,5,1.0,0.8389386522992732,1.9854927974364909,0.1483049854253991,0.1215808345744057,0.9064654720215978,0.3570462258085633,0.1349429099999024,321.531,0.1271089061896618,0.0,0.0,1.0,0.0,0.7142857142857143,0.0,0.4761904761904761,0.1664358619127286,0.8428571428571427,0.3438566488566124,0.15,0.30592917216512094,0.21143586191272862,0.3875638815857824,22.19994700371478
tpsr,g0007,Korns-2,5,1.0,1.0146871175180725,1.001611885211745,0.1424048466713788,0.1428071807662744,1.0,0.3999650265363921,0.1426060137188266,1071.163,0.1150253788417392,0.0,0.0,1.0,0.0,1.0,0.0,1.0,0.1769514466294691,1.0,0.4206559718219499,0.1,0.2708543632270333,0.20695144662946913,0.45491916493973866,20.789071279792168
tpsr,g0008,Nguyen-12,5,1.0,0.0102362303853156,0.0655405404401202,0.2849899962909649,0.2273921415567237,0.798407508439106,0.3986967516214383,0.2561910689238443,286.868,0.242921495947725,0.0,0.0,1.0,0.0,0.8333333333333334,0.0,0.6666666666666666,0.2336050240028174,0.8999999999999999,0.4349943326553601,0.1333333333333333,0.48049066341134644,0.27360502400281744,0.4707654080774012,30.67098678181315
tpsr,g0009,Nguyen-6,5,1.0,0.0143373015237856,0.2164805312601991,0.2745380415098213,0.190327225353745,0.7052621434608042,0.3448077007858627,0.2324326334317831,190.606,0.2244334708086904,0.0,0.0,1.0,0.0,1.0,0.0,1.0,0.2132575268396873,1.0,0.4617981451236972,0.1666666666666666,0.4712997037176779,0.26325752683968734,0.5130862762145245,30.815359456433928
tpsr,g0010,Nguyen-9,5,1.0,0.1588523401022455,0.0048135005955295,0.1999290273618078,0.3083956407226863,1.0,0.5158769485058804,0.2541623340422471,356.728,0.2377919357884013,0.0,0.0,1.0,0.0,0.8333333333333334,0.0,0.6666666666666666,0.2347346954964872,0.8999999999999999,0.4360448409878903,0.1,0.4720672436604207,0.2647346954964872,0.46307138040711887,28.50220662297141
tpsr,g0011,Vladislavleva-4,5,1.0,0.1373393135930254,0.1431223577450734,0.2044432233923604,0.2031637512838725,0.995521847620324,0.440871180184808,0.2038034873381164,647.882,0.1799628214660787,6.222803328181925e-07,1.2673510816352265e-06,0.9999996850614308,0.0,1.0,0.0,0.2,0.2140386434123865,0.7599998740245724,0.3516087021822857,0.1315873015873015,0.38721796760483107,0.25351483388857704,0.38266188667066636,26.10209217340594
tpsr,g0012,feynman_I_27_6,5,1.0,0.0099348892943144,0.1674094097234064,0.2859169262802636,0.1983014382068944,0.6933457917534871,0.3468147442708721,0.242109182243579,1488.294,0.17704966331838,0.4799399826407018,0.4957952766894294,0.8373774567783114,0.0,0.8333333333333334,0.0,0.0666666666666666,0.2184111937933671,0.6549509827113247,0.3060879582421243,0.1971428571428571,0.3936871084463071,0.2775540509362242,0.34505043818139364,27.885250994339707
tpsr,g0013,feynman-i.43.31,5,1.0,0.6535228905926426,0.6477586847643805,0.1560527997156585,0.1563276253957278,1.0,0.4094293377770095,0.1561902125556932,2079.69,0.0975408528202856,1.5269730108123578,1.3386127586863903,0.5224023717502086,0.0,1.0,0.0,0.3,0.1852499212193663,0.5989609487000834,0.2577968010549346,0.1399999999999999,0.2774007073263289,0.2272499212193662,0.2855291014817948,20.257561920855434
tpsr,g0014,feynman-ii.34.11,5,1.0,1.000606795619848,1.0000156951866166,0.1428383251380102,0.1428566559800393,1.0,0.3999996591860275,0.1428474905590248,1461.512,0.1051523074884037,0.0,0.0,1.0,0.0,0.6666666666666666,0.0,0.2777777777777778,0.1771352278110123,0.7833333333333333,0.3296849161760893,0.0844444444444444,0.18069212825891454,0.20246856114434564,0.3524726354894091,17.84677780400207
tpsr,g0015,III.21.20_3_0,5,1.0,0.8481695034743053,0.999993245421506,0.1479655247825998,0.1428573523918624,0.9821213966324388,0.3946365656640354,0.1454114385872311,956.892,0.1202883892843982,0.0,0.0,1.0,0.0,0.8333333333333334,0.0,0.4,0.1775771796122505,0.82,0.3455472407229976,0.1771428571428571,0.27463408252222393,0.23072003675510766,0.39387326986498383,22.637894222113285
tpsr,g0016,feynman_II_15_4,5,1.0,0.5869332203440663,2.311342541901283,0.1593865220556765,0.1168668347952098,0.851181094588505,0.3371611127331984,0.1381266784254431,2527.651,0.0750882273277522,0.0126110817173463,0.0240765676427319,0.9938853917733202,0.0,1.0,0.0,0.3,0.1649029426422301,0.7875541567093282,0.3198119083192109,0.148,0.2637417646943661,0.2093029426422301,0.360303179991076,19.603258813232205
tpsr,g0017,strogatz_shearflow1,5,1.0,0.2372373371160204,4.431008637959057,0.1874869256696036,0.0966783859527941,0.6821701109916001,0.2723259034644358,0.1420826558111989,626.419,0.126012620016508,0.0,0.0,1.0,0.0,0.8333333333333334,0.0,0.4,0.1566925413071722,0.82,0.3245921514376813,0.1571428571428571,0.26826986980564294,0.20383539845002932,0.3702146970580716,21.559186209810957
tpsr,g0018,feynman-i.18.16,5,1.0,1.0000009274419528,0.9999999840167508,0.1428571140869474,0.1428571433529598,1.0,0.4000000003470719,0.1428571287199536,3603.651,0.0499999950519837,0.0001770232296247,0.0004590312417516,0.9998939909214372,0.0,0.75,0.0,0.2142857142857142,0.1771428457389005,0.7642433106542892,0.3216573314982881,0.12,0.26812413799886,0.21314284573890055,0.35283123596171784,17.858130892181475
tpsr,g0019,feynman-ii.34.2a,5,1.0,0.5793779347262261,2.796681719253227,0.1597884320479742,0.1109540683128903,0.8290797269273553,0.3263917658972298,0.1353712501804322,1780.48,0.0918527023224277,0.0154008631966188,0.1196562210693935,0.9774904859556646,0.0,1.0,0.0,0.0,0.1618329025883586,0.6909961943822658,0.277977130399321,0.1359523809523809,0.27267385046293574,0.2026186168740729,0.31103934503786396,19.515080664512396
tpsr,g0020,first_principles_leavitt,5,1.0,0.0002767494548776,0.0014680986436184,0.3969938018494543,0.3452317687557719,0.8188328844904738,0.4873121034761824,0.3711127853026131,456.917,0.3404963877083425,0.0,0.0,1.0,0.0,1.0,0.0,1.0,0.3049911517826364,1.0,0.5522600400016613,0.1666666666666666,0.5595684413019051,0.35499115178263646,0.5958113390853153,39.25717343942312
tpsr,g0021,feynman-i.39.22,5,1.0,0.9299531135412012,0.9735793664174917,0.1451099247994227,0.1436877599223673,0.9950224229303112,0.3990881588247505,0.144398842360895,3217.061,0.0605235854906591,1.8968516171252725e-06,6.424786860489626e-06,0.9999986130602536,0.0,1.0,0.0,0.6666666666666666,0.1777704175671942,0.8999994452241015,0.3794652299072267,0.0428571428571428,0.0,0.1906275604243371,0.39294800366426946,1.9732168625089899
tpsr,g0022,feynman-i.11.19,5,1.0,1.0018840087929934,1.0001624569167062,0.1427987539408858,0.1428521036848508,1.0,0.3999964725793955,0.1428254288128683,3384.32,0.0555508396723187,0.0,0.0,1.0,0.0,0.7142857142857143,0.0,0.1428571428571428,0.1771184433501729,0.7428571428571428,0.3126347124559618,0.1544615384615384,0.27111074034935073,0.22345690488863448,0.35115769782042994,18.973906082481452
tpsr,g0023,I.11.19_4_0,5,1.0,0.3233275410974345,0.3613128175276801,0.1778826643236876,0.1744369022582477,0.9879398327709956,0.4184877814120721,0.1761597832909676,2134.102,0.1082811958474861,0.3406931533709121,0.2825556743063335,0.8961251953871257,0.0,0.8333333333333334,0.0,0.0666666666666666,0.1966994001530966,0.6784500781548504,0.3008980786333131,0.2,0.3218174160261964,0.25669940015309667,0.34374019875207906,23.725018098291663
tpsr,g0024,strogatz_predprey2,5,0.8,0.8726193225894163,0.9581636667258648,0.1470839410407535,0.1441828786771427,0.9898462817273734,0.3978818995922119,0.1456334098589481,469.576,0.1332859459300171,0.0,0.0,1.0,0.0,1.0,0.0,0.6,0.1781981462939649,0.8200000000000001,0.3461508826625494,0.16,0.3330492216731717,0.22619814629396495,0.3899944019701591,23.350620718034733
tpsr,g0025,strogatz_barmag2,5,1.0,1.0583439411996034,1.0139070851948524,0.1410980837215287,0.1424287030056904,1.0,0.3997000921039833,0.1417633933636096,2268.723,0.0836927777515694,0.0,0.0,1.0,0.0,1.0,0.0,1.0,0.1763492611198064,1.0,0.4199395922270326,0.2025641025641025,0.26848866129537013,0.23711849188903722,0.48694814086208116,22.36071821002909
tpsr,g0026,strogatz_barmag1,5,1.0,0.5543525933548747,0.7397836674480286,0.1611581368876998,0.1522068043598804,0.9686703361526808,0.3971458638977205,0.1566824706237901,2187.83,0.0947889994270817,0.0,0.0,1.0,0.0,0.8333333333333334,0.0,0.6666666666666666,0.1836070139243961,0.8999999999999999,0.385644501164947,0.1666666666666666,0.30230260770733924,0.23360701392439606,0.4349961853611601,22.5920714080644
tpsr,g0027,feynman_I_12_11,5,1.0,0.8291740852310865,0.9272975286642834,0.1486681628343701,0.145198635546529,0.98785665449257,0.3979960412303412,0.1469333991904495,2158.431,0.0896709985137199,0.0059562088846243,0.0177288858430868,0.9960524842120482,0.0,0.8333333333333334,0.0,0.1333333333333333,0.1788660775028504,0.7384209936848194,0.3122971543494467,0.1253333333333333,0.27745292884528266,0.21646607750285038,0.34355712453381954,19.967970786875043
tpsr,g0028,feynman-ii.4.23,5,1.0,0.0004563113763275,0.0005582108252512,0.3814813359763886,0.3752286961139296,0.978115760524828,0.5560948154371991,0.3783550160451591,1256.153,0.2925420542380442,0.0,0.0,1.0,0.0,1.0,0.0,1.0,0.3194209790217152,1.0,0.5651734061522314,0.1666666666666666,0.44354127632897816,0.36942097902171517,0.6078001143646776,37.51678975051143
tpsr,g0029,strogatz_vdp1,5,1.0,1.0151235367611808,0.9936070615514498,0.1423915073221712,0.143056095045124,1.0,0.4001392665315868,0.1427238011836476,418.369,0.1319426097710612,0.0,0.0,1.0,0.0,1.0,0.0,0.6,0.1769983828883445,0.8799999999999999,0.3702263465891291,0.1857142857142857,0.27610700200425714,0.23271266860263023,0.4245146529460165,23.38743667122837
tpsr,g0030,feynman-iii.7.38,5,1.0,1.0035902761169695,0.9999997124433632,0.1427459682327275,0.1428571517774485,1.0,0.4000000062442139,0.142801560005088,2066.783,0.0895124228426443,0.0011541311163871,2.116266038225679e-05,0.9998041177038718,0.0,1.0,0.0,0.1,0.1770983891663552,0.7299216470815488,0.3071733605922705,0.1379999999999999,0.2713903356194665,0.21849838916635514,0.34119319710086277,20.067664491901446
tpsr,g0031,II.11.27_1_0,5,1.0,0.9982276922890624,1.000206946277991,0.1429121704529824,0.1428507238337034,0.9997849368325238,0.3999309877333495,0.1428814471433429,1647.931,0.1003680588247194,0.0001116865441524,3.4826379851082176e-05,0.9999755811793328,0.0,0.7142857142857143,0.0,0.0476190476190476,0.1771441645011978,0.7142759467574473,0.3006280159631031,0.1585714285714285,0.28260619775354795,0.22471559307262634,0.3385966290727683,21.05182935889881
tpsr,g0032,feynman-i.13.12,5,1.0,10.808317611223078,4.763016123527844,0.0690172786929397,0.0944369963095433,1.0,0.3661058974166803,0.0817271375012415,2013.961,0.0520085475234805,0.9714976113754668,1.511628553546967,0.5861456391795945,0.0,0.8333333333333334,0.0,0.0,0.13743868070218,0.5344582556718378,0.1981382298570718,0.3307142857142857,0.15005962916763343,0.23665296641646566,0.2599978557347014,16.02830674658643
tpsr,g0033,feynman-iii.10.19,5,1.0,2.528752847819265e+49,1.6927353606628247e+43,0.0,0.0,1.0,0.3,0.0,3605.267,0.0,0.0,0.0,1.0,0.0,1.0,0.0,0.1,0.09,0.73,0.219,0.13,0.0,0.129,0.26219096094259237,0.046588677996088484
tpsr,g0034,CRK11,5,1.0,0.9881877101852492,11.33756321392438,0.1432257536865911,0.0675343056046327,0.7350799317132457,0.2677979934372166,0.1053800296456119,516.749,0.0955478723648977,0.0,0.0,1.0,0.0,0.8333333333333334,0.0,0.4,0.1376296995058014,0.82,0.3042075113268916,0.1480952380952381,0.13656801648973219,0.18205827093437285,0.3498799528070625,17.204541446046086
tpsr,g0035,feynman-i.32.5,5,1.0,0.7842185013102685,0.8919438483219007,0.1503973511445976,0.1464044632469605,0.9860248923582868,0.3982905919803584,0.148400907195779,1680.371,0.1033760245467343,0.0,0.0,1.0,0.0,0.625,0.0,0.3571428571428571,0.1796461180519465,0.807142857142857,0.3421049249331789,0.1238095238095238,0.27623342488161917,0.2167889751948037,0.37581058137659545,20.74005440339218
tpsr,g0036,CRK10,5,1.0,0.9187826247841202,2835.7915543919853,0.1454848018855655,0.0,0.1276346172122636,0.038290385163679,0.0727424009427827,689.248,0.0636897869602113,0.0,0.0,1.0,0.0,1.0,0.0,0.3,0.0696810363033299,0.7899999999999999,0.2085376099338155,0.1496336996336996,0.14987804500400312,0.11457114619343978,0.2674020425115069,11.34100526229631
tpsr,g0037,CRK34,5,1.0,0.9227651248943756,1810.7718187268656,0.1453506305445098,0.0,0.1768068613705059,0.0530420584111517,0.0726753152722549,584.415,0.0650066614267986,0.0,0.0,1.0,0.0,0.8333333333333334,0.0,0.6666666666666666,0.0740528697411494,0.8999999999999999,0.2449139124066475,0.1618181818181818,0.1380850807343598,0.12259832428660397,0.3151263915830428,12.338877918044625
tpsr,g0038,PO19,5,1.0,0.0809778144708905,26.48232590363073,0.2208309963346024,0.0412174195795218,0.3713524813585546,0.1402579381132316,0.1310242079570621,972.504,0.1080175362576736,0.0,0.0,1.0,0.0,1.0,0.0,1.0,0.1304097799678105,1.0,0.3611229430094556,0.13,0.23968757114383762,0.16940977996781045,0.4115941933115802,18.71069743184884
tpsr,g0039,CRK0,5,1.0,0.8718967864293885,86.58832469158128,0.1471096373587833,0.0044671902137497,0.5007514349925055,0.1533524636473764,0.0757884137862665,541.641,0.0683765879666708,0.0,0.0,1.0,0.0,1.0,0.0,0.6,0.1048495940377262,0.8799999999999999,0.284948285874499,0.1586666666666666,0.14134043750635075,0.15244959403772623,0.3435941874112762,15.106813727045445
tpsr,g0040,feynman-i.29.16,5,1.0,0.1989456295927005,0.3083116404653441,0.1929475426377039,0.1793578627108074,0.9524361202560562,0.411281339974382,0.1861527026742557,2705.892,0.095205224670361,0.2130091327762419,0.2569410718493353,0.9216749658957372,0.0,1.0,0.0,0.0,0.2005634190473962,0.6686699863582949,0.2994592222700504,0.175,0.3531749404687681,0.25306341904739615,0.33637717254897753,23.228201287421175
tpsr,g0041,PO41,5,1.0,0.0355457748290927,5.989201166352708,0.2463722867538165,0.0873307928221857,0.4433547712423286,0.1941379863482285,0.1668515397880011,1464.156,0.1227424164523354,0.0,0.0,1.0,0.0,0.7142857142857143,0.0,0.2857142857142857,0.1567903106059952,0.7857142857142857,0.3111173705890954,0.1347619047619047,0.26850247983752623,0.19721888203456653,0.3489304702842217,20.495502171115895
tpsr,g0042,feynman_test_15,5,1.0,0.1468259364356997,0.4216164543987269,0.202371230043249,0.1696487463058185,0.8854713069194746,0.3843955144899153,0.1860099881745338,2294.767,0.1089399246615749,0.0190435247526612,0.0706058130229024,0.9850584437040728,0.0,1.0,0.0,0.0,0.1962671463642742,0.6940233774816291,0.3074665703438953,0.1826190476190476,0.3940259195637453,0.2510528606499885,0.3477416309251873,24.419697742608612
tpsr,g0043,CRK33,5,1.0,0.5732947583316654,1.5727790726345594,0.1601158592134035,0.1288094484419132,0.8904275622999046,0.3572948825993106,0.1444626538276583,798.043,0.123646871529997,0.0,0.7294515818349697,0.8784247363608384,0.0,1.0,0.0,0.3,0.1712348084651546,0.7413698945443353,0.3067827756392645,0.1666666666666666,0.13945400964130483,0.22123480846515456,0.34870781100480847,19.63650918028962
tpsr,g0044,feynman-i.15.3t,5,1.0,135250172212839.6,1.7290123676873542e+17,0.0,0.0,0.2233349317383118,0.0670004795214935,0.0,3604.371,0.0,0.0,0.0,1.0,0.0,0.8571428571428571,0.0,0.1904761904761904,0.020100143856448,0.7571428571428571,0.1073439104978571,0.1571428571428571,0.10198085219657697,0.06724300099930518,0.19633664852100036,0.24395820413468744
tpsr,g0045,feynman-bonus.20,5,1.0,4265900987722993.0,25986408562471.15,0.0,0.0,1.0,0.3,0.0,2045.748,0.0,0.0,0.0,1.0,0.0,1.0,0.0,0.6,0.09,0.8799999999999999,0.2639999999999999,0.0735714285714285,0.08889575385953459,0.11207142857142854,0.29459822519104595,0.28861812291738276
tpsr,g0046,II.6.15b_3_0,5,1.0,0.3770992621948312,0.0518756901414041,0.1731103083787679,0.2346454366067573,1.0,0.4642518056247301,0.2038778724927626,2589.849,0.108542209234879,0.536027670749272,0.0,0.9106620548751212,0.0,0.8333333333333334,0.0,0.2,0.2085196650389262,0.7242648219500485,0.3307279516024629,0.1444444444444444,0.3582237185872314,0.25185299837225955,0.3634719948470797,23.397361613421566
tpsr,g0047,BPG5,5,1.0,0.8451044307836799,1266.766329900409,0.1480778300952446,0.0,0.2060534667931906,0.0618160400379571,0.0740389150476223,1344.848,0.0560608021488509,0.0370003387835458,0.0,0.993833276869409,0.0,1.0,0.0,0.0,0.077775944049485,0.6975333107477637,0.1945304528780704,0.1564285714285714,0.1416901266561186,0.1247045154780564,0.24632361062754393,11.87322523822324
tpsr,g0048,MatSci21,5,1.0,0.5163110078617186,0.3928851003661341,0.163363472543023,0.1718381743503088,1.0,0.4202867220452161,0.1676008234466659,1543.745,0.1208851549537249,0.0388177323919897,0.2118133444296558,0.958228153863059,0.0,1.0,0.0,0.0,0.191431405630774,0.6832912615452236,0.2989595704208565,0.1591428571428571,0.3569043603847615,0.23917426277363119,0.3341666374900701,23.239633879657664
tpsr,g0049,BPG3,5,1.0,0.14446247943921,31780206.29027841,0.2028746382518825,0.0,0.0,0.0,0.1014373191259412,1577.322,0.0725485539034581,0.0,0.0,1.0,0.0,0.8571428571428571,0.0,0.4761904761904761,0.081149855300753,0.8428571428571427,0.240103143780862,0.1333333333333333,0.21005186309200652,0.121149855300753,0.29336981130318357,2.223768303786931
tpsr,g0050,BPG9,5,1.0,0.7441912009126179,326.5416580327789,0.1520225335177301,0.0,0.3394364842947395,0.1018309452884218,0.076011266758865,2346.983,0.0438006700701181,0.1423307187952288,0.0,0.9762782135341286,0.0,1.0,0.0,0.0,0.0913582969936186,0.6905112854136515,0.2087107306971319,0.1627619047619047,0.14049868441372004,0.14018686842219,0.25853803761504085,12.603843274049506
udsr,g0001,II.34.2_1_0,5,1.0,2.561539371151211e-15,1.2796532212497775e-32,1.0,1.0,1.0,1.0,1.0,412.4,0.9255388888888888,0.0,0.0,1.0,1.0,1.0,1.0,0.3,1.0,0.7899999999999999,0.7899999999999999,1.0,0.5662078705142644,1.0,0.7899999999999999,86.33090178759983
udsr,g0002,first_principles_hubble,5,1.0,0.0788364035216079,0.1051780197142551,0.2216623711602692,0.2127196435940909,0.9687004535187208,0.4395138865714799,0.21719100737718,3601.775,0.076016852582013,0.4871465678432231,0.0579174746403634,0.9091559929194022,0.0,1.0,0.0,0.0,0.2205191144355516,0.6636623971677609,0.3116522963665492,0.135047619047619,0.4094476962339706,0.26103340014983734,0.3390745949299872,22.755821190736185
udsr,g0003,feynman-ii.27.18,5,1.0,3.9317074684024736e-14,8.328874868841897e-14,1.0,1.0,0.995500957446134,0.99865028723384,1.0,545.732,0.9014650555555556,0.0,0.0,1.0,0.8,1.0,0.8,0.1,0.939595086170152,0.73,0.707608805357928,0.506,0.6383417438163407,0.851395086170152,0.6735788308877246,76.2065709099186
udsr,g0004,Korns-4,5,1.0,4.548815572301205e-18,4.84370411351001e-18,1.0,1.0,0.9999999679830338,0.9999999903949102,1.0,1209.789,0.7815658750000001,0.0,0.0,1.0,0.8,1.0,0.8,0.3,0.939999997118473,0.7899999999999999,0.765933416297813,0.2547619047619047,0.6514673138871799,0.7764285685470445,0.6961099551293677,66.97999198273953
udsr,g0005,Keijzer-11,5,1.0,1.9538472143486365,3.1360009299653697,0.1220792428544262,0.1074017012285518,0.9486286043094608,0.3597697721528246,0.114740472041489,3610.959,0.0401591652145211,0.5427761918011276,0.5142482131979572,0.8238292658334858,0.2,1.0,0.2,0.0,0.2167626287876178,0.6295317063333943,0.2930959469323816,0.1502380952380952,0.18555455818576014,0.20183405735904641,0.2828230709087187,15.507303405754325
udsr,g0006,Keijzer-2,5,1.0,0.3818357667434123,0.9996537721254484,0.1727230995328554,0.1428678850636899,0.8955067493580968,0.368659544352012,0.1577954922982727,3602.067,0.0552284223043954,0.0657215053717785,0.1273683369385093,0.967818359614952,0.0,1.0,0.0,0.0,0.1796871031187458,0.6871273438459808,0.2912699524805482,0.1403809523809523,0.3487783348221096,0.22180138883303144,0.3236080839078916,19.54351147038978
udsr,g0007,Korns-2,5,1.0,4.960259681103279e-13,4.959101860060789e-13,1.0,1.0,1.0,1.0,1.0,174.47,0.9684984722222222,0.0,0.0,1.0,1.0,1.0,1.0,0.0,1.0,0.7,0.7,0.1380952380952381,0.167665711233574,0.7414285714285714,0.6027437266367854,48.80628664673786
udsr,g0008,Nguyen-12,5,1.0,7.79390083238189e-08,5.566419517628181e-05,0.6505889374543607,0.4467445761299958,0.2865461264640633,0.398685041230216,0.5486667567921784,3601.782,0.1920333648772624,0.0690298825523632,0.0386746708530765,0.9820492410990932,0.0,1.0,0.0,0.1,0.3798410873508091,0.7228196964396374,0.4454828081187732,0.2611204481792717,0.3906849233864939,0.45817722180459064,0.4892679024709773,36.80622369107208
udsr,g0009,Nguyen-6,5,1.0,1.0445706315072395e-16,4.201894118121053e-17,1.0,1.0,1.0,1.0,1.0,2675.749,0.5168786527777778,4.70185712441361,7.157557678703099,0.0,0.6,1.0,0.6,0.1,0.8799999999999999,0.3299999999999999,0.3095674401483463,0.6742857142857143,0.26568521830048336,0.9022857142857142,0.3134627797454017,55.436736337122774
udsr,g0010,Nguyen-9,5,1.0,2.676616149560393e-06,4.34864459248273e-07,0.5408867075727954,0.5972604346466233,1.0,0.7180823042526363,0.5690735711097094,3601.862,0.1991757498883982,0.0006466794308641,0.0008259742219216,0.9997545577245356,0.2,1.0,0.2,0.3,0.4917793743049091,0.7899018230898143,0.5539343171029034,0.1523809523809524,0.26373727397243346,0.4774936600191948,0.5458293957217452,34.53658181132078
udsr,g0011,Vladislavleva-4,5,1.0,1.5690168343919198e-13,8.954526476692903e-12,1.0,0.9319969553632412,0.7663189617429316,0.8822935572771482,0.9659984776816206,93.059,0.949767462676767,0.674202118691678,0.4546159847567974,0.811863649425254,1.0,1.0,1.0,0.1,0.9646880671831446,0.6547454597701017,0.6430814003745919,0.1838888888888888,0.4723069146750826,0.7198547338498111,0.5555138971471836,58.584696712522366
udsr,g0012,feynman_I_27_6,5,1.0,2.328989556214952e-05,0.0008456879320413,0.4737737470677517,0.3623421333387585,0.6099893564819723,0.4366363002817226,0.4180579402032551,3603.784,0.1463202790711393,3.0903908148178934,2.856559629123125,0.0239067284794792,0.2,1.0,0.2,0.0,0.3805003889116174,0.3095626913917916,0.1909528595272739,0.3492857142857143,0.6668515573543585,0.42528610319733173,0.20187810049302096,33.53892144531951
udsr,g0013,feynman-i.43.31,5,1.0,8.627466519996317e-18,8.627466677385616e-18,1.0,1.0,0.9999999999999828,0.9999999999999948,1.0,483.982,0.9126143611111112,0.0,0.0,1.0,1.0,1.0,1.0,0.3,0.9999999999999984,0.7899999999999999,0.7899999999999993,1.0,0.6162643525582907,0.9999999999999984,0.7899999999999993,87.35348569927397
udsr,g0014,feynman-ii.34.11,5,1.0,0.983921486619197,1.0718038421009743,0.1433599682369344,0.1407060493194186,0.990711283788704,0.3957076196602042,0.1420330087781765,3602.803,0.0497115530723617,0.001812049786068,0.0118844036000535,0.9977172577689796,0.0,1.0,0.0,0.0,0.176056273192835,0.6990869031075919,0.2933302944470164,0.1822777777777778,0.2727771639110697,0.23073960652616834,0.3358089291714667,19.002712709302145
udsr,g0015,III.21.20_3_0,5,1.0,9.614906584689536e-15,4.5439816810878224e-15,1.0,1.0,1.0,1.0,1.0,849.297,0.8466547083333333,0.0,0.0,1.0,1.0,1.0,1.0,0.6,1.0,0.8799999999999999,0.8799999999999999,1.0,0.46228742984555354,1.0,0.8799999999999999,83.72404082058002
udsr,g0016,feynman_II_15_4,5,1.0,2.502261177773581e-31,5.908606957084231e-32,1.0,1.0,1.0,1.0,1.0,1232.254,0.7775096944444444,0.0,0.0,1.0,0.8,1.0,0.8,0.3,0.94,0.7899999999999999,0.7659334174717799,0.8333333333333334,0.32461255185419136,0.95,0.769996753239908,73.82947750396647
udsr,g0017,strogatz_shearflow1,5,1.0,3.741300991036943e-18,3.091435970135893e-17,1.0,1.0,0.9999970497737573,0.9999991149321272,1.0,3527.81,0.3630343055555555,7.877732630576543,12.41405842793215,0.0,0.6,1.0,0.6,0.1,0.8799997344796382,0.3299999999999999,0.3095673934458094,0.67,0.22062192929438126,0.9009997344796383,0.3132393191871553,50.61250573974046
udsr,g0018,feynman-i.18.16,5,1.0,0.5594772392242239,0.6795837672346713,0.160872684059974,0.1548397859558897,0.97888485663574,0.4020533071598448,0.1578562350079319,3602.263,0.0552496822527761,0.1026453582205777,0.0314829017152032,0.9776452900107032,0.0,1.0,0.0,0.0,0.184965065771943,0.6910581160042812,0.297207269271115,0.2656190476190476,0.30569191550839436,0.2646507800576573,0.35550945948420043,21.656171238657347
udsr,g0019,feynman-ii.34.2a,5,1.0,3.0226799548854787e-15,1.2785213357368476e-13,1.0,1.0,0.9872646469461622,0.9961793940838486,1.0,280.788,0.9493021666666668,0.0,0.0,1.0,1.0,1.0,1.0,0.0,0.9988538182251544,0.7,0.6995987213612712,0.4833333333333333,0.6471143550568779,0.8438538182251546,0.6430306143025585,75.83451430601541
udsr,g0020,first_principles_leavitt,5,1.0,0.0002835486345306,0.0008356005308615,0.3962408885557675,0.362714378055859,0.8826572135032955,0.5186972286900899,0.3794776333058133,3602.116,0.1328171716570346,1.1535922844471775,0.5376540939679817,0.7181256035974735,0.0,1.0,0.0,0.0,0.314105524029334,0.5872502414389894,0.3291250901756237,0.1628571428571428,0.5612266132078734,0.3629626668864768,0.35379702983445566,30.972133022764343
udsr,g0021,feynman-i.39.22,5,1.0,0.5994483740896978,0.6084006449437075,0.1587320152443947,0.1582721667313419,0.998390530204318,0.4103076757732348,0.1585020909878683,3602.046,0.0554757318457539,0.0287455831486828,0.0563459913367881,0.9858180709190882,0.0,1.0,0.0,0.0,0.1865851088297283,0.6943272283676354,0.2999181073244598,0.192,0.3094975833671045,0.24418510882972833,0.34310242258561896,20.47434016920411
udsr,g0022,feynman-i.11.19,5,1.0,0.6874361118958849,0.6477704326070787,0.1544834041111719,0.156327062798982,1.0,0.4094289439592874,0.1554052334550769,3602.457,0.0543918317092769,0.0003871706242342,0.000196440492865,0.9999027314804836,0.0,1.0,0.0,0.0,0.1846220448322549,0.6999610925921934,0.3007569547259374,0.1553333333333333,0.29533306972285445,0.23122204483225495,0.33658016514238726,19.388455736733345
udsr,g0023,I.11.19_4_0,5,1.0,7.515451151285325e-15,2.667041807434757e-15,1.0,1.0,1.0,1.0,1.0,2083.667,0.6237823472222223,0.0,0.0,1.0,0.8,1.0,0.8,0.0,0.94,0.7,0.678675180038286,0.8371428571428572,0.5318680942292847,0.9511428571428571,0.6826858721256797,75.79541206760852
udsr,g0024,strogatz_predprey2,5,1.0,1.3807473149065393e-29,2.843325593823922e-12,1.0,0.9675838146926156,0.853823205496502,0.9334556319337814,0.9837919073463078,123.644,0.9618291356005432,0.7966692717497779,0.9269834921140916,0.7127245393560218,0.8,1.0,0.8,0.1,0.9200366895801344,0.6150898157424087,0.5899851895476628,0.8400000000000001,0.4005479966639183,0.9320366895801344,0.5938203008173027,75.09829606832064
udsr,g0025,strogatz_barmag2,5,1.0,0.0003750526703274,96.6454385118256,0.3875648384334876,0.0010584742184297,0.0,0.0007409319529008,0.1943116563259587,3601.84,0.0680090797140855,0.2077585186491606,0.0638156028063856,0.9547376464240755,0.0,1.0,0.0,0.0,0.1552482149592653,0.6818950585696303,0.2686772230720169,0.1715079365079365,0.3431232525314218,0.20670059591164622,0.3100190689343051,8.419805548932976
udsr,g0026,strogatz_barmag1,5,1.0,0.0002102758576891,58.13108074714009,0.405515041922541,0.016827971625653,0.0,0.0117795801379571,0.211171506774097,3602.053,0.0739100273709339,0.0283742173978822,0.0585007343423165,0.9855208413766336,0.0,1.0,0.0,0.0,0.1657398908104035,0.6942083365506535,0.2826202972824979,0.1857142857142857,0.41228322283995916,0.22145417652468927,0.3266869319878717,14.377017892677435
udsr,g0027,feynman_I_12_11,5,1.0,0.0026837423273034,0.1017211805696659,0.3265185131558562,0.2137563291480326,0.6053323560120067,0.3312291372072249,0.2701374211519444,3604.176,0.0945480974031805,0.2591120668477327,0.3504699995338878,0.8984029889363966,0.0,1.0,0.0,0.0,0.2299761464245099,0.6593611955745586,0.3162021225726134,0.1628571428571428,0.49628553469632397,0.2788332892816528,0.34817348588772634,25.69432483127662
udsr,g0028,feynman-ii.4.23,5,1.0,7.358037014182993e-14,7.358036789853562e-14,1.0,1.0,1.0,1.0,1.0,29.555,0.9946636805555557,0.0,0.0,1.0,1.0,1.0,1.0,0.0,1.0,0.7,0.7,1.0,0.441239311160772,1.0,0.7,82.14379245492536
udsr,g0029,strogatz_vdp1,5,1.0,2.3303901468333432e-12,1.0553897637440557e-12,0.97375509747323,0.9983276515980892,1.0,0.9988293561186624,0.9860413745356597,28.123,0.981034489251092,0.0116685312567792,0.0108719008193727,0.9962432613206412,1.0,1.0,1.0,0.4,0.9891508458248908,0.8184973045282565,0.8140451944659016,1.0,0.3965861057795678,0.9891508458248908,0.8140451944659016,82.18045755144071
udsr,g0030,feynman-iii.7.38,5,1.0,5.360408198538973e-12,5.360408210778362e-12,0.9479144383745184,0.9479144383036884,0.9999999997910708,0.963540106749903,0.9479144383391032,31.011,0.942606867916668,0.0,0.0,1.0,1.0,1.0,1.0,0.0,0.9682278073747784,0.7,0.6887899720623416,1.0,0.5797869293869385,0.9682278073747783,0.6887899720623416,83.69910135152045
udsr,g0031,II.11.27_1_0,5,1.0,1.0355381521684458e-13,2.682347743287262e-13,1.0,1.0,0.9848984648519876,0.9954695394555962,1.0,579.368,0.8953918888888889,0.0,0.0,1.0,1.0,1.0,1.0,0.2,0.9986408618366788,0.76,0.7594833518892075,1.0,0.2853905821396992,0.9986408618366789,0.7594833518892075,76.03259930906022
udsr,g0032,feynman-i.13.12,5,1.0,208.60517522085385,24.90184418027017,0.0,0.0431263206243806,1.0,0.3301884244370664,0.0215631603121903,3602.201,0.0075471061092666,2.3539827305487044,0.5467462476712055,0.5165451702966817,0.0,1.0,0.0,0.0,0.0990565273311199,0.5066180681186727,0.1594491556510222,0.3464285714285714,0.07295340873889626,0.20298509875969134,0.22825103375348532,1.5593217052979658
udsr,g0033,feynman-iii.10.19,5,1.0,1.8130334023341376e-15,3.539166543423946e-17,1.0,1.0,1.0,1.0,1.0,794.453,0.8565570972222222,0.0,0.0,1.0,1.0,1.0,1.0,0.0,1.0,0.7,0.7,0.1516666666666666,0.27123916938885695,0.7454999999999999,0.6043963931063784,52.648595281293666
udsr,g0034,CRK11,5,1.0,1.9451523424777373e-08,0.0001114898554034,0.6936461699625935,0.4251974748426805,0.0604351477170801,0.3157687767050004,0.559421822402637,622.682,0.4965267572661767,1.2914001091658944,1.7456342415807171,0.493827608208898,0.0,1.0,0.0,0.0,0.3721891009965375,0.4975310432835592,0.3035302707130516,0.1391428571428571,0.44059539147258264,0.4139319581393947,0.3200992544059635,35.88166280778986
udsr,g0035,feynman-i.32.5,5,1.0,0.0804345003995369,0.0804344890080325,0.2210398308113964,0.2210398352047384,1.0,0.4547278846433169,0.2210398330080674,3602.031,0.0773639415528236,1.32479099547027,1.582657340492699,0.5154252773395052,0.0,1.0,0.0,0.0,0.2248342977175536,0.5061701109358021,0.2400091383482396,0.1496450216450216,0.4187893140955179,0.26972780421106013,0.2628810950549125,22.452411286299217
udsr,g0036,CRK10,5,1.0,2.451783222933184e-09,6.341916096281884e-05,0.7578941379337698,0.4426985362856024,0.0,0.3098889753999216,0.6002963371096861,2121.18,0.3703883427130998,2.5511874790683926,3.042461969738074,0.0748020868219345,0.0,1.0,0.0,0.0,0.3961243477934844,0.3299208347287738,0.2076469282819563,0.1442222222222222,0.41801859749102405,0.4393910144601511,0.21869322452377218,32.35359289177431
udsr,g0037,CRK34,5,1.0,1.8115801486574587e-10,4.82136909447784e-06,0.838710174783805,0.5226306871656915,0.0,0.365841481015984,0.6806704309747482,3601.842,0.2382346508411618,0.43437573174897,0.5893892583651485,0.829372501647647,0.0,1.0,0.0,0.1,0.4452365142183172,0.6617490006590588,0.4415589389837444,0.1521428571428571,0.39927902531338155,0.4908793713611744,0.46363977351028185,35.667260699510976
udsr,g0038,PO19,5,1.0,9.947329814615716e-05,4808.559291459636,0.4287352487364503,0.0,0.0,0.0,0.2143676243682251,3602.026,0.0750286685288788,0.2088125909580731,0.0,0.9651979015069878,0.0,1.0,0.0,0.0,0.1714940994945801,0.6860791606027952,0.2841180459088697,0.1403333333333333,0.4066172667333254,0.21359409949458014,0.3170800029744863,2.8894952859565994
udsr,g0039,CRK0,5,1.0,7.857841052523572e-09,9.237623715562669e-06,0.721764054306615,0.5024599808740728,0.2324495475865337,0.421456850887811,0.612112017590344,3601.898,0.2142392061566203,0.770843490551969,0.760695247396515,0.7447435436752528,0.0,1.0,0.0,0.0,0.4151426769889893,0.5978974174701011,0.3852346725216262,0.1480952380952381,0.4216013493399298,0.45957124841756075,0.40532473074510245,34.372853295101955
udsr,g0040,feynman-i.29.16,5,1.0,0.043307364055704,0.0885831215050122,0.2402455892297409,0.2180463585749316,0.9223026927094488,0.4293232588152867,0.2291459739023362,3602.332,0.0802010908658176,0.0081823286321061,5.461987329091755e-07,0.9986361875281936,0.0,1.0,0.0,0.1,0.2248952133364823,0.7294544750112775,0.3459300574040044,0.1977777777777777,0.4353632241827105,0.2842285466698157,0.388894714022918,25.531729323017583
udsr,g0041,PO41,5,1.0,6.231724244937074e-05,19.328353614257736,0.4432422694663788,0.0509860812516541,0.0,0.0356902568761579,0.2471141753590164,3602.073,0.0864899613756557,0.0342524611373544,0.7606508244993437,0.8675161190605503,0.0,1.0,0.0,0.0,0.1880039848493989,0.6470064476242201,0.280538283771259,0.1542222222222222,0.4359456805040281,0.23427065151606555,0.3131609134984087,17.508565784033664
udsr,g0042,feynman_test_15,5,1.0,0.0016145471110272,0.0066209903172696,0.3422820912957858,0.2985055033745146,0.8467819423263995,0.4629884350600801,0.3203937973351502,3604.688,0.1121378290673025,0.0624205177210357,1.1577457030810954,0.7966389631996449,0.0,1.0,0.0,0.0,0.2758093670363383,0.618655585279858,0.3249027923951288,0.1852857142857143,0.5057162748510414,0.33139508132205264,0.3561409945975235,28.985416787623407
udsr,g0043,CRK33,5,1.0,9.215682452162643e-10,3.631370182338017e-05,0.788248035592325,0.4599949626282651,0.0,0.3219964738397856,0.624121499110295,3601.985,0.2184425246886032,0.4204679271497777,0.569878966941463,0.8349421843181266,0.0,1.0,0.0,0.0,0.4118981563888657,0.6339768737272506,0.4068818710895155,0.1746666666666667,0.4147609812678829,0.4642981563888657,0.4319882114893465,34.66478441063937
udsr,g0044,feynman-i.15.3t,5,1.0,1.536914716160343e-08,4.866203174662106e-05,0.7009535879255258,0.450914983019922,0.1248719447575064,0.3531020715411973,0.5759342854727239,3602.067,0.2015769999154533,0.0057057736167571,0.0006521519188167,0.9989403457440712,0.0,1.0,0.0,0.0,0.3863120566325695,0.6995761382976284,0.4348146008518322,0.1340238095238095,0.627671637527691,0.42651919948971234,0.4568822443062067,35.24722045835719
udsr,g0045,feynman-bonus.20,5,1.0,0.4659756048960736,0.7364202553291525,0.1665454870874931,0.1523481624772087,0.95030936386409,0.3917365228932731,0.1594468247823509,3602.067,0.0558063886738228,0.2460904409457444,0.1828980492696862,0.9285019182974282,0.0,1.0,0.0,0.0,0.1841391517029791,0.6714007673189712,0.2881077244534967,0.3456825396825397,0.29389850696224107,0.2878439136077411,0.36021380978019446,22.599960106397493
udsr,g0046,II.6.15b_3_0,5,1.0,0.0552357428577816,0.3017045776707339,0.2326985572036045,0.1800298643113188,0.8156595748786054,0.3707187774815048,0.2063642107574617,3602.938,0.0722274737651115,0.0810696194058002,0.7839155751559985,0.8558358009063669,0.0,1.0,0.0,0.0,0.2042950561258932,0.6423343203625468,0.2903287576930616,0.146020202020202,0.41739375738426765,0.2481011167319538,0.31994511734795145,22.25508104676815
udsr,g0047,BPG5,5,1.0,2.2858624096864006e-10,1.4483423563817985e-06,0.8314964224390958,0.5599377691649452,0.0500185814567305,0.4069620128524808,0.6957170958020205,2056.302,0.4374135135532076,0.5107352704916632,1.4042032782553149,0.6808435752088371,0.0,1.0,0.0,0.1,0.4546871728313825,0.6023374300835349,0.406159113907856,0.1666666666666666,0.41991247473306287,0.5046871728313825,0.4279085706017076,40.53008310208317
udsr,g0048,MatSci21,5,1.0,3.0008908508243723e-06,4.51950002097392e-06,0.537339271468481,0.5246364005182503,0.9555399638312824,0.65390746951216,0.5309878359933657,3601.831,0.185845742597678,1.8500715942282344,0.2064685076866617,0.6572433163475173,0.0,1.0,0.0,0.0,0.4111079494410404,0.5628973265390069,0.3609168209433068,0.1804761904761904,0.5494643881160822,0.4652508065838975,0.38394830384235423,36.806536537230336
udsr,g0049,BPG3,5,1.0,1.2728017768775391e-11,6.203626366691514e-12,0.921088516219298,0.9433824547749872,1.0,0.9603677183424908,0.9322354854971424,35.601,0.926243114639512,1.203547483814006,0.3333582091325411,0.7438490511755755,0.8,1.0,0.8,0.1,0.8965457219904664,0.6275396204702303,0.5941927821957831,0.1333333333333333,0.2652532623081631,0.6965457219904665,0.5237402670805265,49.75803542056097
udsr,g0050,BPG9,5,1.0,1.3050327452857571e-09,7.181555906928931e-06,0.7774556136478676,0.510270103877344,0.0649338649149867,0.3766692321886368,0.6438628587626058,3601.938,0.225352000566912,0.6454477678842405,0.8624647742300011,0.7486812429809597,0.0,1.0,0.0,0.1,0.4239830151157381,0.629472497192384,0.4098745843129808,0.1397619047619047,0.4249393368112608,0.46591158654430953,0.4296635527472905,34.492412535462684
