algorithm,gid,dataset,n_runs,n_metric_complete,n_valid_output,median_train_log_nmse_penalized,median_train_log_nmse_valid_only,median_valid_log_nmse_penalized,median_valid_log_nmse_valid_only,median_id_test_log_nmse_penalized,median_id_test_log_nmse_valid_only,median_ood_test_log_nmse_penalized,median_ood_test_log_nmse_valid_only,median_seconds
drsr,g0001,II.34.2_1_0,5,5,5,-1.7337407717139548,-1.7337407717139548,-1.7400709997376635,-1.7400709997376635,-1.7260541408382961,-1.7260541408382961,-0.2985049124047269,-0.2985049124047269,3902.511
drsr,g0002,first_principles_hubble,5,5,5,-0.9008687493191982,-0.9008687493191982,-1.1635706074345107,-1.1635706074345107,-1.6285173948657417,-1.6285173948657417,-0.9184882629853427,-0.9184882629853427,3900.937
drsr,g0003,feynman-ii.27.18,5,5,5,-1.1510969065166592,-1.1510969065166592,-1.1292192336076876,-1.1292192336076876,-1.1765191414110567,-1.1765191414110567,-0.8817256342616455,-0.8817256342616455,3901.206
drsr,g0004,Korns-4,5,5,5,-2.830024789729781,-2.830024789729781,-2.8152872584938105,-2.8152872584938105,-2.7460741769649153,-2.7460741769649153,-2.7108684149602373,-2.7108684149602373,3900.907
drsr,g0005,Keijzer-11,5,5,5,-2.3511808765347277,-2.3511808765347277,0.18246282403293065,0.18246282403293065,0.011791364746242556,0.011791364746242556,-0.060058516167683665,-0.060058516167683665,3901.058
drsr,g0006,Keijzer-2,5,5,5,-0.9361917565086698,-0.9361917565086698,-0.38204596539982366,-0.38204596539982366,-0.9041536611143444,-0.9041536611143444,0.8229363152125106,0.8229363152125106,3900.961
drsr,g0007,Korns-2,5,5,5,-0.07098678732872685,-0.07098678732872685,0.9924400763504535,0.9924400763504535,0.03608298495935113,0.03608298495935113,0.03819159871865918,0.03819159871865918,3900.896
drsr,g0008,Nguyen-12,5,5,5,-4.937183518972296,-4.937183518972296,-4.412312604928789,-4.412312604928789,-4.768118705242365,-4.768118705242365,-3.00824066634285,-3.00824066634285,3900.998
drsr,g0009,Nguyen-6,5,5,5,-7.736376270358186,-7.736376270358186,-3.375958802244409,-3.375958802244409,-7.154042597392325,-7.154042597392325,-2.2161609519346155,-2.2161609519346155,3900.903
drsr,g0010,Nguyen-9,5,5,5,-5.621276115764771,-5.621276115764771,-5.013379992956638,-5.013379992956638,-2.8245648810082393,-2.8245648810082393,-3.852867116145759,-3.852867116145759,3900.796
drsr,g0011,Vladislavleva-4,5,5,5,-1.4220339622655085,-1.4220339622655085,-1.5204281636175283,-1.5204281636175283,-1.343402540883083,-1.343402540883083,-1.2641151561960686,-1.2641151561960686,3901.385
drsr,g0012,feynman_I_27_6,5,5,5,-2.4648689985358323,-2.4648689985358323,-2.466112728501296,-2.466112728501296,-2.466953577473004,-2.466953577473004,-1.16737092409054,-1.16737092409054,3902.772
drsr,g0013,feynman-i.43.31,5,5,5,-1.4961604134349258e-05,-1.4961604134349258e-05,-1.5994140371210837e-05,-1.5994140371210837e-05,-1.3301746090650516e-05,-1.3301746090650516e-05,-1.2332436112340867e-06,-1.2332436112340867e-06,3901.043
drsr,g0014,feynman-ii.34.11,5,5,5,-8.60654617831951e-07,-8.60654617831951e-07,0.0005628066301134814,0.0005628066301134814,-1.140296217087149e-05,-1.140296217087149e-05,1.3353225353426466,1.3353225353426466,3901.075
drsr,g0015,III.21.20_3_0,5,5,5,-0.9454260940985094,-0.9454260940985094,-0.7884390776361325,-0.7884390776361325,-0.9748644513268191,-0.9748644513268191,-3.904852722667335e-06,-3.904852722667335e-06,3902.695
drsr,g0016,feynman_II_15_4,5,5,5,-12.0,-12.0,-12.0,-12.0,-12.0,-12.0,-12.0,-12.0,3902.197
drsr,g0017,strogatz_shearflow1,5,5,5,-0.6629735816587983,-0.6629735816587983,-0.6215086754288591,-0.6215086754288591,-0.47499374116344323,-0.47499374116344323,0.03376929183000644,0.03376929183000644,3901.155
drsr,g0018,feynman-i.18.16,5,5,5,-0.0047902545620447205,-0.0047902545620447205,0.0006438440808258761,0.0006438440808258761,0.01639565966154995,0.01639565966154995,0.15434789642454852,0.15434789642454852,3901.264
drsr,g0019,feynman-ii.34.2a,5,5,5,-0.00040114317084067214,-0.00040114317084067214,-0.0027335015186558892,-0.0027335015186558892,0.003589823112730027,0.003589823112730027,0.0002191834750064651,0.0002191834750064651,3901.242
drsr,g0020,first_principles_leavitt,5,5,5,-4.139470013196005,-4.139470013196005,-3.421212366706108,-3.421212366706108,-3.5064082860866224,-3.5064082860866224,-3.4248888570275624,-3.4248888570275624,3900.974
drsr,g0021,feynman-i.39.22,5,5,5,-0.0001621410871199969,-0.0001621410871199969,0.0,0.0,0.0009076104204138549,0.0009076104204138549,1.8462975715914664e-05,1.8462975715914664e-05,3901.115
drsr,g0022,feynman-i.11.19,5,5,5,-0.45548776721805195,-0.45548776721805195,-0.45342768292607044,-0.45342768292607044,-0.4872219567632743,-0.4872219567632743,-0.47946181310121894,-0.47946181310121894,3901.202
drsr,g0023,I.11.19_4_0,5,5,5,-1.2178294058155983,-1.2178294058155983,-1.230516375878286,-1.230516375878286,-1.2130027762943858,-1.2130027762943858,-0.5708896821466263,-0.5708896821466263,3619.482
drsr,g0024,strogatz_predprey2,5,5,5,-12.0,-12.0,-12.0,-12.0,-12.0,-12.0,-12.0,-12.0,3902.634
drsr,g0025,strogatz_barmag2,5,5,5,-12.0,-12.0,-12.0,-12.0,-12.0,-12.0,-12.0,-12.0,3900.914
drsr,g0026,strogatz_barmag1,5,5,5,-12.0,-12.0,-12.0,-12.0,-12.0,-12.0,-12.0,-12.0,3900.987
drsr,g0027,feynman_I_12_11,5,5,5,-12.0,-12.0,-12.0,-12.0,-12.0,-12.0,-12.0,-12.0,3902.514
drsr,g0028,feynman-ii.4.23,5,5,5,-1.0099362962633145e-07,-1.0099362962633145e-07,-1.0098759790127467e-07,-1.0098759790127467e-07,-1.0057829224360914e-07,-1.0057829224360914e-07,-9.519142530271238e-08,-9.519142530271238e-08,3901.181
drsr,g0029,strogatz_vdp1,5,5,5,-12.0,-12.0,-12.0,-12.0,-12.0,-12.0,-12.0,-12.0,3900.889
drsr,g0030,feynman-iii.7.38,5,5,5,-2.216021818780018e-07,-2.216021818780018e-07,-9.094458395975198e-07,-9.094458395975198e-07,9.479099894666532e-07,9.479099894666532e-07,8.93468684301761e-12,8.93468684301761e-12,3901.007
drsr,g0031,II.11.27_1_0,5,5,5,-0.002064762267138866,-0.002064762267138866,-0.009877424610833062,-0.009877424610833062,-0.00298212438565867,-0.00298212438565867,0.0006091960245968225,0.0006091960245968225,3902.982
drsr,g0032,feynman-i.13.12,5,5,5,-0.1686044869559474,-0.1686044869559474,-0.2052254895019564,-0.2052254895019564,-0.26330339104969974,-0.26330339104969974,0.07258689395617189,0.07258689395617189,3901.056
drsr,g0033,feynman-iii.10.19,5,5,5,12.0,12.0,12.0,12.0,12.0,12.0,12.0,12.0,3901.154
drsr,g0034,CRK11,5,5,5,-8.46606170368207,-8.46606170368207,-8.451520462239982,-8.451520462239982,-8.473081507038405,-8.473081507038405,-5.528600024727988,-5.528600024727988,3901.022
drsr,g0035,feynman-i.32.5,5,5,5,-1.001686174131893,-1.001686174131893,-0.7625826204301308,-0.7625826204301308,-1.019195861641278,-1.019195861641278,-0.7451562390690263,-0.7451562390690263,3901.056
drsr,g0036,CRK10,5,5,5,-8.74642025606412,-8.74642025606412,-8.803232584968853,-8.803232584968853,-8.75474318080567,-8.75474318080567,-4.527303940693102,-4.527303940693102,3901.044
drsr,g0037,CRK34,5,5,5,-8.267766794669805,-8.267766794669805,-8.29441806438884,-8.29441806438884,-8.26297853317549,-8.26297853317549,-3.4955079871604595,-3.4955079871604595,3901.043
drsr,g0038,PO19,5,5,5,-2.2870157914089524,-2.2870157914089524,-2.2085955273424136,-2.2085955273424136,-2.2993072745678202,-2.2993072745678202,4.929533167191851,4.929533167191851,3900.984
drsr,g0039,CRK0,5,5,5,-7.653902149873921,-7.653902149873921,-7.727871890125851,-7.727871890125851,-7.645591586637477,-7.645591586637477,-4.305757416226576,-4.305757416226576,3900.972
drsr,g0040,feynman-i.29.16,5,5,5,-1.3060497014829218,-1.3060497014829218,-1.2135195521548896,-1.2135195521548896,-1.1865604660623987,-1.1865604660623987,-0.5390442968519588,-0.5390442968519588,3901.245
drsr,g0041,PO41,5,5,5,-2.8031920875659426,-2.8031920875659426,-2.74521866641797,-2.74521866641797,-2.8340193386446724,-2.8340193386446724,2.6554929307290474,2.6554929307290474,3901.034
drsr,g0042,feynman_test_15,5,5,5,-3.2035341904256187,-3.2035341904256187,-3.1945188877674666,-3.1945188877674666,-3.1923758355785714,-3.1923758355785714,-2.1303672257763417,-2.1303672257763417,3903.02
drsr,g0043,CRK33,5,5,5,-7.746596025193299,-7.746596025193299,-7.799948383619121,-7.799948383619121,-7.854388532232239,-7.854388532232239,-3.289025975733248,-3.289025975733248,3901.045
drsr,g0044,feynman-i.15.3t,5,5,5,5.655136514715411,5.655136514715411,5.683901319724266,5.683901319724266,5.669486924463805,5.669486924463805,5.696048444666237,5.696048444666237,3611.284
drsr,g0045,feynman-bonus.20,5,5,5,-6.7285301954087855e-09,-6.7285301954087855e-09,7.809410645888333e-08,7.809410645888333e-08,-9.144937241615442e-10,-9.144937241615442e-10,4.1242733157679876e-10,4.1242733157679876e-10,3901.257
drsr,g0046,II.6.15b_3_0,5,5,5,-0.8359985157340475,-0.8359985157340475,-0.6704055644785033,-0.6704055644785033,-0.6882202427815935,-0.6882202427815935,-0.6677906379174273,-0.6677906379174273,3902.03
drsr,g0047,BPG5,5,5,5,-12.0,-12.0,-12.0,-12.0,-12.0,-12.0,-8.343371108920072,-8.343371108920072,3901.063
drsr,g0048,MatSci21,5,5,5,-3.9591309106361328,-3.9591309106361328,-3.970686322941334,-3.970686322941334,-3.9838958805873905,-3.9838958805873905,-3.520635303105645,-3.520635303105645,3901.034
drsr,g0049,BPG3,5,5,5,-9.863082848516429,-9.863082848516429,-9.794205407383314,-9.794205407383314,-9.859942596846501,-9.859942596846501,-2.135544359574769,-2.135544359574769,3901.003
drsr,g0050,BPG9,5,5,5,-3.714025438232026,-3.714025438232026,-3.6667498533692178,-3.6667498533692178,-3.8107730150611463,-3.8107730150611463,0.0,0.0,3901.112
dso,g0001,II.34.2_1_0,5,5,5,-12.0,-12.0,-12.0,-12.0,-12.0,-12.0,-12.0,-12.0,556.376
dso,g0002,first_principles_hubble,5,5,5,-0.8813848071336651,-0.8813848071336651,-1.1057898690574797,-1.1057898690574797,-0.988263103078407,-0.988263103078407,-1.0843408985124863,-1.0843408985124863,2387.365
dso,g0003,feynman-ii.27.18,5,5,5,-0.006529862373432248,-0.006529862373432248,-0.00010336942096356375,-0.00010336942096356375,-0.003976289215884855,-0.003976289215884855,12.0,12.0,2945.718
dso,g0004,Korns-4,5,5,5,-2.7909950621540025,-2.7909950621540025,-2.8339949626259697,-2.8339949626259697,-2.7978361531583094,-2.7978361531583094,-2.779379637693619,-2.779379637693619,2527.426
dso,g0005,Keijzer-11,5,2,5,-1.5795224020145198,-1.5795224020145198,-1.3469791923480399,-1.3469791923480399,12.0,-1.1670957273059335,-1.408006181756375,-1.4483447523920536,1602.709
dso,g0006,Keijzer-2,5,5,5,-0.2577080341145948,-0.2577080341145948,-0.09681550220745058,-0.09681550220745058,-0.28276628754907973,-0.28276628754907973,0.3621611134192667,0.3621611134192667,2297.99
dso,g0007,Korns-2,5,5,5,-2.899051658270835,-2.899051658270835,-1.5053946146898463,-1.5053946146898463,-1.910523058696682,-1.910523058696682,-1.584427151073415,-1.584427151073415,2640.436
dso,g0008,Nguyen-12,5,5,5,-2.014123250877962,-2.014123250877962,-1.8458986261247237,-1.8458986261247237,-1.8166249174543303,-1.8166249174543303,-0.9754331975338442,-0.9754331975338442,2862.58
dso,g0009,Nguyen-6,5,5,5,-12.0,-12.0,-12.0,-12.0,-12.0,-12.0,-12.0,-12.0,91.112
dso,g0010,Nguyen-9,5,5,5,-12.0,-12.0,-12.0,-12.0,-12.0,-12.0,-12.0,-12.0,105.668
dso,g0011,Vladislavleva-4,5,4,5,-0.9686870519607174,-0.9686870519607174,-1.0168093104299247,-1.0168093104299247,-0.8899334752147603,-0.8899334752147603,-0.8554407860212309,-0.8592195513227388,2267.371
dso,g0012,feynman_I_27_6,5,5,5,-12.0,-12.0,-12.0,-12.0,-12.0,-12.0,-12.0,-12.0,486.886
dso,g0013,feynman-i.43.31,5,5,5,-0.012369440199678772,-0.012369440199678772,-0.01378210945374257,-0.01378210945374257,-0.012122829293474177,-0.012122829293474177,-0.0023881901923708017,-0.0023881901923708017,3250.21
dso,g0014,feynman-ii.34.11,5,5,5,-0.1545850546946561,-0.1545850546946561,-0.17078574381448053,-0.17078574381448053,-0.21162000757114832,-0.21162000757114832,-0.37212527403919493,-0.37212527403919493,2750.125
dso,g0015,III.21.20_3_0,5,5,5,-12.0,-12.0,-12.0,-12.0,-12.0,-12.0,-12.0,-12.0,1062.952
dso,g0016,feynman_II_15_4,5,5,5,-12.0,-12.0,-12.0,-12.0,-12.0,-12.0,-12.0,-12.0,1522.941
dso,g0017,strogatz_shearflow1,5,5,5,-12.0,-12.0,-12.0,-12.0,-12.0,-12.0,-12.0,-12.0,841.597
dso,g0018,feynman-i.18.16,5,5,5,-12.0,-12.0,-12.0,-12.0,-12.0,-12.0,-12.0,-12.0,1232.268
dso,g0019,feynman-ii.34.2a,5,5,5,-0.03285406331086461,-0.03285406331086461,-0.01643044270831748,-0.01643044270831748,-0.017178111187172718,-0.017178111187172718,-0.23271729740807606,-0.23271729740807606,2804.275
dso,g0020,first_principles_leavitt,5,5,5,-3.9921645232092544,-3.9921645232092544,-3.333902331482582,-3.333902331482582,-3.856018146615725,-3.856018146615725,-2.886128106556028,-2.886128106556028,2317.109
dso,g0021,feynman-i.39.22,5,5,5,-0.24445845380354184,-0.24445845380354184,-0.08951966118137072,-0.08951966118137072,-0.18375637955245022,-0.18375637955245022,-0.30364700617306295,-0.30364700617306295,2601.546
dso,g0022,feynman-i.11.19,5,5,5,-0.48715242286275395,-0.48715242286275395,-0.5264715701151774,-0.5264715701151774,-0.5738756911345642,-0.5738756911345642,-0.482948075381029,-0.482948075381029,2312.389
dso,g0023,I.11.19_4_0,5,5,5,-1.6254241877418631,-1.6254241877418631,-1.6215856577970418,-1.6215856577970418,-1.6263256487537838,-1.6263256487537838,-1.1064643490576027,-1.1064643490576027,3606.304
dso,g0024,strogatz_predprey2,5,5,5,-0.9462186341360643,-0.9462186341360643,-1.0959585961263152,-1.0959585961263152,-1.0554673766271399,-1.0554673766271399,-0.1681381441740636,-0.1681381441740636,2606.195
dso,g0025,strogatz_barmag2,5,5,5,-0.9356554788260949,-0.9356554788260949,-1.159474677922139,-1.159474677922139,-0.9031156522080437,-0.9031156522080437,-0.5814784218390066,-0.5814784218390066,2739.378
dso,g0026,strogatz_barmag1,5,4,5,-0.9287885537904198,-0.9287885537904198,-1.4314921431498857,-1.4314921431498857,-1.143772880764822,-1.143772880764822,-0.22596319560688163,-0.25893345220737746,2643.049
dso,g0027,feynman_I_12_11,5,5,5,-12.0,-12.0,-12.0,-12.0,-12.0,-12.0,-12.0,-12.0,881.746
dso,g0028,feynman-ii.4.23,5,4,5,-0.15531140207234467,-0.15531140207234467,-0.16968000194038865,-0.16968000194038865,-0.10933759053426192,-0.10933759053426192,0.8442549127717569,0.5459186629372915,3015.579
dso,g0029,strogatz_vdp1,5,5,5,-1.9999999999999956,-1.9999999999999956,-2.000000000000074,-2.000000000000074,-1.999999999999988,-1.999999999999988,-2.0000000000000004,-2.0000000000000004,3465.821
dso,g0030,feynman-iii.7.38,5,5,5,-0.0005780754735812126,-0.0005780754735812126,-3.740440527630282e-06,-3.740440527630282e-06,-4.4537464042786404e-13,-4.4537464042786404e-13,-1.4464911998299308e-16,-1.4464911998299308e-16,3531.548
dso,g0031,II.11.27_1_0,5,5,5,-1.8804292482360285,-1.8804292482360285,-1.2060076090032577,-1.2060076090032577,-1.701066306815156,-1.701066306815156,-0.7590888255543752,-0.7590888255543752,2546.685
dso,g0032,feynman-i.13.12,5,5,5,0.0,0.0,0.0,0.0,0.0,0.0,0.0,0.0,3052.317
dso,g0033,feynman-iii.10.19,5,5,5,-0.5048693787330465,-0.5048693787330465,-0.5075339198714732,-0.5075339198714732,-0.5100371421882355,-0.5100371421882355,-0.2543198136817589,-0.2543198136817589,2720.628
dso,g0034,CRK11,5,5,5,-2.1859518716974464,-2.1859518716974464,-2.273219427297909,-2.273219427297909,-2.1820672414811537,-2.1820672414811537,0.0,0.0,2603.816
dso,g0035,feynman-i.32.5,5,5,5,-0.11080053177825248,-0.11080053177825248,-0.04003425894904257,-0.04003425894904257,-0.1089274525406211,-0.1089274525406211,-0.14159003330893086,-0.14159003330893086,3086.202
dso,g0036,CRK10,5,5,5,-1.6718275343004356,-1.6718275343004356,-1.6954086692341628,-1.6954086692341628,-1.6625621610785166,-1.6625621610785166,-0.2491641115165994,-0.2491641115165994,2380.028
dso,g0037,CRK34,5,5,5,-2.4024208777709903,-2.4024208777709903,-2.5369620570727744,-2.5369620570727744,-2.3626305766341984,-2.3626305766341984,0.0,0.0,2350.851
dso,g0038,PO19,5,5,5,-1.4085554483125167,-1.4085554483125167,-1.4789456517697912,-1.4789456517697912,-1.3387025626588416,-1.3387025626588416,-0.6551751728762427,-0.6551751728762427,2616.356
dso,g0039,CRK0,5,5,5,-1.488804382411883,-1.488804382411883,-1.4757713802506744,-1.4757713802506744,-1.5099529631460469,-1.5099529631460469,-7.251274850264801e-11,-7.251274850264801e-11,2811.366
dso,g0040,feynman-i.29.16,5,5,5,-1.3200346501586961,-1.3200346501586961,-1.1902432083378345,-1.1902432083378345,-1.1686168149571041,-1.1686168149571041,-1.0201600841652827,-1.0201600841652827,2096.823
dso,g0041,PO41,5,5,5,-0.8800584733452639,-0.8800584733452639,-0.9562541367106382,-0.9562541367106382,-1.0798845217857216,-1.0798845217857216,-0.6095263256507433,-0.6095263256507433,2755.779
dso,g0042,feynman_test_15,5,5,5,-2.0202743507515133,-2.0202743507515133,-2.0315652384546348,-2.0315652384546348,-2.0298518407198705,-2.0298518407198705,-1.0120139384627982,-1.0120139384627982,3005.021
dso,g0043,CRK33,5,5,5,-1.6589695742073833,-1.6589695742073833,-1.6467139683509266,-1.6467139683509266,-1.6790178852959015,-1.6790178852959015,1.064446969501574,1.064446969501574,2377.761
dso,g0044,feynman-i.15.3t,5,5,5,-7.789722244251299,-7.789722244251299,-7.8440391561061675,-7.8440391561061675,-7.811666254313442,-7.811666254313442,-4.316494282746094,-4.316494282746094,2625.645
dso,g0045,feynman-bonus.20,5,4,5,-0.009079807874102277,-0.009079807874102277,-0.012300548863512211,-0.012300548863512211,-0.04229536786265858,-0.04229536786265858,-3.041404388594615e-08,-6.290611408943938e-08,3062.697
dso,g0046,II.6.15b_3_0,5,5,5,-0.8483767048562363,-0.8483767048562363,-0.7981120565976438,-0.7981120565976438,-0.8245910165435786,-0.8245910165435786,-0.46043354853444923,-0.46043354853444923,3603.303
dso,g0047,BPG5,5,5,5,-2.2037373461716503,-2.2037373461716503,-2.178725488538263,-2.178725488538263,-2.2346877363658084,-2.2346877363658084,0.0,0.0,2662.451
dso,g0048,MatSci21,5,5,5,-0.8086258599678777,-0.8086258599678777,-0.7979846943928652,-0.7979846943928652,-0.8111875112136293,-0.8111875112136293,-1.1535226085137193,-1.1535226085137193,2815.582
dso,g0049,BPG3,5,5,5,-3.159943529472117,-3.159943529472117,-3.2324160114859795,-3.2324160114859795,-2.9879047787479664,-2.9879047787479664,-1.4735961647056557,-1.4735961647056557,2311.618
dso,g0050,BPG9,5,5,5,-0.7488875643008244,-0.7488875643008244,-0.7032518156497277,-0.7032518156497277,-0.7929202229781322,-0.7929202229781322,-4.8216373327664354e-17,-4.8216373327664354e-17,2720.626
e2esr,g0001,II.34.2_1_0,5,5,5,-3.2349882994984296,-3.2349882994984296,-3.2143826195656042,-3.2143826195656042,-3.2437784621698698,-3.2437784621698698,-3.400514933715338,-3.400514933715338,385.687
e2esr,g0002,first_principles_hubble,5,5,5,-0.6471719098860633,-0.6471719098860633,-1.146881730177414,-1.146881730177414,-0.30245636345335003,-0.30245636345335003,-1.3326691604937664,-1.3326691604937664,167.217
e2esr,g0003,feynman-ii.27.18,5,1,5,12.0,11.273289761204103,12.0,11.294374913152069,12.0,11.304293576630661,12.0,10.779868279272856,672.359
e2esr,g0004,Korns-4,5,5,5,-2.5681631926473303,-2.5681631926473303,-2.6428868964013317,-2.6428868964013317,-2.511945546521763,-2.511945546521763,-2.4837074112550908,-2.4837074112550908,193.788
e2esr,g0005,Keijzer-11,5,5,5,-0.8010553943222036,-0.8010553943222036,-1.0422846211882104,-1.0422846211882104,-0.5188215617751977,-0.5188215617751977,-0.6906673435685088,-0.6906673435685088,258.398
e2esr,g0006,Keijzer-2,5,5,5,-0.019586449263775545,-0.019586449263775545,0.06806124250343148,0.06806124250343148,-0.01565942894462373,-0.01565942894462373,0.1675336723082796,0.1675336723082796,128.436
e2esr,g0007,Korns-2,5,5,5,-2.7231840045064253,-2.7231840045064253,-2.9219220946411117,-2.9219220946411117,-2.3173794261315654,-2.3173794261315654,-1.083653549782565,-1.083653549782565,151.135
e2esr,g0008,Nguyen-12,5,5,5,-2.2217234546737212,-2.2217234546737212,-2.112470052687459,-2.112470052687459,-2.506960550934416,-2.506960550934416,-1.5480593037722015,-1.5480593037722015,127.612
e2esr,g0009,Nguyen-6,5,5,5,-3.0812500373597715,-3.0812500373597715,-1.6651038398348332,-1.6651038398348332,-3.1033015170705913,-3.1033015170705913,-1.0339800145343547,-1.0339800145343547,120.367
e2esr,g0010,Nguyen-9,5,5,5,-2.4997522443019706,-2.4997522443019706,-2.776195959221676,-2.776195959221676,-0.9931233811022877,-0.9931233811022877,-2.3992054156657225,-2.3992054156657225,114.836
e2esr,g0011,Vladislavleva-4,5,5,5,-0.09752558732377914,-0.09752558732377914,-0.09455096748624224,-0.09455096748624224,-0.09155560458801537,-0.09155560458801537,-0.10555091992186041,-0.10555091992186041,3604.314
e2esr,g0012,feynman_I_27_6,5,5,5,-2.2582990760469044,-2.2582990760469044,-2.262942457522648,-2.262942457522648,-2.2617919473824735,-2.2617919473824735,-1.3662816525343393,-1.3662816525343393,496.225
e2esr,g0013,feynman-i.43.31,5,1,5,12.0,12.0,12.0,12.0,12.0,12.0,12.0,12.0,453.625
e2esr,g0014,feynman-ii.34.11,5,0,5,12.0,,12.0,,12.0,,12.0,,801.67
e2esr,g0015,III.21.20_3_0,5,5,5,-2.4584486048045577,-2.4584486048045577,-2.4589393569967455,-2.4589393569967455,-2.411726590736857,-2.411726590736857,0.014716508742259517,0.014716508742259517,469.75
e2esr,g0016,feynman_II_15_4,5,5,5,-2.9067137995996144,-2.9067137995996144,-2.9113520971972187,-2.9113520971972187,-2.901351587952269,-2.901351587952269,-2.624580674115842,-2.624580674115842,416.787
e2esr,g0017,strogatz_shearflow1,5,5,5,-0.08821285599969123,-0.08821285599969123,-0.1104365848499821,-0.1104365848499821,-0.05614423777353219,-0.05614423777353219,0.1052282545235491,0.1052282545235491,205.412
e2esr,g0018,feynman-i.18.16,5,2,5,12.0,12.0,12.0,12.0,12.0,12.0,12.0,12.0,762.059
e2esr,g0019,feynman-ii.34.2a,5,1,5,12.0,7.674551378340466,12.0,7.645137819208215,12.0,7.612913460471861,12.0,6.118534410566321,708.653
e2esr,g0020,first_principles_leavitt,5,5,5,-3.687248337620738,-3.687248337620738,-3.1733739651625026,-3.1733739651625026,-3.1636683789412756,-3.1636683789412756,-4.1003128010870835,-4.1003128010870835,144.693
e2esr,g0021,feynman-i.39.22,5,1,5,12.0,12.0,12.0,12.0,12.0,12.0,12.0,12.0,741.878
e2esr,g0022,feynman-i.11.19,5,0,5,12.0,,12.0,,12.0,,12.0,,578.412
e2esr,g0023,I.11.19_4_0,5,5,5,-2.6741360181397065,-2.6741360181397065,-2.699666614533289,-2.699666614533289,-2.676407223561009,-2.676407223561009,-2.1635842802850687,-2.1635842802850687,641.145
e2esr,g0024,strogatz_predprey2,5,5,5,-1.0774378785894017,-1.0774378785894017,-1.0972246686464049,-1.0972246686464049,-1.1884179101621708,-1.1884179101621708,-1.3487731127685547,-1.3487731127685547,146.771
e2esr,g0025,strogatz_barmag2,5,5,5,-0.10033454198922252,-0.10033454198922252,-0.5910182718727526,-0.5910182718727526,-0.0057018484552667816,-0.0057018484552667816,1.0225416429499614,1.0225416429499614,181.264
e2esr,g0026,strogatz_barmag1,5,5,5,-0.7395047842840217,-0.7395047842840217,-1.0663045939592546,-1.0663045939592546,-1.1169102941685203,-1.1169102941685203,-0.5817904749495745,-0.5817904749495745,232.86
e2esr,g0027,feynman_I_12_11,5,5,5,-2.958437683274896,-2.958437683274896,-2.9605978343144805,-2.9605978343144805,-2.9486970806172987,-2.9486970806172987,-2.2560578740915784,-2.2560578740915784,675.768
e2esr,g0028,feynman-ii.4.23,5,5,5,-2.8647061904928406,-2.8647061904928406,-2.793643917300807,-2.793643917300807,-2.970903100527835,-2.970903100527835,-2.8974989405811993,-2.8974989405811993,486.539
e2esr,g0029,strogatz_vdp1,5,5,5,-0.00035855539147308023,-0.00035855539147308023,-0.005620332838340297,-0.005620332838340297,0.0006570500176362973,0.0006570500176362973,-0.001019489251398435,-0.001019489251398435,194.117
e2esr,g0030,feynman-iii.7.38,5,5,5,-3.5876075593692023,-3.5876075593692023,-3.6110497602083282,-3.6110497602083282,-3.6114892008494768,-3.6114892008494768,-3.4742683142607786,-3.4742683142607786,525.181
e2esr,g0031,II.11.27_1_0,5,3,5,-0.10618120142863556,-0.10618120142863556,-0.4752770993385119,-0.4752770993385119,-0.04646273041698548,-0.04646273041698548,1.09062668386949,1.0583973026613058,593.883
e2esr,g0032,feynman-i.13.12,5,5,5,10.660251970887176,10.660251970887176,10.903502335089783,10.903502335089783,10.550134875701344,10.550134875701344,10.504106780327376,10.504106780327376,3604.537
e2esr,g0033,feynman-iii.10.19,5,1,5,12.0,12.0,12.0,12.0,12.0,12.0,12.0,12.0,673.869
e2esr,g0034,CRK11,5,5,5,-0.10675520981646368,-0.10675520981646368,-0.12458028795310648,-0.12458028795310648,-0.10737684485394429,-0.10737684485394429,0.8108520375501529,0.8108520375501529,3603.436
e2esr,g0035,feynman-i.32.5,5,0,5,12.0,,12.0,,12.0,,12.0,,329.676
e2esr,g0036,CRK10,5,5,5,4.997602708097789,4.997602708097789,4.985606101946221,4.985606101946221,5.07647474390249,5.07647474390249,10.268175758253903,10.268175758253903,3604.274
e2esr,g0037,CRK34,5,5,5,2.757670120433863,2.757670120433863,2.684523478163103,2.684523478163103,2.7628328851175286,2.7628328851175286,7.846697962475784,7.846697962475784,3603.012
e2esr,g0038,PO19,5,5,5,-1.1975717860570176,-1.1975717860570176,-1.2172438118087905,-1.2172438118087905,-1.1867592754049638,-1.1867592754049638,3.7681581846791756,3.7681581846791756,560.513
e2esr,g0039,CRK0,5,5,5,-2.1911539127346003,-2.1911539127346003,-2.195475185549284,-2.195475185549284,-2.2129368764256325,-2.2129368764256325,0.5546918137582466,0.5546918137582466,503.672
e2esr,g0040,feynman-i.29.16,5,5,5,-1.057850399135476,-1.057850399135476,-0.9290763081772587,-0.9290763081772587,-0.9405894193023657,-0.9405894193023657,-1.2271160229061966,-1.2271160229061966,660.938
e2esr,g0041,PO41,5,5,5,-1.3489707491113787,-1.3489707491113787,-1.284185632864371,-1.284185632864371,-1.3039700776462453,-1.3039700776462453,2.6324670927168206,2.6324670927168206,358.332
e2esr,g0042,feynman_test_15,5,5,5,-2.3628443405781323,-2.3628443405781323,-2.3502879412650763,-2.3502879412650763,-2.358709240968035,-2.358709240968035,-1.1914525490632664,-1.1914525490632664,545.42
e2esr,g0043,CRK33,5,5,5,5.412665050181337,5.412665050181337,5.322868725089149,5.322868725089149,5.235421875315864,5.235421875315864,10.80953697750111,10.80953697750111,3604.506
e2esr,g0044,feynman-i.15.3t,5,0,5,12.0,,12.0,,12.0,,12.0,,636.967
e2esr,g0045,feynman-bonus.20,5,0,5,12.0,,12.0,,12.0,,12.0,,640.202
e2esr,g0046,II.6.15b_3_0,5,5,5,-0.6280349098266191,-0.6280349098266191,-0.6294510713834841,-0.6294510713834841,-0.6308410729209001,-0.6308410729209001,-0.4638960853003492,-0.4638960853003492,519.788
e2esr,g0047,BPG5,5,5,5,-0.25836685443390506,-0.25836685443390506,-0.27227639790836794,-0.27227639790836794,-0.2553798293993937,-0.2553798293993937,0.7331737276279284,0.7331737276279284,588.877
e2esr,g0048,MatSci21,5,5,5,-3.0263418373299267,-3.0263418373299267,-3.083241161897549,-3.083241161897549,-3.030131132850559,-3.030131132850559,-3.2501515601012887,-3.2501515601012887,387.71
e2esr,g0049,BPG3,5,5,5,1.9727767188655915e-06,1.9727767188655915e-06,3.618531419894405e-07,3.618531419894405e-07,4.651769805121432e-06,4.651769805121432e-06,2.86472497857961,2.86472497857961,3604.191
e2esr,g0050,BPG9,5,5,5,-0.1839562046817469,-0.1839562046817469,-0.1401053392813249,-0.1401053392813249,-0.1678005083572991,-0.1678005083572991,0.3996926316602207,0.3996926316602207,534.243
gplearn,g0001,II.34.2_1_0,5,5,5,-4.266840633199183,-4.266840633199183,-4.301069726759396,-4.301069726759396,-4.282156335350007,-4.282156335350007,-2.638764289739883,-2.638764289739883,3603.726
gplearn,g0002,first_principles_hubble,5,5,5,-1.2074955681003186,-1.2074955681003186,-1.070538434868812,-1.070538434868812,-0.681377723028177,-0.681377723028177,-0.9648651365674802,-0.9648651365674802,3602.116
gplearn,g0003,feynman-ii.27.18,5,5,5,0.0,0.0,0.0,0.0,9.64327466553287e-17,9.64327466553287e-17,9.64327466553287e-17,9.64327466553287e-17,3602.947
gplearn,g0004,Korns-4,5,5,5,-2.771825791278899,-2.771825791278899,-2.84052750200897,-2.84052750200897,-2.8150888396238463,-2.8150888396238463,-2.791441464041606,-2.791441464041606,3602.582
gplearn,g0005,Keijzer-11,5,5,5,-2.005182923914184,-2.005182923914184,-1.8957229295254545,-1.8957229295254545,-1.060409196900722,-1.060409196900722,-1.4686987718912952,-1.4686987718912952,3602.261
gplearn,g0006,Keijzer-2,5,5,5,-0.6963222231100037,-0.6963222231100037,-0.5097356242401279,-0.5097356242401279,-0.40607045178916124,-0.40607045178916124,0.020086151955759485,0.020086151955759485,3601.823
gplearn,g0007,Korns-2,5,5,5,-3.5006323768395777,-3.5006323768395777,-2.181716663758438,-2.181716663758438,-1.9091104704958086,-1.9091104704958086,-1.157869606838828,-1.157869606838828,3602.084
gplearn,g0008,Nguyen-12,5,5,5,-1.9012421503327464,-1.9012421503327464,-2.1005063675644315,-2.1005063675644315,-1.8766519753266437,-1.8766519753266437,-1.3179571828182899,-1.3179571828182899,3602.064
gplearn,g0009,Nguyen-6,5,5,5,-4.747556884870033,-4.747556884870033,-1.9323396121512098,-1.9323396121512098,-4.482670767194201,-4.482670767194201,-1.4018558306156619,-1.4018558306156619,3601.981
gplearn,g0010,Nguyen-9,5,5,5,-2.98918403197252,-2.98918403197252,-2.4499425840788422,-2.4499425840788422,-1.1364269953551323,-1.1364269953551323,-2.90480275510726,-2.90480275510726,3601.932
gplearn,g0011,Vladislavleva-4,5,5,5,-0.9378563058541043,-0.9378563058541043,-0.9713724768925641,-0.9713724768925641,-0.8571669795562611,-0.8571669795562611,-0.8848538626002781,-0.8848538626002781,3602.53
gplearn,g0012,feynman_I_27_6,5,5,5,-2.397197602783776,-2.397197602783776,-2.393536241530786,-2.393536241530786,-2.390782161823525,-2.390782161823525,-1.1958301612470486,-1.1958301612470486,3603.765
gplearn,g0013,feynman-i.43.31,5,5,5,0.0,0.0,-7.479981035954329e-09,-7.479981035954329e-09,0.0,0.0,-4.3916229846102175e-10,-4.3916229846102175e-10,3602.426
gplearn,g0014,feynman-ii.34.11,5,5,5,-0.00015014817727758355,-0.00015014817727758355,-9.483126380232225e-06,-9.483126380232225e-06,-2.9695223882136704e-07,-2.9695223882136704e-07,0.005366763565912386,0.005366763565912386,3602.671
gplearn,g0015,III.21.20_3_0,5,5,5,-12.0,-12.0,-12.0,-12.0,-12.0,-12.0,-0.0019018783686675538,-0.0019018783686675538,3604.05
gplearn,g0016,feynman_II_15_4,5,5,5,-3.8209220133320736,-3.8209220133320736,-3.8028587189089778,-3.8028587189089778,-3.812873876930372,-3.812873876930372,-3.242535270298577,-3.242535270298577,3603.323
gplearn,g0017,strogatz_shearflow1,5,5,5,-0.8599485897569427,-0.8599485897569427,-1.1032480359736463,-1.1032480359736463,-0.7689941270116045,-0.7689941270116045,0.5791086408660766,0.5791086408660766,3602.56
gplearn,g0018,feynman-i.18.16,5,5,5,-12.0,-12.0,-12.0,-12.0,-12.0,-12.0,-12.0,-12.0,3602.458
gplearn,g0019,feynman-ii.34.2a,5,5,5,-0.10305117605859015,-0.10305117605859015,-0.09401016248013566,-0.09401016248013566,-0.057715401046872436,-0.057715401046872436,-5.0170933104639565e-05,-5.0170933104639565e-05,3603.024
gplearn,g0020,first_principles_leavitt,5,5,5,-3.874462432907559,-3.874462432907559,-3.4854719823018017,-3.4854719823018017,-3.740955773817467,-3.740955773817467,-2.4198918228539954,-2.4198918228539954,3602.105
gplearn,g0021,feynman-i.39.22,5,5,5,-0.39497965214025954,-0.39497965214025954,-0.46813772243611296,-0.46813772243611296,-0.37602991556769577,-0.37602991556769577,-0.007877712121569356,-0.007877712121569356,3603.319
gplearn,g0022,feynman-i.11.19,5,5,5,-0.18749610171783063,-0.18749610171783063,-0.1918406266951907,-0.1918406266951907,-0.16295451967704425,-0.16295451967704425,-0.18857887918574912,-0.18857887918574912,3602.607
gplearn,g0023,I.11.19_4_0,5,5,5,-2.1188859278936714,-2.1188859278936714,-2.124964837949318,-2.124964837949318,-2.0818460677436255,-2.0818460677436255,-0.9357644126400056,-0.9357644126400056,3604.678
gplearn,g0024,strogatz_predprey2,5,5,5,-1.360085133890252,-1.360085133890252,-1.8580671674714455,-1.8580671674714455,-1.6387341990455375,-1.6387341990455375,-0.24291701093672283,-0.24291701093672283,3602.177
gplearn,g0025,strogatz_barmag2,5,5,5,-0.8043602075774827,-0.8043602075774827,-1.2540679491044344,-1.2540679491044344,-0.7699148064943763,-0.7699148064943763,-0.27797489631961364,-0.27797489631961364,3602.428
gplearn,g0026,strogatz_barmag1,5,5,5,-0.9142158589260637,-0.9142158589260637,-1.418550520450626,-1.418550520450626,-1.3195344046859276,-1.3195344046859276,-0.5425835580804232,-0.5425835580804232,3602.419
gplearn,g0027,feynman_I_12_11,5,5,5,-12.0,-12.0,-12.0,-12.0,-12.0,-12.0,-12.0,-12.0,3603.972
gplearn,g0028,feynman-ii.4.23,5,5,5,-0.7986860171107234,-0.7986860171107234,-0.8311587123686897,-0.8311587123686897,-0.7192203223141472,-0.7192203223141472,-0.2066623363663798,-0.2066623363663798,3602.738
gplearn,g0029,strogatz_vdp1,5,5,5,-0.3052813264270738,-0.3052813264270738,-0.28546377211635926,-0.28546377211635926,-0.19769530400620747,-0.19769530400620747,-0.08058147078523321,-0.08058147078523321,3602.074
gplearn,g0030,feynman-iii.7.38,5,5,5,0.0,0.0,0.0,0.0,0.0,0.0,0.0,0.0,3602.729
gplearn,g0031,II.11.27_1_0,5,5,5,-0.00980084546372583,-0.00980084546372583,-0.0336444037291409,-0.0336444037291409,-0.010063749239479494,-0.010063749239479494,-0.0015722820412561991,-0.0015722820412561991,3603.728
gplearn,g0032,feynman-i.13.12,5,5,5,0.0,0.0,0.0,0.0,0.0,0.0,0.0,0.0,3602.597
gplearn,g0033,feynman-iii.10.19,5,5,5,0.0,0.0,0.0,0.0,0.0,0.0,0.0,0.0,3602.606
gplearn,g0034,CRK11,5,5,5,0.0,0.0,-0.22147658922218436,-0.22147658922218436,-0.3780816384091294,-0.3780816384091294,0.09453966625924723,0.09453966625924723,3602.5
gplearn,g0035,feynman-i.32.5,5,5,5,0.0,0.0,0.0,0.0,0.0,0.0,0.0,0.0,3602.365
gplearn,g0036,CRK10,5,5,5,-0.9806300290969767,-0.9806300290969767,-0.9871312756532522,-0.9871312756532522,-0.9841487625569494,-0.9841487625569494,0.2457064753511815,0.2457064753511815,3602.603
gplearn,g0037,CRK34,5,5,5,-1.3994827027350265,-1.3994827027350265,-1.3117731521303027,-1.3117731521303027,-1.451514856848574,-1.451514856848574,1.565143456302606,1.565143456302606,3602.111
gplearn,g0038,PO19,5,5,5,-1.528381089942157,-1.528381089942157,-1.3953360945662676,-1.3953360945662676,-1.389083753438513,-1.389083753438513,-1.5930201466800074,-1.5930201466800074,3601.959
gplearn,g0039,CRK0,5,5,5,0.0,0.0,0.0,0.0,0.0,0.0,0.0,0.0,3602.302
gplearn,g0040,feynman-i.29.16,5,5,5,-1.3142336028769197,-1.3142336028769197,-1.1717217220473817,-1.1717217220473817,-1.1635705104765828,-1.1635705104765828,-1.0665310645645298,-1.0665310645645298,3602.206
gplearn,g0041,PO41,5,5,5,-1.9214838046169758,-1.9214838046169758,-1.8534806988780803,-1.8534806988780803,-1.866147070866581,-1.866147070866581,-1.4006957726857079,-1.4006957726857079,3602.328
gplearn,g0042,feynman_test_15,5,5,5,-2.1670121252066177,-2.1670121252066177,-2.1761984415935367,-2.1761984415935367,-2.171299009354836,-2.171299009354836,-1.0710570759012206,-1.0710570759012206,3603.995
gplearn,g0043,CRK33,5,5,5,-1.2913858134066678,-1.2913858134066678,-1.3142827082002302,-1.3142827082002302,-1.3715802393264274,-1.3715802393264274,0.24566974114365958,0.24566974114365958,3602.088
gplearn,g0044,feynman-i.15.3t,5,5,5,-7.7036490705739835,-7.7036490705739835,-7.7680939963825955,-7.7680939963825955,-7.726441298759244,-7.726441298759244,-4.306735036342282,-4.306735036342282,3602.575
gplearn,g0045,feynman-bonus.20,5,5,5,2.501353585532769e-10,2.501353585532769e-10,1.697650288460554e-11,1.697650288460554e-11,-6.559286000871215e-10,-6.559286000871215e-10,7.69092922023239e-07,7.69092922023239e-07,3602.605
gplearn,g0046,II.6.15b_3_0,5,5,5,-0.7151425630672027,-0.7151425630672027,-0.6178182065874833,-0.6178182065874833,-0.7306917761712078,-0.7306917761712078,-1.1266193927054222,-1.1266193927054222,3603.11
gplearn,g0047,BPG5,5,5,5,-2.801005353607573,-2.801005353607573,-2.879707022210607,-2.879707022210607,-2.7855623575363215,-2.7855623575363215,-0.00015906047616891827,-0.00015906047616891827,3601.904
gplearn,g0048,MatSci21,5,5,5,-2.905426875930215,-2.905426875930215,-2.793665928583389,-2.793665928583389,-2.942731385682348,-2.942731385682348,-2.1408943829698894,-2.1408943829698894,3602.108
gplearn,g0049,BPG3,5,5,5,-1.9617998812818513,-1.9617998812818513,-2.0182983209184817,-2.0182983209184817,-1.8465166575023801,-1.8465166575023801,-1.5186786714976173,-1.5186786714976173,3602.35
gplearn,g0050,BPG9,5,5,5,-0.500644559246246,-0.500644559246246,-0.4501407762107115,-0.4501407762107115,-0.2908896613861603,-0.2908896613861603,0.0,0.0,3602.026
imcts,g0001,II.34.2_1_0,5,5,5,-12.0,-12.0,-12.0,-12.0,-12.0,-12.0,-12.0,-12.0,1465.638
imcts,g0002,first_principles_hubble,5,5,5,-1.3665176244250006,-1.3665176244250006,-1.0872065142048497,-1.0872065142048497,-0.9968839567451078,-0.9968839567451078,-1.0088961173534676,-1.0088961173534676,3601.846
imcts,g0003,feynman-ii.27.18,5,5,5,-12.0,-12.0,-12.0,-12.0,-12.0,-12.0,-12.0,-12.0,29.327
imcts,g0004,Korns-4,5,5,5,-12.0,-12.0,-12.0,-12.0,-12.0,-12.0,-12.0,-12.0,76.522
imcts,g0005,Keijzer-11,5,5,5,-11.994873837213975,-11.994873837213975,-11.82376123921148,-11.82376123921148,-12.0,-12.0,-12.0,-12.0,1265.649
imcts,g0006,Keijzer-2,5,5,5,-10.762743755099214,-10.762743755099214,-11.148979916152983,-11.148979916152983,-10.823109866741737,-10.823109866741737,-10.493228684708615,-10.493228684708615,68.249
imcts,g0007,Korns-2,5,5,5,-12.0,-12.0,-11.211284586129562,-11.211284586129562,-11.177504869749605,-11.177504869749605,-11.734957304342002,-11.734957304342002,99.113
imcts,g0008,Nguyen-12,5,5,5,-12.0,-12.0,-12.0,-12.0,-12.0,-12.0,-12.0,-12.0,670.605
imcts,g0009,Nguyen-6,5,5,5,-12.0,-12.0,-12.0,-12.0,-12.0,-12.0,-12.0,-12.0,177.912
imcts,g0010,Nguyen-9,5,5,5,-12.0,-12.0,-12.0,-12.0,-12.0,-12.0,-12.0,-12.0,180.884
imcts,g0011,Vladislavleva-4,5,5,5,-2.083406222161297,-2.083406222161297,-2.1418204331514414,-2.1418204331514414,-2.1291935579765218,-2.1291935579765218,-1.8331160201319743,-1.8331160201319743,3602.242
imcts,g0012,feynman_I_27_6,5,5,5,-2.294321921345677,-2.294321921345677,-2.294484368005952,-2.294484368005952,-2.280317317103411,-2.280317317103411,-1.3172809364515992,-1.3172809364515992,3603.301
imcts,g0013,feynman-i.43.31,5,5,5,-12.0,-12.0,-12.0,-12.0,-12.0,-12.0,-12.0,-12.0,174.6
imcts,g0014,feynman-ii.34.11,5,5,5,-12.0,-12.0,-12.0,-12.0,-12.0,-12.0,-12.0,-12.0,222.002
imcts,g0015,III.21.20_3_0,5,5,5,-12.0,-12.0,-12.0,-12.0,-12.0,-12.0,-12.0,-12.0,2080.268
imcts,g0016,feynman_II_15_4,5,5,5,-12.0,-12.0,-12.0,-12.0,-12.0,-12.0,-12.0,-12.0,2253.97
imcts,g0017,strogatz_shearflow1,5,5,5,-12.0,-12.0,-12.0,-12.0,-12.0,-12.0,-12.0,-12.0,131.845
imcts,g0018,feynman-i.18.16,5,5,5,-12.0,-12.0,-12.0,-12.0,-12.0,-12.0,-12.0,-12.0,523.562
imcts,g0019,feynman-ii.34.2a,5,5,5,-12.0,-12.0,-12.0,-12.0,-12.0,-12.0,-12.0,-12.0,140.714
imcts,g0020,first_principles_leavitt,5,5,5,-4.316830006624826,-4.316830006624826,-3.4125810028325216,-3.4125810028325216,-3.557411531078772,-3.557411531078772,-3.335132468785882,-3.335132468785882,3602.281
imcts,g0021,feynman-i.39.22,5,5,5,-12.0,-12.0,-12.0,-12.0,-12.0,-12.0,-12.0,-12.0,156.98
imcts,g0022,feynman-i.11.19,5,5,5,-12.0,-12.0,-12.0,-12.0,-12.0,-12.0,-12.0,-12.0,335.721
imcts,g0023,I.11.19_4_0,5,5,5,-1.6344971382318407,-1.6344971382318407,-1.6287176112475121,-1.6287176112475121,-1.6279609780599964,-1.6279609780599964,-1.1347482578039594,-1.1347482578039594,3604.457
imcts,g0024,strogatz_predprey2,5,5,5,-12.0,-12.0,-11.97779197357294,-11.97779197357294,-12.0,-12.0,-12.0,-12.0,663.819
imcts,g0025,strogatz_barmag2,5,5,5,-12.0,-12.0,-12.0,-12.0,-11.764759434790589,-11.764759434790589,-12.0,-12.0,572.396
imcts,g0026,strogatz_barmag1,5,5,5,-11.524582669281248,-11.524582669281248,-11.643309357476406,-11.643309357476406,-11.454241718103354,-11.454241718103354,-11.03752190714198,-11.03752190714198,518.261
imcts,g0027,feynman_I_12_11,5,5,5,-1.1284300030899517,-1.1284300030899517,-1.1298481357384493,-1.1298481357384493,-1.1306137134168721,-1.1306137134168721,-0.6003508336725991,-0.6003508336725991,3603.388
imcts,g0028,feynman-ii.4.23,5,5,5,-12.0,-12.0,-12.0,-12.0,-12.0,-12.0,-12.0,-12.0,55.263
imcts,g0029,strogatz_vdp1,5,5,5,-11.74043165988901,-11.74043165988901,-11.628728274667303,-11.628728274667303,-11.909291135726182,-11.909291135726182,-12.0,-12.0,799.553
imcts,g0030,feynman-iii.7.38,5,5,5,-0.029526577081856655,-0.029526577081856655,-0.01744155755266174,-0.01744155755266174,-0.009909149854733509,-0.009909149854733509,1.1711775826532695e-05,1.1711775826532695e-05,3601.701
imcts,g0031,II.11.27_1_0,5,5,5,-2.187680229350976,-2.187680229350976,-2.0048403065520493,-2.0048403065520493,-2.161823933883232,-2.161823933883232,-0.9652570222920015,-0.9652570222920015,3603.681
imcts,g0032,feynman-i.13.12,5,5,5,-12.0,-12.0,-12.0,-12.0,-12.0,-12.0,-12.0,-12.0,1919.222
imcts,g0033,feynman-iii.10.19,5,5,5,12.0,12.0,12.0,12.0,12.0,12.0,12.0,12.0,3602.08
imcts,g0034,CRK11,5,3,5,12.0,9.348859252349955,9.694781454187478,9.694781454187478,9.470216682302281,9.470216682302281,12.0,12.0,3601.876
imcts,g0035,feynman-i.32.5,5,5,5,-12.0,-12.0,-12.0,-12.0,-12.0,-12.0,-12.0,-12.0,937.799
imcts,g0036,CRK10,5,4,5,7.057545567647476,7.0308336059613,7.046545412608996,7.046545412608996,7.137613284829857,7.137613284829857,12.0,12.0,3601.694
imcts,g0037,CRK34,5,2,5,12.0,4.352616324635282,6.668884196275394,6.668884196275394,6.730226720006,6.730226720006,12.0,12.0,3601.853
imcts,g0038,PO19,5,5,5,-3.5663286537982035,-3.5663286537982035,-3.549903039002423,-3.549903039002423,-3.5295973421680498,-3.5295973421680498,-1.998572490243891,-1.998572490243891,3601.799
imcts,g0039,CRK0,5,3,5,12.0,12.0,6.891327524985738,6.891327524985738,6.7672066859176825,6.7672066859176825,10.272097184949386,10.272097184949386,3601.759
imcts,g0040,feynman-i.29.16,5,5,5,-1.3231074278426616,-1.3231074278426616,-1.2057116943542865,-1.2057116943542865,-1.1851260538959099,-1.1851260538959099,-0.9579614437716797,-0.9579614437716797,3601.839
imcts,g0041,PO41,5,5,5,-3.087417076108727,-3.087417076108727,-3.1380448520658684,-3.1380448520658684,-3.137840306877194,-3.137840306877194,-1.9003078769492996,-1.9003078769492996,3601.85
imcts,g0042,feynman_test_15,5,5,5,-2.4754242811813465,-2.4754242811813465,-2.490834099038995,-2.490834099038995,-2.4866777481823577,-2.4866777481823577,-1.304839303509216,-1.304839303509216,3603.723
imcts,g0043,CRK33,5,5,5,5.932016404329229,5.932016404329229,5.84237440923876,5.84237440923876,5.775255826862988,5.775255826862988,11.161157076809372,11.161157076809372,3601.905
imcts,g0044,feynman-i.15.3t,5,5,5,12.0,12.0,12.0,12.0,12.0,12.0,12.0,12.0,3601.952
imcts,g0045,feynman-bonus.20,5,5,5,12.0,12.0,12.0,12.0,12.0,12.0,12.0,12.0,3601.993
imcts,g0046,II.6.15b_3_0,5,5,5,-0.7340518677191934,-0.7340518677191934,-0.6046865798500808,-0.6046865798500808,-0.659202767518443,-0.659202767518443,-0.883535725975759,-0.883535725975759,3602.895
imcts,g0047,BPG5,5,5,5,1.118102692108074,1.118102692108074,1.0858814587870507,1.0858814587870507,1.0529710539164037,1.0529710539164037,5.428960321463022,5.428960321463022,3601.828
imcts,g0048,MatSci21,5,5,5,-5.470387559192391,-5.470387559192391,-5.447187702070224,-5.447187702070224,-5.499082090628463,-5.499082090628463,-5.131609466654298,-5.131609466654298,3601.803
imcts,g0049,BPG3,5,5,5,6.365162393310953,6.365162393310953,6.263858402623898,6.263858402623898,6.416382231627155,6.416382231627155,12.0,12.0,3601.835
imcts,g0050,BPG9,5,5,5,6.183130100447372,6.183130100447372,6.255549914054277,6.255549914054277,6.0643894920381465,6.0643894920381465,10.793476266313727,10.793476266313727,3601.728
llmsr,g0001,II.34.2_1_0,5,5,5,-1.8828125958827835,-1.8828125958827835,-1.8258500542687444,-1.8258500542687444,-1.8840895838805238,-1.8840895838805238,-1.0120480789088147,-1.0120480789088147,3611.336
llmsr,g0002,first_principles_hubble,5,5,5,-0.9308663712993702,-0.9308663712993702,-1.1650917513323504,-1.1650917513323504,-1.2625214655553767,-1.2625214655553767,-0.961730040740084,-0.961730040740084,3610.0
llmsr,g0003,feynman-ii.27.18,5,5,5,0.0,0.0,0.0,0.0,0.0,0.0,0.0,0.0,3610.054
llmsr,g0004,Korns-4,5,5,5,-10.127000249176174,-10.127000249176174,-10.166495332280572,-10.166495332280572,-10.03784791583306,-10.03784791583306,-9.811155510766158,-9.811155510766158,3609.15
llmsr,g0005,Keijzer-11,5,5,5,-1.8520860676608042,-1.8520860676608042,0.6277645979429272,0.6277645979429272,0.6895736735296866,0.6895736735296866,0.7372841218494243,0.7372841218494243,3612.438
llmsr,g0006,Keijzer-2,5,5,5,-0.23946277855821277,-0.23946277855821277,0.07833145822048414,0.07833145822048414,-0.2374461130287019,-0.2374461130287019,0.9263416665535384,0.9263416665535384,3609.193
llmsr,g0007,Korns-2,5,5,5,-0.07053601952338039,-0.07053601952338039,0.8594461050998947,0.8594461050998947,0.0635875749356127,0.0635875749356127,0.0457517231908462,0.0457517231908462,3607.992
llmsr,g0008,Nguyen-12,5,5,5,-4.627971256805232,-4.627971256805232,-4.044269121394159,-4.044269121394159,-4.472332790963975,-4.472332790963975,-3.089908783605087,-3.089908783605087,3608.841
llmsr,g0009,Nguyen-6,5,5,5,-6.336008391903435,-6.336008391903435,-2.9195182995705955,-2.9195182995705955,-5.881991842796234,-5.881991842796234,-2.065611234441875,-2.065611234441875,3608.746
llmsr,g0010,Nguyen-9,5,5,5,-6.253185628184544,-6.253185628184544,-5.786917542323517,-5.786917542323517,-5.154754417938149,-5.154754417938149,-4.475372687998331,-4.475372687998331,3608.86
llmsr,g0011,Vladislavleva-4,5,4,5,-1.27622460735244,-1.27622460735244,-1.2746740983295697,-1.2746740983295697,-1.2371814787618534,-1.2371814787618534,-1.1173124625863815,-1.1173124625863815,3608.93
llmsr,g0012,feynman_I_27_6,5,5,5,-2.6254790469337466,-2.6254790469337466,-2.628405218956941,-2.628405218956941,-2.6227688025868185,-2.6227688025868185,-1.4282930938429552,-1.4282930938429552,3609.484
llmsr,g0013,feynman-i.43.31,5,5,5,-9.55767696322609e-06,-9.55767696322609e-06,-1.0217518015788463e-05,-1.0217518015788463e-05,-8.497588878203526e-06,-8.497588878203526e-06,-7.875472936047045e-07,-7.875472936047045e-07,3608.404
llmsr,g0014,feynman-ii.34.11,5,5,5,-0.0004070211700088939,-0.0004070211700088939,-0.0011590363505729112,-0.0011590363505729112,0.00018286245599713903,0.00018286245599713903,3.5161838323231943e-09,3.5161838323231943e-09,3609.888
llmsr,g0015,III.21.20_3_0,5,5,5,-1.0741201303017565,-1.0741201303017565,-0.9208107027465158,-0.9208107027465158,-1.032102682164376,-1.032102682164376,3.29941067295532,3.29941067295532,3612.553
llmsr,g0016,feynman_II_15_4,5,5,5,-12.0,-12.0,-12.0,-12.0,-12.0,-12.0,-12.0,-12.0,3610.068
llmsr,g0017,strogatz_shearflow1,5,5,5,-0.741729959499613,-0.741729959499613,-0.8319501676244817,-0.8319501676244817,-0.6220029224196343,-0.6220029224196343,0.09887348507917709,0.09887348507917709,3608.793
llmsr,g0018,feynman-i.18.16,5,5,5,-0.9455528069250029,-0.9455528069250029,-0.956735039760889,-0.956735039760889,-0.9189520562589936,-0.9189520562589936,-0.34428029978596375,-0.34428029978596375,3608.872
llmsr,g0019,feynman-ii.34.2a,5,5,5,-0.00033825711144906857,-0.00033825711144906857,0.0011988154276423078,0.0011988154276423078,0.002964434374992107,0.002964434374992107,0.00022311004844292024,0.00022311004844292024,3608.919
llmsr,g0020,first_principles_leavitt,5,4,5,-4.158923318146681,-4.158923318146681,-3.4047230521757648,-3.4047230521757648,-3.511581496624317,-3.511581496624317,-1.9538038303238772,-2.057909863395597,3609.365
llmsr,g0021,feynman-i.39.22,5,5,5,-0.0811765308515082,-0.0811765308515082,-0.09289208571364387,-0.09289208571364387,-0.06844238040636788,-0.06844238040636788,0.04870271099538913,0.04870271099538913,3607.94
llmsr,g0022,feynman-i.11.19,5,5,5,5.2214961150175005,5.2214961150175005,5.161210325431197,5.161210325431197,5.382663659678768,5.382663659678768,7.060527016429434,7.060527016429434,3608.918
llmsr,g0023,I.11.19_4_0,5,5,5,-1.4232716619584882,-1.4232716619584882,-1.4338675993701073,-1.4338675993701073,-1.4303778538308267,-1.4303778538308267,-0.7661787921540009,-0.7661787921540009,3613.059
llmsr,g0024,strogatz_predprey2,5,5,5,-2.438598434654682,-2.438598434654682,-2.512135783484994,-2.512135783484994,-2.5374758888700075,-2.5374758888700075,-0.9183366294677283,-0.9183366294677283,3608.537
llmsr,g0025,strogatz_barmag2,5,5,5,-11.629880225862777,-11.629880225862777,-12.0,-12.0,-11.538463325769756,-11.538463325769756,-11.278773322326005,-11.278773322326005,3608.608
llmsr,g0026,strogatz_barmag1,5,5,5,-11.092231282037753,-11.092231282037753,-11.361586617206033,-11.361586617206033,-11.201723129649226,-11.201723129649226,-11.191129486494754,-11.191129486494754,3609.17
llmsr,g0027,feynman_I_12_11,5,5,5,-12.0,-12.0,-12.0,-12.0,-12.0,-12.0,-12.0,-12.0,3612.588
llmsr,g0028,feynman-ii.4.23,5,5,5,-9.664152356259009e-11,-9.664152356259009e-11,-9.664147534621675e-11,-9.664147534621675e-11,-1.1901097959340724e-10,-1.1901097959340724e-10,-9.664137891347007e-11,-9.664137891347007e-11,3608.973
llmsr,g0029,strogatz_vdp1,5,5,5,-8.848315420155549,-8.848315420155549,-8.825367576184743,-8.825367576184743,-9.065068944918757,-9.065068944918757,-7.126279913798995,-7.126279913798995,3607.619
llmsr,g0030,feynman-iii.7.38,5,5,5,0.0,0.0,0.0,0.0,0.0,0.0,0.0,0.0,3608.984
llmsr,g0031,II.11.27_1_0,5,5,5,-2.252718703159935,-2.252718703159935,-2.0306541741332387,-2.0306541741332387,-2.072699638747442,-2.072699638747442,-0.0160582273606158,-0.0160582273606158,3612.509
llmsr,g0032,feynman-i.13.12,5,5,5,3.078201214129999,3.078201214129999,3.014385904468524,3.014385904468524,3.7003823161087395,3.7003823161087395,3.919063083634878,3.919063083634878,3609.365
llmsr,g0033,feynman-iii.10.19,5,5,5,12.0,12.0,12.0,12.0,12.0,12.0,12.0,12.0,3608.776
llmsr,g0034,CRK11,5,5,5,-5.19233067509087,-5.19233067509087,-4.883767370330848,-4.883767370330848,-5.033997132410102,-5.033997132410102,-1.4502017229405912,-1.4502017229405912,3607.787
llmsr,g0035,feynman-i.32.5,5,5,5,-7.466064327986363e-12,-7.466064327986363e-12,-1.9345421523329686e-11,-1.9345421523329686e-11,-7.34856102618484e-12,-7.34856102618484e-12,-2.342833579991843e-13,-2.342833579991843e-13,3608.28
llmsr,g0036,CRK10,5,5,5,-6.139081940918105,-6.139081940918105,-6.0813973169500875,-6.0813973169500875,-6.155551506051963,-6.155551506051963,-1.6227387516546437,-1.6227387516546437,3609.491
llmsr,g0037,CRK34,5,5,5,-5.878017645172523,-5.878017645172523,-5.852487512811278,-5.852487512811278,-5.835716881962416,-5.835716881962416,-2.178010471516283,-2.178010471516283,3608.88
llmsr,g0038,PO19,5,5,5,-2.760756526100785,-2.760756526100785,-2.675174124770937,-2.675174124770937,-2.7191905893673036,-2.7191905893673036,4.077639005918152,4.077639005918152,3608.644
llmsr,g0039,CRK0,5,5,5,-6.965095474916093,-6.965095474916093,-6.997775573918306,-6.997775573918306,-7.058668947673841,-7.058668947673841,-4.450864421041401,-4.450864421041401,3608.15
llmsr,g0040,feynman-i.29.16,5,5,5,-1.4449656450897967,-1.4449656450897967,-1.3531381231871529,-1.3531381231871529,-1.3061503077705128,-1.3061503077705128,-0.6084793561525262,-0.6084793561525262,3609.06
llmsr,g0041,PO41,5,5,5,-2.9729434100649383,-2.9729434100649383,-2.901673288146352,-2.901673288146352,-3.0068689177722083,-3.0068689177722083,0.8778959581651542,0.8778959581651542,3609.011
llmsr,g0042,feynman_test_15,5,5,5,-3.4447958972244948,-3.4447958972244948,-3.427682220024981,-3.427682220024981,-3.4172730904685196,-3.4172730904685196,-2.311203776863974,-2.311203776863974,3612.582
llmsr,g0043,CRK33,5,5,5,-6.256212253263052,-6.256212253263052,-6.3135927590349405,-6.3135927590349405,-6.314008903277296,-6.314008903277296,-2.3066825205878843,-2.3066825205878843,3607.225
llmsr,g0044,feynman-i.15.3t,5,5,5,-7.703649070564793,-7.703649070564793,-7.768093996382466,-7.768093996382466,-7.726441298759289,-7.726441298759289,-4.306735036327424,-4.306735036327424,3609.246
llmsr,g0045,feynman-bonus.20,5,5,5,0.0,0.0,2.98941514631518e-15,2.98941514631518e-15,1.8322221864512418e-15,1.8322221864512418e-15,0.0,0.0,3610.842
llmsr,g0046,II.6.15b_3_0,5,5,5,-0.6883419378220624,-0.6883419378220624,-0.6372719568273784,-0.6372719568273784,-0.6956223672109909,-0.6956223672109909,-1.1637749297858244,-1.1637749297858244,3610.05
llmsr,g0047,BPG5,5,5,5,-8.348302344481617,-8.348302344481617,-8.283692408592714,-8.283692408592714,-8.412725084123387,-8.412725084123387,-3.6309906738572493,-3.6309906738572493,3610.496
llmsr,g0048,MatSci21,5,5,5,-1.3342976430741758,-1.3342976430741758,-1.3442389272381428,-1.3442389272381428,-1.351950715123538,-1.351950715123538,-1.1520365348185448,-1.1520365348185448,3607.791
llmsr,g0049,BPG3,5,5,5,-6.632889433397537,-6.632889433397537,-6.396607143458996,-6.396607143458996,-6.710544223957251,-6.710544223957251,1.3955326544195343,1.3955326544195343,3607.927
llmsr,g0050,BPG9,5,5,5,-3.1388061918394494,-3.1388061918394494,-3.0822667459393918,-3.0822667459393918,-3.222886288819019,-3.222886288819019,1.2504239742228305,1.2504239742228305,3609.21
pyoperon,g0001,II.34.2_1_0,5,3,5,-0.9737433990629414,-0.9737433990629414,-0.967450221804614,-0.967450221804614,-0.9660877499964049,-0.9660877499964049,0.03224587212445426,-0.335749017657061,13.564
pyoperon,g0002,first_principles_hubble,5,5,5,-0.9119477891862715,-0.9119477891862715,-1.1294888305344903,-1.1294888305344903,-1.5275810273081472,-1.5275810273081472,-0.9809650020548982,-0.9809650020548982,9.541
pyoperon,g0003,feynman-ii.27.18,5,0,5,12.0,,12.0,,12.0,,12.0,,9.14
pyoperon,g0004,Korns-4,5,4,5,-2.8047408270650083,-2.8081068516140126,-2.8217449197869753,-2.8653241644365792,-2.782663530458191,-2.7876284419838773,-2.757245853000864,-2.7574574713276836,9.887
pyoperon,g0005,Keijzer-11,5,5,5,-1.5371671103544453,-1.5371671103544453,-1.6030177556585903,-1.6030177556585903,-1.3315893110801094,-1.3315893110801094,-1.787742280478911,-1.787742280478911,13.385
pyoperon,g0006,Keijzer-2,5,5,5,-0.20372388932250696,-0.20372388932250696,-0.025248238025232718,-0.025248238025232718,-0.25714506825358163,-0.25714506825358163,0.3412617206586984,0.3412617206586984,52.195
pyoperon,g0007,Korns-2,5,5,5,-1.0374400435790818,-1.0374400435790818,0.009168631792316287,0.009168631792316287,0.6953887990484469,0.6953887990484469,0.6446723763861244,0.6446723763861244,8.268
pyoperon,g0008,Nguyen-12,5,5,5,-2.100152392725676,-2.100152392725676,-2.7471034127960965,-2.7471034127960965,-1.8019097401203252,-1.8019097401203252,-1.1585809323870122,-1.1585809323870122,7.409
pyoperon,g0009,Nguyen-6,5,5,5,-3.6012041983030536,-3.6012041983030536,-1.7559977273053127,-1.7559977273053127,-3.1171548699970977,-3.1171548699970977,-1.2410387123143825,-1.2410387123143825,9.86
pyoperon,g0010,Nguyen-9,5,5,5,-2.7095546676979025,-2.7095546676979025,-1.9090012964611518,-1.9090012964611518,-0.5388094892124549,-0.5388094892124549,-2.2489688274319426,-2.2489688274319426,9.724
pyoperon,g0011,Vladislavleva-4,5,3,5,-1.041171674482246,-1.041171674482246,-1.0709095033219793,-1.0709095033219793,-0.9588348390473614,-0.9588348390473614,-0.9124762865711582,-0.9194643809053862,8.896
pyoperon,g0012,feynman_I_27_6,5,5,5,-1.5696754888104512,-1.5696754888104512,-1.5710724399672045,-1.5710724399672045,-1.5685254429864528,-1.5685254429864528,-0.6280478642922278,-0.6280478642922278,15.258
pyoperon,g0013,feynman-i.43.31,5,0,5,12.0,,12.0,,12.0,,12.0,,8.615
pyoperon,g0014,feynman-ii.34.11,5,5,5,-0.0006506159741943267,-0.0006506159741943267,0.0007629066975858471,0.0007629066975858471,-0.0009488954351607366,-0.0009488954351607366,-1.4858913504099214e-06,-1.4858913504099214e-06,10.055
pyoperon,g0015,III.21.20_3_0,5,5,5,-0.6252598134863614,-0.6252598134863614,-0.6377556858432831,-0.6377556858432831,-0.6137248631584417,-0.6137248631584417,-0.16568376907985816,-0.16568376907985816,14.113
pyoperon,g0016,feynman_II_15_4,5,5,5,-0.6032392019817583,-0.6032392019817583,-0.606026413294349,-0.606026413294349,-0.6042988091448794,-0.6042988091448794,-0.2099944161569269,-0.2099944161569269,11.113
pyoperon,g0017,strogatz_shearflow1,5,5,5,-0.4011890865176935,-0.4011890865176935,-1.0555388377505772,-1.0555388377505772,-0.5382856161364795,-0.5382856161364795,0.21020046656508143,0.21020046656508143,10.863
pyoperon,g0018,feynman-i.18.16,5,4,5,-0.030676903068288536,-0.030676903068288536,-0.019999784626418618,-0.019999784626418618,-0.0168139273317611,-0.0168139273317611,0.09512999355262955,0.08428670966285995,12.848
pyoperon,g0019,feynman-ii.34.2a,5,4,5,-0.21221558363221105,-0.21222039305029067,-0.22090814603342918,-0.2210691100250996,-0.23789175771941495,-0.23798030674968879,0.4579210238340856,0.4565464145987809,10.483
pyoperon,g0020,first_principles_leavitt,5,5,5,-4.107073369022978,-4.107073369022978,-3.3981932552978407,-3.3981932552978407,-3.5845499909451988,-3.5845499909451988,-3.404549998797467,-3.404549998797467,11.233
pyoperon,g0021,feynman-i.39.22,5,5,5,-0.10670692566472026,-0.10670692566472026,-0.12184684434123692,-0.12184684434123692,-0.10491688845063893,-0.10491688845063893,-0.03627005689701354,-0.03627005689701354,10.005
pyoperon,g0022,feynman-i.11.19,5,5,5,-0.03630201559321377,-0.03630201559321377,-0.030973411485350915,-0.030973411485350915,-0.04746821281228132,-0.04746821281228132,-0.04630127194121277,-0.04630127194121277,9.835
pyoperon,g0023,I.11.19_4_0,5,5,5,-1.3356456593739297,-1.3356456593739297,-1.3380259140023176,-1.3380259140023176,-1.3430365785947362,-1.3430365785947362,-0.9099974754168582,-0.9099974754168582,12.341
pyoperon,g0024,strogatz_predprey2,5,4,5,-1.0171919669131197,-1.0171919669131197,-1.2001843890939567,-1.2001843890939567,-1.2735228519131114,-1.2735228519131114,-0.47939789897434404,-0.5361848415800893,12.667
pyoperon,g0025,strogatz_barmag2,5,4,5,-0.48448860712526415,-0.48448860712526415,-0.7222195724726557,-0.7222195724726557,-0.3019315157368163,-0.3019315157368163,-0.10307192999383481,-0.17681178070767486,13.226
pyoperon,g0026,strogatz_barmag1,5,5,5,-0.9575300469096462,-0.9575300469096462,-1.4493407583399338,-1.4493407583399338,-1.3345701953625368,-1.3345701953625368,-0.4763842562302959,-0.4763842562302959,8.563
pyoperon,g0027,feynman_I_12_11,5,5,5,-0.48440606830289795,-0.48440606830289795,-0.48687394620842595,-0.48687394620842595,-0.4973756835233234,-0.4973756835233234,-0.12058254477801986,-0.12058254477801986,13.446
pyoperon,g0028,feynman-ii.4.23,5,5,5,-7.258947995448315,-7.258947995448315,-7.258948250969516,-7.258948250969516,-7.258947755883,-7.258947755883,-6.752962845941513,-6.752962845941513,9.036
pyoperon,g0029,strogatz_vdp1,5,5,5,-0.3515234540816306,-0.3515234540816306,-0.3457048601211959,-0.3457048601211959,-0.3719104855099018,-0.3719104855099018,-0.13453029711383643,-0.13453029711383643,10.358
pyoperon,g0030,feynman-iii.7.38,5,5,5,-6.50760028593899,-6.50760028593899,-6.507600477243399,-6.507600477243399,-6.507600304930232,-6.507600304930232,-6.507600297421935,-6.507600297421935,8.816
pyoperon,g0031,II.11.27_1_0,5,5,5,-1.192423068731497,-1.192423068731497,-1.0080446191221146,-1.0080446191221146,-1.2959466366440973,-1.2959466366440973,-0.5452575716550717,-0.5452575716550717,12.21
pyoperon,g0032,feynman-i.13.12,5,0,5,12.0,,12.0,,12.0,,12.0,,10.204
pyoperon,g0033,feynman-iii.10.19,5,0,3,12.0,,12.0,,12.0,,12.0,,8.015
pyoperon,g0034,CRK11,5,5,5,-3.437055219142504,-3.437055219142504,-3.135752350067969,-3.135752350067969,-3.223243487192658,-3.223243487192658,0.56262849156193,0.56262849156193,9.069
pyoperon,g0035,feynman-i.32.5,5,1,5,12.0,-0.1624521448620032,12.0,-0.08982663141665924,12.0,-0.17191259254280605,12.0,-0.11263387870423619,10.195
pyoperon,g0036,CRK10,5,5,5,-3.2561737844783805,-3.2561737844783805,-3.2741476885927105,-3.2741476885927105,-3.1936935940341957,-3.1936935940341957,1.2258729674670823,1.2258729674670823,9.315
pyoperon,g0037,CRK34,5,5,5,-3.4006775163329332,-3.4006775163329332,-3.3942332938168143,-3.3942332938168143,-3.3832881013864564,-3.3832881013864564,0.9510720415857958,0.9510720415857958,9.623
pyoperon,g0038,PO19,5,5,5,-1.0453051658000037,-1.0453051658000037,-1.1089626433813011,-1.1089626433813011,-1.094387338632407,-1.094387338632407,4.3802690051144175,4.3802690051144175,10.181
pyoperon,g0039,CRK0,5,5,5,-2.595111239325987,-2.595111239325987,-2.5699593821832196,-2.5699593821832196,-2.7173480313852654,-2.7173480313852654,0.44676758765958224,0.44676758765958224,11.462
pyoperon,g0040,feynman-i.29.16,5,5,5,-1.1192783362175323,-1.1192783362175323,-0.9891081618372228,-0.9891081618372228,-0.9870603197856337,-0.9870603197856337,-1.2599202815536614,-1.2599202815536614,11.739
pyoperon,g0041,PO41,5,5,5,-1.1357367630993704,-1.1357367630993704,-1.0716379611533489,-1.0716379611533489,-1.211580890176355,-1.211580890176355,3.3064117605151675,3.3064117605151675,8.724
pyoperon,g0042,feynman_test_15,5,5,5,-1.6534383916666469,-1.6534383916666469,-1.6575136406758657,-1.6575136406758657,-1.6597042470177126,-1.6597042470177126,-0.8323407697258964,-0.8323407697258964,13.132
pyoperon,g0043,CRK33,5,5,5,-3.2868867318534676,-3.2868867318534676,-3.3437889229590043,-3.3437889229590043,-3.291056704185891,-3.291056704185891,0.9878986607215446,0.9878986607215446,10.241
pyoperon,g0044,feynman-i.15.3t,5,5,5,-6.671273429387559,-6.671273429387559,-6.660387168175742,-6.660387168175742,-6.664311077008862,-6.664311077008862,-4.359093261340434,-4.359093261340434,13.486
pyoperon,g0045,feynman-bonus.20,5,0,3,12.0,,12.0,,12.0,,12.0,,7.715
pyoperon,g0046,II.6.15b_3_0,5,4,5,-1.0012546142913246,-1.0345363418757265,-0.9458137365224517,-0.9739226278073828,-0.9808563538649228,-1.014868511879926,-0.7949557082249281,-0.857144221087662,11.271
pyoperon,g0047,BPG5,5,4,5,-0.7469086331047632,-0.8122388422577131,-0.805413749765517,-0.8484747116991038,-0.7478623442899952,-0.8089092899918459,2.810371875984935,2.5791153076555506,9.255
pyoperon,g0048,MatSci21,5,5,5,-0.9876753303731522,-0.9876753303731522,-1.0188984155337903,-1.0188984155337903,-0.9937367894262856,-0.9937367894262856,-1.6288299935300103,-1.6288299935300103,9.338
pyoperon,g0049,BPG3,5,5,5,-4.4231358061966946,-4.4231358061966946,-4.387114581004717,-4.387114581004717,-4.320806421136595,-4.320806421136595,4.526067724279683,4.526067724279683,10.072
pyoperon,g0050,BPG9,5,5,5,-0.8583617197815442,-0.8583617197815442,-0.8927408503139049,-0.8927408503139049,-0.9614328193837859,-0.9614328193837859,1.4441826264358517,1.4441826264358517,9.654
pysr,g0001,II.34.2_1_0,5,5,5,-12.0,-12.0,-12.0,-12.0,-12.0,-12.0,-12.0,-12.0,3605.09
pysr,g0002,first_principles_hubble,5,5,5,-2.558287800410802,-2.558287800410802,-1.785763515967163,-1.785763515967163,-2.2266720937447646,-2.2266720937447646,-2.280367364364337,-2.280367364364337,3602.346
pysr,g0003,feynman-ii.27.18,5,5,5,-1.2606884567243405e-06,-1.2606884567243405e-06,-3.2804851609701303e-06,-3.2804851609701303e-06,-1.6889247134120383e-06,-1.6889247134120383e-06,0.29174670541583336,0.29174670541583336,3602.544
pysr,g0004,Korns-4,5,5,5,-2.4816869682019815,-2.4816869682019815,-2.494303246911052,-2.494303246911052,-2.534848003882018,-2.534848003882018,-2.507649669705209,-2.507649669705209,3602.197
pysr,g0005,Keijzer-11,5,5,5,-10.188907094295239,-10.188907094295239,-9.122911611784703,-9.122911611784703,-9.54935505516279,-9.54935505516279,-9.79526381783831,-9.79526381783831,3602.273
pysr,g0006,Keijzer-2,5,5,5,-10.573505105980257,-10.573505105980257,-10.929413436423928,-10.929413436423928,-10.593740223740065,-10.593740223740065,-10.699586244562516,-10.699586244562516,3602.263
pysr,g0007,Korns-2,5,5,5,0.07738819684626111,0.07738819684626111,1.257474433655724,1.257474433655724,1.9703256616733476,1.9703256616733476,0.7184179165281096,0.7184179165281096,3602.262
pysr,g0008,Nguyen-12,5,5,5,-12.0,-12.0,-12.0,-12.0,-12.0,-12.0,-12.0,-12.0,3602.034
pysr,g0009,Nguyen-6,5,5,5,-12.0,-12.0,-12.0,-12.0,-12.0,-12.0,-12.0,-12.0,3602.477
pysr,g0010,Nguyen-9,5,5,5,-12.0,-12.0,-12.0,-12.0,-12.0,-12.0,-12.0,-12.0,3602.092
pysr,g0011,Vladislavleva-4,5,5,5,-2.1213769446134907,-2.1213769446134907,-2.0606910519456716,-2.0606910519456716,-2.140723422017504,-2.140723422017504,-1.8254783688075988,-1.8254783688075988,3602.476
pysr,g0012,feynman_I_27_6,5,5,5,-12.0,-12.0,-12.0,-12.0,-12.0,-12.0,-12.0,-12.0,3604.403
pysr,g0013,feynman-i.43.31,5,5,5,-0.08696548939881035,-0.08696548939881035,-0.09411484827498702,-0.09411484827498702,-0.09061957705113562,-0.09061957705113562,-0.03110585081060418,-0.03110585081060418,3602.558
pysr,g0014,feynman-ii.34.11,5,5,5,-12.0,-12.0,-12.0,-12.0,-12.0,-12.0,-12.0,-12.0,3602.828
pysr,g0015,III.21.20_3_0,5,5,5,-12.0,-12.0,-12.0,-12.0,-12.0,-12.0,-12.0,-12.0,3603.975
pysr,g0016,feynman_II_15_4,5,5,5,-12.0,-12.0,-12.0,-12.0,-12.0,-12.0,-12.0,-12.0,3603.552
pysr,g0017,strogatz_shearflow1,5,5,5,-12.0,-12.0,-12.0,-12.0,-12.0,-12.0,-12.0,-12.0,3602.498
pysr,g0018,feynman-i.18.16,5,5,5,-12.0,-12.0,-12.0,-12.0,-12.0,-12.0,-12.0,-12.0,3602.422
pysr,g0019,feynman-ii.34.2a,5,5,5,0.0,0.0,0.0,0.0,0.0,0.0,0.0,0.0,3602.561
pysr,g0020,first_principles_leavitt,5,5,5,-4.3671405980305416,-4.3671405980305416,-3.438137166936328,-3.438137166936328,-3.5198199470448737,-3.5198199470448737,-2.8475877082182666,-2.8475877082182666,3602.185
pysr,g0021,feynman-i.39.22,5,4,5,5.318072144964528e-10,-0.756549010560996,9.875627428715625e-10,-0.6315782023299562,5.644811362734519e-10,-0.73774011532845,1.4434718902922677e-10,-0.48104744484408024,3602.467
pysr,g0022,feynman-i.11.19,5,5,5,-12.0,-12.0,-12.0,-12.0,-12.0,-12.0,-12.0,-12.0,3602.541
pysr,g0023,I.11.19_4_0,5,5,5,-12.0,-12.0,-12.0,-12.0,-12.0,-12.0,-12.0,-12.0,3604.725
pysr,g0024,strogatz_predprey2,5,5,5,-10.307502349886718,-10.307502349886718,-10.229370689137289,-10.229370689137289,-10.464894193009957,-10.464894193009957,-10.155845332020254,-10.155845332020254,3602.849
pysr,g0025,strogatz_barmag2,5,5,5,-12.0,-12.0,-12.0,-12.0,-12.0,-12.0,-12.0,-12.0,3602.223
pysr,g0026,strogatz_barmag1,5,5,5,-12.0,-12.0,-12.0,-12.0,-12.0,-12.0,-12.0,-12.0,3602.167
pysr,g0027,feynman_I_12_11,5,5,5,-12.0,-12.0,-12.0,-12.0,-12.0,-12.0,-12.0,-12.0,3604.082
pysr,g0028,feynman-ii.4.23,5,5,5,-12.0,-12.0,-12.0,-12.0,-12.0,-12.0,-12.0,-12.0,3602.465
pysr,g0029,strogatz_vdp1,5,5,5,-12.0,-12.0,-12.0,-12.0,-12.0,-12.0,-12.0,-12.0,3602.186
pysr,g0030,feynman-iii.7.38,5,5,5,0.0,0.0,0.0,0.0,0.0,0.0,0.0,0.0,3602.395
pysr,g0031,II.11.27_1_0,5,5,5,-3.423317274531233,-3.423317274531233,-3.1304950478838434,-3.1304950478838434,-3.281052687397162,-3.281052687397162,-2.17190433979936,-2.17190433979936,3604.154
pysr,g0032,feynman-i.13.12,5,5,5,0.0,0.0,0.0,0.0,0.0,0.0,0.0,0.0,3602.378
pysr,g0033,feynman-iii.10.19,5,5,5,12.0,12.0,12.0,12.0,12.0,12.0,12.0,12.0,3602.405
pysr,g0034,CRK11,5,2,5,12.0,9.288506728824967,9.51439873517154,9.51439873517154,9.290309675901785,9.290309675901785,12.0,12.0,3602.295
pysr,g0035,feynman-i.32.5,5,5,5,-8.873621573625767,-8.873621573625767,-8.874569013234831,-8.874569013234831,-8.873655000412882,-8.873655000412882,-8.872287568317022,-8.872287568317022,3602.238
pysr,g0036,CRK10,5,4,5,8.702855466345637,7.945025862865626,7.174667417198417,7.174667417198417,7.265472359573739,7.265472359573739,12.0,12.0,3602.379
pysr,g0037,CRK34,5,4,5,6.749149542096216,6.180425393120906,6.64452099735109,6.64452099735109,6.705616411184992,6.705616411184992,12.0,12.0,3602.114
pysr,g0038,PO19,5,5,5,-4.1296085866330605,-4.1296085866330605,-4.165319078544637,-4.165319078544637,-4.110698897481984,-4.110698897481984,-2.1649529940287437,-2.1649529940287437,3602.065
pysr,g0039,CRK0,5,3,5,12.0,7.035699376947642,7.068732013634572,7.068732013634572,6.907217129668975,6.907217129668975,10.604425433866108,10.604425433866108,3602.292
pysr,g0040,feynman-i.29.16,5,5,5,-2.695432117899828,-2.695432117899828,-2.442907519420104,-2.442907519420104,-2.40471302996494,-2.40471302996494,-3.061440804647122,-3.061440804647122,3602.512
pysr,g0041,PO41,5,5,5,-3.3629353253629475,-3.3629353253629475,-3.439619880312127,-3.439619880312127,-3.4237745617575706,-3.4237745617575706,-1.7933531868700818,-1.7933531868700818,3602.012
pysr,g0042,feynman_test_15,5,5,5,-3.659423823878635,-3.659423823878635,-3.657289433263571,-3.657289433263571,-3.636177829834004,-3.636177829834004,-3.286834894993384,-3.286834894993384,3604.612
pysr,g0043,CRK33,5,3,5,9.727477867198008,8.066030683729505,7.9305738935815,7.9305738935815,7.811734264731277,7.811734264731277,12.0,12.0,3602.075
pysr,g0044,feynman-i.15.3t,5,5,5,12.0,12.0,12.0,12.0,12.0,12.0,12.0,12.0,3602.671
pysr,g0045,feynman-bonus.20,5,5,5,12.0,12.0,12.0,12.0,12.0,12.0,12.0,12.0,3602.641
pysr,g0046,II.6.15b_3_0,5,5,5,-1.0534491018425083,-1.0534491018425083,-1.0016937749152375,-1.0016937749152375,-1.018432013927305,-1.018432013927305,-0.5642098810008508,-0.5642098810008508,3603.478
pysr,g0047,BPG5,5,5,5,1.1181025972474012,1.1181025972474012,1.0858813269770429,1.0858813269770429,1.0529709679465866,1.0529709679465866,5.4289593304807555,5.4289593304807555,3602.163
pysr,g0048,MatSci21,5,5,5,-10.469035970772756,-10.469035970772756,-10.492723995624385,-10.492723995624385,-10.488789425027498,-10.488789425027498,-10.578691728221026,-10.578691728221026,3602.183
pysr,g0049,BPG3,5,5,5,6.780705910698676,6.780705910698676,6.6792298608747185,6.6792298608747185,6.845328305064777,6.845328305064777,12.0,12.0,3602.069
pysr,g0050,BPG9,5,5,5,6.215936917774381,6.215936917774381,6.288504744406918,6.288504744406918,6.097300103743391,6.097300103743391,10.84226292435472,10.84226292435472,3602.153
qlattice,g0001,II.34.2_1_0,5,5,5,-2.969362588636931,-2.969362588636931,-2.898108224129247,-2.898108224129247,-2.9740406611782904,-2.9740406611782904,-1.552063497853684,-1.552063497853684,425.683
qlattice,g0002,first_principles_hubble,5,5,5,-1.205316245792828,-1.205316245792828,-1.003766670332978,-1.003766670332978,-1.2531137647424524,-1.2531137647424524,-1.0032088425449373,-1.0032088425449373,120.779
qlattice,g0003,feynman-ii.27.18,5,5,5,-1.1372270621196299,-1.1372270621196299,-1.113953958039811,-1.113953958039811,-1.1633359428629744,-1.1633359428629744,-0.8704393595774693,-0.8704393595774693,104.664
qlattice,g0004,Korns-4,5,5,5,-2.777674496540123,-2.777674496540123,-2.85608584743289,-2.85608584743289,-2.814168178923727,-2.814168178923727,-2.784260258401488,-2.784260258401488,140.684
qlattice,g0005,Keijzer-11,5,5,5,-2.3159074404625843,-2.3159074404625843,-0.5626913360677859,-0.5626913360677859,-0.3402623482240727,-0.3402623482240727,-0.32153606308294064,-0.32153606308294064,146.753
qlattice,g0006,Keijzer-2,5,5,5,-0.6254193405017873,-0.6254193405017873,-0.20752847384411074,-0.20752847384411074,-0.7081721791215164,-0.7081721791215164,0.4975268151049661,0.4975268151049661,119.583
qlattice,g0007,Korns-2,5,4,5,-1.1141441030975825,-1.1243387035229881,0.08251821733327415,0.06987218571356044,1.2265888602079074,0.7785794862737488,0.7278377363211332,0.5329276679168391,132.397
qlattice,g0008,Nguyen-12,5,5,5,-4.231109731992676,-4.231109731992676,-3.5573813032112054,-3.5573813032112054,-4.335648946274211,-4.335648946274211,-2.2452287801904185,-2.2452287801904185,135.0
qlattice,g0009,Nguyen-6,5,5,5,-4.267440861997931,-4.267440861997931,-2.122751645726597,-2.122751645726597,-4.037884713918807,-4.037884713918807,-1.5005904217861672,-1.5005904217861672,144.553
qlattice,g0010,Nguyen-9,5,5,5,-4.350701595481667,-4.350701595481667,-4.645433555860527,-4.645433555860527,-2.3392070164530834,-2.3392070164530834,-3.3698055291544384,-3.3698055291544384,127.891
qlattice,g0011,Vladislavleva-4,5,5,5,-2.078315923826969,-2.078315923826969,-2.1438465409678225,-2.1438465409678225,-2.1437622283231836,-2.1437622283231836,-1.8674230362555013,-1.8674230362555013,165.993
qlattice,g0012,feynman_I_27_6,5,5,5,-2.8446552072523477,-2.8446552072523477,-2.8437308771794534,-2.8437308771794534,-2.8460261397405917,-2.8460261397405917,-1.8503125628256047,-1.8503125628256047,433.374
qlattice,g0013,feynman-i.43.31,5,5,5,-0.2333546820511954,-0.2333546820511954,-0.23019443772701753,-0.23019443772701753,-0.23270889491595032,-0.23270889491595032,-0.14648378790197264,-0.14648378790197264,99.031
qlattice,g0014,feynman-ii.34.11,5,5,5,-2.9594127566479043,-2.9594127566479043,-2.954778968367219,-2.954778968367219,-2.764076031381898,-2.764076031381898,-2.5630500584894405,-2.5630500584894405,541.372
qlattice,g0015,III.21.20_3_0,5,5,5,-0.9173111943157815,-0.9173111943157815,-0.9146766799006671,-0.9146766799006671,-0.8680702496842172,-0.8680702496842172,6.598702329914201e-05,6.598702329914201e-05,437.749
qlattice,g0016,feynman_II_15_4,5,5,5,-3.6932054659987705,-3.6932054659987705,-3.6949434929952165,-3.6949434929952165,-3.685550250152819,-3.685550250152819,-2.7639730005348366,-2.7639730005348366,340.944
qlattice,g0017,strogatz_shearflow1,5,5,5,-1.6750192303185827,-1.6750192303185827,-1.7914839802256899,-1.7914839802256899,-2.2507907044662,-2.2507907044662,0.023360849640697182,0.023360849640697182,148.078
qlattice,g0018,feynman-i.18.16,5,5,5,-1.4544718662670575,-1.4544718662670575,-1.3420727414670524,-1.3420727414670524,-1.6105321404870163,-1.6105321404870163,0.48290467005725723,0.48290467005725723,140.319
qlattice,g0019,feynman-ii.34.2a,5,5,5,-2.108183509427057,-2.108183509427057,-2.153909115003308,-2.153909115003308,-2.1391168943847045,-2.1391168943847045,-1.668841794414116,-1.668841794414116,143.808
qlattice,g0020,first_principles_leavitt,5,4,5,-4.087490242355744,-4.087490242355744,-3.4550428872753365,-3.4550428872753365,-3.5921761962039076,-3.5921761962039076,-2.746820269586471,-2.8845181531319253,125.224
qlattice,g0021,feynman-i.39.22,5,5,5,-1.6172783576052832,-1.6172783576052832,-1.401025193984724,-1.401025193984724,-1.6108645754261854,-1.6108645754261854,-1.2560771619558189,-1.2560771619558189,490.883
qlattice,g0022,feynman-i.11.19,5,5,5,-0.455775485777524,-0.455775485777524,-0.4853894959575987,-0.4853894959575987,-0.5416170557497737,-0.5416170557497737,-0.47281578977970873,-0.47281578977970873,140.106
qlattice,g0023,I.11.19_4_0,5,5,5,-1.7100289221090363,-1.7100289221090363,-1.7210450455188286,-1.7210450455188286,-1.7078756813959666,-1.7078756813959666,-1.1241821309141824,-1.1241821309141824,475.655
qlattice,g0024,strogatz_predprey2,5,5,5,-2.877893618254725,-2.877893618254725,-2.7476233367433083,-2.7476233367433083,-3.061069813047152,-3.061069813047152,-0.9668503032682999,-0.9668503032682999,143.695
qlattice,g0025,strogatz_barmag2,5,5,5,-2.2679500342843104,-2.2679500342843104,-2.4475564788407476,-2.4475564788407476,-1.771166169596516,-1.771166169596516,-0.31643804468722864,-0.31643804468722864,140.588
qlattice,g0026,strogatz_barmag1,5,5,5,-2.2440861098958584,-2.2440861098958584,-2.2080812303267785,-2.2080812303267785,-2.030511473062334,-2.030511473062334,-1.0737419145002476,-1.0737419145002476,164.227
qlattice,g0027,feynman_I_12_11,5,5,5,-1.6555922566569214,-1.6555922566569214,-1.6549254874530854,-1.6549254874530854,-1.6566501892776444,-1.6566501892776444,-1.2367893846194178,-1.2367893846194178,346.501
qlattice,g0028,feynman-ii.4.23,5,5,5,-4.796946608292642,-4.796946608292642,-4.722757423715279,-4.722757423715279,-4.869673306893917,-4.869673306893917,-4.4477787692538895,-4.4477787692538895,136.345
qlattice,g0029,strogatz_vdp1,5,5,5,-5.9090606976468685,-5.9090606976468685,-5.798928744033069,-5.798928744033069,-6.137396673962287,-6.137396673962287,-6.889844824999978,-6.889844824999978,130.704
qlattice,g0030,feynman-iii.7.38,5,0,0,12.0,,12.0,,12.0,,12.0,,85.774
qlattice,g0031,II.11.27_1_0,5,5,5,-0.11138618620457745,-0.11138618620457745,-0.2712669397884873,-0.2712669397884873,-0.10395415647725456,-0.10395415647725456,0.07782206760714824,0.07782206760714824,459.738
qlattice,g0032,feynman-i.13.12,5,5,5,0.002617307846575205,0.002617307846575205,0.021001004407693084,0.021001004407693084,0.006235704715718499,0.006235704715718499,0.007693087330827315,0.007693087330827315,99.948
qlattice,g0033,feynman-iii.10.19,5,5,5,0.0037586181016131767,0.0037586181016131767,0.001677167108433519,0.001677167108433519,0.001148741229521998,0.001148741229521998,-5.463022455724897e-07,-5.463022455724897e-07,123.654
qlattice,g0034,CRK11,5,5,5,-5.037007910474356,-5.037007910474356,-5.13125139821023,-5.13125139821023,-5.069232311394433,-5.069232311394433,-2.0760004763143924,-2.0760004763143924,128.881
qlattice,g0035,feynman-i.32.5,5,5,5,-0.09296931009349771,-0.09296931009349771,-0.06132357873550711,-0.06132357873550711,-0.08760719940686003,-0.08760719940686003,-0.04252918266641025,-0.04252918266641025,106.604
qlattice,g0036,CRK10,5,5,5,-4.981655730162298,-4.981655730162298,-5.039453201779316,-5.039453201779316,-5.055507590717403,-5.055507590717403,-1.5886650459979565,-1.5886650459979565,146.055
qlattice,g0037,CRK34,5,5,5,-4.285698531932494,-4.285698531932494,-4.3371706721274474,-4.3371706721274474,-4.301631283880694,-4.301631283880694,0.17913587570153144,0.17913587570153144,144.031
qlattice,g0038,PO19,5,5,5,-3.3609143998761635,-3.3609143998761635,-3.323234691002422,-3.323234691002422,-3.3596383612220806,-3.3596383612220806,4.163171502630444,4.163171502630444,155.712
qlattice,g0039,CRK0,5,5,5,-4.616702526536221,-4.616702526536221,-4.602999534922574,-4.602999534922574,-4.722409480157976,-4.722409480157976,-1.622709888944636,-1.622709888944636,140.241
qlattice,g0040,feynman-i.29.16,5,5,5,-1.3034656256913815,-1.3034656256913815,-1.2161344265082898,-1.2161344265082898,-1.18749352010702,-1.18749352010702,-0.6010024454865261,-0.6010024454865261,148.222
qlattice,g0041,PO41,5,5,5,-3.133153491145499,-3.133153491145499,-3.0866720774570036,-3.0866720774570036,-3.126561466775888,-3.126561466775888,2.890810431146272,2.890810431146272,144.183
qlattice,g0042,feynman_test_15,5,5,5,-2.560889488590462,-2.560889488590462,-2.5690310557631832,-2.5690310557631832,-2.557879047434586,-2.557879047434586,-1.4961158380932122,-1.4961158380932122,458.851
qlattice,g0043,CRK33,5,5,5,-4.060702702707556,-4.060702702707556,-4.127790098766026,-4.127790098766026,-4.1729140784487155,-4.1729140784487155,0.14902416776389582,0.14902416776389582,143.535
qlattice,g0044,feynman-i.15.3t,5,5,5,-7.211130940095285,-7.211130940095285,-7.21389203142081,-7.21389203142081,-7.169660393947066,-7.169660393947066,-4.3104231877589,-4.3104231877589,111.126
qlattice,g0045,feynman-bonus.20,5,5,5,-0.04632795054024627,-0.04632795054024627,-0.05327535471027584,-0.05327535471027584,-0.04246738940324496,-0.04246738940324496,0.018168669866212392,0.018168669866212392,117.082
qlattice,g0046,II.6.15b_3_0,5,5,5,-1.1125227607464627,-1.1125227607464627,-1.0566929780975725,-1.0566929780975725,-1.055929689574468,-1.055929689574468,-0.7286421508928975,-0.7286421508928975,262.997
qlattice,g0047,BPG5,5,5,5,-6.23341158981154,-6.23341158981154,-6.27155576637081,-6.27155576637081,-6.287940049232043,-6.287940049232043,-2.0603590187818717,-2.0603590187818717,137.36
qlattice,g0048,MatSci21,5,5,5,-3.703019029029954,-3.703019029029954,-3.7450873265752445,-3.7450873265752445,-3.696167992742759,-3.696167992742759,-3.842201142823133,-3.842201142823133,140.504
qlattice,g0049,BPG3,5,5,5,-4.352892490173864,-4.352892490173864,-4.406996791652419,-4.406996791652419,-4.316081752094365,-4.316081752094365,4.864059840107627,4.864059840107627,134.602
qlattice,g0050,BPG9,5,5,5,-4.98844540303631,-4.98844540303631,-4.922179598054764,-4.922179598054764,-5.082655935125418,-5.082655935125418,-1.6882833257451242,-1.6882833257451242,144.307
ragsr,g0001,II.34.2_1_0,5,5,5,4.82751552611066,4.82751552611066,4.814074496645077,4.814074496645077,4.829380432908608,4.829380432908608,4.061100641528447,4.061100641528447,3603.805
ragsr,g0002,first_principles_hubble,5,5,5,-0.2973734072454169,-0.2973734072454169,-1.2008663733850926,-1.2008663733850926,-0.23131719291004837,-0.23131719291004837,-1.0359311619667482,-1.0359311619667482,2413.923
ragsr,g0003,feynman-ii.27.18,5,5,5,3.9750006701935425,3.9750006701935425,3.9750670685150435,3.9750670685150435,3.9749839103392266,3.9749839103392266,3.9742007958727674,3.9742007958727674,3378.397
ragsr,g0004,Korns-4,5,5,5,-0.3319774725556366,-0.3319774725556366,-0.21591077159621927,-0.21591077159621927,-0.4951623932318214,-0.4951623932318214,-0.24737069207733178,-0.24737069207733178,2406.32
ragsr,g0005,Keijzer-11,5,5,5,0.3304808191249866,0.3304808191249866,0.7923650881067155,0.7923650881067155,1.4664626814132964,1.4664626814132964,1.4948385871182786,1.4948385871182786,1817.081
ragsr,g0006,Keijzer-2,5,5,5,0.2812595617142251,0.2812595617142251,0.5833894821521304,0.5833894821521304,0.3083937628105498,0.3083937628105498,0.037225881437001875,0.037225881437001875,2121.787
ragsr,g0007,Korns-2,5,4,5,4.8936734351837705,3.2494237041103626,6.22799013380587,4.874220020012678,4.966465525640444,3.2412482613704157,4.723571147110293,3.061465657698306,2968.579
ragsr,g0008,Nguyen-12,5,5,5,-2.535764931229178,-2.535764931229178,-2.1922036539303114,-2.1922036539303114,-3.0529801697510153,-3.0529801697510153,-1.8392279631661677,-1.8392279631661677,2337.865
ragsr,g0009,Nguyen-6,5,3,5,-0.0662416613875828,-0.21618047979167712,-0.6447185294978436,-0.7066259912382501,0.43151877594402666,0.42931124671327603,-0.42552118612681006,-0.7039305451095113,3601.659
ragsr,g0010,Nguyen-9,5,5,5,-2.524641790303742,-2.524641790303742,-4.089822176738932,-4.089822176738932,-0.2537411747883331,-0.2537411747883331,-2.696971790557929,-2.696971790557929,2270.83
ragsr,g0011,Vladislavleva-4,5,5,5,0.015390230803737609,0.015390230803737609,-0.013465536107421575,-0.013465536107421575,0.013428746409548721,0.013428746409548721,0.022457109558161607,0.022457109558161607,2197.277
ragsr,g0012,feynman_I_27_6,5,4,5,1.5625528270586488,1.5028866653768818,1.559785182808636,1.5000552821866224,1.5625291393868064,1.5017161046840262,1.7179046277063659,1.6730535630874215,3604.366
ragsr,g0013,feynman-i.43.31,5,5,5,12.0,12.0,12.0,12.0,12.0,12.0,12.0,12.0,2902.805
ragsr,g0014,feynman-ii.34.11,5,5,5,1.3462008779596666,1.3462008779596666,1.3250440244309145,1.3250440244309145,0.9858257777276127,0.9858257777276127,0.003211522922779659,0.003211522922779659,3137.258
ragsr,g0015,III.21.20_3_0,5,3,5,9.20247767333019,5.984134053772377,9.190962893675241,5.964435883202703,9.245503342302507,6.025695026925955,3.68433253234751,0.4990431057771975,3604.23
ragsr,g0016,feynman_II_15_4,5,5,5,3.1534265676279887,3.1534265676279887,3.1491772880900935,3.1491772880900935,3.1565331173246647,3.1565331173246647,2.7023739420592228,2.7023739420592228,3604.076
ragsr,g0017,strogatz_shearflow1,5,5,5,3.5447815331871837,3.5447815331871837,3.5376499733639366,3.5376499733639366,3.0223413355792736,3.0223413355792736,2.7550000934432193,2.7550000934432193,3022.052
ragsr,g0018,feynman-i.18.16,5,5,5,5.9383794015871985,5.9383794015871985,6.044962741734093,6.044962741734093,5.978701756558257,5.978701756558257,7.135793920140492,7.135793920140492,3020.713
ragsr,g0019,feynman-ii.34.2a,5,5,5,10.161429411048658,10.161429411048658,10.132026145486483,10.132026145486483,10.09980777247403,10.09980777247403,8.605455422024653,8.605455422024653,2446.75
ragsr,g0020,first_principles_leavitt,5,4,5,-1.8599495929762375,-1.8679435617287994,-1.570650592245314,-1.5756003113276111,-1.9831613664945982,-1.9927587810905125,-1.9261063963364429,-1.984186749597793,2176.065
ragsr,g0021,feynman-i.39.22,5,5,5,12.0,12.0,12.0,12.0,12.0,12.0,12.0,12.0,2731.55
ragsr,g0022,feynman-i.11.19,5,5,5,5.2219820031558175,5.2219820031558175,5.223764985490093,5.223764985490093,5.222068926781258,5.222068926781258,5.1999066847152395,5.1999066847152395,3068.949
ragsr,g0023,I.11.19_4_0,5,5,5,3.7844691825767574,3.7844691825767574,3.7932749454924526,3.7932749454924526,3.7888483669588977,3.7888483669588977,3.1484462453423445,3.1484462453423445,3605.157
ragsr,g0024,strogatz_predprey2,5,5,5,4.339491596011876,4.339491596011876,4.474768707859047,4.474768707859047,4.258572642576606,4.258572642576606,3.8953152104524404,3.8953152104524404,3602.094
ragsr,g0025,strogatz_barmag2,5,5,5,0.9220774966478914,0.9220774966478914,0.637411249132577,0.637411249132577,1.17750389949549,1.17750389949549,0.6532038019965993,0.6532038019965993,2378.954
ragsr,g0026,strogatz_barmag1,5,5,5,2.166684014509785,2.166684014509785,1.9932908709184927,1.9932908709184927,2.193868040698497,2.193868040698497,1.95416958540874,1.95416958540874,2814.461
ragsr,g0027,feynman_I_12_11,5,5,5,3.998568101109529,3.998568101109529,4.0032331699057595,4.0032331699057595,3.994975485758923,3.994975485758923,4.095039544813217,4.095039544813217,3604.054
ragsr,g0028,feynman-ii.4.23,5,5,5,0.6608781128608925,0.6608781128608925,0.7650551628527703,0.7650551628527703,0.5928714522601013,0.5928714522601013,0.08454538748440467,0.08454538748440467,3334.194
ragsr,g0029,strogatz_vdp1,5,5,5,3.424426728369638,3.424426728369638,3.7118289927088863,3.7118289927088863,3.281315208293165,3.281315208293165,2.949579666063385,2.949579666063385,3473.489
ragsr,g0030,feynman-iii.7.38,5,5,5,1.918294002768714,1.918294002768714,1.9505008153767442,1.9505008153767442,1.9929976913764424,1.9929976913764424,0.01737779918764588,0.01737779918764588,3601.841
ragsr,g0031,II.11.27_1_0,5,4,5,-0.2944145014657961,-0.3774008259968653,-0.6689688132933187,-0.7416971333737127,-0.32183926703871,-0.43273723813299136,0.03714734394406203,0.03707666435769645,3604.259
ragsr,g0032,feynman-i.13.12,5,5,5,-0.3852238834815922,-0.3852238834815922,-0.3237352735023524,-0.3237352735023524,-0.3602890214415191,-0.3602890214415191,0.1490965802996577,0.1490965802996577,2917.532
ragsr,g0033,feynman-iii.10.19,5,4,5,1.5320032390238152,1.5320032390238152,1.4899908214016866,1.4899908214016866,1.5438272714445684,1.5438272714445684,3.005689328863704e-05,3.005689328863704e-05,3601.866
ragsr,g0034,CRK11,5,5,5,1.767622728548114,1.767622728548114,2.0827464073813453,2.0827464073813453,1.9912138152078018,1.9912138152078018,5.772720584157511,5.772720584157511,2930.838
ragsr,g0035,feynman-i.32.5,5,5,5,12.0,12.0,12.0,12.0,12.0,12.0,12.0,12.0,3601.891
ragsr,g0036,CRK10,5,5,5,1.650005960314655,1.650005960314655,1.6318170867581265,1.6318170867581265,1.70813700589046,1.70813700589046,6.117920478031233,6.117920478031233,3328.776
ragsr,g0037,CRK34,5,5,5,2.6435823889819186,2.6435823889819186,2.568841226195366,2.568841226195366,2.6452864726535106,2.6452864726535106,7.218402000337679,7.218402000337679,2554.854
ragsr,g0038,PO19,5,5,5,1.4665290691241084,1.4665290691241084,1.4961492903723579,1.4961492903723579,1.495693606062369,1.495693606062369,9.638862725590913,9.638862725590913,2487.66
ragsr,g0039,CRK0,5,5,5,0.5503661748455247,0.5503661748455247,0.5665218660950398,0.5665218660950398,0.4745794828475858,0.4745794828475858,3.391049694765769,3.391049694765769,3059.681
ragsr,g0040,feynman-i.29.16,5,5,5,1.8289855415947867,1.8289855415947867,1.8673105838889978,1.8673105838889978,1.8618470822510915,1.8618470822510915,1.5854371535350522,1.5854371535350522,3263.3
ragsr,g0041,PO41,5,5,5,1.3323864602884854,1.3323864602884854,1.3014277573627333,1.3014277573627333,1.2677699141734406,1.2677699141734406,7.739643435212732,7.739643435212732,3078.394
ragsr,g0042,feynman_test_15,5,5,5,1.045029827417364,1.045029827417364,1.0501549887375061,1.0501549887375061,1.0530059716950169,1.0530059716950169,1.2969626225851658,1.2969626225851658,3604.085
ragsr,g0043,CRK33,5,5,5,2.462537304204391,2.462537304204391,2.37284137130868,2.37284137130868,2.351643411071637,2.351643411071637,7.096711782886539,7.096711782886539,2121.483
ragsr,g0044,feynman-i.15.3t,5,5,5,12.0,12.0,12.0,12.0,12.0,12.0,12.0,12.0,2424.757
ragsr,g0045,feynman-bonus.20,5,5,5,-3.553296626275804e-08,-3.553296626275804e-08,-4.030632327011551e-08,-4.030632327011551e-08,-2.7252199208723492e-08,-2.7252199208723492e-08,-3.814942396807661e-09,-3.814942396807661e-09,2717.439
ragsr,g0046,II.6.15b_3_0,5,5,5,0.5793928553110949,0.5793928553110949,0.5553031668739956,0.5553031668739956,0.5834532065699514,0.5834532065699514,0.7179172928916818,0.7179172928916818,3603.294
ragsr,g0047,BPG5,5,5,5,10.366593739290101,10.366593739290101,10.325764598939333,10.325764598939333,10.309654895204195,10.309654895204195,12.0,12.0,3276.323
ragsr,g0048,MatSci21,5,5,5,12.0,12.0,12.0,12.0,12.0,12.0,12.0,12.0,3601.678
ragsr,g0049,BPG3,5,5,5,-3.3948483965417164,-3.3948483965417164,-3.5137681521776036,-3.5137681521776036,-3.3041729120579797,-3.3041729120579797,-0.09792489052969151,-0.09792489052969151,2198.851
ragsr,g0050,BPG9,5,5,5,8.912769747654828,8.912769747654828,8.985422622516046,8.985422622516046,8.80199574536575,8.80199574536575,12.0,12.0,3240.801
tpsr,g0001,II.34.2_1_0,5,5,5,-0.49037310121159516,-0.49037310121159516,-0.4740793267460216,-0.4740793267460216,-0.4942108533961264,-0.4942108533961264,-0.0770808445685687,-0.0770808445685687,3607.423
tpsr,g0002,first_principles_hubble,5,5,5,-0.8919618480513404,-0.8919618480513404,-0.8865656577426784,-0.8865656577426784,-1.06394720002638,-1.06394720002638,-1.0937906457726894,-1.0937906457726894,224.836
tpsr,g0003,feynman-ii.27.18,5,5,5,-0.1060038011172303,-0.1060038011172303,-0.1053792949049875,-0.1053792949049875,-0.11636141411490705,-0.11636141411490705,-0.08306082394303124,-0.08306082394303124,1383.633
tpsr,g0004,Korns-4,5,5,5,-2.775264163900237,-2.775264163900237,-2.8397905099507756,-2.8397905099507756,-2.816534192272359,-2.816534192272359,-2.789962072887425,-2.789962072887425,471.867
tpsr,g0005,Keijzer-11,5,5,5,-1.5188492998696754,-1.5188492998696754,0.22541974108232282,0.22541974108232282,0.4865003281010162,0.4865003281010162,0.5249608207254965,0.5249608207254965,400.561
tpsr,g0006,Keijzer-2,5,5,5,-0.07214946921517347,-0.07214946921517347,0.07095735841526835,0.07095735841526835,-0.07626979595558793,-0.07626979595558793,0.29786831595831964,0.29786831595831964,321.531
tpsr,g0007,Korns-2,5,5,5,-0.010031348686357907,-0.010031348686357907,-0.010992176311132874,-0.010992176311132874,0.006332146600696593,0.006332146600696593,0.0006994692721577016,0.0006994692721577016,1071.163
tpsr,g0008,Nguyen-12,5,5,5,-2.0826836780720828,-2.0826836780720828,-1.882117706770701,-1.882117706770701,-1.9898599480735086,-1.9898599480735086,-1.1834899817941325,-1.1834899817941325,286.868
tpsr,g0009,Nguyen-6,5,5,5,-2.440310587331389,-2.440310587331389,-1.2915023441750764,-1.2915023441750764,-1.8435325811374978,-1.8435325811374978,-0.6645811549524304,-0.6645811549524304,190.606
tpsr,g0010,Nguyen-9,5,5,5,-2.6333758068622295,-2.6333758068622295,-2.211174108499266,-2.211174108499266,-0.7990063830653096,-0.7990063830653096,-2.3175389701176003,-2.3175389701176003,356.728
tpsr,g0011,Vladislavleva-4,5,5,5,-0.9545325964696765,-0.9545325964696765,-0.992806535758891,-0.992806535758891,-0.8622051274930463,-0.8622051274930463,-0.8442925179742149,-0.8442925179742149,647.882
tpsr,g0012,feynman_I_27_6,5,5,5,-1.996265093116201,-1.996265093116201,-1.983738204148035,-1.983738204148035,-2.0028369679236913,-2.0028369679236913,-0.7762201348965208,-0.7762201348965208,1488.294
tpsr,g0013,feynman-i.43.31,5,5,5,-0.17447733670427085,-0.17447733670427085,-0.1792787934533705,-0.1792787934533705,-0.1847391960192187,-0.1847391960192187,-0.18858675554018883,-0.18858675554018883,2079.69
tpsr,g0014,feynman-ii.34.11,5,5,5,0.0003838161885808969,0.0003838161885808969,-0.0005477280611820573,-0.0005477280611820573,0.00026344806785721833,0.00026344806785721833,6.816279448779176e-06,6.816279448779176e-06,1461.512
tpsr,g0015,III.21.20_3_0,5,5,5,-0.06959395842730841,-0.06959395842730841,-0.06639438367536474,-0.06639438367536474,-0.07151734695639725,-0.07151734695639725,-2.9334860747568295e-06,-2.9334860747568295e-06,956.892
tpsr,g0016,feynman_II_15_4,5,5,5,-0.23430774466018736,-0.23430774466018736,-0.23413220724616263,-0.23413220724616263,-0.23141130877947075,-0.23141130877947075,0.3638643128670611,0.3638643128670611,2527.651
tpsr,g0017,strogatz_shearflow1,5,5,5,-0.6912472948074687,-0.6912472948074687,-1.0871491802926259,-1.0871491802926259,-0.6248169593744503,-0.6248169593744503,0.6465025966608823,0.6465025966608823,626.419
tpsr,g0018,feynman-i.18.16,5,5,5,-8.021597926334774e-08,-8.021597926334774e-08,5.391987845184697e-10,5.391987845184697e-10,4.027827356041921e-07,4.027827356041921e-07,-6.941436924076587e-09,-6.941436924076587e-09,3603.651
tpsr,g0019,feynman-ii.34.2a,5,5,5,-0.21198280607467676,-0.21198280607467676,-0.21988653987550844,-0.21988653987550844,-0.23703804867163838,-0.23703804867163838,0.44664304361953444,0.44664304361953444,1780.48
tpsr,g0020,first_principles_leavitt,5,5,5,-3.8393789572890835,-3.8393789572890835,-3.8427620674653573,-3.8427620674653573,-3.5579132258923507,-3.5579132258923507,-2.8332447625807893,-2.8332447625807893,456.917
tpsr,g0021,feynman-i.39.22,5,5,5,-0.0309378123094291,-0.0309378123094291,-0.04125583407142377,-0.04125583407142377,-0.0315389471919182,-0.0315389471919182,-0.01162863891314215,-0.01162863891314215,3217.061
tpsr,g0022,feynman-i.11.19,5,5,5,0.0001419183745188854,0.0001419183745188854,5.819837017697811e-05,5.819837017697811e-05,0.000817444827597896,0.000817444827597896,7.054841208893305e-05,7.054841208893305e-05,3384.32
tpsr,g0023,I.11.19_4_0,5,5,5,-0.4934556584525656,-0.4934556584525656,-0.4974772137707644,-0.4974772137707644,-0.4903573005316263,-0.4903573005316263,-0.4421166316154678,-0.4421166316154678,2134.102
tpsr,g0024,strogatz_predprey2,5,4,5,-0.017436729613030912,-0.017436729613030912,-0.0663272752147354,-0.0663272752147354,-0.05917517457054935,-0.05917517457054935,-0.01856030147999876,-0.01856030147999876,469.576
tpsr,g0025,strogatz_barmag2,5,5,5,-0.006560385458828429,-0.006560385458828429,0.010265796093822836,0.010265796093822836,0.024626827898597794,0.024626827898597794,0.005998157920335136,0.005998157920335136,2268.723
tpsr,g0026,strogatz_barmag1,5,5,5,-0.2263922245556003,-0.2263922245556003,-0.17947365053610984,-0.17947365053610984,-0.2562139164277986,-0.2562139164277986,-0.13089526103832583,-0.13089526103832583,2187.83
tpsr,g0027,feynman_I_12_11,5,5,5,-0.07300923267815829,-0.07300923267815829,-0.07598274256986476,-0.07598274256986476,-0.08135427968118178,-0.08135427968118178,-0.03278089765140647,-0.03278089765140647,2158.431
tpsr,g0028,feynman-ii.4.23,5,5,5,-3.298381315247722,-3.298381315247722,-3.280397010436025,-3.280397010436025,-3.340738703669371,-3.340738703669371,-3.253201745594982,-3.253201745594982,1256.153
tpsr,g0029,strogatz_vdp1,5,5,5,-0.005976328048516618,-0.005976328048516618,-0.008211521650997351,-0.008211521650997351,0.0065188974896028115,0.0065188974896028115,-0.002785330631735678,-0.002785330631735678,418.369
tpsr,g0030,feynman-iii.7.38,5,5,5,0.0007577640481611802,0.0007577640481611802,0.0011881005061624892,0.0011881005061624892,0.0015564447418142291,0.0015564447418142291,-1.2488427851972494e-07,-1.2488427851972494e-07,2066.783
tpsr,g0031,II.11.27_1_0,5,5,5,-0.000498857927831862,-0.000498857927831862,-0.0024631814830568754,-0.0024631814830568754,-0.0007703863417539997,-0.0007703863417539997,8.986632815153636e-05,8.986632815153636e-05,1647.931
tpsr,g0032,feynman-i.13.12,5,5,5,1.852528782608192,1.852528782608192,1.3544578255320878,1.3544578255320878,1.0337580982988428,1.0337580982988428,0.6778820516663919,0.6778820516663919,2013.961
tpsr,g0033,feynman-iii.10.19,5,5,5,12.0,12.0,12.0,12.0,12.0,12.0,12.0,12.0,3605.267
tpsr,g0034,CRK11,5,5,5,0.06113662140821819,0.06113662140821819,-0.0034167690405376917,-0.0034167690405376917,-0.005160551612276598,-0.005160551612276598,1.0545197215351418,1.0545197215351418,516.749
tpsr,g0035,feynman-i.32.5,5,5,5,-0.1022842961862953,-0.1022842961862953,-0.11352787192781237,-0.11352787192781237,-0.10556291602436647,-0.10556291602436647,-0.04966248545744754,-0.04966248545744754,1680.371
tpsr,g0036,CRK10,5,5,5,-0.04873005416659636,-0.04873005416659636,-0.050393664253368144,-0.050393664253368144,-0.03678722639791851,-0.03678722639791851,3.4526743047534993,3.4526743047534993,689.248
tpsr,g0037,CRK34,5,5,5,-0.0330432132721937,-0.0330432132721937,-0.030534103847500778,-0.030534103847500778,-0.034908827623138565,-0.034908827623138565,3.257863726895308,3.257863726895308,584.415
tpsr,g0038,PO19,5,5,5,-1.2246501543122623,-1.2246501543122623,-0.754662308989908,-0.754662308989908,-1.0916339486844335,-1.0916339486844335,1.4229561258866947,1.4229561258866947,972.504
tpsr,g0039,CRK0,5,5,5,-0.05203040499997885,-0.05203040499997885,-0.04955866703487126,-0.04955866703487126,-0.05953492302296691,-0.05953492302296691,1.9374593370075042,1.9374593370075042,541.641
tpsr,g0040,feynman-i.29.16,5,5,5,-0.686325916755029,-0.686325916755029,-0.7331010728615378,-0.7331010728615378,-0.701265596927855,-0.701265596927855,-0.5110100779513052,-0.5110100779513052,2705.892
tpsr,g0041,PO41,5,5,5,-1.4322380508002324,-1.4322380508002324,-1.278632940368856,-1.278632940368856,-1.4492120145534306,-1.4492120145534306,0.7773689004893993,0.7773689004893993,1464.156
tpsr,g0042,feynman_test_15,5,5,5,-0.8301752873862493,-0.8301752873862493,-0.8311428798850786,-0.8311428798850786,-0.8331972206054878,-0.8331972206054878,-0.37508244828145854,-0.37508244828145854,2294.767
tpsr,g0043,CRK33,5,5,5,-0.27657827409437574,-0.27657827409437574,-0.331976476682833,-0.331976476682833,-0.24162202898764876,-0.24162202898764876,0.19666772181321426,0.19666772181321426,798.043
tpsr,g0044,feynman-i.15.3t,5,5,5,12.0,12.0,12.0,12.0,12.0,12.0,12.0,12.0,3604.371
tpsr,g0045,feynman-bonus.20,5,5,5,12.0,12.0,12.0,12.0,12.0,12.0,12.0,12.0,2045.748
tpsr,g0046,II.6.15b_3_0,5,5,5,-0.2578719556760422,-0.2578719556760422,-0.54587197892022,-0.54587197892022,-0.42354431730275155,-0.42354431730275155,-1.2850361124946017,-1.2850361124946017,2589.849
tpsr,g0047,BPG5,5,5,5,-0.06287065021950429,-0.06287065021950429,-0.07682724415776565,-0.07682724415776565,-0.07308962133342548,-0.07308962133342548,3.102696511494326,3.102696511494326,1344.848
tpsr,g0048,MatSci21,5,5,5,-0.27532185827496125,-0.27532185827496125,-0.27310367784868944,-0.27310367784868944,-0.2870886156023235,-0.2870886156023235,-0.4057344409043238,-0.4057344409043238,1543.745
tpsr,g0049,BPG3,5,5,5,-0.9754266814302454,-0.9754266814302454,-0.8518259682349469,-0.8518259682349469,-0.8402449355263546,-0.8402449355263546,7.502156711953765,7.502156711953765,1577.322
tpsr,g0050,BPG9,5,5,5,-0.11628686201748563,-0.11628686201748563,-0.10447130823119208,-0.10447130823119208,-0.12831546924822193,-0.12831546924822193,2.513938593573402,2.513938593573402,2346.983
udsr,g0001,II.34.2_1_0,5,5,5,-12.0,-12.0,-12.0,-12.0,-12.0,-12.0,-12.0,-12.0,412.4
udsr,g0002,first_principles_hubble,5,5,5,-1.1339424300790308,-1.1339424300790308,-1.0267683439156872,-1.0267683439156872,-1.1032731962437696,-1.1032731962437696,-0.9780750103172735,-0.9780750103172735,3601.775
udsr,g0003,feynman-ii.27.18,5,5,5,-12.0,-12.0,-12.0,-12.0,-12.0,-12.0,-12.0,-12.0,545.732
udsr,g0004,Korns-4,5,5,5,-12.0,-12.0,-12.0,-12.0,-12.0,-12.0,-12.0,-12.0,1209.789
udsr,g0005,Keijzer-11,5,5,5,-2.770037458900671,-2.770037458900671,-0.7588697968579033,-0.7588697968579033,0.290890600038033,0.290890600038033,0.49637618280027346,0.49637618280027346,3610.959
udsr,g0006,Keijzer-2,5,5,5,-0.45546907401998427,-0.45546907401998427,-0.055113941713693736,-0.055113941713693736,-0.4181233934599763,-0.4181233934599763,-0.000150390891660885,-0.000150390891660885,3602.067
udsr,g0007,Korns-2,5,5,5,-12.0,-12.0,-12.0,-12.0,-12.0,-12.0,-12.0,-12.0,174.47
udsr,g0008,Nguyen-12,5,5,5,-6.7730727895987615,-6.7730727895987615,-5.856519942323263,-5.856519942323263,-7.10824512436105,-7.10824512436105,-4.254424065819942,-4.254424065819942,3601.782
udsr,g0009,Nguyen-6,5,5,5,-12.0,-12.0,-12.0,-12.0,-12.0,-12.0,-12.0,-12.0,2675.749
udsr,g0010,Nguyen-9,5,5,5,-8.567357272855212,-8.567357272855212,-7.8586960719335535,-7.8586960719335535,-5.572413906019137,-5.572413906019137,-6.361646085052726,-6.361646085052726,3601.862
udsr,g0011,Vladislavleva-4,5,5,5,-12.0,-12.0,-12.0,-12.0,-12.0,-12.0,-11.047957375085376,-11.047957375085376,93.059
udsr,g0012,feynman_I_27_6,5,5,5,-4.623906995987891,-4.623906995987891,-4.64154181200001,-4.64154181200001,-4.632832458948525,-4.632832458948525,-3.072789866742581,-3.072789866742581,3603.784
udsr,g0013,feynman-i.43.31,5,5,5,-12.0,-12.0,-12.0,-12.0,-12.0,-12.0,-12.0,-12.0,483.982
udsr,g0014,feynman-ii.34.11,5,5,5,-0.01125960424497415,-0.01125960424497415,-0.008594925602487494,-0.008594925602487494,-0.007039555317081128,-0.007039555317081128,0.030115309528139175,0.030115309528139175,3602.803
udsr,g0015,III.21.20_3_0,5,5,5,-12.0,-12.0,-12.0,-12.0,-12.0,-12.0,-12.0,-12.0,849.297
udsr,g0016,feynman_II_15_4,5,5,5,-12.0,-12.0,-12.0,-12.0,-12.0,-12.0,-12.0,-12.0,1232.254
udsr,g0017,strogatz_shearflow1,5,5,5,-12.0,-12.0,-12.0,-12.0,-12.0,-12.0,-12.0,-12.0,3527.81
udsr,g0018,feynman-i.18.16,5,5,5,-0.23888982691054866,-0.23888982691054866,-0.24041343506024582,-0.24041343506024582,-0.2522175768396349,-0.2522175768396349,-0.16775700338245722,-0.16775700338245722,3602.263
udsr,g0019,feynman-ii.34.2a,5,5,5,-12.0,-12.0,-12.0,-12.0,-12.0,-12.0,-12.0,-12.0,280.788
udsr,g0020,first_principles_leavitt,5,5,5,-4.232155196969265,-4.232155196969265,-3.3684087811155536,-3.3684087811155536,-3.5473724397806863,-3.5473724397806863,-3.0780012927819995,-3.0780012927819995,3602.116
udsr,g0021,feynman-i.39.22,5,5,5,-0.26567919732512973,-0.26567919732512973,-0.21736817620302354,-0.21736817620302354,-0.22224821342152615,-0.22224821342152615,-0.21581033423878798,-0.21581033423878798,3602.046
udsr,g0022,feynman-i.11.19,5,5,5,-0.18771372878629908,-0.18771372878629908,-0.1918406266951874,-0.1918406266951874,-0.16276765755640552,-0.16276765755640552,-0.18857887918574828,-0.18857887918574828,3602.457
udsr,g0023,I.11.19_4_0,5,5,5,-12.0,-12.0,-12.0,-12.0,-12.0,-12.0,-12.0,-12.0,2083.667
udsr,g0024,strogatz_predprey2,5,5,5,-12.0,-12.0,-12.0,-12.0,-12.0,-12.0,-11.546173405696619,-11.546173405696619,123.644
udsr,g0025,strogatz_barmag2,5,5,5,-3.6097776685407195,-3.6097776685407195,-3.813419526941155,-3.813419526941155,-3.4259077380687653,-3.4259077380687653,1.9851813609419835,1.9851813609419835,3601.84
udsr,g0026,strogatz_barmag1,5,5,5,-3.816565653019363,-3.816565653019363,-3.898759122725435,-3.898759122725435,-3.6772105869155487,-3.6772105869155487,1.7644083972408566,1.7644083972408566,3602.053
udsr,g0027,feynman_I_12_11,5,5,5,-2.606757878110337,-2.606757878110337,-2.5812818273551685,-2.5812818273551685,-2.57125918418198,-2.57125918418198,-0.9925886080724581,-0.9925886080724581,3604.176
udsr,g0028,feynman-ii.4.23,5,5,5,-12.0,-12.0,-12.0,-12.0,-12.0,-12.0,-12.0,-12.0,29.555
udsr,g0029,strogatz_vdp1,5,5,5,-11.46401280954283,-11.46401280954283,-11.233343950605853,-11.233343950605853,-11.632571364625221,-11.632571364625221,-11.976587122373251,-11.976587122373251,28.123
udsr,g0030,feynman-iii.7.38,5,5,5,-11.270802135927816,-11.270802135927816,-11.27080213647428,-11.27080213647428,-11.270802137243257,-11.270802137243257,-11.270802136251636,-11.270802136251636,31.011
udsr,g0031,II.11.27_1_0,5,5,5,-12.0,-12.0,-12.0,-12.0,-12.0,-12.0,-12.0,-12.0,579.368
udsr,g0032,feynman-i.13.12,5,5,5,2.425537198228944,2.425537198228944,2.6446115183320407,2.6446115183320407,2.319325078500769,2.319325078500769,1.3962315112586712,1.3962315112586712,3602.201
udsr,g0033,feynman-iii.10.19,5,5,5,-12.0,-12.0,-12.0,-12.0,-12.0,-12.0,-12.0,-12.0,794.453
udsr,g0034,CRK11,5,5,5,-7.9285935342386935,-7.9285935342386935,-7.62174544775536,-7.62174544775536,-7.7110463794763096,-7.7110463794763096,-3.9527646477972116,-3.9527646477972116,622.682
udsr,g0035,feynman-i.32.5,5,5,5,-1.0945576328594062,-1.0945576328594062,-1.094557590298444,-1.094557590298444,-1.0945576313595489,-1.0945576313595489,-1.0945576928663376,-1.0945576928663376,3602.031
udsr,g0036,CRK10,5,5,5,-8.673039992753386,-8.673039992753386,-8.691860572932892,-8.691860572932892,-8.610517931072778,-8.610517931072778,-4.197779507998434,-4.197779507998434,2121.18
udsr,g0037,CRK34,5,5,5,-9.759868316112115,-9.759868316112115,-9.811637038293513,-9.811637038293513,-9.74194244697327,-9.74194244697327,-5.316829620319681,-5.316829620319681,3601.842
udsr,g0038,PO19,5,5,5,-3.992077962517409,-3.992077962517409,-4.0146290456091185,-4.0146290456091185,-4.0022934823103045,-4.0022934823103045,3.682014975439829,3.682014975439829,3602.026
udsr,g0039,CRK0,5,5,5,-7.987891777559263,-7.987891777559263,-7.965839595154578,-7.965839595154578,-8.104696760292612,-8.104696760292612,-5.034439732237019,-5.034439732237019,3601.898
udsr,g0040,feynman-i.29.16,5,5,5,-1.5330540457685247,-1.5330540457685247,-1.4028674343549272,-1.4028674343549272,-1.3634382492163724,-1.3634382492163724,-1.0526490200490426,-1.0526490200490426,3602.332
udsr,g0041,PO41,5,5,5,-4.233830904535548,-4.233830904535548,-4.225022439778506,-4.225022439778506,-4.205391772529302,-4.205391772529302,1.2861948624768424,1.2861948624768424,3602.073
udsr,g0042,feynman_test_15,5,5,5,-2.7802294073969103,-2.7802294073969103,-2.79568437763761,-2.79568437763761,-2.791949278140991,-2.791949278140991,-2.1790770472432013,-2.1790770472432013,3604.688
udsr,g0043,CRK33,5,5,5,-8.921504874295193,-8.921504874295193,-9.017400076410999,-9.017400076410999,-9.03547249829255,-9.03547249829255,-4.439929476795712,-4.439929476795712,3601.985
udsr,g0044,feynman-i.15.3t,5,5,5,-7.80355937132755,-7.80355937132755,-7.852982720543832,-7.852982720543832,-7.8133502309573615,-7.8133502309573615,-4.312809762278909,-4.312809762278909,3602.067
udsr,g0045,feynman-bonus.20,5,5,5,-0.3638342464602586,-0.3638342464602586,-0.4310709828960184,-0.4310709828960184,-0.33163681922490457,-0.33163681922490457,-0.13287427468092256,-0.13287427468092256,3602.067
udsr,g0046,II.6.15b_3_0,5,5,5,-1.2948579334638923,-1.2948579334638923,-1.1336101069874571,-1.1336101069874571,-1.2577798008504648,-1.2577798008504648,-0.5204181003584635,-0.5204181003584635,3602.938
udsr,g0047,BPG5,5,5,5,-9.572019210386024,-9.572019210386024,-9.601144388050656,-9.601144388050656,-9.640949914147342,-9.640949914147342,-5.839128768309234,-5.839128768309234,2056.302
udsr,g0048,MatSci21,5,5,5,-5.521539577519378,-5.521539577519378,-5.491298014290743,-5.491298014290743,-5.522749800558734,-5.522749800558734,-5.344909607255505,-5.344909607255505,3601.831
udsr,g0049,BPG3,5,5,5,-10.908549226876369,-10.908549226876369,-10.913154384298045,-10.913154384298045,-10.89523922707017,-10.89523922707017,-11.207354366849819,-11.207354366849819,35.601
udsr,g0050,BPG9,5,5,5,-8.776670575502695,-8.776670575502695,-8.705797642047663,-8.705797642047663,-8.884378591070147,-8.884378591070147,-5.1437814542828155,-5.1437814542828155,3601.938
