tool,task_id,seed,dataset_name,status,seconds,experiment_dir,progress_exists,progress_records,first_iteration,last_iteration,max_iteration,progress_error
drsr,drsr_s0_g0001,0,,ok,3902.471,/home/anonymous/workplace/scientific-intelligent-modelling/experiments/core50_12alg_5seed_all_20260502-065700/drsr/seed0/tasks/drsr_s0_g0001/anon-node-02/drsr/g0001_II.34.2_1_0/experiments/g0001_II.34.2_1_0_drsr_seed0_20260502-065859,True,5,1,5,5,
drsr,drsr_s0_g0012,0,,ok,3902.298,/home/anonymous/workplace/scientific-intelligent-modelling/experiments/core50_12alg_5seed_all_20260502-065700/drsr/seed0/tasks/drsr_s0_g0012/anon-node-02/drsr/g0012_feynman_I_27_6/experiments/g0012_feynman_I_27_6_drsr_seed0_20260502-070348,True,5,1,5,5,
drsr,drsr_s0_g0018,0,,ok,3901.013,/home/anonymous/workplace/scientific-intelligent-modelling/experiments/core50_12alg_5seed_all_20260502-065700/drsr/seed0/tasks/drsr_s0_g0018/anon-node-02/drsr/g0018_feynman-i.18.16/experiments/g0018_feynman-i.18.16_drsr_seed0_20260502-070708,True,7,1,7,7,
drsr,drsr_s0_g0025,0,,ok,3900.777,/home/anonymous/workplace/scientific-intelligent-modelling/experiments/core50_12alg_5seed_all_20260502-065700/drsr/seed0/tasks/drsr_s0_g0025/anon-node-02/drsr/g0025_strogatz_barmag2/experiments/g0025_strogatz_barmag2_drsr_seed0_20260502-071245,True,6,1,6,6,
drsr,drsr_s0_g0030,0,,ok,3900.999,/home/anonymous/workplace/scientific-intelligent-modelling/experiments/core50_12alg_5seed_all_20260502-065700/drsr/seed0/tasks/drsr_s0_g0030/anon-node-02/drsr/g0030_feynman-iii.7.38/experiments/g0030_feynman-iii.7.38_drsr_seed0_20260502-072815,True,9,1,9,9,
drsr,drsr_s0_g0034,0,,ok,3901.002,/home/anonymous/workplace/scientific-intelligent-modelling/experiments/core50_12alg_5seed_all_20260502-065700/drsr/seed0/tasks/drsr_s0_g0034/anon-node-02/drsr/g0034_CRK11/experiments/g0034_CRK11_drsr_seed0_20260502-073225,True,8,1,8,8,
drsr,drsr_s0_g0040,0,,ok,3901.245,/home/anonymous/workplace/scientific-intelligent-modelling/experiments/core50_12alg_5seed_all_20260502-065700/drsr/seed0/tasks/drsr_s0_g0040/anon-node-02/drsr/g0040_feynman-i.29.16/experiments/g0040_feynman-i.29.16_drsr_seed0_20260502-073738,True,5,1,5,5,
drsr,drsr_s0_g0045,0,,ok,3611.927,/home/anonymous/workplace/scientific-intelligent-modelling/experiments/core50_12alg_5seed_all_20260502-065700/drsr/seed0/tasks/drsr_s0_g0045/anon-node-02/drsr/g0045_feynman-bonus.20/experiments/g0045_feynman-bonus.20_drsr_seed0_20260502-074115,True,63,1,63,63,
drsr,drsr_s0_g0050,0,,ok,3901.112,/home/anonymous/workplace/scientific-intelligent-modelling/experiments/core50_12alg_5seed_all_20260502-065700/drsr/seed0/tasks/drsr_s0_g0050/anon-node-02/drsr/g0050_BPG9/experiments/g0050_BPG9_drsr_seed0_20260502-074435,True,5,1,5,5,
drsr,drsr_s1_g0021,1,,ok,3901.124,/home/anonymous/workplace/scientific-intelligent-modelling/experiments/core50_12alg_5seed_all_20260502-065700/drsr/seed1/tasks/drsr_s1_g0021/anon-node-02/drsr/g0021_feynman-i.39.22/experiments/g0021_feynman-i.39.22_drsr_seed1_20260502-080452,True,6,1,6,6,
drsr,drsr_s1_g0027,1,,ok,3902.501,/home/anonymous/workplace/scientific-intelligent-modelling/experiments/core50_12alg_5seed_all_20260502-065700/drsr/seed1/tasks/drsr_s1_g0027/anon-node-02/drsr/g0027_feynman_I_12_11/experiments/g0027_feynman_I_12_11_drsr_seed1_20260502-081028,True,7,1,7,7,
drsr,drsr_s1_g0034,1,,ok,3901.161,/home/anonymous/workplace/scientific-intelligent-modelling/experiments/core50_12alg_5seed_all_20260502-065700/drsr/seed1/tasks/drsr_s1_g0034/anon-node-02/drsr/g0034_CRK11/experiments/g0034_CRK11_drsr_seed1_20260502-081619,True,9,1,9,9,
drsr,drsr_s1_g0039,1,,ok,3900.972,/home/anonymous/workplace/scientific-intelligent-modelling/experiments/core50_12alg_5seed_all_20260502-065700/drsr/seed1/tasks/drsr_s1_g0039/anon-node-02/drsr/g0039_CRK0/experiments/g0039_CRK0_drsr_seed1_20260502-082137,True,9,1,9,9,
drsr,drsr_s1_g0046,1,,ok,3902.11,/home/anonymous/workplace/scientific-intelligent-modelling/experiments/core50_12alg_5seed_all_20260502-065700/drsr/seed1/tasks/drsr_s1_g0046/anon-node-02/drsr/g0046_II.6.15b_3_0/experiments/g0046_II.6.15b_3_0_drsr_seed1_20260502-082823,True,7,1,7,7,
drsr,drsr_s2_g0003,2,,ok,3901.324,/home/anonymous/workplace/scientific-intelligent-modelling/experiments/core50_12alg_5seed_all_20260502-065700/drsr/seed2/tasks/drsr_s2_g0003/anon-node-02/drsr/g0003_feynman-ii.27.18/experiments/g0003_feynman-ii.27.18_drsr_seed2_20260502-083458,True,8,1,8,8,
drsr,drsr_s2_g0010,2,,ok,3901.034,/home/anonymous/workplace/scientific-intelligent-modelling/experiments/core50_12alg_5seed_all_20260502-065700/drsr/seed2/tasks/drsr_s2_g0010/anon-node-02/drsr/g0010_Nguyen-9/experiments/g0010_Nguyen-9_drsr_seed2_20260502-084140,True,7,1,7,7,
drsr,drsr_s2_g0014,2,,ok,3611.263,/home/anonymous/workplace/scientific-intelligent-modelling/experiments/core50_12alg_5seed_all_20260502-065700/drsr/seed2/tasks/drsr_s2_g0014/anon-node-02/drsr/g0014_feynman-ii.34.11/experiments/g0014_feynman-ii.34.11_drsr_seed2_20260502-084513,True,72,1,72,72,
drsr,drsr_s2_g0016,2,,ok,3902.197,/home/anonymous/workplace/scientific-intelligent-modelling/experiments/core50_12alg_5seed_all_20260502-065700/drsr/seed2/tasks/drsr_s2_g0016/anon-node-02/drsr/g0016_feynman_II_15_4/experiments/g0016_feynman_II_15_4_drsr_seed2_20260502-084749,True,7,1,7,7,
drsr,drsr_s2_g0023,2,,ok,3619.482,/home/anonymous/workplace/scientific-intelligent-modelling/experiments/core50_12alg_5seed_all_20260502-065700/drsr/seed2/tasks/drsr_s2_g0023/anon-node-02/drsr/g0023_I.11.19_4_0/experiments/g0023_I.11.19_4_0_drsr_seed2_20260502-085442,True,85,1,85,85,
drsr,drsr_s2_g0028,2,,ok,3901.076,/home/anonymous/workplace/scientific-intelligent-modelling/experiments/core50_12alg_5seed_all_20260502-065700/drsr/seed2/tasks/drsr_s2_g0028/anon-node-02/drsr/g0028_feynman-ii.4.23/experiments/g0028_feynman-ii.4.23_drsr_seed2_20260502-091652,True,7,1,7,7,
drsr,drsr_s2_g0039,2,,ok,3901.045,/home/anonymous/workplace/scientific-intelligent-modelling/experiments/core50_12alg_5seed_all_20260502-065700/drsr/seed2/tasks/drsr_s2_g0039/anon-node-02/drsr/g0039_CRK0/experiments/g0039_CRK0_drsr_seed2_20260502-092653,True,8,1,8,8,
drsr,drsr_s2_g0046,2,,ok,3902.114,/home/anonymous/workplace/scientific-intelligent-modelling/experiments/core50_12alg_5seed_all_20260502-065700/drsr/seed2/tasks/drsr_s2_g0046/anon-node-02/drsr/g0046_II.6.15b_3_0/experiments/g0046_II.6.15b_3_0_drsr_seed2_20260502-093238,True,7,1,7,7,
drsr,drsr_s3_g0002,3,,ok,3901.015,/home/anonymous/workplace/scientific-intelligent-modelling/experiments/core50_12alg_5seed_all_20260502-065700/drsr/seed3/tasks/drsr_s3_g0002/anon-node-02/drsr/g0002_first_principles_hubble/experiments/g0002_first_principles_hubble_drsr_seed3_20260502-093856,True,8,1,8,8,
drsr,drsr_s3_g0006,3,,ok,3900.986,/home/anonymous/workplace/scientific-intelligent-modelling/experiments/core50_12alg_5seed_all_20260502-065700/drsr/seed3/tasks/drsr_s3_g0006/anon-node-02/drsr/g0006_Keijzer-2/experiments/g0006_Keijzer-2_drsr_seed3_20260502-094441,True,7,1,7,7,
drsr,drsr_s3_g0013,3,,ok,3901.237,/home/anonymous/workplace/scientific-intelligent-modelling/experiments/core50_12alg_5seed_all_20260502-065700/drsr/seed3/tasks/drsr_s3_g0013/anon-node-02/drsr/g0013_feynman-i.43.31/experiments/g0013_feynman-i.43.31_drsr_seed3_20260502-095142,True,7,1,7,7,
drsr,drsr_s3_g0018,3,,ok,3901.264,/home/anonymous/workplace/scientific-intelligent-modelling/experiments/core50_12alg_5seed_all_20260502-065700/drsr/seed3/tasks/drsr_s3_g0018/anon-node-02/drsr/g0018_feynman-i.18.16/experiments/g0018_feynman-i.18.16_drsr_seed3_20260502-095519,True,10,1,10,10,
drsr,drsr_s3_g0022,3,,ok,3901.202,/home/anonymous/workplace/scientific-intelligent-modelling/experiments/core50_12alg_5seed_all_20260502-065700/drsr/seed3/tasks/drsr_s3_g0022/anon-node-02/drsr/g0022_feynman-i.11.19/experiments/g0022_feynman-i.11.19_drsr_seed3_20260502-100101,True,5,1,5,5,
drsr,drsr_s3_g0027,3,,ok,3903.001,/home/anonymous/workplace/scientific-intelligent-modelling/experiments/core50_12alg_5seed_all_20260502-065700/drsr/seed3/tasks/drsr_s3_g0027/anon-node-02/drsr/g0027_feynman_I_12_11/experiments/g0027_feynman_I_12_11_drsr_seed3_20260502-100444,True,5,1,5,5,
drsr,drsr_s3_g0032,3,,ok,3901.35,/home/anonymous/workplace/scientific-intelligent-modelling/experiments/core50_12alg_5seed_all_20260502-065700/drsr/seed3/tasks/drsr_s3_g0032/anon-node-02/drsr/g0032_feynman-i.13.12/experiments/g0032_feynman-i.13.12_drsr_seed3_20260502-100812,True,7,1,7,7,
drsr,drsr_s3_g0038,3,,ok,3901.237,/home/anonymous/workplace/scientific-intelligent-modelling/experiments/core50_12alg_5seed_all_20260502-065700/drsr/seed3/tasks/drsr_s3_g0038/anon-node-02/drsr/g0038_PO19/experiments/g0038_PO19_drsr_seed3_20260502-101350,True,6,1,6,6,
drsr,drsr_s3_g0050,3,,ok,3901.139,/home/anonymous/workplace/scientific-intelligent-modelling/experiments/core50_12alg_5seed_all_20260502-065700/drsr/seed3/tasks/drsr_s3_g0050/anon-node-02/drsr/g0050_BPG9/experiments/g0050_BPG9_drsr_seed3_20260502-102719,True,8,1,8,8,
drsr,drsr_s4_g0004,4,,ok,3901.122,/home/anonymous/workplace/scientific-intelligent-modelling/experiments/core50_12alg_5seed_all_20260502-065700/drsr/seed4/tasks/drsr_s4_g0004/anon-node-02/drsr/g0004_Korns-4/experiments/g0004_Korns-4_drsr_seed4_20260502-103216,True,6,1,6,6,
drsr,drsr_s4_g0011,4,,ok,3901.573,/home/anonymous/workplace/scientific-intelligent-modelling/experiments/core50_12alg_5seed_all_20260502-065700/drsr/seed4/tasks/drsr_s4_g0011/anon-node-02/drsr/g0011_Vladislavleva-4/experiments/g0011_Vladislavleva-4_drsr_seed4_20260502-103627,True,7,1,7,7,
drsr,drsr_s4_g0016,4,,ok,3902.275,/home/anonymous/workplace/scientific-intelligent-modelling/experiments/core50_12alg_5seed_all_20260502-065700/drsr/seed4/tasks/drsr_s4_g0016/anon-node-02/drsr/g0016_feynman_II_15_4/experiments/g0016_feynman_II_15_4_drsr_seed4_20260502-104154,True,3,1,3,3,
drsr,drsr_s4_g0031,4,,ok,3903.551,/home/anonymous/workplace/scientific-intelligent-modelling/experiments/core50_12alg_5seed_all_20260502-065700/drsr/seed4/tasks/drsr_s4_g0031/anon-node-02/drsr/g0031_II.11.27_1_0/experiments/g0031_II.11.27_1_0_drsr_seed4_20260502-105632,True,6,1,6,6,
drsr,drsr_s4_g0037,4,,ok,3901.364,/home/anonymous/workplace/scientific-intelligent-modelling/experiments/core50_12alg_5seed_all_20260502-065700/drsr/seed4/tasks/drsr_s4_g0037/anon-node-02/drsr/g0037_CRK34/experiments/g0037_CRK34_drsr_seed4_20260502-110343,True,9,1,9,9,
drsr,drsr_s4_g0042,4,,ok,3903.02,/home/anonymous/workplace/scientific-intelligent-modelling/experiments/core50_12alg_5seed_all_20260502-065700/drsr/seed4/tasks/drsr_s4_g0042/anon-node-02/drsr/g0042_feynman_test_15/experiments/g0042_feynman_test_15_drsr_seed4_20260502-110741,True,7,1,7,7,
drsr,drsr_s4_g0045,4,,ok,3901.372,/home/anonymous/workplace/scientific-intelligent-modelling/experiments/core50_12alg_5seed_all_20260502-065700/drsr/seed4/tasks/drsr_s4_g0045/anon-node-02/drsr/g0045_feynman-bonus.20/experiments/g0045_feynman-bonus.20_drsr_seed4_20260502-111115,True,6,1,6,6,
llmsr,llmsr_s0_g0002,0,,ok,3609.572,/home/anonymous/workplace/scientific-intelligent-modelling/experiments/core50_12alg_5seed_all_20260502-065700/llmsr/seed0/tasks/llmsr_s0_g0002/anon-node-02/llmsr/g0002_first_principles_hubble/experiments/g0002_first_principles_hubble_llmsr_seed0_20260502-070907,True,52,34,85,85,
llmsr,llmsr_s0_g0006,0,,ok,3609.252,/home/anonymous/workplace/scientific-intelligent-modelling/experiments/core50_12alg_5seed_all_20260502-065700/llmsr/seed0/tasks/llmsr_s0_g0006/anon-node-02/llmsr/g0006_Keijzer-2/experiments/g0006_Keijzer-2_llmsr_seed0_20260502-070706,True,70,1,70,70,
llmsr,llmsr_s0_g0020,0,,ok,3609.365,/home/anonymous/workplace/scientific-intelligent-modelling/experiments/core50_12alg_5seed_all_20260502-065700/llmsr/seed0/tasks/llmsr_s0_g0020/anon-node-02/llmsr/g0020_first_principles_leavitt/experiments/g0020_first_principles_leavitt_llmsr_seed0_20260502-073223,True,106,1,106,106,
llmsr,llmsr_s0_g0026,0,,ok,3611.319,/home/anonymous/workplace/scientific-intelligent-modelling/experiments/core50_12alg_5seed_all_20260502-065700/llmsr/seed0/tasks/llmsr_s0_g0026/anon-node-02/llmsr/g0026_strogatz_barmag1/experiments/g0026_strogatz_barmag1_llmsr_seed0_20260502-073736,True,103,1,103,103,
llmsr,llmsr_s0_g0031,0,,ok,3613.862,/home/anonymous/workplace/scientific-intelligent-modelling/experiments/core50_12alg_5seed_all_20260502-065700/llmsr/seed0/tasks/llmsr_s0_g0031/anon-node-02/llmsr/g0031_II.11.27_1_0/experiments/g0031_II.11.27_1_0_llmsr_seed0_20260502-074113,True,81,9,89,89,
llmsr,llmsr_s0_g0036,0,,ok,3609.491,/home/anonymous/workplace/scientific-intelligent-modelling/experiments/core50_12alg_5seed_all_20260502-065700/llmsr/seed0/tasks/llmsr_s0_g0036/anon-node-02/llmsr/g0036_CRK10/experiments/g0036_CRK10_llmsr_seed0_20260502-074434,True,86,1,86,86,
llmsr,llmsr_s0_g0042,0,,ok,3615.525,/home/anonymous/workplace/scientific-intelligent-modelling/experiments/core50_12alg_5seed_all_20260502-065700/llmsr/seed0/tasks/llmsr_s0_g0042/anon-node-02/llmsr/g0042_feynman_test_15/experiments/g0042_feynman_test_15_llmsr_seed0_20260502-075055,True,60,1,60,60,
llmsr,llmsr_s0_g0047,0,,ok,3610.496,/home/anonymous/workplace/scientific-intelligent-modelling/experiments/core50_12alg_5seed_all_20260502-065700/llmsr/seed0/tasks/llmsr_s0_g0047/anon-node-02/llmsr/g0047_BPG5/experiments/g0047_BPG5_llmsr_seed0_20260502-075454,True,77,4,80,80,
llmsr,llmsr_s1_g0002,1,,ok,3610.542,/home/anonymous/workplace/scientific-intelligent-modelling/experiments/core50_12alg_5seed_all_20260502-065700/llmsr/seed1/tasks/llmsr_s1_g0002/anon-node-02/llmsr/g0002_first_principles_hubble/experiments/g0002_first_principles_hubble_llmsr_seed1_20260502-075855,True,63,21,83,83,
llmsr,llmsr_s1_g0013,1,,ok,3610.29,/home/anonymous/workplace/scientific-intelligent-modelling/experiments/core50_12alg_5seed_all_20260502-065700/llmsr/seed1/tasks/llmsr_s1_g0013/anon-node-02/llmsr/g0013_feynman-i.43.31/experiments/g0013_feynman-i.43.31_llmsr_seed1_20260502-081026,True,117,4,120,120,
llmsr,llmsr_s1_g0020,1,,ok,3608.305,/home/anonymous/workplace/scientific-intelligent-modelling/experiments/core50_12alg_5seed_all_20260502-065700/llmsr/seed1/tasks/llmsr_s1_g0020/anon-node-02/llmsr/g0020_first_principles_leavitt/experiments/g0020_first_principles_leavitt_llmsr_seed1_20260502-081617,True,119,2,120,120,
llmsr,llmsr_s1_g0025,1,,ok,3608.081,/home/anonymous/workplace/scientific-intelligent-modelling/experiments/core50_12alg_5seed_all_20260502-065700/llmsr/seed1/tasks/llmsr_s1_g0025/anon-node-02/llmsr/g0025_strogatz_barmag2/experiments/g0025_strogatz_barmag2_llmsr_seed1_20260502-082135,True,109,1,109,109,
llmsr,llmsr_s1_g0039,1,,ok,3607.73,/home/anonymous/workplace/scientific-intelligent-modelling/experiments/core50_12alg_5seed_all_20260502-065700/llmsr/seed1/tasks/llmsr_s1_g0039/anon-node-02/llmsr/g0039_CRK0/experiments/g0039_CRK0_llmsr_seed1_20260502-083456,True,101,1,101,101,
llmsr,llmsr_s1_g0041,1,,ok,3607.787,/home/anonymous/workplace/scientific-intelligent-modelling/experiments/core50_12alg_5seed_all_20260502-065700/llmsr/seed1/tasks/llmsr_s1_g0041/anon-node-02/llmsr/g0041_PO41/experiments/g0041_PO41_llmsr_seed1_20260502-091651,True,87,5,91,91,
llmsr,llmsr_s1_g0046,1,,ok,3609.916,/home/anonymous/workplace/scientific-intelligent-modelling/experiments/core50_12alg_5seed_all_20260502-065700/llmsr/seed1/tasks/llmsr_s1_g0046/anon-node-02/llmsr/g0046_II.6.15b_3_0/experiments/g0046_II.6.15b_3_0_llmsr_seed1_20260502-084138,True,80,7,86,86,
llmsr,llmsr_s1_g0050,1,,ok,3607.297,/home/anonymous/workplace/scientific-intelligent-modelling/experiments/core50_12alg_5seed_all_20260502-065700/llmsr/seed1/tasks/llmsr_s1_g0050/anon-node-02/llmsr/g0050_BPG9/experiments/g0050_BPG9_llmsr_seed1_20260502-084512,True,79,15,93,93,
llmsr,llmsr_s2_g0009,2,,ok,3608.746,/home/anonymous/workplace/scientific-intelligent-modelling/experiments/core50_12alg_5seed_all_20260502-065700/llmsr/seed2/tasks/llmsr_s2_g0009/anon-node-02/llmsr/g0009_Nguyen-6/experiments/g0009_Nguyen-6_llmsr_seed2_20260502-085440,True,93,1,93,93,
llmsr,llmsr_s2_g0018,2,,ok,3611.609,/home/anonymous/workplace/scientific-intelligent-modelling/experiments/core50_12alg_5seed_all_20260502-065700/llmsr/seed2/tasks/llmsr_s2_g0018/anon-node-02/llmsr/g0018_feynman-i.18.16/experiments/g0018_feynman-i.18.16_llmsr_seed2_20260502-092200,True,127,1,127,127,
llmsr,llmsr_s2_g0030,2,,ok,3611.793,/home/anonymous/workplace/scientific-intelligent-modelling/experiments/core50_12alg_5seed_all_20260502-065700/llmsr/seed2/tasks/llmsr_s2_g0030/anon-node-02/llmsr/g0030_feynman-iii.7.38/experiments/g0030_feynman-iii.7.38_llmsr_seed2_20260502-093236,False,0,,,,
llmsr,llmsr_s2_g0036,2,,ok,3613.539,/home/anonymous/workplace/scientific-intelligent-modelling/experiments/core50_12alg_5seed_all_20260502-065700/llmsr/seed2/tasks/llmsr_s2_g0036/anon-node-02/llmsr/g0036_CRK10/experiments/g0036_CRK10_llmsr_seed2_20260502-093854,True,100,1,100,100,
llmsr,llmsr_s2_g0040,2,,ok,3614.005,/home/anonymous/workplace/scientific-intelligent-modelling/experiments/core50_12alg_5seed_all_20260502-065700/llmsr/seed2/tasks/llmsr_s2_g0040/anon-node-02/llmsr/g0040_feynman-i.29.16/experiments/g0040_feynman-i.29.16_llmsr_seed2_20260502-094439,True,94,1,94,94,
llmsr,llmsr_s2_g0047,2,,ok,3611.106,/home/anonymous/workplace/scientific-intelligent-modelling/experiments/core50_12alg_5seed_all_20260502-065700/llmsr/seed2/tasks/llmsr_s2_g0047/anon-node-02/llmsr/g0047_BPG5/experiments/g0047_BPG5_llmsr_seed2_20260502-095140,True,75,8,82,82,
llmsr,llmsr_s3_g0002,3,,ok,3610.775,/home/anonymous/workplace/scientific-intelligent-modelling/experiments/core50_12alg_5seed_all_20260502-065700/llmsr/seed3/tasks/llmsr_s3_g0002/anon-node-02/llmsr/g0002_first_principles_hubble/experiments/g0002_first_principles_hubble_llmsr_seed3_20260502-095517,True,73,15,87,87,
llmsr,llmsr_s3_g0006,3,,ok,3609.193,/home/anonymous/workplace/scientific-intelligent-modelling/experiments/core50_12alg_5seed_all_20260502-065700/llmsr/seed3/tasks/llmsr_s3_g0006/anon-node-02/llmsr/g0006_Keijzer-2/experiments/g0006_Keijzer-2_llmsr_seed3_20260502-100059,True,80,1,80,80,
llmsr,llmsr_s3_g0011,3,,ok,3610.798,/home/anonymous/workplace/scientific-intelligent-modelling/experiments/core50_12alg_5seed_all_20260502-065700/llmsr/seed3/tasks/llmsr_s3_g0011/anon-node-02/llmsr/g0011_Vladislavleva-4/experiments/g0011_Vladislavleva-4_llmsr_seed3_20260502-100443,True,83,1,83,83,
llmsr,llmsr_s3_g0016,3,,ok,3612.429,/home/anonymous/workplace/scientific-intelligent-modelling/experiments/core50_12alg_5seed_all_20260502-065700/llmsr/seed3/tasks/llmsr_s3_g0016/anon-node-02/llmsr/g0016_feynman_II_15_4/experiments/g0016_feynman_II_15_4_llmsr_seed3_20260502-100810,True,98,1,98,98,
llmsr,llmsr_s3_g0022,3,,ok,3610.733,/home/anonymous/workplace/scientific-intelligent-modelling/experiments/core50_12alg_5seed_all_20260502-065700/llmsr/seed3/tasks/llmsr_s3_g0022/anon-node-02/llmsr/g0022_feynman-i.11.19/experiments/g0022_feynman-i.11.19_llmsr_seed3_20260502-101348,True,77,1,77,77,
llmsr,llmsr_s3_g0028,3,,ok,3611.319,/home/anonymous/workplace/scientific-intelligent-modelling/experiments/core50_12alg_5seed_all_20260502-065700/llmsr/seed3/tasks/llmsr_s3_g0028/anon-node-02/llmsr/g0028_feynman-ii.4.23/experiments/g0028_feynman-ii.4.23_llmsr_seed3_20260502-102022,True,105,1,105,105,
llmsr,llmsr_s3_g0034,3,,ok,3610.612,/home/anonymous/workplace/scientific-intelligent-modelling/experiments/core50_12alg_5seed_all_20260502-065700/llmsr/seed3/tasks/llmsr_s3_g0034/anon-node-02/llmsr/g0034_CRK11/experiments/g0034_CRK11_llmsr_seed3_20260502-102716,True,93,1,93,93,
llmsr,llmsr_s3_g0045,3,,ok,3610.842,/home/anonymous/workplace/scientific-intelligent-modelling/experiments/core50_12alg_5seed_all_20260502-065700/llmsr/seed3/tasks/llmsr_s3_g0045/anon-node-02/llmsr/g0045_feynman-bonus.20/experiments/g0045_feynman-bonus.20_llmsr_seed3_20260502-103625,True,95,3,97,97,
llmsr,llmsr_s3_g0050,3,,ok,3609.631,/home/anonymous/workplace/scientific-intelligent-modelling/experiments/core50_12alg_5seed_all_20260502-065700/llmsr/seed3/tasks/llmsr_s3_g0050/anon-node-02/llmsr/g0050_BPG9/experiments/g0050_BPG9_llmsr_seed3_20260502-104152,True,85,7,91,91,
llmsr,llmsr_s4_g0008,4,,ok,3608.371,/home/anonymous/workplace/scientific-intelligent-modelling/experiments/core50_12alg_5seed_all_20260502-065700/llmsr/seed4/tasks/llmsr_s4_g0008/anon-node-02/llmsr/g0008_Nguyen-12/experiments/g0008_Nguyen-12_llmsr_seed4_20260502-104918,True,95,1,95,95,
llmsr,llmsr_s4_g0015,4,,ok,3609.918,/home/anonymous/workplace/scientific-intelligent-modelling/experiments/core50_12alg_5seed_all_20260502-065700/llmsr/seed4/tasks/llmsr_s4_g0015/anon-node-02/llmsr/g0015_III.21.20_3_0/experiments/g0015_III.21.20_3_0_llmsr_seed4_20260502-105630,True,73,1,73,73,
llmsr,llmsr_s4_g0021,4,,ok,3607.098,/home/anonymous/workplace/scientific-intelligent-modelling/experiments/core50_12alg_5seed_all_20260502-065700/llmsr/seed4/tasks/llmsr_s4_g0021/anon-node-02/llmsr/g0021_feynman-i.39.22/experiments/g0021_feynman-i.39.22_llmsr_seed4_20260502-110341,True,116,12,127,127,
llmsr,llmsr_s4_g0026,4,,ok,3607.501,/home/anonymous/workplace/scientific-intelligent-modelling/experiments/core50_12alg_5seed_all_20260502-065700/llmsr/seed4/tasks/llmsr_s4_g0026/anon-node-02/llmsr/g0026_strogatz_barmag1/experiments/g0026_strogatz_barmag1_llmsr_seed4_20260502-110739,True,114,1,114,114,
llmsr,llmsr_s4_g0029,4,,ok,3606.545,/home/anonymous/workplace/scientific-intelligent-modelling/experiments/core50_12alg_5seed_all_20260502-065700/llmsr/seed4/tasks/llmsr_s4_g0029/anon-node-02/llmsr/g0029_strogatz_vdp1/experiments/g0029_strogatz_vdp1_llmsr_seed4_20260502-111114,True,93,1,93,93,
llmsr,llmsr_s4_g0041,4,,ok,3606.409,/home/anonymous/workplace/scientific-intelligent-modelling/experiments/core50_12alg_5seed_all_20260502-065700/llmsr/seed4/tasks/llmsr_s4_g0041/anon-node-02/llmsr/g0041_PO41/experiments/g0041_PO41_llmsr_seed4_20260502-111529,True,86,6,91,91,
llmsr,llmsr_s4_g0042,4,,ok,3609.488,/home/anonymous/workplace/scientific-intelligent-modelling/experiments/core50_12alg_5seed_all_20260502-065700/llmsr/seed4/tasks/llmsr_s4_g0042/anon-node-02/llmsr/g0042_feynman_test_15/experiments/g0042_feynman_test_15_llmsr_seed4_20260502-111533,True,73,1,73,73,
llmsr,llmsr_s4_g0043,4,,ok,3606.892,/home/anonymous/workplace/scientific-intelligent-modelling/experiments/core50_12alg_5seed_all_20260502-065700/llmsr/seed4/tasks/llmsr_s4_g0043/anon-node-02/llmsr/g0043_CRK33/experiments/g0043_CRK33_llmsr_seed4_20260502-111536,True,102,1,102,102,
drsr,drsr_s0_g0002,0,,ok,3900.717,/home/anonymous/workplace/scientific-intelligent-modelling/experiments/core50_12alg_5seed_all_20260502-065700/drsr/seed0/tasks/drsr_s0_g0002/anon-node-03/drsr/g0002_first_principles_hubble/experiments/g0002_first_principles_hubble_drsr_seed0_20260502-065912,True,3,1,3,3,
drsr,drsr_s0_g0010,0,,ok,3900.723,/home/anonymous/workplace/scientific-intelligent-modelling/experiments/core50_12alg_5seed_all_20260502-065700/drsr/seed0/tasks/drsr_s0_g0010/anon-node-03/drsr/g0010_Nguyen-9/experiments/g0010_Nguyen-9_drsr_seed0_20260502-070301,True,5,1,5,5,
drsr,drsr_s0_g0016,0,,ok,3901.853,/home/anonymous/workplace/scientific-intelligent-modelling/experiments/core50_12alg_5seed_all_20260502-065700/drsr/seed0/tasks/drsr_s0_g0016/anon-node-03/drsr/g0016_feynman_II_15_4/experiments/g0016_feynman_II_15_4_drsr_seed0_20260502-070622,True,6,1,6,6,
drsr,drsr_s0_g0023,0,,ok,3619.89,/home/anonymous/workplace/scientific-intelligent-modelling/experiments/core50_12alg_5seed_all_20260502-065700/drsr/seed0/tasks/drsr_s0_g0023/anon-node-03/drsr/g0023_I.11.19_4_0/experiments/g0023_I.11.19_4_0_drsr_seed0_20260502-070955,True,69,1,69,69,
drsr,drsr_s0_g0029,0,,ok,3900.889,/home/anonymous/workplace/scientific-intelligent-modelling/experiments/core50_12alg_5seed_all_20260502-065700/drsr/seed0/tasks/drsr_s0_g0029/anon-node-03/drsr/g0029_strogatz_vdp1/experiments/g0029_strogatz_vdp1_drsr_seed0_20260502-071345,True,4,1,4,4,
drsr,drsr_s0_g0037,0,,ok,3901.034,/home/anonymous/workplace/scientific-intelligent-modelling/experiments/core50_12alg_5seed_all_20260502-065700/drsr/seed0/tasks/drsr_s0_g0037/anon-node-03/drsr/g0037_CRK34/experiments/g0037_CRK34_drsr_seed0_20260502-073311,True,7,1,7,7,
drsr,drsr_s0_g0042,0,,ok,3903.037,/home/anonymous/workplace/scientific-intelligent-modelling/experiments/core50_12alg_5seed_all_20260502-065700/drsr/seed0/tasks/drsr_s0_g0042/anon-node-03/drsr/g0042_feynman_test_15/experiments/g0042_feynman_test_15_drsr_seed0_20260502-073808,True,5,1,5,5,
drsr,drsr_s0_g0048,0,,ok,3901.097,/home/anonymous/workplace/scientific-intelligent-modelling/experiments/core50_12alg_5seed_all_20260502-065700/drsr/seed0/tasks/drsr_s0_g0048/anon-node-03/drsr/g0048_MatSci21/experiments/g0048_MatSci21_drsr_seed0_20260502-074204,True,8,1,8,8,
drsr,drsr_s1_g0002,1,,ok,3901.051,/home/anonymous/workplace/scientific-intelligent-modelling/experiments/core50_12alg_5seed_all_20260502-065700/drsr/seed1/tasks/drsr_s1_g0002/anon-node-03/drsr/g0002_first_principles_hubble/experiments/g0002_first_principles_hubble_drsr_seed1_20260502-074708,True,12,1,12,12,
drsr,drsr_s1_g0009,1,,ok,3901.101,/home/anonymous/workplace/scientific-intelligent-modelling/experiments/core50_12alg_5seed_all_20260502-065700/drsr/seed1/tasks/drsr_s1_g0009/anon-node-03/drsr/g0009_Nguyen-6/experiments/g0009_Nguyen-6_drsr_seed1_20260502-075154,True,6,1,6,6,
drsr,drsr_s1_g0014,1,,ok,3901.706,/home/anonymous/workplace/scientific-intelligent-modelling/experiments/core50_12alg_5seed_all_20260502-065700/drsr/seed1/tasks/drsr_s1_g0014/anon-node-03/drsr/g0014_feynman-ii.34.11/experiments/g0014_feynman-ii.34.11_drsr_seed1_20260502-075556,True,6,1,6,6,
drsr,drsr_s1_g0018,1,,ok,3901.713,/home/anonymous/workplace/scientific-intelligent-modelling/experiments/core50_12alg_5seed_all_20260502-065700/drsr/seed1/tasks/drsr_s1_g0018/anon-node-03/drsr/g0018_feynman-i.18.16/experiments/g0018_feynman-i.18.16_drsr_seed1_20260502-075934,True,7,1,7,7,
drsr,drsr_s1_g0022,1,,ok,3901.351,/home/anonymous/workplace/scientific-intelligent-modelling/experiments/core50_12alg_5seed_all_20260502-065700/drsr/seed1/tasks/drsr_s1_g0022/anon-node-03/drsr/g0022_feynman-i.11.19/experiments/g0022_feynman-i.11.19_drsr_seed1_20260502-080507,True,5,1,5,5,
drsr,drsr_s1_g0029,1,,ok,3900.947,/home/anonymous/workplace/scientific-intelligent-modelling/experiments/core50_12alg_5seed_all_20260502-065700/drsr/seed1/tasks/drsr_s1_g0029/anon-node-03/drsr/g0029_strogatz_vdp1/experiments/g0029_strogatz_vdp1_drsr_seed1_20260502-081059,True,7,1,7,7,
drsr,drsr_s1_g0033,1,,ok,3901.077,/home/anonymous/workplace/scientific-intelligent-modelling/experiments/core50_12alg_5seed_all_20260502-065700/drsr/seed1/tasks/drsr_s1_g0033/anon-node-03/drsr/g0033_feynman-iii.10.19/experiments/g0033_feynman-iii.10.19_drsr_seed1_20260502-081602,True,6,1,6,6,
drsr,drsr_s1_g0040,1,,ok,3901.14,/home/anonymous/workplace/scientific-intelligent-modelling/experiments/core50_12alg_5seed_all_20260502-065700/drsr/seed1/tasks/drsr_s1_g0040/anon-node-03/drsr/g0040_feynman-i.29.16/experiments/g0040_feynman-i.29.16_drsr_seed1_20260502-082201,True,7,1,7,7,
drsr,drsr_s2_g0001,2,,ok,3902.276,/home/anonymous/workplace/scientific-intelligent-modelling/experiments/core50_12alg_5seed_all_20260502-065700/drsr/seed2/tasks/drsr_s2_g0001/anon-node-03/drsr/g0001_II.34.2_1_0/experiments/g0001_II.34.2_1_0_drsr_seed2_20260502-083416,True,5,1,5,5,
drsr,drsr_s2_g0007,2,,ok,3610.506,/home/anonymous/workplace/scientific-intelligent-modelling/experiments/core50_12alg_5seed_all_20260502-065700/drsr/seed2/tasks/drsr_s2_g0007/anon-node-03/drsr/g0007_Korns-2/experiments/g0007_Korns-2_drsr_seed2_20260502-084044,True,87,1,87,87,
drsr,drsr_s2_g0012,2,,ok,3902.66,/home/anonymous/workplace/scientific-intelligent-modelling/experiments/core50_12alg_5seed_all_20260502-065700/drsr/seed2/tasks/drsr_s2_g0012/anon-node-03/drsr/g0012_feynman_I_27_6/experiments/g0012_feynman_I_27_6_drsr_seed2_20260502-084437,True,8,1,8,8,
drsr,drsr_s2_g0018,2,,ok,3609.144,/home/anonymous/workplace/scientific-intelligent-modelling/experiments/core50_12alg_5seed_all_20260502-065700/drsr/seed2/tasks/drsr_s2_g0018/anon-node-03/drsr/g0018_feynman-i.18.16/experiments/g0018_feynman-i.18.16_drsr_seed2_20260502-085055,True,97,1,97,97,
drsr,drsr_s2_g0027,2,,ok,3902.597,/home/anonymous/workplace/scientific-intelligent-modelling/experiments/core50_12alg_5seed_all_20260502-065700/drsr/seed2/tasks/drsr_s2_g0027/anon-node-03/drsr/g0027_feynman_I_12_11/experiments/g0027_feynman_I_12_11_drsr_seed2_20260502-091640,True,3,1,3,3,
drsr,drsr_s2_g0033,2,,ok,3901.154,/home/anonymous/workplace/scientific-intelligent-modelling/experiments/core50_12alg_5seed_all_20260502-065700/drsr/seed2/tasks/drsr_s2_g0033/anon-node-03/drsr/g0033_feynman-iii.10.19/experiments/g0033_feynman-iii.10.19_drsr_seed2_20260502-092151,True,5,1,5,5,
drsr,drsr_s2_g0043,2,,ok,3901.045,/home/anonymous/workplace/scientific-intelligent-modelling/experiments/core50_12alg_5seed_all_20260502-065700/drsr/seed2/tasks/drsr_s2_g0043/anon-node-03/drsr/g0043_CRK33/experiments/g0043_CRK33_drsr_seed2_20260502-093155,True,8,1,8,8,
drsr,drsr_s3_g0005,3,,ok,3900.904,/home/anonymous/workplace/scientific-intelligent-modelling/experiments/core50_12alg_5seed_all_20260502-065700/drsr/seed3/tasks/drsr_s3_g0005/anon-node-03/drsr/g0005_Keijzer-11/experiments/g0005_Keijzer-11_drsr_seed3_20260502-094423,True,6,1,6,6,
drsr,drsr_s3_g0011,3,,ok,3900.813,/home/anonymous/workplace/scientific-intelligent-modelling/experiments/core50_12alg_5seed_all_20260502-065700/drsr/seed3/tasks/drsr_s3_g0011/anon-node-03/drsr/g0011_Vladislavleva-4/experiments/g0011_Vladislavleva-4_drsr_seed3_20260502-095117,True,6,1,6,6,
drsr,drsr_s3_g0016,3,,ok,3902.168,/home/anonymous/workplace/scientific-intelligent-modelling/experiments/core50_12alg_5seed_all_20260502-065700/drsr/seed3/tasks/drsr_s3_g0016/anon-node-03/drsr/g0016_feynman_II_15_4/experiments/g0016_feynman_II_15_4_drsr_seed3_20260502-095453,True,5,1,5,5,
drsr,drsr_s3_g0023,3,,ok,3617.654,/home/anonymous/workplace/scientific-intelligent-modelling/experiments/core50_12alg_5seed_all_20260502-065700/drsr/seed3/tasks/drsr_s3_g0023/anon-node-03/drsr/g0023_I.11.19_4_0/experiments/g0023_I.11.19_4_0_drsr_seed3_20260502-100119,True,70,1,70,70,
drsr,drsr_s3_g0029,3,,ok,3900.863,/home/anonymous/workplace/scientific-intelligent-modelling/experiments/core50_12alg_5seed_all_20260502-065700/drsr/seed3/tasks/drsr_s3_g0029/anon-node-03/drsr/g0029_strogatz_vdp1/experiments/g0029_strogatz_vdp1_drsr_seed3_20260502-100513,True,8,1,8,8,
drsr,drsr_s3_g0039,3,,ok,3900.975,/home/anonymous/workplace/scientific-intelligent-modelling/experiments/core50_12alg_5seed_all_20260502-065700/drsr/seed3/tasks/drsr_s3_g0039/anon-node-03/drsr/g0039_CRK0/experiments/g0039_CRK0_drsr_seed3_20260502-101625,True,8,1,8,8,
drsr,drsr_s3_g0045,3,,ok,3901.257,/home/anonymous/workplace/scientific-intelligent-modelling/experiments/core50_12alg_5seed_all_20260502-065700/drsr/seed3/tasks/drsr_s3_g0045/anon-node-03/drsr/g0045_feynman-bonus.20/experiments/g0045_feynman-bonus.20_drsr_seed3_20260502-102038,True,7,1,7,7,
drsr,drsr_s3_g0049,3,,ok,3901.003,/home/anonymous/workplace/scientific-intelligent-modelling/experiments/core50_12alg_5seed_all_20260502-065700/drsr/seed3/tasks/drsr_s3_g0049/anon-node-03/drsr/g0049_BPG3/experiments/g0049_BPG3_drsr_seed3_20260502-102655,True,7,1,7,7,
drsr,drsr_s4_g0006,4,,ok,3900.961,/home/anonymous/workplace/scientific-intelligent-modelling/experiments/core50_12alg_5seed_all_20260502-065700/drsr/seed4/tasks/drsr_s4_g0006/anon-node-03/drsr/g0006_Keijzer-2/experiments/g0006_Keijzer-2_drsr_seed4_20260502-103249,True,7,1,7,7,
drsr,drsr_s4_g0013,4,,ok,3901.065,/home/anonymous/workplace/scientific-intelligent-modelling/experiments/core50_12alg_5seed_all_20260502-065700/drsr/seed4/tasks/drsr_s4_g0013/anon-node-03/drsr/g0013_feynman-i.43.31/experiments/g0013_feynman-i.43.31_drsr_seed4_20260502-103830,True,9,1,9,9,
drsr,drsr_s4_g0018,4,,ok,3901.394,/home/anonymous/workplace/scientific-intelligent-modelling/experiments/core50_12alg_5seed_all_20260502-065700/drsr/seed4/tasks/drsr_s4_g0018/anon-node-03/drsr/g0018_feynman-i.18.16/experiments/g0018_feynman-i.18.16_drsr_seed4_20260502-104229,True,9,1,9,9,
drsr,drsr_s4_g0023,4,,ok,3903.449,/home/anonymous/workplace/scientific-intelligent-modelling/experiments/core50_12alg_5seed_all_20260502-065700/drsr/seed4/tasks/drsr_s4_g0023/anon-node-03/drsr/g0023_I.11.19_4_0/experiments/g0023_I.11.19_4_0_drsr_seed4_20260502-104908,True,6,1,6,6,
drsr,drsr_s4_g0035,4,,ok,3901.19,/home/anonymous/workplace/scientific-intelligent-modelling/experiments/core50_12alg_5seed_all_20260502-065700/drsr/seed4/tasks/drsr_s4_g0035/anon-node-03/drsr/g0035_feynman-i.32.5/experiments/g0035_feynman-i.32.5_drsr_seed4_20260502-110002,True,6,1,6,6,
llmsr,llmsr_s0_g0004,0,,ok,3609.683,/home/anonymous/workplace/scientific-intelligent-modelling/experiments/core50_12alg_5seed_all_20260502-065700/llmsr/seed0/tasks/llmsr_s0_g0004/anon-node-03/llmsr/g0004_Korns-4/experiments/g0004_Korns-4_llmsr_seed0_20260502-070619,True,72,1,72,72,
llmsr,llmsr_s0_g0008,0,,ok,3608.841,/home/anonymous/workplace/scientific-intelligent-modelling/experiments/core50_12alg_5seed_all_20260502-065700/llmsr/seed0/tasks/llmsr_s0_g0008/anon-node-03/llmsr/g0008_Nguyen-12/experiments/g0008_Nguyen-12_llmsr_seed0_20260502-070952,True,83,1,83,83,
llmsr,llmsr_s0_g0014,0,,ok,3611.327,/home/anonymous/workplace/scientific-intelligent-modelling/experiments/core50_12alg_5seed_all_20260502-065700/llmsr/seed0/tasks/llmsr_s0_g0014/anon-node-03/llmsr/g0014_feynman-ii.34.11/experiments/g0014_feynman-ii.34.11_llmsr_seed0_20260502-071341,True,71,6,76,76,
llmsr,llmsr_s0_g0017,0,,ok,3609.58,/home/anonymous/workplace/scientific-intelligent-modelling/experiments/core50_12alg_5seed_all_20260502-065700/llmsr/seed0/tasks/llmsr_s0_g0017/anon-node-03/llmsr/g0017_strogatz_shearflow1/experiments/g0017_strogatz_shearflow1_llmsr_seed0_20260502-072832,True,83,1,83,83,
llmsr,llmsr_s0_g0023,0,,ok,3616.459,/home/anonymous/workplace/scientific-intelligent-modelling/experiments/core50_12alg_5seed_all_20260502-065700/llmsr/seed0/tasks/llmsr_s0_g0023/anon-node-03/llmsr/g0023_I.11.19_4_0/experiments/g0023_I.11.19_4_0_llmsr_seed0_20260502-073308,True,90,1,90,90,
llmsr,llmsr_s0_g0028,0,,ok,3611.443,/home/anonymous/workplace/scientific-intelligent-modelling/experiments/core50_12alg_5seed_all_20260502-065700/llmsr/seed0/tasks/llmsr_s0_g0028/anon-node-03/llmsr/g0028_feynman-ii.4.23/experiments/g0028_feynman-ii.4.23_llmsr_seed0_20260502-073805,True,90,1,90,90,
llmsr,llmsr_s0_g0034,0,,ok,3611.345,/home/anonymous/workplace/scientific-intelligent-modelling/experiments/core50_12alg_5seed_all_20260502-065700/llmsr/seed0/tasks/llmsr_s0_g0034/anon-node-03/llmsr/g0034_CRK11/experiments/g0034_CRK11_llmsr_seed0_20260502-074200,True,89,1,89,89,
llmsr,llmsr_s0_g0038,0,,ok,3611.831,/home/anonymous/workplace/scientific-intelligent-modelling/experiments/core50_12alg_5seed_all_20260502-065700/llmsr/seed0/tasks/llmsr_s0_g0038/anon-node-03/llmsr/g0038_PO19/experiments/g0038_PO19_llmsr_seed0_20260502-074704,True,73,6,78,78,
llmsr,llmsr_s0_g0045,0,,ok,3611.156,/home/anonymous/workplace/scientific-intelligent-modelling/experiments/core50_12alg_5seed_all_20260502-065700/llmsr/seed0/tasks/llmsr_s0_g0045/anon-node-03/llmsr/g0045_feynman-bonus.20/experiments/g0045_feynman-bonus.20_llmsr_seed0_20260502-075149,True,81,4,84,84,
llmsr,llmsr_s0_g0050,0,,ok,3610.464,/home/anonymous/workplace/scientific-intelligent-modelling/experiments/core50_12alg_5seed_all_20260502-065700/llmsr/seed0/tasks/llmsr_s0_g0050/anon-node-03/llmsr/g0050_BPG9/experiments/g0050_BPG9_llmsr_seed0_20260502-075551,True,72,2,73,73,
llmsr,llmsr_s1_g0004,1,,ok,3609.454,/home/anonymous/workplace/scientific-intelligent-modelling/experiments/core50_12alg_5seed_all_20260502-065700/llmsr/seed1/tasks/llmsr_s1_g0004/anon-node-03/llmsr/g0004_Korns-4/experiments/g0004_Korns-4_llmsr_seed1_20260502-075929,True,76,1,76,76,
llmsr,llmsr_s1_g0008,1,,ok,3609.419,/home/anonymous/workplace/scientific-intelligent-modelling/experiments/core50_12alg_5seed_all_20260502-065700/llmsr/seed1/tasks/llmsr_s1_g0008/anon-node-03/llmsr/g0008_Nguyen-12/experiments/g0008_Nguyen-12_llmsr_seed1_20260502-080503,True,91,1,91,91,
llmsr,llmsr_s1_g0015,1,,ok,3611.997,/home/anonymous/workplace/scientific-intelligent-modelling/experiments/core50_12alg_5seed_all_20260502-065700/llmsr/seed1/tasks/llmsr_s1_g0015/anon-node-03/llmsr/g0015_III.21.20_3_0/experiments/g0015_III.21.20_3_0_llmsr_seed1_20260502-081056,True,69,1,69,69,
llmsr,llmsr_s1_g0019,1,,ok,3607.453,/home/anonymous/workplace/scientific-intelligent-modelling/experiments/core50_12alg_5seed_all_20260502-065700/llmsr/seed1/tasks/llmsr_s1_g0019/anon-node-03/llmsr/g0019_feynman-ii.34.2a/experiments/g0019_feynman-ii.34.2a_llmsr_seed1_20260502-081558,True,109,15,123,123,
llmsr,llmsr_s1_g0026,1,,ok,3609.17,/home/anonymous/workplace/scientific-intelligent-modelling/experiments/core50_12alg_5seed_all_20260502-065700/llmsr/seed1/tasks/llmsr_s1_g0026/anon-node-03/llmsr/g0026_strogatz_barmag1/experiments/g0026_strogatz_barmag1_llmsr_seed1_20260502-082156,True,112,1,112,112,
llmsr,llmsr_s1_g0032,1,,ok,3607.475,/home/anonymous/workplace/scientific-intelligent-modelling/experiments/core50_12alg_5seed_all_20260502-065700/llmsr/seed1/tasks/llmsr_s1_g0032/anon-node-03/llmsr/g0032_feynman-i.13.12/experiments/g0032_feynman-i.13.12_llmsr_seed1_20260502-082819,True,94,1,94,94,
llmsr,llmsr_s1_g0035,1,,ok,3608.354,/home/anonymous/workplace/scientific-intelligent-modelling/experiments/core50_12alg_5seed_all_20260502-065700/llmsr/seed1/tasks/llmsr_s1_g0035/anon-node-03/llmsr/g0035_feynman-i.32.5/experiments/g0035_feynman-i.32.5_llmsr_seed1_20260502-091637,True,116,1,116,116,
llmsr,llmsr_s1_g0043,1,,ok,3607.109,/home/anonymous/workplace/scientific-intelligent-modelling/experiments/core50_12alg_5seed_all_20260502-065700/llmsr/seed1/tasks/llmsr_s1_g0043/anon-node-03/llmsr/g0043_CRK33/experiments/g0043_CRK33_llmsr_seed1_20260502-084040,True,109,1,109,109,
llmsr,llmsr_s1_g0048,1,,ok,3608.132,/home/anonymous/workplace/scientific-intelligent-modelling/experiments/core50_12alg_5seed_all_20260502-065700/llmsr/seed1/tasks/llmsr_s1_g0048/anon-node-03/llmsr/g0048_MatSci21/experiments/g0048_MatSci21_llmsr_seed1_20260502-084432,True,118,1,118,118,
llmsr,llmsr_s2_g0004,2,,ok,3607.1,/home/anonymous/workplace/scientific-intelligent-modelling/experiments/core50_12alg_5seed_all_20260502-065700/llmsr/seed2/tasks/llmsr_s2_g0004/anon-node-03/llmsr/g0004_Korns-4/experiments/g0004_Korns-4_llmsr_seed2_20260502-085050,True,95,1,95,95,
llmsr,llmsr_s2_g0012,2,,ok,3603.699,/home/anonymous/workplace/scientific-intelligent-modelling/experiments/core50_12alg_5seed_all_20260502-065700/llmsr/seed2/tasks/llmsr_s2_g0012/anon-node-03/llmsr/g0012_feynman_I_27_6/experiments/g0012_feynman_I_27_6_llmsr_seed2_20260502-085758,True,106,2,107,107,
llmsr,llmsr_s2_g0017,2,,ok,3608.793,/home/anonymous/workplace/scientific-intelligent-modelling/experiments/core50_12alg_5seed_all_20260502-065700/llmsr/seed2/tasks/llmsr_s2_g0017/anon-node-03/llmsr/g0017_strogatz_shearflow1/experiments/g0017_strogatz_shearflow1_llmsr_seed2_20260502-092147,True,93,1,93,93,
llmsr,llmsr_s2_g0023,2,,ok,3613.059,/home/anonymous/workplace/scientific-intelligent-modelling/experiments/core50_12alg_5seed_all_20260502-065700/llmsr/seed2/tasks/llmsr_s2_g0023/anon-node-03/llmsr/g0023_I.11.19_4_0/experiments/g0023_I.11.19_4_0_llmsr_seed2_20260502-092650,True,98,1,98,98,
llmsr,llmsr_s2_g0027,2,,ok,3614.603,/home/anonymous/workplace/scientific-intelligent-modelling/experiments/core50_12alg_5seed_all_20260502-065700/llmsr/seed2/tasks/llmsr_s2_g0027/anon-node-03/llmsr/g0027_feynman_I_12_11/experiments/g0027_feynman_I_12_11_llmsr_seed2_20260502-093151,True,105,2,106,106,
llmsr,llmsr_s2_g0033,2,,ok,3609.772,/home/anonymous/workplace/scientific-intelligent-modelling/experiments/core50_12alg_5seed_all_20260502-065700/llmsr/seed2/tasks/llmsr_s2_g0033/anon-node-03/llmsr/g0033_feynman-iii.10.19/experiments/g0033_feynman-iii.10.19_llmsr_seed2_20260502-093810,True,104,1,104,104,
llmsr,llmsr_s2_g0039,2,,ok,3610.047,/home/anonymous/workplace/scientific-intelligent-modelling/experiments/core50_12alg_5seed_all_20260502-065700/llmsr/seed2/tasks/llmsr_s2_g0039/anon-node-03/llmsr/g0039_CRK0/experiments/g0039_CRK0_llmsr_seed2_20260502-094419,True,98,1,98,98,
llmsr,llmsr_s2_g0045,2,,ok,3609.897,/home/anonymous/workplace/scientific-intelligent-modelling/experiments/core50_12alg_5seed_all_20260502-065700/llmsr/seed2/tasks/llmsr_s2_g0045/anon-node-03/llmsr/g0045_feynman-bonus.20/experiments/g0045_feynman-bonus.20_llmsr_seed2_20260502-095113,True,92,1,92,92,
llmsr,llmsr_s2_g0050,2,,ok,3609.21,/home/anonymous/workplace/scientific-intelligent-modelling/experiments/core50_12alg_5seed_all_20260502-065700/llmsr/seed2/tasks/llmsr_s2_g0050/anon-node-03/llmsr/g0050_BPG9/experiments/g0050_BPG9_llmsr_seed2_20260502-095449,True,77,8,84,84,
llmsr,llmsr_s3_g0007,3,,ok,3609.0,/home/anonymous/workplace/scientific-intelligent-modelling/experiments/core50_12alg_5seed_all_20260502-065700/llmsr/seed3/tasks/llmsr_s3_g0007/anon-node-03/llmsr/g0007_Korns-2/experiments/g0007_Korns-2_llmsr_seed3_20260502-100115,True,73,1,73,73,
llmsr,llmsr_s3_g0018,3,,ok,3608.872,/home/anonymous/workplace/scientific-intelligent-modelling/experiments/core50_12alg_5seed_all_20260502-065700/llmsr/seed3/tasks/llmsr_s3_g0018/anon-node-03/llmsr/g0018_feynman-i.18.16/experiments/g0018_feynman-i.18.16_llmsr_seed3_20260502-101027,True,113,2,114,114,
llmsr,llmsr_s3_g0029,3,,ok,3609.351,/home/anonymous/workplace/scientific-intelligent-modelling/experiments/core50_12alg_5seed_all_20260502-065700/llmsr/seed3/tasks/llmsr_s3_g0029/anon-node-03/llmsr/g0029_strogatz_vdp1/experiments/g0029_strogatz_vdp1_llmsr_seed3_20260502-102034,True,97,1,97,97,
llmsr,llmsr_s3_g0040,3,,ok,3609.06,/home/anonymous/workplace/scientific-intelligent-modelling/experiments/core50_12alg_5seed_all_20260502-065700/llmsr/seed3/tasks/llmsr_s3_g0040/anon-node-03/llmsr/g0040_feynman-i.29.16/experiments/g0040_feynman-i.29.16_llmsr_seed3_20260502-103245,True,92,5,96,96,
llmsr,llmsr_s3_g0047,3,,ok,3606.676,/home/anonymous/workplace/scientific-intelligent-modelling/experiments/core50_12alg_5seed_all_20260502-065700/llmsr/seed3/tasks/llmsr_s3_g0047/anon-node-03/llmsr/g0047_BPG5/experiments/g0047_BPG5_llmsr_seed3_20260502-103826,True,88,6,93,93,
llmsr,llmsr_s4_g0002,4,,ok,3606.599,/home/anonymous/workplace/scientific-intelligent-modelling/experiments/core50_12alg_5seed_all_20260502-065700/llmsr/seed4/tasks/llmsr_s4_g0002/anon-node-03/llmsr/g0002_first_principles_hubble/experiments/g0002_first_principles_hubble_llmsr_seed4_20260502-104225,True,81,13,93,93,
llmsr,llmsr_s4_g0007,4,,ok,3606.224,/home/anonymous/workplace/scientific-intelligent-modelling/experiments/core50_12alg_5seed_all_20260502-065700/llmsr/seed4/tasks/llmsr_s4_g0007/anon-node-03/llmsr/g0007_Korns-2/experiments/g0007_Korns-2_llmsr_seed4_20260502-104903,True,71,1,71,71,
llmsr,llmsr_s4_g0013,4,,ok,3606.485,/home/anonymous/workplace/scientific-intelligent-modelling/experiments/core50_12alg_5seed_all_20260502-065700/llmsr/seed4/tasks/llmsr_s4_g0013/anon-node-03/llmsr/g0013_feynman-i.43.31/experiments/g0013_feynman-i.43.31_llmsr_seed4_20260502-105558,True,120,5,124,124,
llmsr,llmsr_s4_g0019,4,,ok,3606.459,/home/anonymous/workplace/scientific-intelligent-modelling/experiments/core50_12alg_5seed_all_20260502-065700/llmsr/seed4/tasks/llmsr_s4_g0019/anon-node-03/llmsr/g0019_feynman-ii.34.2a/experiments/g0019_feynman-ii.34.2a_llmsr_seed4_20260502-105958,True,118,3,120,120,
llmsr,llmsr_s4_g0023,4,,ok,3610.783,/home/anonymous/workplace/scientific-intelligent-modelling/experiments/core50_12alg_5seed_all_20260502-065700/llmsr/seed4/tasks/llmsr_s4_g0023/anon-node-03/llmsr/g0023_I.11.19_4_0/experiments/g0023_I.11.19_4_0_llmsr_seed4_20260502-110652,True,100,1,100,100,
llmsr,llmsr_s4_g0028,4,,ok,3606.333,/home/anonymous/workplace/scientific-intelligent-modelling/experiments/core50_12alg_5seed_all_20260502-065700/llmsr/seed4/tasks/llmsr_s4_g0028/anon-node-03/llmsr/g0028_feynman-ii.4.23/experiments/g0028_feynman-ii.4.23_llmsr_seed4_20260502-111055,True,102,1,102,102,
llmsr,llmsr_s4_g0033,4,,ok,3602.001,/home/anonymous/workplace/scientific-intelligent-modelling/experiments/core50_12alg_5seed_all_20260502-065700/llmsr/seed4/tasks/llmsr_s4_g0033/anon-node-03/llmsr/g0033_feynman-iii.10.19/experiments/g0033_feynman-iii.10.19_llmsr_seed4_20260502-111440,True,100,1,100,100,
drsr,drsr_s0_g0005,0,,ok,3903.169,/home/anonymous/workplace/scientific-intelligent-modelling/experiments/core50_12alg_5seed_all_20260502-065700/drsr/seed0/tasks/drsr_s0_g0005/anon-node-04/drsr/g0005_Keijzer-11/experiments/g0005_Keijzer-11_drsr_seed0_20260502-070002,True,5,1,5,5,
drsr,drsr_s0_g0011,0,,ok,3902.577,/home/anonymous/workplace/scientific-intelligent-modelling/experiments/core50_12alg_5seed_all_20260502-065700/drsr/seed0/tasks/drsr_s0_g0011/anon-node-04/drsr/g0011_Vladislavleva-4/experiments/g0011_Vladislavleva-4_drsr_seed0_20260502-070328,True,5,1,5,5,
drsr,drsr_s0_g0017,0,,ok,3901.221,/home/anonymous/workplace/scientific-intelligent-modelling/experiments/core50_12alg_5seed_all_20260502-065700/drsr/seed0/tasks/drsr_s0_g0017/anon-node-04/drsr/g0017_strogatz_shearflow1/experiments/g0017_strogatz_shearflow1_drsr_seed0_20260502-070648,True,7,1,7,7,
drsr,drsr_s0_g0024,0,,ok,3902.634,/home/anonymous/workplace/scientific-intelligent-modelling/experiments/core50_12alg_5seed_all_20260502-065700/drsr/seed0/tasks/drsr_s0_g0024/anon-node-04/drsr/g0024_strogatz_predprey2/experiments/g0024_strogatz_predprey2_drsr_seed0_20260502-071051,True,6,1,6,6,
drsr,drsr_s0_g0038,0,,ok,3904.987,/home/anonymous/workplace/scientific-intelligent-modelling/experiments/core50_12alg_5seed_all_20260502-065700/drsr/seed0/tasks/drsr_s0_g0038/anon-node-04/drsr/g0038_PO19/experiments/g0038_PO19_drsr_seed0_20260502-073410,True,5,1,5,5,
drsr,drsr_s1_g0001,1,,ok,3908.886,/home/anonymous/workplace/scientific-intelligent-modelling/experiments/core50_12alg_5seed_all_20260502-065700/drsr/seed1/tasks/drsr_s1_g0001/anon-node-04/drsr/g0001_II.34.2_1_0/experiments/g0001_II.34.2_1_0_drsr_seed1_20260502-074506,True,6,1,6,6,
drsr,drsr_s1_g0020,1,,ok,3905.586,/home/anonymous/workplace/scientific-intelligent-modelling/experiments/core50_12alg_5seed_all_20260502-065700/drsr/seed1/tasks/drsr_s1_g0020/anon-node-04/drsr/g0020_first_principles_leavitt/experiments/g0020_first_principles_leavitt_drsr_seed1_20260502-080428,True,8,1,8,8,
drsr,drsr_s1_g0037,1,,ok,3909.112,/home/anonymous/workplace/scientific-intelligent-modelling/experiments/core50_12alg_5seed_all_20260502-065700/drsr/seed1/tasks/drsr_s1_g0037/anon-node-04/drsr/g0037_CRK34/experiments/g0037_CRK34_drsr_seed1_20260502-081958,True,7,1,7,7,
drsr,drsr_s1_g0049,1,,ok,3908.178,/home/anonymous/workplace/scientific-intelligent-modelling/experiments/core50_12alg_5seed_all_20260502-065700/drsr/seed1/tasks/drsr_s1_g0049/anon-node-04/drsr/g0049_BPG3/experiments/g0049_BPG3_drsr_seed1_20260502-083330,True,6,1,6,6,
drsr,drsr_s2_g0005,2,,ok,3910.842,/home/anonymous/workplace/scientific-intelligent-modelling/experiments/core50_12alg_5seed_all_20260502-065700/drsr/seed2/tasks/drsr_s2_g0005/anon-node-04/drsr/g0005_Keijzer-11/experiments/g0005_Keijzer-11_drsr_seed2_20260502-084023,True,6,1,6,6,
drsr,drsr_s2_g0017,2,,ok,3906.888,/home/anonymous/workplace/scientific-intelligent-modelling/experiments/core50_12alg_5seed_all_20260502-065700/drsr/seed2/tasks/drsr_s2_g0017/anon-node-04/drsr/g0017_strogatz_shearflow1/experiments/g0017_strogatz_shearflow1_drsr_seed2_20260502-084858,True,7,1,7,7,
drsr,drsr_s2_g0024,2,,ok,3914.772,/home/anonymous/workplace/scientific-intelligent-modelling/experiments/core50_12alg_5seed_all_20260502-065700/drsr/seed2/tasks/drsr_s2_g0024/anon-node-04/drsr/g0024_strogatz_predprey2/experiments/g0024_strogatz_predprey2_drsr_seed2_20260502-085639,True,6,1,6,6,
drsr,drsr_s2_g0030,2,,ok,3904.021,/home/anonymous/workplace/scientific-intelligent-modelling/experiments/core50_12alg_5seed_all_20260502-065700/drsr/seed2/tasks/drsr_s2_g0030/anon-node-04/drsr/g0030_feynman-iii.7.38/experiments/g0030_feynman-iii.7.38_drsr_seed2_20260502-091740,True,8,1,8,8,
drsr,drsr_s2_g0036,2,,ok,3902.094,/home/anonymous/workplace/scientific-intelligent-modelling/experiments/core50_12alg_5seed_all_20260502-065700/drsr/seed2/tasks/drsr_s2_g0036/anon-node-04/drsr/g0036_CRK10/experiments/g0036_CRK10_drsr_seed2_20260502-092313,True,6,1,6,6,
drsr,drsr_s2_g0041,2,,ok,3906.816,/home/anonymous/workplace/scientific-intelligent-modelling/experiments/core50_12alg_5seed_all_20260502-065700/drsr/seed2/tasks/drsr_s2_g0041/anon-node-04/drsr/g0041_PO41/experiments/g0041_PO41_drsr_seed2_20260502-092807,True,5,1,5,5,
drsr,drsr_s2_g0048,2,,ok,3904.407,/home/anonymous/workplace/scientific-intelligent-modelling/experiments/core50_12alg_5seed_all_20260502-065700/drsr/seed2/tasks/drsr_s2_g0048/anon-node-04/drsr/g0048_MatSci21/experiments/g0048_MatSci21_drsr_seed2_20260502-093516,True,6,1,6,6,
drsr,drsr_s3_g0003,3,,ok,3649.57,/home/anonymous/workplace/scientific-intelligent-modelling/experiments/core50_12alg_5seed_all_20260502-065700/drsr/seed3/tasks/drsr_s3_g0003/anon-node-04/drsr/g0003_feynman-ii.27.18/experiments/g0003_feynman-ii.27.18_drsr_seed3_20260502-094124,True,85,1,85,85,
drsr,drsr_s3_g0009,3,,ok,3911.121,/home/anonymous/workplace/scientific-intelligent-modelling/experiments/core50_12alg_5seed_all_20260502-065700/drsr/seed3/tasks/drsr_s3_g0009/anon-node-04/drsr/g0009_Nguyen-6/experiments/g0009_Nguyen-6_drsr_seed3_20260502-094550,True,6,1,6,6,
drsr,drsr_s3_g0019,3,,ok,3905.563,/home/anonymous/workplace/scientific-intelligent-modelling/experiments/core50_12alg_5seed_all_20260502-065700/drsr/seed3/tasks/drsr_s3_g0019/anon-node-04/drsr/g0019_feynman-ii.34.2a/experiments/g0019_feynman-ii.34.2a_drsr_seed3_20260502-095549,True,8,1,8,8,
drsr,drsr_s3_g0033,3,,ok,3915.559,/home/anonymous/workplace/scientific-intelligent-modelling/experiments/core50_12alg_5seed_all_20260502-065700/drsr/seed3/tasks/drsr_s3_g0033/anon-node-04/drsr/g0033_feynman-iii.10.19/experiments/g0033_feynman-iii.10.19_drsr_seed3_20260502-101016,True,4,1,4,4,
drsr,drsr_s3_g0047,3,,ok,3904.5,/home/anonymous/workplace/scientific-intelligent-modelling/experiments/core50_12alg_5seed_all_20260502-065700/drsr/seed3/tasks/drsr_s3_g0047/anon-node-04/drsr/g0047_BPG5/experiments/g0047_BPG5_drsr_seed3_20260502-102320,True,6,1,6,6,
drsr,drsr_s4_g0012,4,,ok,3904.348,/home/anonymous/workplace/scientific-intelligent-modelling/experiments/core50_12alg_5seed_all_20260502-065700/drsr/seed4/tasks/drsr_s4_g0012/anon-node-04/drsr/g0012_feynman_I_27_6/experiments/g0012_feynman_I_27_6_drsr_seed4_20260502-103744,True,6,1,6,6,
drsr,drsr_s4_g0024,4,,ok,3903.34,/home/anonymous/workplace/scientific-intelligent-modelling/experiments/core50_12alg_5seed_all_20260502-065700/drsr/seed4/tasks/drsr_s4_g0024/anon-node-04/drsr/g0024_strogatz_predprey2/experiments/g0024_strogatz_predprey2_drsr_seed4_20260502-104932,True,7,1,7,7,
drsr,drsr_s4_g0036,4,,ok,3910.849,/home/anonymous/workplace/scientific-intelligent-modelling/experiments/core50_12alg_5seed_all_20260502-065700/drsr/seed4/tasks/drsr_s4_g0036/anon-node-04/drsr/g0036_CRK10/experiments/g0036_CRK10_drsr_seed4_20260502-110155,True,9,1,9,9,
llmsr,llmsr_s0_g0005,0,,ok,3621.128,/home/anonymous/workplace/scientific-intelligent-modelling/experiments/core50_12alg_5seed_all_20260502-065700/llmsr/seed0/tasks/llmsr_s0_g0005/anon-node-04/llmsr/g0005_Keijzer-11/experiments/g0005_Keijzer-11_llmsr_seed0_20260502-070643,True,71,1,71,71,
llmsr,llmsr_s0_g0009,0,,ok,3670.234,/home/anonymous/workplace/scientific-intelligent-modelling/experiments/core50_12alg_5seed_all_20260502-065700/llmsr/seed0/tasks/llmsr_s0_g0009/anon-node-04/llmsr/g0009_Nguyen-6/experiments/g0009_Nguyen-6_llmsr_seed0_20260502-071038,True,68,1,68,68,
llmsr,llmsr_s0_g0015,0,,ok,3676.724,/home/anonymous/workplace/scientific-intelligent-modelling/experiments/core50_12alg_5seed_all_20260502-065700/llmsr/seed0/tasks/llmsr_s0_g0015/anon-node-04/llmsr/g0015_III.21.20_3_0/experiments/g0015_III.21.20_3_0_llmsr_seed0_20260502-071508,True,58,1,58,58,
llmsr,llmsr_s0_g0019,0,,ok,3640.748,/home/anonymous/workplace/scientific-intelligent-modelling/experiments/core50_12alg_5seed_all_20260502-065700/llmsr/seed0/tasks/llmsr_s0_g0019/anon-node-04/llmsr/g0019_feynman-ii.34.2a/experiments/g0019_feynman-ii.34.2a_llmsr_seed0_20260502-073032,True,100,6,105,105,
llmsr,llmsr_s0_g0024,0,,ok,3640.53,/home/anonymous/workplace/scientific-intelligent-modelling/experiments/core50_12alg_5seed_all_20260502-065700/llmsr/seed0/tasks/llmsr_s0_g0024/anon-node-04/llmsr/g0024_strogatz_predprey2/experiments/g0024_strogatz_predprey2_llmsr_seed0_20260502-073354,True,56,1,56,56,
llmsr,llmsr_s1_g0006,1,,ok,3734.611,/home/anonymous/workplace/scientific-intelligent-modelling/experiments/core50_12alg_5seed_all_20260502-065700/llmsr/seed1/tasks/llmsr_s1_g0006/anon-node-04/llmsr/g0006_Keijzer-2/experiments/g0006_Keijzer-2_llmsr_seed1_20260502-080350,True,69,1,69,69,
llmsr,llmsr_s1_g0012,1,,ok,3751.92,/home/anonymous/workplace/scientific-intelligent-modelling/experiments/core50_12alg_5seed_all_20260502-065700/llmsr/seed1/tasks/llmsr_s1_g0012/anon-node-04/llmsr/g0012_feynman_I_27_6/experiments/g0012_feynman_I_27_6_llmsr_seed1_20260502-081006,True,73,2,74,74,
llmsr,llmsr_s2_g0003,2,,ok,3706.269,/home/anonymous/workplace/scientific-intelligent-modelling/experiments/core50_12alg_5seed_all_20260502-065700/llmsr/seed2/tasks/llmsr_s2_g0003/anon-node-04/llmsr/g0003_feynman-ii.27.18/experiments/g0003_feynman-ii.27.18_llmsr_seed2_20260502-084823,True,87,1,87,87,
llmsr,llmsr_s2_g0010,2,,ok,3633.9,/home/anonymous/workplace/scientific-intelligent-modelling/experiments/core50_12alg_5seed_all_20260502-065700/llmsr/seed2/tasks/llmsr_s2_g0010/anon-node-04/llmsr/g0010_Nguyen-9/experiments/g0010_Nguyen-9_llmsr_seed2_20260502-085614,True,89,1,89,89,
llmsr,llmsr_s2_g0014,2,,ok,3629.346,/home/anonymous/workplace/scientific-intelligent-modelling/experiments/core50_12alg_5seed_all_20260502-065700/llmsr/seed2/tasks/llmsr_s2_g0014/anon-node-04/llmsr/g0014_feynman-ii.34.11/experiments/g0014_feynman-ii.34.11_llmsr_seed2_20260502-091724,True,73,6,78,78,
llmsr,llmsr_s2_g0020,2,,ok,3632.761,/home/anonymous/workplace/scientific-intelligent-modelling/experiments/core50_12alg_5seed_all_20260502-065700/llmsr/seed2/tasks/llmsr_s2_g0020/anon-node-04/llmsr/g0020_first_principles_leavitt/experiments/g0020_first_principles_leavitt_llmsr_seed2_20260502-092257,True,96,1,96,96,
llmsr,llmsr_s2_g0025,2,,ok,3689.526,/home/anonymous/workplace/scientific-intelligent-modelling/experiments/core50_12alg_5seed_all_20260502-065700/llmsr/seed2/tasks/llmsr_s2_g0025/anon-node-04/llmsr/g0025_strogatz_barmag2/experiments/g0025_strogatz_barmag2_llmsr_seed2_20260502-092744,True,88,1,88,88,
llmsr,llmsr_s2_g0032,2,,ok,3631.046,/home/anonymous/workplace/scientific-intelligent-modelling/experiments/core50_12alg_5seed_all_20260502-065700/llmsr/seed2/tasks/llmsr_s2_g0032/anon-node-04/llmsr/g0032_feynman-i.13.12/experiments/g0032_feynman-i.13.12_llmsr_seed2_20260502-093453,True,74,1,74,74,
llmsr,llmsr_s2_g0037,2,,ok,3646.35,/home/anonymous/workplace/scientific-intelligent-modelling/experiments/core50_12alg_5seed_all_20260502-065700/llmsr/seed2/tasks/llmsr_s2_g0037/anon-node-04/llmsr/g0037_CRK34/experiments/g0037_CRK34_llmsr_seed2_20260502-094045,True,87,1,87,87,
llmsr,llmsr_s3_g0017,3,,ok,3716.464,/home/anonymous/workplace/scientific-intelligent-modelling/experiments/core50_12alg_5seed_all_20260502-065700/llmsr/seed3/tasks/llmsr_s3_g0017/anon-node-04/llmsr/g0017_strogatz_shearflow1/experiments/g0017_strogatz_shearflow1_llmsr_seed3_20260502-100952,True,70,1,70,70,
llmsr,llmsr_s3_g0023,3,,ok,3715.235,/home/anonymous/workplace/scientific-intelligent-modelling/experiments/core50_12alg_5seed_all_20260502-065700/llmsr/seed3/tasks/llmsr_s3_g0023/anon-node-04/llmsr/g0023_I.11.19_4_0/experiments/g0023_I.11.19_4_0_llmsr_seed3_20260502-101627,True,78,1,78,78,
llmsr,llmsr_s3_g0031,3,,ok,3682.516,/home/anonymous/workplace/scientific-intelligent-modelling/experiments/core50_12alg_5seed_all_20260502-065700/llmsr/seed3/tasks/llmsr_s3_g0031/anon-node-04/llmsr/g0031_II.11.27_1_0/experiments/g0031_II.11.27_1_0_llmsr_seed3_20260502-102230,True,67,6,72,72,
llmsr,llmsr_s3_g0038,3,,ok,3612.974,/home/anonymous/workplace/scientific-intelligent-modelling/experiments/core50_12alg_5seed_all_20260502-065700/llmsr/seed3/tasks/llmsr_s3_g0038/anon-node-04/llmsr/g0038_PO19/experiments/g0038_PO19_llmsr_seed3_20260502-103209,True,71,6,76,76,
llmsr,llmsr_s3_g0046,3,,ok,3664.886,/home/anonymous/workplace/scientific-intelligent-modelling/experiments/core50_12alg_5seed_all_20260502-065700/llmsr/seed3/tasks/llmsr_s3_g0046/anon-node-04/llmsr/g0046_II.6.15b_3_0/experiments/g0046_II.6.15b_3_0_llmsr_seed3_20260502-103722,True,52,12,63,63,
llmsr,llmsr_s4_g0003,4,,ok,3631.785,/home/anonymous/workplace/scientific-intelligent-modelling/experiments/core50_12alg_5seed_all_20260502-065700/llmsr/seed4/tasks/llmsr_s4_g0003/anon-node-04/llmsr/g0003_feynman-ii.27.18/experiments/g0003_feynman-ii.27.18_llmsr_seed4_20260502-104529,True,86,1,86,86,
llmsr,llmsr_s4_g0020,4,,ok,3622.586,/home/anonymous/workplace/scientific-intelligent-modelling/experiments/core50_12alg_5seed_all_20260502-065700/llmsr/seed4/tasks/llmsr_s4_g0020/anon-node-04/llmsr/g0020_first_principles_leavitt/experiments/g0020_first_principles_leavitt_llmsr_seed4_20260502-110129,True,105,1,105,105,
llmsr,llmsr_s4_g0044,4,,ok,3623.003,/home/anonymous/workplace/scientific-intelligent-modelling/experiments/core50_12alg_5seed_all_20260502-065700/llmsr/seed4/tasks/llmsr_s4_g0044/anon-node-04/llmsr/g0044_feynman-i.15.3t/experiments/g0044_feynman-i.15.3t_llmsr_seed4_20260502-111805,True,85,1,85,85,
llmsr,llmsr_s4_g0045,4,,ok,3612.638,/home/anonymous/workplace/scientific-intelligent-modelling/experiments/core50_12alg_5seed_all_20260502-065700/llmsr/seed4/tasks/llmsr_s4_g0045/anon-node-04/llmsr/g0045_feynman-bonus.20/experiments/g0045_feynman-bonus.20_llmsr_seed4_20260502-111855,True,98,4,101,101,
llmsr,llmsr_s4_g0046,4,,ok,3626.203,/home/anonymous/workplace/scientific-intelligent-modelling/experiments/core50_12alg_5seed_all_20260502-065700/llmsr/seed4/tasks/llmsr_s4_g0046/anon-node-04/llmsr/g0046_II.6.15b_3_0/experiments/g0046_II.6.15b_3_0_llmsr_seed4_20260502-111931,False,0,,,,
llmsr,llmsr_s4_g0047,4,,ok,3619.773,/home/anonymous/workplace/scientific-intelligent-modelling/experiments/core50_12alg_5seed_all_20260502-065700/llmsr/seed4/tasks/llmsr_s4_g0047/anon-node-04/llmsr/g0047_BPG5/experiments/g0047_BPG5_llmsr_seed4_20260502-112010,True,83,2,84,84,
drsr,drsr_s0_g0003,0,,ok,3900.895,/home/anonymous/workplace/scientific-intelligent-modelling/experiments/core50_12alg_5seed_all_20260502-065700/drsr/seed0/tasks/drsr_s0_g0003/anon-node-05/drsr/g0003_feynman-ii.27.18/experiments/g0003_feynman-ii.27.18_drsr_seed0_20260502-065928,True,8,1,8,8,
drsr,drsr_s0_g0009,0,,ok,3900.781,/home/anonymous/workplace/scientific-intelligent-modelling/experiments/core50_12alg_5seed_all_20260502-065700/drsr/seed0/tasks/drsr_s0_g0009/anon-node-05/drsr/g0009_Nguyen-6/experiments/g0009_Nguyen-6_drsr_seed0_20260502-070248,True,7,1,7,7,
drsr,drsr_s0_g0020,0,,ok,3900.774,/home/anonymous/workplace/scientific-intelligent-modelling/experiments/core50_12alg_5seed_all_20260502-065700/drsr/seed0/tasks/drsr_s0_g0020/anon-node-05/drsr/g0020_first_principles_leavitt/experiments/g0020_first_principles_leavitt_drsr_seed0_20260502-070908,True,8,1,8,8,
drsr,drsr_s0_g0026,0,,ok,3900.841,/home/anonymous/workplace/scientific-intelligent-modelling/experiments/core50_12alg_5seed_all_20260502-065700/drsr/seed0/tasks/drsr_s0_g0026/anon-node-05/drsr/g0026_strogatz_barmag1/experiments/g0026_strogatz_barmag1_drsr_seed0_20260502-071256,True,8,1,8,8,
drsr,drsr_s0_g0031,0,,ok,3903.007,/home/anonymous/workplace/scientific-intelligent-modelling/experiments/core50_12alg_5seed_all_20260502-065700/drsr/seed0/tasks/drsr_s0_g0031/anon-node-05/drsr/g0031_II.11.27_1_0/experiments/g0031_II.11.27_1_0_drsr_seed0_20260502-072834,True,4,1,4,4,
drsr,drsr_s0_g0035,0,,ok,3900.991,/home/anonymous/workplace/scientific-intelligent-modelling/experiments/core50_12alg_5seed_all_20260502-065700/drsr/seed0/tasks/drsr_s0_g0035/anon-node-05/drsr/g0035_feynman-i.32.5/experiments/g0035_feynman-i.32.5_drsr_seed0_20260502-073240,True,9,1,9,9,
drsr,drsr_s0_g0041,0,,ok,3900.909,/home/anonymous/workplace/scientific-intelligent-modelling/experiments/core50_12alg_5seed_all_20260502-065700/drsr/seed0/tasks/drsr_s0_g0041/anon-node-05/drsr/g0041_PO41/experiments/g0041_PO41_drsr_seed0_20260502-073748,True,6,1,6,6,
drsr,drsr_s0_g0046,0,,ok,3902.03,/home/anonymous/workplace/scientific-intelligent-modelling/experiments/core50_12alg_5seed_all_20260502-065700/drsr/seed0/tasks/drsr_s0_g0046/anon-node-05/drsr/g0046_II.6.15b_3_0/experiments/g0046_II.6.15b_3_0_drsr_seed0_20260502-074126,True,6,1,6,6,
drsr,drsr_s1_g0003,1,,ok,3901.44,/home/anonymous/workplace/scientific-intelligent-modelling/experiments/core50_12alg_5seed_all_20260502-065700/drsr/seed1/tasks/drsr_s1_g0003/anon-node-05/drsr/g0003_feynman-ii.27.18/experiments/g0003_feynman-ii.27.18_drsr_seed1_20260502-074730,True,5,1,5,5,
drsr,drsr_s1_g0006,1,,ok,3901.219,/home/anonymous/workplace/scientific-intelligent-modelling/experiments/core50_12alg_5seed_all_20260502-065700/drsr/seed1/tasks/drsr_s1_g0006/anon-node-05/drsr/g0006_Keijzer-2/experiments/g0006_Keijzer-2_drsr_seed1_20260502-075057,True,8,1,8,8,
drsr,drsr_s1_g0011,1,,ok,3901.173,/home/anonymous/workplace/scientific-intelligent-modelling/experiments/core50_12alg_5seed_all_20260502-065700/drsr/seed1/tasks/drsr_s1_g0011/anon-node-05/drsr/g0011_Vladislavleva-4/experiments/g0011_Vladislavleva-4_drsr_seed1_20260502-075455,True,7,1,7,7,
drsr,drsr_s1_g0019,1,,ok,3901.532,/home/anonymous/workplace/scientific-intelligent-modelling/experiments/core50_12alg_5seed_all_20260502-065700/drsr/seed1/tasks/drsr_s1_g0019/anon-node-05/drsr/g0019_feynman-ii.34.2a/experiments/g0019_feynman-ii.34.2a_drsr_seed1_20260502-075958,True,9,1,9,9,
drsr,drsr_s1_g0024,1,,ok,3900.911,/home/anonymous/workplace/scientific-intelligent-modelling/experiments/core50_12alg_5seed_all_20260502-065700/drsr/seed1/tasks/drsr_s1_g0024/anon-node-05/drsr/g0024_strogatz_predprey2/experiments/g0024_strogatz_predprey2_drsr_seed1_20260502-080544,True,9,1,9,9,
drsr,drsr_s1_g0030,1,,ok,3901.596,/home/anonymous/workplace/scientific-intelligent-modelling/experiments/core50_12alg_5seed_all_20260502-065700/drsr/seed1/tasks/drsr_s1_g0030/anon-node-05/drsr/g0030_feynman-iii.7.38/experiments/g0030_feynman-iii.7.38_drsr_seed1_20260502-081122,True,10,1,10,10,
drsr,drsr_s1_g0042,1,,ok,3902.897,/home/anonymous/workplace/scientific-intelligent-modelling/experiments/core50_12alg_5seed_all_20260502-065700/drsr/seed1/tasks/drsr_s1_g0042/anon-node-05/drsr/g0042_feynman_test_15/experiments/g0042_feynman_test_15_drsr_seed1_20260502-082232,True,6,1,6,6,
drsr,drsr_s1_g0048,1,,ok,3900.986,/home/anonymous/workplace/scientific-intelligent-modelling/experiments/core50_12alg_5seed_all_20260502-065700/drsr/seed1/tasks/drsr_s1_g0048/anon-node-05/drsr/g0048_MatSci21/experiments/g0048_MatSci21_drsr_seed1_20260502-082855,True,8,1,8,8,
drsr,drsr_s2_g0004,2,,ok,3900.953,/home/anonymous/workplace/scientific-intelligent-modelling/experiments/core50_12alg_5seed_all_20260502-065700/drsr/seed2/tasks/drsr_s2_g0004/anon-node-05/drsr/g0004_Korns-4/experiments/g0004_Korns-4_drsr_seed2_20260502-083513,True,6,1,6,6,
drsr,drsr_s2_g0009,2,,ok,3900.859,/home/anonymous/workplace/scientific-intelligent-modelling/experiments/core50_12alg_5seed_all_20260502-065700/drsr/seed2/tasks/drsr_s2_g0009/anon-node-05/drsr/g0009_Nguyen-6/experiments/g0009_Nguyen-6_drsr_seed2_20260502-084125,True,7,1,7,7,
drsr,drsr_s2_g0015,2,,ok,3902.917,/home/anonymous/workplace/scientific-intelligent-modelling/experiments/core50_12alg_5seed_all_20260502-065700/drsr/seed2/tasks/drsr_s2_g0015/anon-node-05/drsr/g0015_III.21.20_3_0/experiments/g0015_III.21.20_3_0_drsr_seed2_20260502-084530,True,8,1,8,8,
drsr,drsr_s2_g0026,2,,ok,3900.987,/home/anonymous/workplace/scientific-intelligent-modelling/experiments/core50_12alg_5seed_all_20260502-065700/drsr/seed2/tasks/drsr_s2_g0026/anon-node-05/drsr/g0026_strogatz_barmag1/experiments/g0026_strogatz_barmag1_drsr_seed2_20260502-085801,True,9,1,9,9,
drsr,drsr_s2_g0029,2,,ok,3900.834,/home/anonymous/workplace/scientific-intelligent-modelling/experiments/core50_12alg_5seed_all_20260502-065700/drsr/seed2/tasks/drsr_s2_g0029/anon-node-05/drsr/g0029_strogatz_vdp1/experiments/g0029_strogatz_vdp1_drsr_seed2_20260502-091703,True,5,1,5,5,
drsr,drsr_s2_g0035,2,,ok,3900.979,/home/anonymous/workplace/scientific-intelligent-modelling/experiments/core50_12alg_5seed_all_20260502-065700/drsr/seed2/tasks/drsr_s2_g0035/anon-node-05/drsr/g0035_feynman-i.32.5/experiments/g0035_feynman-i.32.5_drsr_seed2_20260502-092213,True,8,1,8,8,
drsr,drsr_s2_g0042,2,,ok,3902.925,/home/anonymous/workplace/scientific-intelligent-modelling/experiments/core50_12alg_5seed_all_20260502-065700/drsr/seed2/tasks/drsr_s2_g0042/anon-node-05/drsr/g0042_feynman_test_15/experiments/g0042_feynman_test_15_drsr_seed2_20260502-092908,True,3,1,3,3,
drsr,drsr_s2_g0047,2,,ok,3900.95,/home/anonymous/workplace/scientific-intelligent-modelling/experiments/core50_12alg_5seed_all_20260502-065700/drsr/seed2/tasks/drsr_s2_g0047/anon-node-05/drsr/g0047_BPG5/experiments/g0047_BPG5_drsr_seed2_20260502-093250,True,8,1,8,8,
drsr,drsr_s3_g0014,3,,ok,3901.075,/home/anonymous/workplace/scientific-intelligent-modelling/experiments/core50_12alg_5seed_all_20260502-065700/drsr/seed3/tasks/drsr_s3_g0014/anon-node-05/drsr/g0014_feynman-ii.34.11/experiments/g0014_feynman-ii.34.11_drsr_seed3_20260502-095157,True,4,1,4,4,
drsr,drsr_s3_g0020,3,,ok,3900.927,/home/anonymous/workplace/scientific-intelligent-modelling/experiments/core50_12alg_5seed_all_20260502-065700/drsr/seed3/tasks/drsr_s3_g0020/anon-node-05/drsr/g0020_first_principles_leavitt/experiments/g0020_first_principles_leavitt_drsr_seed3_20260502-095809,True,8,1,8,8,
drsr,drsr_s3_g0025,3,,ok,3900.914,/home/anonymous/workplace/scientific-intelligent-modelling/experiments/core50_12alg_5seed_all_20260502-065700/drsr/seed3/tasks/drsr_s3_g0025/anon-node-05/drsr/g0025_strogatz_barmag2/experiments/g0025_strogatz_barmag2_drsr_seed3_20260502-100147,True,7,1,7,7,
drsr,drsr_s3_g0036,3,,ok,3901.044,/home/anonymous/workplace/scientific-intelligent-modelling/experiments/core50_12alg_5seed_all_20260502-065700/drsr/seed3/tasks/drsr_s3_g0036/anon-node-05/drsr/g0036_CRK10/experiments/g0036_CRK10_drsr_seed3_20260502-101059,True,5,1,5,5,
drsr,drsr_s3_g0042,3,,ok,3903.056,/home/anonymous/workplace/scientific-intelligent-modelling/experiments/core50_12alg_5seed_all_20260502-065700/drsr/seed3/tasks/drsr_s3_g0042/anon-node-05/drsr/g0042_feynman_test_15/experiments/g0042_feynman_test_15_drsr_seed3_20260502-101717,True,4,1,4,4,
drsr,drsr_s3_g0048,3,,ok,3901.034,/home/anonymous/workplace/scientific-intelligent-modelling/experiments/core50_12alg_5seed_all_20260502-065700/drsr/seed3/tasks/drsr_s3_g0048/anon-node-05/drsr/g0048_MatSci21/experiments/g0048_MatSci21_drsr_seed3_20260502-102409,True,7,1,7,7,
drsr,drsr_s4_g0003,4,,ok,3901.206,/home/anonymous/workplace/scientific-intelligent-modelling/experiments/core50_12alg_5seed_all_20260502-065700/drsr/seed4/tasks/drsr_s4_g0003/anon-node-05/drsr/g0003_feynman-ii.27.18/experiments/g0003_feynman-ii.27.18_drsr_seed4_20260502-102802,True,8,1,8,8,
drsr,drsr_s4_g0008,4,,ok,3901.001,/home/anonymous/workplace/scientific-intelligent-modelling/experiments/core50_12alg_5seed_all_20260502-065700/drsr/seed4/tasks/drsr_s4_g0008/anon-node-05/drsr/g0008_Nguyen-12/experiments/g0008_Nguyen-12_drsr_seed4_20260502-103326,True,7,1,7,7,
drsr,drsr_s4_g0009,4,,ok,3900.903,/home/anonymous/workplace/scientific-intelligent-modelling/experiments/core50_12alg_5seed_all_20260502-065700/drsr/seed4/tasks/drsr_s4_g0009/anon-node-05/drsr/g0009_Nguyen-6/experiments/g0009_Nguyen-6_drsr_seed4_20260502-103554,True,5,1,5,5,
drsr,drsr_s4_g0017,4,,ok,3901.105,/home/anonymous/workplace/scientific-intelligent-modelling/experiments/core50_12alg_5seed_all_20260502-065700/drsr/seed4/tasks/drsr_s4_g0017/anon-node-05/drsr/g0017_strogatz_shearflow1/experiments/g0017_strogatz_shearflow1_drsr_seed4_20260502-104207,True,7,1,7,7,
drsr,drsr_s4_g0022,4,,ok,3901.23,/home/anonymous/workplace/scientific-intelligent-modelling/experiments/core50_12alg_5seed_all_20260502-065700/drsr/seed4/tasks/drsr_s4_g0022/anon-node-05/drsr/g0022_feynman-i.11.19/experiments/g0022_feynman-i.11.19_drsr_seed4_20260502-104844,True,4,1,4,4,
drsr,drsr_s4_g0028,4,,ok,3901.224,/home/anonymous/workplace/scientific-intelligent-modelling/experiments/core50_12alg_5seed_all_20260502-065700/drsr/seed4/tasks/drsr_s4_g0028/anon-node-05/drsr/g0028_feynman-ii.4.23/experiments/g0028_feynman-ii.4.23_drsr_seed4_20260502-105538,True,8,1,8,8,
drsr,drsr_s4_g0033,4,,ok,3901.385,/home/anonymous/workplace/scientific-intelligent-modelling/experiments/core50_12alg_5seed_all_20260502-065700/drsr/seed4/tasks/drsr_s4_g0033/anon-node-05/drsr/g0033_feynman-iii.10.19/experiments/g0033_feynman-iii.10.19_drsr_seed4_20260502-105923,True,6,1,6,6,
drsr,drsr_s4_g0039,4,,ok,3900.912,/home/anonymous/workplace/scientific-intelligent-modelling/experiments/core50_12alg_5seed_all_20260502-065700/drsr/seed4/tasks/drsr_s4_g0039/anon-node-05/drsr/g0039_CRK0/experiments/g0039_CRK0_drsr_seed4_20260502-110654,True,6,1,6,6,
drsr,drsr_s4_g0044,4,,ok,3607.892,/home/anonymous/workplace/scientific-intelligent-modelling/experiments/core50_12alg_5seed_all_20260502-065700/drsr/seed4/tasks/drsr_s4_g0044/anon-node-05/drsr/g0044_feynman-i.15.3t/experiments/g0044_feynman-i.15.3t_drsr_seed4_20260502-111058,True,76,1,76,76,
drsr,drsr_s4_g0049,4,,ok,3900.962,/home/anonymous/workplace/scientific-intelligent-modelling/experiments/core50_12alg_5seed_all_20260502-065700/drsr/seed4/tasks/drsr_s4_g0049/anon-node-05/drsr/g0049_BPG3/experiments/g0049_BPG3_drsr_seed4_20260502-111442,True,8,1,8,8,
drsr,drsr_s4_g0050,4,,ok,3901.069,/home/anonymous/workplace/scientific-intelligent-modelling/experiments/core50_12alg_5seed_all_20260502-065700/drsr/seed4/tasks/drsr_s4_g0050/anon-node-05/drsr/g0050_BPG9/experiments/g0050_BPG9_drsr_seed4_20260502-111456,True,7,1,7,7,
llmsr,llmsr_s0_g0011,0,,ok,3611.06,/home/anonymous/workplace/scientific-intelligent-modelling/experiments/core50_12alg_5seed_all_20260502-065700/llmsr/seed0/tasks/llmsr_s0_g0011/anon-node-05/llmsr/g0011_Vladislavleva-4/experiments/g0011_Vladislavleva-4_llmsr_seed0_20260502-071253,True,74,1,74,74,
llmsr,llmsr_s0_g0021,0,,ok,3608.901,/home/anonymous/workplace/scientific-intelligent-modelling/experiments/core50_12alg_5seed_all_20260502-065700/llmsr/seed0/tasks/llmsr_s0_g0021/anon-node-05/llmsr/g0021_feynman-i.39.22/experiments/g0021_feynman-i.39.22_llmsr_seed0_20260502-073237,True,100,6,105,105,
llmsr,llmsr_s0_g0039,0,,ok,3610.482,/home/anonymous/workplace/scientific-intelligent-modelling/experiments/core50_12alg_5seed_all_20260502-065700/llmsr/seed0/tasks/llmsr_s0_g0039/anon-node-05/llmsr/g0039_CRK0/experiments/g0039_CRK0_llmsr_seed0_20260502-074726,True,88,1,88,88,
llmsr,llmsr_s1_g0005,1,,ok,3612.438,/home/anonymous/workplace/scientific-intelligent-modelling/experiments/core50_12alg_5seed_all_20260502-065700/llmsr/seed1/tasks/llmsr_s1_g0005/anon-node-05/llmsr/g0005_Keijzer-11/experiments/g0005_Keijzer-11_llmsr_seed1_20260502-075954,True,84,1,84,84,
llmsr,llmsr_s1_g0010,1,,ok,3610.072,/home/anonymous/workplace/scientific-intelligent-modelling/experiments/core50_12alg_5seed_all_20260502-065700/llmsr/seed1/tasks/llmsr_s1_g0010/anon-node-05/llmsr/g0010_Nguyen-9/experiments/g0010_Nguyen-9_llmsr_seed1_20260502-080541,True,90,1,90,90,
llmsr,llmsr_s1_g0016,1,,ok,3610.153,/home/anonymous/workplace/scientific-intelligent-modelling/experiments/core50_12alg_5seed_all_20260502-065700/llmsr/seed1/tasks/llmsr_s1_g0016/anon-node-05/llmsr/g0016_feynman_II_15_4/experiments/g0016_feynman_II_15_4_llmsr_seed1_20260502-081118,True,92,1,92,92,
llmsr,llmsr_s1_g0022,1,,ok,3608.039,/home/anonymous/workplace/scientific-intelligent-modelling/experiments/core50_12alg_5seed_all_20260502-065700/llmsr/seed1/tasks/llmsr_s1_g0022/anon-node-05/llmsr/g0022_feynman-i.11.19/experiments/g0022_feynman-i.11.19_llmsr_seed1_20260502-081648,True,82,1,82,82,
llmsr,llmsr_s1_g0028,1,,ok,3608.973,/home/anonymous/workplace/scientific-intelligent-modelling/experiments/core50_12alg_5seed_all_20260502-065700/llmsr/seed1/tasks/llmsr_s1_g0028/anon-node-05/llmsr/g0028_feynman-ii.4.23/experiments/g0028_feynman-ii.4.23_llmsr_seed1_20260502-082229,True,102,1,102,102,
llmsr,llmsr_s1_g0034,1,,ok,3607.455,/home/anonymous/workplace/scientific-intelligent-modelling/experiments/core50_12alg_5seed_all_20260502-065700/llmsr/seed1/tasks/llmsr_s1_g0034/anon-node-05/llmsr/g0034_CRK11/experiments/g0034_CRK11_llmsr_seed1_20260502-082852,True,100,1,100,100,
llmsr,llmsr_s1_g0040,1,,ok,3609.277,/home/anonymous/workplace/scientific-intelligent-modelling/experiments/core50_12alg_5seed_all_20260502-065700/llmsr/seed1/tasks/llmsr_s1_g0040/anon-node-05/llmsr/g0040_feynman-i.29.16/experiments/g0040_feynman-i.29.16_llmsr_seed1_20260502-083510,True,99,1,99,99,
llmsr,llmsr_s1_g0045,1,,ok,3607.993,/home/anonymous/workplace/scientific-intelligent-modelling/experiments/core50_12alg_5seed_all_20260502-065700/llmsr/seed1/tasks/llmsr_s1_g0045/anon-node-05/llmsr/g0045_feynman-bonus.20/experiments/g0045_feynman-bonus.20_llmsr_seed1_20260502-084122,True,99,1,99,99,
llmsr,llmsr_s2_g0001,2,,ok,3611.336,/home/anonymous/workplace/scientific-intelligent-modelling/experiments/core50_12alg_5seed_all_20260502-065700/llmsr/seed2/tasks/llmsr_s2_g0001/anon-node-05/llmsr/g0001_II.34.2_1_0/experiments/g0001_II.34.2_1_0_llmsr_seed2_20260502-084526,True,79,6,84,84,
llmsr,llmsr_s2_g0007,2,,ok,3607.992,/home/anonymous/workplace/scientific-intelligent-modelling/experiments/core50_12alg_5seed_all_20260502-065700/llmsr/seed2/tasks/llmsr_s2_g0007/anon-node-05/llmsr/g0007_Korns-2/experiments/g0007_Korns-2_llmsr_seed2_20260502-085149,True,81,1,81,81,
llmsr,llmsr_s2_g0019,2,,ok,3609.049,/home/anonymous/workplace/scientific-intelligent-modelling/experiments/core50_12alg_5seed_all_20260502-065700/llmsr/seed2/tasks/llmsr_s2_g0019/anon-node-05/llmsr/g0019_feynman-ii.34.2a/experiments/g0019_feynman-ii.34.2a_llmsr_seed2_20260502-092210,True,129,6,134,134,
llmsr,llmsr_s2_g0026,2,,ok,3609.776,/home/anonymous/workplace/scientific-intelligent-modelling/experiments/core50_12alg_5seed_all_20260502-065700/llmsr/seed2/tasks/llmsr_s2_g0026/anon-node-05/llmsr/g0026_strogatz_barmag1/experiments/g0026_strogatz_barmag1_llmsr_seed2_20260502-092905,True,110,1,110,110,
llmsr,llmsr_s2_g0031,2,,ok,3612.509,/home/anonymous/workplace/scientific-intelligent-modelling/experiments/core50_12alg_5seed_all_20260502-065700/llmsr/seed2/tasks/llmsr_s2_g0031/anon-node-05/llmsr/g0031_II.11.27_1_0/experiments/g0031_II.11.27_1_0_llmsr_seed2_20260502-093248,True,109,4,112,112,
llmsr,llmsr_s2_g0038,2,,ok,3608.644,/home/anonymous/workplace/scientific-intelligent-modelling/experiments/core50_12alg_5seed_all_20260502-065700/llmsr/seed2/tasks/llmsr_s2_g0038/anon-node-05/llmsr/g0038_PO19/experiments/g0038_PO19_llmsr_seed2_20260502-094142,True,77,6,82,82,
llmsr,llmsr_s2_g0043,2,,ok,3608.27,/home/anonymous/workplace/scientific-intelligent-modelling/experiments/core50_12alg_5seed_all_20260502-065700/llmsr/seed2/tasks/llmsr_s2_g0043/anon-node-05/llmsr/g0043_CRK33/experiments/g0043_CRK33_llmsr_seed2_20260502-094520,True,95,1,95,95,
llmsr,llmsr_s3_g0004,3,,ok,3609.15,/home/anonymous/workplace/scientific-intelligent-modelling/experiments/core50_12alg_5seed_all_20260502-065700/llmsr/seed3/tasks/llmsr_s3_g0004/anon-node-05/llmsr/g0004_Korns-4/experiments/g0004_Korns-4_llmsr_seed3_20260502-095806,True,86,1,86,86,
llmsr,llmsr_s3_g0009,3,,ok,3609.061,/home/anonymous/workplace/scientific-intelligent-modelling/experiments/core50_12alg_5seed_all_20260502-065700/llmsr/seed3/tasks/llmsr_s3_g0009/anon-node-05/llmsr/g0009_Nguyen-6/experiments/g0009_Nguyen-6_llmsr_seed3_20260502-100144,True,80,1,80,80,
llmsr,llmsr_s3_g0013,3,,ok,3608.208,/home/anonymous/workplace/scientific-intelligent-modelling/experiments/core50_12alg_5seed_all_20260502-065700/llmsr/seed3/tasks/llmsr_s3_g0013/anon-node-05/llmsr/g0013_feynman-i.43.31/experiments/g0013_feynman-i.43.31_llmsr_seed3_20260502-100508,True,103,2,104,104,
llmsr,llmsr_s3_g0020,3,,ok,3608.486,/home/anonymous/workplace/scientific-intelligent-modelling/experiments/core50_12alg_5seed_all_20260502-065700/llmsr/seed3/tasks/llmsr_s3_g0020/anon-node-05/llmsr/g0020_first_principles_leavitt/experiments/g0020_first_principles_leavitt_llmsr_seed3_20260502-101056,True,119,2,120,120,
llmsr,llmsr_s3_g0026,3,,ok,3602.074,/home/anonymous/workplace/scientific-intelligent-modelling/experiments/core50_12alg_5seed_all_20260502-065700/llmsr/seed3/tasks/llmsr_s3_g0026/anon-node-05/llmsr/g0026_strogatz_barmag1/experiments/g0026_strogatz_barmag1_llmsr_seed3_20260502-101714,True,106,1,106,106,
llmsr,llmsr_s3_g0032,3,,ok,3609.365,/home/anonymous/workplace/scientific-intelligent-modelling/experiments/core50_12alg_5seed_all_20260502-065700/llmsr/seed3/tasks/llmsr_s3_g0032/anon-node-05/llmsr/g0032_feynman-i.13.12/experiments/g0032_feynman-i.13.12_llmsr_seed3_20260502-102406,True,88,1,88,88,
llmsr,llmsr_s3_g0037,3,,ok,3608.88,/home/anonymous/workplace/scientific-intelligent-modelling/experiments/core50_12alg_5seed_all_20260502-065700/llmsr/seed3/tasks/llmsr_s3_g0037/anon-node-05/llmsr/g0037_CRK34/experiments/g0037_CRK34_llmsr_seed3_20260502-102759,True,98,1,98,98,
llmsr,llmsr_s3_g0042,3,,ok,3611.752,/home/anonymous/workplace/scientific-intelligent-modelling/experiments/core50_12alg_5seed_all_20260502-065700/llmsr/seed3/tasks/llmsr_s3_g0042/anon-node-05/llmsr/g0042_feynman_test_15/experiments/g0042_feynman_test_15_llmsr_seed3_20260502-103324,True,55,2,56,56,
llmsr,llmsr_s4_g0001,4,,ok,3610.556,/home/anonymous/workplace/scientific-intelligent-modelling/experiments/core50_12alg_5seed_all_20260502-065700/llmsr/seed4/tasks/llmsr_s4_g0001/anon-node-05/llmsr/g0001_II.34.2_1_0/experiments/g0001_II.34.2_1_0_llmsr_seed4_20260502-104204,True,80,3,82,82,
llmsr,llmsr_s4_g0006,4,,ok,3607.308,/home/anonymous/workplace/scientific-intelligent-modelling/experiments/core50_12alg_5seed_all_20260502-065700/llmsr/seed4/tasks/llmsr_s4_g0006/anon-node-05/llmsr/g0006_Keijzer-2/experiments/g0006_Keijzer-2_llmsr_seed4_20260502-104841,True,92,1,92,92,
llmsr,llmsr_s4_g0012,4,,ok,3609.484,/home/anonymous/workplace/scientific-intelligent-modelling/experiments/core50_12alg_5seed_all_20260502-065700/llmsr/seed4/tasks/llmsr_s4_g0012/anon-node-05/llmsr/g0012_feynman_I_27_6/experiments/g0012_feynman_I_27_6_llmsr_seed4_20260502-105535,True,103,2,104,104,
llmsr,llmsr_s4_g0017,4,,ok,3606.347,/home/anonymous/workplace/scientific-intelligent-modelling/experiments/core50_12alg_5seed_all_20260502-065700/llmsr/seed4/tasks/llmsr_s4_g0017/anon-node-05/llmsr/g0017_strogatz_shearflow1/experiments/g0017_strogatz_shearflow1_llmsr_seed4_20260502-105920,True,92,1,92,92,
llmsr,llmsr_s4_g0034,4,,ok,3606.118,/home/anonymous/workplace/scientific-intelligent-modelling/experiments/core50_12alg_5seed_all_20260502-065700/llmsr/seed4/tasks/llmsr_s4_g0034/anon-node-05/llmsr/g0034_CRK11/experiments/g0034_CRK11_llmsr_seed4_20260502-111453,True,103,1,103,103,
drsr,drsr_s0_g0004,0,,ok,3900.805,/home/anonymous/workplace/scientific-intelligent-modelling/experiments/core50_12alg_5seed_all_20260502-065700/drsr/seed0/tasks/drsr_s0_g0004/anon-node-06/drsr/g0004_Korns-4/experiments/g0004_Korns-4_drsr_seed0_20260502-065943,True,4,1,4,4,
drsr,drsr_s0_g0007,0,,ok,3900.736,/home/anonymous/workplace/scientific-intelligent-modelling/experiments/core50_12alg_5seed_all_20260502-065700/drsr/seed0/tasks/drsr_s0_g0007/anon-node-06/drsr/g0007_Korns-2/experiments/g0007_Korns-2_drsr_seed0_20260502-070218,True,3,1,3,3,
drsr,drsr_s0_g0013,0,,ok,3900.834,/home/anonymous/workplace/scientific-intelligent-modelling/experiments/core50_12alg_5seed_all_20260502-065700/drsr/seed0/tasks/drsr_s0_g0013/anon-node-06/drsr/g0013_feynman-i.43.31/experiments/g0013_feynman-i.43.31_drsr_seed0_20260502-070539,True,7,1,7,7,
drsr,drsr_s0_g0021,0,,ok,3900.973,/home/anonymous/workplace/scientific-intelligent-modelling/experiments/core50_12alg_5seed_all_20260502-065700/drsr/seed0/tasks/drsr_s0_g0021/anon-node-06/drsr/g0021_feynman-i.39.22/experiments/g0021_feynman-i.39.22_drsr_seed0_20260502-070924,True,8,1,8,8,
drsr,drsr_s0_g0028,0,,ok,3900.881,/home/anonymous/workplace/scientific-intelligent-modelling/experiments/core50_12alg_5seed_all_20260502-065700/drsr/seed0/tasks/drsr_s0_g0028/anon-node-06/drsr/g0028_feynman-ii.4.23/experiments/g0028_feynman-ii.4.23_drsr_seed0_20260502-071325,True,7,1,7,7,
drsr,drsr_s0_g0032,0,,ok,3901.01,/home/anonymous/workplace/scientific-intelligent-modelling/experiments/core50_12alg_5seed_all_20260502-065700/drsr/seed0/tasks/drsr_s0_g0032/anon-node-06/drsr/g0032_feynman-i.13.12/experiments/g0032_feynman-i.13.12_drsr_seed0_20260502-072851,True,8,1,8,8,
drsr,drsr_s0_g0036,0,,ok,3900.842,/home/anonymous/workplace/scientific-intelligent-modelling/experiments/core50_12alg_5seed_all_20260502-065700/drsr/seed0/tasks/drsr_s0_g0036/anon-node-06/drsr/g0036_CRK10/experiments/g0036_CRK10_drsr_seed0_20260502-073252,True,6,1,6,6,
drsr,drsr_s0_g0043,0,,ok,3900.926,/home/anonymous/workplace/scientific-intelligent-modelling/experiments/core50_12alg_5seed_all_20260502-065700/drsr/seed0/tasks/drsr_s0_g0043/anon-node-06/drsr/g0043_CRK33/experiments/g0043_CRK33_drsr_seed0_20260502-073829,True,6,1,6,6,
drsr,drsr_s0_g0047,0,,ok,3900.955,/home/anonymous/workplace/scientific-intelligent-modelling/experiments/core50_12alg_5seed_all_20260502-065700/drsr/seed0/tasks/drsr_s0_g0047/anon-node-06/drsr/g0047_BPG5/experiments/g0047_BPG5_drsr_seed0_20260502-074143,True,8,1,8,8,
drsr,drsr_s1_g0004,1,,ok,3900.907,/home/anonymous/workplace/scientific-intelligent-modelling/experiments/core50_12alg_5seed_all_20260502-065700/drsr/seed1/tasks/drsr_s1_g0004/anon-node-06/drsr/g0004_Korns-4/experiments/g0004_Korns-4_drsr_seed1_20260502-074749,True,7,1,7,7,
drsr,drsr_s1_g0008,1,,ok,3900.93,/home/anonymous/workplace/scientific-intelligent-modelling/experiments/core50_12alg_5seed_all_20260502-065700/drsr/seed1/tasks/drsr_s1_g0008/anon-node-06/drsr/g0008_Nguyen-12/experiments/g0008_Nguyen-12_drsr_seed1_20260502-075130,True,7,1,7,7,
drsr,drsr_s1_g0013,1,,ok,3610.245,/home/anonymous/workplace/scientific-intelligent-modelling/experiments/core50_12alg_5seed_all_20260502-065700/drsr/seed1/tasks/drsr_s1_g0013/anon-node-06/drsr/g0013_feynman-i.43.31/experiments/g0013_feynman-i.43.31_drsr_seed1_20260502-075529,True,100,1,100,100,
drsr,drsr_s1_g0017,1,,ok,3901.03,/home/anonymous/workplace/scientific-intelligent-modelling/experiments/core50_12alg_5seed_all_20260502-065700/drsr/seed1/tasks/drsr_s1_g0017/anon-node-06/drsr/g0017_strogatz_shearflow1/experiments/g0017_strogatz_shearflow1_drsr_seed1_20260502-075909,True,7,1,7,7,
drsr,drsr_s1_g0025,1,,ok,3901.034,/home/anonymous/workplace/scientific-intelligent-modelling/experiments/core50_12alg_5seed_all_20260502-065700/drsr/seed1/tasks/drsr_s1_g0025/anon-node-06/drsr/g0025_strogatz_barmag2/experiments/g0025_strogatz_barmag2_drsr_seed1_20260502-080605,True,8,1,8,8,
drsr,drsr_s1_g0036,1,,ok,3900.98,/home/anonymous/workplace/scientific-intelligent-modelling/experiments/core50_12alg_5seed_all_20260502-065700/drsr/seed1/tasks/drsr_s1_g0036/anon-node-06/drsr/g0036_CRK10/experiments/g0036_CRK10_drsr_seed1_20260502-081650,True,8,1,8,8,
drsr,drsr_s1_g0041,1,,ok,3901.031,/home/anonymous/workplace/scientific-intelligent-modelling/experiments/core50_12alg_5seed_all_20260502-065700/drsr/seed1/tasks/drsr_s1_g0041/anon-node-06/drsr/g0041_PO41/experiments/g0041_PO41_drsr_seed1_20260502-082214,True,8,1,8,8,
drsr,drsr_s1_g0044,1,,ok,3901.061,/home/anonymous/workplace/scientific-intelligent-modelling/experiments/core50_12alg_5seed_all_20260502-065700/drsr/seed1/tasks/drsr_s1_g0044/anon-node-06/drsr/g0044_feynman-i.15.3t/experiments/g0044_feynman-i.15.3t_drsr_seed1_20260502-091621,True,5,1,5,5,
drsr,drsr_s1_g0047,1,,ok,3901.063,/home/anonymous/workplace/scientific-intelligent-modelling/experiments/core50_12alg_5seed_all_20260502-065700/drsr/seed1/tasks/drsr_s1_g0047/anon-node-06/drsr/g0047_BPG5/experiments/g0047_BPG5_drsr_seed1_20260502-082836,True,9,1,9,9,
drsr,drsr_s2_g0002,2,,ok,3900.842,/home/anonymous/workplace/scientific-intelligent-modelling/experiments/core50_12alg_5seed_all_20260502-065700/drsr/seed2/tasks/drsr_s2_g0002/anon-node-06/drsr/g0002_first_principles_hubble/experiments/g0002_first_principles_hubble_drsr_seed2_20260502-083441,True,9,1,9,9,
drsr,drsr_s2_g0006,2,,ok,3900.887,/home/anonymous/workplace/scientific-intelligent-modelling/experiments/core50_12alg_5seed_all_20260502-065700/drsr/seed2/tasks/drsr_s2_g0006/anon-node-06/drsr/g0006_Keijzer-2/experiments/g0006_Keijzer-2_drsr_seed2_20260502-084024,True,8,1,8,8,
drsr,drsr_s2_g0011,2,,ok,3901.385,/home/anonymous/workplace/scientific-intelligent-modelling/experiments/core50_12alg_5seed_all_20260502-065700/drsr/seed2/tasks/drsr_s2_g0011/anon-node-06/drsr/g0011_Vladislavleva-4/experiments/g0011_Vladislavleva-4_drsr_seed2_20260502-084416,True,6,1,6,6,
drsr,drsr_s2_g0019,2,,ok,3901.242,/home/anonymous/workplace/scientific-intelligent-modelling/experiments/core50_12alg_5seed_all_20260502-065700/drsr/seed2/tasks/drsr_s2_g0019/anon-node-06/drsr/g0019_feynman-ii.34.2a/experiments/g0019_feynman-ii.34.2a_drsr_seed2_20260502-085116,True,9,1,9,9,
drsr,drsr_s2_g0022,2,,ok,3901.097,/home/anonymous/workplace/scientific-intelligent-modelling/experiments/core50_12alg_5seed_all_20260502-065700/drsr/seed2/tasks/drsr_s2_g0022/anon-node-06/drsr/g0022_feynman-i.11.19/experiments/g0022_feynman-i.11.19_drsr_seed2_20260502-085425,True,5,1,5,5,
drsr,drsr_s2_g0032,2,,ok,3611.143,/home/anonymous/workplace/scientific-intelligent-modelling/experiments/core50_12alg_5seed_all_20260502-065700/drsr/seed2/tasks/drsr_s2_g0032/anon-node-06/drsr/g0032_feynman-i.13.12/experiments/g0032_feynman-i.13.12_drsr_seed2_20260502-092130,True,105,1,105,105,
drsr,drsr_s2_g0037,2,,ok,3900.93,/home/anonymous/workplace/scientific-intelligent-modelling/experiments/core50_12alg_5seed_all_20260502-065700/drsr/seed2/tasks/drsr_s2_g0037/anon-node-06/drsr/g0037_CRK34/experiments/g0037_CRK34_drsr_seed2_20260502-092616,True,8,1,8,8,
drsr,drsr_s2_g0050,2,,ok,3900.929,/home/anonymous/workplace/scientific-intelligent-modelling/experiments/core50_12alg_5seed_all_20260502-065700/drsr/seed2/tasks/drsr_s2_g0050/anon-node-06/drsr/g0050_BPG9/experiments/g0050_BPG9_drsr_seed2_20260502-093825,True,6,1,6,6,
drsr,drsr_s3_g0004,3,,ok,3900.861,/home/anonymous/workplace/scientific-intelligent-modelling/experiments/core50_12alg_5seed_all_20260502-065700/drsr/seed3/tasks/drsr_s3_g0004/anon-node-06/drsr/g0004_Korns-4/experiments/g0004_Korns-4_drsr_seed3_20260502-094404,True,7,1,7,7,
drsr,drsr_s3_g0010,3,,ok,3900.869,/home/anonymous/workplace/scientific-intelligent-modelling/experiments/core50_12alg_5seed_all_20260502-065700/drsr/seed3/tasks/drsr_s3_g0010/anon-node-06/drsr/g0010_Nguyen-9/experiments/g0010_Nguyen-9_drsr_seed3_20260502-095058,True,7,1,7,7,
drsr,drsr_s3_g0015,3,,ok,3902.695,/home/anonymous/workplace/scientific-intelligent-modelling/experiments/core50_12alg_5seed_all_20260502-065700/drsr/seed3/tasks/drsr_s3_g0015/anon-node-06/drsr/g0015_III.21.20_3_0/experiments/g0015_III.21.20_3_0_drsr_seed3_20260502-095433,True,6,1,6,6,
drsr,drsr_s3_g0021,3,,ok,3901.115,/home/anonymous/workplace/scientific-intelligent-modelling/experiments/core50_12alg_5seed_all_20260502-065700/drsr/seed3/tasks/drsr_s3_g0021/anon-node-06/drsr/g0021_feynman-i.39.22/experiments/g0021_feynman-i.39.22_drsr_seed3_20260502-100047,True,5,1,5,5,
drsr,drsr_s3_g0026,3,,ok,3901.002,/home/anonymous/workplace/scientific-intelligent-modelling/experiments/core50_12alg_5seed_all_20260502-065700/drsr/seed3/tasks/drsr_s3_g0026/anon-node-06/drsr/g0026_strogatz_barmag1/experiments/g0026_strogatz_barmag1_drsr_seed3_20260502-100430,True,8,1,8,8,
drsr,drsr_s3_g0031,3,,ok,3902.982,/home/anonymous/workplace/scientific-intelligent-modelling/experiments/core50_12alg_5seed_all_20260502-065700/drsr/seed3/tasks/drsr_s3_g0031/anon-node-06/drsr/g0031_II.11.27_1_0/experiments/g0031_II.11.27_1_0_drsr_seed3_20260502-100757,True,5,1,5,5,
drsr,drsr_s3_g0037,3,,ok,3901.043,/home/anonymous/workplace/scientific-intelligent-modelling/experiments/core50_12alg_5seed_all_20260502-065700/drsr/seed3/tasks/drsr_s3_g0037/anon-node-06/drsr/g0037_CRK34/experiments/g0037_CRK34_drsr_seed3_20260502-101336,True,8,1,8,8,
drsr,drsr_s3_g0043,3,,ok,3901.15,/home/anonymous/workplace/scientific-intelligent-modelling/experiments/core50_12alg_5seed_all_20260502-065700/drsr/seed3/tasks/drsr_s3_g0043/anon-node-06/drsr/g0043_CRK33/experiments/g0043_CRK33_drsr_seed3_20260502-102011,True,8,1,8,8,
drsr,drsr_s4_g0005,4,,ok,3901.058,/home/anonymous/workplace/scientific-intelligent-modelling/experiments/core50_12alg_5seed_all_20260502-065700/drsr/seed4/tasks/drsr_s4_g0005/anon-node-06/drsr/g0005_Keijzer-11/experiments/g0005_Keijzer-11_drsr_seed4_20260502-103227,True,7,1,7,7,
drsr,drsr_s4_g0010,4,,ok,3900.796,/home/anonymous/workplace/scientific-intelligent-modelling/experiments/core50_12alg_5seed_all_20260502-065700/drsr/seed4/tasks/drsr_s4_g0010/anon-node-06/drsr/g0010_Nguyen-9/experiments/g0010_Nguyen-9_drsr_seed4_20260502-103610,True,6,1,6,6,
drsr,drsr_s4_g0015,4,,ok,3902.465,/home/anonymous/workplace/scientific-intelligent-modelling/experiments/core50_12alg_5seed_all_20260502-065700/drsr/seed4/tasks/drsr_s4_g0015/anon-node-06/drsr/g0015_III.21.20_3_0/experiments/g0015_III.21.20_3_0_drsr_seed4_20260502-104138,True,7,1,7,7,
drsr,drsr_s4_g0021,4,,ok,3608.223,/home/anonymous/workplace/scientific-intelligent-modelling/experiments/core50_12alg_5seed_all_20260502-065700/drsr/seed4/tasks/drsr_s4_g0021/anon-node-06/drsr/g0021_feynman-i.39.22/experiments/g0021_feynman-i.39.22_drsr_seed4_20260502-104827,True,85,1,85,85,
drsr,drsr_s4_g0027,4,,ok,3902.387,/home/anonymous/workplace/scientific-intelligent-modelling/experiments/core50_12alg_5seed_all_20260502-065700/drsr/seed4/tasks/drsr_s4_g0027/anon-node-06/drsr/g0027_feynman_I_12_11/experiments/g0027_feynman_I_12_11_drsr_seed4_20260502-105521,True,6,1,6,6,
drsr,drsr_s4_g0032,4,,ok,3901.056,/home/anonymous/workplace/scientific-intelligent-modelling/experiments/core50_12alg_5seed_all_20260502-065700/drsr/seed4/tasks/drsr_s4_g0032/anon-node-06/drsr/g0032_feynman-i.13.12/experiments/g0032_feynman-i.13.12_drsr_seed4_20260502-105906,True,5,1,5,5,
drsr,drsr_s4_g0038,4,,ok,3900.961,/home/anonymous/workplace/scientific-intelligent-modelling/experiments/core50_12alg_5seed_all_20260502-065700/drsr/seed4/tasks/drsr_s4_g0038/anon-node-06/drsr/g0038_PO19/experiments/g0038_PO19_drsr_seed4_20260502-110632,True,8,1,8,8,
drsr,drsr_s4_g0043,4,,ok,3901.092,/home/anonymous/workplace/scientific-intelligent-modelling/experiments/core50_12alg_5seed_all_20260502-065700/drsr/seed4/tasks/drsr_s4_g0043/anon-node-06/drsr/g0043_CRK33/experiments/g0043_CRK33_drsr_seed4_20260502-111036,True,7,1,7,7,
drsr,drsr_s4_g0048,4,,ok,3901.013,/home/anonymous/workplace/scientific-intelligent-modelling/experiments/core50_12alg_5seed_all_20260502-065700/drsr/seed4/tasks/drsr_s4_g0048/anon-node-06/drsr/g0048_MatSci21/experiments/g0048_MatSci21_drsr_seed4_20260502-111420,True,8,1,8,8,
llmsr,llmsr_s0_g0003,0,,ok,3607.685,/home/anonymous/workplace/scientific-intelligent-modelling/experiments/core50_12alg_5seed_all_20260502-065700/llmsr/seed0/tasks/llmsr_s0_g0003/anon-node-06/llmsr/g0003_feynman-ii.27.18/experiments/g0003_feynman-ii.27.18_llmsr_seed0_20260502-070921,True,86,1,86,86,
llmsr,llmsr_s0_g0013,0,,ok,3608.404,/home/anonymous/workplace/scientific-intelligent-modelling/experiments/core50_12alg_5seed_all_20260502-065700/llmsr/seed0/tasks/llmsr_s0_g0013/anon-node-06/llmsr/g0013_feynman-i.43.31/experiments/g0013_feynman-i.43.31_llmsr_seed0_20260502-071322,True,104,1,104,104,
llmsr,llmsr_s0_g0018,0,,ok,3609.864,/home/anonymous/workplace/scientific-intelligent-modelling/experiments/core50_12alg_5seed_all_20260502-065700/llmsr/seed0/tasks/llmsr_s0_g0018/anon-node-06/llmsr/g0018_feynman-i.18.16/experiments/g0018_feynman-i.18.16_llmsr_seed0_20260502-072848,True,101,1,101,101,
llmsr,llmsr_s0_g0029,0,,ok,3607.619,/home/anonymous/workplace/scientific-intelligent-modelling/experiments/core50_12alg_5seed_all_20260502-065700/llmsr/seed0/tasks/llmsr_s0_g0029/anon-node-06/llmsr/g0029_strogatz_vdp1/experiments/g0029_strogatz_vdp1_llmsr_seed0_20260502-073826,True,83,1,83,83,
llmsr,llmsr_s0_g0033,0,,ok,3610.227,/home/anonymous/workplace/scientific-intelligent-modelling/experiments/core50_12alg_5seed_all_20260502-065700/llmsr/seed0/tasks/llmsr_s0_g0033/anon-node-06/llmsr/g0033_feynman-iii.10.19/experiments/g0033_feynman-iii.10.19_llmsr_seed0_20260502-074141,True,91,1,91,91,
llmsr,llmsr_s0_g0040,0,,ok,3608.193,/home/anonymous/workplace/scientific-intelligent-modelling/experiments/core50_12alg_5seed_all_20260502-065700/llmsr/seed0/tasks/llmsr_s0_g0040/anon-node-06/llmsr/g0040_feynman-i.29.16/experiments/g0040_feynman-i.29.16_llmsr_seed0_20260502-074746,True,84,1,84,84,
llmsr,llmsr_s0_g0044,0,,ok,3609.246,/home/anonymous/workplace/scientific-intelligent-modelling/experiments/core50_12alg_5seed_all_20260502-065700/llmsr/seed0/tasks/llmsr_s0_g0044/anon-node-06/llmsr/g0044_feynman-i.15.3t/experiments/g0044_feynman-i.15.3t_llmsr_seed0_20260502-075127,True,80,1,80,80,
llmsr,llmsr_s0_g0049,0,,ok,3608.587,/home/anonymous/workplace/scientific-intelligent-modelling/experiments/core50_12alg_5seed_all_20260502-065700/llmsr/seed0/tasks/llmsr_s0_g0049/anon-node-06/llmsr/g0049_BPG3/experiments/g0049_BPG3_llmsr_seed0_20260502-075526,True,74,2,75,75,
llmsr,llmsr_s1_g0003,1,,ok,3608.781,/home/anonymous/workplace/scientific-intelligent-modelling/experiments/core50_12alg_5seed_all_20260502-065700/llmsr/seed1/tasks/llmsr_s1_g0003/anon-node-06/llmsr/g0003_feynman-ii.27.18/experiments/g0003_feynman-ii.27.18_llmsr_seed1_20260502-075906,True,94,1,94,94,
llmsr,llmsr_s1_g0011,1,,ok,3607.499,/home/anonymous/workplace/scientific-intelligent-modelling/experiments/core50_12alg_5seed_all_20260502-065700/llmsr/seed1/tasks/llmsr_s1_g0011/anon-node-06/llmsr/g0011_Vladislavleva-4/experiments/g0011_Vladislavleva-4_llmsr_seed1_20260502-080602,True,79,1,79,79,
llmsr,llmsr_s1_g0017,1,,ok,3606.606,/home/anonymous/workplace/scientific-intelligent-modelling/experiments/core50_12alg_5seed_all_20260502-065700/llmsr/seed1/tasks/llmsr_s1_g0017/anon-node-06/llmsr/g0017_strogatz_shearflow1/experiments/g0017_strogatz_shearflow1_llmsr_seed1_20260502-081138,True,88,1,88,88,
llmsr,llmsr_s1_g0030,1,,ok,3607.779,/home/anonymous/workplace/scientific-intelligent-modelling/experiments/core50_12alg_5seed_all_20260502-065700/llmsr/seed1/tasks/llmsr_s1_g0030/anon-node-06/llmsr/g0030_feynman-iii.7.38/experiments/g0030_feynman-iii.7.38_llmsr_seed1_20260502-091619,False,0,,,,
llmsr,llmsr_s1_g0033,1,,ok,3607.931,/home/anonymous/workplace/scientific-intelligent-modelling/experiments/core50_12alg_5seed_all_20260502-065700/llmsr/seed1/tasks/llmsr_s1_g0033/anon-node-06/llmsr/g0033_feynman-iii.10.19/experiments/g0033_feynman-iii.10.19_llmsr_seed1_20260502-082833,True,103,1,103,103,
llmsr,llmsr_s1_g0038,1,,ok,3607.63,/home/anonymous/workplace/scientific-intelligent-modelling/experiments/core50_12alg_5seed_all_20260502-065700/llmsr/seed1/tasks/llmsr_s1_g0038/anon-node-06/llmsr/g0038_PO19/experiments/g0038_PO19_llmsr_seed1_20260502-083438,True,84,9,92,92,
llmsr,llmsr_s2_g0005,2,,ok,3611.751,/home/anonymous/workplace/scientific-intelligent-modelling/experiments/core50_12alg_5seed_all_20260502-065700/llmsr/seed2/tasks/llmsr_s2_g0005/anon-node-06/llmsr/g0005_Keijzer-11/experiments/g0005_Keijzer-11_llmsr_seed2_20260502-085113,True,96,1,96,96,
llmsr,llmsr_s2_g0008,2,,ok,3607.911,/home/anonymous/workplace/scientific-intelligent-modelling/experiments/core50_12alg_5seed_all_20260502-065700/llmsr/seed2/tasks/llmsr_s2_g0008/anon-node-06/llmsr/g0008_Nguyen-12/experiments/g0008_Nguyen-12_llmsr_seed2_20260502-085423,True,101,1,101,101,
llmsr,llmsr_s2_g0016,2,,ok,3610.068,/home/anonymous/workplace/scientific-intelligent-modelling/experiments/core50_12alg_5seed_all_20260502-065700/llmsr/seed2/tasks/llmsr_s2_g0016/anon-node-06/llmsr/g0016_feynman_II_15_4/experiments/g0016_feynman_II_15_4_llmsr_seed2_20260502-092127,True,98,1,98,98,
llmsr,llmsr_s2_g0021,2,,ok,3607.94,/home/anonymous/workplace/scientific-intelligent-modelling/experiments/core50_12alg_5seed_all_20260502-065700/llmsr/seed2/tasks/llmsr_s2_g0021/anon-node-06/llmsr/g0021_feynman-i.39.22/experiments/g0021_feynman-i.39.22_llmsr_seed2_20260502-092613,True,129,8,136,136,
llmsr,llmsr_s2_g0028,2,,ok,3608.449,/home/anonymous/workplace/scientific-intelligent-modelling/experiments/core50_12alg_5seed_all_20260502-065700/llmsr/seed2/tasks/llmsr_s2_g0028/anon-node-06/llmsr/g0028_feynman-ii.4.23/experiments/g0028_feynman-ii.4.23_llmsr_seed2_20260502-093208,True,107,1,107,107,
llmsr,llmsr_s2_g0034,2,,ok,3607.787,/home/anonymous/workplace/scientific-intelligent-modelling/experiments/core50_12alg_5seed_all_20260502-065700/llmsr/seed2/tasks/llmsr_s2_g0034/anon-node-06/llmsr/g0034_CRK11/experiments/g0034_CRK11_llmsr_seed2_20260502-093822,True,97,1,97,97,
llmsr,llmsr_s2_g0044,2,,ok,3609.598,/home/anonymous/workplace/scientific-intelligent-modelling/experiments/core50_12alg_5seed_all_20260502-065700/llmsr/seed2/tasks/llmsr_s2_g0044/anon-node-06/llmsr/g0044_feynman-i.15.3t/experiments/g0044_feynman-i.15.3t_llmsr_seed2_20260502-095055,True,89,1,89,89,
llmsr,llmsr_s2_g0049,2,,ok,3607.927,/home/anonymous/workplace/scientific-intelligent-modelling/experiments/core50_12alg_5seed_all_20260502-065700/llmsr/seed2/tasks/llmsr_s2_g0049/anon-node-06/llmsr/g0049_BPG3/experiments/g0049_BPG3_llmsr_seed2_20260502-095430,True,72,9,80,80,
llmsr,llmsr_s3_g0005,3,,ok,3612.554,/home/anonymous/workplace/scientific-intelligent-modelling/experiments/core50_12alg_5seed_all_20260502-065700/llmsr/seed3/tasks/llmsr_s3_g0005/anon-node-06/llmsr/g0005_Keijzer-11/experiments/g0005_Keijzer-11_llmsr_seed3_20260502-100044,True,83,1,83,83,
llmsr,llmsr_s3_g0010,3,,ok,3608.016,/home/anonymous/workplace/scientific-intelligent-modelling/experiments/core50_12alg_5seed_all_20260502-065700/llmsr/seed3/tasks/llmsr_s3_g0010/anon-node-06/llmsr/g0010_Nguyen-9/experiments/g0010_Nguyen-9_llmsr_seed3_20260502-100427,True,90,1,90,90,
llmsr,llmsr_s3_g0015,3,,ok,3612.726,/home/anonymous/workplace/scientific-intelligent-modelling/experiments/core50_12alg_5seed_all_20260502-065700/llmsr/seed3/tasks/llmsr_s3_g0015/anon-node-06/llmsr/g0015_III.21.20_3_0/experiments/g0015_III.21.20_3_0_llmsr_seed3_20260502-100754,True,72,1,72,72,
llmsr,llmsr_s3_g0021,3,,ok,3608.621,/home/anonymous/workplace/scientific-intelligent-modelling/experiments/core50_12alg_5seed_all_20260502-065700/llmsr/seed3/tasks/llmsr_s3_g0021/anon-node-06/llmsr/g0021_feynman-i.39.22/experiments/g0021_feynman-i.39.22_llmsr_seed3_20260502-101333,True,126,6,131,131,
llmsr,llmsr_s3_g0027,3,,ok,3612.588,/home/anonymous/workplace/scientific-intelligent-modelling/experiments/core50_12alg_5seed_all_20260502-065700/llmsr/seed3/tasks/llmsr_s3_g0027/anon-node-06/llmsr/g0027_feynman_I_12_11/experiments/g0027_feynman_I_12_11_llmsr_seed3_20260502-102008,True,95,1,95,95,
llmsr,llmsr_s3_g0033,3,,ok,3608.776,/home/anonymous/workplace/scientific-intelligent-modelling/experiments/core50_12alg_5seed_all_20260502-065700/llmsr/seed3/tasks/llmsr_s3_g0033/anon-node-06/llmsr/g0033_feynman-iii.10.19/experiments/g0033_feynman-iii.10.19_llmsr_seed3_20260502-102651,True,105,1,105,105,
llmsr,llmsr_s3_g0039,3,,ok,3608.15,/home/anonymous/workplace/scientific-intelligent-modelling/experiments/core50_12alg_5seed_all_20260502-065700/llmsr/seed3/tasks/llmsr_s3_g0039/anon-node-06/llmsr/g0039_CRK0/experiments/g0039_CRK0_llmsr_seed3_20260502-103224,True,96,2,97,97,
llmsr,llmsr_s3_g0044,3,,ok,3608.141,/home/anonymous/workplace/scientific-intelligent-modelling/experiments/core50_12alg_5seed_all_20260502-065700/llmsr/seed3/tasks/llmsr_s3_g0044/anon-node-06/llmsr/g0044_feynman-i.15.3t/experiments/g0044_feynman-i.15.3t_llmsr_seed3_20260502-103608,True,81,1,81,81,
llmsr,llmsr_s3_g0049,3,,ok,3607.01,/home/anonymous/workplace/scientific-intelligent-modelling/experiments/core50_12alg_5seed_all_20260502-065700/llmsr/seed3/tasks/llmsr_s3_g0049/anon-node-06/llmsr/g0049_BPG3/experiments/g0049_BPG3_llmsr_seed3_20260502-104135,True,65,21,85,85,
llmsr,llmsr_s4_g0005,4,,ok,3609.699,/home/anonymous/workplace/scientific-intelligent-modelling/experiments/core50_12alg_5seed_all_20260502-065700/llmsr/seed4/tasks/llmsr_s4_g0005/anon-node-06/llmsr/g0005_Keijzer-11/experiments/g0005_Keijzer-11_llmsr_seed4_20260502-104824,True,87,1,87,87,
llmsr,llmsr_s4_g0011,4,,ok,3606.318,/home/anonymous/workplace/scientific-intelligent-modelling/experiments/core50_12alg_5seed_all_20260502-065700/llmsr/seed4/tasks/llmsr_s4_g0011/anon-node-06/llmsr/g0011_Vladislavleva-4/experiments/g0011_Vladislavleva-4_llmsr_seed4_20260502-105518,True,85,1,85,85,
llmsr,llmsr_s4_g0016,4,,ok,3608.219,/home/anonymous/workplace/scientific-intelligent-modelling/experiments/core50_12alg_5seed_all_20260502-065700/llmsr/seed4/tasks/llmsr_s4_g0016/anon-node-06/llmsr/g0016_feynman_II_15_4/experiments/g0016_feynman_II_15_4_llmsr_seed4_20260502-105903,True,106,1,106,106,
llmsr,llmsr_s4_g0022,4,,ok,3606.705,/home/anonymous/workplace/scientific-intelligent-modelling/experiments/core50_12alg_5seed_all_20260502-065700/llmsr/seed4/tasks/llmsr_s4_g0022/anon-node-06/llmsr/g0022_feynman-i.11.19/experiments/g0022_feynman-i.11.19_llmsr_seed4_20260502-110629,True,82,1,82,82,
llmsr,llmsr_s4_g0027,4,,ok,3609.006,/home/anonymous/workplace/scientific-intelligent-modelling/experiments/core50_12alg_5seed_all_20260502-065700/llmsr/seed4/tasks/llmsr_s4_g0027/anon-node-06/llmsr/g0027_feynman_I_12_11/experiments/g0027_feynman_I_12_11_llmsr_seed4_20260502-111033,True,94,2,95,95,
llmsr,llmsr_s4_g0032,4,,ok,3606.27,/home/anonymous/workplace/scientific-intelligent-modelling/experiments/core50_12alg_5seed_all_20260502-065700/llmsr/seed4/tasks/llmsr_s4_g0032/anon-node-06/llmsr/g0032_feynman-i.13.12/experiments/g0032_feynman-i.13.12_llmsr_seed4_20260502-111417,True,98,1,98,98,
llmsr,llmsr_s4_g0048,4,,ok,3606.267,/home/anonymous/workplace/scientific-intelligent-modelling/experiments/core50_12alg_5seed_all_20260502-065700/llmsr/seed4/tasks/llmsr_s4_g0048/anon-node-06/llmsr/g0048_MatSci21/experiments/g0048_MatSci21_llmsr_seed4_20260502-112006,True,114,1,114,114,
llmsr,llmsr_s4_g0049,4,,ok,3606.097,/home/anonymous/workplace/scientific-intelligent-modelling/experiments/core50_12alg_5seed_all_20260502-065700/llmsr/seed4/tasks/llmsr_s4_g0049/anon-node-06/llmsr/g0049_BPG3/experiments/g0049_BPG3_llmsr_seed4_20260502-112010,True,79,11,89,89,
llmsr,llmsr_s4_g0050,4,,ok,3605.987,/home/anonymous/workplace/scientific-intelligent-modelling/experiments/core50_12alg_5seed_all_20260502-065700/llmsr/seed4/tasks/llmsr_s4_g0050/anon-node-06/llmsr/g0050_BPG9/experiments/g0050_BPG9_llmsr_seed4_20260502-112015,True,79,11,89,89,
drsr,drsr_s0_g0015,0,,ok,3902.4,/home/anonymous/workplace/scientific-intelligent-modelling/experiments/core50_12alg_5seed_all_20260502-065700/drsr/seed0/tasks/drsr_s0_g0015/anon-node-07/drsr/g0015_III.21.20_3_0/experiments/g0015_III.21.20_3_0_drsr_seed0_20260502-070608,True,4,1,4,4,
drsr,drsr_s0_g0022,0,,ok,3901.102,/home/anonymous/workplace/scientific-intelligent-modelling/experiments/core50_12alg_5seed_all_20260502-065700/drsr/seed0/tasks/drsr_s0_g0022/anon-node-07/drsr/g0022_feynman-i.11.19/experiments/g0022_feynman-i.11.19_drsr_seed0_20260502-070938,True,4,1,4,4,
drsr,drsr_s0_g0027,0,,ok,3902.514,/home/anonymous/workplace/scientific-intelligent-modelling/experiments/core50_12alg_5seed_all_20260502-065700/drsr/seed0/tasks/drsr_s0_g0027/anon-node-07/drsr/g0027_feynman_I_12_11/experiments/g0027_feynman_I_12_11_drsr_seed0_20260502-071310,True,6,1,6,6,
drsr,drsr_s1_g0007,1,,ok,3901.127,/home/anonymous/workplace/scientific-intelligent-modelling/experiments/core50_12alg_5seed_all_20260502-065700/drsr/seed1/tasks/drsr_s1_g0007/anon-node-07/drsr/g0007_Korns-2/experiments/g0007_Korns-2_drsr_seed1_20260502-075115,True,7,1,7,7,
drsr,drsr_s1_g0012,1,,ok,3902.772,/home/anonymous/workplace/scientific-intelligent-modelling/experiments/core50_12alg_5seed_all_20260502-065700/drsr/seed1/tasks/drsr_s1_g0012/anon-node-07/drsr/g0012_feynman_I_27_6/experiments/g0012_feynman_I_27_6_drsr_seed1_20260502-075515,True,5,1,5,5,
drsr,drsr_s1_g0016,1,,ok,3902.3,/home/anonymous/workplace/scientific-intelligent-modelling/experiments/core50_12alg_5seed_all_20260502-065700/drsr/seed1/tasks/drsr_s1_g0016/anon-node-07/drsr/g0016_feynman_II_15_4/experiments/g0016_feynman_II_15_4_drsr_seed1_20260502-075855,True,3,1,3,3,
drsr,drsr_s1_g0023,1,,ok,3615.715,/home/anonymous/workplace/scientific-intelligent-modelling/experiments/core50_12alg_5seed_all_20260502-065700/drsr/seed1/tasks/drsr_s1_g0023/anon-node-07/drsr/g0023_I.11.19_4_0/experiments/g0023_I.11.19_4_0_drsr_seed1_20260502-080527,True,71,1,71,71,
drsr,drsr_s1_g0028,1,,ok,3901.181,/home/anonymous/workplace/scientific-intelligent-modelling/experiments/core50_12alg_5seed_all_20260502-065700/drsr/seed1/tasks/drsr_s1_g0028/anon-node-07/drsr/g0028_feynman-ii.4.23/experiments/g0028_feynman-ii.4.23_drsr_seed1_20260502-081039,True,9,1,9,9,
drsr,drsr_s1_g0035,1,,ok,3901.33,/home/anonymous/workplace/scientific-intelligent-modelling/experiments/core50_12alg_5seed_all_20260502-065700/drsr/seed1/tasks/drsr_s1_g0035/anon-node-07/drsr/g0035_feynman-i.32.5/experiments/g0035_feynman-i.32.5_drsr_seed1_20260502-081630,True,10,1,10,10,
drsr,drsr_s1_g0045,1,,ok,3901.568,/home/anonymous/workplace/scientific-intelligent-modelling/experiments/core50_12alg_5seed_all_20260502-065700/drsr/seed1/tasks/drsr_s1_g0045/anon-node-07/drsr/g0045_feynman-bonus.20/experiments/g0045_feynman-bonus.20_drsr_seed1_20260502-082756,True,7,1,7,7,
drsr,drsr_s1_g0050,1,,ok,3901.157,/home/anonymous/workplace/scientific-intelligent-modelling/experiments/core50_12alg_5seed_all_20260502-065700/drsr/seed1/tasks/drsr_s1_g0050/anon-node-07/drsr/g0050_BPG9/experiments/g0050_BPG9_drsr_seed1_20260502-083358,True,7,1,7,7,
drsr,drsr_s2_g0021,2,,ok,3901.166,/home/anonymous/workplace/scientific-intelligent-modelling/experiments/core50_12alg_5seed_all_20260502-065700/drsr/seed2/tasks/drsr_s2_g0021/anon-node-07/drsr/g0021_feynman-i.39.22/experiments/g0021_feynman-i.39.22_drsr_seed2_20260502-085413,True,9,1,9,9,
drsr,drsr_s2_g0034,2,,ok,3900.93,/home/anonymous/workplace/scientific-intelligent-modelling/experiments/core50_12alg_5seed_all_20260502-065700/drsr/seed2/tasks/drsr_s2_g0034/anon-node-07/drsr/g0034_CRK11/experiments/g0034_CRK11_drsr_seed2_20260502-092200,True,7,1,7,7,
drsr,drsr_s2_g0040,2,,ok,3900.981,/home/anonymous/workplace/scientific-intelligent-modelling/experiments/core50_12alg_5seed_all_20260502-065700/drsr/seed2/tasks/drsr_s2_g0040/anon-node-07/drsr/g0040_feynman-i.29.16/experiments/g0040_feynman-i.29.16_drsr_seed2_20260502-092702,True,7,1,7,7,
drsr,drsr_s2_g0044,2,,ok,3901.08,/home/anonymous/workplace/scientific-intelligent-modelling/experiments/core50_12alg_5seed_all_20260502-065700/drsr/seed2/tasks/drsr_s2_g0044/anon-node-07/drsr/g0044_feynman-i.15.3t/experiments/g0044_feynman-i.15.3t_drsr_seed2_20260502-093211,True,4,1,4,4,
drsr,drsr_s2_g0049,2,,ok,3901.054,/home/anonymous/workplace/scientific-intelligent-modelling/experiments/core50_12alg_5seed_all_20260502-065700/drsr/seed2/tasks/drsr_s2_g0049/anon-node-07/drsr/g0049_BPG3/experiments/g0049_BPG3_drsr_seed2_20260502-093812,True,8,1,8,8,
drsr,drsr_s3_g0007,3,,ok,3901.11,/home/anonymous/workplace/scientific-intelligent-modelling/experiments/core50_12alg_5seed_all_20260502-065700/drsr/seed3/tasks/drsr_s3_g0007/anon-node-07/drsr/g0007_Korns-2/experiments/g0007_Korns-2_drsr_seed3_20260502-094451,True,5,1,5,5,
drsr,drsr_s3_g0012,3,,ok,3902.889,/home/anonymous/workplace/scientific-intelligent-modelling/experiments/core50_12alg_5seed_all_20260502-065700/drsr/seed3/tasks/drsr_s3_g0012/anon-node-07/drsr/g0012_feynman_I_27_6/experiments/g0012_feynman_I_27_6_drsr_seed3_20260502-095131,True,8,1,8,8,
drsr,drsr_s3_g0017,3,,ok,3901.155,/home/anonymous/workplace/scientific-intelligent-modelling/experiments/core50_12alg_5seed_all_20260502-065700/drsr/seed3/tasks/drsr_s3_g0017/anon-node-07/drsr/g0017_strogatz_shearflow1/experiments/g0017_strogatz_shearflow1_drsr_seed3_20260502-095508,True,8,1,8,8,
drsr,drsr_s3_g0028,3,,ok,3901.491,/home/anonymous/workplace/scientific-intelligent-modelling/experiments/core50_12alg_5seed_all_20260502-065700/drsr/seed3/tasks/drsr_s3_g0028/anon-node-07/drsr/g0028_feynman-ii.4.23/experiments/g0028_feynman-ii.4.23_drsr_seed3_20260502-100455,True,10,1,10,10,
drsr,drsr_s3_g0034,3,,ok,3901.295,/home/anonymous/workplace/scientific-intelligent-modelling/experiments/core50_12alg_5seed_all_20260502-065700/drsr/seed3/tasks/drsr_s3_g0034/anon-node-07/drsr/g0034_CRK11/experiments/g0034_CRK11_drsr_seed3_20260502-101029,True,8,1,8,8,
drsr,drsr_s3_g0040,3,,ok,3901.544,/home/anonymous/workplace/scientific-intelligent-modelling/experiments/core50_12alg_5seed_all_20260502-065700/drsr/seed3/tasks/drsr_s3_g0040/anon-node-07/drsr/g0040_feynman-i.29.16/experiments/g0040_feynman-i.29.16_drsr_seed3_20260502-101646,True,6,1,6,6,
drsr,drsr_s3_g0044,3,,ok,3610.927,/home/anonymous/workplace/scientific-intelligent-modelling/experiments/core50_12alg_5seed_all_20260502-065700/drsr/seed3/tasks/drsr_s3_g0044/anon-node-07/drsr/g0044_feynman-i.15.3t/experiments/g0044_feynman-i.15.3t_drsr_seed3_20260502-102022,True,73,1,73,73,
drsr,drsr_s4_g0001,4,,ok,3903.049,/home/anonymous/workplace/scientific-intelligent-modelling/experiments/core50_12alg_5seed_all_20260502-065700/drsr/seed4/tasks/drsr_s4_g0001/anon-node-07/drsr/g0001_II.34.2_1_0/experiments/g0001_II.34.2_1_0_drsr_seed4_20260502-102729,True,7,1,7,7,
drsr,drsr_s4_g0014,4,,ok,3901.407,/home/anonymous/workplace/scientific-intelligent-modelling/experiments/core50_12alg_5seed_all_20260502-065700/drsr/seed4/tasks/drsr_s4_g0014/anon-node-07/drsr/g0014_feynman-ii.34.11/experiments/g0014_feynman-ii.34.11_drsr_seed4_20260502-103848,True,7,1,7,7,
drsr,drsr_s4_g0020,4,,ok,3900.974,/home/anonymous/workplace/scientific-intelligent-modelling/experiments/core50_12alg_5seed_all_20260502-065700/drsr/seed4/tasks/drsr_s4_g0020/anon-node-07/drsr/g0020_first_principles_leavitt/experiments/g0020_first_principles_leavitt_drsr_seed4_20260502-104544,True,9,1,9,9,
drsr,drsr_s4_g0026,4,,ok,3901.356,/home/anonymous/workplace/scientific-intelligent-modelling/experiments/core50_12alg_5seed_all_20260502-065700/drsr/seed4/tasks/drsr_s4_g0026/anon-node-07/drsr/g0026_strogatz_barmag1/experiments/g0026_strogatz_barmag1_drsr_seed4_20260502-105230,True,7,1,7,7,
drsr,drsr_s4_g0030,4,,ok,3900.911,/home/anonymous/workplace/scientific-intelligent-modelling/experiments/core50_12alg_5seed_all_20260502-065700/drsr/seed4/tasks/drsr_s4_g0030/anon-node-07/drsr/g0030_feynman-iii.7.38/experiments/g0030_feynman-iii.7.38_drsr_seed4_20260502-105619,True,8,1,8,8,
drsr,drsr_s4_g0040,4,,ok,3901.262,/home/anonymous/workplace/scientific-intelligent-modelling/experiments/core50_12alg_5seed_all_20260502-065700/drsr/seed4/tasks/drsr_s4_g0040/anon-node-07/drsr/g0040_feynman-i.29.16/experiments/g0040_feynman-i.29.16_drsr_seed4_20260502-110711,True,7,1,7,7,
drsr,drsr_s4_g0047,4,,ok,3901.255,/home/anonymous/workplace/scientific-intelligent-modelling/experiments/core50_12alg_5seed_all_20260502-065700/drsr/seed4/tasks/drsr_s4_g0047/anon-node-07/drsr/g0047_BPG5/experiments/g0047_BPG5_drsr_seed4_20260502-111143,True,7,1,7,7,
llmsr,llmsr_s0_g0007,0,,ok,3609.031,/home/anonymous/workplace/scientific-intelligent-modelling/experiments/core50_12alg_5seed_all_20260502-065700/llmsr/seed0/tasks/llmsr_s0_g0007/anon-node-07/llmsr/g0007_Korns-2/experiments/g0007_Korns-2_llmsr_seed0_20260502-070935,True,67,1,67,67,
llmsr,llmsr_s0_g0012,0,,ok,3614.444,/home/anonymous/workplace/scientific-intelligent-modelling/experiments/core50_12alg_5seed_all_20260502-065700/llmsr/seed0/tasks/llmsr_s0_g0012/anon-node-07/llmsr/g0012_feynman_I_27_6/experiments/g0012_feynman_I_27_6_llmsr_seed0_20260502-071308,True,76,5,80,80,
llmsr,llmsr_s0_g0016,0,,ok,3608.493,/home/anonymous/workplace/scientific-intelligent-modelling/experiments/core50_12alg_5seed_all_20260502-065700/llmsr/seed0/tasks/llmsr_s0_g0016/anon-node-07/llmsr/g0016_feynman_II_15_4/experiments/g0016_feynman_II_15_4_llmsr_seed0_20260502-072812,True,95,1,95,95,
llmsr,llmsr_s0_g0022,0,,ok,3610.427,/home/anonymous/workplace/scientific-intelligent-modelling/experiments/core50_12alg_5seed_all_20260502-065700/llmsr/seed0/tasks/llmsr_s0_g0022/anon-node-07/llmsr/g0022_feynman-i.11.19/experiments/g0022_feynman-i.11.19_llmsr_seed0_20260502-073251,True,68,1,68,68,
llmsr,llmsr_s0_g0027,0,,ok,3613.794,/home/anonymous/workplace/scientific-intelligent-modelling/experiments/core50_12alg_5seed_all_20260502-065700/llmsr/seed0/tasks/llmsr_s0_g0027/anon-node-07/llmsr/g0027_feynman_I_12_11/experiments/g0027_feynman_I_12_11_llmsr_seed0_20260502-073746,True,87,1,87,87,
llmsr,llmsr_s0_g0032,0,,ok,3609.912,/home/anonymous/workplace/scientific-intelligent-modelling/experiments/core50_12alg_5seed_all_20260502-065700/llmsr/seed0/tasks/llmsr_s0_g0032/anon-node-07/llmsr/g0032_feynman-i.13.12/experiments/g0032_feynman-i.13.12_llmsr_seed0_20260502-074123,True,81,1,81,81,
llmsr,llmsr_s0_g0037,0,,ok,3609.908,/home/anonymous/workplace/scientific-intelligent-modelling/experiments/core50_12alg_5seed_all_20260502-065700/llmsr/seed0/tasks/llmsr_s0_g0037/anon-node-07/llmsr/g0037_CRK34/experiments/g0037_CRK34_llmsr_seed0_20260502-074444,True,86,1,86,86,
llmsr,llmsr_s0_g0043,0,,ok,3607.225,/home/anonymous/workplace/scientific-intelligent-modelling/experiments/core50_12alg_5seed_all_20260502-065700/llmsr/seed0/tasks/llmsr_s0_g0043/anon-node-07/llmsr/g0043_CRK33/experiments/g0043_CRK33_llmsr_seed0_20260502-075113,True,90,1,90,90,
llmsr,llmsr_s0_g0048,0,,ok,3611.065,/home/anonymous/workplace/scientific-intelligent-modelling/experiments/core50_12alg_5seed_all_20260502-065700/llmsr/seed0/tasks/llmsr_s0_g0048/anon-node-07/llmsr/g0048_MatSci21/experiments/g0048_MatSci21_llmsr_seed0_20260502-075513,True,97,1,97,97,
llmsr,llmsr_s1_g0009,1,,ok,3608.627,/home/anonymous/workplace/scientific-intelligent-modelling/experiments/core50_12alg_5seed_all_20260502-065700/llmsr/seed1/tasks/llmsr_s1_g0009/anon-node-07/llmsr/g0009_Nguyen-6/experiments/g0009_Nguyen-6_llmsr_seed1_20260502-080524,True,82,1,82,82,
llmsr,llmsr_s1_g0014,1,,ok,3608.639,/home/anonymous/workplace/scientific-intelligent-modelling/experiments/core50_12alg_5seed_all_20260502-065700/llmsr/seed1/tasks/llmsr_s1_g0014/anon-node-07/llmsr/g0014_feynman-ii.34.11/experiments/g0014_feynman-ii.34.11_llmsr_seed1_20260502-081037,True,74,2,75,75,
llmsr,llmsr_s1_g0021,1,,ok,3607.464,/home/anonymous/workplace/scientific-intelligent-modelling/experiments/core50_12alg_5seed_all_20260502-065700/llmsr/seed1/tasks/llmsr_s1_g0021/anon-node-07/llmsr/g0021_feynman-i.39.22/experiments/g0021_feynman-i.39.22_llmsr_seed1_20260502-081628,True,113,5,117,117,
llmsr,llmsr_s1_g0027,1,,ok,3611.349,/home/anonymous/workplace/scientific-intelligent-modelling/experiments/core50_12alg_5seed_all_20260502-065700/llmsr/seed1/tasks/llmsr_s1_g0027/anon-node-07/llmsr/g0027_feynman_I_12_11/experiments/g0027_feynman_I_12_11_llmsr_seed1_20260502-082211,True,94,1,94,94,
llmsr,llmsr_s1_g0031,1,,ok,3611.597,/home/anonymous/workplace/scientific-intelligent-modelling/experiments/core50_12alg_5seed_all_20260502-065700/llmsr/seed1/tasks/llmsr_s1_g0031/anon-node-07/llmsr/g0031_II.11.27_1_0/experiments/g0031_II.11.27_1_0_llmsr_seed1_20260502-082754,True,87,5,91,91,
llmsr,llmsr_s1_g0036,1,,ok,3609.138,/home/anonymous/workplace/scientific-intelligent-modelling/experiments/core50_12alg_5seed_all_20260502-065700/llmsr/seed1/tasks/llmsr_s1_g0036/anon-node-07/llmsr/g0036_CRK10/experiments/g0036_CRK10_llmsr_seed1_20260502-083356,True,101,1,101,101,
llmsr,llmsr_s1_g0042,1,,ok,3613.44,/home/anonymous/workplace/scientific-intelligent-modelling/experiments/core50_12alg_5seed_all_20260502-065700/llmsr/seed1/tasks/llmsr_s1_g0042/anon-node-07/llmsr/g0042_feynman_test_15/experiments/g0042_feynman_test_15_llmsr_seed1_20260502-084021,True,62,2,63,63,
llmsr,llmsr_s1_g0047,1,,ok,3602.134,/home/anonymous/workplace/scientific-intelligent-modelling/experiments/core50_12alg_5seed_all_20260502-065700/llmsr/seed1/tasks/llmsr_s1_g0047/anon-node-07/llmsr/g0047_BPG5/experiments/g0047_BPG5_llmsr_seed1_20260502-084414,True,79,12,90,90,
llmsr,llmsr_s2_g0002,2,,ok,3610.0,/home/anonymous/workplace/scientific-intelligent-modelling/experiments/core50_12alg_5seed_all_20260502-065700/llmsr/seed2/tasks/llmsr_s2_g0002/anon-node-07/llmsr/g0002_first_principles_hubble/experiments/g0002_first_principles_hubble_llmsr_seed2_20260502-084745,True,81,8,88,88,
llmsr,llmsr_s2_g0013,2,,ok,3608.416,/home/anonymous/workplace/scientific-intelligent-modelling/experiments/core50_12alg_5seed_all_20260502-065700/llmsr/seed2/tasks/llmsr_s2_g0013/anon-node-07/llmsr/g0013_feynman-i.43.31/experiments/g0013_feynman-i.43.31_llmsr_seed2_20260502-091700,True,127,2,128,128,
llmsr,llmsr_s2_g0024,2,,ok,3608.537,/home/anonymous/workplace/scientific-intelligent-modelling/experiments/core50_12alg_5seed_all_20260502-065700/llmsr/seed2/tasks/llmsr_s2_g0024/anon-node-07/llmsr/g0024_strogatz_predprey2/experiments/g0024_strogatz_predprey2_llmsr_seed2_20260502-092700,True,72,1,72,72,
llmsr,llmsr_s2_g0041,2,,ok,3611.898,/home/anonymous/workplace/scientific-intelligent-modelling/experiments/core50_12alg_5seed_all_20260502-065700/llmsr/seed2/tasks/llmsr_s2_g0041/anon-node-07/llmsr/g0041_PO41/experiments/g0041_PO41_llmsr_seed2_20260502-094449,True,86,6,91,91,
llmsr,llmsr_s2_g0046,2,,ok,3609.57,/home/anonymous/workplace/scientific-intelligent-modelling/experiments/core50_12alg_5seed_all_20260502-065700/llmsr/seed2/tasks/llmsr_s2_g0046/anon-node-07/llmsr/g0046_II.6.15b_3_0/experiments/g0046_II.6.15b_3_0_llmsr_seed2_20260502-095129,True,78,2,79,79,
llmsr,llmsr_s3_g0001,3,,ok,3615.743,/home/anonymous/workplace/scientific-intelligent-modelling/experiments/core50_12alg_5seed_all_20260502-065700/llmsr/seed3/tasks/llmsr_s3_g0001/anon-node-07/llmsr/g0001_II.34.2_1_0/experiments/g0001_II.34.2_1_0_llmsr_seed3_20260502-095506,True,70,6,75,75,
llmsr,llmsr_s3_g0008,3,,ok,3611.954,/home/anonymous/workplace/scientific-intelligent-modelling/experiments/core50_12alg_5seed_all_20260502-065700/llmsr/seed3/tasks/llmsr_s3_g0008/anon-node-07/llmsr/g0008_Nguyen-12/experiments/g0008_Nguyen-12_llmsr_seed3_20260502-100128,True,88,1,88,88,
llmsr,llmsr_s3_g0012,3,,ok,3604.407,/home/anonymous/workplace/scientific-intelligent-modelling/experiments/core50_12alg_5seed_all_20260502-065700/llmsr/seed3/tasks/llmsr_s3_g0012/anon-node-07/llmsr/g0012_feynman_I_27_6/experiments/g0012_feynman_I_27_6_llmsr_seed3_20260502-100452,True,83,4,86,86,
llmsr,llmsr_s3_g0024,3,,ok,3610.979,/home/anonymous/workplace/scientific-intelligent-modelling/experiments/core50_12alg_5seed_all_20260502-065700/llmsr/seed3/tasks/llmsr_s3_g0024/anon-node-07/llmsr/g0024_strogatz_predprey2/experiments/g0024_strogatz_predprey2_llmsr_seed3_20260502-101644,True,71,1,71,71,
llmsr,llmsr_s3_g0035,3,,ok,3608.08,/home/anonymous/workplace/scientific-intelligent-modelling/experiments/core50_12alg_5seed_all_20260502-065700/llmsr/seed3/tasks/llmsr_s3_g0035/anon-node-07/llmsr/g0035_feynman-i.32.5/experiments/g0035_feynman-i.32.5_llmsr_seed3_20260502-102726,True,110,1,110,110,
llmsr,llmsr_s3_g0043,3,,ok,3612.083,/home/anonymous/workplace/scientific-intelligent-modelling/experiments/core50_12alg_5seed_all_20260502-065700/llmsr/seed3/tasks/llmsr_s3_g0043/anon-node-07/llmsr/g0043_CRK33/experiments/g0043_CRK33_llmsr_seed3_20260502-103338,True,99,1,99,99,
llmsr,llmsr_s4_g0004,4,,ok,3606.926,/home/anonymous/workplace/scientific-intelligent-modelling/experiments/core50_12alg_5seed_all_20260502-065700/llmsr/seed4/tasks/llmsr_s4_g0004/anon-node-07/llmsr/g0004_Korns-4/experiments/g0004_Korns-4_llmsr_seed4_20260502-104541,True,87,1,87,87,
llmsr,llmsr_s4_g0010,4,,ok,3608.432,/home/anonymous/workplace/scientific-intelligent-modelling/experiments/core50_12alg_5seed_all_20260502-065700/llmsr/seed4/tasks/llmsr_s4_g0010/anon-node-07/llmsr/g0010_Nguyen-9/experiments/g0010_Nguyen-9_llmsr_seed4_20260502-105228,True,90,1,90,90,
llmsr,llmsr_s4_g0014,4,,ok,3606.895,/home/anonymous/workplace/scientific-intelligent-modelling/experiments/core50_12alg_5seed_all_20260502-065700/llmsr/seed4/tasks/llmsr_s4_g0014/anon-node-07/llmsr/g0014_feynman-ii.34.11/experiments/g0014_feynman-ii.34.11_llmsr_seed4_20260502-105617,True,90,3,92,92,
llmsr,llmsr_s4_g0018,4,,ok,3606.495,/home/anonymous/workplace/scientific-intelligent-modelling/experiments/core50_12alg_5seed_all_20260502-065700/llmsr/seed4/tasks/llmsr_s4_g0018/anon-node-07/llmsr/g0018_feynman-i.18.16/experiments/g0018_feynman-i.18.16_llmsr_seed4_20260502-105938,True,128,1,128,128,
llmsr,llmsr_s4_g0024,4,,ok,3606.284,/home/anonymous/workplace/scientific-intelligent-modelling/experiments/core50_12alg_5seed_all_20260502-065700/llmsr/seed4/tasks/llmsr_s4_g0024/anon-node-07/llmsr/g0024_strogatz_predprey2/experiments/g0024_strogatz_predprey2_llmsr_seed4_20260502-110708,True,79,1,79,79,
llmsr,llmsr_s4_g0031,4,,ok,3609.806,/home/anonymous/workplace/scientific-intelligent-modelling/experiments/core50_12alg_5seed_all_20260502-065700/llmsr/seed4/tasks/llmsr_s4_g0031/anon-node-07/llmsr/g0031_II.11.27_1_0/experiments/g0031_II.11.27_1_0_llmsr_seed4_20260502-111141,True,101,3,103,103,
llmsr,llmsr_s4_g0035,4,,ok,3606.476,/home/anonymous/workplace/scientific-intelligent-modelling/experiments/core50_12alg_5seed_all_20260502-065700/llmsr/seed4/tasks/llmsr_s4_g0035/anon-node-07/llmsr/g0035_feynman-i.32.5/experiments/g0035_feynman-i.32.5_llmsr_seed4_20260502-111502,True,115,1,115,115,
llmsr,llmsr_s4_g0036,4,,ok,3606.201,/home/anonymous/workplace/scientific-intelligent-modelling/experiments/core50_12alg_5seed_all_20260502-065700/llmsr/seed4/tasks/llmsr_s4_g0036/anon-node-07/llmsr/g0036_CRK10/experiments/g0036_CRK10_llmsr_seed4_20260502-111506,True,103,1,103,103,
llmsr,llmsr_s4_g0037,4,,ok,3606.316,/home/anonymous/workplace/scientific-intelligent-modelling/experiments/core50_12alg_5seed_all_20260502-065700/llmsr/seed4/tasks/llmsr_s4_g0037/anon-node-07/llmsr/g0037_CRK34/experiments/g0037_CRK34_llmsr_seed4_20260502-111509,True,99,1,99,99,
drsr,drsr_s0_g0006,0,,ok,3900.708,/home/anonymous/workplace/scientific-intelligent-modelling/experiments/core50_12alg_5seed_all_20260502-065700/drsr/seed0/tasks/drsr_s0_g0006/anon-node-08/drsr/g0006_Keijzer-2/experiments/g0006_Keijzer-2_drsr_seed0_20260502-070025,True,7,1,7,7,
drsr,drsr_s0_g0008,0,,ok,3900.697,/home/anonymous/workplace/scientific-intelligent-modelling/experiments/core50_12alg_5seed_all_20260502-065700/drsr/seed0/tasks/drsr_s0_g0008/anon-node-08/drsr/g0008_Nguyen-12/experiments/g0008_Nguyen-12_drsr_seed0_20260502-070233,True,5,1,5,5,
drsr,drsr_s0_g0014,0,,ok,3901.049,/home/anonymous/workplace/scientific-intelligent-modelling/experiments/core50_12alg_5seed_all_20260502-065700/drsr/seed0/tasks/drsr_s0_g0014/anon-node-08/drsr/g0014_feynman-ii.34.11/experiments/g0014_feynman-ii.34.11_drsr_seed0_20260502-070553,True,5,1,5,5,
drsr,drsr_s0_g0019,0,,ok,3900.935,/home/anonymous/workplace/scientific-intelligent-modelling/experiments/core50_12alg_5seed_all_20260502-065700/drsr/seed0/tasks/drsr_s0_g0019/anon-node-08/drsr/g0019_feynman-ii.34.2a/experiments/g0019_feynman-ii.34.2a_drsr_seed0_20260502-070859,True,9,1,9,9,
drsr,drsr_s0_g0033,0,,ok,3900.982,/home/anonymous/workplace/scientific-intelligent-modelling/experiments/core50_12alg_5seed_all_20260502-065700/drsr/seed0/tasks/drsr_s0_g0033/anon-node-08/drsr/g0033_feynman-iii.10.19/experiments/g0033_feynman-iii.10.19_drsr_seed0_20260502-073210,True,5,1,5,5,
drsr,drsr_s0_g0039,0,,ok,3900.834,/home/anonymous/workplace/scientific-intelligent-modelling/experiments/core50_12alg_5seed_all_20260502-065700/drsr/seed0/tasks/drsr_s0_g0039/anon-node-08/drsr/g0039_CRK0/experiments/g0039_CRK0_drsr_seed0_20260502-073726,True,5,1,5,5,
drsr,drsr_s0_g0044,0,,ok,3611.284,/home/anonymous/workplace/scientific-intelligent-modelling/experiments/core50_12alg_5seed_all_20260502-065700/drsr/seed0/tasks/drsr_s0_g0044/anon-node-08/drsr/g0044_feynman-i.15.3t/experiments/g0044_feynman-i.15.3t_drsr_seed0_20260502-074102,True,71,1,71,71,
drsr,drsr_s0_g0049,0,,ok,3900.918,/home/anonymous/workplace/scientific-intelligent-modelling/experiments/core50_12alg_5seed_all_20260502-065700/drsr/seed0/tasks/drsr_s0_g0049/anon-node-08/drsr/g0049_BPG3/experiments/g0049_BPG3_drsr_seed0_20260502-074423,True,8,1,8,8,
drsr,drsr_s1_g0005,1,,ok,3900.959,/home/anonymous/workplace/scientific-intelligent-modelling/experiments/core50_12alg_5seed_all_20260502-065700/drsr/seed1/tasks/drsr_s1_g0005/anon-node-08/drsr/g0005_Keijzer-11/experiments/g0005_Keijzer-11_drsr_seed1_20260502-075046,True,8,1,8,8,
drsr,drsr_s1_g0010,1,,ok,3900.762,/home/anonymous/workplace/scientific-intelligent-modelling/experiments/core50_12alg_5seed_all_20260502-065700/drsr/seed1/tasks/drsr_s1_g0010/anon-node-08/drsr/g0010_Nguyen-9/experiments/g0010_Nguyen-9_drsr_seed1_20260502-075443,True,5,1,5,5,
drsr,drsr_s1_g0015,1,,ok,3902.781,/home/anonymous/workplace/scientific-intelligent-modelling/experiments/core50_12alg_5seed_all_20260502-065700/drsr/seed1/tasks/drsr_s1_g0015/anon-node-08/drsr/g0015_III.21.20_3_0/experiments/g0015_III.21.20_3_0_drsr_seed1_20260502-075843,True,6,1,6,6,
drsr,drsr_s1_g0026,1,,ok,3900.914,/home/anonymous/workplace/scientific-intelligent-modelling/experiments/core50_12alg_5seed_all_20260502-065700/drsr/seed1/tasks/drsr_s1_g0026/anon-node-08/drsr/g0026_strogatz_barmag1/experiments/g0026_strogatz_barmag1_drsr_seed1_20260502-081010,True,8,1,8,8,
drsr,drsr_s1_g0031,1,,ok,3902.633,/home/anonymous/workplace/scientific-intelligent-modelling/experiments/core50_12alg_5seed_all_20260502-065700/drsr/seed1/tasks/drsr_s1_g0031/anon-node-08/drsr/g0031_II.11.27_1_0/experiments/g0031_II.11.27_1_0_drsr_seed1_20260502-091606,True,5,1,5,5,
drsr,drsr_s1_g0032,1,,ok,3901.066,/home/anonymous/workplace/scientific-intelligent-modelling/experiments/core50_12alg_5seed_all_20260502-065700/drsr/seed1/tasks/drsr_s1_g0032/anon-node-08/drsr/g0032_feynman-i.13.12/experiments/g0032_feynman-i.13.12_drsr_seed1_20260502-081540,True,7,1,7,7,
drsr,drsr_s1_g0038,1,,ok,3900.93,/home/anonymous/workplace/scientific-intelligent-modelling/experiments/core50_12alg_5seed_all_20260502-065700/drsr/seed1/tasks/drsr_s1_g0038/anon-node-08/drsr/g0038_PO19/experiments/g0038_PO19_drsr_seed1_20260502-082122,True,7,1,7,7,
drsr,drsr_s1_g0043,1,,ok,3900.987,/home/anonymous/workplace/scientific-intelligent-modelling/experiments/core50_12alg_5seed_all_20260502-065700/drsr/seed1/tasks/drsr_s1_g0043/anon-node-08/drsr/g0043_CRK33/experiments/g0043_CRK33_drsr_seed1_20260502-082508,True,9,1,9,9,
drsr,drsr_s2_g0008,2,,ok,3900.998,/home/anonymous/workplace/scientific-intelligent-modelling/experiments/core50_12alg_5seed_all_20260502-065700/drsr/seed2/tasks/drsr_s2_g0008/anon-node-08/drsr/g0008_Nguyen-12/experiments/g0008_Nguyen-12_drsr_seed2_20260502-084106,True,5,1,5,5,
drsr,drsr_s2_g0013,2,,ok,3901.043,/home/anonymous/workplace/scientific-intelligent-modelling/experiments/core50_12alg_5seed_all_20260502-065700/drsr/seed2/tasks/drsr_s2_g0013/anon-node-08/drsr/g0013_feynman-i.43.31/experiments/g0013_feynman-i.43.31_drsr_seed2_20260502-084459,True,9,1,9,9,
drsr,drsr_s2_g0020,2,,ok,3901.029,/home/anonymous/workplace/scientific-intelligent-modelling/experiments/core50_12alg_5seed_all_20260502-065700/drsr/seed2/tasks/drsr_s2_g0020/anon-node-08/drsr/g0020_first_principles_leavitt/experiments/g0020_first_principles_leavitt_drsr_seed2_20260502-085133,True,9,1,9,9,
drsr,drsr_s2_g0025,2,,ok,3901.08,/home/anonymous/workplace/scientific-intelligent-modelling/experiments/core50_12alg_5seed_all_20260502-065700/drsr/seed2/tasks/drsr_s2_g0025/anon-node-08/drsr/g0025_strogatz_barmag2/experiments/g0025_strogatz_barmag2_drsr_seed2_20260502-085736,True,8,1,8,8,
drsr,drsr_s2_g0031,2,,ok,3902.743,/home/anonymous/workplace/scientific-intelligent-modelling/experiments/core50_12alg_5seed_all_20260502-065700/drsr/seed2/tasks/drsr_s2_g0031/anon-node-08/drsr/g0031_II.11.27_1_0/experiments/g0031_II.11.27_1_0_drsr_seed2_20260502-092114,True,5,1,5,5,
drsr,drsr_s2_g0038,2,,ok,3900.984,/home/anonymous/workplace/scientific-intelligent-modelling/experiments/core50_12alg_5seed_all_20260502-065700/drsr/seed2/tasks/drsr_s2_g0038/anon-node-08/drsr/g0038_PO19/experiments/g0038_PO19_drsr_seed2_20260502-092632,True,6,1,6,6,
drsr,drsr_s2_g0045,2,,ok,3901.032,/home/anonymous/workplace/scientific-intelligent-modelling/experiments/core50_12alg_5seed_all_20260502-065700/drsr/seed2/tasks/drsr_s2_g0045/anon-node-08/drsr/g0045_feynman-bonus.20/experiments/g0045_feynman-bonus.20_drsr_seed2_20260502-093223,True,5,1,5,5,
drsr,drsr_s3_g0001,3,,ok,3902.511,/home/anonymous/workplace/scientific-intelligent-modelling/experiments/core50_12alg_5seed_all_20260502-065700/drsr/seed3/tasks/drsr_s3_g0001/anon-node-08/drsr/g0001_II.34.2_1_0/experiments/g0001_II.34.2_1_0_drsr_seed3_20260502-093842,True,7,1,7,7,
drsr,drsr_s3_g0008,3,,ok,3901.174,/home/anonymous/workplace/scientific-intelligent-modelling/experiments/core50_12alg_5seed_all_20260502-065700/drsr/seed3/tasks/drsr_s3_g0008/anon-node-08/drsr/g0008_Nguyen-12/experiments/g0008_Nguyen-12_drsr_seed3_20260502-094506,True,6,1,6,6,
drsr,drsr_s3_g0024,3,,ok,3900.866,/home/anonymous/workplace/scientific-intelligent-modelling/experiments/core50_12alg_5seed_all_20260502-065700/drsr/seed3/tasks/drsr_s3_g0024/anon-node-08/drsr/g0024_strogatz_predprey2/experiments/g0024_strogatz_predprey2_drsr_seed3_20260502-100130,True,5,1,5,5,
drsr,drsr_s3_g0030,3,,ok,3901.007,/home/anonymous/workplace/scientific-intelligent-modelling/experiments/core50_12alg_5seed_all_20260502-065700/drsr/seed3/tasks/drsr_s3_g0030/anon-node-08/drsr/g0030_feynman-iii.7.38/experiments/g0030_feynman-iii.7.38_drsr_seed3_20260502-100531,True,7,1,7,7,
drsr,drsr_s3_g0035,3,,ok,3901.056,/home/anonymous/workplace/scientific-intelligent-modelling/experiments/core50_12alg_5seed_all_20260502-065700/drsr/seed3/tasks/drsr_s3_g0035/anon-node-08/drsr/g0035_feynman-i.32.5/experiments/g0035_feynman-i.32.5_drsr_seed3_20260502-101041,True,9,1,9,9,
drsr,drsr_s3_g0041,3,,ok,3901.034,/home/anonymous/workplace/scientific-intelligent-modelling/experiments/core50_12alg_5seed_all_20260502-065700/drsr/seed3/tasks/drsr_s3_g0041/anon-node-08/drsr/g0041_PO41/experiments/g0041_PO41_drsr_seed3_20260502-101700,True,7,1,7,7,
drsr,drsr_s3_g0046,3,,ok,3624.741,/home/anonymous/workplace/scientific-intelligent-modelling/experiments/core50_12alg_5seed_all_20260502-065700/drsr/seed3/tasks/drsr_s3_g0046/anon-node-08/drsr/g0046_II.6.15b_3_0/experiments/g0046_II.6.15b_3_0_drsr_seed3_20260502-102058,True,70,1,70,70,
drsr,drsr_s4_g0002,4,,ok,3900.937,/home/anonymous/workplace/scientific-intelligent-modelling/experiments/core50_12alg_5seed_all_20260502-065700/drsr/seed4/tasks/drsr_s4_g0002/anon-node-08/drsr/g0002_first_principles_hubble/experiments/g0002_first_principles_hubble_drsr_seed4_20260502-102744,True,9,1,9,9,
drsr,drsr_s4_g0007,4,,ok,3900.896,/home/anonymous/workplace/scientific-intelligent-modelling/experiments/core50_12alg_5seed_all_20260502-065700/drsr/seed4/tasks/drsr_s4_g0007/anon-node-08/drsr/g0007_Korns-2/experiments/g0007_Korns-2_drsr_seed4_20260502-103309,True,6,1,6,6,
drsr,drsr_s4_g0019,4,,ok,3901.094,/home/anonymous/workplace/scientific-intelligent-modelling/experiments/core50_12alg_5seed_all_20260502-065700/drsr/seed4/tasks/drsr_s4_g0019/anon-node-08/drsr/g0019_feynman-ii.34.2a/experiments/g0019_feynman-ii.34.2a_drsr_seed4_20260502-104526,True,8,1,8,8,
drsr,drsr_s4_g0025,4,,ok,3900.874,/home/anonymous/workplace/scientific-intelligent-modelling/experiments/core50_12alg_5seed_all_20260502-065700/drsr/seed4/tasks/drsr_s4_g0025/anon-node-08/drsr/g0025_strogatz_barmag2/experiments/g0025_strogatz_barmag2_drsr_seed4_20260502-105214,True,8,1,8,8,
drsr,drsr_s4_g0029,4,,ok,3901.057,/home/anonymous/workplace/scientific-intelligent-modelling/experiments/core50_12alg_5seed_all_20260502-065700/drsr/seed4/tasks/drsr_s4_g0029/anon-node-08/drsr/g0029_strogatz_vdp1/experiments/g0029_strogatz_vdp1_drsr_seed4_20260502-105601,True,8,1,8,8,
drsr,drsr_s4_g0034,4,,ok,3901.022,/home/anonymous/workplace/scientific-intelligent-modelling/experiments/core50_12alg_5seed_all_20260502-065700/drsr/seed4/tasks/drsr_s4_g0034/anon-node-08/drsr/g0034_CRK11/experiments/g0034_CRK11_drsr_seed4_20260502-105940,True,9,1,9,9,
drsr,drsr_s4_g0041,4,,ok,3901.049,/home/anonymous/workplace/scientific-intelligent-modelling/experiments/core50_12alg_5seed_all_20260502-065700/drsr/seed4/tasks/drsr_s4_g0041/anon-node-08/drsr/g0041_PO41/experiments/g0041_PO41_drsr_seed4_20260502-110726,True,7,1,7,7,
drsr,drsr_s4_g0046,4,,ok,3901.891,/home/anonymous/workplace/scientific-intelligent-modelling/experiments/core50_12alg_5seed_all_20260502-065700/drsr/seed4/tasks/drsr_s4_g0046/anon-node-08/drsr/g0046_II.6.15b_3_0/experiments/g0046_II.6.15b_3_0_drsr_seed4_20260502-111128,True,8,1,8,8,
llmsr,llmsr_s0_g0001,0,,ok,3611.131,/home/anonymous/workplace/scientific-intelligent-modelling/experiments/core50_12alg_5seed_all_20260502-065700/llmsr/seed0/tasks/llmsr_s0_g0001/anon-node-08/llmsr/g0001_II.34.2_1_0/experiments/g0001_II.34.2_1_0_llmsr_seed0_20260502-070856,True,66,6,71,71,
llmsr,llmsr_s0_g0010,0,,ok,3608.86,/home/anonymous/workplace/scientific-intelligent-modelling/experiments/core50_12alg_5seed_all_20260502-065700/llmsr/seed0/tasks/llmsr_s0_g0010/anon-node-08/llmsr/g0010_Nguyen-9/experiments/g0010_Nguyen-9_llmsr_seed0_20260502-071243,True,82,1,82,82,
llmsr,llmsr_s0_g0025,0,,ok,3608.608,/home/anonymous/workplace/scientific-intelligent-modelling/experiments/core50_12alg_5seed_all_20260502-065700/llmsr/seed0/tasks/llmsr_s0_g0025/anon-node-08/llmsr/g0025_strogatz_barmag2/experiments/g0025_strogatz_barmag2_llmsr_seed0_20260502-073723,True,94,1,94,94,
llmsr,llmsr_s0_g0030,0,,ok,3609.394,/home/anonymous/workplace/scientific-intelligent-modelling/experiments/core50_12alg_5seed_all_20260502-065700/llmsr/seed0/tasks/llmsr_s0_g0030/anon-node-08/llmsr/g0030_feynman-iii.7.38/experiments/g0030_feynman-iii.7.38_llmsr_seed0_20260502-074100,False,0,,,,
llmsr,llmsr_s0_g0035,0,,ok,3608.28,/home/anonymous/workplace/scientific-intelligent-modelling/experiments/core50_12alg_5seed_all_20260502-065700/llmsr/seed0/tasks/llmsr_s0_g0035/anon-node-08/llmsr/g0035_feynman-i.32.5/experiments/g0035_feynman-i.32.5_llmsr_seed0_20260502-074420,True,97,1,97,97,
llmsr,llmsr_s0_g0041,0,,ok,3609.011,/home/anonymous/workplace/scientific-intelligent-modelling/experiments/core50_12alg_5seed_all_20260502-065700/llmsr/seed0/tasks/llmsr_s0_g0041/anon-node-08/llmsr/g0041_PO41/experiments/g0041_PO41_llmsr_seed0_20260502-075043,True,66,7,72,72,
llmsr,llmsr_s0_g0046,0,,ok,3610.05,/home/anonymous/workplace/scientific-intelligent-modelling/experiments/core50_12alg_5seed_all_20260502-065700/llmsr/seed0/tasks/llmsr_s0_g0046/anon-node-08/llmsr/g0046_II.6.15b_3_0/experiments/g0046_II.6.15b_3_0_llmsr_seed0_20260502-075441,True,62,14,75,75,
llmsr,llmsr_s1_g0001,1,,ok,3611.507,/home/anonymous/workplace/scientific-intelligent-modelling/experiments/core50_12alg_5seed_all_20260502-065700/llmsr/seed1/tasks/llmsr_s1_g0001/anon-node-08/llmsr/g0001_II.34.2_1_0/experiments/g0001_II.34.2_1_0_llmsr_seed1_20260502-075840,True,69,5,73,73,
llmsr,llmsr_s1_g0007,1,,ok,3607.51,/home/anonymous/workplace/scientific-intelligent-modelling/experiments/core50_12alg_5seed_all_20260502-065700/llmsr/seed1/tasks/llmsr_s1_g0007/anon-node-08/llmsr/g0007_Korns-2/experiments/g0007_Korns-2_llmsr_seed1_20260502-080448,True,69,1,69,69,
llmsr,llmsr_s1_g0018,1,,ok,3607.562,/home/anonymous/workplace/scientific-intelligent-modelling/experiments/core50_12alg_5seed_all_20260502-065700/llmsr/seed1/tasks/llmsr_s1_g0018/anon-node-08/llmsr/g0018_feynman-i.18.16/experiments/g0018_feynman-i.18.16_llmsr_seed1_20260502-081537,True,111,5,115,115,
llmsr,llmsr_s1_g0023,1,,ok,3612.97,/home/anonymous/workplace/scientific-intelligent-modelling/experiments/core50_12alg_5seed_all_20260502-065700/llmsr/seed1/tasks/llmsr_s1_g0023/anon-node-08/llmsr/g0023_I.11.19_4_0/experiments/g0023_I.11.19_4_0_llmsr_seed1_20260502-091603,True,106,1,106,106,
llmsr,llmsr_s1_g0024,1,,ok,3607.24,/home/anonymous/workplace/scientific-intelligent-modelling/experiments/core50_12alg_5seed_all_20260502-065700/llmsr/seed1/tasks/llmsr_s1_g0024/anon-node-08/llmsr/g0024_strogatz_predprey2/experiments/g0024_strogatz_predprey2_llmsr_seed1_20260502-082120,True,71,1,71,71,
llmsr,llmsr_s1_g0029,1,,ok,3606.849,/home/anonymous/workplace/scientific-intelligent-modelling/experiments/core50_12alg_5seed_all_20260502-065700/llmsr/seed1/tasks/llmsr_s1_g0029/anon-node-08/llmsr/g0029_strogatz_vdp1/experiments/g0029_strogatz_vdp1_llmsr_seed1_20260502-082505,True,104,2,105,105,
llmsr,llmsr_s1_g0037,1,,ok,3607.945,/home/anonymous/workplace/scientific-intelligent-modelling/experiments/core50_12alg_5seed_all_20260502-065700/llmsr/seed1/tasks/llmsr_s1_g0037/anon-node-08/llmsr/g0037_CRK34/experiments/g0037_CRK34_llmsr_seed1_20260502-083412,True,99,1,99,99,
llmsr,llmsr_s1_g0044,1,,ok,3607.886,/home/anonymous/workplace/scientific-intelligent-modelling/experiments/core50_12alg_5seed_all_20260502-065700/llmsr/seed1/tasks/llmsr_s1_g0044/anon-node-08/llmsr/g0044_feynman-i.15.3t/experiments/g0044_feynman-i.15.3t_llmsr_seed1_20260502-084103,True,96,1,96,96,
llmsr,llmsr_s1_g0049,1,,ok,3608.098,/home/anonymous/workplace/scientific-intelligent-modelling/experiments/core50_12alg_5seed_all_20260502-065700/llmsr/seed1/tasks/llmsr_s1_g0049/anon-node-08/llmsr/g0049_BPG3/experiments/g0049_BPG3_llmsr_seed1_20260502-084457,True,91,1,91,91,
llmsr,llmsr_s2_g0006,2,,ok,3607.255,/home/anonymous/workplace/scientific-intelligent-modelling/experiments/core50_12alg_5seed_all_20260502-065700/llmsr/seed2/tasks/llmsr_s2_g0006/anon-node-08/llmsr/g0006_Keijzer-2/experiments/g0006_Keijzer-2_llmsr_seed2_20260502-085130,True,94,1,94,94,
llmsr,llmsr_s2_g0011,2,,ok,3608.93,/home/anonymous/workplace/scientific-intelligent-modelling/experiments/core50_12alg_5seed_all_20260502-065700/llmsr/seed2/tasks/llmsr_s2_g0011/anon-node-08/llmsr/g0011_Vladislavleva-4/experiments/g0011_Vladislavleva-4_llmsr_seed2_20260502-085734,True,93,1,93,93,
llmsr,llmsr_s2_g0015,2,,ok,3612.553,/home/anonymous/workplace/scientific-intelligent-modelling/experiments/core50_12alg_5seed_all_20260502-065700/llmsr/seed2/tasks/llmsr_s2_g0015/anon-node-08/llmsr/g0015_III.21.20_3_0/experiments/g0015_III.21.20_3_0_llmsr_seed2_20260502-092112,True,80,2,81,81,
llmsr,llmsr_s2_g0022,2,,ok,3608.918,/home/anonymous/workplace/scientific-intelligent-modelling/experiments/core50_12alg_5seed_all_20260502-065700/llmsr/seed2/tasks/llmsr_s2_g0022/anon-node-08/llmsr/g0022_feynman-i.11.19/experiments/g0022_feynman-i.11.19_llmsr_seed2_20260502-092629,True,77,1,77,77,
llmsr,llmsr_s2_g0029,2,,ok,3608.022,/home/anonymous/workplace/scientific-intelligent-modelling/experiments/core50_12alg_5seed_all_20260502-065700/llmsr/seed2/tasks/llmsr_s2_g0029/anon-node-08/llmsr/g0029_strogatz_vdp1/experiments/g0029_strogatz_vdp1_llmsr_seed2_20260502-093221,True,94,1,94,94,
llmsr,llmsr_s2_g0035,2,,ok,3610.231,/home/anonymous/workplace/scientific-intelligent-modelling/experiments/core50_12alg_5seed_all_20260502-065700/llmsr/seed2/tasks/llmsr_s2_g0035/anon-node-08/llmsr/g0035_feynman-i.32.5/experiments/g0035_feynman-i.32.5_llmsr_seed2_20260502-093839,True,109,1,109,109,
llmsr,llmsr_s2_g0042,2,,ok,3612.582,/home/anonymous/workplace/scientific-intelligent-modelling/experiments/core50_12alg_5seed_all_20260502-065700/llmsr/seed2/tasks/llmsr_s2_g0042/anon-node-08/llmsr/g0042_feynman_test_15/experiments/g0042_feynman_test_15_llmsr_seed2_20260502-094503,True,60,2,61,61,
llmsr,llmsr_s2_g0048,2,,ok,3607.764,/home/anonymous/workplace/scientific-intelligent-modelling/experiments/core50_12alg_5seed_all_20260502-065700/llmsr/seed2/tasks/llmsr_s2_g0048/anon-node-08/llmsr/g0048_MatSci21/experiments/g0048_MatSci21_llmsr_seed2_20260502-095154,True,104,1,104,104,
llmsr,llmsr_s3_g0003,3,,ok,3610.054,/home/anonymous/workplace/scientific-intelligent-modelling/experiments/core50_12alg_5seed_all_20260502-065700/llmsr/seed3/tasks/llmsr_s3_g0003/anon-node-08/llmsr/g0003_feynman-ii.27.18/experiments/g0003_feynman-ii.27.18_llmsr_seed3_20260502-095531,True,101,1,101,101,
llmsr,llmsr_s3_g0014,3,,ok,3609.888,/home/anonymous/workplace/scientific-intelligent-modelling/experiments/core50_12alg_5seed_all_20260502-065700/llmsr/seed3/tasks/llmsr_s3_g0014/anon-node-08/llmsr/g0014_feynman-ii.34.11/experiments/g0014_feynman-ii.34.11_llmsr_seed3_20260502-100528,True,76,6,81,81,
llmsr,llmsr_s3_g0019,3,,ok,3608.919,/home/anonymous/workplace/scientific-intelligent-modelling/experiments/core50_12alg_5seed_all_20260502-065700/llmsr/seed3/tasks/llmsr_s3_g0019/anon-node-08/llmsr/g0019_feynman-ii.34.2a/experiments/g0019_feynman-ii.34.2a_llmsr_seed3_20260502-101038,True,124,8,131,131,
llmsr,llmsr_s3_g0025,3,,ok,3609.249,/home/anonymous/workplace/scientific-intelligent-modelling/experiments/core50_12alg_5seed_all_20260502-065700/llmsr/seed3/tasks/llmsr_s3_g0025/anon-node-08/llmsr/g0025_strogatz_barmag2/experiments/g0025_strogatz_barmag2_llmsr_seed3_20260502-101656,True,102,1,102,102,
llmsr,llmsr_s3_g0030,3,,ok,3608.984,/home/anonymous/workplace/scientific-intelligent-modelling/experiments/core50_12alg_5seed_all_20260502-065700/llmsr/seed3/tasks/llmsr_s3_g0030/anon-node-08/llmsr/g0030_feynman-iii.7.38/experiments/g0030_feynman-iii.7.38_llmsr_seed3_20260502-102055,False,0,,,,
llmsr,llmsr_s3_g0036,3,,ok,3609.958,/home/anonymous/workplace/scientific-intelligent-modelling/experiments/core50_12alg_5seed_all_20260502-065700/llmsr/seed3/tasks/llmsr_s3_g0036/anon-node-08/llmsr/g0036_CRK10/experiments/g0036_CRK10_llmsr_seed3_20260502-102741,True,97,1,97,97,
llmsr,llmsr_s3_g0041,3,,ok,3610.26,/home/anonymous/workplace/scientific-intelligent-modelling/experiments/core50_12alg_5seed_all_20260502-065700/llmsr/seed3/tasks/llmsr_s3_g0041/anon-node-08/llmsr/g0041_PO41/experiments/g0041_PO41_llmsr_seed3_20260502-103306,True,80,7,86,86,
llmsr,llmsr_s3_g0048,3,,ok,3607.791,/home/anonymous/workplace/scientific-intelligent-modelling/experiments/core50_12alg_5seed_all_20260502-065700/llmsr/seed3/tasks/llmsr_s3_g0048/anon-node-08/llmsr/g0048_MatSci21/experiments/g0048_MatSci21_llmsr_seed3_20260502-103845,True,108,1,108,108,
llmsr,llmsr_s4_g0009,4,,ok,3606.782,/home/anonymous/workplace/scientific-intelligent-modelling/experiments/core50_12alg_5seed_all_20260502-065700/llmsr/seed4/tasks/llmsr_s4_g0009/anon-node-08/llmsr/g0009_Nguyen-6/experiments/g0009_Nguyen-6_llmsr_seed4_20260502-105211,True,92,1,92,92,
llmsr,llmsr_s4_g0025,4,,ok,3605.846,/home/anonymous/workplace/scientific-intelligent-modelling/experiments/core50_12alg_5seed_all_20260502-065700/llmsr/seed4/tasks/llmsr_s4_g0025/anon-node-08/llmsr/g0025_strogatz_barmag2/experiments/g0025_strogatz_barmag2_llmsr_seed4_20260502-110723,True,116,1,116,116,
llmsr,llmsr_s4_g0030,4,,ok,3606.393,/home/anonymous/workplace/scientific-intelligent-modelling/experiments/core50_12alg_5seed_all_20260502-065700/llmsr/seed4/tasks/llmsr_s4_g0030/anon-node-08/llmsr/g0030_feynman-iii.7.38/experiments/g0030_feynman-iii.7.38_llmsr_seed4_20260502-111125,False,0,,,,
llmsr,llmsr_s4_g0038,4,,ok,3606.166,/home/anonymous/workplace/scientific-intelligent-modelling/experiments/core50_12alg_5seed_all_20260502-065700/llmsr/seed4/tasks/llmsr_s4_g0038/anon-node-08/llmsr/g0038_PO19/experiments/g0038_PO19_llmsr_seed4_20260502-111514,True,93,3,95,95,
llmsr,llmsr_s4_g0039,4,,ok,3606.318,/home/anonymous/workplace/scientific-intelligent-modelling/experiments/core50_12alg_5seed_all_20260502-065700/llmsr/seed4/tasks/llmsr_s4_g0039/anon-node-08/llmsr/g0039_CRK0/experiments/g0039_CRK0_llmsr_seed4_20260502-111519,True,103,1,103,103,
llmsr,llmsr_s4_g0040,4,,ok,3606.52,/home/anonymous/workplace/scientific-intelligent-modelling/experiments/core50_12alg_5seed_all_20260502-065700/llmsr/seed4/tasks/llmsr_s4_g0040/anon-node-08/llmsr/g0040_feynman-i.29.16/experiments/g0040_feynman-i.29.16_llmsr_seed4_20260502-111524,True,96,5,100,100,
