sample_id,attempt_number,physical_request_ordinal,status,input_tokens,output_tokens,total_tokens
review_000001,1,1,accepted,1302,431,1733
review_000002,1,2,accepted,1268,140,1408
review_000003,1,3,accepted,1327,310,1637
review_000004,1,4,accepted,1256,261,1517
review_000005,1,6,accepted,1230,183,1413
review_000006,1,5,accepted,1228,185,1413
review_000007,1,7,accepted,1247,183,1430
review_000008,1,8,accepted,1234,159,1393
review_000009,1,9,accepted,1221,92,1313
review_000010,1,10,accepted,1222,86,1308
review_000011,1,11,accepted,1197,94,1291
review_000012,1,13,accepted,1260,479,1739
review_000013,1,12,accepted,1212,94,1306
review_000014,1,14,accepted,1219,175,1394
review_000015,1,15,accepted,1212,173,1385
review_000016,1,16,accepted,1254,341,1595
review_000017,1,17,accepted,1203,178,1381
review_000018,1,18,accepted,1287,188,1475
review_000019,1,19,accepted,1243,239,1482
review_000020,1,20,accepted,1201,198,1399
review_000021,1,21,accepted,1197,154,1351
review_000022,1,22,accepted,1209,183,1392
review_000023,1,23,accepted,1253,244,1497
review_000024,1,24,accepted,1362,192,1554
review_000025,1,25,accepted,1284,90,1374
review_000026,1,26,accepted,1217,83,1300
review_000027,1,29,accepted,1232,91,1323
review_000028,1,27,accepted,1276,148,1424
review_000029,1,28,accepted,1212,171,1383
review_000030,1,30,accepted,1244,282,1526
review_000031,1,31,accepted,1234,205,1439
review_000032,1,32,accepted,1214,90,1304
review_000033,1,33,accepted,1212,84,1296
review_000034,1,34,accepted,1206,85,1291
review_000035,1,35,accepted,1215,89,1304
review_000036,1,36,accepted,1212,172,1384
review_000037,1,37,accepted,1216,248,1464
review_000038,1,38,accepted,1229,182,1411
review_000039,1,39,accepted,1216,183,1399
review_000040,1,40,accepted,1205,232,1437
review_000041,1,41,accepted,1209,180,1389
review_000042,1,42,accepted,1207,330,1537
review_000043,1,43,accepted,1231,240,1471
review_000044,1,44,accepted,1196,84,1280
review_000045,1,45,accepted,1203,89,1292
review_000046,1,46,accepted,1213,166,1379
review_000047,1,47,accepted,1215,174,1389
review_000048,1,48,accepted,1218,105,1323
review_000049,1,49,accepted,1202,167,1369
review_000050,1,50,accepted,1220,318,1538
review_000051,1,51,accepted,1433,100,1533
review_000052,1,52,accepted,1423,227,1650
review_000053,1,53,accepted,1434,144,1578
review_000054,1,54,accepted,1487,108,1595
review_000055,1,55,accepted,1399,152,1551
review_000057,1,56,accepted,1408,392,1800
review_000058,1,57,accepted,1431,103,1534
review_000059,1,58,accepted,1386,220,1606
review_000060,1,59,accepted,1366,207,1573
review_000061,1,60,accepted,1377,212,1589
review_000062,1,61,accepted,1410,110,1520
review_000063,1,62,accepted,1431,156,1587
review_000064,1,63,accepted,1437,195,1632
review_000065,1,64,accepted,1270,285,1555
review_000066,1,65,accepted,1308,340,1648
review_000067,1,66,accepted,1519,219,1738
review_000068,1,67,accepted,1429,90,1519
review_000069,1,68,accepted,1441,251,1692
review_000070,1,69,accepted,1423,194,1617
review_000071,1,70,accepted,1468,150,1618
review_000072,1,71,accepted,1484,93,1577
review_000073,1,72,accepted,1444,101,1545
review_000074,1,73,accepted,1220,88,1308
review_000075,1,74,accepted,1292,167,1459
review_000076,1,75,accepted,1376,166,1542
review_000077,1,76,accepted,1325,90,1415
review_000078,1,77,accepted,1312,176,1488
review_000079,1,78,accepted,1237,89,1326
review_000080,1,79,accepted,1268,90,1358
review_000081,1,80,accepted,1434,139,1573
review_000082,1,81,accepted,1385,141,1526
review_000083,1,82,accepted,1395,106,1501
review_000084,1,83,accepted,1360,263,1623
review_000085,1,84,accepted,1254,191,1445
review_000086,1,85,accepted,1232,90,1322
review_000087,1,86,accepted,1230,86,1316
review_000088,1,87,accepted,1241,122,1363
review_000089,1,88,accepted,1237,184,1421
review_000090,1,89,accepted,1462,223,1685
review_000091,1,90,accepted,1322,114,1436
review_000092,1,91,accepted,1265,99,1364
review_000093,1,92,accepted,1265,90,1355
review_000094,1,93,accepted,1243,90,1333
review_000095,1,94,accepted,1247,90,1337
review_000096,1,95,accepted,1307,162,1469
review_000097,1,96,accepted,1251,203,1454
review_000098,1,97,accepted,1473,208,1681
review_000099,1,98,accepted,1335,90,1425
review_000100,1,99,accepted,1669,119,1788
review_000101,1,100,accepted,1466,104,1570
review_000102,1,101,accepted,1401,239,1640
review_000103,1,102,accepted,1494,202,1696
review_000104,1,103,accepted,1500,107,1607
review_000105,1,104,accepted,1283,90,1373
review_000106,1,105,accepted,1372,133,1505
review_000107,1,106,accepted,1391,151,1542
review_000108,1,107,accepted,1424,181,1605
review_000109,1,108,accepted,1436,119,1555
review_000110,1,110,accepted,1384,206,1590
review_000111,1,109,accepted,1371,108,1479
review_000112,1,111,accepted,1344,117,1461
review_000113,1,112,accepted,1428,354,1782
review_000114,1,113,accepted,1438,328,1766
review_000115,1,114,accepted,1314,100,1414
review_000116,1,115,accepted,1253,90,1343
review_000117,1,130,accepted,1484,235,1719
review_000118,1,117,accepted,1434,214,1648
review_000119,1,118,accepted,1433,163,1596
review_000120,1,132,accepted,1431,138,1569
review_000121,1,120,accepted,1417,163,1580
review_000122,1,121,accepted,1453,172,1625
review_000123,1,122,accepted,1431,241,1672
review_000124,1,123,accepted,1206,103,1309
review_000125,1,124,accepted,1307,150,1457
review_000126,1,127,accepted,1299,152,1451
review_000127,1,125,accepted,1265,234,1499
review_000128,1,126,accepted,1308,210,1518
review_000129,1,129,accepted,1257,202,1459
review_000130,1,128,accepted,1392,233,1625
review_000131,1,116,accepted,1420,156,1576
review_000132,1,119,accepted,1369,180,1549
review_000133,1,131,accepted,1362,219,1581
review_000134,1,133,accepted,1340,214,1554
review_000135,1,134,accepted,1228,88,1316
review_000136,1,135,accepted,1299,90,1389
review_000137,1,136,accepted,1248,90,1338
review_000138,1,137,accepted,1216,89,1305
review_000139,1,138,accepted,1274,251,1525
review_000140,1,139,accepted,1469,103,1572
review_000141,1,140,accepted,1262,90,1352
review_000142,1,141,accepted,1293,107,1400
review_000143,1,142,accepted,1292,196,1488
review_000144,1,143,accepted,1247,88,1335
review_000145,1,144,accepted,1360,115,1475
review_000146,1,145,accepted,1290,90,1380
review_000147,1,146,accepted,1304,220,1524
review_000148,1,147,accepted,1476,94,1570
review_000149,1,148,accepted,1301,477,1778
review_000150,1,149,accepted,1391,96,1487
review_000151,1,150,accepted,1431,213,1644
review_000152,1,151,accepted,1406,222,1628
review_000153,1,152,accepted,1433,153,1586
review_000154,1,153,accepted,1495,108,1603
review_000155,1,154,accepted,1355,264,1619
review_000156,1,155,accepted,1390,153,1543
review_000157,1,156,accepted,1370,208,1578
review_000158,1,157,accepted,1380,302,1682
review_000159,1,158,accepted,1373,171,1544
review_000160,1,159,accepted,1362,135,1497
review_000161,1,160,accepted,1409,309,1718
review_000162,1,161,accepted,1398,145,1543
review_000163,1,162,accepted,1415,132,1547
review_000164,1,163,accepted,1411,98,1509
review_000165,1,164,accepted,1266,200,1466
review_000166,1,165,accepted,1247,90,1337
review_000167,1,166,accepted,1315,232,1547
review_000168,1,167,accepted,1380,192,1572
review_000169,1,168,accepted,1421,100,1521
review_000170,1,169,accepted,1405,140,1545
review_000171,1,170,accepted,1479,136,1615
review_000172,1,171,accepted,1417,193,1610
review_000173,1,172,accepted,1445,140,1585
review_000174,1,173,accepted,1214,97,1311
review_000175,1,174,accepted,1262,90,1352
review_000176,1,175,accepted,1319,160,1479
review_000177,1,176,accepted,1277,151,1428
review_000178,1,177,accepted,1298,146,1444
review_000179,1,178,accepted,1396,899,2295
review_000180,1,179,accepted,1345,114,1459
review_000181,1,180,accepted,1439,264,1703
review_000182,1,181,accepted,1328,148,1476
review_000183,1,182,accepted,1395,140,1535
review_000184,1,183,accepted,1466,93,1559
review_000185,1,184,accepted,1250,230,1480
review_000186,1,185,accepted,1264,298,1562
review_000187,1,186,accepted,1244,90,1334
review_000188,1,187,accepted,1296,140,1436
review_000189,1,188,accepted,1262,323,1585
review_000190,1,189,accepted,1453,121,1574
review_000191,1,190,accepted,1332,90,1422
review_000192,1,191,accepted,1296,172,1468
review_000193,1,192,accepted,1225,88,1313
review_000194,1,193,accepted,1244,88,1332
review_000195,1,194,accepted,1266,230,1496
review_000196,1,195,accepted,1327,270,1597
review_000197,1,196,accepted,1267,100,1367
review_000198,1,197,accepted,1448,159,1607
review_000199,1,198,accepted,1377,167,1544
review_000200,1,199,accepted,1481,95,1576
review_000201,1,200,accepted,1245,213,1458
review_000202,1,201,accepted,1256,90,1346
review_000203,1,202,accepted,1248,90,1338
review_000204,1,203,accepted,1225,91,1316
review_000205,1,204,accepted,1226,118,1344
review_000206,1,205,accepted,1254,90,1344
review_000207,1,206,accepted,1256,254,1510
review_000208,1,207,accepted,1238,120,1358
review_000209,1,208,accepted,1262,208,1470
review_000210,1,209,accepted,1233,91,1324
review_000211,1,210,accepted,1240,115,1355
review_000212,1,211,accepted,1230,88,1318
review_000213,1,212,accepted,1236,106,1342
review_000214,1,213,accepted,1249,122,1371
review_000215,1,214,accepted,1232,90,1322
review_000216,1,215,accepted,1257,92,1349
review_000217,1,216,accepted,1232,94,1326
review_000218,1,217,accepted,1254,428,1682
review_000219,1,218,accepted,1222,92,1314
review_000220,1,219,accepted,1238,112,1350
review_000221,1,220,accepted,1255,86,1341
review_000222,1,221,accepted,1236,90,1326
review_000223,1,222,accepted,1229,90,1319
review_000224,1,223,accepted,1223,104,1327
review_000225,1,224,accepted,1245,90,1335
review_000226,1,225,accepted,1262,90,1352
review_000227,1,226,accepted,1220,86,1306
review_000228,1,227,accepted,1256,377,1633
review_000229,1,228,accepted,1239,88,1327
review_000230,1,229,accepted,1250,90,1340
review_000231,1,230,accepted,1235,93,1328
review_000232,1,231,accepted,1243,90,1333
review_000233,1,232,accepted,1259,92,1351
review_000234,1,233,accepted,1245,206,1451
review_000235,1,234,accepted,1283,90,1373
review_000236,1,235,accepted,1320,1496,2816
review_000237,1,236,accepted,1231,90,1321
review_000238,1,237,accepted,1259,90,1349
review_000239,1,238,accepted,1248,90,1338
review_000240,1,239,accepted,1255,88,1343
review_000241,1,240,accepted,1226,88,1314
review_000242,1,241,accepted,1265,298,1563
review_000243,1,242,accepted,1265,91,1356
review_000244,1,243,accepted,1260,90,1350
review_000245,1,244,accepted,1210,91,1301
review_000246,1,245,accepted,1241,176,1417
review_000247,1,246,accepted,1264,394,1658
review_000248,1,247,accepted,1239,90,1329
review_000249,1,248,accepted,1267,90,1357
review_000250,1,249,accepted,1216,87,1303
review_000251,1,250,accepted,1233,88,1321
review_000252,1,251,accepted,1238,125,1363
review_000253,1,252,accepted,1249,86,1335
review_000254,1,253,accepted,1256,401,1657
review_000255,1,255,accepted,1245,291,1536
review_000256,1,254,accepted,1233,90,1323
review_000257,1,256,accepted,1232,443,1675
review_000258,1,257,accepted,1227,118,1345
review_000259,1,258,accepted,1232,90,1322
review_000260,1,259,accepted,1232,90,1322
review_000261,1,260,accepted,1224,90,1314
review_000262,1,261,accepted,1236,334,1570
review_000263,1,262,accepted,1238,88,1326
review_000264,1,263,accepted,1241,90,1331
review_000265,1,264,accepted,1222,88,1310
review_000266,1,265,accepted,1246,90,1336
review_000267,1,266,accepted,1226,109,1335
review_000268,1,267,accepted,1239,128,1367
review_000269,1,268,accepted,1253,92,1345
review_000270,1,269,accepted,1225,110,1335
review_000271,1,270,accepted,1246,90,1336
review_000272,1,271,accepted,1239,88,1327
review_000273,1,272,accepted,1233,90,1323
review_000274,1,273,accepted,1224,102,1326
review_000275,1,274,accepted,1231,277,1508
review_000276,1,275,accepted,1228,90,1318
review_000277,1,276,accepted,1246,92,1338
review_000278,1,277,accepted,1246,282,1528
review_000279,1,278,accepted,1247,215,1462
review_000280,1,279,accepted,1237,90,1327
review_000281,1,280,accepted,1227,91,1318
review_000282,1,281,accepted,1245,93,1338
review_000283,1,282,accepted,1256,297,1553
review_000284,1,283,accepted,1230,90,1320
review_000285,1,284,accepted,1273,223,1496
review_000286,1,285,accepted,1267,90,1357
review_000287,1,286,accepted,1235,90,1325
review_000288,1,287,accepted,1260,553,1813
review_000289,1,288,accepted,1263,90,1353
review_000290,1,289,accepted,1239,90,1329
review_000291,1,290,accepted,1263,255,1518
review_000292,1,291,accepted,1251,340,1591
review_000293,1,292,accepted,1268,351,1619
review_000294,1,293,accepted,1266,90,1356
review_000295,1,294,accepted,1219,80,1299
review_000296,1,295,accepted,1227,88,1315
review_000297,1,296,accepted,1251,91,1342
review_000298,1,297,accepted,1247,90,1337
review_000299,1,298,accepted,1241,90,1331
review_000300,1,299,accepted,1231,90,1321
review_000301,1,300,accepted,1261,90,1351
review_000302,1,301,accepted,1241,90,1331
review_000303,1,302,accepted,1244,185,1429
review_000304,1,303,accepted,1235,93,1328
review_000305,1,304,accepted,1220,213,1433
review_000306,1,305,accepted,1236,211,1447
review_000307,1,306,accepted,1254,1610,2864
review_000308,1,307,accepted,1244,220,1464
review_000309,1,308,accepted,1241,249,1490
review_000310,1,309,accepted,1228,90,1318
review_000311,1,310,accepted,1223,90,1313
review_000312,1,311,accepted,1237,93,1330
review_000313,1,312,accepted,1234,90,1324
review_000314,1,313,accepted,1245,90,1335
review_000315,1,314,accepted,1224,90,1314
review_000316,1,315,accepted,1251,251,1502
review_000317,1,316,accepted,1242,90,1332
review_000318,1,317,accepted,1266,90,1356
review_000319,1,318,accepted,1222,86,1308
review_000320,1,319,accepted,1236,109,1345
review_000321,1,320,accepted,1248,90,1338
review_000322,1,321,accepted,1235,90,1325
review_000323,1,322,accepted,1228,88,1316
review_000324,1,323,accepted,1239,104,1343
review_000325,1,324,accepted,1235,86,1321
review_000326,1,325,accepted,1227,343,1570
review_000327,1,326,accepted,1224,90,1314
review_000328,1,327,accepted,1275,482,1757
review_000329,1,328,accepted,1228,90,1318
review_000330,1,329,accepted,1229,91,1320
review_000331,1,330,accepted,1237,88,1325
review_000332,1,331,accepted,1244,92,1336
review_000333,1,332,accepted,1245,256,1501
review_000334,1,333,accepted,1266,90,1356
review_000335,1,334,accepted,1260,90,1350
review_000336,1,335,accepted,1293,114,1407
review_000337,1,336,accepted,1236,90,1326
review_000338,1,337,accepted,1236,88,1324
review_000339,1,338,accepted,1283,137,1420
review_000340,1,339,accepted,1239,90,1329
review_000341,1,340,accepted,1228,90,1318
review_000342,1,341,accepted,1269,345,1614
review_000343,1,342,accepted,1265,255,1520
review_000344,1,343,accepted,1265,90,1355
review_000345,1,344,accepted,1218,93,1311
review_000346,1,345,accepted,1239,292,1531
review_000347,1,346,accepted,1259,352,1611
review_000348,1,347,accepted,1230,91,1321
review_000349,1,348,accepted,1284,233,1517
review_000350,1,349,accepted,1233,90,1323
review_000351,1,350,accepted,1277,90,1367
review_000352,1,351,accepted,1279,90,1369
review_000353,1,352,accepted,1311,520,1831
review_000354,1,353,accepted,1296,88,1384
review_000355,1,354,accepted,1317,183,1500
review_000356,1,355,accepted,1265,168,1433
review_000357,1,356,accepted,1304,193,1497
review_000358,1,357,accepted,1263,88,1351
review_000359,1,358,accepted,1258,90,1348
review_000360,1,359,accepted,1263,92,1355
review_000361,1,360,accepted,1310,90,1400
review_000362,1,361,accepted,1275,88,1363
review_000363,1,362,accepted,1315,213,1528
review_000364,1,363,accepted,1340,90,1430
review_000365,1,364,accepted,1280,546,1826
review_000366,1,365,accepted,1358,88,1446
review_000367,1,366,accepted,1316,90,1406
review_000368,1,367,accepted,1284,405,1689
review_000369,1,368,accepted,1288,88,1376
review_000370,1,369,accepted,1239,88,1327
review_000371,1,370,accepted,1284,88,1372
review_000372,1,371,accepted,1244,235,1479
review_000373,1,372,accepted,1328,575,1903
review_000374,1,373,accepted,1274,89,1363
review_000375,1,374,accepted,1342,92,1434
review_000376,1,375,accepted,1300,90,1390
review_000377,1,376,accepted,1354,91,1445
review_000378,1,377,accepted,1297,90,1387
review_000379,1,378,accepted,1282,572,1854
review_000380,1,379,accepted,1238,88,1326
review_000381,1,380,accepted,1279,233,1512
review_000382,1,381,accepted,1280,388,1668
review_000383,1,382,accepted,1283,90,1373
review_000384,1,383,accepted,1301,88,1389
review_000385,1,384,accepted,1303,90,1393
review_000386,1,385,accepted,1291,88,1379
review_000387,1,386,accepted,1375,462,1837
review_000388,1,387,accepted,1334,90,1424
review_000389,1,388,accepted,1380,246,1626
review_000390,1,389,accepted,1376,90,1466
review_000391,1,390,accepted,1393,90,1483
review_000392,1,391,accepted,1328,88,1416
review_000393,1,392,accepted,1383,247,1630
review_000394,1,393,accepted,1417,214,1631
review_000395,1,394,accepted,1346,264,1610
review_000396,1,395,accepted,1296,88,1384
review_000397,1,396,accepted,1296,92,1388
review_000398,1,397,accepted,1386,246,1632
review_000399,1,398,accepted,1344,208,1552
review_000400,1,399,accepted,1357,196,1553
review_000401,1,400,accepted,1277,90,1367
review_000402,1,401,accepted,1281,407,1688
review_000403,1,402,accepted,1318,494,1812
review_000404,1,403,accepted,1288,90,1378
review_000405,1,404,accepted,1309,158,1467
review_000406,1,405,accepted,1298,131,1429
review_000407,1,406,accepted,1293,90,1383
review_000408,1,407,accepted,1260,90,1350
review_000409,1,408,accepted,1275,390,1665
review_000410,1,409,accepted,1261,90,1351
review_000411,1,410,accepted,1309,517,1826
review_000412,1,411,accepted,1272,276,1548
review_000413,1,412,accepted,1353,211,1564
review_000414,1,413,accepted,1336,90,1426
review_000415,1,414,accepted,1298,90,1388
review_000416,1,415,accepted,1409,93,1502
review_000417,1,416,accepted,1325,92,1417
review_000418,1,417,accepted,1300,1055,2355
review_000419,1,418,accepted,1279,88,1367
review_000420,1,419,accepted,1237,90,1327
review_000421,1,420,accepted,1282,90,1372
review_000422,1,421,accepted,1252,249,1501
review_000423,1,422,accepted,1340,327,1667
review_000424,1,423,accepted,1278,90,1368
review_000425,1,424,accepted,1337,90,1427
review_000426,1,425,accepted,1294,90,1384
review_000427,1,426,accepted,1372,90,1462
review_000428,1,427,accepted,1291,257,1548
review_000429,1,428,accepted,1283,359,1642
review_000430,1,429,accepted,1236,88,1324
review_000431,1,430,accepted,1312,90,1402
review_000432,1,431,accepted,1275,90,1365
review_000433,1,432,accepted,1283,90,1373
review_000434,1,433,accepted,1297,357,1654
review_000435,1,434,accepted,1300,286,1586
review_000436,1,435,accepted,1300,90,1390
review_000437,1,436,accepted,1410,391,1801
review_000438,1,437,accepted,1355,384,1739
review_000439,1,438,accepted,1429,93,1522
review_000440,1,439,accepted,1387,90,1477
review_000441,1,440,accepted,1352,249,1601
review_000442,1,441,accepted,1323,90,1413
review_000443,1,442,accepted,1386,206,1592
review_000444,1,443,accepted,1355,300,1655
review_000445,1,444,accepted,1429,93,1522
review_000446,1,445,accepted,1294,88,1382
review_000447,1,446,accepted,1257,299,1556
review_000448,1,447,accepted,1377,90,1467
review_000449,1,448,accepted,1315,426,1741
review_000450,1,449,accepted,1383,90,1473
review_000451,1,450,accepted,1278,88,1366
review_000452,1,451,accepted,1285,90,1375
review_000453,1,452,accepted,1310,442,1752
review_000454,1,453,accepted,1302,92,1394
review_000455,1,454,accepted,1309,234,1543
review_000456,1,455,accepted,1279,90,1369
review_000457,1,456,accepted,1286,90,1376
review_000458,1,457,accepted,1262,88,1350
review_000459,1,458,accepted,1279,88,1367
review_000460,1,459,accepted,1253,86,1339
review_000461,1,460,accepted,1296,298,1594
review_000462,1,461,accepted,1284,90,1374
review_000463,1,462,accepted,1326,480,1806
review_000464,1,463,accepted,1321,343,1664
review_000465,1,464,accepted,1282,90,1372
review_000466,1,465,accepted,1373,639,2012
review_000467,1,466,accepted,1308,248,1556
review_000468,1,467,accepted,1285,355,1640
review_000469,1,468,accepted,1265,90,1355
review_000470,1,469,accepted,1232,86,1318
review_000471,1,470,accepted,1287,88,1375
review_000472,1,471,accepted,1255,217,1472
review_000473,1,472,accepted,1336,90,1426
review_000474,1,473,accepted,1279,90,1369
review_000475,1,474,accepted,1337,90,1427
review_000476,1,475,accepted,1318,90,1408
review_000477,1,476,accepted,1331,90,1421
review_000478,1,477,accepted,1323,249,1572
review_000479,1,478,accepted,1276,224,1500
review_000480,1,479,accepted,1235,119,1354
review_000481,1,480,accepted,1314,92,1406
review_000482,1,481,accepted,1256,225,1481
review_000483,1,482,accepted,1289,90,1379
review_000484,1,483,accepted,1308,463,1771
review_000485,1,484,accepted,1308,277,1585
review_000486,1,485,accepted,1308,90,1398
review_000487,1,486,accepted,1453,544,1997
review_000488,1,487,accepted,1348,92,1440
review_000489,1,488,accepted,1422,220,1642
review_000490,1,489,accepted,1381,344,1725
review_000491,1,490,accepted,1362,90,1452
review_000492,1,491,accepted,1324,92,1416
review_000493,1,492,accepted,1366,318,1684
review_000494,1,493,accepted,1348,240,1588
review_000495,1,494,accepted,1379,239,1618
review_000496,1,495,accepted,1289,86,1375
review_000497,1,496,accepted,1289,90,1379
review_000498,1,497,accepted,1383,443,1826
review_000499,1,498,accepted,1307,90,1397
review_000500,1,499,accepted,1356,535,1891
review_000501,1,500,accepted,1263,90,1353
review_000502,1,501,accepted,1274,92,1366
review_000503,1,502,accepted,1272,217,1489
review_000504,1,503,accepted,1210,84,1294
review_000505,1,504,accepted,1222,88,1310
review_000506,1,505,accepted,1228,90,1318
review_000507,1,506,accepted,1236,89,1325
review_000508,1,507,accepted,1273,90,1363
review_000509,1,508,accepted,1329,306,1635
review_000510,1,509,accepted,1234,88,1322
review_000511,1,510,accepted,1247,203,1450
review_000512,1,511,accepted,1240,92,1332
review_000513,1,512,accepted,1212,88,1300
review_000514,1,513,accepted,1221,90,1311
review_000515,1,514,accepted,1236,212,1448
review_000516,1,515,accepted,1267,194,1461
review_000517,1,516,accepted,1259,101,1360
review_000518,1,517,accepted,1258,487,1745
review_000519,1,518,accepted,1249,103,1352
review_000520,1,519,accepted,1227,257,1484
review_000521,1,520,accepted,1266,90,1356
review_000522,1,521,accepted,1220,86,1306
review_000523,1,522,accepted,1208,86,1294
review_000524,1,523,accepted,1240,90,1330
review_000525,1,524,accepted,1210,90,1300
review_000526,1,525,accepted,1248,495,1743
review_000527,1,526,accepted,1233,90,1323
review_000528,1,527,accepted,1277,90,1367
review_000529,1,528,accepted,1306,196,1502
review_000530,1,529,accepted,1246,275,1521
review_000531,1,530,accepted,1202,88,1290
review_000532,1,531,accepted,1260,255,1515
review_000533,1,533,accepted,1264,90,1354
review_000534,1,532,accepted,1324,217,1541
review_000535,1,534,accepted,1213,90,1303
review_000536,1,535,accepted,1215,92,1307
review_000537,1,536,accepted,1219,88,1307
review_000538,1,537,accepted,1216,87,1303
review_000539,1,538,accepted,1258,103,1361
review_000540,1,539,accepted,1232,86,1318
review_000541,1,540,accepted,1211,87,1298
review_000542,1,541,accepted,1212,88,1300
review_000543,1,542,accepted,1239,241,1480
review_000544,1,543,accepted,1205,86,1291
review_000545,1,544,accepted,1212,91,1303
review_000546,1,545,accepted,1215,84,1299
review_000547,1,546,accepted,1216,93,1309
review_000548,1,547,accepted,1250,90,1340
review_000549,1,548,accepted,1241,90,1331
review_000550,1,549,accepted,1267,159,1426
review_000551,1,550,accepted,1255,90,1345
review_000552,1,551,accepted,1278,90,1368
review_000553,1,552,accepted,1253,305,1558
review_000554,1,553,accepted,1211,86,1297
review_000555,1,554,accepted,1219,88,1307
review_000556,1,555,accepted,1273,90,1363
review_000557,1,556,accepted,1211,88,1299
review_000558,1,557,accepted,1230,95,1325
review_000559,1,558,accepted,1275,92,1367
review_000560,1,559,accepted,1242,90,1332
review_000561,1,560,accepted,1264,217,1481
review_000562,1,561,accepted,1221,85,1306
review_000563,1,562,accepted,1230,90,1320
review_000564,1,563,accepted,1233,88,1321
review_000565,1,564,accepted,1204,88,1292
review_000566,1,565,accepted,1253,90,1343
review_000567,1,566,accepted,1322,514,1836
review_000568,1,567,accepted,1261,90,1351
review_000569,1,568,accepted,1237,90,1327
review_000570,1,569,accepted,1236,90,1326
review_000571,1,570,accepted,1270,90,1360
review_000572,1,571,accepted,1217,86,1303
review_000573,1,572,accepted,1206,88,1294
review_000574,1,573,accepted,1205,103,1308
review_000575,1,574,accepted,1214,88,1302
review_000576,1,575,accepted,1246,90,1336
review_000577,1,576,accepted,1226,90,1316
review_000578,1,577,accepted,1222,88,1310
review_000579,1,578,accepted,1214,88,1302
review_000580,1,579,accepted,1271,90,1361
review_000581,1,580,accepted,1263,90,1353
review_000582,1,581,accepted,1255,351,1606
review_000583,1,582,accepted,1235,90,1325
review_000584,1,583,accepted,1259,90,1349
review_000585,1,584,accepted,1212,88,1300
review_000586,1,585,accepted,1213,89,1302
review_000587,1,586,accepted,1266,255,1521
review_000588,1,587,accepted,1216,89,1305
review_000589,1,588,accepted,1240,91,1331
review_000590,1,589,accepted,1250,88,1338
review_000591,1,590,accepted,1210,90,1300
review_000592,1,591,accepted,1216,87,1303
review_000593,1,592,accepted,1208,86,1294
review_000594,1,593,accepted,1209,89,1298
review_000595,1,594,accepted,1209,87,1296
review_000596,1,595,accepted,1212,86,1298
review_000597,1,596,accepted,1216,90,1306
review_000598,1,597,accepted,1215,86,1301
review_000599,1,598,accepted,1226,90,1316
review_000600,1,599,accepted,1260,189,1449
review_000601,1,600,accepted,1239,88,1327
review_000602,1,601,accepted,1287,90,1377
review_000603,1,602,accepted,1243,165,1408
review_000604,1,603,accepted,1211,85,1296
review_000605,1,604,accepted,1263,88,1351
review_000606,1,605,accepted,1224,86,1310
review_000607,1,606,accepted,1273,90,1363
review_000608,1,607,accepted,1269,90,1359
review_000609,1,608,accepted,1238,90,1328
review_000610,1,609,accepted,1257,631,1888
review_000611,1,610,accepted,1261,90,1351
review_000612,1,611,accepted,1248,90,1338
review_000613,1,612,accepted,1246,179,1425
review_000614,1,613,accepted,1230,90,1320
review_000615,1,614,accepted,1210,88,1298
review_000616,1,615,accepted,1309,88,1397
review_000617,1,616,accepted,1228,90,1318
review_000618,1,617,accepted,1263,88,1351
review_000619,1,618,accepted,1249,90,1339
review_000620,1,619,accepted,1244,90,1334
review_000621,1,620,accepted,1251,194,1445
review_000622,1,621,accepted,1217,86,1303
review_000623,1,622,accepted,1212,86,1298
review_000624,1,623,accepted,1213,88,1301
review_000625,1,624,accepted,1232,148,1380
review_000626,1,625,accepted,1211,89,1300
review_000627,1,626,accepted,1201,88,1289
review_000628,1,627,accepted,1250,90,1340
review_000629,1,628,accepted,1237,180,1417
review_000630,1,629,accepted,1287,497,1784
review_000631,1,630,accepted,1200,88,1288
review_000632,1,631,accepted,1241,90,1331
review_000633,1,632,accepted,1311,90,1401
review_000634,1,633,accepted,1302,412,1714
review_000635,1,634,accepted,1216,90,1306
review_000636,1,635,accepted,1212,90,1302
review_000637,1,636,accepted,1215,86,1301
review_000638,1,637,accepted,1211,91,1302
review_000639,1,638,accepted,1210,90,1300
review_000640,1,639,accepted,1213,85,1298
review_000641,1,640,accepted,1216,93,1309
review_000642,1,641,accepted,1213,88,1301
review_000643,1,642,accepted,1224,86,1310
review_000644,1,643,accepted,1208,86,1294
review_000645,1,644,accepted,1218,87,1305
review_000646,1,645,accepted,1213,92,1305
review_000647,1,646,accepted,1212,88,1300
review_000648,1,647,accepted,1238,90,1328
review_000649,1,648,accepted,1254,121,1375
review_000650,1,649,accepted,1262,235,1497
review_000651,1,650,accepted,1861,431,2292
review_000652,1,651,accepted,1271,89,1360
review_000653,1,652,accepted,1683,125,1808
review_000654,1,653,accepted,1221,88,1309
review_000655,1,654,accepted,1219,88,1307
review_000656,1,655,accepted,1433,116,1549
review_000657,1,656,accepted,1254,89,1343
review_000658,1,657,accepted,1226,80,1306
review_000659,1,658,accepted,1244,88,1332
review_000660,1,659,accepted,1224,88,1312
review_000661,1,660,accepted,1234,88,1322
review_000662,1,661,accepted,1241,90,1331
review_000663,1,662,accepted,1570,87,1657
review_000664,1,663,accepted,1350,87,1437
review_000665,1,664,accepted,1470,90,1560
review_000666,1,665,accepted,1326,89,1415
review_000667,1,666,accepted,1236,83,1319
review_000668,1,667,accepted,2035,90,2125
review_000669,1,668,accepted,1231,88,1319
review_000670,1,669,accepted,1236,88,1324
review_000671,1,670,accepted,1645,429,2074
review_000672,1,671,accepted,1253,88,1341
review_000673,1,672,accepted,1231,88,1319
review_000674,1,673,accepted,1506,90,1596
review_000675,1,674,accepted,1595,232,1827
review_000676,1,675,accepted,1647,850,2497
review_000677,1,676,accepted,1253,87,1340
review_000678,1,677,accepted,1248,88,1336
review_000679,1,678,accepted,1275,89,1364
review_000680,1,679,accepted,1344,92,1436
review_000681,1,680,accepted,1300,89,1389
review_000682,1,681,accepted,1738,498,2236
review_000684,1,682,accepted,1929,440,2369
review_000687,1,683,accepted,1230,85,1315
review_000688,1,684,accepted,1227,84,1311
review_000690,1,685,accepted,1326,90,1416
review_000691,1,686,accepted,1211,88,1299
review_000692,1,687,accepted,1217,87,1304
review_000694,1,688,accepted,1238,168,1406
review_000695,1,689,accepted,1220,84,1304
review_000696,1,690,accepted,1215,81,1296
review_000697,1,691,accepted,1234,87,1321
review_000698,1,692,accepted,1218,88,1306
review_000700,1,693,accepted,1571,87,1658
review_000701,1,694,accepted,1287,87,1374
review_000702,1,695,accepted,1343,90,1433
review_000703,1,696,accepted,2014,1724,3738
review_000705,1,697,accepted,1219,90,1309
review_000707,1,698,accepted,1278,89,1367
review_000708,1,699,accepted,1247,214,1461
review_000709,1,700,accepted,1257,90,1347
review_000710,1,701,accepted,1220,88,1308
review_000711,1,702,accepted,1573,623,2196
review_000712,1,703,accepted,1234,86,1320
review_000713,1,704,accepted,2055,87,2142
review_000714,1,705,accepted,1843,1462,3305
review_000715,1,706,accepted,1221,85,1306
review_000716,1,707,accepted,1255,89,1344
review_000717,1,708,accepted,1597,329,1926
review_000719,1,709,accepted,1248,90,1338
review_000720,1,710,accepted,1234,86,1320
review_000721,1,711,accepted,1571,320,1891
review_000722,1,712,accepted,1589,347,1936
review_000723,1,713,accepted,1254,87,1341
review_000724,1,714,accepted,1587,245,1832
review_000726,1,715,accepted,1655,353,2008
review_000727,1,716,accepted,1725,985,2710
review_000729,1,717,accepted,1241,81,1322
review_000730,1,718,accepted,1813,1276,3089
review_000731,1,719,accepted,1280,89,1369
review_000732,1,720,accepted,1459,89,1548
review_000734,1,721,accepted,1365,88,1453
review_000736,1,722,accepted,1240,90,1330
review_000737,1,723,accepted,1229,88,1317
review_000738,1,724,accepted,1220,88,1308
review_000740,1,725,accepted,1875,293,2168
review_000741,1,726,accepted,1217,87,1304
review_000742,1,727,accepted,1225,79,1304
review_000744,1,728,accepted,1231,84,1315
review_000745,1,729,accepted,1221,93,1314
review_000746,1,730,accepted,1540,97,1637
review_000747,1,731,accepted,1220,81,1301
review_000748,1,732,accepted,1246,88,1334
review_000750,1,733,accepted,1229,81,1310
review_000751,1,734,accepted,1301,90,1391
review_000752,1,735,accepted,1270,87,1357
review_000753,1,736,accepted,1898,842,2740
review_000754,1,737,accepted,1231,88,1319
review_000755,1,738,accepted,1220,90,1310
review_000758,1,739,accepted,1221,85,1306
review_000759,1,740,accepted,1224,86,1310
review_000760,1,741,accepted,1217,86,1303
review_000761,1,742,accepted,1231,84,1315
review_000762,1,743,accepted,1230,86,1316
review_000764,1,744,accepted,1772,1953,3725
review_000766,1,745,accepted,1257,87,1344
review_000767,1,746,accepted,1926,1824,3750
review_000769,1,747,accepted,1236,88,1324
review_000770,1,748,accepted,1238,88,1326
review_000771,1,749,accepted,1258,86,1344
review_000772,1,750,accepted,1268,90,1358
review_000773,1,751,accepted,1248,86,1334
review_000774,1,752,accepted,1520,91,1611
review_000775,1,753,accepted,1573,104,1677
review_000776,1,754,accepted,1556,387,1943
review_000777,1,755,accepted,1802,833,2635
review_000778,1,756,accepted,1236,84,1320
review_000779,1,757,accepted,1265,90,1355
review_000780,1,758,accepted,1380,90,1470
review_000781,1,759,accepted,1290,89,1379
review_000782,1,760,accepted,1448,89,1537
review_000784,1,761,accepted,1347,87,1434
review_000786,1,762,accepted,8690,151,8841
review_000787,1,763,accepted,1229,88,1317
review_000788,1,764,accepted,1217,86,1303
review_000790,1,765,accepted,1426,87,1513
review_000791,1,766,accepted,1225,87,1312
review_000792,1,767,accepted,1219,87,1306
review_000794,1,768,accepted,1267,90,1357
review_000795,1,769,accepted,1227,90,1317
review_000796,1,770,accepted,1226,85,1311
review_000797,1,771,accepted,1235,88,1323
review_000798,1,772,accepted,1238,88,1326
review_000800,1,773,accepted,1221,92,1313
review_000801,1,774,accepted,1280,90,1370
review_000802,1,775,accepted,1240,88,1328
review_000803,1,776,accepted,1271,90,1361
review_000804,1,777,accepted,1236,86,1322
review_000805,1,778,accepted,1269,90,1359
review_000806,1,779,accepted,1247,92,1339
review_000807,1,780,accepted,1307,347,1654
review_000808,1,781,accepted,1254,91,1345
review_000809,1,782,accepted,1288,90,1378
review_000810,1,783,accepted,1271,259,1530
review_000811,1,784,accepted,1275,90,1365
review_000812,1,785,accepted,1273,95,1368
review_000813,1,786,accepted,1297,173,1470
review_000814,1,787,accepted,1248,186,1434
review_000815,1,788,accepted,1238,256,1494
review_000816,1,789,accepted,1286,90,1376
review_000817,1,790,accepted,1253,176,1429
review_000818,1,791,accepted,1384,435,1819
review_000819,1,792,accepted,1311,88,1399
review_000820,1,793,accepted,1365,178,1543
review_000821,1,794,accepted,1298,213,1511
review_000822,1,795,accepted,1236,90,1326
review_000823,1,796,accepted,1225,86,1311
review_000824,1,797,accepted,1247,179,1426
review_000825,1,798,accepted,1259,318,1577
review_000826,1,799,accepted,1275,159,1434
review_000827,1,800,accepted,1212,90,1302
review_000828,1,801,accepted,1260,88,1348
review_000829,1,802,accepted,1264,88,1352
review_000830,1,803,accepted,1259,90,1349
review_000831,1,804,accepted,1234,90,1324
review_000832,1,805,accepted,1247,86,1333
review_000833,1,806,accepted,1423,438,1861
review_000834,1,807,accepted,1342,177,1519
review_000835,1,808,accepted,1224,190,1414
review_000836,1,809,accepted,1223,90,1313
review_000837,1,810,accepted,1270,106,1376
review_000838,1,811,accepted,1240,180,1420
review_000839,1,812,accepted,1259,178,1437
review_000840,1,813,accepted,1347,433,1780
review_000841,1,814,accepted,1254,221,1475
review_000842,1,815,accepted,1270,179,1449
review_000843,1,816,accepted,1267,231,1498
review_000844,1,817,accepted,1323,90,1413
review_000845,1,818,accepted,1250,326,1576
review_000846,1,819,accepted,1227,88,1315
review_000847,1,820,accepted,1219,90,1309
review_000848,1,821,accepted,1225,90,1315
review_000849,1,822,accepted,1239,192,1431
review_000850,1,823,accepted,1494,194,1688
review_000851,1,824,accepted,1285,220,1505
review_000852,1,825,accepted,1230,88,1318
review_000853,1,826,accepted,1279,90,1369
review_000854,1,827,accepted,1229,88,1317
review_000855,1,828,accepted,1246,431,1677
review_000856,1,829,accepted,1251,90,1341
review_000857,1,830,accepted,1275,90,1365
review_000858,1,831,accepted,1259,90,1349
review_000859,1,832,accepted,1286,170,1456
review_000860,1,833,accepted,1261,90,1351
review_000861,1,834,accepted,1278,90,1368
review_000862,1,835,accepted,1281,90,1371
review_000863,1,836,accepted,1261,251,1512
review_000864,1,837,accepted,1255,274,1529
review_000865,1,838,accepted,1240,90,1330
review_000866,1,839,accepted,1270,90,1360
review_000867,1,840,accepted,1217,110,1327
review_000868,1,841,accepted,1422,213,1635
review_000869,1,842,accepted,1318,124,1442
review_000870,1,843,accepted,1326,136,1462
review_000871,1,844,accepted,1278,90,1368
review_000872,1,845,accepted,1322,90,1412
review_000873,1,846,accepted,1254,90,1344
review_000874,1,847,accepted,1228,169,1397
review_000875,1,848,accepted,1279,93,1372
review_000876,1,849,accepted,1257,295,1552
review_000877,1,850,accepted,1247,180,1427
review_000878,1,851,accepted,1242,90,1332
review_000879,1,852,accepted,1260,88,1348
review_000880,1,853,accepted,1267,90,1357
review_000881,1,854,accepted,1243,88,1331
review_000882,1,855,accepted,1340,90,1430
review_000883,1,856,accepted,1551,90,1641
review_000884,1,857,accepted,1331,295,1626
review_000885,1,858,accepted,1215,86,1301
review_000886,1,859,accepted,1235,90,1325
review_000887,1,860,accepted,1247,222,1469
review_000888,1,861,accepted,1216,86,1302
review_000889,1,862,accepted,1231,207,1438
review_000890,1,863,accepted,1329,163,1492
review_000891,1,864,accepted,1263,90,1353
review_000892,1,865,accepted,1208,90,1298
review_000893,1,866,accepted,1223,90,1313
review_000894,1,867,accepted,1310,269,1579
review_000895,1,868,accepted,1280,343,1623
review_000896,1,869,accepted,1296,185,1481
review_000897,1,870,accepted,1214,88,1302
review_000898,1,871,accepted,1217,88,1305
review_000899,1,872,accepted,1253,159,1412
review_000900,1,873,accepted,1429,157,1586
review_000901,1,874,accepted,1296,90,1386
review_000902,1,875,accepted,1315,112,1427
review_000903,1,876,accepted,1264,90,1354
review_000904,1,877,accepted,1228,88,1316
review_000905,1,878,accepted,1244,579,1823
review_000906,1,879,accepted,1295,160,1455
review_000907,1,880,accepted,1266,288,1554
review_000908,1,881,accepted,1270,90,1360
review_000909,1,882,accepted,1276,265,1541
review_000910,1,883,accepted,1262,86,1348
review_000911,1,884,accepted,1267,90,1357
review_000912,1,885,accepted,1301,93,1394
review_000913,1,886,accepted,1422,279,1701
review_000914,1,887,accepted,1285,229,1514
review_000915,1,888,accepted,1208,90,1298
review_000916,1,889,accepted,1298,90,1388
review_000917,1,890,accepted,1246,188,1434
review_000918,1,891,accepted,1723,90,1813
review_000919,1,892,accepted,1292,88,1380
review_000920,1,893,accepted,1367,167,1534
review_000921,1,894,accepted,1301,90,1391
review_000922,1,895,accepted,1245,90,1335
review_000923,1,896,accepted,1278,90,1368
review_000924,1,897,accepted,1214,100,1314
review_000925,1,898,accepted,1356,179,1535
review_000926,1,899,accepted,1239,259,1498
review_000927,1,900,accepted,1239,90,1329
review_000928,1,901,accepted,1260,90,1350
review_000929,1,902,accepted,1234,90,1324
review_000930,1,903,accepted,1260,241,1501
review_000931,1,904,accepted,1217,90,1307
review_000932,1,905,accepted,1287,92,1379
review_000933,1,906,accepted,1282,181,1463
review_000934,1,907,accepted,1344,262,1606
review_000935,1,908,accepted,1217,88,1305
review_000936,1,909,accepted,1212,88,1300
review_000937,1,910,accepted,1252,170,1422
review_000938,1,911,accepted,1217,88,1305
review_000939,1,912,accepted,1222,90,1312
review_000940,1,913,accepted,1333,194,1527
review_000941,1,914,accepted,1246,313,1559
review_000942,1,915,accepted,1209,88,1297
review_000943,1,916,accepted,1263,221,1484
review_000944,1,917,accepted,1353,200,1553
review_000945,1,918,accepted,1302,301,1603
review_000946,1,919,accepted,1241,88,1329
review_000947,1,920,accepted,1217,86,1303
review_000948,1,921,accepted,1210,90,1300
review_000949,1,922,accepted,1221,90,1311
review_000950,1,923,accepted,1836,2205,4041
review_000951,1,924,accepted,1229,321,1550
review_000952,1,925,accepted,1213,118,1331
review_000953,1,926,accepted,1204,86,1290
review_000954,1,927,accepted,1230,90,1320
review_000955,1,928,accepted,1308,263,1571
review_000956,1,929,accepted,1318,199,1517
review_000957,1,930,accepted,1317,241,1558
review_000958,1,931,accepted,1304,387,1691
review_000959,1,932,accepted,1275,214,1489
review_000960,1,933,accepted,1304,212,1516
review_000961,1,934,accepted,1274,364,1638
review_000962,1,935,accepted,1301,201,1502
review_000963,1,936,accepted,1318,299,1617
review_000964,1,937,accepted,1293,90,1383
review_000965,1,938,accepted,1305,255,1560
review_000966,1,939,accepted,1304,175,1479
review_000967,1,940,accepted,1325,90,1415
review_000968,1,941,accepted,1252,426,1678
review_000969,1,942,accepted,1294,237,1531
review_000970,1,943,accepted,1290,246,1536
review_000971,1,944,accepted,1318,211,1529
review_000972,1,945,accepted,1284,222,1506
review_000973,1,946,accepted,1307,182,1489
review_000974,1,947,accepted,1313,90,1403
review_000975,1,948,accepted,1304,333,1637
review_000976,1,949,accepted,1311,90,1401
review_000977,1,950,accepted,1307,209,1516
review_000978,1,951,accepted,1271,172,1443
review_000979,1,952,accepted,1296,208,1504
review_000980,1,953,accepted,1299,182,1481
review_000981,1,954,accepted,1303,211,1514
review_000982,1,955,accepted,1254,90,1344
review_000983,1,956,accepted,1235,90,1325
review_000984,1,957,accepted,1266,255,1521
review_000985,1,958,accepted,1232,90,1322
review_000986,1,959,accepted,1235,88,1323
review_000987,1,960,accepted,1300,317,1617
review_000988,1,961,accepted,1226,90,1316
review_000989,1,962,accepted,1218,86,1304
review_000990,1,963,accepted,1324,90,1414
review_000991,1,964,accepted,1184,87,1271
review_000992,1,965,accepted,1349,223,1572
review_000993,1,966,accepted,1319,412,1731
review_000994,1,967,accepted,1190,88,1278
review_000995,1,968,accepted,1341,398,1739
review_000996,1,969,accepted,1319,89,1408
review_000997,1,970,accepted,1188,88,1276
review_000998,1,971,accepted,1254,111,1365
review_000999,1,972,accepted,1207,86,1293
review_001000,1,973,accepted,1309,90,1399
review_001001,1,974,accepted,1237,265,1502
review_001002,1,975,accepted,1211,204,1415
review_001003,1,976,accepted,1209,86,1295
review_001004,1,977,accepted,1230,90,1320
review_001005,1,978,accepted,1317,395,1712
review_001006,1,979,accepted,1314,231,1545
review_001007,1,980,accepted,1328,90,1418
review_001008,1,981,accepted,1319,90,1409
review_001009,1,982,accepted,1274,197,1471
review_001010,1,983,accepted,1304,271,1575
review_001011,1,984,accepted,1277,90,1367
review_001012,1,985,accepted,1291,240,1531
review_001013,1,986,accepted,1309,90,1399
review_001014,1,987,accepted,1288,446,1734
review_001015,1,988,accepted,1305,232,1537
review_001016,1,989,accepted,1306,199,1505
review_001017,1,990,accepted,1328,238,1566
review_001018,1,991,accepted,1250,274,1524
review_001019,1,992,accepted,1300,327,1627
review_001020,1,993,accepted,1293,395,1688
review_001021,1,994,accepted,1304,194,1498
review_001022,1,995,accepted,1276,243,1519
review_001023,1,996,accepted,1305,294,1599
review_001024,1,997,accepted,1301,90,1391
review_001025,1,998,accepted,1309,250,1559
review_001026,1,999,accepted,1312,90,1402
review_001027,1,1000,accepted,1299,219,1518
review_001028,1,1001,accepted,1285,198,1483
review_001029,1,1002,accepted,1299,201,1500
review_001030,1,1003,accepted,1301,223,1524
review_001031,1,1004,accepted,1305,176,1481
review_001032,1,1005,accepted,1255,233,1488
review_001033,1,1006,accepted,1233,90,1323
review_001034,1,1007,accepted,1265,279,1544
review_001035,1,1008,accepted,1222,90,1312
review_001036,1,1009,accepted,1234,92,1326
review_001037,1,1010,accepted,1312,277,1589
review_001038,1,1011,accepted,1219,204,1423
review_001039,1,1012,accepted,1222,86,1308
review_001040,1,1013,accepted,1322,185,1507
review_001041,1,1014,accepted,1191,80,1271
review_001042,1,1015,accepted,1345,412,1757
review_001043,1,1016,accepted,1309,428,1737
review_001044,1,1017,accepted,1201,79,1280
review_001045,1,1018,accepted,1361,225,1586
review_001046,1,1019,accepted,1310,192,1502
review_001047,1,1020,accepted,1186,81,1267
review_001048,1,1021,accepted,1249,104,1353
review_001049,1,1022,accepted,1212,86,1298
review_001050,1,1023,accepted,1312,90,1402
review_001051,1,1024,accepted,1230,182,1412
review_001052,1,1025,accepted,1209,121,1330
review_001053,1,1026,accepted,1207,86,1293
review_001054,1,1027,accepted,1225,90,1315
review_001055,1,1028,accepted,1314,90,1404
review_001056,1,1029,accepted,1323,249,1572
review_001057,1,1030,accepted,1312,182,1494
review_001058,1,1031,accepted,1310,224,1534
review_001059,1,1032,accepted,1280,90,1370
review_001060,1,1033,accepted,1299,230,1529
review_001061,1,1034,accepted,1281,211,1492
review_001062,1,1035,accepted,1302,205,1507
review_001063,1,1036,accepted,1313,90,1403
review_001064,1,1037,accepted,1288,315,1603
review_001065,1,1038,accepted,1296,230,1526
review_001066,1,1039,accepted,1309,211,1520
review_001067,1,1040,accepted,1335,90,1425
review_001068,1,1041,accepted,1252,351,1603
review_001069,1,1042,accepted,1286,321,1607
review_001070,1,1043,accepted,1301,349,1650
review_001071,1,1044,accepted,1307,234,1541
review_001072,1,1045,accepted,1274,209,1483
review_001073,1,1046,accepted,1310,386,1696
review_001074,1,1047,accepted,1309,90,1399
review_001075,1,1048,accepted,1305,382,1687
review_001076,1,1049,accepted,1317,86,1403
review_001077,1,1050,accepted,1311,211,1522
review_001078,1,1051,accepted,1277,335,1612
review_001079,1,1052,accepted,1298,238,1536
review_001080,1,1053,accepted,1301,241,1542
review_001081,1,1054,accepted,1307,209,1516
review_001082,1,1055,accepted,1253,192,1445
review_001083,1,1056,accepted,1230,90,1320
review_001084,1,1057,accepted,1261,242,1503
review_001085,1,1058,accepted,1222,90,1312
review_001086,1,1059,accepted,1229,90,1319
review_001087,1,1060,accepted,1310,381,1691
review_001088,1,1061,accepted,1224,201,1425
review_001089,1,1062,accepted,1231,88,1319
review_001090,1,1063,accepted,1311,197,1508
review_001091,1,1064,accepted,1195,79,1274
review_001092,1,1065,accepted,1348,90,1438
review_001093,1,1066,accepted,1305,306,1611
review_001094,1,1067,accepted,1196,79,1275
review_001095,1,1068,accepted,1343,276,1619
review_001096,1,1069,accepted,1306,165,1471
review_001097,1,1070,accepted,1251,147,1398
review_001098,1,1071,accepted,1255,109,1364
review_001099,1,1072,accepted,1211,88,1299
review_001100,1,1073,accepted,1301,162,1463
review_001101,1,1074,accepted,1464,136,1600
review_001102,1,1075,accepted,1482,162,1644
review_001103,1,1076,accepted,1590,287,1877
review_001104,1,1077,accepted,1488,157,1645
review_001105,1,1078,accepted,1283,225,1508
review_001106,1,1079,accepted,1263,319,1582
review_001107,1,1080,accepted,1315,189,1504
review_001108,1,1081,accepted,1392,165,1557
review_001109,1,1082,accepted,1369,137,1506
review_001110,1,1083,accepted,1396,211,1607
review_001111,1,1084,accepted,1390,249,1639
review_001112,1,1085,accepted,1446,247,1693
review_001113,1,1086,accepted,1444,166,1610
review_001114,1,1087,accepted,1494,300,1794
review_001115,1,1088,accepted,1228,113,1341
review_001116,1,1089,accepted,1343,90,1433
review_001117,1,1090,accepted,1381,225,1606
review_001118,1,1091,accepted,1424,961,2385
review_001119,1,1092,accepted,1399,150,1549
review_001120,1,1093,accepted,1521,299,1820
review_001121,1,1094,accepted,1468,192,1660
review_001122,1,1095,accepted,1385,148,1533
review_001123,1,1096,accepted,1430,242,1672
review_001124,1,1097,accepted,1202,109,1311
review_001125,1,1098,accepted,1204,95,1299
review_001126,1,1099,accepted,1354,124,1478
review_001127,1,1100,accepted,1348,216,1564
review_001128,1,1101,accepted,1383,173,1556
review_001129,1,1102,accepted,1428,135,1563
review_001130,1,1103,accepted,1273,192,1465
review_001131,1,1104,accepted,1443,129,1572
review_001132,1,1105,accepted,1337,200,1537
review_001133,1,1106,accepted,1410,222,1632
review_001134,1,1107,accepted,1434,214,1648
review_001135,1,1108,accepted,1232,270,1502
review_001136,1,1109,accepted,1242,206,1448
review_001137,1,1110,accepted,1250,90,1340
review_001138,1,1111,accepted,1284,100,1384
review_001139,1,1112,accepted,1251,370,1621
review_001140,1,1113,accepted,1542,90,1632
review_001141,1,1114,accepted,1270,212,1482
review_001142,1,1115,accepted,1222,114,1336
review_001143,1,1116,accepted,1237,86,1323
review_001144,1,1117,accepted,1239,117,1356
review_001145,1,1118,accepted,1220,204,1424
review_001146,1,1119,accepted,1301,101,1402
review_001147,1,1120,accepted,1215,97,1312
review_001148,1,1121,accepted,1225,88,1313
review_001149,1,1122,accepted,1353,205,1558
review_001150,1,1123,accepted,1884,156,2040
review_001151,1,1124,accepted,1469,154,1623
review_001152,1,1125,accepted,1494,286,1780
review_001153,1,1126,accepted,1453,232,1685
review_001154,1,1127,accepted,1346,145,1491
review_001155,1,1128,accepted,1333,166,1499
review_001156,1,1129,accepted,1350,174,1524
review_001157,1,1130,accepted,1418,186,1604
review_001158,1,1131,accepted,1325,140,1465
review_001159,1,1132,accepted,1399,367,1766
review_001160,1,1133,accepted,1403,182,1585
review_001161,1,1134,accepted,1392,167,1559
review_001162,1,1135,accepted,1398,234,1632
review_001163,1,1136,accepted,1436,140,1576
review_001164,1,1137,accepted,1475,239,1714
review_001165,1,1138,accepted,1232,211,1443
review_001166,1,1139,accepted,1454,614,2068
review_001167,1,1140,accepted,1307,182,1489
review_001168,1,1141,accepted,1400,184,1584
review_001169,1,1142,accepted,1373,162,1535
review_001170,1,1143,accepted,1442,256,1698
review_001171,1,1144,accepted,1449,98,1547
review_001172,1,1145,accepted,1425,90,1515
review_001173,1,1146,accepted,1465,168,1633
review_001174,1,1147,accepted,1204,107,1311
review_001175,1,1148,accepted,1215,103,1318
review_001176,1,1149,accepted,1302,816,2118
review_001177,1,1150,accepted,1369,394,1763
review_001178,1,1151,accepted,1269,88,1357
review_001179,1,1152,accepted,1440,413,1853
review_001180,1,1153,accepted,1367,214,1581
review_001181,1,1154,accepted,1467,106,1573
review_001182,1,1155,accepted,1401,95,1496
review_001183,1,1156,accepted,1416,246,1662
review_001184,1,1157,accepted,1412,192,1604
review_001185,1,1158,accepted,1267,90,1357
review_001186,1,1159,accepted,1216,99,1315
review_001187,1,1160,accepted,1223,90,1313
review_001188,1,1161,accepted,1269,88,1357
review_001189,1,1162,accepted,1229,90,1319
review_001190,1,1163,accepted,1646,483,2129
review_001191,1,1164,accepted,1232,115,1347
review_001192,1,1165,accepted,1235,106,1341
review_001193,1,1166,accepted,1244,106,1350
review_001194,1,1167,accepted,1299,171,1470
review_001195,1,1168,accepted,1224,88,1312
review_001196,1,1169,accepted,1255,90,1345
review_001197,1,1170,accepted,1277,359,1636
review_001198,1,1171,accepted,1248,91,1339
review_001199,1,1172,accepted,1359,182,1541
review_001200,1,1173,accepted,2041,1323,3364
review_001201,1,1174,accepted,1486,265,1751
review_001202,1,1175,accepted,1373,209,1582
review_001203,1,1176,accepted,1541,126,1667
review_001204,1,1177,accepted,1480,155,1635
review_001205,1,1178,accepted,1307,197,1504
review_001206,1,1179,accepted,1322,235,1557
review_001207,1,1180,accepted,1450,211,1661
review_001208,1,1181,accepted,1369,228,1597
review_001209,1,1182,accepted,1237,90,1327
review_001210,1,1183,accepted,1400,247,1647
review_001211,1,1184,accepted,1289,219,1508
review_001212,1,1185,accepted,1406,191,1597
review_001213,1,1186,accepted,1437,150,1587
review_001214,1,1187,accepted,1411,187,1598
review_001215,1,1188,accepted,1267,90,1357
review_001216,1,1189,accepted,1506,309,1815
review_001217,1,1190,accepted,1582,160,1742
review_001218,1,1191,accepted,1394,212,1606
review_001219,1,1192,accepted,1430,185,1615
review_001220,1,1193,accepted,1422,158,1580
review_001221,1,1194,accepted,1459,144,1603
review_001222,1,1195,accepted,1570,214,1784
review_001223,1,1196,accepted,1458,144,1602
review_001224,1,1197,accepted,1204,105,1309
review_001225,1,1198,accepted,1207,88,1295
review_001226,1,1199,accepted,1422,229,1651
review_001227,1,1200,accepted,1549,168,1717
review_001228,1,1201,accepted,1275,102,1377
review_001229,1,1202,accepted,1398,181,1579
review_001230,1,1203,accepted,1417,103,1520
review_001231,1,1204,accepted,1468,913,2381
review_001232,1,1205,accepted,1233,86,1319
review_001233,1,1206,accepted,1417,276,1693
review_001234,1,1207,accepted,1430,316,1746
review_001235,1,1208,accepted,1284,90,1374
review_001236,1,1209,accepted,1258,182,1440
review_001237,1,1210,accepted,1251,105,1356
review_001238,1,1211,accepted,1242,105,1347
review_001239,1,1212,accepted,1259,292,1551
review_001240,1,1213,accepted,1527,287,1814
review_001241,1,1214,accepted,1272,310,1582
review_001242,1,1215,accepted,1214,88,1302
review_001243,1,1216,accepted,1246,107,1353
review_001244,1,1217,accepted,1206,133,1339
review_001245,1,1218,accepted,1287,92,1379
review_001246,1,1219,accepted,1289,274,1563
review_001247,1,1220,accepted,1267,157,1424
review_001248,1,1221,accepted,1226,90,1316
review_001249,1,1222,accepted,1313,225,1538
review_001250,1,1223,accepted,2619,90,2709
review_001251,1,1224,accepted,1253,93,1346
review_001252,1,1225,accepted,1503,252,1755
review_001253,1,1226,accepted,1283,96,1379
review_001254,1,1227,accepted,1222,86,1308
review_001255,1,1228,accepted,1243,88,1331
review_001256,1,1229,accepted,1352,286,1638
review_001257,1,1230,accepted,1487,266,1753
review_001258,1,1231,accepted,1374,324,1698
review_001259,1,1232,accepted,1279,151,1430
review_001260,1,1233,accepted,1369,90,1459
review_001261,1,1234,accepted,1316,90,1406
review_001262,1,1235,accepted,1298,90,1388
review_001263,1,1236,accepted,1469,90,1559
review_001264,1,1237,accepted,1415,414,1829
review_001265,1,1238,accepted,1233,90,1323
review_001266,1,1239,accepted,1677,90,1767
review_001267,1,1240,accepted,1241,148,1389
review_001268,1,1241,accepted,1480,90,1570
review_001269,1,1242,accepted,1410,251,1661
review_001270,1,1243,accepted,1544,90,1634
review_001271,1,1244,accepted,1361,200,1561
review_001272,1,1245,accepted,1516,90,1606
review_001273,1,1246,accepted,1426,88,1514
review_001274,1,1247,accepted,1281,102,1383
review_001275,1,1248,accepted,1349,147,1496
review_001276,1,1249,accepted,1508,614,2122
review_001277,1,1250,accepted,1457,299,1756
review_001278,1,1251,accepted,1466,90,1556
review_001279,1,1252,accepted,1370,90,1460
review_001280,1,1253,accepted,1551,565,2116
review_001281,1,1254,accepted,1505,90,1595
review_001282,1,1255,accepted,1466,90,1556
review_001283,1,1256,accepted,1504,90,1594
review_001284,1,1257,accepted,1375,90,1465
review_001285,1,1258,accepted,1232,90,1322
review_001286,1,1259,accepted,1245,90,1335
review_001287,1,1260,accepted,1299,173,1472
review_001288,1,1261,accepted,1187,86,1273
review_001289,1,1262,accepted,1406,90,1496
review_001290,1,1263,accepted,1533,92,1625
review_001291,1,1264,accepted,1196,87,1283
review_001292,1,1265,accepted,1223,88,1311
review_001293,1,1266,accepted,1410,364,1774
review_001294,1,1267,accepted,1193,82,1275
review_001295,1,1268,accepted,1193,88,1281
review_001296,1,1269,accepted,1193,81,1274
review_001297,1,1270,accepted,1190,84,1274
review_001298,1,1271,accepted,1365,90,1455
review_001299,1,1272,accepted,1294,90,1384
review_001300,1,1273,accepted,1453,90,1543
review_001301,1,1274,accepted,1493,245,1738
review_001302,1,1275,accepted,1326,104,1430
review_001303,1,1276,accepted,1547,469,2016
review_001304,1,1277,accepted,1432,191,1623
review_001305,1,1278,accepted,1331,328,1659
review_001306,1,1279,accepted,1438,93,1531
review_001307,1,1280,accepted,1278,348,1626
review_001308,1,1281,accepted,1302,278,1580
review_001309,1,1282,accepted,1290,295,1585
review_001310,1,1283,accepted,1255,90,1345
review_001311,1,1284,accepted,1239,90,1329
review_001312,1,1285,accepted,1320,90,1410
review_001313,1,1286,accepted,1377,189,1566
review_001314,1,1287,accepted,1443,457,1900
review_001315,1,1288,accepted,1232,90,1322
review_001316,1,1289,accepted,1453,90,1543
review_001317,1,1290,accepted,1224,120,1344
review_001318,1,1291,accepted,1473,90,1563
review_001319,1,1292,accepted,1407,90,1497
review_001320,1,1293,accepted,1376,90,1466
review_001321,1,1294,accepted,1436,264,1700
review_001322,1,1295,accepted,1475,90,1565
review_001323,1,1296,accepted,1495,336,1831
review_001324,1,1297,accepted,1500,233,1733
review_001325,1,1298,accepted,1411,457,1868
review_001326,1,1299,accepted,1495,199,1694
review_001327,1,1300,accepted,1616,657,2273
review_001328,1,1301,accepted,1407,340,1747
review_001329,1,1302,accepted,1389,568,1957
review_001330,1,1303,accepted,1543,715,2258
review_001331,1,1304,accepted,1520,90,1610
review_001332,1,1305,accepted,1337,88,1425
review_001333,1,1306,accepted,1350,107,1457
review_001334,1,1307,accepted,1346,91,1437
review_001335,1,1308,accepted,1241,90,1331
review_001336,1,1309,accepted,1261,90,1351
review_001337,1,1310,accepted,1438,232,1670
review_001338,1,1311,accepted,1199,81,1280
review_001339,1,1312,accepted,1546,276,1822
review_001340,1,1313,accepted,1480,90,1570
review_001341,1,1314,accepted,1193,82,1275
review_001342,1,1315,accepted,1220,94,1314
review_001343,1,1316,accepted,1410,656,2066
review_001344,1,1317,accepted,1194,81,1275
review_001345,1,1318,accepted,1198,84,1282
review_001346,1,1319,accepted,1192,82,1274
review_001347,1,1320,accepted,1194,82,1276
review_001348,1,1321,accepted,1426,88,1514
review_001349,1,1322,accepted,1271,448,1719
review_001350,1,1323,accepted,1490,90,1580
review_001351,1,1324,accepted,1443,93,1536
review_001352,1,1325,accepted,1557,90,1647
review_001353,1,1326,accepted,1242,90,1332
review_001354,1,1327,accepted,1644,90,1734
review_001355,1,1328,accepted,1338,181,1519
review_001356,1,1329,accepted,1439,90,1529
review_001357,1,1330,accepted,1238,86,1324
review_001358,1,1331,accepted,1302,90,1392
review_001359,1,1332,accepted,1273,155,1428
review_001360,1,1333,accepted,1232,90,1322
review_001361,1,1334,accepted,1441,90,1531
review_001362,1,1335,accepted,1395,588,1983
review_001363,1,1336,accepted,1622,384,2006
review_001364,1,1337,accepted,1373,90,1463
review_001365,1,1338,accepted,1262,90,1352
review_001366,1,1339,accepted,1570,90,1660
review_001367,1,1340,accepted,1262,90,1352
review_001368,1,1341,accepted,1512,92,1604
review_001369,1,1342,accepted,1506,594,2100
review_001370,1,1343,accepted,1454,185,1639
review_001371,1,1344,accepted,1362,253,1615
review_001372,1,1345,accepted,1316,90,1406
review_001373,1,1346,accepted,1653,535,2188
review_001374,1,1347,accepted,1434,90,1524
review_001375,1,1348,accepted,1449,280,1729
review_001376,1,1349,accepted,1475,911,2386
review_001377,1,1350,accepted,1685,90,1775
review_001378,1,1351,accepted,1381,170,1551
review_001379,1,1352,accepted,1676,420,2096
review_001380,1,1353,accepted,1657,90,1747
review_001381,1,1354,accepted,1650,90,1740
review_001382,1,1355,accepted,1608,90,1698
review_001383,1,1356,accepted,1519,916,2435
review_001384,1,1357,accepted,1268,162,1430
review_001385,1,1358,accepted,1266,90,1356
review_001386,1,1359,accepted,1243,88,1331
review_001387,1,1360,accepted,1271,90,1361
review_001388,1,1361,accepted,1192,88,1280
review_001389,1,1362,accepted,1238,92,1330
review_001390,1,1363,accepted,1583,90,1673
review_001391,1,1364,accepted,1190,82,1272
review_001392,1,1365,accepted,1207,90,1297
review_001393,1,1366,accepted,1495,491,1986
review_001394,1,1367,accepted,1194,88,1282
review_001395,1,1368,accepted,1182,88,1270
review_001396,1,1369,accepted,1193,88,1281
review_001397,1,1370,accepted,1191,81,1272
review_001398,1,1371,accepted,1228,88,1316
review_001399,1,1372,accepted,1527,314,1841
review_001400,1,1373,accepted,1545,185,1730
review_001401,1,1374,accepted,1267,90,1357
review_001402,1,1375,accepted,1222,90,1312
review_001403,1,1376,accepted,1227,90,1317
review_001404,1,1377,accepted,1220,87,1307
review_001405,1,1378,accepted,1242,90,1332
review_001406,1,1379,accepted,1226,88,1314
review_001407,1,1380,accepted,1269,90,1359
review_001408,1,1381,accepted,1248,286,1534
review_001409,1,1382,accepted,1259,285,1544
review_001410,1,1383,accepted,1246,199,1445
review_001411,1,1384,accepted,1268,90,1358
review_001412,1,1385,accepted,1258,97,1355
review_001413,1,1386,accepted,1220,90,1310
review_001414,1,1387,accepted,1272,90,1362
review_001415,1,1388,accepted,1208,88,1296
review_001416,1,1389,accepted,1283,88,1371
review_001417,1,1390,accepted,1204,88,1292
review_001418,1,1391,accepted,1279,90,1369
review_001419,1,1392,accepted,1275,201,1476
review_001420,1,1393,accepted,1260,250,1510
review_001421,1,1394,accepted,1237,122,1359
review_001422,1,1395,accepted,1216,88,1304
review_001423,1,1396,accepted,1230,90,1320
review_001424,1,1397,accepted,1232,115,1347
review_001425,1,1398,accepted,1208,98,1306
review_001426,1,1399,accepted,1214,405,1619
review_001427,1,1400,accepted,1238,100,1338
review_001428,1,1401,accepted,1214,86,1300
review_001429,1,1402,accepted,1232,90,1322
review_001430,1,1403,accepted,1270,90,1360
review_001431,1,1404,accepted,1199,88,1287
review_001432,1,1405,accepted,1258,88,1346
review_001433,1,1406,accepted,1291,90,1381
review_001434,1,1407,accepted,1303,90,1393
review_001435,1,1408,accepted,1208,92,1300
review_001436,1,1409,accepted,1196,87,1283
review_001437,1,1410,accepted,1208,88,1296
review_001438,1,1411,accepted,1196,83,1279
review_001439,1,1412,accepted,1220,88,1308
review_001440,1,1413,accepted,1300,208,1508
review_001441,1,1414,accepted,1190,89,1279
review_001442,1,1415,accepted,1276,302,1578
review_001443,1,1416,accepted,1271,90,1361
review_001444,1,1417,accepted,1192,89,1281
review_001445,1,1418,accepted,1271,90,1361
review_001446,1,1419,accepted,1246,90,1336
review_001447,1,1420,accepted,1205,89,1294
review_001448,1,1421,accepted,1297,552,1849
review_001449,1,1422,accepted,1216,200,1416
review_001450,1,1423,accepted,1259,267,1526
review_001451,1,1424,accepted,1239,90,1329
review_001452,1,1425,accepted,1223,88,1311
review_001453,1,1426,accepted,1253,160,1413
review_001454,1,1427,accepted,1243,90,1333
review_001455,1,1428,accepted,1239,506,1745
review_001456,1,1429,accepted,1263,500,1763
review_001457,1,1430,accepted,1270,224,1494
review_001458,1,1431,accepted,1256,90,1346
review_001459,1,1432,accepted,1246,88,1334
review_001460,1,1433,accepted,1249,160,1409
review_001461,1,1434,accepted,1282,90,1372
review_001462,1,1435,accepted,1255,90,1345
review_001463,1,1436,accepted,1222,90,1312
review_001464,1,1437,accepted,1238,347,1585
review_001465,1,1438,accepted,1195,88,1283
review_001466,1,1439,accepted,1264,90,1354
review_001467,1,1440,accepted,1228,111,1339
review_001468,1,1441,accepted,1280,90,1370
review_001469,1,1442,accepted,1264,90,1354
review_001470,1,1443,accepted,1269,90,1359
review_001471,1,1444,accepted,1259,92,1351
review_001472,1,1445,accepted,1217,90,1307
review_001473,1,1446,accepted,1230,90,1320
review_001474,1,1447,accepted,1253,183,1436
review_001475,1,1448,accepted,1234,90,1324
review_001476,1,1449,accepted,1203,322,1525
review_001477,1,1450,accepted,1260,145,1405
review_001478,1,1451,accepted,1208,86,1294
review_001479,1,1452,accepted,1216,84,1300
review_001480,1,1453,accepted,1240,348,1588
review_001481,1,1454,accepted,1255,153,1408
review_001482,1,1455,accepted,1218,249,1467
review_001483,1,1456,accepted,1296,90,1386
review_001484,1,1457,accepted,1263,90,1353
review_001485,1,1458,accepted,1214,90,1304
review_001486,1,1459,accepted,1199,89,1288
review_001487,1,1460,accepted,1231,90,1321
review_001488,1,1461,accepted,1209,90,1299
review_001489,1,1462,accepted,1216,86,1302
review_001490,1,1463,accepted,1299,194,1493
review_001491,1,1464,accepted,1193,89,1282
review_001492,1,1465,accepted,1223,88,1311
review_001493,1,1466,accepted,1256,90,1346
review_001494,1,1467,accepted,1208,88,1296
review_001495,1,1468,accepted,1215,88,1303
review_001496,1,1469,accepted,1247,90,1337
review_001497,1,1470,accepted,1209,86,1295
review_001498,1,1471,accepted,1252,316,1568
review_001499,1,1472,accepted,1267,90,1357
review_001500,1,1473,accepted,1279,225,1504
review_001501,1,1474,accepted,1295,88,1383
review_001502,1,1475,accepted,1217,86,1303
review_001503,1,1476,accepted,1225,89,1314
review_001504,1,1477,accepted,1223,88,1311
review_001505,1,1478,accepted,1265,88,1353
review_001506,1,1479,accepted,1248,90,1338
review_001507,1,1480,accepted,1262,297,1559
review_001508,1,1481,accepted,1242,90,1332
review_001509,1,1482,accepted,1268,286,1554
review_001510,1,1483,accepted,1236,90,1326
review_001511,1,1484,accepted,1266,90,1356
review_001512,1,1485,accepted,1268,90,1358
review_001513,1,1486,accepted,1220,88,1308
review_001514,1,1487,accepted,1259,90,1349
review_001515,1,1488,accepted,1203,88,1291
review_001516,1,1489,accepted,1292,90,1382
review_001517,1,1490,accepted,1236,104,1340
review_001518,1,1491,accepted,1270,233,1503
review_001519,1,1492,accepted,1260,90,1350
review_001520,1,1493,accepted,1270,90,1360
review_001521,1,1494,accepted,1235,282,1517
review_001522,1,1495,accepted,1238,90,1328
review_001523,1,1496,accepted,1240,90,1330
review_001524,1,1497,accepted,1203,102,1305
review_001525,1,1498,accepted,1271,90,1361
review_001526,1,1499,accepted,1207,90,1297
review_001527,1,1500,accepted,1265,90,1355
review_001528,1,1501,accepted,1289,90,1379
review_001529,1,1503,accepted,1212,90,1302
review_001530,1,1502,accepted,1276,88,1364
review_001531,1,1504,accepted,1205,88,1293
review_001532,1,1505,accepted,1234,88,1322
review_001533,1,1506,accepted,1294,208,1502
review_001534,1,1507,accepted,1283,171,1454
review_001535,1,1508,accepted,1215,86,1301
review_001536,1,1509,accepted,1203,83,1286
review_001537,1,1510,accepted,1202,91,1293
review_001538,1,1511,accepted,1192,89,1281
review_001539,1,1512,accepted,1216,88,1304
review_001540,1,1513,accepted,1296,146,1442
review_001541,1,1514,accepted,1193,89,1282
review_001542,1,1515,accepted,1223,88,1311
review_001543,1,1516,accepted,1291,237,1528
review_001544,1,1517,accepted,1203,89,1292
review_001545,1,1518,accepted,1187,87,1274
review_001546,1,1519,accepted,1214,88,1302
review_001547,1,1520,accepted,1209,92,1301
review_001548,1,1521,accepted,1234,92,1326
review_001549,1,1522,accepted,1217,88,1305
review_001550,1,1523,accepted,1274,90,1364
review_001551,1,1524,accepted,1307,90,1397
review_001552,1,1525,accepted,1417,90,1507
review_001553,1,1526,accepted,1252,88,1340
review_001554,1,1527,accepted,1226,86,1312
review_001555,1,1528,accepted,1305,216,1521
review_001556,1,1529,accepted,1268,90,1358
review_001557,1,1530,accepted,1349,89,1438
review_001558,1,1531,accepted,1331,88,1419
review_001559,1,1532,accepted,1358,88,1446
review_001560,1,1533,accepted,1253,90,1343
review_001561,1,1534,accepted,1380,90,1470
review_001562,1,1535,accepted,1252,528,1780
review_001563,1,1536,accepted,1422,259,1681
review_001564,1,1537,accepted,1352,355,1707
review_001565,1,1538,accepted,1344,90,1434
review_001566,1,1539,accepted,1381,253,1634
review_001567,1,1540,accepted,1321,90,1411
review_001568,1,1541,accepted,1253,88,1341
review_001569,1,1542,accepted,1354,90,1444
review_001570,1,1543,accepted,1356,242,1598
review_001571,1,1544,accepted,1329,163,1492
review_001572,1,1545,accepted,1268,90,1358
review_001573,1,1546,accepted,1283,163,1446
review_001574,1,1547,accepted,1337,90,1427
review_001575,1,1548,accepted,1328,90,1418
review_001576,1,1549,accepted,1300,90,1390
review_001577,1,1550,accepted,1451,90,1541
review_001578,1,1551,accepted,1320,90,1410
review_001579,1,1552,accepted,1318,92,1410
review_001580,1,1553,accepted,1282,93,1375
review_001581,1,1554,accepted,1409,90,1499
review_001582,1,1555,accepted,1279,236,1515
review_001583,1,1556,accepted,1266,427,1693
review_001584,1,1557,accepted,1255,90,1345
review_001585,1,1558,accepted,1339,90,1429
review_001586,1,1559,accepted,1329,397,1726
review_001587,1,1560,accepted,1368,90,1458
review_001588,1,1561,accepted,1224,88,1312
review_001589,1,1562,accepted,1342,90,1432
review_001590,1,1563,accepted,1361,90,1451
review_001591,1,1564,accepted,1226,86,1312
review_001592,1,1565,accepted,1220,88,1308
review_001593,1,1566,accepted,1371,207,1578
review_001594,1,1567,accepted,1221,88,1309
review_001595,1,1568,accepted,1222,86,1308
review_001596,1,1569,accepted,1225,84,1309
review_001597,1,1570,accepted,1220,84,1304
review_001598,1,1571,accepted,1313,162,1475
review_001599,1,1572,accepted,1373,232,1605
review_001600,1,1573,accepted,1432,226,1658
review_001601,1,1574,accepted,1321,88,1409
review_001602,1,1575,accepted,1410,255,1665
review_001603,1,1576,accepted,1248,137,1385
review_001604,1,1577,accepted,1228,90,1318
review_001605,1,1578,accepted,1276,90,1366
review_001606,1,1579,accepted,1244,451,1695
review_001607,1,1580,accepted,1364,88,1452
review_001608,1,1581,accepted,1228,345,1573
review_001609,1,1582,accepted,1246,87,1333
review_001610,1,1583,accepted,1253,90,1343
review_001611,1,1584,accepted,1352,274,1626
review_001612,1,1585,accepted,1249,168,1417
review_001613,1,1586,accepted,1299,88,1387
review_001614,1,1587,accepted,1311,88,1399
review_001615,1,1588,accepted,1332,88,1420
review_001616,1,1589,accepted,1355,90,1445
review_001617,1,1590,accepted,1400,331,1731
review_001618,1,1591,accepted,1288,90,1378
review_001619,1,1592,accepted,1316,90,1406
review_001620,1,1593,accepted,1354,292,1646
review_001621,1,1594,accepted,1352,90,1442
review_001622,1,1595,accepted,1264,90,1354
review_001623,1,1596,accepted,1293,90,1383
review_001624,1,1597,accepted,1348,88,1436
review_001625,1,1598,accepted,1323,223,1546
review_001626,1,1599,accepted,1427,181,1608
review_001627,1,1600,accepted,1377,90,1467
review_001628,1,1601,accepted,1393,208,1601
review_001629,1,1602,accepted,1322,92,1414
review_001630,1,1603,accepted,1312,90,1402
review_001631,1,1604,accepted,1399,229,1628
review_001632,1,1605,accepted,1267,90,1357
review_001633,1,1606,accepted,1269,329,1598
review_001634,1,1607,accepted,1249,90,1339
review_001635,1,1608,accepted,1401,90,1491
review_001636,1,1609,accepted,1328,90,1418
review_001637,1,1610,accepted,1375,90,1465
review_001638,1,1611,accepted,1219,84,1303
review_001639,1,1612,accepted,1340,90,1430
review_001640,1,1613,accepted,1396,262,1658
review_001641,1,1614,accepted,1214,90,1304
review_001642,1,1615,accepted,1212,88,1300
review_001643,1,1616,accepted,1401,90,1491
review_001644,1,1617,accepted,1228,84,1312
review_001645,1,1618,accepted,1220,88,1308
review_001646,1,1619,accepted,1221,86,1307
review_001647,1,1621,accepted,1220,88,1308
review_001648,1,1620,accepted,1307,196,1503
review_001649,1,1622,accepted,1357,90,1447
review_001650,1,1623,accepted,1445,197,1642
review_001651,1,1624,accepted,1287,88,1375
review_001652,1,1625,accepted,1419,230,1649
review_001653,1,1626,accepted,1248,86,1334
review_001654,1,1627,accepted,1221,84,1305
review_001655,1,1628,accepted,1248,480,1728
review_001656,1,1629,accepted,1294,785,2079
review_001657,1,1630,accepted,1298,88,1386
review_001658,1,1631,accepted,1234,367,1601
review_001659,1,1632,accepted,1239,90,1329
review_001660,1,1633,accepted,1230,449,1679
review_001661,1,1634,accepted,1267,94,1361
review_001662,1,1635,accepted,1265,341,1606
review_001663,1,1636,accepted,1328,398,1726
review_001664,1,1637,accepted,1366,90,1456
review_001665,1,1638,accepted,1292,560,1852
review_001666,1,1639,accepted,1436,213,1649
review_001667,1,1640,accepted,1434,181,1615
review_001668,1,1641,accepted,1320,477,1797
review_001669,1,1642,accepted,1329,88,1417
review_001670,1,1643,accepted,1356,240,1596
review_001671,1,1644,accepted,1310,90,1400
review_001672,1,1645,accepted,1258,92,1350
review_001673,1,1646,accepted,1299,181,1480
review_001674,1,1647,accepted,1367,90,1457
review_001675,1,1648,accepted,1351,90,1441
review_001676,1,1649,accepted,1426,235,1661
review_001677,1,1650,accepted,1371,274,1645
review_001678,1,1651,accepted,1363,102,1465
review_001679,1,1652,accepted,1313,90,1403
review_001680,1,1653,accepted,1306,90,1396
review_001681,1,1654,accepted,1350,90,1440
review_001682,1,1655,accepted,1271,171,1442
review_001683,1,1656,accepted,1271,496,1767
review_001684,1,1657,accepted,1248,88,1336
review_001685,1,1658,accepted,1352,90,1442
review_001686,1,1659,accepted,1318,824,2142
review_001687,1,1660,accepted,1376,310,1686
review_001688,1,1661,accepted,1224,86,1310
review_001689,1,1662,accepted,1344,244,1588
review_001690,1,1663,accepted,1365,90,1455
review_001691,1,1664,accepted,1223,86,1309
review_001692,1,1665,accepted,1214,90,1304
review_001693,1,1666,accepted,1329,90,1419
review_001694,1,1667,accepted,1216,87,1303
review_001695,1,1668,accepted,1231,88,1319
review_001696,1,1669,accepted,1218,88,1306
review_001697,1,1670,accepted,1223,86,1309
review_001698,1,1671,accepted,1331,90,1421
review_001699,1,1672,accepted,1422,90,1512
review_001700,1,1673,accepted,1442,249,1691
review_001701,1,1674,accepted,2048,90,2138
review_001702,1,1675,accepted,2051,90,2141
review_001703,1,1676,accepted,2194,446,2640
review_001704,1,1677,accepted,2509,90,2599
review_001705,1,1678,accepted,1393,210,1603
review_001706,1,1679,accepted,1477,879,2356
review_001707,1,1680,accepted,1637,193,1830
review_001708,1,1681,accepted,1534,90,1624
review_001709,1,1682,accepted,1400,88,1488
review_001710,1,1683,accepted,1470,88,1558
review_001711,1,1684,accepted,1538,520,2058
review_001712,1,1685,accepted,1474,88,1562
review_001713,1,1686,accepted,1616,267,1883
review_001714,1,1687,accepted,1572,247,1819
review_001715,1,1688,accepted,1813,320,2133
review_001716,1,1689,accepted,1855,90,1945
review_001717,1,1690,accepted,1665,90,1755
review_001718,1,1691,accepted,1554,90,1644
review_001719,1,1692,accepted,1847,90,1937
review_001720,1,1693,accepted,1698,298,1996
review_001721,1,1694,accepted,2003,383,2386
review_001722,1,1695,accepted,1565,90,1655
review_001723,1,1696,accepted,1647,90,1737
review_001724,1,1697,accepted,1819,90,1909
review_001725,1,1698,accepted,1654,207,1861
review_001726,1,1699,accepted,1560,93,1653
review_001727,1,1700,accepted,1748,216,1964
review_001728,1,1701,accepted,1772,90,1862
review_001729,1,1702,accepted,1776,298,2074
review_001730,1,1703,accepted,1682,90,1772
review_001731,1,1704,accepted,1964,187,2151
review_001732,1,1705,accepted,1390,90,1480
review_001733,1,1706,accepted,2067,119,2186
review_001734,1,1707,accepted,1911,90,2001
review_001735,1,1708,accepted,1703,238,1941
review_001736,1,1709,accepted,1808,92,1900
review_001737,1,1710,accepted,1866,212,2078
review_001738,1,1711,accepted,1584,178,1762
review_001739,1,1712,accepted,1939,90,2029
review_001740,1,1713,accepted,1695,249,1944
review_001741,1,1714,accepted,1725,206,1931
review_001742,1,1715,accepted,1545,681,2226
review_001743,1,1716,accepted,1886,184,2070
review_001744,1,1717,accepted,1695,241,1936
review_001745,1,1718,accepted,1706,90,1796
review_001746,1,1719,accepted,1607,1289,2896
review_001747,1,1720,accepted,1712,93,1805
review_001748,1,1721,accepted,1577,90,1667
review_001749,1,1722,accepted,2012,357,2369
review_001750,1,1723,accepted,2269,400,2669
review_001751,1,1724,accepted,1904,90,1994
review_001752,1,1725,accepted,1863,90,1953
review_001753,1,1726,accepted,1920,277,2197
review_001754,1,1727,accepted,2474,92,2566
review_001755,1,1728,accepted,1434,537,1971
review_001756,1,1729,accepted,1419,185,1604
review_001757,1,1730,accepted,1483,90,1573
review_001758,1,1731,accepted,1645,200,1845
review_001759,1,1732,accepted,1423,90,1513
review_001760,1,1733,accepted,1531,491,2022
review_001761,1,1734,accepted,1552,488,2040
review_001762,1,1735,accepted,1515,90,1605
review_001763,1,1736,accepted,1648,208,1856
review_001764,1,1737,accepted,1834,334,2168
review_001765,1,1738,accepted,1598,179,1777
review_001766,1,1739,accepted,1934,90,2024
review_001767,1,1740,accepted,1617,90,1707
review_001768,1,1741,accepted,1522,90,1612
review_001769,1,1742,accepted,1909,173,2082
review_001770,1,1743,accepted,1538,188,1726
review_001771,1,1744,accepted,1786,270,2056
review_001772,1,1745,accepted,1661,89,1750
review_001773,1,1746,accepted,1697,681,2378
review_001774,1,1747,accepted,1590,232,1822
review_001775,1,1748,accepted,1672,246,1918
review_001776,1,1749,accepted,1683,256,1939
review_001777,1,1750,accepted,1867,221,2088
review_001778,1,1751,accepted,1719,266,1985
review_001779,1,1752,accepted,2010,471,2481
review_001780,1,1753,accepted,1953,90,2043
review_001781,1,1754,accepted,1900,90,1990
review_001782,1,1755,accepted,1456,463,1919
review_001783,1,1756,accepted,2035,253,2288
review_001784,1,1757,accepted,1845,351,2196
review_001785,1,1758,accepted,1715,1872,3587
review_001786,1,1759,accepted,1637,1416,3053
review_001787,1,1760,accepted,1756,256,2012
review_001788,1,1761,accepted,1566,92,1658
review_001789,1,1762,accepted,1878,90,1968
review_001790,1,1763,accepted,1875,90,1965
review_001791,1,1764,accepted,2043,90,2133
review_001792,1,1765,accepted,1589,237,1826
review_001793,1,1766,accepted,1992,329,2321
review_001794,1,1767,accepted,1817,90,1907
review_001795,1,1768,accepted,1921,455,2376
review_001796,1,1769,accepted,1857,91,1948
review_001797,1,1770,accepted,1506,92,1598
review_001798,1,1771,accepted,1529,90,1619
review_001799,1,1772,accepted,1638,206,1844
review_001800,1,1773,accepted,2246,373,2619
review_001801,1,1774,accepted,2041,92,2133
review_001802,1,1775,accepted,2160,380,2540
review_001803,1,1776,accepted,1783,93,1876
review_001804,1,1777,accepted,1978,269,2247
review_001805,1,1778,accepted,1708,90,1798
review_001806,1,1779,accepted,1381,90,1471
review_001807,1,1780,accepted,1610,92,1702
review_001808,1,1781,accepted,1542,455,1997
review_001809,1,1782,accepted,1457,90,1547
review_001810,1,1783,accepted,1516,356,1872
review_001811,1,1784,accepted,1618,445,2063
review_001812,1,1785,accepted,1572,181,1753
review_001813,1,1786,accepted,1653,303,1956
review_001814,1,1787,accepted,1634,255,1889
review_001815,1,1788,accepted,1545,237,1782
review_001816,1,1789,accepted,2003,363,2366
review_001817,1,1790,accepted,1950,257,2207
review_001818,1,1791,accepted,1476,269,1745
review_001819,1,1792,accepted,1696,90,1786
review_001820,1,1793,accepted,1712,292,2004
review_001821,1,1794,accepted,1945,249,2194
review_001822,1,1795,accepted,1698,90,1788
review_001823,1,1796,accepted,1878,220,2098
review_001824,1,1797,accepted,1730,93,1823
review_001825,1,1798,accepted,1722,398,2120
review_001826,1,1799,accepted,1655,231,1886
review_001827,1,1800,accepted,1647,200,1847
review_001828,1,1801,accepted,1758,260,2018
review_001829,1,1802,accepted,1813,273,2086
review_001830,1,1803,accepted,1695,370,2065
review_001831,1,1804,accepted,1788,341,2129
review_001832,1,1805,accepted,1495,90,1585
review_001833,1,1806,accepted,2482,165,2647
review_001834,1,1807,accepted,1947,183,2130
review_001835,1,1808,accepted,1776,90,1866
review_001836,1,1809,accepted,1564,876,2440
review_001837,1,1810,accepted,1831,307,2138
review_001838,1,1811,accepted,1648,93,1741
review_001839,1,1812,accepted,1791,90,1881
review_001840,1,1813,accepted,1753,189,1942
review_001841,1,1814,accepted,1833,298,2131
review_001842,1,1815,accepted,1393,90,1483
review_001843,1,1816,accepted,1632,196,1828
review_001844,1,1817,accepted,1774,315,2089
review_001845,1,1818,accepted,1913,248,2161
review_001846,1,1819,accepted,1603,92,1695
review_001847,1,1820,accepted,1660,90,1750
review_001848,1,1821,accepted,1913,202,2115
review_001849,1,1822,accepted,2043,90,2133
review_001850,1,1823,accepted,2388,93,2481
review_001851,1,1824,accepted,1339,423,1762
review_001852,1,1825,accepted,1231,86,1317
review_001853,1,1826,accepted,1451,90,1541
review_001854,1,1827,accepted,1387,90,1477
review_001855,1,1828,accepted,1448,631,2079
review_001856,1,1829,accepted,1466,453,1919
review_001857,1,1830,accepted,1308,90,1398
review_001858,1,1831,accepted,1370,90,1460
review_001859,1,1832,accepted,1304,1215,2519
review_001860,1,1833,accepted,1356,301,1657
review_001861,1,1834,accepted,1336,826,2162
review_001862,1,1835,accepted,1336,90,1426
review_001863,1,1836,accepted,1390,91,1481
review_001864,1,1837,accepted,1367,92,1459
review_001865,1,1838,accepted,1410,475,1885
review_001866,1,1839,accepted,1344,90,1434
review_001867,1,1840,accepted,1378,352,1730
review_001868,1,1841,accepted,1337,1166,2503
review_001869,1,1842,accepted,1388,90,1478
review_001870,1,1843,accepted,1429,90,1519
review_001871,1,1844,accepted,1419,381,1800
review_001872,1,1845,accepted,1394,350,1744
review_001873,1,1846,accepted,1355,185,1540
review_001874,1,1847,accepted,1412,354,1766
review_001875,1,1848,accepted,1371,784,2155
review_001876,1,1849,accepted,1398,90,1488
review_001877,1,1850,accepted,1267,90,1357
review_001878,1,1851,accepted,1366,90,1456
review_001879,1,1852,accepted,1359,345,1704
review_001880,1,1853,accepted,1369,507,1876
review_001881,1,1854,accepted,1409,90,1499
review_001882,1,1855,accepted,1339,381,1720
review_001883,1,1856,accepted,1396,88,1484
review_001884,1,1857,accepted,1387,396,1783
review_001885,1,1858,accepted,1369,538,1907
review_001886,1,1859,accepted,1287,90,1377
review_001887,1,1860,accepted,1397,416,1813
review_001888,1,1861,accepted,1339,90,1429
review_001889,1,1862,accepted,1432,90,1522
review_001890,1,1863,accepted,1540,90,1630
review_001891,1,1864,accepted,1416,90,1506
review_001892,1,1865,accepted,1380,1353,2733
review_001893,1,1866,accepted,1336,90,1426
review_001894,1,1867,accepted,1425,90,1515
review_001895,1,1868,accepted,1415,255,1670
review_001896,1,1869,accepted,1355,90,1445
review_001897,1,1870,accepted,1300,90,1390
review_001898,1,1871,accepted,1419,90,1509
review_001899,1,1872,accepted,1325,575,1900
review_001900,1,1873,accepted,1483,90,1573
review_001901,1,1874,accepted,1392,348,1740
review_001902,1,1875,accepted,1319,352,1671
review_001903,1,1876,accepted,1394,468,1862
review_001904,1,1877,accepted,1246,92,1338
review_001905,1,1878,accepted,1412,88,1500
review_001906,1,1879,accepted,1283,90,1373
review_001907,1,1880,accepted,1364,372,1736
review_001908,1,1881,accepted,1312,417,1729
review_001909,1,1882,accepted,1331,364,1695
review_001910,1,1883,accepted,1318,1375,2693
review_001911,1,1884,accepted,1320,589,1909
review_001912,1,1885,accepted,1332,796,2128
review_001913,1,1886,accepted,1437,404,1841
review_001914,1,1887,accepted,1455,93,1548
review_001915,1,1888,accepted,1379,297,1676
review_001916,1,1889,accepted,1333,90,1423
review_001917,1,1890,accepted,1371,437,1808
review_001918,1,1891,accepted,1345,90,1435
review_001919,1,1892,accepted,1392,90,1482
review_001920,1,1893,accepted,1316,90,1406
review_001921,1,1894,accepted,1347,86,1433
review_001922,1,1895,accepted,1344,359,1703
review_001923,1,1896,accepted,1397,90,1487
review_001924,1,1897,accepted,1374,481,1855
review_001925,1,1898,accepted,1445,90,1535
review_001926,1,1899,accepted,1380,90,1470
review_001927,1,1900,accepted,1351,90,1441
review_001928,1,1901,accepted,1399,620,2019
review_001929,1,1902,accepted,1368,291,1659
review_001930,1,1903,accepted,1380,450,1830
review_001931,1,1904,accepted,1286,90,1376
review_001932,1,1905,accepted,1387,93,1480
review_001933,1,1906,accepted,1368,90,1458
review_001934,1,1907,accepted,1345,90,1435
review_001935,1,1908,accepted,1329,90,1419
review_001936,1,1909,accepted,1239,127,1366
review_001937,1,1910,accepted,1342,566,1908
review_001938,1,1911,accepted,1297,88,1385
review_001939,1,1912,accepted,1349,301,1650
review_001940,1,1913,accepted,1263,90,1353
review_001941,1,1914,accepted,1402,90,1492
review_001942,1,1915,accepted,1474,90,1564
review_001943,1,1916,accepted,1344,90,1434
review_001944,1,1917,accepted,1405,366,1771
review_001945,1,1918,accepted,1470,445,1915
review_001946,1,1919,accepted,1432,90,1522
review_001947,1,1920,accepted,1432,579,2011
review_001948,1,1921,accepted,1456,160,1616
review_001949,1,1922,accepted,1326,369,1695
review_001950,1,1923,accepted,1443,106,1549
review_001951,1,1924,accepted,1399,90,1489
review_001952,1,1925,accepted,1233,88,1321
review_001953,1,1926,accepted,1347,235,1582
review_001954,1,1927,accepted,1258,88,1346
review_001955,1,1928,accepted,1408,90,1498
review_001956,1,1929,accepted,1444,686,2130
review_001957,1,1930,accepted,1343,536,1879
review_001958,1,1931,accepted,1301,403,1704
review_001959,1,1932,accepted,1326,90,1416
review_001960,1,1933,accepted,1352,88,1440
review_001961,1,1934,accepted,1340,88,1428
review_001962,1,1935,accepted,1359,378,1737
review_001963,1,1936,accepted,1305,94,1399
review_001964,1,1937,accepted,1433,396,1829
review_001965,1,1938,accepted,1424,530,1954
review_001966,1,1939,accepted,1352,345,1697
review_001967,1,1940,accepted,1399,93,1492
review_001968,1,1941,accepted,1340,88,1428
review_001969,1,1942,accepted,1335,509,1844
review_001970,1,1943,accepted,1373,90,1463
review_001971,1,1944,accepted,1402,1092,2494
review_001972,1,1945,accepted,1366,155,1521
review_001973,1,1946,accepted,1416,157,1573
review_001974,1,1947,accepted,1319,385,1704
review_001975,1,1948,accepted,1374,90,1464
review_001976,1,1949,accepted,1441,90,1531
review_001977,1,1950,accepted,1453,90,1543
review_001978,1,1951,accepted,1423,90,1513
review_001979,1,1952,accepted,1387,383,1770
review_001980,1,1953,accepted,1388,90,1478
review_001981,1,1954,accepted,1437,90,1527
review_001982,1,1955,accepted,1386,498,1884
review_001983,1,1956,accepted,1348,93,1441
review_001984,1,1957,accepted,1311,227,1538
review_001985,1,1958,accepted,1339,90,1429
review_001986,1,1959,accepted,1287,90,1377
review_001987,1,1960,accepted,1429,577,2006
review_001988,1,1961,accepted,1307,530,1837
review_001989,1,1962,accepted,1356,803,2159
review_001990,1,1963,accepted,1480,460,1940
review_001991,1,1964,accepted,1401,92,1493
review_001992,1,1965,accepted,1396,815,2211
review_001993,1,1966,accepted,1345,88,1433
review_001994,1,1967,accepted,1357,514,1871
review_001995,1,1968,accepted,1285,90,1375
review_001996,1,1969,accepted,1421,876,2297
review_001997,1,1970,accepted,1303,90,1393
review_001998,1,1971,accepted,1376,92,1468
review_001999,1,1972,accepted,1322,92,1414
review_002000,1,1973,accepted,1414,90,1504
review_002001,1,1974,accepted,1346,174,1520
review_002002,1,1975,accepted,1248,90,1338
review_002003,1,1976,accepted,1356,90,1446
review_002004,1,1977,accepted,1385,93,1478
review_002005,1,1978,accepted,1229,89,1318
review_002006,1,1979,accepted,1500,90,1590
review_002007,1,1980,accepted,1261,86,1347
review_002008,1,1981,accepted,1290,665,1955
review_002009,1,1982,accepted,1303,318,1621
review_002010,1,1983,accepted,1321,539,1860
review_002011,1,1984,accepted,1285,647,1932
review_002012,1,1985,accepted,1257,240,1497
review_002013,1,1986,accepted,1365,205,1570
review_002014,1,1987,accepted,1377,254,1631
review_002015,1,1988,accepted,1327,92,1419
review_002016,1,1989,accepted,1431,288,1719
review_002017,1,1990,accepted,1379,90,1469
review_002018,1,1991,accepted,1277,89,1366
review_002019,1,1992,accepted,1359,90,1449
review_002020,1,1993,accepted,1318,93,1411
review_002021,1,1994,accepted,1369,612,1981
review_002022,1,1995,accepted,1274,198,1472
review_002023,1,1996,accepted,1316,90,1406
review_002024,1,1997,accepted,1313,197,1510
review_002025,1,1998,accepted,1344,90,1434
review_002026,1,1999,accepted,1363,488,1851
review_002027,1,2000,accepted,1332,445,1777
review_002028,1,2001,accepted,1297,272,1569
review_002029,1,2002,accepted,1352,90,1442
review_002030,1,2003,accepted,1320,1742,3062
review_002031,1,2004,accepted,1310,93,1403
review_002032,1,2005,accepted,1309,88,1397
review_002033,1,2006,accepted,1375,677,2052
review_002034,1,2007,accepted,1238,90,1328
review_002035,1,2008,accepted,1355,90,1445
review_002036,1,2009,accepted,1373,639,2012
review_002037,1,2010,accepted,1435,93,1528
review_002038,1,2011,accepted,1434,90,1524
review_002039,1,2012,accepted,1421,90,1511
review_002040,1,2013,accepted,1398,88,1486
review_002041,1,2014,accepted,1496,93,1589
review_002042,1,2015,accepted,1334,90,1424
review_002043,1,2016,accepted,1397,90,1487
review_002044,1,2017,accepted,1365,90,1455
review_002045,1,2018,accepted,1445,90,1535
review_002046,1,2019,accepted,1353,730,2083
review_002047,1,2020,accepted,1261,160,1421
review_002048,1,2021,accepted,1502,93,1595
review_002049,1,2022,accepted,1392,566,1958
review_002050,1,2023,accepted,1553,869,2422
review_002051,1,2024,accepted,1355,90,1445
review_002052,1,2025,accepted,1248,90,1338
review_002053,1,2026,accepted,1356,90,1446
review_002054,1,2027,accepted,1390,88,1478
review_002055,1,2028,accepted,1229,90,1319
review_002056,1,2029,accepted,1296,246,1542
review_002057,1,2030,accepted,1354,90,1444
review_002058,1,2031,accepted,1286,471,1757
review_002059,1,2032,accepted,1311,88,1399
review_002060,1,2033,accepted,1320,497,1817
review_002061,1,2034,accepted,1351,3332,4683
review_002062,1,2035,accepted,1255,229,1484
review_002063,1,2036,accepted,1365,722,2087
review_002064,1,2037,accepted,1384,90,1474
review_002065,1,2038,accepted,1317,305,1622
review_002066,1,2039,accepted,1473,585,2058
review_002067,1,2040,accepted,1365,347,1712
review_002068,1,2041,accepted,1273,92,1365
review_002069,1,2042,accepted,1359,90,1449
review_002070,1,2043,accepted,1310,90,1400
review_002071,1,2044,accepted,1371,290,1661
review_002072,1,2045,accepted,1281,217,1498
review_002073,1,2046,accepted,1309,90,1399
review_002074,1,2047,accepted,1312,157,1469
review_002075,1,2048,accepted,1345,90,1435
review_002076,1,2049,accepted,1365,405,1770
review_002077,1,2050,accepted,1333,502,1835
review_002078,1,2051,accepted,1304,399,1703
review_002079,1,2052,accepted,1347,90,1437
review_002080,1,2053,accepted,1318,691,2009
review_002081,1,2054,accepted,1312,90,1402
review_002082,1,2055,accepted,1305,88,1393
review_002083,1,2056,accepted,1369,264,1633
review_002084,1,2057,accepted,1241,91,1332
review_002085,1,2058,accepted,1351,359,1710
review_002086,1,2059,accepted,1376,342,1718
review_002087,1,2060,accepted,1476,91,1567
review_002088,1,2061,accepted,1478,90,1568
review_002089,1,2062,accepted,1537,90,1627
review_002090,1,2063,accepted,1400,90,1490
review_002091,1,2064,accepted,1310,90,1400
review_002092,1,2065,accepted,1331,90,1421
review_002093,1,2066,accepted,1379,90,1469
review_002094,1,2067,accepted,1504,213,1717
review_002095,1,2068,accepted,1443,90,1533
review_002096,1,2069,accepted,1356,685,2041
review_002097,1,2070,accepted,1262,174,1436
review_002098,1,2071,accepted,1404,368,1772
review_002099,1,2072,accepted,1374,192,1566
review_002100,1,2073,accepted,1574,550,2124
review_002101,1,2074,accepted,1359,90,1449
review_002102,1,2075,accepted,1254,90,1344
review_002103,1,2076,accepted,1349,90,1439
review_002104,1,2077,accepted,1328,90,1418
review_002105,1,2078,accepted,1320,267,1587
review_002106,1,2079,accepted,1212,84,1296
review_002107,1,2080,accepted,1289,90,1379
review_002108,1,2081,accepted,1298,646,1944
review_002109,1,2082,accepted,1304,289,1593
review_002110,1,2083,accepted,1322,783,2105
review_002111,1,2084,accepted,1282,488,1770
review_002112,1,2085,accepted,1250,197,1447
review_002113,1,2086,accepted,1368,226,1594
review_002114,1,2087,accepted,1377,92,1469
review_002115,1,2088,accepted,1327,90,1417
review_002116,1,2089,accepted,1418,465,1883
review_002117,1,2090,accepted,1382,90,1472
review_002118,1,2091,accepted,1278,92,1370
review_002119,1,2092,accepted,1363,90,1453
review_002120,1,2093,accepted,1322,92,1414
review_002121,1,2094,accepted,1366,400,1766
review_002122,1,2095,accepted,1279,192,1471
review_002123,1,2096,accepted,1307,90,1397
review_002124,1,2097,accepted,1315,90,1405
review_002125,1,2098,accepted,1340,88,1428
review_002126,1,2099,accepted,1367,404,1771
review_002127,1,2100,accepted,1340,90,1430
review_002128,1,2101,accepted,1303,258,1561
review_002129,1,2102,accepted,1331,90,1421
review_002130,1,2103,accepted,1316,552,1868
review_002131,1,2104,accepted,1310,261,1571
review_002132,1,2105,accepted,1449,90,1539
review_002133,1,2106,accepted,1412,564,1976
review_002134,1,2107,accepted,1250,90,1340
review_002135,1,2108,accepted,1358,252,1610
review_002136,1,2109,accepted,1383,93,1476
review_002137,1,2110,accepted,1464,90,1554
review_002138,1,2111,accepted,1407,90,1497
review_002139,1,2112,accepted,1517,259,1776
review_002140,1,2113,accepted,1400,93,1493
review_002141,1,2114,accepted,1358,165,1523
review_002142,1,2115,accepted,1345,325,1670
review_002143,1,2116,accepted,1413,90,1503
review_002144,1,2117,accepted,1392,90,1482
review_002145,1,2118,accepted,1345,301,1646
review_002146,1,2119,accepted,1355,611,1966
review_002147,1,2120,accepted,1257,171,1428
review_002148,1,2121,accepted,1399,288,1687
review_002149,1,2122,accepted,1487,94,1581
review_002150,1,2123,accepted,1532,502,2034
review_002151,1,2124,accepted,1417,90,1507
review_002152,1,2125,accepted,1270,88,1358
review_002153,1,2126,accepted,1269,215,1484
review_002154,1,2127,accepted,2934,96,3030
review_002155,1,2128,accepted,1376,147,1523
review_002156,1,2129,accepted,1367,90,1457
review_002157,1,2130,accepted,1359,90,1449
review_002158,1,2131,accepted,1367,93,1460
review_002159,1,2132,accepted,1361,92,1453
review_002160,1,2133,accepted,1340,203,1543
review_002161,1,2134,accepted,1403,93,1496
review_002162,1,2135,accepted,1348,92,1440
review_002163,1,2136,accepted,1359,444,1803
review_002164,1,2137,accepted,1257,170,1427
review_002165,1,2138,accepted,1241,86,1327
review_002166,1,2139,accepted,1991,430,2421
review_002167,1,2140,accepted,1247,149,1396
review_002168,1,2141,accepted,1438,368,1806
review_002169,1,2142,accepted,1594,90,1684
review_002170,1,2143,accepted,1595,92,1687
review_002171,1,2144,accepted,1326,425,1751
review_002172,1,2145,accepted,1252,119,1371
review_002173,1,2146,accepted,1450,93,1543
review_002174,1,2147,accepted,1221,101,1322
review_002175,1,2148,accepted,2474,224,2698
review_002176,1,2149,accepted,1679,93,1772
review_002177,1,2150,accepted,1977,660,2637
review_002178,1,2151,accepted,1441,92,1533
review_002179,1,2152,accepted,1500,90,1590
review_002180,1,2153,accepted,1291,222,1513
review_002181,1,2154,accepted,1410,155,1565
review_002182,1,2155,accepted,1308,205,1513
review_002183,1,2156,accepted,1316,184,1500
review_002184,1,2157,accepted,1386,296,1682
review_002185,1,2158,accepted,1468,90,1558
review_002186,1,2159,accepted,1500,144,1644
review_002187,1,2160,accepted,1257,90,1347
review_002188,1,2161,accepted,1242,86,1328
review_002189,1,2162,accepted,1262,148,1410
review_002190,1,2163,accepted,2040,90,2130
review_002191,1,2164,accepted,1286,92,1378
review_002192,1,2165,accepted,1311,114,1425
review_002193,1,2166,accepted,1297,183,1480
review_002194,1,2167,accepted,1819,266,2085
review_002195,1,2168,accepted,2003,189,2192
review_002196,1,2169,accepted,1255,90,1345
review_002197,1,2170,accepted,1253,90,1343
review_002198,1,2171,accepted,1239,239,1478
review_002199,1,2172,accepted,1288,159,1447
review_002200,1,2173,accepted,1403,266,1669
review_002201,1,2174,accepted,1456,156,1612
review_002202,1,2175,accepted,1269,92,1361
review_002203,1,2176,accepted,1263,191,1454
review_002204,1,2177,accepted,2635,92,2727
review_002205,1,2178,accepted,1359,264,1623
review_002206,1,2179,accepted,1348,306,1654
review_002207,1,2180,accepted,1368,90,1458
review_002208,1,2181,accepted,1470,93,1563
review_002209,1,2182,accepted,1410,93,1503
review_002210,1,2183,accepted,1367,90,1457
review_002211,1,2184,accepted,1428,93,1521
review_002212,1,2185,accepted,1369,119,1488
review_002213,1,2186,accepted,1355,431,1786
review_002214,1,2187,accepted,1256,260,1516
review_002215,1,2188,accepted,1225,90,1315
review_002216,1,2189,accepted,2001,90,2091
review_002217,1,2190,accepted,1243,109,1352
review_002218,1,2191,accepted,1430,261,1691
review_002219,1,2192,accepted,1598,90,1688
review_002220,1,2193,accepted,1584,90,1674
review_002221,1,2194,accepted,1441,158,1599
review_002222,1,2195,accepted,1311,116,1427
review_002223,1,2196,accepted,1425,123,1548
review_002224,1,2197,accepted,1219,104,1323
review_002225,1,2198,accepted,1240,113,1353
review_002226,1,2199,accepted,1269,88,1357
review_002227,1,2200,accepted,1971,103,2074
review_002228,1,2201,accepted,1424,93,1517
review_002229,1,2202,accepted,1393,341,1734
review_002230,1,2203,accepted,1294,271,1565
review_002231,1,2204,accepted,1406,93,1499
review_002232,1,2205,accepted,1300,217,1517
review_002233,1,2206,accepted,1304,90,1394
review_002234,1,2207,accepted,1322,277,1599
review_002235,1,2208,accepted,1491,377,1868
review_002236,1,2209,accepted,1493,90,1583
review_002237,1,2210,accepted,1240,111,1351
review_002238,1,2211,accepted,1240,90,1330
review_002239,1,2212,accepted,1276,90,1366
review_002240,1,2213,accepted,2036,90,2126
review_002241,1,2214,accepted,1247,90,1337
review_002242,1,2215,accepted,1307,90,1397
review_002243,1,2216,accepted,1265,90,1355
review_002244,1,2217,accepted,1882,258,2140
review_002245,1,2218,accepted,1986,92,2078
review_002246,1,2219,accepted,1276,88,1364
review_002247,1,2220,accepted,1240,90,1330
review_002248,1,2221,accepted,1258,90,1348
review_002249,1,2222,accepted,1294,353,1647
review_002250,1,2223,accepted,1437,264,1701
review_002251,1,2224,accepted,1438,114,1552
review_002252,1,2225,accepted,1296,90,1386
review_002253,1,2226,accepted,1267,229,1496
review_002254,1,2227,accepted,1271,90,1361
review_002255,1,2228,accepted,1214,89,1303
review_002256,1,2229,accepted,1319,93,1412
review_002257,1,2230,accepted,1370,334,1704
review_002258,1,2231,accepted,1423,243,1666
review_002259,1,2232,accepted,1374,189,1563
review_002260,1,2233,accepted,1344,90,1434
review_002261,1,2234,accepted,1456,282,1738
review_002262,1,2235,accepted,1386,91,1477
review_002263,1,2236,accepted,1251,111,1362
review_002264,1,2237,accepted,1282,330,1612
review_002265,1,2238,accepted,1234,90,1324
review_002266,1,2239,accepted,2060,90,2150
review_002267,1,2240,accepted,1258,90,1348
review_002268,1,2241,accepted,1412,93,1505
review_002269,1,2242,accepted,1602,93,1695
review_002270,1,2243,accepted,1597,244,1841
review_002271,1,2244,accepted,1441,90,1531
review_002272,1,2245,accepted,1327,98,1425
review_002273,1,2246,accepted,1497,161,1658
review_002274,1,2247,accepted,1234,104,1338
review_002275,1,2248,accepted,2465,97,2562
review_002276,1,2249,accepted,1245,107,1352
review_002277,1,2250,accepted,2218,92,2310
review_002278,1,2251,accepted,1412,93,1505
review_002279,1,2252,accepted,1415,90,1505
review_002280,1,2253,accepted,1263,256,1519
review_002281,1,2254,accepted,1408,90,1498
review_002282,1,2255,accepted,1208,86,1294
review_002283,1,2256,accepted,1318,259,1577
review_002284,1,2257,accepted,1367,164,1531
review_002285,1,2258,accepted,1575,90,1665
review_002286,1,2259,accepted,1500,90,1590
review_002287,1,2260,accepted,1290,270,1560
review_002288,1,2261,accepted,1256,833,2089
review_002289,1,2262,accepted,1269,121,1390
review_002290,1,2263,accepted,2052,280,2332
review_002291,1,2264,accepted,1289,198,1487
review_002292,1,2265,accepted,1274,90,1364
review_002293,1,2266,accepted,1252,92,1344
review_002294,1,2267,accepted,2960,92,3052
review_002295,1,2268,accepted,2031,90,2121
review_002296,1,2269,accepted,1254,89,1343
review_002297,1,2270,accepted,1239,92,1331
review_002298,1,2271,accepted,1237,88,1325
review_002299,1,2272,accepted,1279,750,2029
review_002300,1,2273,accepted,1446,316,1762
review_002301,1,2274,accepted,1454,151,1605
review_002302,1,2275,accepted,1429,206,1635
review_002303,1,2276,accepted,1799,90,1889
review_002304,1,2277,accepted,1477,190,1667
review_002305,1,2278,accepted,1422,234,1656
review_002306,1,2279,accepted,1402,238,1640
review_002307,1,2280,accepted,1335,142,1477
review_002308,1,2281,accepted,1377,162,1539
review_002309,1,2282,accepted,1424,178,1602
review_002310,1,2283,accepted,1415,151,1566
review_002311,1,2284,accepted,1409,271,1680
review_002312,1,2285,accepted,1453,220,1673
review_002313,1,2286,accepted,1429,161,1590
review_002314,1,2287,accepted,1343,236,1579
review_002315,1,2288,accepted,1313,95,1408
review_002316,1,2289,accepted,1337,211,1548
review_002317,1,2290,accepted,1320,90,1410
review_002318,1,2291,accepted,1364,225,1589
review_002319,1,2292,accepted,1413,259,1672
review_002320,1,2293,accepted,1430,185,1615
review_002321,1,2294,accepted,1435,110,1545
review_002322,1,2295,accepted,1389,146,1535
review_002323,1,2296,accepted,1447,144,1591
review_002324,1,2297,accepted,1409,109,1518
review_002325,1,2298,accepted,1396,117,1513
review_002326,1,2299,accepted,1443,163,1606
review_002327,1,2300,accepted,1286,305,1591
review_002328,1,2301,accepted,1437,103,1540
review_002329,1,2302,accepted,1472,200,1672
review_002330,1,2303,accepted,1456,253,1709
review_002331,1,2304,accepted,1449,185,1634
review_002332,1,2305,accepted,1403,186,1589
review_002333,1,2306,accepted,1339,98,1437
review_002334,1,2307,accepted,1394,285,1679
review_002335,1,2308,accepted,1255,86,1341
review_002336,1,2309,accepted,1235,194,1429
review_002337,1,2310,accepted,1245,93,1338
review_002338,1,2311,accepted,1230,86,1316
review_002339,1,2312,accepted,1252,90,1342
review_002340,1,2313,accepted,1438,201,1639
review_002341,1,2314,accepted,1315,90,1405
review_002342,1,2315,accepted,1306,159,1465
review_002343,1,2316,accepted,1262,90,1352
review_002344,1,2317,accepted,1265,373,1638
review_002345,1,2318,accepted,1336,113,1449
review_002346,1,2319,accepted,1348,160,1508
review_002347,1,2320,accepted,1278,181,1459
review_002348,1,2321,accepted,1409,177,1586
review_002349,1,2322,accepted,1327,186,1513
review_002350,1,2323,accepted,1472,170,1642
review_002351,1,2324,accepted,1410,180,1590
review_002352,1,2325,accepted,1445,191,1636
review_002353,1,2326,accepted,1439,157,1596
review_002354,1,2327,accepted,1487,155,1642
review_002355,1,2328,accepted,1426,235,1661
review_002356,1,2329,accepted,1429,223,1652
review_002357,1,2330,accepted,1454,170,1624
review_002358,1,2331,accepted,1446,261,1707
review_002359,1,2332,accepted,1333,255,1588
review_002360,1,2333,accepted,1423,212,1635
review_002361,1,2334,accepted,1431,103,1534
review_002362,1,2335,accepted,1371,147,1518
review_002363,1,2336,accepted,1430,285,1715
review_002364,1,2337,accepted,1430,143,1573
review_002365,1,2338,accepted,1475,107,1582
review_002366,1,2339,accepted,1256,90,1346
review_002367,1,2340,accepted,1452,90,1542
review_002368,1,2341,accepted,1419,251,1670
review_002369,1,2342,accepted,1431,112,1543
review_002370,1,2343,accepted,1415,150,1565
review_002371,1,2344,accepted,1400,164,1564
review_002372,1,2345,accepted,1449,263,1712
review_002373,1,2346,accepted,1492,269,1761
review_002374,1,2347,accepted,1358,105,1463
review_002375,1,2348,accepted,1286,224,1510
review_002376,1,2349,accepted,1215,286,1501
review_002377,1,2350,accepted,1244,114,1358
review_002378,1,2351,accepted,1393,105,1498
review_002379,1,2352,accepted,1472,244,1716
review_002380,1,2353,accepted,1365,244,1609
review_002381,1,2354,accepted,1429,146,1575
review_002382,1,2355,accepted,1423,143,1566
review_002383,1,2356,accepted,1330,155,1485
review_002384,1,2357,accepted,1377,294,1671
review_002385,1,2358,accepted,1289,90,1379
review_002386,1,2359,accepted,1299,365,1664
review_002387,1,2360,accepted,1255,195,1450
review_002388,1,2361,accepted,1248,183,1431
review_002389,1,2362,accepted,1267,92,1359
review_002390,1,2363,accepted,1462,113,1575
review_002391,1,2364,accepted,1270,90,1360
review_002392,1,2365,accepted,1298,145,1443
review_002393,1,2366,accepted,1232,258,1490
review_002394,1,2367,accepted,1283,108,1391
review_002395,1,2368,accepted,1347,107,1454
review_002396,1,2369,accepted,1319,210,1529
review_002397,1,2370,accepted,1244,433,1677
review_002398,1,2371,accepted,1478,153,1631
review_002399,1,2372,accepted,1238,161,1399
review_002400,1,2373,accepted,2075,126,2201
review_002401,1,2374,accepted,1444,137,1581
review_002402,1,2375,accepted,1451,376,1827
review_002403,1,2376,accepted,1440,96,1536
review_002404,1,2377,accepted,1488,223,1711
review_002405,1,2378,accepted,1358,178,1536
review_002406,1,2379,accepted,1370,105,1475
review_002407,1,2380,accepted,1349,104,1453
review_002408,1,2381,accepted,1420,105,1525
review_002409,1,2382,accepted,1400,102,1502
review_002410,1,2383,accepted,1425,177,1602
review_002411,1,2384,accepted,1391,140,1531
review_002412,1,2385,accepted,1442,249,1691
review_002413,1,2386,accepted,1419,336,1755
review_002414,1,2387,accepted,1420,258,1678
review_002415,1,2388,accepted,1277,158,1435
review_002416,1,2389,accepted,1259,90,1349
review_002417,1,2390,accepted,1271,183,1454
review_002418,1,2391,accepted,1483,90,1573
review_002419,1,2392,accepted,1413,398,1811
review_002420,1,2393,accepted,1420,146,1566
review_002421,1,2394,accepted,1440,304,1744
review_002423,1,2395,accepted,1416,169,1585
review_002424,1,2396,accepted,1380,129,1509
review_002425,1,2397,accepted,1265,246,1511
review_002426,1,2398,accepted,1436,195,1631
review_002427,1,2399,accepted,1269,326,1595
review_002428,1,2400,accepted,1415,108,1523
review_002429,1,2401,accepted,1451,176,1627
review_002430,1,2402,accepted,1413,230,1643
review_002431,1,2403,accepted,1438,269,1707
review_002432,1,2404,accepted,1432,108,1540
review_002433,1,2405,accepted,1384,173,1557
review_002434,1,2406,accepted,1356,312,1668
review_002435,1,2407,accepted,1255,151,1406
review_002436,1,2408,accepted,1246,90,1336
review_002437,1,2409,accepted,1224,90,1314
review_002438,1,2410,accepted,1267,108,1375
review_002439,1,2411,accepted,1291,90,1381
review_002440,1,2412,accepted,1478,152,1630
review_002441,1,2413,accepted,1312,90,1402
review_002442,1,2414,accepted,1331,143,1474
review_002443,1,2415,accepted,1243,176,1419
review_002444,1,2416,accepted,1230,88,1318
review_002445,1,2417,accepted,1257,90,1347
review_002446,1,2418,accepted,1301,211,1512
review_002447,1,2419,accepted,1346,235,1581
review_002448,1,2420,accepted,1364,157,1521
review_002449,1,2421,accepted,1284,88,1372
review_002450,1,2422,accepted,1444,158,1602
review_002451,1,2423,accepted,1217,86,1303
review_002452,1,2424,accepted,1238,90,1328
review_002453,1,2425,accepted,1245,485,1730
review_002454,1,2426,accepted,1240,90,1330
review_002455,1,2427,accepted,1231,125,1356
review_002456,1,2428,accepted,1253,90,1343
review_002457,1,2429,accepted,1248,278,1526
review_002458,1,2430,accepted,1238,92,1330
review_002459,1,2431,accepted,1231,90,1321
review_002460,1,2432,accepted,1239,256,1495
review_002461,1,2433,accepted,1239,327,1566
review_002462,1,2434,accepted,1233,88,1321
review_002463,1,2435,accepted,1245,90,1335
review_002464,1,2436,accepted,1249,229,1478
review_002465,1,2437,accepted,1252,520,1772
review_002466,1,2438,accepted,1264,90,1354
review_002467,1,2439,accepted,1240,112,1352
review_002468,1,2440,accepted,1242,202,1444
review_002469,1,2441,accepted,1241,90,1331
review_002470,1,2442,accepted,1223,88,1311
review_002471,1,2443,accepted,1239,92,1331
review_002472,1,2444,accepted,1238,92,1330
review_002473,1,2445,accepted,1233,86,1319
review_002474,1,2446,accepted,1229,90,1319
review_002475,1,2447,accepted,1235,93,1328
review_002476,1,2448,accepted,1233,341,1574
review_002477,1,2449,accepted,1246,90,1336
review_002478,1,2450,accepted,1242,90,1332
review_002479,1,2451,accepted,1239,593,1832
review_002480,1,2452,accepted,1261,118,1379
review_002481,1,2453,accepted,1225,88,1313
review_002482,1,2454,accepted,1247,210,1457
review_002483,1,2455,accepted,1242,91,1333
review_002484,1,2456,accepted,1250,221,1471
review_002485,1,2457,accepted,1253,92,1345
review_002486,1,2458,accepted,1273,92,1365
review_002487,1,2459,accepted,1234,88,1322
review_002488,1,2460,accepted,1253,247,1500
review_002489,1,2461,accepted,1265,90,1355
review_002490,1,2462,accepted,1246,93,1339
review_002491,1,2463,accepted,1263,292,1555
review_002492,1,2464,accepted,1253,129,1382
review_002493,1,2465,accepted,1262,90,1352
review_002494,1,2466,accepted,1269,366,1635
review_002495,1,2467,accepted,1214,90,1304
review_002496,1,2468,accepted,1236,88,1324
review_002497,1,2469,accepted,1254,946,2200
review_002498,1,2470,accepted,1248,90,1338
review_002499,1,2471,accepted,1265,92,1357
review_002500,1,2472,accepted,1263,379,1642
review_002501,1,2473,accepted,1254,90,1344
review_002502,1,2474,accepted,1244,90,1334
review_002503,1,2475,accepted,1245,164,1409
review_002504,1,2476,accepted,1239,185,1424
review_002505,1,2477,accepted,1236,292,1528
review_002506,1,2478,accepted,1251,93,1344
review_002507,1,2479,accepted,1231,88,1319
review_002508,1,2480,accepted,1233,90,1323
review_002509,1,2481,accepted,1245,400,1645
review_002510,1,2482,accepted,1250,90,1340
review_002511,1,2483,accepted,1230,88,1318
review_002512,1,2484,accepted,1238,90,1328
review_002513,1,2485,accepted,1254,92,1346
review_002514,1,2486,accepted,1246,90,1336
review_002515,1,2487,accepted,1270,654,1924
review_002516,1,2488,accepted,1245,90,1335
review_002517,1,2489,accepted,1237,90,1327
review_002518,1,2490,accepted,1252,356,1608
review_002519,1,2491,accepted,1236,90,1326
review_002520,1,2492,accepted,1238,90,1328
review_002521,1,2493,accepted,1254,236,1490
review_002522,1,2494,accepted,1240,90,1330
review_002523,1,2495,accepted,1233,86,1319
review_002524,1,2496,accepted,1228,88,1316
review_002525,1,2497,accepted,1237,102,1339
review_002526,1,2498,accepted,1232,334,1566
review_002527,1,2499,accepted,1259,127,1386
review_002528,1,2500,accepted,1250,90,1340
review_002529,1,2501,accepted,1238,92,1330
review_002530,1,2502,accepted,1238,178,1416
review_002531,1,2503,accepted,1234,88,1322
review_002532,1,2504,accepted,1267,296,1563
review_002533,1,2505,accepted,1263,258,1521
review_002534,1,2506,accepted,1263,90,1353
review_002535,1,2507,accepted,1286,256,1542
review_002536,1,2508,accepted,1299,90,1389
review_002537,1,2509,accepted,1236,88,1324
review_002538,1,2510,accepted,1259,90,1349
review_002539,1,2511,accepted,1229,84,1313
review_002540,1,2512,accepted,1238,90,1328
review_002541,1,2513,accepted,1233,88,1321
review_002542,1,2514,accepted,1271,90,1361
review_002543,1,2515,accepted,1280,271,1551
review_002544,1,2516,accepted,1250,90,1340
review_002545,1,2517,accepted,1218,88,1306
review_002546,1,2518,accepted,1270,92,1362
review_002547,1,2519,accepted,1247,470,1717
review_002548,1,2520,accepted,1234,88,1322
review_002549,1,2521,accepted,1281,359,1640
review_002550,1,2522,accepted,1258,92,1350
review_002551,1,2523,accepted,1252,212,1464
review_002552,1,2524,accepted,1246,92,1338
review_002553,1,2525,accepted,1245,86,1331
review_002554,1,2526,accepted,1269,92,1361
review_002555,1,2527,accepted,1237,86,1323
review_002556,1,2528,accepted,1232,90,1322
review_002557,1,2529,accepted,1233,139,1372
review_002558,1,2530,accepted,1240,90,1330
review_002559,1,2531,accepted,1246,226,1472
review_002560,1,2532,accepted,1235,92,1327
review_002561,1,2533,accepted,1231,86,1317
review_002562,1,2534,accepted,1249,90,1339
review_002563,1,2535,accepted,1293,647,1940
review_002564,1,2536,accepted,1249,90,1339
review_002565,1,2537,accepted,1231,88,1319
review_002566,1,2538,accepted,1251,277,1528
review_002567,1,2539,accepted,1239,109,1348
review_002568,1,2540,accepted,1255,178,1433
review_002569,1,2541,accepted,1243,88,1331
review_002570,1,2542,accepted,1239,90,1329
review_002571,1,2543,accepted,1268,90,1358
review_002572,1,2544,accepted,1236,90,1326
review_002573,1,2545,accepted,1235,86,1321
review_002574,1,2546,accepted,1237,107,1344
review_002575,1,2547,accepted,1245,90,1335
review_002576,1,2548,accepted,1253,91,1344
review_002577,1,2549,accepted,1236,323,1559
review_002578,1,2550,accepted,1245,93,1338
review_002579,1,2551,accepted,1239,88,1327
review_002580,1,2552,accepted,1224,88,1312
review_002581,1,2553,accepted,1231,88,1319
review_002582,1,2554,accepted,1244,90,1334
review_002583,1,2555,accepted,1270,90,1360
review_002584,1,2556,accepted,1264,90,1354
review_002585,1,2557,accepted,1277,390,1667
review_002586,1,2558,accepted,1264,335,1599
review_002587,1,2559,accepted,1250,90,1340
review_002588,1,2560,accepted,1268,389,1657
review_002589,1,2561,accepted,1246,190,1436
review_002590,1,2562,accepted,1246,90,1336
review_002591,1,2563,accepted,1256,655,1911
review_002592,1,2564,accepted,1273,90,1363
review_002593,1,2565,accepted,1257,90,1347
review_002594,1,2566,accepted,1235,88,1323
review_002595,1,2567,accepted,1231,88,1319
review_002596,1,2568,accepted,1244,88,1332
review_002597,1,2569,accepted,1256,219,1475
review_002598,1,2570,accepted,1237,86,1323
review_002599,1,2571,accepted,1270,88,1358
review_002600,1,2572,accepted,1233,92,1325
review_002601,1,2573,accepted,1278,90,1368
review_002602,1,2574,accepted,1306,245,1551
review_002603,1,2575,accepted,1330,90,1420
review_002604,1,2576,accepted,1310,90,1400
review_002605,1,2577,accepted,1261,380,1641
review_002606,1,2578,accepted,1267,275,1542
review_002607,1,2579,accepted,1300,90,1390
review_002608,1,2580,accepted,1270,88,1358
review_002609,1,2581,accepted,1278,381,1659
review_002610,1,2582,accepted,1274,319,1593
review_002611,1,2583,accepted,1254,373,1627
review_002612,1,2584,accepted,1259,90,1349
review_002613,1,2585,accepted,1322,195,1517
review_002614,1,2586,accepted,1362,88,1450
review_002615,1,2587,accepted,1293,90,1383
review_002616,1,2588,accepted,1384,93,1477
review_002617,1,2589,accepted,1401,587,1988
review_002618,1,2590,accepted,1294,258,1552
review_002619,1,2591,accepted,1245,274,1519
review_002620,1,2592,accepted,1242,89,1331
review_002621,1,2593,accepted,1263,92,1355
review_002622,1,2594,accepted,1301,90,1391
review_002623,1,2595,accepted,1310,283,1593
review_002624,1,2596,accepted,1289,90,1379
review_002625,1,2597,accepted,1320,90,1410
review_002626,1,2598,accepted,1373,90,1463
review_002627,1,2599,accepted,1333,322,1655
review_002628,1,2600,accepted,1337,287,1624
review_002629,1,2601,accepted,1299,336,1635
review_002630,1,2602,accepted,1295,93,1388
review_002631,1,2603,accepted,1277,1167,2444
review_002632,1,2604,accepted,1324,367,1691
review_002633,1,2605,accepted,1277,88,1365
review_002634,1,2606,accepted,1277,90,1367
review_002635,1,2607,accepted,1348,90,1438
review_002636,1,2608,accepted,1326,597,1923
review_002637,1,2609,accepted,1342,303,1645
review_002638,1,2610,accepted,1372,90,1462
review_002639,1,2611,accepted,1389,1005,2394
review_002640,1,2612,accepted,1358,346,1704
review_002641,1,2613,accepted,1376,90,1466
review_002642,1,2614,accepted,1412,90,1502
review_002643,1,2615,accepted,1346,332,1678
review_002644,1,2616,accepted,1375,109,1484
review_002645,1,2617,accepted,1379,995,2374
review_002646,1,2618,accepted,1358,427,1785
review_002647,1,2619,accepted,1255,90,1345
review_002648,1,2620,accepted,1360,337,1697
review_002649,1,2621,accepted,1376,457,1833
review_002650,1,2622,accepted,1420,115,1535
review_002651,1,2623,accepted,1291,88,1379
review_002652,1,2624,accepted,1295,90,1385
review_002653,1,2625,accepted,1330,88,1418
review_002654,1,2626,accepted,1302,90,1392
review_002655,1,2627,accepted,1263,88,1351
review_002656,1,2628,accepted,1297,224,1521
review_002657,1,2629,accepted,1304,90,1394
review_002658,1,2630,accepted,1280,90,1370
review_002659,1,2631,accepted,1281,298,1579
review_002660,1,2632,accepted,1266,90,1356
review_002661,1,2633,accepted,1268,254,1522
review_002662,1,2634,accepted,1259,90,1349
review_002663,1,2635,accepted,1356,671,2027
review_002664,1,2636,accepted,1354,1386,2740
review_002665,1,2637,accepted,1400,414,1814
review_002666,1,2638,accepted,1388,402,1790
review_002667,1,2639,accepted,1332,90,1422
review_002668,1,2640,accepted,1301,90,1391
review_002669,1,2641,accepted,1256,253,1509
review_002670,1,2642,accepted,1227,90,1317
review_002671,1,2643,accepted,1297,90,1387
review_002672,1,2644,accepted,1277,266,1543
review_002673,1,2645,accepted,1315,621,1936
review_002674,1,2646,accepted,1277,355,1632
review_002675,1,2647,accepted,1344,90,1434
review_002676,1,2648,accepted,1320,90,1410
review_002677,1,2649,accepted,1351,485,1836
review_002678,1,2650,accepted,1312,217,1529
review_002679,1,2651,accepted,1284,90,1374
review_002680,1,2652,accepted,1240,90,1330
review_002681,1,2653,accepted,1271,354,1625
review_002682,1,2654,accepted,1337,318,1655
review_002683,1,2655,accepted,1279,92,1371
review_002684,1,2656,accepted,1254,90,1344
review_002685,1,2657,accepted,1333,259,1592
review_002686,1,2658,accepted,1344,281,1625
review_002687,1,2659,accepted,1313,90,1403
review_002688,1,2660,accepted,1343,276,1619
review_002689,1,2661,accepted,1391,327,1718
review_002690,1,2662,accepted,1336,230,1566
review_002691,1,2663,accepted,1345,90,1435
review_002692,1,2664,accepted,1340,88,1428
review_002693,1,2665,accepted,1375,643,2018
review_002694,1,2666,accepted,1368,845,2213
review_002695,1,2667,accepted,1379,1033,2412
review_002696,1,2668,accepted,1337,327,1664
review_002697,1,2669,accepted,1267,86,1353
review_002698,1,2670,accepted,1381,945,2326
review_002699,1,2671,accepted,1355,90,1445
review_002700,1,2672,accepted,1383,90,1473
review_002701,1,2673,accepted,1283,88,1371
review_002702,1,2674,accepted,1277,88,1365
review_002703,1,2675,accepted,1341,90,1431
review_002704,1,2676,accepted,1308,117,1425
review_002705,1,2677,accepted,1261,92,1353
review_002706,1,2678,accepted,1281,90,1371
review_002707,1,2679,accepted,1297,90,1387
review_002708,1,2680,accepted,1268,90,1358
review_002709,1,2681,accepted,1264,210,1474
review_002710,1,2682,accepted,1258,90,1348
review_002711,1,2683,accepted,1265,281,1546
review_002712,1,2684,accepted,1262,220,1482
review_002713,1,2685,accepted,1358,119,1477
review_002714,1,2686,accepted,1343,93,1436
review_002715,1,2687,accepted,1312,503,1815
review_002716,1,2688,accepted,1362,289,1651
review_002717,1,2689,accepted,1327,90,1417
review_002718,1,2690,accepted,1283,221,1504
review_002719,1,2691,accepted,1251,90,1341
review_002720,1,2692,accepted,1237,90,1327
review_002721,1,2693,accepted,1277,88,1365
review_002722,1,2694,accepted,1304,114,1418
review_002723,1,2695,accepted,1338,464,1802
review_002724,1,2696,accepted,1280,352,1632
review_002725,1,2697,accepted,1363,90,1453
review_002726,1,2698,accepted,1317,90,1407
review_002727,1,2699,accepted,1332,351,1683
review_002728,1,2700,accepted,1287,90,1377
review_002729,1,2701,accepted,1295,90,1385
review_002730,1,2702,accepted,1247,88,1335
review_002731,1,2703,accepted,1296,801,2097
review_002732,1,2704,accepted,1316,321,1637
review_002733,1,2705,accepted,1283,88,1371
review_002734,1,2706,accepted,1276,228,1504
review_002735,1,2707,accepted,1334,331,1665
review_002736,1,2708,accepted,1347,88,1435
review_002737,1,2709,accepted,1343,276,1619
review_002738,1,2710,accepted,1338,268,1606
review_002739,1,2711,accepted,1396,375,1771
review_002740,1,2712,accepted,1393,238,1631
review_002741,1,2713,accepted,1368,379,1747
review_002742,1,2714,accepted,1348,90,1438
review_002743,1,2715,accepted,1363,899,2262
review_002744,1,2716,accepted,1324,206,1530
review_002745,1,2717,accepted,1361,219,1580
review_002746,1,2718,accepted,1319,343,1662
review_002747,1,2719,accepted,1284,222,1506
review_002748,1,2720,accepted,1377,578,1955
review_002749,1,2721,accepted,1371,379,1750
review_002750,1,2722,accepted,1347,310,1657
review_002751,1,2723,accepted,1270,90,1360
review_002752,1,2724,accepted,1239,90,1329
review_002753,1,2725,accepted,1265,94,1359
review_002754,1,2726,accepted,1238,88,1326
review_002755,1,2727,accepted,1222,88,1310
review_002756,1,2728,accepted,1243,89,1332
review_002757,1,2729,accepted,1222,88,1310
review_002758,1,2730,accepted,1232,93,1325
review_002759,1,2731,accepted,1226,90,1316
review_002760,1,2732,accepted,1224,92,1316
review_002761,1,2733,accepted,1272,90,1362
review_002762,1,2734,accepted,1241,90,1331
review_002763,1,2735,accepted,1257,266,1523
review_002764,1,2736,accepted,1281,198,1479
review_002765,1,2737,accepted,1259,90,1349
review_002766,1,2738,accepted,1230,90,1320
review_002767,1,2739,accepted,1271,88,1359
review_002768,1,2740,accepted,1237,88,1325
review_002769,1,2741,accepted,1253,90,1343
review_002770,1,2742,accepted,1258,90,1348
review_002771,1,2743,accepted,1294,90,1384
review_002772,1,2744,accepted,1297,97,1394
review_002773,1,2745,accepted,1221,90,1311
review_002774,1,2746,accepted,1224,88,1312
review_002775,1,2747,accepted,1243,88,1331
review_002776,1,2748,accepted,1311,264,1575
review_002777,1,2749,accepted,1259,200,1459
review_002778,1,2750,accepted,1245,90,1335
review_002779,1,2751,accepted,1256,90,1346
review_002780,1,2752,accepted,1306,273,1579
review_002781,1,2753,accepted,1234,90,1324
review_002782,1,2754,accepted,1276,90,1366
review_002783,1,2755,accepted,1277,90,1367
review_002784,1,2756,accepted,1289,90,1379
review_002785,1,2757,accepted,1223,193,1416
review_002786,1,2758,accepted,1214,92,1306
review_002787,1,2759,accepted,1243,86,1329
review_002788,1,2760,accepted,1216,86,1302
review_002789,1,2761,accepted,1230,90,1320
review_002790,1,2762,accepted,1275,90,1365
review_002791,1,2763,accepted,1215,91,1306
review_002792,1,2764,accepted,1256,113,1369
review_002793,1,2765,accepted,1225,96,1321
review_002794,1,2766,accepted,1207,86,1293
review_002795,1,2767,accepted,1212,88,1300
review_002796,1,2768,accepted,1223,86,1309
review_002797,1,2769,accepted,1213,86,1299
review_002798,1,2770,accepted,1277,88,1365
review_002799,1,2771,accepted,1278,217,1495
review_002800,1,2772,accepted,1252,114,1366
review_002801,1,2773,accepted,1249,90,1339
review_002802,1,2774,accepted,1323,90,1413
review_002803,1,2775,accepted,1244,196,1440
review_002804,1,2776,accepted,1232,90,1322
review_002805,1,2777,accepted,1233,178,1411
review_002806,1,2778,accepted,1247,90,1337
review_002807,1,2779,accepted,1238,166,1404
review_002808,1,2780,accepted,1250,90,1340
review_002809,1,2781,accepted,1235,88,1323
review_002810,1,2782,accepted,1217,86,1303
review_002811,1,2783,accepted,1241,332,1573
review_002812,1,2784,accepted,1238,90,1328
review_002813,1,2785,accepted,1235,90,1325
review_002814,1,2786,accepted,1232,273,1505
review_002815,1,2787,accepted,1214,86,1300
review_002816,1,2788,accepted,1260,190,1450
review_002817,1,2789,accepted,1236,90,1326
review_002818,1,2790,accepted,1283,155,1438
review_002819,1,2791,accepted,1265,90,1355
review_002820,1,2792,accepted,1252,164,1416
review_002821,1,2793,accepted,1267,91,1358
review_002822,1,2794,accepted,1295,207,1502
review_002823,1,2795,accepted,1250,90,1340
review_002824,1,2796,accepted,1217,245,1462
review_002825,1,2797,accepted,1229,90,1319
review_002826,1,2798,accepted,1248,90,1338
review_002827,1,2799,accepted,1225,88,1313
review_002828,1,2800,accepted,1226,87,1313
review_002829,1,2801,accepted,1240,90,1330
review_002830,1,2802,accepted,1300,436,1736
review_002831,1,2803,accepted,1249,90,1339
review_002832,1,2804,accepted,1224,105,1329
review_002833,1,2805,accepted,1302,90,1392
review_002834,1,2806,accepted,1298,90,1388
review_002835,1,2807,accepted,1237,90,1327
review_002836,1,2808,accepted,1215,89,1304
review_002837,1,2809,accepted,1241,90,1331
review_002838,1,2810,accepted,1214,88,1302
review_002839,1,2811,accepted,1240,90,1330
review_002840,1,2812,accepted,1218,90,1308
review_002841,1,2813,accepted,1214,89,1303
review_002842,1,2814,accepted,1215,88,1303
review_002843,1,2815,accepted,1247,248,1495
review_002844,1,2816,accepted,1226,89,1315
review_002845,1,2817,accepted,1217,85,1302
review_002846,1,2818,accepted,1214,89,1303
review_002847,1,2819,accepted,1220,92,1312
review_002848,1,2820,accepted,1246,90,1336
review_002849,1,2821,accepted,1210,90,1300
review_002850,1,2822,accepted,1278,188,1466
review_002851,1,2823,accepted,1241,201,1442
review_002852,1,2824,accepted,1309,459,1768
review_002853,1,2825,accepted,1254,90,1344
review_002854,1,2826,accepted,1236,90,1326
review_002855,1,2827,accepted,1230,88,1318
review_002856,1,2828,accepted,1222,86,1308
review_002857,1,2829,accepted,1240,88,1328
review_002858,1,2830,accepted,1221,88,1309
review_002859,1,2831,accepted,1239,84,1323
review_002860,1,2832,accepted,1233,86,1319
review_002861,1,2833,accepted,1270,90,1360
review_002862,1,2834,accepted,1240,84,1324
review_002863,1,2835,accepted,1211,87,1298
review_002864,1,2836,accepted,1227,90,1317
review_002865,1,2837,accepted,1232,88,1320
review_002866,1,2838,accepted,1239,90,1329
review_002867,1,2839,accepted,1239,144,1383
review_002868,1,2840,accepted,1261,90,1351
review_002869,1,2841,accepted,1259,171,1430
review_002870,1,2842,accepted,1222,84,1306
review_002871,1,2843,accepted,1269,90,1359
review_002872,1,2844,accepted,1248,90,1338
review_002873,1,2845,accepted,1242,90,1332
review_002874,1,2846,accepted,1223,86,1309
review_002875,1,2847,accepted,1206,88,1294
review_002876,1,2848,accepted,1229,88,1317
review_002877,1,2849,accepted,1232,90,1322
review_002878,1,2850,accepted,1268,90,1358
review_002879,1,2851,accepted,1226,86,1312
review_002880,1,2852,accepted,1271,90,1361
review_002881,1,2853,accepted,1204,86,1290
review_002882,1,2854,accepted,1274,92,1366
review_002883,1,2855,accepted,1267,90,1357
review_002884,1,2856,accepted,1305,90,1395
review_002885,1,2857,accepted,1211,88,1299
review_002886,1,2858,accepted,1213,91,1304
review_002887,1,2859,accepted,1229,90,1319
review_002888,1,2860,accepted,1214,90,1304
review_002889,1,2861,accepted,1270,90,1360
review_002890,1,2862,accepted,1331,334,1665
review_002891,1,2863,accepted,1206,87,1293
review_002892,1,2864,accepted,1202,88,1290
review_002893,1,2865,accepted,1232,176,1408
review_002894,1,2866,accepted,1223,92,1315
review_002895,1,2867,accepted,1220,88,1308
review_002896,1,2868,accepted,1216,88,1304
review_002897,1,2869,accepted,1214,89,1303
review_002898,1,2870,accepted,1229,88,1317
review_002899,1,2871,accepted,1225,90,1315
review_002900,1,2872,accepted,1252,186,1438
review_002901,1,2873,accepted,1385,90,1475
review_002902,1,2874,accepted,1595,1112,2707
review_002903,1,2875,accepted,1842,91,1933
review_002904,1,2876,accepted,1232,87,1319
review_002905,1,2877,accepted,1217,88,1305
review_002907,1,2878,accepted,1261,87,1348
review_002908,1,2879,accepted,1513,99,1612
review_002909,1,2880,accepted,1247,88,1335
review_002910,1,2881,accepted,1222,86,1308
review_002912,1,2882,accepted,1246,88,1334
review_002913,1,2883,accepted,1368,90,1458
review_002914,1,2884,accepted,1860,1425,3285
review_002915,1,2885,accepted,2196,2540,4736
review_002917,1,2886,accepted,1245,87,1332
review_002918,1,2887,accepted,1767,87,1854
review_002919,1,2888,accepted,1259,90,1349
review_002920,1,2889,accepted,1239,90,1329
review_002921,1,2890,accepted,1640,976,2616
review_002922,1,2891,accepted,1624,120,1744
review_002923,1,2892,accepted,1237,88,1325
review_002924,1,2893,accepted,1939,1569,3508
review_002925,1,2894,accepted,1589,246,1835
review_002926,1,2895,accepted,1659,1278,2937
review_002927,1,2896,accepted,1617,496,2113
review_002928,1,2897,accepted,1240,88,1328
review_002929,1,2898,accepted,1271,87,1358
review_002930,1,2899,accepted,1394,92,1486
review_002931,1,2900,accepted,1285,89,1374
review_002932,1,2901,accepted,1968,901,2869
review_002937,1,2902,accepted,1238,85,1323
review_002938,1,2903,accepted,1225,87,1312
review_002940,1,2904,accepted,1792,1085,2877
review_002941,1,2905,accepted,1229,84,1313
review_002942,1,2906,accepted,1217,89,1306
review_002944,1,2907,accepted,1232,76,1308
review_002945,1,2908,accepted,1219,84,1303
review_002946,1,2909,accepted,1541,99,1640
review_002947,1,2910,accepted,1231,88,1319
review_002948,1,2911,accepted,1232,89,1321
review_002950,1,2912,accepted,1573,87,1660
review_002951,1,2913,accepted,1383,90,1473
review_002952,1,2914,accepted,1347,91,1438
review_002953,1,2915,accepted,2139,2084,4223
review_002955,1,2916,accepted,1221,88,1309
review_002957,1,2917,accepted,1597,158,1755
review_002958,1,2918,accepted,1525,95,1620
review_002959,1,2919,accepted,1247,90,1337
review_002960,1,2920,accepted,1219,88,1307
review_002961,1,2921,accepted,1241,87,1328
review_002962,1,2922,accepted,1228,86,1314
review_002963,1,2923,accepted,1945,97,2042
review_002964,1,2924,accepted,1691,1327,3018
review_002965,1,2925,accepted,1230,89,1319
review_002966,1,2926,accepted,1267,90,1357
review_002967,1,2927,accepted,1293,89,1382
review_002969,1,2928,accepted,1252,88,1340
review_002970,1,2929,accepted,1233,88,1321
review_002971,1,2930,accepted,1568,338,1906
review_002972,1,2931,accepted,1265,90,1355
review_002973,1,2932,accepted,1259,90,1349
review_002974,1,2933,accepted,1236,88,1324
review_002975,1,2934,accepted,3255,926,4181
review_002976,1,2935,accepted,1669,462,2131
review_002977,1,2936,accepted,1807,1276,3083
review_002978,1,2937,accepted,1233,88,1321
review_002980,1,2938,accepted,1917,243,2160
review_002981,1,2939,accepted,1281,89,1370
review_002982,1,2940,accepted,1437,89,1526
review_002987,1,2941,accepted,1233,90,1323
review_002988,1,2942,accepted,1217,86,1303
review_002990,1,2943,accepted,1474,89,1563
review_002991,1,2944,accepted,1229,89,1318
review_002992,1,2945,accepted,1226,89,1315
review_002994,1,2946,accepted,1221,85,1306
review_002995,1,2947,accepted,1224,86,1310
review_002996,1,2948,accepted,1232,85,1317
review_002998,1,2949,accepted,1248,90,1338
review_002999,1,2950,accepted,2203,1277,3480
review_003000,1,2951,accepted,1229,87,1316
review_003002,1,2952,accepted,1285,87,1372
review_003003,1,2953,accepted,2039,421,2460
review_003004,1,2954,accepted,1230,88,1318
review_003005,1,2955,accepted,1227,86,1313
review_003008,1,2956,accepted,1215,84,1299
review_003009,1,2957,accepted,1232,86,1318
review_003010,1,2958,accepted,1223,88,1311
review_003011,1,2959,accepted,1237,88,1325
review_003012,1,2960,accepted,1236,88,1324
review_003013,1,2961,accepted,2069,3109,5178
review_003014,1,2962,accepted,1297,90,1387
review_003015,1,2963,accepted,1470,87,1557
review_003016,1,2964,accepted,1263,89,1352
review_003017,1,2965,accepted,1849,2011,3860
review_003019,1,2966,accepted,1238,88,1326
review_003020,1,2967,accepted,1246,87,1333
review_003021,1,2968,accepted,1249,86,1335
review_003022,1,2969,accepted,1261,90,1351
review_003023,1,2970,accepted,1261,87,1348
review_003025,1,2971,accepted,1588,102,1690
review_003026,1,2972,accepted,1570,454,2024
review_003027,1,2973,accepted,1730,963,2693
review_003028,1,2974,accepted,1240,88,1328
review_003029,1,2975,accepted,1294,87,1381
review_003030,1,2976,accepted,1304,89,1393
review_003031,1,2977,accepted,1279,89,1368
review_003032,1,2978,accepted,2074,300,2374
review_003034,1,2979,accepted,1306,90,1396
review_003037,1,2980,accepted,1242,88,1330
review_003038,1,2981,accepted,1222,87,1309
review_003041,1,2982,accepted,1219,84,1303
review_003042,1,2983,accepted,1228,84,1312
review_003044,1,2984,accepted,1224,86,1310
review_003046,1,2985,accepted,1225,90,1315
review_003047,1,2986,accepted,1225,88,1313
review_003048,1,2987,accepted,1242,88,1330
review_003050,1,2988,accepted,1231,89,1320
review_003051,1,2989,accepted,1347,90,1437
review_003052,1,2990,accepted,1290,90,1380
review_003053,1,2991,accepted,1287,581,1868
review_003054,1,2992,accepted,1311,192,1503
review_003055,1,2993,accepted,1252,90,1342
review_003056,1,2994,accepted,1233,88,1321
review_003057,1,2995,accepted,1296,271,1567
review_003058,1,2996,accepted,1264,88,1352
review_003059,1,2997,accepted,1276,88,1364
review_003060,1,2998,accepted,1267,90,1357
review_003061,1,2999,accepted,1254,90,1344
review_003062,1,3000,accepted,1262,239,1501
review_003063,1,3001,accepted,1291,177,1468
review_003064,1,3002,accepted,1237,202,1439
review_003065,1,3003,accepted,1214,88,1302
review_003066,1,3004,accepted,1297,90,1387
review_003067,1,3005,accepted,1268,168,1436
review_003068,1,3006,accepted,1430,471,1901
review_003069,1,3007,accepted,1345,88,1433
review_003070,1,3008,accepted,1639,187,1826
review_003071,1,3009,accepted,1361,189,1550
review_003072,1,3010,accepted,1324,228,1552
review_003073,1,3011,accepted,1364,169,1533
review_003074,1,3012,accepted,1225,88,1313
review_003075,1,3013,accepted,1255,145,1400
review_003076,1,3014,accepted,1349,137,1486
review_003077,1,3015,accepted,1237,217,1454
review_003078,1,3016,accepted,1336,202,1538
review_003079,1,3017,accepted,1300,90,1390
review_003080,1,3018,accepted,1351,371,1722
review_003081,1,3019,accepted,1377,351,1728
review_003082,1,3020,accepted,1404,197,1601
review_003083,1,3021,accepted,1710,502,2212
review_003084,1,3022,accepted,1409,276,1685
review_003085,1,3023,accepted,1239,122,1361
review_003086,1,3024,accepted,1219,90,1309
review_003087,1,3025,accepted,1257,90,1347
review_003088,1,3026,accepted,1244,86,1330
review_003089,1,3027,accepted,1224,86,1310
review_003090,1,3028,accepted,1391,254,1645
review_003091,1,3029,accepted,1248,86,1334
review_003092,1,3030,accepted,1199,89,1288
review_003093,1,3031,accepted,1221,88,1309
review_003094,1,3032,accepted,1310,88,1398
review_003095,1,3033,accepted,1251,219,1470
review_003096,1,3034,accepted,1229,87,1316
review_003097,1,3035,accepted,1216,86,1302
review_003098,1,3036,accepted,1361,255,1616
review_003099,1,3037,accepted,1222,86,1308
review_003100,1,3038,accepted,1565,479,2044
review_003101,1,3039,accepted,1317,188,1505
review_003102,1,3040,accepted,1315,113,1428
review_003103,1,3041,accepted,1309,90,1399
review_003104,1,3042,accepted,1309,369,1678
review_003105,1,3043,accepted,1257,90,1347
review_003106,1,3044,accepted,1270,90,1360
review_003107,1,3045,accepted,1301,277,1578
review_003108,1,3046,accepted,1270,90,1360
review_003109,1,3047,accepted,1260,90,1350
review_003110,1,3048,accepted,1297,90,1387
review_003111,1,3049,accepted,1283,90,1373
review_003112,1,3050,accepted,1278,97,1375
review_003113,1,3051,accepted,1301,88,1389
review_003114,1,3052,accepted,1299,303,1602
review_003115,1,3053,accepted,1221,90,1311
review_003116,1,3054,accepted,1239,90,1329
review_003117,1,3055,accepted,1222,149,1371
review_003118,1,3056,accepted,1379,188,1567
review_003119,1,3057,accepted,1373,194,1567
review_003120,1,3058,accepted,1562,343,1905
review_003121,1,3059,accepted,1336,318,1654
review_003122,1,3060,accepted,1359,204,1563
review_003123,1,3061,accepted,1323,89,1412
review_003124,1,3062,accepted,1241,90,1331
review_003125,1,3063,accepted,1423,226,1649
review_003126,1,3064,accepted,1230,474,1704
review_003127,1,3065,accepted,1243,137,1380
review_003128,1,3066,accepted,1271,88,1359
review_003129,1,3067,accepted,1331,238,1569
review_003130,1,3068,accepted,1464,203,1667
review_003131,1,3069,accepted,1312,287,1599
review_003132,1,3070,accepted,1300,90,1390
review_003133,1,3071,accepted,1419,243,1662
review_003134,1,3072,accepted,1333,225,1558
review_003135,1,3073,accepted,1224,333,1557
review_003136,1,3074,accepted,1244,209,1453
review_003137,1,3075,accepted,1212,86,1298
review_003138,1,3076,accepted,1225,90,1315
review_003139,1,3077,accepted,1226,88,1314
review_003140,1,3078,accepted,1275,88,1363
review_003141,1,3079,accepted,1252,90,1342
review_003142,1,3080,accepted,1201,86,1287
review_003143,1,3081,accepted,1220,88,1308
review_003144,1,3082,accepted,1271,156,1427
review_003145,1,3083,accepted,1246,308,1554
review_003146,1,3084,accepted,1301,209,1510
review_003147,1,3085,accepted,1222,86,1308
review_003148,1,3086,accepted,1228,86,1314
review_003149,1,3087,accepted,1253,301,1554
review_003150,1,3088,accepted,1405,138,1543
review_003151,1,3089,accepted,1375,186,1561
review_003152,1,3090,accepted,1305,90,1395
review_003153,1,3091,accepted,1318,90,1408
review_003154,1,3092,accepted,1370,177,1547
review_003155,1,3093,accepted,1236,88,1324
review_003156,1,3094,accepted,1236,90,1326
review_003157,1,3095,accepted,1289,88,1377
review_003158,1,3096,accepted,1272,208,1480
review_003159,1,3097,accepted,1278,211,1489
review_003160,1,3098,accepted,1251,88,1339
review_003161,1,3099,accepted,1257,90,1347
review_003162,1,3100,accepted,1284,95,1379
review_003163,1,3101,accepted,1309,172,1481
review_003164,1,3102,accepted,1375,353,1728
review_003165,1,3103,accepted,1268,296,1564
review_003166,1,3104,accepted,1273,90,1363
review_003167,1,3105,accepted,1259,144,1403
review_003168,1,3106,accepted,1359,349,1708
review_003169,1,3107,accepted,1308,335,1643
review_003170,1,3108,accepted,1338,208,1546
review_003171,1,3109,accepted,1356,160,1516
review_003172,1,3110,accepted,1324,273,1597
review_003173,1,3111,accepted,1447,196,1643
review_003174,1,3112,accepted,1271,154,1425
review_003175,1,3113,accepted,1244,207,1451
review_003176,1,3114,accepted,1262,304,1566
review_003177,1,3115,accepted,1297,245,1542
review_003178,1,3116,accepted,1314,204,1518
review_003179,1,3117,accepted,1309,161,1470
review_003180,1,3118,accepted,1339,380,1719
review_003181,1,3119,accepted,1289,226,1515
review_003182,1,3120,accepted,1330,458,1788
review_003183,1,3121,accepted,1613,90,1703
review_003184,1,3122,accepted,1359,291,1650
review_003185,1,3123,accepted,1222,88,1310
review_003186,1,3124,accepted,1218,90,1308
review_003187,1,3125,accepted,1208,86,1294
review_003188,1,3126,accepted,1249,90,1339
review_003189,1,3127,accepted,1224,88,1312
review_003190,1,3128,accepted,1313,602,1915
review_003191,1,3129,accepted,1234,88,1322
review_003192,1,3130,accepted,1211,88,1299
review_003193,1,3131,accepted,1241,242,1483
review_003194,1,3132,accepted,1264,167,1431
review_003195,1,3133,accepted,1254,305,1559
review_003196,1,3134,accepted,1238,90,1328
review_003197,1,3135,accepted,1221,88,1309
review_003198,1,3136,accepted,1218,86,1304
review_003199,1,3137,accepted,1245,88,1333
review_003200,1,3138,accepted,1635,90,1725
review_003201,1,3139,accepted,1236,90,1326
review_003202,1,3140,accepted,1215,244,1459
review_003203,1,3141,accepted,1205,88,1293
review_003204,1,3142,accepted,1202,89,1291
review_003205,1,3143,accepted,1262,249,1511
review_003206,1,3144,accepted,1290,238,1528
review_003207,1,3145,accepted,1291,208,1499
review_003208,1,3146,accepted,1313,321,1634
review_003209,1,3147,accepted,1281,342,1623
review_003210,1,3148,accepted,1308,277,1585
review_003211,1,3149,accepted,1260,236,1496
review_003212,1,3150,accepted,1300,181,1481
review_003213,1,3151,accepted,1317,230,1547
review_003214,1,3152,accepted,1301,293,1594
review_003215,1,3153,accepted,1304,263,1567
review_003216,1,3154,accepted,1312,380,1692
review_003217,1,3155,accepted,1329,304,1633
review_003218,1,3156,accepted,1258,289,1547
review_003219,1,3157,accepted,1292,90,1382
review_003220,1,3158,accepted,1296,284,1580
review_003221,1,3159,accepted,1307,199,1506
review_003222,1,3160,accepted,1279,235,1514
review_003223,1,3161,accepted,1313,90,1403
review_003224,1,3162,accepted,1315,90,1405
review_003225,1,3163,accepted,1304,90,1394
review_003226,1,3164,accepted,1308,327,1635
review_003227,1,3165,accepted,1313,187,1500
review_003228,1,3166,accepted,1307,217,1524
review_003229,1,3167,accepted,1298,583,1881
review_003230,1,3168,accepted,1313,191,1504
review_003231,1,3169,accepted,1312,209,1521
review_003232,1,3170,accepted,1252,190,1442
review_003233,1,3171,accepted,1199,90,1289
review_003234,1,3172,accepted,1272,231,1503
review_003235,1,3173,accepted,1223,90,1313
review_003236,1,3174,accepted,1206,92,1298
review_003237,1,3175,accepted,1308,319,1627
review_003238,1,3176,accepted,1225,220,1445
review_003239,1,3177,accepted,1216,86,1302
review_003240,1,3178,accepted,1323,232,1555
review_003241,1,3179,accepted,1198,82,1280
review_003242,1,3180,accepted,1209,90,1299
review_003243,1,3181,accepted,1313,359,1672
review_003244,1,3182,accepted,1197,88,1285
review_003245,1,3183,accepted,1354,90,1444
review_003246,1,3184,accepted,1307,232,1539
review_003247,1,3185,accepted,1260,198,1458
review_003248,1,3186,accepted,1269,87,1356
review_003249,1,3187,accepted,1215,88,1303
review_003250,1,3188,accepted,1302,88,1390
review_003251,1,3189,accepted,1244,86,1330
review_003252,1,3190,accepted,1207,116,1323
review_003253,1,3191,accepted,1210,86,1296
review_003254,1,3192,accepted,1236,90,1326
review_003255,1,3193,accepted,1267,277,1544
review_003256,1,3194,accepted,1286,199,1485
review_003257,1,3195,accepted,1283,196,1479
review_003258,1,3196,accepted,1317,190,1507
review_003259,1,3197,accepted,1281,253,1534
review_003260,1,3198,accepted,1306,306,1612
review_003261,1,3199,accepted,1286,90,1376
review_003262,1,3200,accepted,1294,266,1560
review_003263,1,3201,accepted,1317,88,1405
review_003264,1,3202,accepted,1295,218,1513
review_003265,1,3203,accepted,1306,246,1552
review_003266,1,3204,accepted,1307,90,1397
review_003267,1,3205,accepted,1324,230,1554
review_003268,1,3206,accepted,1256,259,1515
review_003269,1,3207,accepted,1291,337,1628
review_003270,1,3208,accepted,1299,245,1544
review_003271,1,3209,accepted,1305,402,1707
review_003272,1,3210,accepted,1278,201,1479
review_003273,1,3211,accepted,1321,90,1411
review_003274,1,3212,accepted,1316,90,1406
review_003275,1,3213,accepted,1306,280,1586
review_003276,1,3214,accepted,1307,185,1492
review_003277,1,3215,accepted,1304,179,1483
review_003278,1,3216,accepted,1277,90,1367
review_003279,1,3217,accepted,1300,293,1593
review_003280,1,3218,accepted,1302,169,1471
review_003281,1,3219,accepted,1305,179,1484
review_003282,1,3220,accepted,1251,316,1567
review_003283,1,3221,accepted,1236,90,1326
review_003284,1,3222,accepted,1263,202,1465
review_003285,1,3223,accepted,1233,90,1323
review_003286,1,3224,accepted,1214,89,1303
review_003287,1,3225,accepted,1312,227,1539
review_003288,1,3226,accepted,1233,194,1427
review_003289,1,3227,accepted,1217,86,1303
review_003290,1,3228,accepted,1319,90,1409
review_003291,1,3229,accepted,1195,81,1276
review_003292,1,3230,accepted,1214,90,1304
review_003293,1,3231,accepted,1323,272,1595
review_003294,1,3232,accepted,1199,84,1283
review_003295,1,3233,accepted,1351,223,1574
review_003296,1,3234,accepted,1309,184,1493
review_003297,1,3235,accepted,1194,87,1281
review_003298,1,3236,accepted,1290,90,1380
review_003299,1,3237,accepted,1214,86,1300
review_003300,1,3238,accepted,1311,253,1564
review_003301,1,3239,accepted,1246,90,1336
review_003302,1,3240,accepted,1217,86,1303
review_003303,1,3241,accepted,1214,88,1302
review_003304,1,3242,accepted,1196,88,1284
review_003305,1,3243,accepted,1258,266,1524
review_003306,1,3244,accepted,1294,90,1384
review_003307,1,3245,accepted,1320,249,1569
review_003308,1,3246,accepted,1300,231,1531
review_003309,1,3247,accepted,1273,348,1621
review_003310,1,3248,accepted,1310,204,1514
review_003311,1,3249,accepted,1275,221,1496
review_003312,1,3250,accepted,1304,213,1517
review_003313,1,3251,accepted,1317,90,1407
review_003314,1,3252,accepted,1297,257,1554
review_003315,1,3253,accepted,1305,259,1564
review_003316,1,3254,accepted,1306,213,1519
review_003317,1,3255,accepted,1327,90,1417
review_003318,1,3256,accepted,1257,222,1479
review_003319,1,3257,accepted,1296,256,1552
review_003320,1,3258,accepted,1294,198,1492
review_003321,1,3259,accepted,1310,395,1705
review_003322,1,3260,accepted,1277,203,1480
review_003323,1,3261,accepted,1314,214,1528
review_003324,1,3262,accepted,1320,90,1410
review_003325,1,3263,accepted,1315,267,1582
review_003326,1,3264,accepted,1311,90,1401
review_003327,1,3265,accepted,1316,379,1695
review_003328,1,3266,accepted,1277,189,1466
review_003329,1,3267,accepted,1303,367,1670
review_003330,1,3268,accepted,1303,163,1466
review_003331,1,3269,accepted,1310,222,1532
review_003332,1,3270,accepted,1255,88,1343
review_003333,1,3271,accepted,1235,86,1321
review_003334,1,3272,accepted,1257,217,1474
review_003335,1,3273,accepted,1230,86,1316
review_003336,1,3274,accepted,1215,89,1304
review_003337,1,3275,accepted,1314,90,1404
review_003338,1,3276,accepted,1223,190,1413
review_003339,1,3277,accepted,1221,86,1307
review_003340,1,3278,accepted,1321,192,1513
review_003341,1,3279,accepted,1196,88,1284
review_003342,1,3280,accepted,1210,88,1298
review_003343,1,3281,accepted,1308,414,1722
review_003344,1,3282,accepted,1203,88,1291
review_003345,1,3283,accepted,1342,90,1432
review_003346,1,3284,accepted,1306,186,1492
review_003347,1,3285,accepted,1254,212,1466
review_003348,1,3286,accepted,1264,88,1352
review_003349,1,3287,accepted,1212,90,1302
review_003350,1,3288,accepted,1311,90,1401
review_003351,1,3289,accepted,1443,168,1611
review_003352,1,3290,accepted,1510,502,2012
review_003353,1,3291,accepted,1548,242,1790
review_003354,1,3292,accepted,1473,110,1583
review_003355,1,3293,accepted,1318,149,1467
review_003356,1,3294,accepted,1374,273,1647
review_003357,1,3295,accepted,1367,90,1457
review_003358,1,3296,accepted,1305,283,1588
review_003359,1,3297,accepted,1355,186,1541
review_003360,1,3298,accepted,1418,205,1623
review_003361,1,3299,accepted,1314,169,1483
review_003362,1,3300,accepted,1280,248,1528
review_003363,1,3301,accepted,1459,125,1584
review_003364,1,3302,accepted,1540,252,1792
review_003365,1,3303,accepted,1558,235,1793
review_003366,1,3304,accepted,1507,93,1600
review_003367,1,3305,accepted,1476,189,1665
review_003368,1,3306,accepted,1385,90,1475
review_003369,1,3307,accepted,1450,164,1614
review_003370,1,3308,accepted,1453,221,1674
review_003371,1,3309,accepted,1466,96,1562
review_003372,1,3310,accepted,1593,346,1939
review_003373,1,3311,accepted,1628,175,1803
review_003374,1,3312,accepted,1487,180,1667
review_003375,1,3313,accepted,1513,1035,2548
review_003376,1,3314,accepted,1372,158,1530
review_003377,1,3315,accepted,1531,300,1831
review_003378,1,3316,accepted,1492,137,1629
review_003379,1,3317,accepted,1506,146,1652
review_003380,1,3318,accepted,1445,126,1571
review_003381,1,3319,accepted,1536,90,1626
review_003382,1,3320,accepted,1440,219,1659
review_003383,1,3321,accepted,1399,176,1575
review_003384,1,3322,accepted,1431,207,1638
review_003385,1,3323,accepted,1238,552,1790
review_003386,1,3324,accepted,1386,240,1626
review_003387,1,3325,accepted,1399,519,1918
review_003388,1,3326,accepted,1228,109,1337
review_003389,1,3327,accepted,1247,280,1527
review_003390,1,3328,accepted,1527,248,1775
review_003391,1,3329,accepted,1346,198,1544
review_003392,1,3330,accepted,1305,193,1498
review_003393,1,3331,accepted,1291,90,1381
review_003394,1,3332,accepted,1236,97,1333
review_003395,1,3333,accepted,1236,216,1452
review_003396,1,3334,accepted,1278,90,1368
review_003397,1,3335,accepted,1277,325,1602
review_003398,1,3336,accepted,1426,173,1599
review_003399,1,3337,accepted,1319,190,1509
review_003400,1,3338,accepted,1954,92,2046
review_003401,1,3339,accepted,1473,142,1615
review_003402,1,3340,accepted,1431,141,1572
review_003403,1,3341,accepted,1487,629,2116
review_003404,1,3342,accepted,1479,166,1645
review_003405,1,3343,accepted,1344,207,1551
review_003406,1,3344,accepted,1401,284,1685
review_003407,1,3345,accepted,1377,180,1557
review_003408,1,3346,accepted,1377,156,1533
review_003409,1,3347,accepted,1358,187,1545
review_003410,1,3348,accepted,1270,106,1376
review_003411,1,3349,accepted,1254,228,1482
review_003412,1,3350,accepted,1323,103,1426
review_003413,1,3351,accepted,1433,160,1593
review_003414,1,3352,accepted,1491,170,1661
review_003415,1,3353,accepted,1457,267,1724
review_003416,1,3354,accepted,1316,631,1947
review_003417,1,3355,accepted,1420,1411,2831
review_003418,1,3356,accepted,1426,160,1586
review_003419,1,3357,accepted,1414,207,1621
review_003420,1,3358,accepted,1458,93,1551
review_003421,1,3359,accepted,1472,302,1774
review_003422,1,3360,accepted,1463,133,1596
review_003423,1,3361,accepted,1489,155,1644
review_003424,1,3362,accepted,1553,257,1810
review_003425,1,3363,accepted,1482,235,1717
review_003426,1,3364,accepted,1318,90,1408
review_003427,1,3365,accepted,1313,361,1674
review_003428,1,3366,accepted,1466,424,1890
review_003429,1,3367,accepted,1470,322,1792
review_003430,1,3368,accepted,1407,246,1653
review_003431,1,3369,accepted,1456,788,2244
review_003432,1,3370,accepted,1434,132,1566
review_003433,1,3371,accepted,1415,253,1668
review_003434,1,3372,accepted,1458,261,1719
review_003435,1,3373,accepted,1226,304,1530
review_003436,1,3374,accepted,1227,111,1338
review_003437,1,3375,accepted,1226,89,1315
review_003438,1,3376,accepted,1259,215,1474
review_003439,1,3377,accepted,1240,90,1330
review_003440,1,3378,accepted,1500,138,1638
review_003441,1,3379,accepted,1268,151,1419
review_003442,1,3380,accepted,1251,106,1357
review_003443,1,3381,accepted,1317,165,1482
review_003444,1,3382,accepted,1231,104,1335
review_003445,1,3383,accepted,1232,158,1390
review_003446,1,3384,accepted,1327,101,1428
review_003447,1,3385,accepted,1267,90,1357
review_003448,1,3386,accepted,1358,147,1505
review_003449,1,3387,accepted,1370,212,1582
review_003450,1,3388,accepted,1706,537,2243
review_003451,1,3389,accepted,1460,246,1706
review_003452,1,3390,accepted,1434,225,1659
review_003453,1,3391,accepted,1556,106,1662
review_003454,1,3392,accepted,1495,162,1657
review_003455,1,3393,accepted,1384,612,1996
review_003456,1,3394,accepted,1336,103,1439
review_003457,1,3395,accepted,1332,162,1494
review_003458,1,3396,accepted,1378,230,1608
review_003459,1,3397,accepted,1394,123,1517
review_003460,1,3398,accepted,1279,284,1563
review_003461,1,3399,accepted,1281,165,1446
review_003462,1,3400,accepted,1358,147,1505
review_003463,1,3401,accepted,1450,281,1731
review_003464,1,3402,accepted,1541,351,1892
review_003465,1,3403,accepted,1472,488,1960
review_003466,1,3404,accepted,1275,260,1535
review_003467,1,3405,accepted,1635,150,1785
review_003468,1,3406,accepted,1494,90,1584
review_003469,1,3407,accepted,1371,171,1542
review_003470,1,3408,accepted,1421,375,1796
review_003471,1,3409,accepted,1472,155,1627
review_003472,1,3410,accepted,1505,238,1743
review_003473,1,3411,accepted,1491,287,1778
review_003474,1,3412,accepted,1484,251,1735
review_003475,1,3413,accepted,1457,246,1703
review_003476,1,3414,accepted,1319,90,1409
review_003477,1,3415,accepted,1379,356,1735
review_003478,1,3416,accepted,1467,316,1783
review_003479,1,3417,accepted,1460,288,1748
review_003480,1,3418,accepted,1410,210,1620
review_003481,1,3419,accepted,1468,139,1607
review_003482,1,3420,accepted,1440,255,1695
review_003483,1,3421,accepted,1425,166,1591
review_003484,1,3422,accepted,1419,248,1667
review_003485,1,3423,accepted,1274,91,1365
review_003486,1,3424,accepted,1256,90,1346
review_003487,1,3425,accepted,1254,175,1429
review_003488,1,3426,accepted,1224,107,1331
review_003489,1,3427,accepted,1285,535,1820
review_003490,1,3428,accepted,1509,191,1700
review_003491,1,3429,accepted,1452,90,1542
review_003492,1,3430,accepted,1247,190,1437
review_003493,1,3431,accepted,1261,90,1351
review_003494,1,3432,accepted,1251,106,1357
review_003495,1,3433,accepted,1229,158,1387
review_003496,1,3434,accepted,1256,90,1346
review_003497,1,3435,accepted,1266,965,2231
review_003498,1,3436,accepted,1241,86,1327
review_003499,1,3437,accepted,1255,178,1433
review_003500,1,3438,accepted,1982,569,2551
review_003501,1,3439,accepted,1499,90,1589
review_003502,1,3440,accepted,1406,371,1777
review_003503,1,3441,accepted,1224,86,1310
review_003504,1,3442,accepted,1377,236,1613
review_003505,1,3443,accepted,1492,527,2019
review_003506,1,3444,accepted,1412,93,1505
review_003507,1,3445,accepted,1311,90,1401
review_003508,1,3446,accepted,1304,318,1622
review_003509,1,3447,accepted,1262,312,1574
review_003510,1,3448,accepted,1288,90,1378
review_003511,1,3449,accepted,1350,90,1440
review_003512,1,3450,accepted,1344,90,1434
review_003513,1,3451,accepted,1493,236,1729
review_003514,1,3452,accepted,1357,90,1447
review_003515,1,3453,accepted,1241,87,1328
review_003516,1,3454,accepted,1616,240,1856
review_003517,1,3455,accepted,1256,90,1346
review_003518,1,3456,accepted,1397,361,1758
review_003519,1,3457,accepted,1419,204,1623
review_003520,1,3458,accepted,1483,313,1796
review_003521,1,3459,accepted,1506,221,1727
review_003522,1,3460,accepted,1508,264,1772
review_003523,1,3461,accepted,1489,90,1579
review_003524,1,3462,accepted,1391,169,1560
review_003525,1,3463,accepted,1489,260,1749
review_003526,1,3464,accepted,1574,90,1664
review_003527,1,3465,accepted,1423,90,1513
review_003528,1,3466,accepted,1402,220,1622
review_003529,1,3467,accepted,1506,185,1691
review_003530,1,3468,accepted,1466,90,1556
review_003531,1,3469,accepted,1467,403,1870
review_003532,1,3470,accepted,1391,89,1480
review_003533,1,3471,accepted,1429,1184,2613
review_003534,1,3472,accepted,1531,266,1797
review_003535,1,3473,accepted,1263,98,1361
review_003536,1,3474,accepted,1275,90,1365
review_003537,1,3475,accepted,1428,275,1703
review_003538,1,3476,accepted,1197,81,1278
review_003539,1,3477,accepted,1345,272,1617
review_003540,1,3478,accepted,1644,345,1989
review_003541,1,3479,accepted,1187,82,1269
review_003542,1,3480,accepted,1226,90,1316
review_003543,1,3481,accepted,1209,89,1298
review_003544,1,3482,accepted,1199,84,1283
review_003545,1,3483,accepted,1196,89,1285
review_003546,1,3484,accepted,1198,90,1288
review_003547,1,3485,accepted,1196,91,1287
review_003548,1,3486,accepted,1509,263,1772
review_003549,1,3487,accepted,1548,90,1638
review_003550,1,3488,accepted,1439,258,1697
review_003551,1,3489,accepted,1382,956,2338
review_003552,1,3490,accepted,1460,90,1550
review_003553,1,3491,accepted,1372,90,1462
review_003554,1,3492,accepted,1353,178,1531
review_003555,1,3493,accepted,1261,93,1354
review_003556,1,3494,accepted,1506,230,1736
review_003557,1,3495,accepted,1265,90,1355
review_003558,1,3496,accepted,1295,93,1388
review_003559,1,3497,accepted,1385,235,1620
review_003560,1,3498,accepted,1304,90,1394
review_003561,1,3499,accepted,1262,90,1352
review_003562,1,3500,accepted,1274,90,1364
review_003563,1,3501,accepted,1308,90,1398
review_003564,1,3502,accepted,1606,91,1697
review_003565,1,3503,accepted,1229,88,1317
review_003566,1,3504,accepted,1671,90,1761
review_003567,1,3505,accepted,1336,90,1426
review_003568,1,3506,accepted,1294,90,1384
review_003569,1,3507,accepted,1581,291,1872
review_003570,1,3508,accepted,1352,90,1442
review_003571,1,3509,accepted,1356,90,1446
review_003572,1,3510,accepted,1373,301,1674
review_003573,1,3511,accepted,1410,90,1500
review_003574,1,3512,accepted,1310,100,1410
review_003575,1,3513,accepted,1509,379,1888
review_003576,1,3514,accepted,1698,424,2122
review_003577,1,3515,accepted,1668,882,2550
review_003578,1,3516,accepted,1286,239,1525
review_003579,1,3517,accepted,1485,354,1839
review_003580,1,3518,accepted,1423,418,1841
review_003581,1,3519,accepted,1529,263,1792
review_003582,1,3520,accepted,1455,285,1740
review_003583,1,3521,accepted,1504,399,1903
review_003584,1,3522,accepted,1498,277,1775
review_003585,1,3523,accepted,1245,90,1335
review_003586,1,3524,accepted,1275,90,1365
review_003587,1,3525,accepted,1391,292,1683
review_003588,1,3526,accepted,1194,81,1275
review_003589,1,3527,accepted,1368,91,1459
review_003590,1,3528,accepted,1510,456,1966
review_003591,1,3529,accepted,1187,81,1268
review_003592,1,3530,accepted,1267,135,1402
review_003593,1,3531,accepted,1256,90,1346
review_003594,1,3532,accepted,1188,89,1277
review_003595,1,3533,accepted,1198,81,1279
review_003596,1,3534,accepted,1191,81,1272
review_003597,1,3535,accepted,1195,81,1276
review_003598,1,3536,accepted,1447,164,1611
review_003599,1,3537,accepted,1242,88,1330
review_003600,1,3538,accepted,1428,90,1518
review_003601,1,3539,accepted,1407,90,1497
review_003602,1,3540,accepted,1519,311,1830
review_003603,1,3541,accepted,1605,92,1697
review_003604,1,3542,accepted,1486,287,1773
review_003605,1,3543,accepted,1352,206,1558
review_003606,1,3544,accepted,1466,349,1815
review_003607,1,3545,accepted,1471,90,1561
review_003608,1,3546,accepted,1334,108,1442
review_003609,1,3547,accepted,1291,236,1527
review_003610,1,3548,accepted,1234,88,1322
review_003611,1,3549,accepted,1432,632,2064
review_003612,1,3550,accepted,1315,88,1403
review_003613,1,3551,accepted,1586,93,1679
review_003614,1,3552,accepted,1605,90,1695
review_003615,1,3553,accepted,1231,86,1317
review_003616,1,3554,accepted,1311,674,1985
review_003617,1,3555,accepted,1237,110,1347
review_003618,1,3556,accepted,1352,396,1748
review_003619,1,3557,accepted,1459,88,1547
review_003620,1,3558,accepted,1342,90,1432
review_003621,1,3559,accepted,1555,645,2200
review_003622,1,3560,accepted,1434,90,1524
review_003623,1,3561,accepted,1439,90,1529
review_003624,1,3562,accepted,1409,90,1499
review_003625,1,3563,accepted,1504,90,1594
review_003626,1,3564,accepted,1420,851,2271
review_003627,1,3565,accepted,1469,473,1942
review_003628,1,3566,accepted,1332,90,1422
review_003629,1,3567,accepted,1614,360,1974
review_003630,1,3568,accepted,1589,90,1679
review_003631,1,3569,accepted,1700,416,2116
review_003632,1,3570,accepted,1376,90,1466
review_003633,1,3571,accepted,1578,90,1668
review_003634,1,3572,accepted,1474,116,1590
review_003635,1,3573,accepted,1270,90,1360
review_003636,1,3574,accepted,1297,88,1385
review_003637,1,3575,accepted,1244,88,1332
review_003638,1,3576,accepted,1196,88,1284
review_003639,1,3577,accepted,1271,90,1361
review_003640,1,3578,accepted,1454,88,1542
review_003641,1,3579,accepted,1192,82,1274
review_003642,1,3580,accepted,1215,86,1301
review_003643,1,3581,accepted,1600,401,2001
review_003644,1,3582,accepted,1196,81,1277
review_003645,1,3583,accepted,1193,82,1275
review_003646,1,3584,accepted,1195,80,1275
review_003647,1,3585,accepted,1190,88,1278
review_003648,1,3586,accepted,1318,229,1547
review_003649,1,3587,accepted,1354,447,1801
review_003650,1,3588,accepted,1554,90,1644
review_003651,1,3589,accepted,1280,90,1370
review_003652,1,3590,accepted,1277,93,1370
review_003653,1,3591,accepted,1285,217,1502
review_003654,1,3592,accepted,1339,191,1530
review_003655,1,3593,accepted,1264,144,1408
review_003656,1,3594,accepted,1287,111,1398
review_003657,1,3595,accepted,1263,88,1351
review_003658,1,3596,accepted,1248,347,1595
review_003659,1,3597,accepted,1279,303,1582
review_003660,1,3598,accepted,1286,90,1376
review_003661,1,3599,accepted,1269,90,1359
review_003662,1,3600,accepted,1287,644,1931
review_003663,1,3601,accepted,1301,201,1502
review_003664,1,3602,accepted,1267,244,1511
review_003665,1,3603,accepted,1274,90,1364
review_003666,1,3604,accepted,1266,90,1356
review_003667,1,3605,accepted,1294,149,1443
review_003668,1,3606,accepted,1278,348,1626
review_003669,1,3607,accepted,1288,252,1540
review_003670,1,3608,accepted,1268,181,1449
review_003671,1,3609,accepted,1290,197,1487
review_003672,1,3610,accepted,1307,90,1397
review_003673,1,3611,accepted,1285,90,1375
review_003674,1,3612,accepted,1250,314,1564
review_003675,1,3613,accepted,1254,90,1344
review_003676,1,3614,accepted,1255,90,1345
review_003677,1,3615,accepted,1254,90,1344
review_003678,1,3616,accepted,1293,90,1383
review_003679,1,3617,accepted,1279,225,1504
review_003680,1,3618,accepted,1301,90,1391
review_003681,1,3619,accepted,1272,159,1431
review_003682,1,3620,accepted,1288,274,1562
review_003683,1,3621,accepted,1289,90,1379
review_003684,1,3622,accepted,1277,224,1501
review_003685,1,3623,accepted,1290,270,1560
review_003686,1,3624,accepted,1197,89,1286
review_003687,1,3625,accepted,1282,90,1372
review_003688,1,3626,accepted,1199,87,1286
review_003689,1,3627,accepted,1280,90,1370
review_003690,1,3628,accepted,1298,191,1489
review_003691,1,3629,accepted,1194,89,1283
review_003692,1,3630,accepted,1213,86,1299
review_003693,1,3631,accepted,1290,188,1478
review_003694,1,3632,accepted,1200,88,1288
review_003695,1,3633,accepted,1220,94,1314
review_003696,1,3634,accepted,1293,271,1564
review_003697,1,3635,accepted,1211,90,1301
review_003698,1,3636,accepted,1273,90,1363
review_003699,1,3637,accepted,1297,90,1387
review_003700,1,3638,accepted,1283,90,1373
review_003701,1,3639,accepted,1297,90,1387
review_003702,1,3640,accepted,1290,90,1380
review_003703,1,3641,accepted,1283,90,1373
review_003704,1,3642,accepted,1308,331,1639
review_003705,1,3643,accepted,1300,90,1390
review_003706,1,3644,accepted,1283,151,1434
review_003707,1,3645,accepted,1273,258,1531
review_003708,1,3646,accepted,1257,90,1347
review_003709,1,3647,accepted,1284,90,1374
review_003710,1,3648,accepted,1310,331,1641
review_003711,1,3649,accepted,1253,842,2095
review_003712,1,3650,accepted,1294,90,1384
review_003713,1,3651,accepted,1264,91,1355
review_003714,1,3652,accepted,1288,313,1601
review_003715,1,3653,accepted,1278,91,1369
review_003716,1,3654,accepted,1289,90,1379
review_003717,1,3655,accepted,1297,337,1634
review_003718,1,3656,accepted,1271,92,1363
review_003719,1,3657,accepted,1264,90,1354
review_003720,1,3658,accepted,1264,208,1472
review_003721,1,3659,accepted,1301,90,1391
review_003722,1,3660,accepted,1285,90,1375
review_003723,1,3661,accepted,1280,90,1370
review_003724,1,3662,accepted,1259,90,1349
review_003725,1,3663,accepted,1255,177,1432
review_003726,1,3664,accepted,1276,92,1368
review_003727,1,3665,accepted,1276,90,1366
review_003728,1,3666,accepted,1270,184,1454
review_003729,1,3667,accepted,1275,90,1365
review_003730,1,3668,accepted,1267,232,1499
review_003731,1,3669,accepted,1262,276,1538
review_003732,1,3670,accepted,1279,372,1651
review_003733,1,3671,accepted,1287,274,1561
review_003734,1,3672,accepted,1293,90,1383
review_003735,1,3673,accepted,1295,90,1385
review_003736,1,3674,accepted,1200,87,1287
review_003737,1,3675,accepted,1282,194,1476
review_003738,1,3676,accepted,1202,87,1289
review_003739,1,3677,accepted,1276,90,1366
review_003740,1,3678,accepted,1312,263,1575
review_003741,1,3679,accepted,1195,89,1284
review_003742,1,3680,accepted,1226,88,1314
review_003743,1,3681,accepted,1298,90,1388
review_003744,1,3682,accepted,1205,88,1293
review_003745,1,3683,accepted,1221,90,1311
review_003746,1,3684,accepted,1254,243,1497
review_003747,1,3685,accepted,1216,92,1308
review_003748,1,3686,accepted,1285,90,1375
review_003749,1,3687,accepted,1274,88,1362
review_003750,1,3688,accepted,1277,88,1365
review_003751,1,3689,accepted,1298,90,1388
review_003752,1,3690,accepted,1299,90,1389
review_003753,1,3691,accepted,1294,157,1451
review_003754,1,3692,accepted,1311,205,1516
review_003755,1,3693,accepted,1290,90,1380
review_003756,1,3694,accepted,1286,174,1460
review_003757,1,3695,accepted,1268,316,1584
review_003758,1,3696,accepted,1272,300,1572
review_003759,1,3697,accepted,1286,88,1374
review_003760,1,3698,accepted,1261,90,1351
review_003761,1,3699,accepted,1287,730,2017
review_003762,1,3700,accepted,1263,460,1723
review_003763,1,3701,accepted,1262,90,1352
review_003764,1,3702,accepted,1277,200,1477
review_003765,1,3703,accepted,1254,90,1344
review_003766,1,3704,accepted,1284,90,1374
review_003767,1,3705,accepted,1272,90,1362
review_003768,1,3706,accepted,1290,179,1469
review_003769,1,3707,accepted,1280,193,1473
review_003770,1,3708,accepted,1280,209,1489
review_003771,1,3709,accepted,1288,90,1378
review_003772,1,3710,accepted,1281,90,1371
review_003773,1,3711,accepted,1275,90,1365
review_003774,1,3712,accepted,1261,177,1438
review_003775,1,3713,accepted,1271,90,1361
review_003776,1,3714,accepted,1257,90,1347
review_003777,1,3715,accepted,1278,98,1376
review_003778,1,3716,accepted,1272,90,1362
review_003779,1,3717,accepted,1284,90,1374
review_003780,1,3718,accepted,1289,90,1379
review_003781,1,3719,accepted,1287,90,1377
review_003782,1,3720,accepted,1288,90,1378
review_003783,1,3721,accepted,1287,90,1377
review_003784,1,3722,accepted,1265,90,1355
review_003785,1,3723,accepted,1267,90,1357
review_003786,1,3724,accepted,1196,88,1284
review_003787,1,3725,accepted,1300,90,1390
review_003788,1,3726,accepted,1200,83,1283
review_003789,1,3727,accepted,1275,90,1365
review_003790,1,3728,accepted,1284,224,1508
review_003791,1,3729,accepted,1195,89,1284
review_003792,1,3730,accepted,1213,88,1301
review_003793,1,3731,accepted,1265,90,1355
review_003794,1,3732,accepted,1195,79,1274
review_003795,1,3733,accepted,1197,81,1278
review_003796,1,3734,accepted,1231,85,1316
review_003797,1,3735,accepted,1204,90,1294
review_003798,1,3736,accepted,1268,90,1358
review_003799,1,3737,accepted,1272,275,1547
review_003800,1,3738,accepted,1280,88,1368
review_003801,1,3739,accepted,1283,509,1792
review_003802,1,3741,accepted,1330,528,1858
review_003803,1,3740,accepted,1330,246,1576
review_003804,1,3742,accepted,1229,84,1313
review_003805,1,3743,accepted,1336,90,1426
review_003806,1,3744,accepted,1355,542,1897
review_003807,1,3745,accepted,1262,92,1354
review_003808,1,3746,accepted,1229,304,1533
review_003809,1,3747,accepted,1228,92,1320
review_003810,1,3748,accepted,1258,92,1350
review_003811,1,3749,accepted,1392,90,1482
review_003812,1,3750,accepted,1357,90,1447
review_003813,1,3751,accepted,1301,92,1393
review_003814,1,3752,accepted,1434,305,1739
review_003815,1,3753,accepted,1296,371,1667
review_003816,1,3754,accepted,1372,93,1465
review_003817,1,3755,accepted,1441,251,1692
review_003818,1,3756,accepted,1301,90,1391
review_003819,1,3757,accepted,1367,234,1601
review_003820,1,3758,accepted,1340,220,1560
review_003821,1,3759,accepted,1325,174,1499
review_003822,1,3760,accepted,1271,90,1361
review_003823,1,3761,accepted,1290,92,1382
review_003824,1,3762,accepted,1360,90,1450
review_003825,1,3763,accepted,1338,478,1816
review_003826,1,3764,accepted,1421,90,1511
review_003827,1,3765,accepted,1371,90,1461
review_003828,1,3766,accepted,1389,92,1481
review_003829,1,3767,accepted,1320,90,1410
review_003830,1,3768,accepted,1304,584,1888
review_003831,1,3769,accepted,1411,92,1503
review_003832,1,3770,accepted,1263,378,1641
review_003833,1,3771,accepted,1271,337,1608
review_003834,1,3772,accepted,1253,93,1346
review_003835,1,3773,accepted,1337,213,1550
review_003836,1,3774,accepted,1317,464,1781
review_003837,1,3775,accepted,1371,88,1459
review_003838,1,3776,accepted,1219,88,1307
review_003839,1,3777,accepted,1345,221,1566
review_003840,1,3778,accepted,1401,90,1491
review_003841,1,3779,accepted,1220,86,1306
review_003842,1,3780,accepted,1223,88,1311
review_003843,1,3781,accepted,1377,261,1638
review_003844,1,3782,accepted,1230,88,1318
review_003845,1,3783,accepted,1225,86,1311
review_003846,1,3784,accepted,1225,88,1313
review_003847,1,3785,accepted,1219,88,1307
review_003848,1,3786,accepted,1307,90,1397
review_003849,1,3787,accepted,1348,445,1793
review_003850,1,3788,accepted,1430,234,1664
review_003851,1,3789,accepted,1315,90,1405
review_003852,1,3790,accepted,1414,396,1810
review_003853,1,3791,accepted,1252,190,1442
review_003854,1,3792,accepted,1225,86,1311
review_003855,1,3793,accepted,1247,513,1760
review_003856,1,3794,accepted,1235,90,1325
review_003857,1,3795,accepted,1391,88,1479
review_003858,1,3796,accepted,1233,346,1579
review_003859,1,3797,accepted,1345,92,1437
review_003860,1,3798,accepted,1254,88,1342
review_003861,1,3799,accepted,1314,90,1404
review_003862,1,3800,accepted,1256,90,1346
review_003863,1,3801,accepted,1292,242,1534
review_003864,1,3802,accepted,1402,203,1605
review_003865,1,3803,accepted,1283,90,1373
review_003866,1,3804,accepted,1358,236,1594
review_003867,1,3805,accepted,1346,88,1434
review_003868,1,3806,accepted,1260,90,1350
review_003869,1,3807,accepted,1334,342,1676
review_003870,1,3808,accepted,1344,208,1552
review_003871,1,3809,accepted,1325,188,1513
review_003872,1,3810,accepted,1233,87,1320
review_003873,1,3811,accepted,1295,587,1882
review_003874,1,3812,accepted,1363,90,1453
review_003875,1,3813,accepted,1338,90,1428
review_003876,1,3814,accepted,1385,243,1628
review_003877,1,3815,accepted,1352,90,1442
review_003878,1,3816,accepted,1409,90,1499
review_003879,1,3817,accepted,1307,90,1397
review_003880,1,3818,accepted,1300,90,1390
review_003881,1,3819,accepted,1365,297,1662
review_003882,1,3820,accepted,1297,88,1385
review_003883,1,3821,accepted,1267,314,1581
review_003884,1,3822,accepted,1288,90,1378
review_003885,1,3823,accepted,1376,286,1662
review_003886,1,3824,accepted,1333,271,1604
review_003887,1,3825,accepted,1378,90,1468
review_003888,1,3826,accepted,1214,84,1298
review_003889,1,3827,accepted,1343,256,1599
review_003890,1,3828,accepted,1377,219,1596
review_003891,1,3829,accepted,1226,86,1312
review_003892,1,3830,accepted,1208,88,1296
review_003893,1,3831,accepted,1397,90,1487
review_003894,1,3832,accepted,1220,88,1308
review_003895,1,3833,accepted,1222,85,1307
review_003896,1,3834,accepted,1216,90,1306
review_003897,1,3835,accepted,1219,86,1305
review_003898,1,3836,accepted,1307,218,1525
review_003899,1,3837,accepted,1325,344,1669
review_003900,1,3838,accepted,1439,203,1642
review_003901,1,3839,accepted,1314,211,1525
review_003902,1,3840,accepted,1378,276,1654
review_003903,1,3841,accepted,1292,176,1468
review_003904,1,3842,accepted,1226,86,1312
review_003905,1,3843,accepted,1299,482,1781
review_003906,1,3844,accepted,1278,642,1920
review_003907,1,3845,accepted,1337,90,1427
review_003908,1,3846,accepted,1240,807,2047
review_003909,1,3847,accepted,1280,223,1503
review_003910,1,3848,accepted,1258,87,1345
review_003911,1,3849,accepted,1369,92,1461
review_003912,1,3850,accepted,1269,280,1549
review_003913,1,3851,accepted,1386,176,1562
review_003914,1,3852,accepted,1359,278,1637
review_003915,1,3853,accepted,1273,201,1474
review_003916,1,3854,accepted,1393,362,1755
review_003917,1,3855,accepted,1393,206,1599
review_003918,1,3856,accepted,1283,154,1437
review_003919,1,3857,accepted,1353,182,1535
review_003920,1,3858,accepted,1356,90,1446
review_003921,1,3859,accepted,1326,155,1481
review_003922,1,3860,accepted,1235,90,1325
review_003923,1,3861,accepted,1293,88,1381
review_003924,1,3862,accepted,1339,220,1559
review_003925,1,3863,accepted,1322,90,1412
review_003926,1,3864,accepted,1379,439,1818
review_003927,1,3865,accepted,1373,206,1579
review_003928,1,3866,accepted,1421,90,1511
review_003929,1,3867,accepted,1328,90,1418
review_003930,1,3868,accepted,1293,390,1683
review_003931,1,3869,accepted,1396,194,1590
review_003932,1,3870,accepted,1314,486,1800
review_003933,1,3871,accepted,1273,90,1363
review_003934,1,3872,accepted,1251,90,1341
review_003935,1,3873,accepted,1283,472,1755
review_003936,1,3874,accepted,1316,368,1684
review_003937,1,3875,accepted,1378,90,1468
review_003938,1,3876,accepted,1224,90,1314
review_003939,1,3877,accepted,1372,651,2023
review_003940,1,3878,accepted,1403,90,1493
review_003941,1,3879,accepted,1222,88,1310
review_003942,1,3880,accepted,1224,90,1314
review_003943,1,3881,accepted,1419,2029,3448
review_003944,1,3882,accepted,1217,88,1305
review_003945,1,3883,accepted,1215,87,1302
review_003946,1,3884,accepted,1230,86,1316
review_003947,1,3885,accepted,1221,86,1307
review_003948,1,3886,accepted,1328,958,2286
review_003949,1,3887,accepted,1351,90,1441
review_003950,1,3888,accepted,1426,212,1638
review_003951,1,3889,accepted,2004,285,2289
review_003952,1,3890,accepted,2258,90,2348
review_003953,1,3891,accepted,2072,151,2223
review_003954,1,3892,accepted,2229,375,2604
review_003955,1,3893,accepted,1551,90,1641
review_003956,1,3894,accepted,1485,91,1576
review_003957,1,3895,accepted,1502,90,1592
review_003958,1,3896,accepted,1613,90,1703
review_003959,1,3897,accepted,1634,262,1896
review_003960,1,3898,accepted,1592,220,1812
review_003961,1,3899,accepted,1491,90,1581
review_003962,1,3900,accepted,1578,90,1668
review_003963,1,3901,accepted,1610,302,1912
review_003964,1,3902,accepted,1709,90,1799
review_003965,1,3903,accepted,1653,339,1992
review_003966,1,3904,accepted,1955,241,2196
review_003967,1,3905,accepted,1638,322,1960
review_003968,1,3906,accepted,1641,88,1729
review_003969,1,3907,accepted,1884,90,1974
review_003970,1,3908,accepted,1822,90,1912
review_003971,1,3909,accepted,2003,380,2383
review_003972,1,3910,accepted,1728,323,2051
review_003973,1,3911,accepted,1799,179,1978
review_003974,1,3912,accepted,1788,321,2109
review_003975,1,3913,accepted,1682,201,1883
review_003976,1,3914,accepted,1695,265,1960
review_003977,1,3915,accepted,1780,209,1989
review_003978,1,3916,accepted,1723,259,1982
review_003979,1,3917,accepted,1635,338,1973
review_003980,1,3918,accepted,1585,90,1675
review_003981,1,3919,accepted,1842,90,1932
review_003982,1,3920,accepted,1501,237,1738
review_003983,1,3921,accepted,2270,180,2450
review_003984,1,3922,accepted,1878,92,1970
review_003985,1,3923,accepted,1656,281,1937
review_003986,1,3924,accepted,1563,91,1654
review_003987,1,3925,accepted,1898,258,2156
review_003988,1,3926,accepted,1718,90,1808
review_003989,1,3927,accepted,1810,219,2029
review_003990,1,3928,accepted,1811,233,2044
review_003991,1,3929,accepted,1932,90,2022
review_003992,1,3930,accepted,1878,90,1968
review_003993,1,3931,accepted,2021,190,2211
review_003994,1,3932,accepted,1883,217,2100
review_003995,1,3933,accepted,1731,206,1937
review_003996,1,3934,accepted,1794,205,1999
review_003997,1,3935,accepted,1589,326,1915
review_003998,1,3936,accepted,1674,90,1764
review_003999,1,3937,accepted,1846,202,2048
review_004000,1,3938,accepted,2180,212,2392
review_004001,1,3939,accepted,1950,90,2040
review_004002,1,3940,accepted,1870,92,1962
review_004003,1,3941,accepted,2084,1158,3242
review_004004,1,3942,accepted,2520,248,2768
review_004005,1,3943,accepted,1410,90,1500
review_004006,1,3944,accepted,1357,88,1445
review_004007,1,3945,accepted,1663,90,1753
review_004008,1,3946,accepted,1573,90,1663
review_004009,1,3947,accepted,1501,93,1594
review_004010,1,3948,accepted,1632,247,1879
review_004011,1,3949,accepted,1709,90,1799
review_004012,1,3950,accepted,1695,90,1785
review_004013,1,3951,accepted,1672,269,1941
review_004014,1,3952,accepted,1937,439,2376
review_004015,1,3953,accepted,1633,304,1937
review_004016,1,3954,accepted,1771,216,1987
review_004017,1,3955,accepted,1708,387,2095
review_004018,1,3956,accepted,1476,90,1566
review_004019,1,3957,accepted,1891,90,1981
review_004020,1,3958,accepted,1692,93,1785
review_004021,1,3959,accepted,1819,256,2075
review_004022,1,3960,accepted,1658,90,1748
review_004023,1,3961,accepted,1711,90,1801
review_004024,1,3962,accepted,1619,269,1888
review_004025,1,3963,accepted,1669,90,1759
review_004026,1,3964,accepted,1685,338,2023
review_004027,1,3965,accepted,1742,407,2149
review_004028,1,3966,accepted,1832,92,1924
review_004029,1,3967,accepted,1759,90,1849
review_004030,1,3968,accepted,1886,429,2315
review_004031,1,3969,accepted,2003,204,2207
review_004032,1,3970,accepted,1445,90,1535
review_004033,1,3971,accepted,2315,90,2405
review_004034,1,3972,accepted,1894,92,1986
review_004035,1,3973,accepted,1600,435,2035
review_004036,1,3974,accepted,1594,90,1684
review_004037,1,3975,accepted,1803,178,1981
review_004038,1,3976,accepted,1854,159,2013
review_004039,1,3977,accepted,1726,324,2050
review_004040,1,3978,accepted,1699,428,2127
review_004041,1,3979,accepted,1920,222,2142
review_004042,1,3980,accepted,1965,90,2055
review_004043,1,3981,accepted,1838,384,2222
review_004044,1,3982,accepted,1835,348,2183
review_004045,1,3983,accepted,1945,249,2194
review_004046,1,3984,accepted,1708,93,1801
review_004047,1,3985,accepted,1839,90,1929
review_004048,1,3986,accepted,1480,181,1661
review_004049,1,3987,accepted,2166,209,2375
review_004050,1,3988,accepted,2244,263,2507
review_004051,1,3989,accepted,2025,236,2261
review_004052,1,3990,accepted,2194,90,2284
review_004053,1,3991,accepted,2065,90,2155
review_004054,1,3992,accepted,2392,534,2926
review_004055,1,3993,accepted,1552,90,1642
review_004056,1,3994,accepted,1483,94,1577
review_004057,1,3995,accepted,1692,330,2022
review_004058,1,3996,accepted,1420,90,1510
review_004059,1,3997,accepted,1662,90,1752
review_004060,1,3998,accepted,1528,90,1618
review_004061,1,3999,accepted,1542,90,1632
review_004062,1,4000,accepted,1647,248,1895
review_004063,1,4001,accepted,1545,219,1764
review_004064,1,4002,accepted,1818,90,1908
review_004065,1,4003,accepted,1794,90,1884
review_004066,1,4004,accepted,1970,348,2318
review_004067,1,4005,accepted,1864,230,2094
review_004068,1,4006,accepted,1496,93,1589
review_004069,1,4007,accepted,1843,245,2088
review_004070,1,4008,accepted,1628,261,1889
review_004071,1,4009,accepted,1885,230,2115
review_004072,1,4010,accepted,1628,188,1816
review_004073,1,4011,accepted,1810,317,2127
review_004074,1,4012,accepted,1693,189,1882
review_004075,1,4013,accepted,1658,257,1915
review_004076,1,4014,accepted,1684,272,1956
review_004077,1,4015,accepted,1697,213,1910
review_004078,1,4016,accepted,1869,242,2111
review_004079,1,4017,accepted,1640,274,1914
review_004080,1,4018,accepted,1523,331,1854
review_004081,1,4019,accepted,1720,191,1911
review_004082,1,4020,accepted,1672,397,2069
review_004083,1,4021,accepted,2278,238,2516
review_004084,1,4022,accepted,1914,90,2004
review_004085,1,4023,accepted,1691,895,2586
review_004086,1,4024,accepted,1552,90,1642
review_004087,1,4025,accepted,1908,295,2203
review_004088,1,4026,accepted,1490,251,1741
review_004089,1,4027,accepted,2149,90,2239
review_004090,1,4028,accepted,2012,90,2102
review_004091,1,4029,accepted,1832,255,2087
review_004092,1,4030,accepted,1929,350,2279
review_004093,1,4031,accepted,1877,215,2092
review_004094,1,4032,accepted,1716,363,2079
review_004095,1,4033,accepted,1875,684,2559
review_004096,1,4034,accepted,1901,209,2110
review_004097,1,4035,accepted,1662,603,2265
review_004098,1,4036,accepted,1591,231,1822
review_004099,1,4037,accepted,1758,369,2127
review_004100,1,4038,accepted,2166,184,2350
review_004101,1,4039,accepted,1395,90,1485
review_004102,1,4040,accepted,1356,88,1444
review_004103,1,4041,accepted,1415,93,1508
review_004104,1,4042,accepted,1393,90,1483
review_004105,1,4043,accepted,1421,90,1511
review_004106,1,4044,accepted,1402,90,1492
review_004107,1,4045,accepted,1423,90,1513
review_004108,1,4046,accepted,1398,287,1685
review_004109,1,4047,accepted,1468,420,1888
review_004110,1,4048,accepted,1411,88,1499
review_004111,1,4049,accepted,1430,383,1813
review_004112,1,4050,accepted,1411,513,1924
review_004113,1,4051,accepted,1449,90,1539
review_004114,1,4052,accepted,1566,90,1656
review_004115,1,4053,accepted,1371,197,1568
review_004116,1,4054,accepted,1419,90,1509
review_004117,1,4055,accepted,1443,90,1533
review_004118,1,4056,accepted,1352,210,1562
review_004119,1,4057,accepted,1382,90,1472
review_004120,1,4058,accepted,1437,90,1527
review_004121,1,4059,accepted,1458,90,1548
review_004122,1,4060,accepted,1431,92,1523
review_004123,1,4061,accepted,1477,90,1567
review_004124,1,4062,accepted,1353,90,1443
review_004125,1,4063,accepted,1388,93,1481
review_004126,1,4064,accepted,1447,90,1537
review_004127,1,4065,accepted,1442,90,1532
review_004128,1,4066,accepted,1482,90,1572
review_004129,1,4067,accepted,1423,90,1513
review_004130,1,4068,accepted,1431,90,1521
review_004131,1,4069,accepted,1416,90,1506
review_004132,1,4070,accepted,1452,90,1542
review_004133,1,4071,accepted,1400,90,1490
review_004134,1,4072,accepted,1407,90,1497
review_004135,1,4073,accepted,1383,90,1473
review_004136,1,4074,accepted,1423,90,1513
review_004137,1,4075,accepted,1404,90,1494
review_004138,1,4076,accepted,1393,90,1483
review_004139,1,4077,accepted,1368,90,1458
review_004140,1,4078,accepted,1495,93,1588
review_004141,1,4079,accepted,1447,90,1537
review_004142,1,4080,accepted,1293,88,1381
review_004143,1,4081,accepted,1405,182,1587
review_004144,1,4082,accepted,1371,90,1461
review_004145,1,4083,accepted,1483,90,1573
review_004146,1,4084,accepted,1438,90,1528
review_004147,1,4085,accepted,1479,90,1569
review_004148,1,4086,accepted,1447,90,1537
review_004149,1,4087,accepted,1425,90,1515
review_004150,1,4088,accepted,1440,143,1583
review_004151,1,4089,accepted,1434,92,1526
review_004152,1,4090,accepted,1356,561,1917
review_004153,1,4091,accepted,1418,90,1508
review_004154,1,4092,accepted,1432,92,1524
review_004155,1,4093,accepted,1455,90,1545
review_004156,1,4094,accepted,1428,131,1559
review_004157,1,4095,accepted,1398,648,2046
review_004158,1,4096,accepted,1448,255,1703
review_004159,1,4097,accepted,1413,90,1503
review_004160,1,4098,accepted,1400,95,1495
review_004161,1,4099,accepted,1366,191,1557
review_004162,1,4100,accepted,1441,280,1721
review_004163,1,4101,accepted,1482,137,1619
review_004164,1,4102,accepted,1415,90,1505
review_004165,1,4103,accepted,1450,90,1540
review_004166,1,4104,accepted,1415,90,1505
review_004167,1,4105,accepted,1422,396,1818
review_004168,1,4106,accepted,1405,90,1495
review_004169,1,4107,accepted,1405,90,1495
review_004170,1,4108,accepted,1444,93,1537
review_004171,1,4109,accepted,1418,90,1508
review_004172,1,4110,accepted,1417,88,1505
review_004173,1,4111,accepted,1425,90,1515
review_004174,1,4112,accepted,1415,92,1507
review_004175,1,4113,accepted,1401,90,1491
review_004176,1,4114,accepted,1463,90,1553
review_004177,1,4115,accepted,1450,90,1540
review_004178,1,4116,accepted,1352,110,1462
review_004179,1,4117,accepted,1412,88,1500
review_004180,1,4118,accepted,1385,90,1475
review_004181,1,4119,accepted,1404,90,1494
review_004182,1,4120,accepted,1438,90,1528
review_004183,1,4121,accepted,1378,90,1468
review_004184,1,4122,accepted,1418,92,1510
review_004185,1,4123,accepted,1372,93,1465
review_004186,1,4124,accepted,1400,92,1492
review_004187,1,4125,accepted,1443,585,2028
review_004188,1,4126,accepted,1430,90,1520
review_004189,1,4127,accepted,1320,90,1410
review_004190,1,4128,accepted,1458,90,1548
review_004191,1,4129,accepted,1440,90,1530
review_004192,1,4130,accepted,1405,90,1495
review_004193,1,4131,accepted,1395,90,1485
review_004194,1,4132,failed,0,0,0
review_004194,2,4151,accepted,1390,90,1480
review_004195,1,4133,accepted,1480,90,1570
review_004196,1,4134,accepted,1418,90,1508
review_004197,1,4135,accepted,1418,93,1511
review_004198,1,4136,accepted,1447,90,1537
review_004199,1,4137,accepted,1440,90,1530
review_004200,1,4138,accepted,1465,168,1633
review_004201,1,4139,accepted,1434,90,1524
review_004202,1,4140,accepted,1376,280,1656
review_004203,1,4141,accepted,1441,218,1659
review_004204,1,4142,accepted,1438,90,1528
review_004205,1,4143,accepted,1434,247,1681
review_004206,1,4144,accepted,1418,88,1506
review_004207,1,4145,accepted,1386,194,1580
review_004208,1,4146,accepted,1406,93,1499
review_004209,1,4147,accepted,1417,360,1777
review_004210,1,4148,accepted,1403,90,1493
review_004211,1,4149,accepted,1369,630,1999
review_004212,1,4150,accepted,1406,90,1496
review_004213,1,4152,accepted,1407,90,1497
review_004214,1,4153,accepted,1408,93,1501
review_004215,1,4154,accepted,1318,90,1408
review_004216,1,4155,accepted,1376,92,1468
review_004217,1,4156,accepted,1471,90,1561
review_004218,1,4157,accepted,1404,88,1492
review_004219,1,4158,accepted,1401,90,1491
review_004220,1,4159,accepted,1428,92,1520
review_004221,1,4160,accepted,1451,90,1541
review_004222,1,4161,accepted,1415,90,1505
review_004223,1,4162,accepted,1457,90,1547
review_004224,1,4163,accepted,1363,90,1453
review_004225,1,4164,accepted,1402,88,1490
review_004226,1,4165,accepted,1455,90,1545
review_004227,1,4166,accepted,1405,90,1495
review_004228,1,4167,accepted,1374,90,1464
review_004229,1,4168,failed,0,0,0
review_004229,2,4176,accepted,1413,90,1503
review_004230,1,4169,accepted,1419,90,1509
review_004231,1,4170,accepted,1437,303,1740
review_004232,1,4171,accepted,1464,92,1556
review_004233,1,4172,accepted,1355,90,1445
review_004234,1,4173,accepted,1373,90,1463
review_004235,1,4174,accepted,1433,90,1523
review_004236,1,4175,accepted,1400,90,1490
review_004237,1,4177,accepted,1392,88,1480
review_004238,1,4178,accepted,1484,159,1643
review_004239,1,4179,accepted,1372,88,1460
review_004240,1,4180,accepted,1441,88,1529
review_004241,1,4181,accepted,1476,92,1568
review_004242,1,4182,accepted,1418,90,1508
review_004243,1,4183,accepted,1408,90,1498
review_004244,1,4184,accepted,1337,90,1427
review_004245,1,4185,accepted,1472,93,1565
review_004246,1,4186,accepted,1410,93,1503
review_004247,1,4187,accepted,1416,92,1508
review_004248,1,4188,accepted,1452,90,1542
review_004249,1,4189,accepted,1467,90,1557
review_004250,1,4190,accepted,1396,90,1486
review_004251,1,4191,accepted,1311,456,1767
review_004252,1,4192,accepted,1320,461,1781
review_004253,1,4193,accepted,1350,158,1508
review_004254,1,4194,accepted,1365,90,1455
review_004255,1,4195,accepted,1340,446,1786
review_004256,1,4196,accepted,1337,90,1427
review_004257,1,4197,accepted,1356,307,1663
review_004258,1,4198,accepted,1317,725,2042
review_004259,1,4199,accepted,1284,449,1733
review_004260,1,4200,accepted,1347,270,1617
review_004261,1,4201,accepted,1245,256,1501
review_004262,1,4202,accepted,1292,90,1382
review_004263,1,4203,accepted,1460,279,1739
review_004264,1,4204,accepted,1370,303,1673
review_004265,1,4205,accepted,1336,416,1752
review_004266,1,4206,accepted,1397,275,1672
review_004267,1,4207,accepted,1455,522,1977
review_004268,1,4208,accepted,1306,1016,2322
review_004269,1,4209,accepted,1288,226,1514
review_004270,1,4210,accepted,1243,345,1588
review_004271,1,4211,accepted,1293,90,1383
review_004272,1,4212,accepted,1292,282,1574
review_004273,1,4213,accepted,1277,605,1882
review_004274,1,4214,accepted,1333,90,1423
review_004275,1,4215,accepted,1337,88,1425
review_004276,1,4216,accepted,1325,228,1553
review_004277,1,4217,accepted,1381,333,1714
review_004278,1,4218,accepted,1344,298,1642
review_004279,1,4219,accepted,1315,90,1405
review_004280,1,4220,accepted,1293,90,1383
review_004281,1,4221,accepted,1304,222,1526
review_004282,1,4222,accepted,1377,90,1467
review_004283,1,4223,accepted,1294,88,1382
review_004284,1,4224,accepted,1266,88,1354
review_004285,1,4225,accepted,1437,90,1527
review_004286,1,4226,accepted,1368,91,1459
review_004287,1,4227,accepted,1379,1156,2535
review_004288,1,4228,accepted,1390,88,1478
review_004289,1,4229,accepted,1414,1434,2848
review_004290,1,4230,accepted,1384,90,1474
review_004291,1,4231,accepted,1485,90,1575
review_004292,1,4232,accepted,1351,364,1715
review_004293,1,4233,accepted,1375,542,1917
review_004294,1,4234,accepted,1577,452,2029
review_004295,1,4235,accepted,1458,268,1726
review_004296,1,4236,accepted,1331,88,1419
review_004297,1,4237,accepted,1277,88,1365
review_004298,1,4238,accepted,1426,202,1628
review_004299,1,4239,accepted,1420,248,1668
review_004300,1,4240,accepted,1536,93,1629
review_004301,1,4241,accepted,1295,1090,2385
review_004302,1,4242,accepted,1349,560,1909
review_004303,1,4243,accepted,1327,219,1546
review_004304,1,4244,accepted,1396,90,1486
review_004305,1,4245,accepted,1339,90,1429
review_004306,1,4246,accepted,1409,178,1587
review_004307,1,4247,accepted,1267,213,1480
review_004308,1,4248,accepted,1288,557,1845
review_004309,1,4249,accepted,1304,274,1578
review_004310,1,4250,accepted,1313,296,1609
review_004311,1,4251,accepted,1246,462,1708
review_004312,1,4252,accepted,1296,419,1715
review_004313,1,4253,accepted,1419,90,1509
review_004314,1,4254,accepted,1429,315,1744
review_004315,1,4255,accepted,1355,812,2167
review_004316,1,4256,accepted,1434,1461,2895
review_004317,1,4257,accepted,1437,90,1527
review_004318,1,4258,accepted,1279,90,1369
review_004319,1,4259,accepted,1317,270,1587
review_004320,1,4260,accepted,1304,577,1881
review_004321,1,4261,accepted,1299,221,1520
review_004322,1,4262,accepted,1258,88,1346
review_004323,1,4263,accepted,1267,427,1694
review_004324,1,4264,accepted,1298,184,1482
review_004325,1,4265,accepted,1336,88,1424
review_004326,1,4266,accepted,1331,159,1490
review_004327,1,4267,accepted,1376,281,1657
review_004328,1,4268,accepted,1298,363,1661
review_004329,1,4269,accepted,1458,90,1548
review_004330,1,4270,accepted,1253,90,1343
review_004331,1,4271,accepted,1361,868,2229
review_004332,1,4272,accepted,1333,467,1800
review_004333,1,4273,accepted,1390,90,1480
review_004334,1,4274,accepted,1272,90,1362
review_004335,1,4275,accepted,1474,92,1566
review_004336,1,4276,accepted,1424,660,2084
review_004337,1,4277,accepted,1393,343,1736
review_004338,1,4278,accepted,1489,280,1769
review_004339,1,4279,accepted,1464,277,1741
review_004340,1,4280,accepted,1408,301,1709
review_004341,1,4281,accepted,1214,88,1302
review_004342,1,4282,accepted,1335,604,1939
review_004343,1,4283,accepted,1401,492,1893
review_004344,1,4284,accepted,1513,191,1704
review_004345,1,4285,accepted,1440,90,1530
review_004346,1,4286,accepted,1395,457,1852
review_004347,1,4287,accepted,1281,88,1369
review_004348,1,4288,accepted,1376,553,1929
review_004349,1,4289,accepted,1393,276,1669
review_004350,1,4290,accepted,1549,205,1754
review_004351,1,4291,accepted,1302,88,1390
review_004352,1,4292,accepted,1291,90,1381
review_004353,1,4293,accepted,1355,190,1545
review_004354,1,4294,accepted,1384,90,1474
review_004355,1,4295,accepted,1288,333,1621
review_004356,1,4296,accepted,1340,212,1552
review_004357,1,4297,accepted,1324,656,1980
review_004358,1,4298,accepted,1308,122,1430
review_004359,1,4299,accepted,1319,301,1620
review_004360,1,4300,accepted,1279,320,1599
review_004361,1,4301,accepted,1267,137,1404
review_004362,1,4302,accepted,1278,90,1368
review_004363,1,4303,accepted,1363,236,1599
review_004364,1,4304,accepted,1217,88,1305
review_004365,1,4305,accepted,1333,198,1531
review_004366,1,4306,accepted,1454,1993,3447
review_004367,1,4307,accepted,1521,92,1613
review_004368,1,4308,accepted,1263,179,1442
review_004369,1,4309,accepted,1320,90,1410
review_004370,1,4310,accepted,1364,274,1638
review_004371,1,4311,accepted,1304,492,1796
review_004372,1,4312,accepted,1346,251,1597
review_004373,1,4313,accepted,1271,365,1636
review_004374,1,4314,accepted,1318,88,1406
review_004375,1,4315,accepted,1331,90,1421
review_004376,1,4316,accepted,1375,332,1707
review_004377,1,4317,accepted,1436,358,1794
review_004378,1,4318,accepted,1313,427,1740
review_004379,1,4319,accepted,1329,411,1740
review_004380,1,4320,accepted,1339,88,1427
review_004381,1,4321,accepted,1324,364,1688
review_004382,1,4322,accepted,1309,349,1658
review_004383,1,4323,accepted,1336,88,1424
review_004384,1,4324,accepted,1300,599,1899
review_004385,1,4325,accepted,1399,314,1713
review_004386,1,4326,accepted,1423,365,1788
review_004387,1,4327,accepted,1380,160,1540
review_004388,1,4328,accepted,1396,90,1486
review_004389,1,4329,accepted,1539,259,1798
review_004390,1,4330,accepted,1364,90,1454
review_004391,1,4331,accepted,1491,90,1581
review_004392,1,4332,accepted,1252,218,1470
review_004393,1,4333,accepted,1454,657,2111
review_004394,1,4334,accepted,1485,90,1575
review_004395,1,4335,accepted,1438,90,1528
review_004396,1,4336,accepted,1307,232,1539
review_004397,1,4337,accepted,1274,88,1362
review_004398,1,4338,accepted,1487,90,1577
review_004399,1,4339,accepted,1358,90,1448
review_004400,1,4340,accepted,1438,270,1708
review_004401,1,4341,accepted,1441,122,1563
review_004402,1,4342,accepted,1256,88,1344
review_004403,1,4343,accepted,2649,92,2741
review_004404,1,4344,accepted,1257,93,1350
review_004405,1,4345,accepted,1425,90,1515
review_004406,1,4346,accepted,1451,178,1629
review_004407,1,4347,accepted,1450,1041,2491
review_004408,1,4348,accepted,1409,223,1632
review_004409,1,4349,accepted,1427,272,1699
review_004410,1,4350,accepted,1414,289,1703
review_004411,1,4351,accepted,1497,327,1824
review_004412,1,4352,accepted,1443,92,1535
review_004413,1,4353,accepted,3299,90,3389
review_004414,1,4354,accepted,1986,515,2501
review_004415,1,4355,accepted,1313,390,1703
review_004416,1,4356,accepted,2046,92,2138
review_004417,1,4357,accepted,1304,88,1392
review_004418,1,4358,accepted,1428,441,1869
review_004419,1,4359,accepted,1726,91,1817
review_004420,1,4360,accepted,1620,251,1871
review_004421,1,4361,accepted,1427,90,1517
review_004422,1,4362,accepted,1297,90,1387
review_004423,1,4363,accepted,1451,219,1670
review_004424,1,4364,accepted,1295,90,1385
review_004425,1,4365,accepted,2518,97,2615
review_004426,1,4366,accepted,1686,192,1878
review_004427,1,4367,accepted,1972,92,2064
review_004429,1,4368,accepted,1433,143,1576
review_004430,1,4369,accepted,1450,93,1543
review_004431,1,4370,accepted,1417,90,1507
review_004432,1,4371,accepted,1406,90,1496
review_004433,1,4372,accepted,1326,138,1464
review_004434,1,4373,accepted,1390,92,1482
review_004435,1,4374,accepted,1292,90,1382
review_004436,1,4375,accepted,1518,159,1677
review_004437,1,4376,accepted,1267,93,1360
review_004438,1,4377,accepted,1267,90,1357
review_004439,1,4378,accepted,1281,90,1371
review_004440,1,4379,accepted,2038,92,2130
review_004441,1,4380,accepted,1265,90,1355
review_004442,1,4381,accepted,1301,401,1702
review_004443,1,4382,accepted,1293,258,1551
review_004444,1,4383,accepted,2715,92,2807
review_004445,1,4384,accepted,2219,93,2312
review_004446,1,4385,accepted,1311,88,1399
review_004447,1,4386,accepted,1247,90,1337
review_004448,1,4387,accepted,1245,90,1335
review_004449,1,4388,accepted,1293,239,1532
review_004450,1,4389,accepted,2688,92,2780
review_004451,1,4390,accepted,1430,188,1618
review_004452,1,4391,accepted,1302,111,1413
review_004453,1,4392,accepted,2615,92,2707
review_004454,1,4393,accepted,1252,91,1343
review_004455,1,4394,accepted,1520,90,1610
review_004456,1,4395,accepted,1483,92,1575
review_004457,1,4396,accepted,1396,205,1601
review_004458,1,4397,accepted,1421,224,1645
review_004459,1,4398,accepted,1504,90,1594
review_004460,1,4399,accepted,1412,93,1505
review_004461,1,4400,accepted,1392,150,1542
review_004462,1,4401,accepted,1420,197,1617
review_004463,1,4402,accepted,3311,328,3639
review_004464,1,4403,accepted,1993,90,2083
review_004465,1,4404,accepted,1242,92,1334
review_004466,1,4405,accepted,2004,92,2096
review_004467,1,4406,accepted,2112,92,2204
review_004468,1,4407,accepted,1408,93,1501
review_004469,1,4408,accepted,1577,90,1667
review_004470,1,4409,accepted,1597,166,1763
review_004471,1,4410,accepted,1453,251,1704
review_004472,1,4411,accepted,1317,224,1541
review_004473,1,4412,accepted,1457,281,1738
review_004474,1,4413,accepted,1715,93,1808
review_004475,1,4414,accepted,2423,92,2515
review_004476,1,4415,accepted,1684,193,1877
review_004477,1,4416,accepted,2013,92,2105
review_004478,1,4417,accepted,1421,241,1662
review_004479,1,4418,accepted,1275,138,1413
review_004480,1,4419,accepted,1438,267,1705
review_004481,1,4420,accepted,1422,90,1512
review_004482,1,4421,accepted,1415,174,1589
review_004483,1,4422,accepted,1345,138,1483
review_004484,1,4423,accepted,1367,93,1460
review_004485,1,4424,accepted,1460,263,1723
review_004486,1,4425,accepted,1525,196,1721
review_004487,1,4426,accepted,1238,102,1340
review_004488,1,4427,accepted,1281,90,1371
review_004489,1,4428,accepted,1235,200,1435
review_004490,1,4429,accepted,2034,201,2235
review_004491,1,4430,accepted,1253,90,1343
review_004492,1,4431,accepted,1282,342,1624
review_004493,1,4432,accepted,1248,318,1566
review_004494,1,4433,accepted,2542,92,2634
review_004495,1,4434,accepted,2230,92,2322
review_004496,1,4435,accepted,1252,89,1341
review_004497,1,4436,accepted,1245,90,1335
review_004498,1,4437,accepted,1231,90,1321
review_004499,1,4438,accepted,1402,90,1492
review_004500,1,4439,accepted,2633,92,2725
review_004501,1,4440,accepted,1429,92,1521
review_004502,1,4441,accepted,1301,94,1395
review_004503,1,4442,accepted,2654,92,2746
review_004504,1,4443,accepted,1286,90,1376
review_004505,1,4444,accepted,1442,260,1702
review_004506,1,4445,accepted,1428,93,1521
review_004507,1,4446,accepted,1509,91,1600
review_004508,1,4447,accepted,1415,375,1790
review_004509,1,4448,accepted,1529,92,1621
review_004510,1,4449,accepted,1435,90,1525
review_004511,1,4450,accepted,1504,587,2091
review_004512,1,4451,accepted,1406,160,1566
review_004513,1,4452,accepted,3313,92,3405
review_004514,1,4453,accepted,1995,90,2085
review_004515,1,4454,accepted,1268,90,1358
review_004516,1,4455,accepted,2015,121,2136
review_004517,1,4456,accepted,2065,90,2155
review_004518,1,4457,accepted,1456,93,1549
review_004519,1,4458,accepted,1596,93,1689
review_004520,1,4459,accepted,1732,213,1945
review_004521,1,4460,accepted,1457,307,1764
review_004522,1,4461,accepted,1324,184,1508
review_004523,1,4462,accepted,1450,234,1684
review_004524,1,4463,accepted,1701,92,1793
review_004525,1,4464,accepted,2461,115,2576
review_004526,1,4465,accepted,1797,90,1887
review_004527,1,4466,accepted,1976,90,2066
review_004528,1,4467,accepted,1498,92,1590
review_004529,1,4468,accepted,1413,90,1503
review_004530,1,4469,accepted,1432,180,1612
review_004531,1,4470,accepted,1412,90,1502
review_004532,1,4471,accepted,1426,198,1624
review_004533,1,4472,accepted,1344,243,1587
review_004534,1,4473,accepted,1360,91,1451
review_004535,1,4474,accepted,1477,93,1570
review_004536,1,4475,accepted,1512,593,2105
review_004537,1,4476,accepted,1261,90,1351
review_004538,1,4477,accepted,1267,90,1357
review_004539,1,4478,accepted,1249,90,1339
review_004540,1,4479,accepted,2070,92,2162
review_004541,1,4480,accepted,1261,258,1519
review_004542,1,4481,accepted,1301,90,1391
review_004543,1,4482,accepted,1267,108,1375
review_004544,1,4483,accepted,3052,92,3144
review_004545,1,4484,accepted,2065,92,2157
review_004546,1,4485,accepted,1275,90,1365
review_004547,1,4486,accepted,1244,87,1331
review_004548,1,4487,accepted,1260,90,1350
review_004549,1,4488,accepted,1362,88,1450
review_004550,1,4489,accepted,2621,92,2713
review_004551,1,4490,accepted,1425,245,1670
review_004552,1,4491,accepted,1410,220,1630
review_004553,1,4492,accepted,1430,254,1684
review_004554,1,4493,accepted,1471,155,1626
review_004555,1,4494,accepted,1359,702,2061
review_004556,1,4495,accepted,1358,157,1515
review_004557,1,4496,accepted,1358,92,1450
review_004558,1,4497,accepted,1447,107,1554
review_004559,1,4498,accepted,1395,125,1520
review_004560,1,4499,accepted,1358,158,1516
review_004561,1,4500,accepted,1438,258,1696
review_004562,1,4501,accepted,1437,180,1617
review_004563,1,4502,accepted,1431,101,1532
review_004564,1,4503,accepted,1420,124,1544
review_004565,1,4504,accepted,1312,90,1402
review_004566,1,4505,accepted,1306,321,1627
review_004567,1,4506,accepted,1556,267,1823
review_004568,1,4507,accepted,1375,240,1615
review_004569,1,4508,accepted,1434,145,1579
review_004570,1,4509,accepted,1411,230,1641
review_004571,1,4510,accepted,1439,245,1684
review_004572,1,4511,accepted,1412,192,1604
review_004573,1,4512,accepted,1543,212,1755
review_004574,1,4513,accepted,1341,217,1558
review_004575,1,4514,accepted,1253,220,1473
review_004576,1,4515,accepted,1432,135,1567
review_004577,1,4516,accepted,1366,291,1657
review_004578,1,4517,accepted,1464,141,1605
review_004579,1,4518,accepted,1441,108,1549
review_004580,1,4519,accepted,1473,109,1582
review_004581,1,4520,accepted,1436,261,1697
review_004582,1,4521,accepted,1414,254,1668
review_004583,1,4522,accepted,1319,90,1409
review_004584,1,4523,accepted,1359,192,1551
review_004585,1,4524,accepted,1254,90,1344
review_004586,1,4525,accepted,1240,169,1409
review_004587,1,4526,accepted,1276,94,1370
review_004588,1,4527,accepted,1245,108,1353
review_004589,1,4528,accepted,1295,160,1455
review_004590,1,4529,accepted,1462,113,1575
review_004591,1,4530,accepted,1319,633,1952
review_004592,1,4531,accepted,1295,187,1482
review_004593,1,4532,accepted,1214,88,1302
review_004594,1,4533,accepted,1241,186,1427
review_004595,1,4534,accepted,1251,149,1400
review_004596,1,4535,accepted,1343,90,1433
review_004597,1,4536,accepted,1267,168,1435
review_004598,1,4537,accepted,1411,154,1565
review_004599,1,4538,accepted,1440,165,1605
review_004600,1,4539,accepted,1469,169,1638
review_004601,1,4540,accepted,1456,236,1692
review_004602,1,4541,accepted,1418,377,1795
review_004603,1,4542,accepted,1477,155,1632
review_004604,1,4543,accepted,1518,92,1610
review_004605,1,4544,accepted,1439,259,1698
review_004606,1,4545,accepted,1336,396,1732
review_004607,1,4546,accepted,1263,114,1377
review_004608,1,4547,accepted,1418,159,1577
review_004609,1,4548,accepted,1408,439,1847
review_004610,1,4549,accepted,1373,178,1551
review_004611,1,4550,accepted,1409,193,1602
review_004612,1,4551,accepted,1405,147,1552
review_004613,1,4552,accepted,1452,178,1630
review_004614,1,4553,accepted,1553,260,1813
review_004615,1,4554,accepted,1324,235,1559
review_004616,1,4555,accepted,1374,363,1737
review_004617,1,4556,accepted,1489,162,1651
review_004618,1,4557,accepted,1417,258,1675
review_004619,1,4558,accepted,1441,160,1601
review_004620,1,4559,accepted,1457,256,1713
review_004621,1,4560,accepted,1454,143,1597
review_004622,1,4561,accepted,1419,242,1661
review_004623,1,4562,accepted,1469,220,1689
review_004624,1,4563,accepted,1326,197,1523
review_004625,1,4564,accepted,1355,472,1827
review_004626,1,4565,accepted,1430,201,1631
review_004627,1,4566,accepted,1313,301,1614
review_004628,1,4567,accepted,1456,547,2003
review_004629,1,4568,accepted,1369,104,1473
review_004630,1,4569,accepted,1423,165,1588
review_004631,1,4570,accepted,1449,392,1841
review_004632,1,4571,accepted,1409,223,1632
review_004633,1,4572,accepted,1375,224,1599
review_004634,1,4573,accepted,1392,180,1572
review_004635,1,4574,accepted,1222,213,1435
review_004636,1,4575,accepted,1220,86,1306
review_004637,1,4576,accepted,1218,88,1306
review_004638,1,4577,accepted,1222,88,1310
review_004639,1,4578,accepted,1253,90,1343
review_004640,1,4579,accepted,1473,143,1616
review_004641,1,4580,accepted,1267,232,1499
review_004642,1,4581,accepted,1311,145,1456
review_004643,1,4582,accepted,1220,88,1308
review_004644,1,4583,accepted,1254,91,1345
review_004645,1,4584,accepted,1226,88,1314
review_004646,1,4585,accepted,1300,256,1556
review_004647,1,4586,accepted,1382,289,1671
review_004648,1,4587,accepted,1418,155,1573
review_004649,1,4588,accepted,1265,122,1387
review_004650,1,4589,accepted,1516,240,1756
review_004651,1,4590,accepted,1540,203,1743
review_004652,1,4591,accepted,1418,247,1665
review_004653,1,4592,accepted,1505,305,1810
review_004654,1,4593,accepted,1472,140,1612
review_004655,1,4594,accepted,1427,207,1634
review_004656,1,4595,accepted,1445,160,1605
review_004657,1,4596,accepted,1427,314,1741
review_004658,1,4597,accepted,1353,168,1521
review_004659,1,4598,accepted,1401,173,1574
review_004660,1,4599,accepted,1384,295,1679
review_004661,1,4600,accepted,1364,212,1576
review_004662,1,4601,accepted,1410,411,1821
review_004663,1,4602,accepted,1433,157,1590
review_004664,1,4603,accepted,1434,187,1621
review_004665,1,4604,accepted,1395,252,1647
review_004666,1,4605,accepted,1262,265,1527
review_004667,1,4606,accepted,1339,103,1442
review_004668,1,4607,accepted,1549,90,1639
review_004669,1,4608,accepted,1418,144,1562
review_004670,1,4609,accepted,1435,276,1711
review_004671,1,4610,accepted,1444,160,1604
review_004672,1,4611,accepted,1442,88,1530
review_004673,1,4612,accepted,1442,161,1603
review_004674,1,4613,accepted,1330,340,1670
review_004675,1,4614,accepted,1417,155,1572
review_004676,1,4615,accepted,1305,313,1618
review_004677,1,4616,accepted,1309,428,1737
review_004678,1,4617,accepted,1465,136,1601
review_004679,1,4618,accepted,1350,268,1618
review_004680,1,4619,accepted,1286,137,1423
review_004681,1,4620,accepted,1443,211,1654
review_004682,1,4621,accepted,1435,111,1546
review_004683,1,4622,accepted,1334,199,1533
review_004684,1,4623,accepted,1352,223,1575
review_004685,1,4624,accepted,1311,165,1476
review_004686,1,4625,accepted,1289,419,1708
review_004687,1,4626,accepted,1225,88,1313
review_004688,1,4627,accepted,1240,88,1328
review_004689,1,4628,accepted,1299,453,1752
review_004690,1,4629,accepted,1388,338,1726
review_004691,1,4630,accepted,1300,90,1390
review_004692,1,4631,accepted,1263,100,1363
review_004693,1,4632,accepted,1289,119,1408
review_004694,1,4633,accepted,1236,90,1326
review_004695,1,4634,accepted,1297,119,1416
review_004696,1,4635,accepted,1438,421,1859
review_004697,1,4636,accepted,1267,92,1359
review_004698,1,4637,accepted,1443,112,1555
review_004699,1,4638,accepted,1275,90,1365
review_004700,1,4639,accepted,1484,323,1807
review_004701,1,4640,accepted,1238,90,1328
review_004702,1,4641,accepted,1240,92,1332
review_004703,1,4642,accepted,1241,91,1332
review_004704,1,4643,accepted,1229,91,1320
review_004705,1,4644,accepted,1246,124,1370
review_004706,1,4645,accepted,1248,91,1339
review_004707,1,4646,accepted,1249,1137,2386
review_004708,1,4647,accepted,1249,210,1459
review_004709,1,4648,accepted,1239,306,1545
review_004710,1,4649,accepted,1229,90,1319
review_004711,1,4650,accepted,1240,537,1777
review_004712,1,4651,accepted,1230,499,1729
review_004713,1,4652,accepted,1262,294,1556
review_004714,1,4653,accepted,1236,90,1326
review_004715,1,4654,accepted,1254,596,1850
review_004716,1,4655,accepted,1256,205,1461
review_004717,1,4656,accepted,1237,111,1348
review_004718,1,4657,accepted,1251,90,1341
review_004719,1,4658,accepted,1238,225,1463
review_004720,1,4659,accepted,1226,86,1312
review_004721,1,4660,accepted,1239,90,1329
review_004722,1,4661,accepted,1244,126,1370
review_004723,1,4662,accepted,1230,90,1320
review_004724,1,4663,accepted,1248,90,1338
review_004725,1,4664,accepted,1236,90,1326
review_004726,1,4665,accepted,1260,389,1649
review_004727,1,4666,accepted,1238,90,1328
review_004728,1,4667,accepted,1257,242,1499
review_004729,1,4668,accepted,1237,90,1327
review_004730,1,4669,accepted,1238,92,1330
review_004731,1,4670,accepted,1245,90,1335
review_004732,1,4671,accepted,1256,181,1437
review_004733,1,4672,accepted,1244,90,1334
review_004734,1,4673,accepted,1229,213,1442
review_004735,1,4674,accepted,1261,90,1351
review_004736,1,4675,accepted,1265,90,1355
review_004737,1,4676,accepted,1251,88,1339
review_004738,1,4677,accepted,1264,122,1386
review_004739,1,4678,accepted,1236,91,1327
review_004740,1,4679,accepted,1238,90,1328
review_004741,1,4680,accepted,1238,487,1725
review_004742,1,4681,accepted,1262,321,1583
review_004743,1,4682,accepted,1270,538,1808
review_004744,1,4683,accepted,1260,90,1350
review_004745,1,4684,accepted,1227,88,1315
review_004746,1,4685,accepted,1239,230,1469
review_004747,1,4686,accepted,1272,643,1915
review_004748,1,4687,accepted,1236,90,1326
review_004749,1,4688,accepted,1258,206,1464
review_004750,1,4689,accepted,1236,90,1326
review_004751,1,4690,accepted,1233,90,1323
review_004752,1,4691,accepted,1250,90,1340
review_004753,1,4692,accepted,1266,273,1539
review_004754,1,4693,accepted,1227,88,1315
review_004755,1,4694,accepted,1224,208,1432
review_004756,1,4695,accepted,1234,96,1330
review_004757,1,4696,accepted,1256,305,1561
review_004758,1,4697,accepted,1236,90,1326
review_004759,1,4698,accepted,1246,90,1336
review_004760,1,4699,accepted,1247,90,1337
review_004761,1,4700,accepted,1233,90,1323
review_004762,1,4701,accepted,1229,1058,2287
review_004763,1,4702,accepted,1248,88,1336
review_004764,1,4703,accepted,1241,90,1331
review_004765,1,4704,accepted,1226,88,1314
review_004766,1,4705,accepted,1249,315,1564
review_004767,1,4706,accepted,1244,169,1413
review_004768,1,4707,accepted,1248,107,1355
review_004769,1,4708,accepted,1235,215,1450
review_004770,1,4709,accepted,1233,227,1460
review_004771,1,4710,accepted,1267,312,1579
review_004772,1,4711,accepted,1255,90,1345
review_004773,1,4712,accepted,1230,88,1318
review_004774,1,4713,accepted,1245,90,1335
review_004775,1,4714,accepted,1230,88,1318
review_004776,1,4715,accepted,1234,292,1526
review_004777,1,4716,accepted,1223,90,1313
review_004778,1,4717,accepted,1239,86,1325
review_004779,1,4718,accepted,1250,237,1487
review_004780,1,4719,accepted,1249,92,1341
review_004781,1,4720,accepted,1230,86,1316
review_004782,1,4721,accepted,1249,91,1340
review_004783,1,4722,accepted,1253,90,1343
review_004784,1,4723,accepted,1245,90,1335
review_004785,1,4724,accepted,1241,92,1333
review_004786,1,4725,accepted,1273,337,1610
review_004787,1,4726,accepted,1244,90,1334
review_004788,1,4727,accepted,1262,241,1503
review_004789,1,4728,accepted,1268,90,1358
review_004790,1,4729,accepted,1248,88,1336
review_004791,1,4730,accepted,1259,90,1349
review_004792,1,4731,accepted,1261,310,1571
review_004793,1,4732,accepted,1238,90,1328
review_004794,1,4733,accepted,1267,90,1357
review_004795,1,4734,accepted,1214,88,1302
review_004796,1,4735,accepted,1242,86,1328
review_004797,1,4736,accepted,1264,344,1608
review_004798,1,4737,accepted,1239,90,1329
review_004799,1,4738,accepted,1268,90,1358
review_004800,1,4739,accepted,1239,90,1329
review_004801,1,4740,accepted,1265,93,1358
review_004802,1,4741,accepted,1243,184,1427
review_004803,1,4742,accepted,1270,317,1587
review_004804,1,4743,accepted,1242,181,1423
review_004805,1,4744,accepted,1232,297,1529
review_004806,1,4745,accepted,1243,384,1627
review_004807,1,4746,accepted,1246,90,1336
review_004808,1,4747,accepted,1228,298,1526
review_004809,1,4748,accepted,1231,92,1323
review_004810,1,4749,accepted,1234,90,1324
review_004811,1,4750,accepted,1234,92,1326
review_004812,1,4751,accepted,1233,90,1323
review_004813,1,4752,accepted,1238,90,1328
review_004814,1,4753,accepted,1247,90,1337
review_004815,1,4754,accepted,1252,92,1344
review_004816,1,4755,accepted,1259,105,1364
review_004817,1,4756,accepted,1237,103,1340
review_004818,1,4757,accepted,1250,90,1340
review_004819,1,4758,accepted,1220,86,1306
review_004820,1,4759,accepted,1237,86,1323
review_004821,1,4760,accepted,1255,90,1345
review_004822,1,4761,accepted,1254,144,1398
review_004823,1,4762,accepted,1224,93,1317
review_004824,1,4763,accepted,1266,380,1646
review_004825,1,4764,accepted,1238,90,1328
review_004826,1,4765,accepted,1245,353,1598
review_004827,1,4766,accepted,1240,90,1330
review_004828,1,4767,accepted,1247,212,1459
review_004829,1,4768,accepted,1238,92,1330
review_004830,1,4769,accepted,1237,88,1325
review_004831,1,4770,accepted,1231,86,1317
review_004832,1,4771,accepted,1241,90,1331
review_004833,1,4772,accepted,1251,298,1549
review_004835,1,4773,accepted,1251,303,1554
review_004836,1,4774,accepted,1258,90,1348
review_004837,1,4775,accepted,1238,90,1328
review_004838,1,4776,accepted,1266,90,1356
review_004839,1,4777,accepted,1251,90,1341
review_004840,1,4778,accepted,1243,90,1333
review_004841,1,4779,accepted,1238,92,1330
review_004842,1,4780,accepted,1282,347,1629
review_004843,1,4781,accepted,1234,88,1322
review_004844,1,4782,accepted,1263,187,1450
review_004845,1,4783,accepted,1243,88,1331
review_004846,1,4784,accepted,1236,90,1326
review_004847,1,4785,accepted,1224,88,1312
review_004848,1,4786,accepted,1235,88,1323
review_004849,1,4787,accepted,1270,92,1362
review_004850,1,4788,accepted,1234,92,1326
review_004851,1,4789,accepted,1328,90,1418
review_004852,1,4790,accepted,1292,88,1380
review_004853,1,4791,accepted,1360,285,1645
review_004854,1,4792,accepted,1308,90,1398
review_004855,1,4793,accepted,1276,131,1407
review_004856,1,4794,accepted,1323,413,1736
review_004857,1,4795,accepted,1281,244,1525
review_004858,1,4796,accepted,1271,193,1464
review_004859,1,4797,accepted,1259,90,1349
review_004860,1,4798,accepted,1260,90,1350
review_004861,1,4799,accepted,1266,528,1794
review_004862,1,4800,accepted,1267,88,1355
review_004863,1,4801,accepted,1329,634,1963
review_004864,1,4802,accepted,1310,254,1564
review_004865,1,4803,accepted,1312,390,1702
review_004866,1,4804,accepted,1379,199,1578
review_004867,1,4805,accepted,1332,90,1422
review_004868,1,4806,accepted,1309,179,1488
review_004869,1,4807,accepted,1300,90,1390
review_004870,1,4808,accepted,1283,197,1480
review_004871,1,4809,accepted,1286,90,1376
review_004872,1,4810,accepted,1280,90,1370
review_004873,1,4811,accepted,1316,258,1574
review_004874,1,4812,accepted,1315,90,1405
review_004875,1,4813,accepted,1335,90,1425
review_004876,1,4814,accepted,1395,88,1483
review_004877,1,4815,accepted,1336,90,1426
review_004878,1,4816,accepted,1289,90,1379
review_004879,1,4817,accepted,1296,460,1756
review_004880,1,4818,accepted,1289,90,1379
review_004881,1,4819,accepted,1266,90,1356
review_004882,1,4820,accepted,1359,88,1447
review_004883,1,4821,accepted,1281,90,1371
review_004884,1,4822,accepted,1256,88,1344
review_004885,1,4823,accepted,1380,255,1635
review_004886,1,4824,accepted,1336,93,1429
review_004887,1,4825,accepted,1346,285,1631
review_004888,1,4826,accepted,1360,90,1450
review_004889,1,4827,accepted,1459,90,1549
review_004890,1,4828,accepted,1378,90,1468
review_004891,1,4829,accepted,1366,291,1657
review_004892,1,4830,accepted,1384,730,2114
review_004893,1,4831,accepted,1344,708,2052
review_004894,1,4832,accepted,1369,252,1621
review_004895,1,4833,accepted,1408,251,1659
review_004896,1,4834,accepted,1361,183,1544
review_004897,1,4835,accepted,1313,177,1490
review_004898,1,4836,accepted,1372,282,1654
review_004899,1,4837,accepted,1385,223,1608
review_004900,1,4838,accepted,1376,301,1677
review_004901,1,4839,accepted,1329,400,1729
review_004902,1,4840,accepted,1267,466,1733
review_004903,1,4841,accepted,1326,371,1697
review_004904,1,4842,accepted,1312,164,1476
review_004905,1,4843,accepted,1293,210,1503
review_004906,1,4844,accepted,1360,93,1453
review_004907,1,4845,accepted,1306,90,1396
review_004908,1,4846,accepted,1273,90,1363
review_004909,1,4847,accepted,1294,92,1386
review_004910,1,4848,accepted,1269,286,1555
review_004911,1,4849,accepted,1263,394,1657
review_004912,1,4850,accepted,1272,533,1805
review_004913,1,4851,accepted,1425,90,1515
review_004914,1,4852,accepted,1282,235,1517
review_004915,1,4853,accepted,1325,90,1415
review_004916,1,4854,accepted,1465,270,1735
review_004917,1,4855,accepted,1365,378,1743
review_004918,1,4856,accepted,1300,1209,2509
review_004919,1,4857,accepted,1291,90,1381
review_004920,1,4858,accepted,1258,226,1484
review_004921,1,4859,accepted,1277,90,1367
review_004922,1,4860,accepted,1254,88,1342
review_004923,1,4861,accepted,1272,382,1654
review_004924,1,4862,accepted,1392,179,1571
review_004925,1,4863,accepted,1327,227,1554
review_004926,1,4864,accepted,1384,574,1958
review_004927,1,4865,accepted,1337,216,1553
review_004928,1,4866,accepted,1317,352,1669
review_004929,1,4867,accepted,1318,272,1590
review_004930,1,4868,accepted,1320,93,1413
review_004931,1,4869,accepted,1354,125,1479
review_004932,1,4870,accepted,1302,90,1392
review_004933,1,4871,accepted,1283,90,1373
review_004934,1,4872,accepted,1253,90,1343
review_004935,1,4873,accepted,1377,903,2280
review_004936,1,4874,accepted,1367,88,1455
review_004937,1,4875,accepted,1359,90,1449
review_004938,1,4876,accepted,1390,90,1480
review_004939,1,4877,accepted,1437,621,2058
review_004940,1,4878,accepted,1377,307,1684
review_004941,1,4879,accepted,1367,101,1468
review_004942,1,4880,accepted,1362,90,1452
review_004943,1,4881,accepted,1393,184,1577
review_004944,1,4882,accepted,1405,277,1682
review_004945,1,4883,accepted,1379,929,2308
review_004946,1,4884,accepted,1351,271,1622
review_004947,1,4885,accepted,1337,90,1427
review_004948,1,4886,accepted,1378,255,1633
review_004949,1,4887,accepted,1379,514,1893
review_004950,1,4888,accepted,1350,239,1589
review_004951,1,4889,accepted,1329,88,1417
review_004952,1,4890,accepted,1256,90,1346
review_004953,1,4891,accepted,1296,92,1388
review_004954,1,4892,accepted,1302,90,1392
review_004955,1,4893,accepted,1277,90,1367
review_004956,1,4894,accepted,1342,90,1432
review_004957,1,4895,accepted,1272,88,1360
review_004958,1,4896,accepted,1273,88,1361
review_004959,1,4897,accepted,1294,373,1667
review_004960,1,4898,accepted,1289,90,1379
review_004961,1,4899,accepted,1223,88,1311
review_004962,1,4900,accepted,1279,88,1367
review_004963,1,4901,accepted,1356,370,1726
review_004964,1,4902,accepted,1285,328,1613
review_004965,1,4903,accepted,1316,88,1404
review_004966,1,4904,accepted,1353,500,1853
review_004967,1,4905,accepted,1324,237,1561
review_004968,1,4906,accepted,1289,348,1637
review_004969,1,4907,accepted,1260,315,1575
review_004970,1,4908,accepted,1241,92,1333
review_004971,1,4909,accepted,1286,313,1599
review_004972,1,4910,accepted,1263,88,1351
review_004973,1,4911,accepted,1319,462,1781
review_004974,1,4912,accepted,1341,374,1715
review_004975,1,4913,accepted,1326,356,1682
review_004976,1,4914,accepted,1362,500,1862
review_004977,1,4915,accepted,1365,226,1591
review_004978,1,4916,accepted,1296,90,1386
review_004979,1,4917,accepted,1307,163,1470
review_004980,1,4918,accepted,1329,90,1419
review_004981,1,4919,accepted,1315,90,1405
review_004982,1,4920,accepted,1301,371,1672
review_004983,1,4921,accepted,1283,90,1373
review_004984,1,4922,accepted,1259,90,1349
review_004985,1,4923,accepted,1311,302,1613
review_004986,1,4924,accepted,1351,868,2219
review_004987,1,4925,accepted,1335,90,1425
review_004988,1,4926,accepted,1369,407,1776
review_004989,1,4927,accepted,1418,398,1816
review_004990,1,4928,accepted,1352,90,1442
review_004991,1,4929,accepted,1386,266,1652
review_004992,1,4930,accepted,1356,343,1699
review_004993,1,4931,accepted,1361,1165,2526
review_004994,1,4932,accepted,1348,205,1553
review_004995,1,4933,accepted,1386,368,1754
review_004996,1,4934,accepted,1339,220,1559
review_004997,1,4935,accepted,1325,276,1601
review_004998,1,4936,accepted,1370,217,1587
review_004999,1,4937,accepted,1379,587,1966
review_005000,1,4938,accepted,1382,193,1575
review_005001,1,4939,accepted,1258,90,1348
review_005002,1,4940,accepted,1290,90,1380
review_005003,1,4941,accepted,1281,184,1465
review_005004,1,4942,accepted,1242,88,1330
review_005005,1,4943,accepted,1218,86,1304
review_005006,1,4944,accepted,1255,90,1345
review_005007,1,4945,accepted,1223,86,1309
review_005008,1,4946,accepted,1230,88,1318
review_005009,1,4947,accepted,1223,86,1309
review_005010,1,4948,accepted,1219,90,1309
review_005011,1,4949,accepted,1238,88,1326
review_005012,1,4950,accepted,1247,90,1337
review_005013,1,4951,accepted,1257,90,1347
review_005014,1,4952,accepted,1231,229,1460
review_005015,1,4953,accepted,1225,88,1313
review_005016,1,4954,accepted,1234,91,1325
review_005017,1,4955,accepted,1261,90,1351
review_005018,1,4956,accepted,1241,90,1331
review_005019,1,4957,accepted,1251,156,1407
review_005020,1,4958,accepted,1241,90,1331
review_005021,1,4959,accepted,1267,88,1355
review_005022,1,4960,accepted,1290,208,1498
review_005023,1,4961,accepted,1299,90,1389
review_005024,1,4962,accepted,1228,101,1329
review_005025,1,4963,accepted,1241,90,1331
review_005026,1,4964,accepted,1244,120,1364
review_005027,1,4965,accepted,1221,90,1311
review_005028,1,4966,accepted,1279,90,1369
review_005029,1,4967,accepted,1257,90,1347
review_005030,1,4968,accepted,1275,220,1495
review_005031,1,4969,accepted,1201,88,1289
review_005032,1,4970,accepted,1239,152,1391
review_005033,1,4971,accepted,1281,217,1498
review_005034,1,4972,accepted,1285,90,1375
review_005035,1,4973,accepted,1208,90,1298
review_005036,1,4974,accepted,1220,93,1313
review_005037,1,4975,accepted,1239,90,1329
review_005038,1,4976,accepted,1216,89,1305
review_005039,1,4977,accepted,1228,90,1318
review_005040,1,4978,accepted,1240,90,1330
review_005041,1,4979,accepted,1208,89,1297
review_005042,1,4980,accepted,1239,90,1329
review_005043,1,4981,accepted,1216,86,1302
review_005044,1,4982,accepted,1203,88,1291
review_005045,1,4983,accepted,1218,89,1307
review_005046,1,4984,accepted,1233,88,1321
review_005047,1,4985,accepted,1221,89,1310
review_005048,1,4986,accepted,1241,86,1327
review_005049,1,4987,accepted,1264,90,1354
review_005050,1,4988,accepted,1260,107,1367
review_005051,1,4989,accepted,1291,90,1381
review_005052,1,4990,accepted,1223,84,1307
review_005053,1,4991,accepted,1241,90,1331
review_005054,1,4992,accepted,1230,88,1318
review_005055,1,4993,accepted,1223,88,1311
review_005056,1,4994,accepted,1254,86,1340
review_005057,1,4995,accepted,1250,86,1336
review_005058,1,4996,accepted,1229,90,1319
review_005059,1,4997,accepted,1242,205,1447
review_005060,1,4998,accepted,1218,86,1304
review_005061,1,4999,accepted,1259,90,1349
review_005062,1,5000,accepted,1234,90,1324
review_005063,1,5001,accepted,1278,338,1616
review_005064,1,5002,accepted,1281,416,1697
review_005065,1,5003,accepted,1220,86,1306
review_005066,1,5004,accepted,1228,91,1319
review_005067,1,5005,accepted,1230,114,1344
review_005068,1,5006,accepted,1239,90,1329
review_005069,1,5007,accepted,1256,90,1346
review_005070,1,5008,accepted,1231,86,1317
review_005071,1,5009,accepted,1266,88,1354
review_005072,1,5010,accepted,1252,90,1342
review_005073,1,5011,accepted,1243,89,1332
review_005074,1,5012,accepted,1223,113,1336
review_005075,1,5013,accepted,1212,88,1300
review_005076,1,5014,accepted,1219,86,1305
review_005077,1,5015,accepted,1222,90,1312
review_005078,1,5016,accepted,1245,88,1333
review_005079,1,5017,accepted,1294,637,1931
review_005080,1,5018,accepted,1282,89,1371
review_005081,1,5019,accepted,1293,90,1383
review_005082,1,5020,accepted,1262,90,1352
review_005083,1,5021,accepted,1283,100,1383
review_005084,1,5022,accepted,1299,90,1389
review_005085,1,5023,accepted,1225,88,1313
review_005086,1,5024,accepted,1218,90,1308
review_005087,1,5025,accepted,1238,192,1430
review_005088,1,5026,accepted,1215,92,1307
review_005089,1,5027,accepted,1228,90,1318
review_005090,1,5028,accepted,1248,126,1374
review_005091,1,5029,accepted,1215,92,1307
review_005092,1,5030,accepted,1212,88,1300
review_005093,1,5031,accepted,1221,96,1317
review_005094,1,5032,accepted,1211,86,1297
review_005095,1,5033,accepted,1210,88,1298
review_005096,1,5034,accepted,1216,86,1302
review_005097,1,5035,accepted,1223,92,1315
review_005098,1,5036,accepted,1254,86,1340
review_005099,1,5037,accepted,1233,88,1321
review_005100,1,5038,accepted,1264,90,1354
review_005101,1,5039,accepted,1293,229,1522
review_005102,1,5040,accepted,1228,88,1316
review_005103,1,5041,accepted,1250,273,1523
review_005104,1,5042,accepted,1242,86,1328
review_005105,1,5043,accepted,1224,85,1309
review_005106,1,5044,accepted,1247,88,1335
review_005107,1,5045,accepted,1254,88,1342
review_005108,1,5046,accepted,1252,224,1476
review_005109,1,5047,accepted,1224,86,1310
review_005110,1,5048,accepted,1229,269,1498
review_005111,1,5049,accepted,1245,95,1340
review_005112,1,5050,accepted,1224,90,1314
review_005113,1,5051,accepted,1268,90,1358
review_005114,1,5052,accepted,1229,90,1319
review_005115,1,5053,accepted,1290,190,1480
review_005116,1,5054,accepted,1233,88,1321
review_005117,1,5055,accepted,1270,220,1490
review_005118,1,5056,accepted,1261,90,1351
review_005119,1,5057,accepted,1260,154,1414
review_005120,1,5058,accepted,1265,90,1355
review_005121,1,5059,accepted,1266,302,1568
review_005122,1,5060,accepted,1324,230,1554
review_005123,1,5061,accepted,1245,90,1335
review_005124,1,5062,accepted,1226,121,1347
review_005125,1,5063,accepted,1214,86,1300
review_005126,1,5064,accepted,1265,142,1407
review_005127,1,5065,accepted,1230,88,1318
review_005128,1,5066,accepted,1271,88,1359
review_005129,1,5067,accepted,1249,163,1412
review_005130,1,5068,accepted,1274,210,1484
review_005131,1,5069,accepted,1248,90,1338
review_005132,1,5070,accepted,1244,90,1334
review_005133,1,5071,accepted,1246,88,1334
review_005134,1,5072,accepted,1281,395,1676
review_005135,1,5073,accepted,1283,90,1373
review_005136,1,5074,accepted,1217,88,1305
review_005137,1,5075,accepted,1230,90,1320
review_005138,1,5076,accepted,1215,89,1304
review_005139,1,5077,accepted,1228,90,1318
review_005140,1,5078,accepted,1211,88,1299
review_005141,1,5079,accepted,1215,92,1307
review_005142,1,5080,accepted,1224,90,1314
review_005143,1,5081,accepted,1233,96,1329
review_005144,1,5082,accepted,1208,88,1296
review_005145,1,5083,accepted,1221,89,1310
review_005146,1,5084,accepted,1291,92,1383
review_005147,1,5085,accepted,1211,93,1304
review_005148,1,5086,accepted,1224,86,1310
review_005149,1,5087,accepted,1250,90,1340
review_005150,1,5088,accepted,1266,90,1356
review_005151,1,5089,accepted,1396,90,1486
review_005152,1,5090,accepted,1338,88,1426
review_005154,1,5091,accepted,1226,87,1313
review_005155,1,5092,accepted,1221,88,1309
review_005156,1,5093,accepted,2004,1572,3576
review_005157,1,5094,accepted,1591,888,2479
review_005158,1,5095,accepted,1228,87,1315
review_005159,1,5096,accepted,1243,88,1331
review_005160,1,5097,accepted,1218,86,1304
review_005161,1,5098,accepted,1241,87,1328
review_005162,1,5099,accepted,1230,84,1314
review_005163,1,5100,accepted,2094,1297,3391
review_005164,1,5101,accepted,1749,1616,3365
review_005167,1,5102,accepted,1227,85,1312
review_005168,1,5103,accepted,2745,1227,3972
review_005169,1,5104,accepted,1254,90,1344
review_005170,1,5105,accepted,1232,88,1320
review_005171,1,5106,accepted,1261,88,1349
review_005172,1,5107,accepted,1640,117,1757
review_005174,1,5108,accepted,2051,235,2286
review_005175,1,5109,accepted,1590,167,1757
review_005176,1,5110,accepted,1646,558,2204
review_005177,1,5111,accepted,1246,88,1334
review_005178,1,5112,accepted,1245,88,1333
review_005179,1,5113,accepted,1275,89,1364
review_005180,1,5114,accepted,1983,426,2409
review_005181,1,5115,accepted,1719,364,2083
review_005182,1,5116,accepted,1803,666,2469
review_005187,1,5117,accepted,1228,90,1318
review_005188,1,5118,accepted,1223,84,1307
review_005190,1,5119,accepted,1267,90,1357
review_005191,1,5120,accepted,1220,87,1307
review_005192,1,5121,accepted,1218,87,1305
review_005194,1,5122,accepted,1227,89,1316
review_005195,1,5123,accepted,1220,89,1309
review_005196,1,5124,accepted,1538,97,1635
review_005197,1,5125,accepted,1537,91,1628
review_005198,1,5126,accepted,1229,89,1318
review_005200,1,5127,accepted,1574,88,1662
review_005201,1,5128,accepted,1319,87,1406
review_005202,1,5129,accepted,1247,88,1335
review_005203,1,5130,accepted,3128,1726,4854
review_005205,1,5131,accepted,1228,86,1314
review_005207,1,5132,accepted,1255,88,1343
review_005208,1,5133,accepted,1223,81,1304
review_005209,1,5134,accepted,1253,90,1343
review_005210,1,5135,accepted,1217,88,1305
review_005211,1,5136,accepted,1229,88,1317
review_005212,1,5137,accepted,1232,88,1320
review_005214,1,5138,accepted,1702,224,1926
review_005215,1,5139,accepted,1226,90,1316
review_005216,1,5140,accepted,1279,91,1370
review_005217,1,5141,accepted,1254,90,1344
review_005219,1,5142,accepted,1254,89,1343
review_005220,1,5143,accepted,1228,89,1317
review_005221,1,5144,accepted,1550,446,1996
review_005222,1,5145,accepted,1272,88,1360
review_005223,1,5146,accepted,1637,1708,3345
review_005224,1,5147,accepted,1745,1564,3309
review_005225,1,5148,accepted,1642,277,1919
review_005226,1,5149,accepted,1689,1215,2904
review_005227,1,5150,accepted,1583,464,2047
review_005228,1,5151,accepted,1253,90,1343
review_005231,1,5152,accepted,1285,89,1374
review_005232,1,5153,accepted,2069,853,2922
review_005236,1,5154,accepted,1237,88,1325
review_005237,1,5155,accepted,1234,88,1322
review_005238,1,5156,accepted,1217,87,1304
review_005240,1,5157,accepted,1738,1322,3060
review_005241,1,5158,accepted,1214,89,1303
review_005242,1,5159,accepted,1218,92,1310
review_005244,1,5160,accepted,1223,89,1312
review_005245,1,5161,accepted,1218,84,1302
review_005246,1,5162,accepted,1535,92,1627
review_005247,1,5163,accepted,1235,86,1321
review_005248,1,5164,accepted,1244,88,1332
review_005250,1,5165,accepted,1568,97,1665
review_005251,1,5166,accepted,1398,90,1488
review_005252,1,5167,accepted,1273,87,1360
review_005253,1,5168,accepted,2728,686,3414
review_005254,1,5169,accepted,1231,87,1318
review_005255,1,5170,accepted,1220,86,1306
review_005257,1,5171,accepted,1276,135,1411
review_005258,1,5172,accepted,1211,84,1295
review_005259,1,5173,accepted,1527,95,1622
review_005260,1,5174,accepted,1222,86,1308
review_005261,1,5175,accepted,1249,87,1336
review_005262,1,5176,accepted,1224,88,1312
review_005263,1,5177,accepted,1356,89,1445
review_005264,1,5178,accepted,1727,867,2594
review_005265,1,5179,accepted,1673,1345,3018
review_005266,1,5180,accepted,1266,87,1353
review_005267,1,5181,accepted,1385,90,1475
review_005269,1,5182,accepted,1243,85,1328
review_005270,1,5183,accepted,1234,90,1324
review_005271,1,5184,accepted,1252,90,1342
review_005272,1,5185,accepted,1257,90,1347
review_005273,1,5186,accepted,1255,88,1343
review_005274,1,5187,accepted,1508,89,1597
review_005275,1,5188,accepted,1584,206,1790
review_005276,1,5189,accepted,1236,87,1323
review_005277,1,5190,accepted,1701,1411,3112
review_005278,1,5191,accepted,1235,87,1322
review_005279,1,5192,accepted,1278,89,1367
review_005281,1,5193,accepted,1233,88,1321
review_005282,1,5194,accepted,1938,327,2265
review_005286,1,5195,accepted,1237,88,1325
review_005287,1,5196,accepted,1238,88,1326
review_005288,1,5197,accepted,1225,89,1314
review_005290,1,5198,accepted,1405,87,1492
review_005291,1,5199,accepted,1213,73,1286
review_005292,1,5200,accepted,1226,89,1315
review_005294,1,5201,accepted,1222,90,1312
review_005295,1,5202,accepted,1220,84,1304
review_005296,1,5203,accepted,1219,84,1303
review_005297,1,5204,accepted,1225,90,1315
review_005298,1,5205,accepted,1252,88,1340
review_005300,1,5206,accepted,1560,95,1655
review_005301,1,5207,accepted,1360,90,1450
review_005302,1,5208,accepted,1323,180,1503
review_005303,1,5209,accepted,1334,226,1560
review_005304,1,5210,accepted,1334,88,1422
review_005305,1,5211,accepted,1299,275,1574
review_005306,1,5212,accepted,1244,88,1332
review_005307,1,5213,accepted,1288,476,1764
review_005308,1,5214,accepted,1256,88,1344
review_005309,1,5215,accepted,1249,88,1337
review_005310,1,5216,accepted,1327,183,1510
review_005311,1,5217,accepted,1250,90,1340
review_005312,1,5218,accepted,1286,91,1377
review_005313,1,5219,accepted,1289,261,1550
review_005314,1,5220,accepted,1346,245,1591
review_005315,1,5221,accepted,1242,231,1473
review_005316,1,5222,accepted,1358,317,1675
review_005317,1,5223,accepted,1302,212,1514
review_005318,1,5224,accepted,1663,90,1753
review_005319,1,5225,accepted,1399,158,1557
review_005320,1,5226,accepted,1378,246,1624
review_005321,1,5227,accepted,1410,213,1623
review_005322,1,5228,accepted,1409,311,1720
review_005323,1,5229,accepted,1300,90,1390
review_005324,1,5230,accepted,1239,100,1339
review_005325,1,5231,accepted,1255,90,1345
review_005326,1,5232,accepted,1311,216,1527
review_005327,1,5233,accepted,1264,171,1435
review_005328,1,5234,accepted,1426,232,1658
review_005329,1,5235,accepted,1313,166,1479
review_005330,1,5236,accepted,1472,210,1682
review_005331,1,5237,accepted,1281,196,1477
review_005332,1,5238,accepted,1324,90,1414
review_005333,1,5239,accepted,1515,90,1605
review_005334,1,5240,accepted,1379,324,1703
review_005335,1,5241,accepted,1252,90,1342
review_005336,1,5242,accepted,1281,151,1432
review_005337,1,5243,accepted,1285,90,1375
review_005338,1,5244,accepted,1247,180,1427
review_005339,1,5245,accepted,1314,197,1511
review_005340,1,5246,accepted,1339,244,1583
review_005341,1,5247,accepted,1251,90,1341
review_005342,1,5248,accepted,1266,90,1356
review_005343,1,5249,accepted,1238,88,1326
review_005344,1,5250,accepted,1617,504,2121
review_005345,1,5251,accepted,1260,213,1473
review_005346,1,5252,accepted,1228,87,1315
review_005347,1,5253,accepted,1217,86,1303
review_005348,1,5254,accepted,1318,240,1558
review_005349,1,5255,accepted,1297,409,1706
review_005350,1,5256,accepted,1392,197,1589
review_005351,1,5257,accepted,1374,342,1716
review_005352,1,5258,accepted,1319,90,1409
review_005353,1,5259,accepted,1344,226,1570
review_005354,1,5260,accepted,1342,199,1541
review_005355,1,5261,accepted,1271,238,1509
review_005356,1,5262,accepted,1280,519,1799
review_005357,1,5263,accepted,1301,307,1608
review_005358,1,5264,accepted,1284,358,1642
review_005359,1,5265,accepted,1281,339,1620
review_005360,1,5266,accepted,1232,86,1318
review_005361,1,5267,accepted,1278,91,1369
review_005362,1,5268,accepted,1276,90,1366
review_005363,1,5269,accepted,1353,167,1520
review_005364,1,5270,accepted,1271,164,1435
review_005365,1,5271,accepted,1304,179,1483
review_005366,1,5272,accepted,1308,380,1688
review_005367,1,5273,accepted,1260,153,1413
review_005368,1,5274,accepted,1355,129,1484
review_005369,1,5275,accepted,1322,87,1409
review_005370,1,5276,accepted,1300,183,1483
review_005371,1,5277,accepted,1335,188,1523
review_005372,1,5278,accepted,1387,370,1757
review_005373,1,5279,accepted,1341,189,1530
review_005374,1,5280,accepted,1223,88,1311
review_005375,1,5281,accepted,1371,218,1589
review_005376,1,5282,accepted,1337,282,1619
review_005377,1,5283,accepted,1261,195,1456
review_005378,1,5284,accepted,1281,90,1371
review_005379,1,5285,accepted,1289,170,1459
review_005380,1,5286,accepted,1295,157,1452
review_005381,1,5287,accepted,1322,417,1739
review_005382,1,5288,accepted,1331,189,1520
review_005383,1,5289,accepted,1399,393,1792
review_005384,1,5290,accepted,1385,406,1791
review_005385,1,5291,accepted,1252,185,1437
review_005386,1,5292,accepted,1238,189,1427
review_005387,1,5293,accepted,1317,205,1522
review_005388,1,5294,accepted,1237,195,1432
review_005389,1,5295,accepted,1661,280,1941
review_005390,1,5296,accepted,1411,195,1606
review_005391,1,5297,accepted,1260,88,1348
review_005392,1,5298,accepted,1257,88,1345
review_005393,1,5299,accepted,1224,86,1310
review_005394,1,5300,accepted,1280,90,1370
review_005395,1,5301,accepted,1261,198,1459
review_005396,1,5302,accepted,1259,90,1349
review_005397,1,5303,accepted,1258,182,1440
review_005398,1,5304,accepted,1266,90,1356
review_005399,1,5305,accepted,1260,88,1348
review_005400,1,5306,accepted,1371,323,1694
review_005401,1,5307,accepted,1353,90,1443
review_005402,1,5308,accepted,1291,88,1379
review_005403,1,5309,accepted,1306,90,1396
review_005404,1,5310,accepted,1357,157,1514
review_005405,1,5311,accepted,1288,90,1378
review_005406,1,5312,accepted,1254,91,1345
review_005407,1,5313,accepted,1309,280,1589
review_005408,1,5314,accepted,1258,90,1348
review_005409,1,5315,accepted,1249,264,1513
review_005410,1,5316,accepted,1257,90,1347
review_005411,1,5317,accepted,1253,179,1432
review_005412,1,5318,accepted,1253,90,1343
review_005413,1,5319,accepted,1339,258,1597
review_005414,1,5320,accepted,1307,305,1612
review_005415,1,5321,accepted,1214,90,1304
review_005416,1,5322,accepted,1279,264,1543
review_005417,1,5323,accepted,1264,170,1434
review_005418,1,5324,accepted,1445,182,1627
review_005419,1,5325,accepted,1296,101,1397
review_005420,1,5326,accepted,1440,258,1698
review_005421,1,5327,accepted,1380,298,1678
review_005422,1,5328,accepted,1430,101,1531
review_005423,1,5329,accepted,1368,251,1619
review_005424,1,5330,accepted,1219,90,1309
review_005425,1,5331,accepted,1344,201,1545
review_005426,1,5332,accepted,1275,299,1574
review_005427,1,5333,accepted,1212,90,1302
review_005428,1,5334,accepted,1332,174,1506
review_005429,1,5335,accepted,1318,197,1515
review_005430,1,5336,accepted,1386,90,1476
review_005431,1,5337,accepted,1393,176,1569
review_005432,1,5338,accepted,1278,90,1368
review_005433,1,5339,accepted,1322,177,1499
review_005434,1,5340,accepted,1348,297,1645
review_005435,1,5341,accepted,1205,90,1295
review_005436,1,5342,accepted,1278,255,1533
review_005437,1,5343,accepted,1256,331,1587
review_005438,1,5344,accepted,1246,90,1336
review_005439,1,5345,accepted,1306,203,1509
review_005440,1,5346,accepted,1323,169,1492
review_005441,1,5347,accepted,1226,90,1316
review_005442,1,5348,accepted,1227,88,1315
review_005443,1,5349,accepted,1219,87,1306
review_005444,1,5350,accepted,1429,308,1737
review_005445,1,5351,accepted,1277,420,1697
review_005446,1,5352,accepted,1247,310,1557
review_005447,1,5353,accepted,1320,191,1511
review_005448,1,5354,accepted,1290,90,1380
review_005449,1,5355,accepted,1252,91,1343
review_005450,1,5356,accepted,1460,291,1751
review_005451,1,5357,accepted,1244,386,1630
review_005452,1,5358,accepted,1219,199,1418
review_005453,1,5359,accepted,1212,88,1300
review_005454,1,5360,accepted,1237,88,1325
review_005455,1,5361,accepted,1231,237,1468
review_005456,1,5362,accepted,1296,291,1587
review_005457,1,5363,accepted,1255,421,1676
review_005458,1,5364,accepted,1288,276,1564
review_005459,1,5365,accepted,1280,397,1677
review_005460,1,5366,accepted,1251,260,1511
review_005461,1,5367,accepted,1267,188,1455
review_005462,1,5368,accepted,1275,173,1448
review_005463,1,5369,accepted,1310,90,1400
review_005464,1,5370,accepted,1299,309,1608
review_005465,1,5371,accepted,1311,214,1525
review_005466,1,5372,accepted,1312,262,1574
review_005467,1,5373,accepted,1327,90,1417
review_005468,1,5374,accepted,1255,236,1491
review_005469,1,5375,accepted,1293,255,1548
review_005470,1,5376,accepted,1293,264,1557
review_005471,1,5377,accepted,1314,288,1602
review_005472,1,5378,accepted,1286,210,1496
review_005473,1,5379,accepted,1305,235,1540
review_005474,1,5380,accepted,1314,289,1603
review_005475,1,5381,accepted,1310,288,1598
review_005476,1,5382,accepted,1302,269,1571
review_005477,1,5383,accepted,1309,513,1822
review_005478,1,5384,accepted,1305,200,1505
review_005479,1,5385,accepted,1298,193,1491
review_005480,1,5386,accepted,1301,251,1552
review_005481,1,5387,accepted,1308,183,1491
review_005482,1,5388,accepted,1252,217,1469
review_005483,1,5389,accepted,1213,86,1299
review_005484,1,5390,accepted,1234,90,1324
review_005485,1,5391,accepted,1230,90,1320
review_005486,1,5392,accepted,1215,92,1307
review_005487,1,5393,accepted,1315,181,1496
review_005488,1,5394,accepted,1228,272,1500
review_005489,1,5395,accepted,1217,90,1307
review_005490,1,5396,accepted,1316,102,1418
review_005491,1,5397,accepted,1195,80,1275
review_005492,1,5398,accepted,1217,86,1303
review_005493,1,5399,accepted,1313,410,1723
review_005494,1,5400,accepted,1184,88,1272
review_005495,1,5401,accepted,1356,90,1446
review_005496,1,5402,accepted,1243,173,1416
review_005497,1,5403,accepted,1242,142,1384
review_005498,1,5404,accepted,1307,90,1397
review_005499,1,5405,accepted,1210,90,1300
review_005500,1,5406,accepted,1307,200,1507
review_005501,1,5407,accepted,1242,391,1633
review_005502,1,5408,accepted,1219,174,1393
review_005503,1,5409,accepted,1207,88,1295
review_005504,1,5410,accepted,1234,90,1324
review_005505,1,5411,accepted,1227,160,1387
review_005506,1,5412,accepted,1287,193,1480
review_005507,1,5413,accepted,1258,399,1657
review_005508,1,5414,accepted,1286,426,1712
review_005509,1,5415,accepted,1275,222,1497
review_005510,1,5416,accepted,1251,227,1478
review_005511,1,5417,accepted,1277,207,1484
review_005512,1,5418,accepted,1281,200,1481
review_005513,1,5419,accepted,1311,90,1401
review_005514,1,5420,accepted,1297,356,1653
review_005515,1,5421,accepted,1301,164,1465
review_005516,1,5422,accepted,1310,205,1515
review_005517,1,5423,accepted,1325,183,1508
review_005518,1,5424,accepted,1258,215,1473
review_005519,1,5425,accepted,1291,247,1538
review_005520,1,5426,accepted,1301,388,1689
review_005521,1,5427,accepted,1305,181,1486
review_005522,1,5428,accepted,1262,273,1535
review_005523,1,5429,accepted,1312,194,1506
review_005524,1,5430,accepted,1316,97,1413
review_005525,1,5431,accepted,1306,297,1603
review_005526,1,5432,accepted,1303,279,1582
review_005527,1,5433,accepted,1307,90,1397
review_005528,1,5434,accepted,1310,90,1400
review_005529,1,5435,accepted,1298,276,1574
review_005530,1,5436,accepted,1298,205,1503
review_005531,1,5437,accepted,1305,192,1497
review_005532,1,5438,accepted,1256,333,1589
review_005533,1,5439,accepted,1202,88,1290
review_005534,1,5440,accepted,1262,433,1695
review_005535,1,5441,accepted,1229,90,1319
review_005536,1,5442,accepted,1212,89,1301
review_005537,1,5443,accepted,1308,357,1665
review_005538,1,5444,accepted,1225,187,1412
review_005539,1,5445,accepted,1224,88,1312
review_005540,1,5446,accepted,1322,90,1412
review_005541,1,5447,accepted,1200,81,1281
review_005542,1,5448,accepted,1206,86,1292
review_005543,1,5449,accepted,1308,422,1730
review_005544,1,5450,accepted,1201,87,1288
review_005545,1,5451,accepted,1352,90,1442
review_005546,1,5452,accepted,1308,202,1510
review_005547,1,5453,accepted,1252,183,1435
review_005548,1,5454,accepted,1265,90,1355
review_005549,1,5455,accepted,1218,86,1304
review_005550,1,5456,accepted,1315,90,1405
review_005551,1,5457,accepted,1236,327,1563
review_005552,1,5458,accepted,1208,222,1430
review_005553,1,5459,accepted,1210,86,1296
review_005554,1,5460,accepted,1199,89,1288
review_005555,1,5461,accepted,1240,207,1447
review_005556,1,5462,accepted,1289,90,1379
review_005557,1,5463,accepted,1260,303,1563
review_005558,1,5464,accepted,1290,401,1691
review_005559,1,5465,accepted,1274,294,1568
review_005560,1,5466,accepted,1256,191,1447
review_005561,1,5467,accepted,1272,229,1501
review_005562,1,5468,accepted,1276,229,1505
review_005563,1,5469,accepted,1314,90,1404
review_005564,1,5470,accepted,1293,276,1569
review_005565,1,5471,accepted,1310,420,1730
review_005566,1,5472,accepted,1312,207,1519
review_005567,1,5473,accepted,1325,90,1415
review_005568,1,5474,accepted,1252,392,1644
review_005569,1,5475,accepted,1295,202,1497
review_005570,1,5476,accepted,1292,279,1571
review_005571,1,5477,accepted,1307,207,1514
review_005572,1,5478,accepted,1257,270,1527
review_005573,1,5479,accepted,1318,90,1408
review_005574,1,5480,accepted,1318,90,1408
review_005575,1,5481,accepted,1308,236,1544
review_005576,1,5482,accepted,1312,259,1571
review_005577,1,5483,accepted,1306,209,1515
review_005578,1,5484,accepted,1271,173,1444
review_005579,1,5485,accepted,1292,364,1656
review_005580,1,5486,accepted,1309,218,1527
review_005581,1,5487,accepted,1305,208,1513
review_005582,1,5488,accepted,1256,209,1465
review_005583,1,5489,accepted,1202,88,1290
review_005584,1,5490,accepted,1258,239,1497
review_005585,1,5491,accepted,1231,90,1321
review_005586,1,5492,accepted,1204,91,1295
review_005587,1,5493,accepted,1307,90,1397
review_005588,1,5494,accepted,1228,218,1446
review_005589,1,5495,accepted,1213,90,1303
review_005590,1,5496,accepted,1322,150,1472
review_005591,1,5497,accepted,1190,82,1272
review_005592,1,5498,accepted,1200,86,1286
review_005593,1,5499,accepted,1315,377,1692
review_005594,1,5500,accepted,1191,81,1272
review_005595,1,5501,accepted,1350,246,1596
review_005596,1,5502,accepted,1314,90,1404
review_005597,1,5503,accepted,1248,208,1456
review_005598,1,5504,accepted,1262,86,1348
review_005599,1,5505,accepted,1211,86,1297
review_005600,1,5506,accepted,1310,90,1400
review_005601,1,5507,accepted,1475,141,1616
review_005602,1,5508,accepted,1409,154,1563
review_005603,1,5509,accepted,1681,2033,3714
review_005604,1,5510,accepted,1370,174,1544
review_005605,1,5511,accepted,1481,460,1941
review_005606,1,5512,accepted,1446,256,1702
review_005607,1,5513,accepted,1427,194,1621
review_005608,1,5514,accepted,1309,101,1410
review_005609,1,5515,accepted,1372,200,1572
review_005610,1,5516,accepted,1364,88,1452
review_005611,1,5517,accepted,1391,125,1516
review_005612,1,5518,accepted,1359,187,1546
review_005613,1,5519,accepted,1473,207,1680
review_005614,1,5520,accepted,1433,157,1590
review_005615,1,5521,accepted,1464,157,1621
review_005616,1,5522,accepted,1467,553,2020
review_005617,1,5523,accepted,1449,266,1715
review_005618,1,5524,accepted,1431,171,1602
review_005619,1,5525,accepted,1406,251,1657
review_005620,1,5526,accepted,1435,115,1550
review_005621,1,5527,accepted,1477,297,1774
review_005622,1,5528,accepted,1428,194,1622
review_005623,1,5529,accepted,1439,197,1636
review_005624,1,5530,accepted,1496,286,1782
review_005626,1,5531,accepted,1456,139,1595
review_005627,1,5532,accepted,1353,512,1865
review_005628,1,5533,accepted,1479,134,1613
review_005629,1,5534,accepted,1461,104,1565
review_005630,1,5535,accepted,1349,133,1482
review_005631,1,5536,accepted,1462,257,1719
review_005632,1,5537,accepted,1431,101,1532
review_005633,1,5538,accepted,1408,195,1603
review_005634,1,5539,accepted,1482,242,1724
review_005635,1,5540,accepted,1245,321,1566
review_005636,1,5541,accepted,1240,215,1455
review_005637,1,5542,accepted,1227,230,1457
review_005638,1,5543,accepted,1269,154,1423
review_005639,1,5544,accepted,1247,90,1337
review_005640,1,5545,accepted,1519,148,1667
review_005641,1,5546,accepted,1364,130,1494
review_005642,1,5547,accepted,1299,152,1451
review_005643,1,5548,accepted,1231,90,1321
review_005644,1,5549,accepted,1246,113,1359
review_005645,1,5550,accepted,1235,150,1385
review_005646,1,5551,accepted,1255,90,1345
review_005647,1,5552,accepted,1263,367,1630
review_005648,1,5553,accepted,1269,90,1359
review_005649,1,5554,accepted,1286,197,1483
review_005650,1,5555,accepted,1908,229,2137
review_005651,1,5556,accepted,1475,240,1715
review_005652,1,5557,accepted,1437,233,1670
review_005653,1,5558,accepted,1416,217,1633
review_005654,1,5559,accepted,1481,135,1616
review_005655,1,5560,accepted,1401,186,1587
review_005656,1,5561,accepted,1377,90,1467
review_005657,1,5562,accepted,1320,291,1611
review_005658,1,5563,accepted,1353,231,1584
review_005659,1,5564,accepted,1425,177,1602
review_005660,1,5565,accepted,1421,282,1703
review_005661,1,5566,accepted,1393,185,1578
review_005662,1,5567,accepted,1424,181,1605
review_005663,1,5568,accepted,1443,347,1790
review_005664,1,5569,accepted,1535,460,1995
review_005665,1,5570,accepted,1489,111,1600
review_005666,1,5571,accepted,1411,220,1631
review_005667,1,5572,accepted,1406,505,1911
review_005668,1,5573,accepted,1364,207,1571
review_005669,1,5574,accepted,1431,100,1531
review_005670,1,5575,accepted,1436,208,1644
review_005671,1,5576,accepted,1417,189,1606
review_005672,1,5577,accepted,1473,109,1582
review_005673,1,5578,accepted,1447,168,1615
review_005674,1,5579,accepted,1520,128,1648
review_005675,1,5580,accepted,1493,208,1701
review_005676,1,5581,accepted,1454,102,1556
review_005677,1,5582,accepted,1321,247,1568
review_005678,1,5583,accepted,1466,144,1610
review_005679,1,5584,accepted,1448,148,1596
review_005680,1,5585,accepted,1425,245,1670
review_005681,1,5586,accepted,1458,157,1615
review_005682,1,5587,accepted,1432,139,1571
review_005683,1,5588,accepted,1446,226,1672
review_005684,1,5589,accepted,1402,334,1736
review_005685,1,5590,accepted,1224,280,1504
review_005686,1,5591,accepted,1240,90,1330
review_005687,1,5592,accepted,1231,90,1321
review_005688,1,5593,accepted,1220,99,1319
review_005689,1,5594,accepted,1311,460,1771
review_005690,1,5595,accepted,1554,215,1769
review_005691,1,5596,accepted,1224,114,1338
review_005692,1,5597,accepted,1215,99,1314
review_005693,1,5598,accepted,1211,88,1299
review_005694,1,5599,accepted,1240,102,1342
review_005695,1,5600,accepted,1231,90,1321
review_005696,1,5601,accepted,1323,262,1585
review_005697,1,5602,accepted,1269,322,1591
review_005698,1,5603,accepted,1242,88,1330
review_005699,1,5604,accepted,1240,163,1403
review_005700,1,5605,accepted,2032,255,2287
review_005701,1,5606,accepted,1543,311,1854
review_005702,1,5607,accepted,1509,90,1599
review_005703,1,5608,accepted,1643,166,1809
review_005704,1,5609,accepted,1449,171,1620
review_005705,1,5610,accepted,1422,267,1689
review_005706,1,5611,accepted,1410,159,1569
review_005707,1,5612,accepted,1416,218,1634
review_005708,1,5613,accepted,1321,278,1599
review_005709,1,5614,accepted,1389,263,1652
review_005710,1,5615,accepted,1380,208,1588
review_005711,1,5616,accepted,1402,534,1936
review_005712,1,5617,accepted,1424,202,1626
review_005713,1,5618,accepted,1458,207,1665
review_005714,1,5619,accepted,1507,336,1843
review_005715,1,5620,accepted,1504,103,1607
review_005716,1,5621,accepted,1490,453,1943
review_005717,1,5622,accepted,1641,151,1792
review_005718,1,5623,accepted,1413,162,1575
review_005719,1,5624,accepted,1441,383,1824
review_005720,1,5625,accepted,1378,441,1819
review_005721,1,5626,accepted,1512,1039,2551
review_005722,1,5627,accepted,1422,212,1634
review_005723,1,5628,accepted,1537,90,1627
review_005724,1,5629,accepted,1540,268,1808
review_005725,1,5630,accepted,1430,241,1671
review_005726,1,5631,accepted,1417,251,1668
review_005727,1,5632,accepted,1270,161,1431
review_005728,1,5633,accepted,1460,107,1567
review_005729,1,5634,accepted,1470,147,1617
review_005730,1,5635,accepted,1420,230,1650
review_005731,1,5636,accepted,1454,486,1940
review_005732,1,5637,accepted,1415,142,1557
review_005733,1,5638,accepted,1406,226,1632
review_005734,1,5639,accepted,1393,584,1977
review_005735,1,5640,accepted,1314,90,1404
review_005736,1,5641,accepted,1236,276,1512
review_005737,1,5642,accepted,1227,86,1313
review_005738,1,5643,accepted,1249,191,1440
review_005739,1,5644,accepted,1319,202,1521
review_005740,1,5645,accepted,1530,235,1765
review_005741,1,5646,accepted,1249,204,1453
review_005742,1,5647,accepted,1326,104,1430
review_005743,1,5648,accepted,1257,211,1468
review_005744,1,5649,accepted,1217,100,1317
review_005745,1,5650,failed,0,0,0
review_005745,2,5689,failed,0,0,0
review_005745,3,6704,accepted,1231,368,1599
review_005746,1,5651,accepted,1389,232,1621
review_005747,1,5652,accepted,1266,324,1590
review_005748,1,5653,accepted,1465,121,1586
review_005749,1,5654,accepted,1354,115,1469
review_005750,1,5655,accepted,1695,350,2045
review_005751,1,5656,accepted,1402,442,1844
review_005752,1,5657,accepted,1327,91,1418
review_005753,1,5658,accepted,1601,90,1691
review_005754,1,5659,accepted,1417,322,1739
review_005755,1,5660,accepted,1241,90,1331
review_005756,1,5661,accepted,1324,208,1532
review_005757,1,5662,accepted,1299,134,1433
review_005758,1,5663,accepted,1361,229,1590
review_005759,1,5664,accepted,1262,374,1636
review_005760,1,5665,accepted,1307,105,1412
review_005761,1,5666,accepted,1443,90,1533
review_005762,1,5667,accepted,1275,292,1567
review_005763,1,5668,accepted,1351,88,1439
review_005764,1,5669,accepted,1460,93,1553
review_005765,1,5670,accepted,1233,90,1323
review_005766,1,5671,accepted,1616,249,1865
review_005767,1,5672,accepted,1238,145,1383
review_005768,1,5673,accepted,1342,290,1632
review_005769,1,5674,accepted,1467,342,1809
review_005770,1,5675,accepted,1483,368,1851
review_005771,1,5676,accepted,1464,90,1554
review_005772,1,5677,accepted,1389,348,1737
review_005773,1,5678,accepted,1395,353,1748
review_005774,1,5679,accepted,1337,305,1642
review_005775,1,5680,accepted,1560,90,1650
review_005776,1,5681,accepted,1337,362,1699
review_005777,1,5682,accepted,1627,614,2241
review_005778,1,5683,accepted,1445,257,1702
review_005779,1,5684,accepted,1506,283,1789
review_005780,1,5685,accepted,1406,93,1499
review_005781,1,5686,accepted,1513,335,1848
review_005782,1,5687,accepted,1457,90,1547
review_005783,1,5688,accepted,1372,206,1578
review_005784,1,5690,accepted,1296,90,1386
review_005785,1,5691,accepted,1586,296,1882
review_005786,1,5692,accepted,1276,90,1366
review_005787,1,5693,accepted,1678,328,2006
review_005788,1,5694,accepted,1196,91,1287
review_005789,1,5695,accepted,1363,526,1889
review_005790,1,5696,accepted,1385,90,1475
review_005791,1,5697,accepted,1196,80,1276
review_005792,1,5698,accepted,1270,209,1479
review_005793,1,5699,accepted,1593,545,2138
review_005794,1,5700,accepted,1196,82,1278
review_005795,1,5701,accepted,1193,81,1274
review_005796,1,5702,accepted,1190,81,1271
review_005797,1,5703,accepted,1198,81,1279
review_005798,1,5704,accepted,1399,90,1489
review_005799,1,5705,accepted,1543,90,1633
review_005800,1,5706,accepted,1521,235,1756
review_005801,1,5707,accepted,1559,427,1986
review_005802,1,5708,accepted,1340,163,1503
review_005803,1,5709,accepted,1447,208,1655
review_005804,1,5710,accepted,1375,90,1465
review_005805,1,5711,accepted,1305,111,1416
review_005806,1,5712,accepted,1502,90,1592
review_005807,1,5713,accepted,1264,90,1354
review_005808,1,5714,accepted,1279,90,1369
review_005809,1,5715,accepted,1302,231,1533
review_005810,1,5716,accepted,1360,91,1451
review_005811,1,5717,accepted,1302,260,1562
review_005812,1,5718,accepted,1304,90,1394
review_005813,1,5719,accepted,1614,253,1867
review_005814,1,5720,accepted,1577,90,1667
review_005815,1,5721,accepted,1233,90,1323
review_005816,1,5722,accepted,1491,92,1583
review_005817,1,5723,accepted,1444,318,1762
review_005818,1,5724,accepted,1395,93,1488
review_005819,1,5725,accepted,1490,173,1663
review_005820,1,5726,accepted,1339,339,1678
review_005821,1,5727,accepted,1398,211,1609
review_005822,1,5728,accepted,1626,90,1716
review_005823,1,5729,accepted,1450,491,1941
review_005824,1,5730,accepted,1391,438,1829
review_005825,1,5731,accepted,1372,231,1603
review_005826,1,5732,accepted,1668,92,1760
review_005827,1,5733,accepted,1509,201,1710
review_005828,1,5734,accepted,1367,217,1584
review_005829,1,5735,accepted,1584,90,1674
review_005830,1,5736,accepted,1454,341,1795
review_005831,1,5737,accepted,1484,239,1723
review_005832,1,5738,accepted,1355,262,1617
review_005833,1,5739,accepted,1496,92,1588
review_005834,1,5740,accepted,1281,90,1371
review_005835,1,5741,accepted,1247,92,1339
review_005836,1,5742,accepted,1274,90,1364
review_005837,1,5743,accepted,1521,651,2172
review_005838,1,5744,accepted,1202,84,1286
review_005839,1,5745,accepted,1591,619,2210
review_005840,1,5746,accepted,1685,1062,2747
review_005841,1,5747,accepted,1192,81,1273
review_005842,1,5748,accepted,1222,88,1310
review_005843,1,5749,accepted,1478,803,2281
review_005844,1,5750,accepted,1201,82,1283
review_005845,1,5751,accepted,1193,81,1274
review_005846,1,5752,accepted,1187,81,1268
review_005847,1,5753,accepted,1192,80,1272
review_005848,1,5754,accepted,1435,406,1841
review_005849,1,5755,accepted,1390,548,1938
review_005850,1,5756,accepted,1486,192,1678
review_005851,1,5757,accepted,1432,367,1799
review_005852,1,5758,accepted,1412,255,1667
review_005853,1,5759,accepted,1643,90,1733
review_005854,1,5760,accepted,1504,241,1745
review_005855,1,5761,accepted,1434,213,1647
review_005856,1,5762,accepted,1293,90,1383
review_005857,1,5763,accepted,1558,672,2230
review_005858,1,5764,accepted,1520,229,1749
review_005859,1,5765,accepted,1271,90,1361
review_005860,1,5766,accepted,1399,90,1489
review_005861,1,5767,accepted,1508,93,1601
review_005862,1,5768,accepted,1315,88,1403
review_005863,1,5769,accepted,1520,644,2164
review_005864,1,5770,accepted,1432,643,2075
review_005865,1,5771,accepted,1356,510,1866
review_005866,1,5772,accepted,1473,933,2406
review_005867,1,5773,accepted,1238,90,1328
review_005868,1,5774,accepted,1462,217,1679
review_005869,1,5775,accepted,1503,327,1830
review_005870,1,5776,accepted,1398,197,1595
review_005871,1,5777,accepted,1483,286,1769
review_005872,1,5778,accepted,1542,219,1761
review_005873,1,5779,accepted,1583,90,1673
review_005874,1,5780,accepted,1532,334,1866
review_005875,1,5781,accepted,1536,695,2231
review_005876,1,5782,accepted,1421,517,1938
review_005877,1,5783,accepted,1497,241,1738
review_005878,1,5784,accepted,1443,215,1658
review_005879,1,5785,accepted,1543,90,1633
review_005880,1,5786,accepted,1529,278,1807
review_005881,1,5787,accepted,1677,402,2079
review_005882,1,5788,accepted,1430,320,1750
review_005883,1,5789,accepted,1561,90,1651
review_005884,1,5790,accepted,1345,218,1563
review_005885,1,5791,accepted,1513,425,1938
review_005886,1,5792,accepted,1299,90,1389
review_005887,1,5793,accepted,1252,90,1342
review_005888,1,5794,accepted,1193,89,1282
review_005889,1,5795,accepted,1421,217,1638
review_005890,1,5796,accepted,1536,242,1778
review_005891,1,5797,accepted,1194,86,1280
review_005892,1,5798,accepted,1208,86,1294
review_005893,1,5799,accepted,1352,203,1555
review_005894,1,5800,accepted,1189,88,1277
review_005895,1,5801,accepted,1192,86,1278
review_005896,1,5802,accepted,1191,81,1272
review_005897,1,5803,accepted,1199,88,1287
review_005898,1,5804,accepted,1414,188,1602
review_005899,1,5805,accepted,1231,90,1321
review_005900,1,5806,accepted,1586,402,1988
review_005901,1,5807,accepted,1289,90,1379
review_005902,1,5808,accepted,1294,90,1384
review_005903,1,5809,accepted,1271,90,1361
review_005904,1,5810,accepted,1299,417,1716
review_005905,1,5811,accepted,1303,227,1530
review_005906,1,5812,accepted,1276,90,1366
review_005907,1,5813,accepted,1293,90,1383
review_005908,1,5814,accepted,1270,88,1358
review_005909,1,5815,accepted,1280,90,1370
review_005910,1,5816,accepted,1268,90,1358
review_005911,1,5817,accepted,1285,280,1565
review_005912,1,5818,accepted,1269,90,1359
review_005913,1,5819,accepted,1283,197,1480
review_005914,1,5820,accepted,1264,218,1482
review_005915,1,5821,accepted,1298,90,1388
review_005916,1,5822,accepted,1263,90,1353
review_005917,1,5823,accepted,1258,150,1408
review_005918,1,5824,accepted,1290,88,1378
review_005919,1,5825,accepted,1287,167,1454
review_005920,1,5826,accepted,1284,88,1372
review_005921,1,5827,accepted,1297,90,1387
review_005922,1,5828,accepted,1303,90,1393
review_005923,1,5829,accepted,1279,90,1369
review_005924,1,5830,accepted,1277,90,1367
review_005925,1,5831,accepted,1257,90,1347
review_005926,1,5832,accepted,1281,90,1371
review_005927,1,5833,accepted,1279,138,1417
review_005928,1,5834,accepted,1278,259,1537
review_005929,1,5835,accepted,1278,90,1368
review_005930,1,5836,accepted,1278,90,1368
review_005931,1,5837,accepted,1246,90,1336
review_005932,1,5838,accepted,1281,223,1504
review_005933,1,5839,accepted,1286,88,1374
review_005934,1,5840,accepted,1284,90,1374
review_005935,1,5841,accepted,1283,182,1465
review_005936,1,5842,accepted,1198,89,1287
review_005937,1,5843,accepted,1287,90,1377
review_005938,1,5844,accepted,1194,87,1281
review_005939,1,5845,accepted,1275,90,1365
review_005940,1,5846,accepted,1282,130,1412
review_005941,1,5847,accepted,1199,87,1286
review_005942,1,5848,accepted,1219,88,1307
review_005943,1,5849,accepted,1278,464,1742
review_005944,1,5850,accepted,1194,83,1277
review_005945,1,5851,accepted,1215,94,1309
review_005946,1,5852,accepted,1228,87,1315
review_005947,1,5853,accepted,1214,87,1301
review_005948,1,5854,accepted,1301,474,1775
review_005949,1,5855,accepted,1297,90,1387
review_005950,1,5856,accepted,1265,88,1353
review_005951,1,5857,accepted,1285,232,1517
review_005952,1,5858,accepted,1299,90,1389
review_005953,1,5859,accepted,1285,90,1375
review_005954,1,5860,accepted,1295,88,1383
review_005955,1,5861,accepted,1287,90,1377
review_005956,1,5862,accepted,1280,136,1416
review_005957,1,5863,accepted,1271,1336,2607
review_005958,1,5864,accepted,1288,90,1378
review_005959,1,5865,accepted,1289,211,1500
review_005960,1,5866,accepted,1283,90,1373
review_005961,1,5867,accepted,1285,90,1375
review_005962,1,5868,accepted,1288,88,1376
review_005963,1,5869,accepted,1281,90,1371
review_005964,1,5870,accepted,1284,90,1374
review_005965,1,5871,accepted,1261,145,1406
review_005966,1,5872,accepted,1259,90,1349
review_005967,1,5873,accepted,1293,269,1562
review_005968,1,5874,accepted,1285,90,1375
review_005969,1,5875,accepted,1280,411,1691
review_005970,1,5876,accepted,1272,200,1472
review_005971,1,5877,accepted,1291,90,1381
review_005972,1,5878,accepted,1300,90,1390
review_005973,1,5879,accepted,1290,90,1380
review_005974,1,5880,accepted,1282,90,1372
review_005975,1,5881,accepted,1251,90,1341
review_005976,1,5882,accepted,1257,90,1347
review_005977,1,5883,accepted,1267,90,1357
review_005978,1,5884,accepted,1285,90,1375
review_005979,1,5885,accepted,1262,90,1352
review_005980,1,5886,accepted,1285,90,1375
review_005981,1,5887,accepted,1276,90,1366
review_005982,1,5888,accepted,1263,180,1443
review_005983,1,5889,accepted,1266,90,1356
review_005984,1,5890,accepted,1299,90,1389
review_005985,1,5891,accepted,1278,90,1368
review_005986,1,5892,accepted,1196,89,1285
review_005987,1,5893,accepted,1296,90,1386
review_005988,1,5894,accepted,1212,89,1301
review_005989,1,5895,accepted,1286,90,1376
review_005990,1,5896,accepted,1289,173,1462
review_005991,1,5897,accepted,1194,87,1281
review_005992,1,5898,accepted,1202,90,1292
review_005993,1,5899,accepted,1273,90,1363
review_005994,1,5900,accepted,1207,88,1295
review_005995,1,5901,accepted,1221,90,1311
review_005996,1,5902,accepted,1262,90,1352
review_005997,1,5903,accepted,1215,92,1307
review_005998,1,5904,accepted,1296,88,1384
review_005999,1,5905,accepted,1283,443,1726
review_006000,1,5906,accepted,1273,87,1360
review_006001,1,5907,accepted,1285,88,1373
review_006002,1,5908,accepted,1280,209,1489
review_006003,1,5909,accepted,1286,213,1499
review_006004,1,5910,accepted,1294,216,1510
review_006005,1,5911,accepted,1292,201,1493
review_006006,1,5912,accepted,1275,92,1367
review_006007,1,5913,accepted,1277,90,1367
review_006008,1,5914,accepted,1295,231,1526
review_006009,1,5915,accepted,1246,322,1568
review_006010,1,5916,accepted,1295,90,1385
review_006011,1,5917,accepted,1277,90,1367
review_006012,1,5918,accepted,1274,90,1364
review_006013,1,5919,accepted,1274,90,1364
review_006014,1,5920,accepted,1259,90,1349
review_006015,1,5921,accepted,1258,553,1811
review_006016,1,5922,accepted,1283,292,1575
review_006017,1,5923,accepted,1286,173,1459
review_006018,1,5924,accepted,1298,92,1390
review_006019,1,5925,accepted,1282,90,1372
review_006020,1,5926,accepted,1265,90,1355
review_006021,1,5927,accepted,1290,122,1412
review_006022,1,5928,accepted,1298,105,1403
review_006023,1,5929,accepted,1275,200,1475
review_006024,1,5930,accepted,1282,90,1372
review_006025,1,5931,accepted,1275,178,1453
review_006026,1,5932,accepted,1275,240,1515
review_006027,1,5933,accepted,1255,147,1402
review_006028,1,5934,accepted,1286,90,1376
review_006029,1,5935,accepted,1273,90,1363
review_006030,1,5936,accepted,1269,90,1359
review_006031,1,5937,accepted,1262,90,1352
review_006032,1,5938,accepted,1287,1064,2351
review_006033,1,5939,accepted,1294,92,1386
review_006034,1,5940,accepted,1279,92,1371
review_006035,1,5941,accepted,1285,265,1550
review_006036,1,5942,accepted,1189,89,1278
review_006037,1,5943,accepted,1288,143,1431
review_006038,1,5944,accepted,1194,85,1279
review_006039,1,5945,accepted,1285,90,1375
review_006040,1,5946,accepted,1290,138,1428
review_006041,1,5947,accepted,1195,89,1284
review_006042,1,5948,accepted,1217,88,1305
review_006043,1,5949,accepted,1278,91,1369
review_006044,1,5950,accepted,1196,89,1285
review_006045,1,5951,accepted,1188,88,1276
review_006046,1,5952,accepted,1236,90,1326
review_006047,1,5953,accepted,1217,87,1304
review_006048,1,5954,accepted,1293,259,1552
review_006049,1,5955,accepted,1271,90,1361
review_006050,1,5956,accepted,1258,90,1348
review_006051,1,5957,accepted,1351,90,1441
review_006052,1,5958,accepted,1425,90,1515
review_006053,1,5959,accepted,1366,177,1543
review_006054,1,5960,accepted,1225,88,1313
review_006055,1,5961,accepted,1287,90,1377
review_006056,1,5962,accepted,1263,90,1353
review_006057,1,5963,accepted,1356,90,1446
review_006058,1,5964,accepted,1231,337,1568
review_006059,1,5965,accepted,1255,90,1345
review_006060,1,5966,accepted,1335,90,1425
review_006061,1,5967,accepted,1294,91,1385
review_006062,1,5968,accepted,1276,90,1366
review_006063,1,5969,accepted,1386,90,1476
review_006064,1,5970,accepted,1389,231,1620
review_006065,1,5971,accepted,1340,271,1611
review_006066,1,5972,accepted,1344,222,1566
review_006067,1,5973,accepted,1290,90,1380
review_006068,1,5974,accepted,1324,90,1414
review_006069,1,5975,accepted,1337,177,1514
review_006070,1,5976,accepted,1325,90,1415
review_006071,1,5977,accepted,1304,574,1878
review_006072,1,5978,accepted,1277,90,1367
review_006073,1,5979,accepted,1295,90,1385
review_006074,1,5980,accepted,1338,90,1428
review_006075,1,5981,accepted,1335,90,1425
review_006076,1,5982,accepted,1424,90,1514
review_006077,1,5983,accepted,1379,282,1661
review_006078,1,5984,accepted,1419,210,1629
review_006079,1,5985,accepted,1326,90,1416
review_006080,1,5986,accepted,1285,313,1598
review_006081,1,5987,accepted,1378,90,1468
review_006082,1,5988,accepted,1276,90,1366
review_006083,1,5989,accepted,1271,88,1359
review_006084,1,5990,accepted,1256,90,1346
review_006085,1,5991,accepted,1348,88,1436
review_006086,1,5992,accepted,1343,398,1741
review_006087,1,5993,accepted,1369,90,1459
review_006088,1,5994,accepted,1228,90,1318
review_006089,1,5995,accepted,1347,214,1561
review_006090,1,5996,accepted,1391,90,1481
review_006091,1,5997,accepted,1223,84,1307
review_006092,1,5998,accepted,1225,86,1311
review_006093,1,5999,accepted,1318,90,1408
review_006094,1,6000,accepted,1230,86,1316
review_006095,1,6001,accepted,1221,92,1313
review_006096,1,6002,accepted,1227,84,1311
review_006097,1,6003,accepted,1220,88,1308
review_006098,1,6004,accepted,1322,90,1412
review_006099,1,6005,accepted,1397,90,1487
review_006100,1,6006,accepted,1441,224,1665
review_006101,1,6007,accepted,1315,194,1509
review_006102,1,6008,accepted,1432,90,1522
review_006103,1,6009,accepted,1354,238,1592
review_006104,1,6010,accepted,1223,91,1314
review_006105,1,6011,accepted,1236,404,1640
review_006106,1,6012,accepted,1321,523,1844
review_006107,1,6013,accepted,1309,90,1399
review_006108,1,6014,accepted,1237,321,1558
review_006109,1,6015,accepted,1242,520,1762
review_006110,1,6016,accepted,1359,302,1661
review_006111,1,6017,accepted,1265,90,1355
review_006112,1,6018,accepted,1273,308,1581
review_006113,1,6019,accepted,1393,223,1616
review_006114,1,6020,accepted,1320,208,1528
review_006115,1,6021,accepted,1290,260,1550
review_006116,1,6022,accepted,1371,288,1659
review_006117,1,6023,accepted,1289,90,1379
review_006118,1,6024,accepted,1299,93,1392
review_006119,1,6025,accepted,1358,90,1448
review_006120,1,6026,accepted,1316,90,1406
review_006121,1,6027,accepted,1329,152,1481
review_006122,1,6028,accepted,1233,85,1318
review_006123,1,6029,accepted,1287,90,1377
review_006124,1,6030,accepted,1362,90,1452
review_006125,1,6031,accepted,1362,90,1452
review_006126,1,6032,accepted,1407,528,1935
review_006127,1,6033,accepted,1416,90,1506
review_006128,1,6034,accepted,1380,219,1599
review_006129,1,6035,accepted,1319,90,1409
review_006130,1,6036,accepted,1310,90,1400
review_006131,1,6037,accepted,1351,90,1441
review_006132,1,6038,accepted,1267,90,1357
review_006133,1,6039,accepted,1265,287,1552
review_006134,1,6040,accepted,1253,422,1675
review_006135,1,6041,accepted,1371,88,1459
review_006136,1,6042,accepted,1328,469,1797
review_006137,1,6043,accepted,1375,90,1465
review_006138,1,6044,accepted,1226,86,1312
review_006139,1,6045,accepted,1341,90,1431
review_006140,1,6046,accepted,1378,90,1468
review_006141,1,6047,accepted,1222,86,1308
review_006142,1,6048,accepted,1222,86,1308
review_006143,1,6049,accepted,1360,90,1450
review_006144,1,6050,accepted,1225,86,1311
review_006145,1,6051,accepted,1224,86,1310
review_006146,1,6052,accepted,1218,88,1306
review_006147,1,6053,accepted,1223,90,1313
review_006148,1,6054,accepted,1309,90,1399
review_006149,1,6055,accepted,1355,88,1443
review_006150,1,6056,accepted,1430,206,1636
review_006151,1,6057,accepted,1324,90,1414
review_006152,1,6058,accepted,1377,211,1588
review_006153,1,6059,accepted,1337,201,1538
review_006154,1,6060,accepted,1226,92,1318
review_006155,1,6061,accepted,1335,308,1643
review_006156,1,6062,accepted,1269,90,1359
review_006157,1,6063,accepted,1331,90,1421
review_006158,1,6064,accepted,1239,403,1642
review_006159,1,6065,accepted,1301,90,1391
review_006160,1,6066,accepted,1323,350,1673
review_006161,1,6067,accepted,1268,262,1530
review_006162,1,6068,accepted,1253,88,1341
review_006163,1,6069,accepted,1376,304,1680
review_006164,1,6070,accepted,1415,301,1716
review_006165,1,6071,accepted,1288,365,1653
review_006166,1,6072,accepted,1465,90,1555
review_006167,1,6073,accepted,1289,90,1379
review_006168,1,6074,accepted,1291,90,1381
review_006169,1,6075,accepted,1289,88,1377
review_006170,1,6076,accepted,1359,92,1451
review_006171,1,6077,accepted,1300,88,1388
review_006172,1,6078,accepted,1240,89,1329
review_006173,1,6079,accepted,1291,90,1381
review_006174,1,6080,accepted,1349,90,1439
review_006175,1,6081,accepted,1338,177,1515
review_006176,1,6082,accepted,1399,90,1489
review_006177,1,6083,accepted,1369,90,1459
review_006178,1,6084,accepted,1352,90,1442
review_006179,1,6085,accepted,1319,203,1522
review_006180,1,6086,accepted,1278,88,1366
review_006181,1,6087,accepted,1414,303,1717
review_006182,1,6088,accepted,1280,90,1370
review_006183,1,6089,accepted,1269,350,1619
review_006184,1,6090,accepted,1241,90,1331
review_006185,1,6091,accepted,1373,515,1888
review_006186,1,6092,accepted,1353,538,1891
review_006187,1,6093,accepted,1372,90,1462
review_006188,1,6094,accepted,1223,84,1307
review_006189,1,6095,accepted,1375,90,1465
review_006190,1,6096,accepted,1409,90,1499
review_006191,1,6097,accepted,1214,88,1302
review_006192,1,6098,accepted,1216,86,1302
review_006193,1,6099,accepted,1383,206,1589
review_006194,1,6100,accepted,1221,86,1307
review_006195,1,6101,accepted,1228,86,1314
review_006196,1,6102,accepted,1221,84,1305
review_006197,1,6103,accepted,1226,85,1311
review_006198,1,6104,accepted,1319,1375,2694
review_006199,1,6105,accepted,1310,704,2014
review_006200,1,6106,accepted,1427,207,1634
review_006201,1,6107,accepted,1839,205,2044
review_006202,1,6108,accepted,2149,92,2241
review_006203,1,6109,accepted,2102,90,2192
review_006204,1,6110,accepted,2455,90,2545
review_006205,1,6111,accepted,1768,185,1953
review_006206,1,6112,accepted,1597,93,1690
review_006207,1,6113,accepted,1806,263,2069
review_006208,1,6114,accepted,1915,92,2007
review_006209,1,6115,accepted,1659,90,1749
review_006210,1,6116,accepted,1760,328,2088
review_006211,1,6117,accepted,1667,90,1757
review_006212,1,6118,accepted,1723,90,1813
review_006213,1,6119,accepted,1685,347,2032
review_006214,1,6120,accepted,1841,379,2220
review_006215,1,6121,accepted,1578,500,2078
review_006216,1,6122,accepted,1847,271,2118
review_006217,1,6123,accepted,1591,90,1681
review_006218,1,6124,accepted,1507,93,1600
review_006219,1,6125,accepted,1657,235,1892
review_006220,1,6126,accepted,1668,90,1758
review_006221,1,6127,accepted,1729,90,1819
review_006222,1,6128,accepted,1783,273,2056
review_006223,1,6129,accepted,1929,263,2192
review_006224,1,6130,accepted,1826,279,2105
review_006225,1,6131,accepted,1588,197,1785
review_006226,1,6132,accepted,1676,280,1956
review_006227,1,6133,accepted,1782,269,2051
review_006228,1,6134,accepted,1602,90,1692
review_006229,1,6135,accepted,1806,90,1896
review_006230,1,6136,accepted,1695,90,1785
review_006231,1,6137,accepted,1779,234,2013
review_006232,1,6138,accepted,1577,90,1667
review_006233,1,6139,accepted,1931,274,2205
review_006234,1,6140,accepted,2175,90,2265
review_006235,1,6141,accepted,1764,220,1984
review_006236,1,6142,accepted,1486,92,1578
review_006237,1,6143,accepted,1807,295,2102
review_006238,1,6144,accepted,1509,93,1602
review_006239,1,6145,accepted,1893,266,2159
review_006240,1,6146,accepted,1944,434,2378
review_006241,1,6147,accepted,1866,214,2080
review_006242,1,6148,accepted,2136,323,2459
review_006243,1,6149,accepted,1769,199,1968
review_006244,1,6150,accepted,1791,410,2201
review_006245,1,6151,accepted,1812,200,2012
review_006246,1,6152,accepted,1639,499,2138
review_006247,1,6153,accepted,1309,90,1399
review_006248,1,6154,accepted,1547,90,1637
review_006249,1,6155,accepted,1790,251,2041
review_006250,1,6156,accepted,2198,338,2536
review_006251,1,6157,accepted,2004,347,2351
review_006252,1,6158,accepted,2259,92,2351
review_006253,1,6159,accepted,1872,149,2021
review_006254,1,6160,accepted,2108,90,2198
review_006255,1,6161,accepted,1622,228,1850
review_006256,1,6162,accepted,1562,181,1743
review_006257,1,6163,accepted,1836,92,1928
review_006258,1,6164,accepted,1642,198,1840
review_006259,1,6165,accepted,2002,357,2359
review_006260,1,6166,accepted,1728,90,1818
review_006261,1,6167,accepted,1689,337,2026
review_006262,1,6168,accepted,1750,211,1961
review_006263,1,6169,accepted,1691,329,2020
review_006264,1,6170,accepted,1937,90,2027
review_006265,1,6171,accepted,1645,210,1855
review_006266,1,6172,accepted,1865,90,1955
review_006267,1,6173,accepted,1717,214,1931
review_006268,1,6174,accepted,1694,240,1934
review_006269,1,6175,accepted,1736,253,1989
review_006270,1,6176,accepted,1698,160,1858
review_006271,1,6177,accepted,2003,237,2240
review_006272,1,6178,accepted,1807,252,2059
review_006273,1,6179,accepted,1836,90,1926
review_006274,1,6180,accepted,1703,224,1927
review_006275,1,6181,accepted,1571,224,1795
review_006276,1,6182,accepted,1634,233,1867
review_006277,1,6183,accepted,1751,222,1973
review_006278,1,6184,accepted,1813,229,2042
review_006279,1,6185,accepted,1694,325,2019
review_006280,1,6186,accepted,1869,354,2223
review_006281,1,6187,accepted,1931,222,2153
review_006282,1,6188,accepted,1516,209,1725
review_006283,1,6189,accepted,2435,127,2562
review_006284,1,6190,accepted,2072,254,2326
review_006285,1,6191,accepted,1770,249,2019
review_006286,1,6192,accepted,1420,90,1510
review_006287,1,6193,accepted,1902,285,2187
review_006288,1,6194,accepted,1945,90,2035
review_006289,1,6195,accepted,2006,255,2261
review_006290,1,6196,accepted,1733,241,1974
review_006291,1,6197,accepted,2052,378,2430
review_006292,1,6198,accepted,1950,90,2040
review_006293,1,6199,accepted,2107,204,2311
review_006294,1,6200,accepted,1762,260,2022
review_006295,1,6201,accepted,2069,221,2290
review_006296,1,6202,accepted,1697,94,1791
review_006297,1,6203,accepted,1896,294,2190
review_006298,1,6204,accepted,1720,90,1810
review_006299,1,6205,accepted,1668,266,1934
review_006300,1,6206,accepted,1973,291,2264
review_006301,1,6207,accepted,1936,181,2117
review_006302,1,6208,accepted,2086,189,2275
review_006303,1,6209,accepted,2220,90,2310
review_006304,1,6210,accepted,2460,443,2903
review_006305,1,6211,accepted,1791,90,1881
review_006306,1,6212,accepted,1772,292,2064
review_006307,1,6213,accepted,1686,90,1776
review_006308,1,6214,accepted,1739,90,1829
review_006309,1,6215,accepted,1680,90,1770
review_006310,1,6216,accepted,1421,298,1719
review_006311,1,6217,accepted,1683,234,1917
review_006312,1,6218,accepted,1739,221,1960
review_006313,1,6219,accepted,1561,438,1999
review_006314,1,6220,accepted,1708,313,2021
review_006315,1,6221,accepted,1687,226,1913
review_006316,1,6222,accepted,2055,618,2673
review_006317,1,6223,accepted,1922,215,2137
review_006318,1,6224,accepted,1566,90,1656
review_006319,1,6225,accepted,1714,93,1807
review_006320,1,6226,accepted,1623,182,1805
review_006321,1,6227,accepted,2016,327,2343
review_006322,1,6228,accepted,1628,167,1795
review_006323,1,6229,accepted,1895,280,2175
review_006324,1,6230,accepted,1745,213,1958
review_006325,1,6231,accepted,1629,213,1842
review_006326,1,6232,accepted,1592,205,1797
review_006327,1,6233,accepted,1607,283,1890
review_006328,1,6234,accepted,1586,500,2086
review_006329,1,6235,accepted,1664,300,1964
review_006330,1,6236,accepted,1838,223,2061
review_006331,1,6237,accepted,1839,91,1930
review_006332,1,6238,accepted,1582,204,1786
review_006333,1,6239,accepted,2539,90,2629
review_006334,1,6240,accepted,2066,200,2266
review_006335,1,6241,accepted,1686,92,1778
review_006336,1,6242,accepted,1424,91,1515
review_006337,1,6243,accepted,1736,334,2070
review_006338,1,6244,accepted,1675,198,1873
review_006339,1,6245,accepted,1882,90,1972
review_006340,1,6246,accepted,1741,428,2169
review_006341,1,6247,accepted,2014,292,2306
review_006342,1,6248,accepted,1819,90,1909
review_006343,1,6249,accepted,1864,205,2069
review_006344,1,6250,accepted,1748,225,1973
review_006345,1,6251,accepted,1831,210,2041
review_006346,1,6252,accepted,1551,215,1766
review_006347,1,6253,accepted,1744,348,2092
review_006348,1,6254,accepted,1654,239,1893
review_006349,1,6255,accepted,1990,182,2172
review_006350,1,6256,accepted,1907,199,2106
review_006351,1,6257,accepted,1404,90,1494
review_006352,1,6258,accepted,1404,90,1494
review_006353,1,6259,accepted,1488,90,1578
review_006354,1,6260,accepted,1430,90,1520
review_006355,1,6261,accepted,1415,90,1505
review_006356,1,6263,accepted,1414,90,1504
review_006357,1,6262,accepted,1397,212,1609
review_006358,1,6264,accepted,1404,216,1620
review_006359,1,6265,accepted,1422,92,1514
review_006360,1,6266,accepted,1402,206,1608
review_006361,1,6267,accepted,1426,90,1516
review_006362,1,6268,accepted,1380,268,1648
review_006363,1,6269,accepted,1467,90,1557
review_006364,1,6270,accepted,1422,90,1512
review_006365,1,6271,accepted,1442,90,1532
review_006366,1,6272,accepted,1433,90,1523
review_006367,1,6273,accepted,1502,216,1718
review_006368,1,6274,accepted,1395,90,1485
review_006369,1,6275,accepted,1406,396,1802
review_006370,1,6276,accepted,1394,90,1484
review_006371,1,6277,accepted,1405,90,1495
review_006372,1,6278,accepted,1404,90,1494
review_006373,1,6279,accepted,1426,90,1516
review_006374,1,6280,accepted,1377,90,1467
review_006375,1,6281,accepted,1415,90,1505
review_006376,1,6282,accepted,1456,228,1684
review_006377,1,6283,accepted,1396,93,1489
review_006378,1,6284,accepted,1398,90,1488
review_006379,1,6285,accepted,1392,90,1482
review_006380,1,6286,accepted,1436,93,1529
review_006381,1,6287,accepted,1389,90,1479
review_006382,1,6288,accepted,1455,92,1547
review_006383,1,6289,accepted,1392,90,1482
review_006384,1,6290,accepted,1417,90,1507
review_006385,1,6291,accepted,1414,90,1504
review_006386,1,6292,accepted,1459,235,1694
review_006387,1,6293,accepted,1498,93,1591
review_006388,1,6294,accepted,1275,90,1365
review_006389,1,6295,accepted,1370,90,1460
review_006390,1,6296,accepted,1472,90,1562
review_006392,1,6297,accepted,1229,88,1317
review_006393,1,6298,accepted,1402,90,1492
review_006394,1,6299,accepted,1360,90,1450
review_006395,1,6300,accepted,1523,90,1613
review_006396,1,6301,accepted,1430,90,1520
review_006397,1,6302,accepted,1360,90,1450
review_006398,1,6303,accepted,1368,92,1460
review_006399,1,6304,accepted,1398,93,1491
review_006400,1,6305,accepted,1462,139,1601
review_006401,1,6306,accepted,1398,90,1488
review_006402,1,6307,accepted,1359,261,1620
review_006403,1,6308,accepted,1460,90,1550
review_006404,1,6309,accepted,1461,90,1551
review_006405,1,6310,accepted,1470,90,1560
review_006406,1,6311,accepted,1385,93,1478
review_006407,1,6312,accepted,1384,315,1699
review_006408,1,6313,accepted,1425,199,1624
review_006409,1,6314,accepted,1453,90,1543
review_006410,1,6315,accepted,1423,90,1513
review_006411,1,6316,accepted,1410,224,1634
review_006412,1,6317,accepted,1366,90,1456
review_006413,1,6318,accepted,1458,157,1615
review_006414,1,6319,accepted,1421,90,1511
review_006415,1,6320,accepted,1305,90,1395
review_006416,1,6321,accepted,1383,170,1553
review_006417,1,6322,accepted,1538,91,1629
review_006418,1,6323,accepted,1394,90,1484
review_006419,1,6324,accepted,1346,90,1436
review_006420,1,6325,accepted,1410,93,1503
review_006421,1,6326,accepted,1441,90,1531
review_006422,1,6327,accepted,1376,90,1466
review_006423,1,6328,accepted,1481,114,1595
review_006424,1,6329,accepted,1419,573,1992
review_006425,1,6330,accepted,1424,90,1514
review_006426,1,6331,accepted,1411,90,1501
review_006427,1,6332,accepted,1445,90,1535
review_006428,1,6333,accepted,1441,90,1531
review_006429,1,6334,accepted,1419,90,1509
review_006430,1,6335,accepted,1424,92,1516
review_006431,1,6336,accepted,1445,90,1535
review_006432,1,6337,accepted,1415,90,1505
review_006433,1,6338,accepted,1429,90,1519
review_006434,1,6339,accepted,1407,90,1497
review_006435,1,6340,accepted,1429,90,1519
review_006436,1,6341,accepted,1472,92,1564
review_006437,1,6342,accepted,1408,90,1498
review_006438,1,6343,accepted,1369,93,1462
review_006439,1,6344,accepted,1376,90,1466
review_006440,1,6345,accepted,1491,302,1793
review_006441,1,6346,accepted,1488,191,1679
review_006442,1,6347,accepted,1424,90,1514
review_006443,1,6348,accepted,1541,90,1631
review_006444,1,6349,accepted,1403,90,1493
review_006445,1,6350,accepted,1429,90,1519
review_006446,1,6351,accepted,1448,90,1538
review_006447,1,6352,accepted,1438,236,1674
review_006448,1,6353,accepted,1459,218,1677
review_006450,1,6354,accepted,1431,140,1571
review_006451,1,6355,accepted,1411,93,1504
review_006452,1,6356,accepted,1381,88,1469
review_006453,1,6357,accepted,1481,90,1571
review_006454,1,6358,accepted,1380,90,1470
review_006455,1,6359,accepted,1475,435,1910
review_006456,1,6360,accepted,1418,93,1511
review_006457,1,6361,accepted,1401,90,1491
review_006458,1,6362,accepted,1405,90,1495
review_006459,1,6363,accepted,1415,233,1648
review_006460,1,6364,accepted,1422,93,1515
review_006461,1,6365,accepted,1464,90,1554
review_006462,1,6366,accepted,1420,181,1601
review_006463,1,6367,accepted,1507,91,1598
review_006464,1,6368,accepted,1413,93,1506
review_006465,1,6369,accepted,1314,90,1404
review_006466,1,6370,accepted,1414,90,1504
review_006467,1,6371,accepted,1424,90,1514
review_006468,1,6372,accepted,1374,90,1464
review_006469,1,6373,accepted,1349,90,1439
review_006470,1,6374,accepted,1403,90,1493
review_006471,1,6375,accepted,1481,88,1569
review_006472,1,6376,accepted,1407,90,1497
review_006473,1,6377,accepted,1399,90,1489
review_006475,1,6378,accepted,1392,90,1482
review_006476,1,6379,accepted,1516,90,1606
review_006477,1,6380,accepted,1414,90,1504
review_006478,1,6381,accepted,1451,90,1541
review_006479,1,6382,accepted,1414,93,1507
review_006480,1,6383,accepted,1442,90,1532
review_006481,1,6384,accepted,1423,88,1511
review_006482,1,6385,accepted,1451,90,1541
review_006483,1,6386,accepted,1361,92,1453
review_006484,1,6387,accepted,1437,90,1527
review_006485,1,6388,accepted,1435,90,1525
review_006486,1,6389,accepted,1436,90,1526
review_006487,1,6390,accepted,1406,90,1496
review_006488,1,6391,accepted,1431,157,1588
review_006489,1,6392,accepted,1363,90,1453
review_006490,1,6393,accepted,1454,90,1544
review_006491,1,6394,accepted,1407,93,1500
review_006492,1,6395,accepted,1355,90,1445
review_006493,1,6396,accepted,1490,90,1580
review_006494,1,6397,accepted,1384,90,1474
review_006495,1,6398,accepted,1434,299,1733
review_006496,1,6399,accepted,1459,91,1550
review_006497,1,6400,accepted,1502,90,1592
review_006498,1,6401,accepted,1473,92,1565
review_006499,1,6402,accepted,1444,90,1534
review_006500,1,6403,accepted,1458,169,1627
review_006501,1,6404,accepted,1314,1082,2396
review_006502,1,6405,accepted,1341,398,1739
review_006503,1,6406,accepted,1365,90,1455
review_006504,1,6407,accepted,1367,90,1457
review_006505,1,6408,accepted,1277,314,1591
review_006506,1,6409,accepted,1361,88,1449
review_006507,1,6410,accepted,1306,403,1709
review_006508,1,6411,accepted,1289,90,1379
review_006509,1,6412,accepted,1468,90,1558
review_006510,1,6413,accepted,1290,358,1648
review_006511,1,6414,accepted,1286,90,1376
review_006512,1,6415,accepted,1286,90,1376
review_006513,1,6416,accepted,1382,915,2297
review_006514,1,6417,accepted,1214,88,1302
review_006515,1,6418,accepted,1382,90,1472
review_006516,1,6419,accepted,1462,545,2007
review_006517,1,6420,accepted,1392,90,1482
review_006518,1,6421,accepted,1429,94,1523
review_006519,1,6422,accepted,1275,90,1365
review_006520,1,6423,accepted,1306,88,1394
review_006521,1,6424,accepted,1312,90,1402
review_006522,1,6425,accepted,1283,229,1512
review_006523,1,6426,accepted,1350,90,1440
review_006524,1,6427,accepted,1355,195,1550
review_006525,1,6428,accepted,1370,191,1561
review_006526,1,6429,accepted,1395,90,1485
review_006527,1,6430,accepted,1384,210,1594
review_006528,1,6431,accepted,1461,90,1551
review_006529,1,6432,accepted,1294,90,1384
review_006530,1,6433,accepted,1348,88,1436
review_006531,1,6434,accepted,1305,263,1568
review_006532,1,6435,accepted,1359,250,1609
review_006533,1,6436,accepted,1308,88,1396
review_006534,1,6437,accepted,1293,249,1542
review_006535,1,6438,accepted,1517,91,1608
review_006536,1,6439,accepted,1441,306,1747
review_006537,1,6440,accepted,1367,288,1655
review_006538,1,6441,accepted,1466,320,1786
review_006539,1,6442,accepted,1517,90,1607
review_006540,1,6443,accepted,1347,464,1811
review_006541,1,6444,accepted,1494,92,1586
review_006542,1,6445,accepted,1516,90,1606
review_006543,1,6446,accepted,1532,90,1622
review_006544,1,6447,accepted,1485,90,1575
review_006545,1,6448,accepted,1491,295,1786
review_006546,1,6449,accepted,1432,91,1523
review_006547,1,6450,accepted,1326,300,1626
review_006548,1,6451,accepted,1400,357,1757
review_006549,1,6452,accepted,1442,216,1658
review_006550,1,6453,accepted,1577,287,1864
review_006551,1,6454,accepted,1270,371,1641
review_006552,1,6455,accepted,1317,90,1407
review_006553,1,6456,accepted,1459,861,2320
review_006554,1,6457,accepted,1372,90,1462
review_006555,1,6458,accepted,1375,188,1563
review_006556,1,6459,accepted,1316,229,1545
review_006557,1,6460,accepted,1288,88,1376
review_006558,1,6461,accepted,1282,88,1370
review_006559,1,6462,accepted,1254,168,1422
review_006560,1,6463,accepted,1347,90,1437
review_006561,1,6464,accepted,1316,93,1409
review_006562,1,6465,accepted,1319,184,1503
review_006563,1,6466,accepted,1411,342,1753
review_006564,1,6467,accepted,1220,88,1308
review_006565,1,6468,accepted,1334,90,1424
review_006566,1,6469,accepted,1468,90,1558
review_006567,1,6470,accepted,1508,446,1954
review_006568,1,6471,accepted,1344,729,2073
review_006569,1,6472,accepted,1354,90,1444
review_006570,1,6473,accepted,1277,272,1549
review_006571,1,6474,accepted,1290,88,1378
review_006572,1,6475,accepted,1274,88,1362
review_006573,1,6476,accepted,1265,88,1353
review_006574,1,6477,accepted,1337,284,1621
review_006575,1,6478,accepted,1460,244,1704
review_006576,1,6479,accepted,1398,255,1653
review_006577,1,6480,accepted,1354,430,1784
review_006578,1,6481,accepted,1335,310,1645
review_006579,1,6482,accepted,1360,230,1590
review_006580,1,6483,accepted,1300,90,1390
review_006581,1,6484,accepted,1379,196,1575
review_006582,1,6485,accepted,1318,225,1543
review_006583,1,6486,accepted,1327,430,1757
review_006584,1,6487,accepted,1273,105,1378
review_006585,1,6488,accepted,1518,92,1610
review_006586,1,6489,accepted,1391,90,1481
review_006587,1,6490,accepted,1370,90,1460
review_006588,1,6491,accepted,1430,263,1693
review_006589,1,6492,accepted,1807,90,1897
review_006590,1,6493,accepted,1373,300,1673
review_006591,1,6494,accepted,1515,266,1781
review_006592,1,6495,accepted,1376,268,1644
review_006593,1,6496,accepted,1546,613,2159
review_006594,1,6497,accepted,1410,90,1500
review_006595,1,6498,accepted,1384,93,1477
review_006596,1,6499,accepted,1389,175,1564
review_006597,1,6500,accepted,1261,233,1494
review_006598,1,6501,accepted,1419,219,1638
review_006599,1,6502,accepted,1358,90,1448
review_006600,1,6503,accepted,1393,373,1766
review_006601,1,6504,accepted,1283,89,1372
review_006602,1,6505,accepted,1321,192,1513
review_006603,1,6506,accepted,1345,386,1731
review_006604,1,6507,accepted,1387,88,1475
review_006605,1,6508,accepted,1280,88,1368
review_006606,1,6509,accepted,1315,90,1405
review_006607,1,6510,accepted,1457,90,1547
review_006608,1,6511,accepted,1270,109,1379
review_006609,1,6512,accepted,1469,88,1557
review_006610,1,6513,accepted,1407,88,1495
review_006611,1,6514,accepted,1312,481,1793
review_006612,1,6515,accepted,1332,423,1755
review_006613,1,6516,accepted,1395,557,1952
review_006614,1,6517,accepted,1432,90,1522
review_006615,1,6518,accepted,1396,221,1617
review_006616,1,6519,accepted,1554,93,1647
review_006617,1,6520,accepted,1422,267,1689
review_006618,1,6521,accepted,1357,513,1870
review_006619,1,6522,accepted,1354,88,1442
review_006620,1,6523,accepted,1271,244,1515
review_006621,1,6524,accepted,1279,447,1726
review_006622,1,6525,accepted,1319,205,1524
review_006623,1,6526,accepted,1341,208,1549
review_006624,1,6527,accepted,1334,90,1424
review_006625,1,6528,accepted,1415,90,1505
review_006626,1,6529,accepted,1386,278,1664
review_006627,1,6530,accepted,1346,205,1551
review_006628,1,6531,accepted,1444,337,1781
review_006629,1,6532,accepted,1306,613,1919
review_006630,1,6533,accepted,1286,328,1614
review_006631,1,6534,accepted,1358,208,1566
review_006632,1,6535,accepted,1370,374,1744
review_006633,1,6536,accepted,1335,383,1718
review_006634,1,6537,accepted,1278,86,1364
review_006635,1,6538,accepted,1395,802,2197
review_006636,1,6539,accepted,1365,88,1453
review_006637,1,6540,accepted,1366,222,1588
review_006638,1,6541,accepted,1488,93,1581
review_006639,1,6542,accepted,1483,90,1573
review_006640,1,6543,accepted,1356,479,1835
review_006641,1,6544,accepted,1388,90,1478
review_006642,1,6545,accepted,1408,628,2036
review_006643,1,6546,accepted,1382,279,1661
review_006644,1,6547,accepted,1212,92,1304
review_006645,1,6548,accepted,1457,93,1550
review_006646,1,6549,accepted,1380,612,1992
review_006647,1,6550,accepted,1267,90,1357
review_006648,1,6551,accepted,1416,350,1766
review_006649,1,6552,accepted,1437,1199,2636
review_006650,1,6553,accepted,1454,878,2332
review_006651,1,6554,accepted,1428,90,1518
review_006652,1,6555,accepted,1252,88,1340
review_006653,1,6556,accepted,2546,101,2647
review_006654,1,6557,accepted,2455,265,2720
review_006655,1,6558,accepted,1481,104,1585
review_006656,1,6559,accepted,1456,220,1676
review_006657,1,6560,accepted,1507,113,1620
review_006658,1,6561,accepted,1510,92,1602
review_006659,1,6562,accepted,1446,427,1873
review_006660,1,6563,accepted,1415,93,1508
review_006661,1,6564,accepted,1553,371,1924
review_006662,1,6565,accepted,1501,378,1879
review_006663,1,6566,accepted,3240,245,3485
review_006664,1,6567,accepted,1991,92,2083
review_006665,1,6568,accepted,1245,90,1335
review_006666,1,6569,accepted,2005,92,2097
review_006667,1,6570,accepted,2119,92,2211
review_006668,1,6571,accepted,1425,91,1516
review_006669,1,6572,accepted,1578,275,1853
review_006670,1,6573,accepted,1585,90,1675
review_006671,1,6574,accepted,1434,92,1526
review_006672,1,6575,accepted,1318,178,1496
review_006673,1,6576,accepted,1489,92,1581
review_006674,1,6577,accepted,1705,220,1925
review_006675,1,6578,accepted,2488,92,2580
review_006676,1,6579,accepted,1785,446,2231
review_006677,1,6580,accepted,2050,284,2334
review_006678,1,6581,accepted,1454,376,1830
review_006679,1,6582,accepted,1415,229,1644
review_006680,1,6583,accepted,1428,167,1595
review_006681,1,6584,accepted,1412,156,1568
review_006682,1,6585,accepted,1424,188,1612
review_006683,1,6586,accepted,1312,229,1541
review_006684,1,6587,accepted,1346,113,1459
review_006685,1,6588,accepted,1474,92,1566
review_006686,1,6589,accepted,1532,385,1917
review_006687,1,6590,accepted,1274,184,1458
review_006688,1,6591,accepted,1265,90,1355
review_006689,1,6592,accepted,1293,92,1385
review_006690,1,6593,accepted,2042,92,2134
review_006691,1,6594,accepted,1250,90,1340
review_006692,1,6595,accepted,1314,90,1404
review_006693,1,6596,accepted,1299,307,1606
review_006694,1,6597,accepted,2455,92,2547
review_006695,1,6598,accepted,2358,92,2450
review_006696,1,6599,accepted,1313,90,1403
review_006697,1,6600,accepted,1248,90,1338
review_006698,1,6601,accepted,1260,90,1350
review_006699,1,6602,accepted,1404,93,1497
review_006700,1,6603,accepted,2583,149,2732
review_006701,1,6604,accepted,1432,90,1522
review_006702,1,6605,accepted,1271,93,1364
review_006703,1,6606,accepted,2548,159,2707
review_006704,1,6607,accepted,1363,90,1453
review_006705,1,6608,accepted,1380,261,1641
review_006706,1,6609,accepted,1502,90,1592
review_006707,1,6610,accepted,1469,92,1561
review_006708,1,6611,accepted,1410,240,1650
review_006709,1,6612,accepted,1455,90,1545
review_006710,1,6613,accepted,1519,236,1755
review_006711,1,6614,accepted,1510,92,1602
review_006712,1,6615,accepted,1439,266,1705
review_006713,1,6616,accepted,3708,116,3824
review_006714,1,6617,accepted,1965,92,2057
review_006715,1,6618,accepted,1635,657,2292
review_006716,1,6619,accepted,2011,386,2397
review_006717,1,6620,accepted,1249,91,1340
review_006718,1,6621,accepted,1427,368,1795
review_006719,1,6622,accepted,1587,179,1766
review_006720,1,6623,accepted,1580,93,1673
review_006721,1,6624,accepted,1440,90,1530
review_006722,1,6625,accepted,1299,96,1395
review_006723,1,6626,accepted,1484,93,1577
review_006724,1,6627,accepted,1703,339,2042
review_006725,1,6628,accepted,2481,154,2635
review_006726,1,6629,accepted,1658,275,1933
review_006727,1,6630,accepted,1949,382,2331
review_006728,1,6631,accepted,1399,93,1492
review_006729,1,6632,accepted,1405,172,1577
review_006730,1,6633,accepted,1419,93,1512
review_006731,1,6634,accepted,1427,249,1676
review_006732,1,6635,accepted,1432,201,1633
review_006733,1,6636,accepted,1349,210,1559
review_006734,1,6637,accepted,1374,90,1464
review_006735,1,6638,accepted,1454,176,1630
review_006736,1,6639,accepted,1512,307,1819
review_006737,1,6640,accepted,1284,90,1374
review_006738,1,6641,accepted,1269,92,1361
review_006739,1,6642,accepted,1246,100,1346
review_006740,1,6643,accepted,2023,92,2115
review_006741,1,6644,accepted,1270,90,1360
review_006742,1,6645,accepted,1305,92,1397
review_006743,1,6646,accepted,1292,91,1383
review_006744,1,6647,accepted,2513,92,2605
review_006745,1,6648,accepted,2439,92,2531
review_006746,1,6649,accepted,1282,88,1370
review_006747,1,6650,accepted,1242,90,1332
review_006748,1,6651,accepted,1231,88,1319
review_006749,1,6652,accepted,1282,90,1372
review_006750,1,6653,accepted,2572,92,2664
review_006751,1,6654,accepted,1454,203,1657
review_006752,1,6655,accepted,1261,88,1349
review_006753,1,6656,accepted,1270,90,1360
review_006754,1,6657,accepted,1284,110,1394
review_006755,1,6658,accepted,1453,93,1546
review_006756,1,6659,accepted,1461,272,1733
review_006757,1,6660,accepted,1460,93,1553
review_006758,1,6661,accepted,1537,397,1934
review_006759,1,6662,accepted,1387,239,1626
review_006760,1,6663,accepted,1558,90,1648
review_006761,1,6664,accepted,1450,90,1540
review_006762,1,6665,accepted,1407,350,1757
review_006763,1,6666,accepted,3227,387,3614
review_006764,1,6667,accepted,1965,126,2091
review_006765,1,6668,accepted,1662,92,1754
review_006766,1,6669,accepted,2007,91,2098
review_006767,1,6670,accepted,2063,342,2405
review_006768,1,6671,accepted,1442,370,1812
review_006769,1,6672,accepted,1580,90,1670
review_006770,1,6673,accepted,1603,90,1693
review_006771,1,6674,accepted,1450,90,1540
review_006772,1,6675,accepted,1327,92,1419
review_006773,1,6676,accepted,1442,93,1535
review_006774,1,6677,accepted,1308,90,1398
review_006775,1,6678,accepted,2463,92,2555
review_006776,1,6679,accepted,1650,93,1743
review_006777,1,6680,accepted,2027,201,2228
review_006778,1,6681,accepted,1428,157,1585
review_006779,1,6682,accepted,1421,352,1773
review_006780,1,6683,accepted,1422,93,1515
review_006781,1,6684,accepted,1406,95,1501
review_006782,1,6685,accepted,1417,90,1507
review_006783,1,6686,accepted,1303,244,1547
review_006784,1,6687,accepted,1367,378,1745
review_006785,1,6688,accepted,1488,90,1578
review_006786,1,6689,accepted,1497,96,1593
review_006787,1,6690,accepted,1248,90,1338
review_006788,1,6691,accepted,1247,166,1413
review_006789,1,6692,accepted,1266,449,1715
review_006790,1,6693,accepted,2046,215,2261
review_006791,1,6694,accepted,1257,90,1347
review_006792,1,6695,accepted,1273,97,1370
review_006793,1,6696,accepted,1284,206,1490
review_006794,1,6697,accepted,2475,90,2565
review_006795,1,6698,accepted,2001,90,2091
review_006796,1,6699,accepted,1248,90,1338
review_006797,1,6700,accepted,1252,88,1340
review_006798,1,6701,accepted,1268,92,1360
review_006799,1,6702,accepted,1321,184,1505
review_006800,1,6703,accepted,2518,92,2610
