t,A,dA_dt
31.842369079589844,2.2597959041595455,3.5076980566373095e-05
40.96419143676758,2.2587826251983643,0.0005176117992959
0.9001800417900085,1.2716708183288574,0.2939503192901611
51.86237335205078,2.260487794876098,-0.0002945705782622
25.277055740356445,2.2595169544219966,0.0001680044224485
43.9767951965332,2.2602479457855225,-0.0001802834885893
14.474894523620604,2.2571964263916016,0.0012721326202154
2.1004199981689453,1.5947754383087158,0.2392697036266326
40.32806396484375,2.258884191513061,0.0004692805814556
18.55571174621582,2.2593414783477783,0.0002514736843295
14.174835205078123,2.2568671703338623,0.0014287388185039
37.77155303955078,2.2604005336761475,-0.0002529538760427
34.098819732666016,2.25825309753418,0.0007695422973483
21.904380798339844,2.260028839111328,-7.585612183902413e-05
36.223243713378906,2.259852886199951,7.971778359205926e-06
3.012602567672729,1.7893584966659546,0.1859861612319946
6.8293657302856445,2.171531915664673,0.0407757833600044
24.28085708618164,2.2597184181213374,7.199215906439349e-05
52.678535461425774,2.2599196434021,-2.38538341363892e-05
45.6451301574707,2.2597765922546387,4.426684608915821e-05
31.24224853515625,2.2603209018707275,-0.0002150015352526
51.49029922485352,2.2606546878814697,-0.0003741028776858
30.318063735961918,2.2609028816223145,-0.0004923653905279
6.757351398468018,2.1685562133789062,0.0421035923063755
14.23484706878662,2.2569313049316406,0.0013982149539515
29.71794319152832,2.2610764503479004,-0.0005751851131208
5.6291255950927725,2.106400489807129,0.0691498517990112
24.736948013305664,2.259607553482056,0.0001248582993866
19.9119815826416,2.259537696838379,0.0001580688403919
40.41208267211913,2.258847713470459,0.0004865662776865
4.944989204406737,2.0511906147003174,0.0920603349804878
1.2962592840194702,1.3854492902755735,0.2797395586967468
30.76215171813965,2.2606658935546875,-0.0003794375807046
13.730746269226074,2.2563719749450684,0.0016640448011457
14.402880668640137,2.2571146488189697,0.0013110109139233
33.558712005615234,2.2583823204040527,0.0007080871728248
21.268253326416016,2.25993013381958,-2.881515138142277e-05
33.2226448059082,2.258578300476074,0.0006148088723421
20.164031982421875,2.25961709022522,0.0001202475177706
17.46349334716797,2.2593648433685303,0.0002404457045486
50.71014022827149,2.2607660293579106,-0.0004271297657396
37.79555892944336,2.26039719581604,-0.0002513376530259
27.641529083251957,2.260439395904541,-0.0002714567817747
12.914583206176758,2.255049705505371,0.0022921431809663
33.23464584350586,2.2585701942443848,0.0006186968530528
9.57791519165039,2.2355303764343266,0.0114955231547355
1.056211233139038,1.3171559572219849,0.2889505922794342
26.465293884277344,2.2597222328186035,7.019173790467903e-05
7.4054808616638175,2.192032814025879,0.0315463468432426
48.14162826538086,2.2593727111816406,0.0002365957916481
31.266252517700195,2.2603015899658203,-0.0002058039681287
33.846771240234375,2.258279800415039,0.0007568250293843
19.94799041748047,2.2595489025115967,0.0001527469430584
51.39427947998047,2.2606863975524902,-0.0003891781088896
3.420684099197388,1.8608481884002688,0.1628075838088989
46.2092399597168,2.2594692707061768,0.0001907136320369
50.74615097045898,2.260768175125122,-0.0004282108857296
43.568714141845696,2.260186195373535,-0.0001507837150711
26.057210922241207,2.259563684463501,0.0001456484023947
31.8543701171875,2.259784698486328,4.040122439619154e-05
1.1282256841659546,1.3378729820251465,0.2863706946372985
1.5363072156906128,1.4513182640075684,0.2689618170261383
22.86457252502441,2.2600166797637935,-7.006857049418613e-05
15.843168258666992,2.258652925491333,0.0005793489981442
29.273855209350582,2.2610912322998047,-0.0005821860395371
42.21244430541992,2.259517192840576,0.0001678755361353
53.830764770507805,2.25896430015564,0.000431049382314
26.45329093933105,2.2597165107727046,7.296050171134993e-05
23.53670692443848,2.2599022388458248,-1.560603777761571e-05
16.68333625793457,2.259172916412353,0.0003317838418297
17.955591201782227,2.259376287460327,0.0002349748101551
18.051610946655277,2.2593722343444824,0.0002368209243286
38.62372589111328,2.2600741386413574,-9.740748646436259e-05
1.248249650001526,1.371970772743225,0.2817173898220062
6.157231330871582,2.1394383907318115,0.0549379847943782
20.272054672241207,2.2596514225006104,0.0001038656992022
17.283456802368164,2.2593424320220947,0.0002511137572582
52.30646133422852,2.260206937789917,-0.0001607747690286
5.0530104637146,2.0609316825866695,0.088094875216484
2.8685736656188965,1.7618319988250732,0.1944033652544021
14.702940940856934,2.257469654083252,0.0011422011302784
4.30886173248291,1.9849790334701536,0.118133895099163
37.39947891235352,2.260405302047729,-0.0002552765363361
35.17903518676758,2.2589030265808105,0.0004602278640959
37.32746505737305,2.260395765304565,-0.0002507376775611
39.343868255615234,2.2595603466033936,0.0001472733420087
14.294858932495115,2.2569959163665767,0.0013674710644409
52.42648696899414,2.2601187229156494,-0.0001186371155199
26.405281066894528,2.2596938610076904,8.374801836907862e-05
21.544309616088867,2.2599825859069824,-5.387603232520632e-05
7.705541133880614,2.200766563415528,0.0275713726878166
38.07161331176758,2.2603323459625244,-0.0002204595948569
3.8647730350494394,1.928046703338623,0.139312133193016
9.361872673034668,2.2329330444335938,0.0127105927094817
0.0240048002451658,1.007296800613403,0.3040691912174224
1.8483697175979612,1.5327399969100952,0.2531373500823974
20.32006454467773,2.259666681289673,9.660566865932195e-05
50.638126373291016,2.2607593536376958,-0.0004239511617925
46.74935150146485,2.259213447570801,0.00031244935235
51.80236053466797,2.26051926612854,-0.0003095699939876
7.729546070098877,2.20141863822937,0.0272735431790351
45.72914505004882,2.2597315311431885,6.570075493073091e-05
0.4440888166427612,1.1351571083068848,0.3033174276351928
4.248849868774414,1.977845311164856,0.1208508908748626
16.647329330444336,2.259157657623291,0.0003390758356545
24.988998413085938,2.259557247161865,0.000148806211655
19.899980545043945,2.2595341205596924,0.0001598338567418
41.25225067138672,2.258901596069336,0.0004609827301464
3.9727945327758794,1.9428004026412964,0.133935123682022
26.82536506652832,2.2599196434021,-2.383564060437493e-05
15.579115867614746,2.2584211826324463,0.0006896250997669
50.13402557373047,2.2606358528137207,-0.0003651286533568
6.973394870758057,2.177187442779541,0.038243856281042
47.985595703125,2.259283304214477,0.0002791798615362
43.02860641479492,2.2599923610687256,-5.850246816407889e-05
43.71274185180664,2.26021671295166,-0.0001653412618907
30.666133880615234,2.2607243061065674,-0.0004073067393619
24.316864013671875,2.259709119796753,7.639878458576277e-05
50.97419357299805,2.2607660293579106,-0.0004271165234968
0.948189616203308,1.2857482433319092,0.2925011813640594
10.490097999572754,2.2438504695892334,0.0075880629010498
49.785957336425774,2.26047945022583,-0.000290529889753
14.558911323547363,2.257295608520508,0.0012250228319317
49.905982971191406,2.260539293289185,-0.0003190662828274
5.893178462982178,2.1238725185394287,0.0616805329918861
53.69873809814453,2.259062528610229,0.0003843013837467
44.62492370605469,2.2601897716522217,-0.0001525592815596
49.125823974609375,2.2600643634796143,-9.277462959289552e-05
53.374675750732415,2.2593259811401367,0.000258886400843
25.38507652282715,2.259507894515991,0.0001722493470879
11.870373725891112,2.251786947250366,0.0038393202703446
13.742748260498049,2.2563865184783936,0.0016571549931541
41.13222503662109,2.258840084075928,0.0004901770153082
23.776756286621094,2.2598466873168945,1.0900662346102765e-05
53.47069549560546,2.2592453956604004,0.0002972320071421
30.030006408691406,2.2610080242156982,-0.0005425487761385
7.597519397735595,2.197751045227051,0.0289467610418796
40.91618347167969,2.258773803710937,0.0005218147416599
0.3000600039958953,1.0913748741149902,0.304471880197525
7.3334665298461905,2.189759492874145,0.0325767546892166
26.20124053955078,2.2596094608306885,0.0001238532568095
29.777956008911133,2.2610671520233154,-0.0005706889787688
19.61192321777344,2.2594490051269527,0.0002002561086555
44.44488906860352,2.2602245807647705,-0.0001691824581939
48.17763519287109,2.2593948841094966,0.0002260693581774
1.344268798828125,1.3988312482833862,0.2776989042758941
51.04620742797852,2.260759115219116,-0.0004239084373693
0.5881175994873046,1.178705811500549,0.3012659847736358
46.329265594482415,2.259406089782715,0.0002207885554526
44.70894241333008,2.2601687908172607,-0.0001425967202521
5.041007995605469,2.0598690509796143,0.0885290056467056
52.49850082397461,2.2600634098052974,-9.235426841769367e-05
26.99339866638184,2.2600228786468506,-7.30221436242573e-05
4.560912132263184,2.0131752490997314,0.1072188317775726
49.80996322631836,2.260491847991944,-0.000296459038509
4.788957595825195,2.036409854888916,0.0980142056941986
45.83716583251953,2.259672880172729,9.37250952119939e-05
5.461091995239258,2.0942199230194087,0.0742950960993766
49.58191680908203,2.2603650093078613,-0.0002359958889428
44.81696319580078,2.260137796401977,-0.0001278244308196
7.441488265991211,2.1931421756744385,0.0310428943485021
8.161632537841797,2.21213698387146,0.0223579108715057
52.738548278808594,2.2598700523376465,-2.729418326907762e-07
40.52010345458984,2.2588098049163814,0.0005046768346801
11.942388534545898,2.252083778381348,0.0036987520288676
50.03800582885742,2.260597944259644,-0.0003470973751973
51.97039413452149,2.260426998138428,-0.0002656035358086
5.305060863494873,2.082129001617432,0.0793517529964447
27.089418411254883,2.260083675384521,-0.0001020329946186
43.640727996826165,2.260202407836914,-0.0001586199359735
33.88277816772461,2.258272171020508,0.000760490540415
0.8281656503677368,1.2504295110702517,0.295968621969223
51.814361572265625,2.2605130672454834,-0.0003066341450903
29.09381866455078,2.2610700130462646,-0.000572114076931
29.525905609130856,2.261094808578491,-0.000583866611123
12.206440925598145,2.2530755996704106,0.0032286411151289
0.1920384019613266,1.058464765548706,0.3047294020652771
19.119823455810547,2.259345769882202,0.0002495217486284
0.7201440334320068,1.2183126211166382,0.29863241314888
12.69853973388672,2.2545449733734126,0.0025316383689641
18.903779983520508,2.259333372116089,0.0002554316597525
6.049210071563721,2.133291006088257,0.0576106905937194
40.17203521728516,2.258965015411377,0.0004307600902393
52.8465690612793,2.259779453277588,4.290595461498015e-05
46.70133972167969,2.25923228263855,0.000303460023133
32.35847091674805,2.259308338165283,0.00026731233811
39.65592956542969,2.2593178749084477,0.0002627111098263
48.27365493774414,2.2594561576843266,0.0001969125441974
16.28725814819336,2.2589702606201167,0.0004283117305021
31.194238662719727,2.260359048843384,-0.0002331455907551
20.47609519958496,2.259715795516968,7.32622793293558e-05
35.62312316894531,2.2593247890472408,0.0002594215911813
21.976394653320312,2.2600347995758057,-7.869862020015715e-05
23.65673065185547,2.2598752975463867,-2.6894199436355848e-06
21.11222267150879,2.259894371032715,-1.1839249964396004e-05
16.227245330810547,2.2589328289031982,0.0004460946947801
10.538107872009276,2.244199514389038,0.0074237077496945
30.438087463378903,2.260847330093384,-0.0004659590485971
17.679536819458008,2.2593774795532227,0.0002343457017559
29.825965881347656,2.2610583305358887,-0.0005664802738465
41.92438507080078,2.2593231201171875,0.0002602046879474
0.9841968417167664,1.2962597608566284,0.2913615405559539
5.869174003601073,2.1223652362823486,0.062329027801752
50.39807891845703,2.2607169151306152,-0.000403737212764
52.05440902709961,2.260376214981079,-0.0002413989423075
46.533306121826165,2.259305477142334,0.0002686158986762
42.71654510498047,2.2598309516906734,1.8420701962895688e-05
46.26925277709961,2.2594373226165767,0.0002058887621387
25.205041885375977,2.2595248222351074,0.0001642048737267
28.601720809936523,2.2609384059906006,-0.0005093647632747
52.55850982666016,2.260016441345215,-6.993551505729556e-05
51.262252807617195,2.2607216835021973,-0.0004060690698679
14.606921195983888,2.2573537826538086,0.0011973039945587
45.8011589050293,2.259692430496216,8.433885523118079e-05
17.691537857055664,2.259377956390381,0.0002341955114388
28.54170799255371,2.260915517807007,-0.0004984629922546
29.92198371887207,2.2610371112823486,-0.0005564342718571
43.7607536315918,2.2602248191833496,-0.0001691966172074
25.31306266784668,2.2595133781433105,0.0001696209510555
21.12422561645508,2.259897232055664,-1.3211292753112502e-05
36.499298095703125,2.260051965713501,-8.6875596025493e-05
19.647930145263672,2.2594592571258545,0.0001954575564013
24.844968795776367,2.259584426879883,0.0001357752335024
47.109420776367195,2.2591099739074707,0.0003617461479734
28.937788009643555,2.2610397338867188,-0.0005576224648393
19.323863983154297,2.2593767642974854,0.0002346987748751
21.86837387084961,2.2600255012512207,-7.423669012496248e-05
45.29705810546875,2.259950637817383,-3.862740777549334e-05
14.150830268859863,2.25684142112732,0.001440925640054
23.440689086914062,2.259922742843628,-2.53677735599922e-05
4.74094820022583,2.0316858291625977,0.0999010354280471
27.137428283691406,2.2601146697998047,-0.0001167064037872
0.9241848587989808,1.2787182331085205,0.2932359278202056
6.67333459854126,2.16495418548584,0.043706901371479
25.03700828552246,2.2595489025115967,0.0001526967389509
49.557910919189446,2.260350465774536,-0.0002291271230205
3.744748830795288,1.910938382148743,0.1454492509365081
12.974595069885254,2.255176305770874,0.0022320477291941
4.668933868408203,2.024435520172119,0.1027816459536552
14.414882659912108,2.2571282386779785,0.0013046122621744
48.70574188232422,2.2597591876983643,5.261180194793269e-05
7.98159646987915,2.207903861999512,0.024303937330842
3.372674465179444,1.852931022644043,0.1654673963785171
23.584716796875,2.2598917484283447,-1.0528669918130618e-05
22.50450134277344,2.26004409790039,-8.318055188283324e-05
23.32066345214844,2.2599468231201167,-3.675586413010024e-05
38.91178131103516,2.2598850727081294,-7.348813596763648e-06
23.512702941894528,2.259907484054565,-1.8097052816301584e-05
1.0802160501480105,1.3240821361541748,0.288109004497528
3.3966794013977046,1.856905937194824,0.1641349047422409
47.60152053833008,2.259122610092163,0.0003557323652785
3.6607320308685294,1.8985046148300169,0.1498431265354156
26.657331466674805,2.2598226070404053,2.240869980596472e-05
7.417483329772949,2.1924045085906982,0.0313776731491088
48.16563415527344,2.259387493133545,0.0002296044985996
39.115821838378906,2.2597358226776123,6.369730544975027e-05
39.95598983764648,2.2591001987457275,0.0003663507231976
12.626524925231934,2.2543587684631348,0.0026199971325695
31.722345352172848,2.259906768798828,-1.7666434359853156e-05
50.44609069824219,2.2607278823852535,-0.0004089446447324
6.733346462249756,2.16754150390625,0.0425556525588035
42.9085807800293,2.2599339485168457,-3.0703205993631855e-05
9.601920127868652,2.2358014583587646,0.0113685829564929
27.005401611328125,2.2600305080413814,-7.661923154955731e-05
17.65553092956543,2.2593767642974854,0.0002347015833947
50.482097625732415,2.260735273361206,-0.000412472320022
49.04180908203125,2.2600042819976807,-6.419386772904545e-05
46.71334457397461,2.259227514266968,0.0003057515423279
39.631927490234375,2.259336233139038,0.0002539769047871
7.909582138061523,2.2061178684234615,0.025123193860054
32.20244216918945,2.259455919265747,0.0001970007433556
50.43408584594727,2.260725259780884,-0.000407696556067
22.180435180664062,2.260045528411865,-8.385114779230206e-05
22.816562652587887,2.260021924972534,-7.253496733028442e-05
47.025405883789055,2.259127140045166,0.0003535152354743
28.313663482666016,2.260816812515259,-0.0004513477324508
4.344869136810304,1.989179611206055,0.1165256351232528
34.85497283935547,2.2586157321929927,0.0005969682824797
28.98579788208008,2.261050224304199,-0.0005626381025649
9.901980400085447,2.238921403884888,0.0099057769402861
13.8867769241333,2.256554126739502,0.0015775384381413
39.127826690673835,2.2597267627716064,6.801140261813998e-05
16.923385620117188,2.2592594623565674,0.0002905139117501
37.5315055847168,2.2604138851165767,-0.0002593829412944
12.734546661376951,2.2546346187591557,0.0024891018401831
53.05060958862305,2.2596046924591064,0.0001261946890735
13.298659324645996,2.2557694911956787,0.0019503346411511
45.82516479492188,2.259679317474365,9.05923152458854e-05
36.787357330322266,2.2602181434631348,-0.0001660888665355
51.4302864074707,2.2606749534606934,-0.0003837973054032
9.973995208740234,2.239601850509644,0.0095863230526447
23.356672286987305,2.259939670562744,-3.344027936691418e-05
2.988597631454468,1.7848544120788574,0.1873828768730163
42.78855895996094,2.259871006011963,-6.277978172875011e-07
16.419282913208008,2.2590460777282715,0.0003921219031326
30.906181335449215,2.260571241378784,-0.000334316457156
52.39047622680664,2.260145664215088,-0.0001315062254434
11.894378662109377,2.251887083053589,0.0037918665912002
17.163433074951172,2.2593207359313965,0.0002614260592963
12.782556533813477,2.2547507286071777,0.0024340513627976
32.790557861328125,2.258915662765503,0.0004542095994111
42.884578704833984,2.2599217891693115,-2.4863607904990204e-05
38.647727966308594,2.260059595108032,-9.047015919350088e-05
15.531105995178224,2.258375883102417,0.0007111982558853
18.711742401123047,2.2593348026275635,0.000254717800999
15.231046676635742,2.2580721378326416,0.0008556591928936
6.133226871490479,2.1380980014801025,0.0555218458175659
27.533506393432617,2.26037073135376,-0.0002387979766353
26.369274139404297,2.2596774101257324,9.152386337518692e-05
11.666333198547363,2.2508835792541504,0.0042670438997447
6.265253067016602,2.145292997360229,0.0523806810379028
10.3460693359375,2.2427623271942134,0.0081004118546843
43.66473388671875,2.260207414627075,-0.0001609849277883
19.359872817993164,2.259384632110596,0.0002309346891706
20.512102127075195,2.259727001190185,6.795603985665366e-05
27.60552024841309,2.2604165077209477,-0.0002606376074254
31.770353317260746,2.2598626613616943,3.3140274808829417e-06
7.261452198028564,2.187410593032837,0.0336396805942058
51.41828536987305,2.260679006576538,-0.00038562741247
42.860572814941406,2.2599093914031982,-1.8934550098492764e-05
32.23844909667969,2.2594218254089355,0.0002132743247784
7.285457134246825,2.188202142715454,0.033281672745943
25.637126922607425,2.2595036029815674,0.0001742706372169
10.45409107208252,2.243584632873535,0.0077133509330451
53.67473602294922,2.2590811252593994,0.0003754739591386
19.15583038330078,2.259349584579468,0.0002476404479239
24.868974685668945,2.259579658508301,0.0001380769972456
26.981395721435547,2.26001524925232,-6.943455809960142e-05
20.48809814453125,2.2597196102142334,7.14894340489991e-05
42.27245330810546,2.259556770324707,0.0001489822170697
17.427486419677734,2.259361267089844,0.0002421447861706
45.753150939941406,2.259718656539917,7.189026655396447e-05
26.285257339477536,2.259641647338867,0.0001085421608877
4.020803928375244,1.949165940284729,0.1315910965204238
4.680936336517334,2.025657892227173,0.1022972911596298
26.64532852172852,2.2598159313201904,2.556956133048516e-05
13.58671760559082,2.2561900615692134,0.0017505312571302
27.30546188354492,2.260223388671875,-0.0001685506576905
16.671335220336914,2.2591679096221924,0.0003341820265632
30.13802719116211,2.2609732151031494,-0.000525951560121
9.349869728088379,2.2327799797058105,0.0127820838242769
33.810760498046875,2.258288860321045,0.0007525849505327
38.551712036132805,2.2601163387298584,-0.0001175176148535
51.826366424560554,2.2605068683624268,-0.0003036661073565
15.327065467834473,2.2581729888916016,0.0008077140664681
2.772554397583008,1.7428107261657717,0.2000530213117599
26.705341339111328,2.259849548339844,9.561514161759987e-06
48.56171417236328,2.2596547603607178,0.0001023250588332
46.365272521972656,2.259387493133545,0.0002295728190802
28.589717864990234,2.2609341144561768,-0.0005072369240224
20.06801414489746,2.2595865726470947,0.0001347778888884
31.626325607299805,2.2599935531616206,-5.907940067118034e-05
49.38987731933594,2.260244607925415,-0.0001787123765097
9.253850936889648,2.231521844863892,0.0133698722347617
43.544708251953125,2.2601799964904785,-0.0001479264174122
38.95979309082031,2.2598507404327397,8.92487969395006e-06
53.86677169799805,2.258938789367676,0.0004432072455529
2.820564031600952,1.7523884773254397,0.1972253769636154
26.48929786682129,2.2597339153289795,6.457113340729848e-05
12.458491325378418,2.253887176513672,0.0028438402805477
37.09941864013672,2.260343313217163,-0.0002257318847114
22.20444107055664,2.2600462436676025,-8.417366188950835e-05
35.98319625854492,2.2596540451049805,0.0001027097314363
32.05841064453125,2.259592771530152,0.0001318776630796
34.254852294921875,2.2582712173461914,0.0007609242456965
25.10902214050293,2.259537696838379,0.0001580515527166
34.2308464050293,2.2582666873931885,0.0007631421322003
17.847570419311523,2.2593786716461186,0.0002337913319934
8.989797592163086,2.227727174758911,0.0151392361149191
10.646129608154297,2.244961977005005,0.0070642963983118
7.081416130065918,2.1811835765838623,0.0364482812583446
20.26005172729492,2.2596476078033447,0.0001056838736985
15.09902000427246,2.2579286098480225,0.0009239596547558
33.25865173339844,2.2585539817810054,0.0006263615796342
3.480696201324463,1.8705623149871824,0.1595126837491989
53.194637298583984,2.2594802379608154,0.0001854774454841
31.542308807373047,2.26006817817688,-9.462711750529705e-05
50.566112518310554,2.2607498168945312,-0.0004194280190858
53.0986213684082,2.2595632076263428,0.0001459566847188
52.52250289916992,2.260044813156128,-8.344066009158269e-05
44.156829833984375,2.260250806808472,-0.0001816562580643
48.309661865234375,2.259479761123657,0.0001856129238149
44.94898986816406,2.260093927383423,-0.0001069253266905
21.436286926269528,2.2599637508392334,-4.4869986595585935e-05
45.42908477783203,2.259887456893921,-8.55377675179625e-06
50.08601760864258,2.2606174945831294,-0.0003563681966625
37.1234245300293,2.260350465774536,-0.0002291181444888
46.13722610473633,2.259507894515991,0.000172217405634
2.400480031967163,1.6640524864196775,0.2219764739274978
2.9525904655456543,1.7780356407165527,0.18948295712471
20.77615547180176,2.25980544090271,3.049517545150593e-05
20.524105072021484,2.259730577468872,6.619579653488472e-05
23.03260612487793,2.259995222091675,-5.980031710350886e-05
8.329666137695312,2.215799331665039,0.0206694975495338
33.69073867797852,2.258326768875122,0.0007344975601881
19.563913345336918,2.2594358921051025,0.0002065114531433
3.792758464813232,1.9178732633590696,0.1429742872714996
2.184436798095703,1.6146821975708008,0.2344939112663269
53.434688568115234,2.259275436401367,0.0002829418808687
24.71294212341309,2.259612798690796,0.000122319383081
4.728945732116699,2.030491352081299,0.1003769114613533
11.642328262329102,2.2507712841033936,0.0043202522210776
29.28585624694824,2.2610921859741206,-0.0005825979169458
38.65973281860352,2.26005220413208,-8.69591094669886e-05
4.656931400299072,2.023207426071167,0.1032677143812179
51.38227462768555,2.2606899738311768,-0.0003908985236193
42.10441970825195,2.2594449520111084,0.0002022928383667
0.0120024001225829,1.003647804260254,0.3039721250534057
3.384676933288574,1.8549225330352783,0.1648005098104476
28.28965759277344,2.2608053684234615,-0.000445897137979
27.221445083618164,2.2601687908172607,-0.0001425655354978
18.62772560119629,2.259337902069092,0.0002531915379222
27.38947868347168,2.2602779865264893,-0.0001945440744748
38.371673583984375,2.260211229324341,-0.0001628158788662
42.03240585327149,2.259396314620972,0.0002254247956443
49.005802154541016,2.2599782943725586,-5.1819766667904326e-05
29.609922409057617,2.2610890865325928,-0.0005811367882415
52.61852264404297,2.2599685192108154,-4.708860797109082e-05
46.55731201171875,2.2592945098876958,0.0002738826151471
28.061613082885746,2.260688066482544,-0.000389981229091
2.2924585342407227,1.6396971940994265,0.2282708883285522
45.34506988525391,2.2599282264709477,-2.7918242267332968e-05
8.137627601623535,2.211591482162476,0.0226090792566537
1.0082015991210938,1.3032442331314087,0.2905771434307098
34.710941314697266,2.2585017681121826,0.0006512803956866
36.727344512939446,2.2601873874664307,-0.000151410116814
43.0526123046875,2.2600033283233643,-6.377173122018576e-05
18.147628784179688,2.2593672275543213,0.000239236804191
51.79035949707031,2.2605254650115967,-0.0003124734794255
30.930185317993164,2.260554552078247,-0.0003264247206971
31.950389862060547,2.259694814682007,8.325496310135348e-05
29.621923446655277,2.2610878944396973,-0.0005806113476864
29.189838409423828,2.2610833644866943,-0.0005783889791928
34.43488693237305,2.2583296298980717,0.0007332041859626
45.28505706787109,2.259956121444702,-4.1261555452365435e-05
52.93058776855469,2.2597079277038574,7.699883281020446e-05
19.803960800170895,2.259504795074463,0.0001737628917908
51.65833282470703,2.2605879306793213,-0.0003422309237066
43.79676055908203,2.2602300643920894,-0.0001717576378723
51.898380279541016,2.2604682445526123,-0.0002851916651707
17.10342025756836,2.2593076229095455,0.0002676109143067
6.34926986694336,2.1496505737304688,0.050469547510147
52.87057495117188,2.2597591876983643,5.260814214125276e-05
31.51830291748047,2.260089159011841,-0.0001046523029799
35.26305389404297,2.2589819431304927,0.0004227079916745
43.076614379882805,2.260014295578003,-6.894068064866588e-05
36.103221893310554,2.259756088256836,5.410123776528053e-05
22.744548797607425,2.260028839111328,-7.583022670587523e-05
28.457691192626957,2.2608814239501958,-0.0004821232869289
44.40888214111328,2.2602300643920894,-0.0001717085251584
52.9065818786621,2.25972843170166,6.722128455294296e-05
21.004199981689453,2.2598674297332764,9.739095503391582e-07
41.40828323364258,2.2589898109436035,0.0004189432365819
15.291058540344238,2.2581355571746826,0.0008255140855908
7.837567329406737,2.204277753829956,0.0259661544114351
49.1378288269043,2.260072708129883,-9.681874507805331e-05
33.97879409790039,2.2582578659057617,0.0007673382642678
26.129226684570312,2.25958514213562,0.0001354924461338
22.852569580078125,2.260018110275269,-7.070512947393581e-05
13.010601997375488,2.255249500274658,0.0021972567774355
33.64272689819336,2.258345365524292,0.0007256476674228
9.817963600158691,2.23809552192688,0.0102932592853903
35.0470085144043,2.258782148361206,0.00051780679496
19.03580665588379,2.2593386173248287,0.0002528456388972
42.9685935974121,2.2599637508392334,-4.490000719670206e-05
25.337066650390625,2.2595114707946777,0.0001705885661067
0.7681536078453064,1.232622146606445,0.2975035607814788
12.1824369430542,2.2529916763305664,0.0032684886828064
33.522705078125,2.258399724960327,0.0006997910677455
34.734947204589844,2.2585198879241943,0.0006425912724807
27.665533065795895,2.2604544162750244,-0.0002786269178614
35.215042114257805,2.258936643600464,0.0004442142671905
46.84536743164063,2.259178876876831,0.0003289189189672
52.102420806884766,2.2603459358215328,-0.0002269399701617
31.41028213500977,2.260182380676269,-0.0001489694986958
14.870974540710447,2.2576687335968018,0.0010475349845364
17.25945281982422,2.25933837890625,0.000252962752711
42.12842559814453,2.259460926055908,0.0001946087722899
16.05921173095703,2.258818864822388,0.000500293681398
36.03120803833008,2.259695291519165,8.299258479382841e-05
2.712542533874512,1.7306500673294067,0.2035930901765823
47.949588775634766,2.2592644691467285,0.0002882206754293
48.645729064941406,2.2597153186798096,7.343543984461574e-05
16.659332275390625,2.259162664413452,0.0003366126620676
14.99099826812744,2.25780725479126,0.0009816888486966
44.97299575805664,2.260085344314575,-0.0001028059414238
27.881576538085938,2.2605857849121094,-0.0003412313817534
51.27425384521485,2.260719060897827,-0.000404719467042
38.047611236572266,2.260339736938477,-0.0002240207541035
31.830366134643555,2.259807109832764,2.976094583573285e-05
52.582515716552734,2.2599973678588867,-6.084590495447628e-05
43.30466079711913,2.260106325149536,-0.0001127901923609
22.456491470336918,2.2600457668304443,-8.396027988055721e-05
47.01340103149414,2.2591300010681152,0.0003521597536746
34.458892822265625,2.25834059715271,0.0007279610726982
7.393478870391845,2.191658973693848,0.0317158810794353
45.02100372314453,2.2600674629211426,-9.428506746189667e-05
20.848169326782227,2.2598257064819336,2.084284642478451e-05
0.2760552167892456,1.0840643644332886,0.3045746684074401
53.95079040527344,2.2588815689086914,0.00047045055544
12.48249626159668,2.2539577484130855,0.0028103075455874
31.206241607666016,2.26034951210022,-0.0002286414819536
43.520702362060554,2.2601737976074214,-0.0001449475530534
19.29986000061035,2.2593719959259038,0.0002370020665694
28.169633865356445,2.2607455253601074,-0.0004173622583039
13.634726524353027,2.2562525272369385,0.0017208674689754
41.600318908691406,2.259108543395996,0.0003624307573772
45.22504425048828,2.25998330116272,-5.416059138951823e-05
52.96659469604492,2.259676933288574,9.171060810331257e-05
5.689137935638428,2.110546827316284,0.0673868134617805
48.585716247558594,2.2596719264984126,9.41099424380809e-05
47.55351257324219,2.2591114044189453,0.0003611025749705
52.07841491699219,2.260361194610596,-0.0002342252264497
14.666933059692385,2.2574265003204346,0.0011627926724031
21.352270126342773,2.2599475383758545,-3.714450213010423e-05
18.519704818725582,2.2593436241149902,0.0002505056909285
40.784156799316406,2.2587652206420894,0.0005258120363578
43.00460052490234,2.259981155395508,-5.31343430338893e-05
43.32866668701172,2.260114908218384,-0.0001168284652521
7.621524333953857,2.198432922363281,0.0286360010504722
46.893379211425774,2.259163379669189,0.000336329016136
53.2546501159668,2.2594285011291504,0.0002100960555253
42.188438415527344,2.2595012187957764,0.0001754839468048
10.382076263427734,2.2430405616760254,0.007969451136887
5.941188335418701,2.1268398761749268,0.060401551425457
27.04140853881836,2.2600531578063965,-8.746366802370174e-05
25.02500534057617,2.2595510482788086,0.000151747255586
51.44228744506836,2.260671138763428,-0.0003819307894445
22.2884578704834,2.2600476741790767,-8.483161946060136e-05
11.83436679840088,2.2516343593597408,0.0039116260595619
40.7241439819336,2.2587687969207764,0.0005242134211584
27.449489593505856,2.260316848754883,-0.0002130527136614
42.93258666992188,2.25994610786438,-3.645168544608168e-05
6.937387466430664,2.175809383392334,0.038861759006977
38.41968536376953,2.2601876258850098,-0.0001514679170213
44.5769157409668,2.260200500488281,-0.0001576318900333
50.32606506347656,2.2606983184814453,-0.0003948603698518
27.413482666015625,2.260293483734131,-0.0002019562671193
20.368074417114254,2.259681940078736,8.93741234904155e-05
27.905580520629883,2.2605998516082764,-0.0003479333827272
7.10542106628418,2.182044506072998,0.0360608026385307
29.645929336547848,2.2610855102539062,-0.0005794586031697
19.0958194732666,2.259343385696411,0.0002506190503481
30.83416748046875,2.260619640350342,-0.0003573622379917
6.661332130432129,2.164427757263184,0.0439408123493194
14.65493106842041,2.2574119567871094,0.0011696766596287
31.674335479736328,2.259950399398804,-3.847007246804424e-05
6.793358802795409,2.1700568199157715,0.0414344072341918
24.3648738861084,2.2596969604492188,8.22416041046381e-05
36.36727523803711,2.2599611282348637,-4.3621574150165536e-05
35.227046966552734,2.2589480876922607,0.0004388530505821
48.96979522705078,2.2599523067474365,-3.938538793590851e-05
1.7523504495620728,1.508217215538025,0.2581901848316192
37.62752532958984,2.26041316986084,-0.0002589502837508
48.5377082824707,2.2596375942230225,0.0001105032933992
43.36467361450195,2.260127067565918,-0.0001226714957738
52.126426696777344,2.260330438613892,-0.000219544963329
38.803760528564446,2.2599592208862305,-4.275637911632657e-05
50.818164825439446,2.2607705593109126,-0.0004293506790418
15.495099067687988,2.258341073989868,0.0007276706746779
38.995800018310554,2.2598247528076167,2.1324125555111092e-05
9.757951736450195,2.2374837398529053,0.0105802351608872
51.25025177001953,2.2607245445251465,-0.0004073811869602
22.99659919738769,2.260000228881836,-6.220929935807362e-05
21.48429679870605,2.2599723339080806,-4.9003821914084256e-05
39.79996109008789,2.2592103481292725,0.0003139709006063
24.796958923339844,2.2595944404602046,0.0001310314110014
13.754751205444336,2.25640082359314,0.0016503087244927
29.33386611938477,2.261094808578491,-0.0005839163204655
23.56071281433105,2.259896993637085,-1.3082913028483745e-05
24.820964813232425,2.259589433670044,0.0001334260596195
15.83116626739502,2.2586429119110107,0.0005840426310896
1.7163432836532593,1.498897910118103,0.2600459456443786
18.75975227355957,2.259333610534668,0.0002553007507231
9.769953727722168,2.237607717514038,0.0105221411213278
40.11202239990234,2.259000301361084,0.0004140134260524
32.80255889892578,2.2589054107666016,0.000459117378341
34.530906677246094,2.258378505706787,0.0007099276990629
0.528105616569519,1.1605972051620483,0.3022273182868957
44.360870361328125,2.2602362632751465,-0.0001746526977512
2.5205039978027344,1.6903318166732788,0.2149262875318527
24.040807723999023,2.2597804069519043,4.2466730519663536e-05
22.94858932495117,2.2600064277648926,-6.524655327666551e-05
33.90678024291992,2.258267641067505,0.0007626074366271
18.0996208190918,2.2593698501586914,0.0002379687066422
48.76575469970703,2.259803056716919,3.169546107528731e-05
25.44508934020996,2.259504795074463,0.0001737868587952
9.27785587310791,2.231842279434204,0.0132202506065368
39.13982772827149,2.2597177028656006,7.233762880787253e-05
23.956790924072266,2.2598018646240234,3.2240779546555125e-05
35.431087493896484,2.2591419219970703,0.0003465662011876
8.185637474060057,2.212677001953125,0.0221092589199543
44.26485443115234,2.2602455615997314,-0.0001790688547771
21.1002197265625,2.2598915100097656,-1.0456613381393254e-05
19.97199440002441,2.259556293487549,0.0001491786970291
11.570314407348633,2.2504262924194336,0.0044835484586656
42.824565887451165,2.25989031791687,-9.876955118670594e-06
25.481096267700195,2.2595033645629883,0.0001744080946082
53.710742950439446,2.259053468704224,0.0003886800259351
15.051010131835938,2.2578749656677246,0.0009494244586676
30.942188262939453,2.2605462074279785,-0.0003224402607884
23.89678001403809,2.2598171234130855,2.502488496247679e-05
18.039608001708984,2.25937294960022,0.0002365554100833
29.261852264404297,2.2610902786254883,-0.0005817413912154
18.495698928833008,2.259345054626465,0.000249828066444
34.83096694946289,2.258596181869507,0.0006063638138584
2.196439266204834,1.6174939870834353,0.2338067144155502
3.828765869140625,1.9229941368103027,0.1411355882883071
46.47329330444336,2.2593340873718266,0.0002550835488364
31.494298934936523,2.2601101398468018,-0.000114615439088
15.771154403686523,2.2585926055908203,0.0006079758750274
31.23024559020996,2.260330438613892,-0.0002195692504756
11.630326271057127,2.2507145404815674,0.0043470859527587
17.23544692993164,2.2593343257904053,0.0002549170458223
14.678936004638672,2.25744104385376,0.0011559185804799
11.090217590332031,2.247825384140014,0.0057131922803819
14.582916259765623,2.257324695587158,0.0012111677788197
18.303661346435547,2.259357452392578,0.0002439080708427
18.78375625610352,2.2593331336975098,0.0002555009268689
5.7731547355651855,2.1161763668060303,0.0649836286902427
17.007402420043945,2.259283781051636,0.0002789969148579
53.530704498291016,2.2591960430145264,0.0003207676054444
9.58991813659668,2.235666275024414,0.0114318588748574
13.34666919708252,2.255845785140991,0.0019141115481033
47.493499755859375,2.2591006755828857,0.0003661993541754
38.503700256347656,2.2601430416107178,-0.0001303141762036
19.13182640075684,2.2593469619750977,0.0002489265752956
44.55290985107422,2.2602055072784424,-0.0001599957613507
11.018203735351562,2.2473902702331543,0.0059186397120356
31.698339462280277,2.2599284648895264,-2.8091459171264432e-05
13.766753196716309,2.2564151287078857,0.0016435048310086
14.522904396057127,2.257252693176269,0.0012454743264243
35.09502029418945,2.2588255405426025,0.0004971052985638
23.284656524658203,2.259953498840332,-3.998087049694732e-05
50.29005813598633,2.260688066482544,-0.000389949302189
15.903181076049805,2.2587010860443115,0.0005563514423556
4.2128424644470215,1.9734840393066408,0.1225030347704887
25.913183212280277,2.2595314979553223,0.0001610719773452
43.98879623413086,2.26024866104126,-0.0001805974461603
14.72694492340088,2.2574985027313232,0.0011285269865766
32.52650451660156,2.259151697158813,0.0003418846754357
52.88257598876953,2.259748935699463,5.747158866142854e-05
11.558311462402344,2.2503676414489746,0.0045113004744052
22.732545852661133,2.2600297927856445,-7.633155473740771e-05
33.39067840576172,2.2584714889526367,0.0006657016347162
22.660531997680664,2.260035514831543,-7.904767699074e-05
47.84156799316406,2.259211778640747,0.000313309195917
33.61872482299805,2.2583553791046143,0.0007208942552097
46.34126663208008,2.259399890899658,0.0002237305307062
26.597318649291992,2.2597897052764893,3.799643673119135e-05
21.24424934387207,2.25992488861084,-2.6328174499212764e-05
17.715543746948242,2.259378433227539,0.0002339492202736
45.081016540527344,2.26004409790039,-8.312165300594643e-05
43.85676956176758,2.2602376937866206,-0.0001753935648594
33.75075149536133,2.25830626487732,0.0007442829082719
22.300460815429688,2.2600476741790767,-8.486588922096416e-05
5.713142395019531,2.1121759414672847,0.0666924715042114
24.076814651489254,2.25977110862732,4.6881130401743576e-05
41.04821014404297,2.258805990219116,0.0005064571159891
43.340667724609375,2.2601189613342285,-0.0001188048481708
49.72594451904297,2.260447263717652,-0.0002752417349256
15.975194931030272,2.2587568759918213,0.0005298019386827
33.85877227783203,2.258277177810669,0.0007581114768981
21.59231758117676,2.2599904537200928,-5.7532975915819407e-05
2.220444202423096,1.6230933666229248,0.2324289381504058
5.125024795532227,2.0672037601470947,0.0855240821838378
50.122024536132805,2.2606313228607178,-0.0003629869897849
53.35066986083984,2.2593462467193604,0.0002491919731255
31.734346389770508,2.259895801544189,-1.2437204532034228e-05
18.375675201416016,2.259352684020996,0.0002461818512529
49.49789810180664,2.2603137493133545,-0.0002115755050908
39.64392852783203,2.259327173233032,0.0002583494933787
34.662933349609375,2.2584662437438965,0.0006681760423816
2.544508934020996,1.6954883337020874,0.2135116159915924
31.0382080078125,2.2604775428771973,-0.0002896604710258
23.620723724365234,2.259883403778076,-6.6411730585969045e-06
48.045608520507805,2.2593164443969727,0.0002634257543832
32.070415496826165,2.2595813274383545,0.000137297756737
26.501300811767575,2.259740114212036,6.172019493533297e-05
6.397279262542725,2.152066230773926,0.0494074337184429
2.616523265838623,1.7107579708099363,0.2092624455690383
49.92998504638672,2.2605504989624023,-0.0003244320396333
24.37687492370605,2.2596938610076904,8.369517308892682e-05
21.83236694335937,2.260021686553955,-7.24860728951171e-05
51.478294372558594,2.2606589794158936,-0.0003761139523703
48.40568161010742,2.259544849395752,0.0001546520506963
46.37727355957031,2.2593815326690674,0.0002324722154298
33.42668533325195,2.258450746536255,0.000675547926221
34.21884536743164,2.258264541625977,0.000764126307331
35.683135986328125,2.2593815326690674,0.0002324867091374
43.904781341552734,2.2602427005767822,-0.0001777312281774
41.0842170715332,2.2588193416595455,0.0005001274985261
30.23404693603516,2.2609376907348637,-0.0005089505575597
44.82896423339844,2.260134220123291,-0.0001260510034626
13.89877986907959,2.256567478179932,0.0015711227897554
32.13042449951172,2.2595243453979488,0.000164426775882
3.408681631088257,1.8588811159133911,0.1634705811738967
2.760552167892456,1.7403953075408936,0.200760617852211
40.80816268920898,2.2587652206420894,0.0005258732126094
28.865772247314453,2.261022090911865,-0.000549191434402
16.443288803100586,2.259059190750122,0.0003859751741401
7.573514938354493,2.1970620155334477,0.0292605459690093
31.062211990356445,2.260459899902344,-0.0002812208258546
37.36347198486328,2.2604010105133057,-0.0002532098151277
20.2840576171875,2.259655237197876,0.0001020486160996
20.392078399658203,2.2596895694732666,8.577238622820003e-05
21.64032745361328,2.259997606277466,-6.097194636822678e-05
22.97259521484375,2.2600033283233643,-6.37531338725239e-05
21.916383743286133,2.2600297927856445,-7.636665395693852e-05
40.184036254882805,2.258958339691162,0.0004339898005127
40.98819732666016,2.258788108825684,0.0005149279604665
30.35407066345215,2.260886907577514,-0.0004847757227253
10.814163208007812,2.2460954189300537,0.0065298089757561
46.8693733215332,2.2591710090637207,0.0003326964215375
29.465892791748047,2.261096715927124,-0.0005848034052178
19.44388961791992,2.25940489768982,0.000221341906581
20.728145599365234,2.2597918510437007,3.7080437323311344e-05
6.949389934539794,2.176271438598633,0.0386546924710273
47.09741973876953,2.2591121196746826,0.0003607092367019
53.770755767822266,2.2590081691741943,0.0004102005041204
49.89397811889648,2.260533571243286,-0.0003163397486787
28.61372184753418,2.2609429359436035,-0.0005114660598337
53.68673706054688,2.2590718269348145,0.0003798991965595
3.852770566940308,1.9263700246810915,0.1399182379245758
2.832566499710083,1.7547619342803955,0.1965192854404449
24.56891441345215,2.25964617729187,0.0001063717354554
52.75054931640625,2.2598602771759038,4.480992629396496e-06
36.88337707519531,2.2602629661560054,-0.0001874697918538
46.01720428466797,2.2595736980438232,0.0001409347023582
23.23664665222168,2.259962320327759,-4.4135253119748086e-05
29.405881881713867,2.261096954345703,-0.0005849006120115
35.53910827636719,2.2592451572418213,0.0002974332019221
16.791358947753906,2.2592151165008545,0.0003116486186627
46.91738510131836,2.2591559886932373,0.0003398122498765
1.596319317817688,1.4673577547073364,0.2660611271858215
5.413082599639893,2.0905811786651607,0.0758222043514251
5.725144863128662,2.1129841804504395,0.0663476213812828
19.40788078308105,2.2593960762023926,0.0002255391009384
38.3476676940918,2.260222911834717,-0.0001682810689089
49.17383575439453,2.2600982189178467,-0.0001088848148356
2.3884778022766118,1.661379098892212,0.2226786762475967
19.51590347290039,2.2594232559204106,0.0002125898463418
10.202040672302246,2.2416040897369385,0.008645380847156
6.445289134979248,2.154428482055664,0.048366755247116
6.877375602722168,2.173460006713867,0.0399137809872627
39.51190185546875,2.259429216384888,0.0002097799006151
28.34967041015625,2.260833501815796,-0.0004593557969201
27.509502410888672,2.2603554725646973,-0.000231467289268
6.325264930725098,2.148422718048096,0.0510087311267852
8.761752128601074,2.2240233421325684,0.0168615151196718
40.13602828979492,2.258985757827759,0.0004208287282381
18.2076416015625,2.2593636512756348,0.0002409561711829
27.7735538482666,2.260521173477173,-0.0003104037896264
4.764953136444092,2.0340585708618164,0.0989543050527572
4.524905204772949,2.009315729141236,0.1087295413017272
50.89017868041992,2.260770082473755,-0.0004291210498195
29.837966918945312,2.2610559463500977,-0.0005653431871905
12.266453742980955,2.253280639648437,0.0031314957886934
3.132626533508301,1.8113778829574585,0.1790488213300705
19.347869873046875,2.2593820095062256,0.0002322314103366
32.994598388671875,2.258746862411499,0.000534554652404
41.55231094360352,2.259078025817871,0.0003769551694858
40.77215576171875,2.258765697479248,0.0005256556905806
51.77835464477539,2.260531425476074,-0.0003153444849886
15.039008140563965,2.257861614227295,0.0009558396413922
18.291658401489254,2.2593581676483154,0.0002435308852
30.04200935363769,2.261004447937012,-0.0005408379947766
24.00480079650879,2.2597897052764893,3.806943641393445e-05
38.49169921875,2.2601497173309326,-0.0001334342377958
7.957591533660888,2.2073144912719727,0.0245743952691555
42.40447998046875,2.2596423625946045,0.0001082329690689
33.01860427856445,2.25872802734375,0.0005435256753116
40.82016372680664,2.258765459060669,0.0005257762386463
21.42428398132324,2.259961605072021,-4.3804280721815296e-05
22.75655174255371,2.2600276470184326,-7.531512528657913e-05
34.19483947753906,2.25826096534729,0.0007658483227714
27.713542938232425,2.260484218597412,-0.000292854354484
43.472694396972656,2.2601606845855717,-0.0001386278017889
15.951189994812012,2.2587385177612305,0.000538523774594
6.505300998687744,2.157308340072632,0.0470955967903137
45.57311630249024,2.259814500808716,2.6243502361467108e-05
40.0760154724121,2.2590222358703613,0.0004035136662423
53.21864318847656,2.2594594955444336,0.0001953368482645
52.09041976928711,2.2603535652160645,-0.0002305964299011
10.826165199279783,2.246174097061157,0.0064926831983029
5.185037136077881,2.0722975730896,0.083426259458065
29.51390266418457,2.2610952854156494,-0.0005841213278472
13.862772941589355,2.2565269470214844,0.0015904589090496
43.268653869628906,2.260093212127685,-0.0001065209435182
2.90458083152771,1.7688267230987549,0.1922914683818817
33.582717895507805,2.258371353149414,0.0007133656181395
39.25985336303711,2.2596256732940674,0.0001161625332315
32.586517333984375,2.25909686088562,0.0003680404333863
46.67733383178711,2.259242296218872,0.0002987917978316
16.035207748413086,2.2588014602661133,0.0005085621960461
7.321464061737059,2.18937349319458,0.0327516123652458
27.293458938598636,2.2602155208587646,-0.0001648352917982
53.15863037109375,2.259511232376098,0.00017066730652
38.731746673583984,2.260006666183472,-6.532066618092358e-05
21.616323471069336,2.2599940299987797,-5.9279922425048426e-05
42.81256103515625,2.2598838806152344,-6.814891094109044e-06
12.51850414276123,2.254061698913574,0.002760992385447
44.396881103515625,2.260231733322144,-0.0001724901521811
41.348270416259766,2.258954763412476,0.0004355931305326
12.554511070251465,2.2541632652282715,0.0027128455694764
25.75715065002441,2.259511232376098,0.0001707285700831
1.9443888664245603,1.556776523590088,0.2479477077722549
7.825565338134765,2.203965902328491,0.0261088609695434
34.72294616699219,2.2585108280181885,0.0006469553336501
45.00900268554688,2.260071992874145,-9.645005047786981e-05
45.38107681274414,2.259911060333252,-1.971255005628336e-05
26.69333839416504,2.25984263420105,1.2803022400476038e-05
6.289258003234863,2.1465551853179927,0.0518277660012245
46.48529815673828,2.2593281269073486,0.0002578298153821
10.274054527282717,2.24219274520874,0.0083685247227549
33.1146240234375,2.258655071258545,0.0005782344960607
17.775554656982422,2.2593789100646973,0.0002336363540962
20.95619201660156,2.259855031967163,6.924654826434562e-06
19.683937072753903,2.259469509124756,0.000190574224689
1.0682137012481687,1.3206216096878052,0.2885321378707885
25.88917732238769,2.259527444839477,0.0001629637554287
51.538307189941406,2.260637044906616,-0.000365700747352
11.822364807128906,2.2515828609466557,0.003936028573662
24.592918395996094,2.259640455245972,0.0001091057201847
52.48649597167969,2.260072708129883,-9.678320930106563e-05
7.933586597442627,2.206719160079956,0.0248474776744842
11.678336143493652,2.25093936920166,0.0042406688444316
36.18723678588867,2.259824275970459,2.152888919226825e-05
7.501500129699707,2.1949520111083984,0.0302206072956323
29.045808792114254,2.261061906814575,-0.000568214803934
12.530506134033203,2.2540957927703857,0.0027448143810033
15.0750150680542,2.257901906967163,0.0009366523008793
8.521704673767092,2.2196593284606934,0.0188850536942481
39.66793441772461,2.2593088150024414,0.000267061201157
6.169233798980713,2.140103340148926,0.0546481944620609
2.424484968185425,1.6693743467330933,0.2205703109502792
38.68373489379882,2.2600371837615967,-7.985388947417958e-05
32.41848373413086,2.2592520713806152,0.0002941314887721
33.78675842285156,2.2582952976226807,0.0007494466262869
5.1370272636413565,2.06823205947876,0.0851012840867042
16.095218658447266,2.258844375610352,0.000488136021886
37.891578674316406,2.2603797912597656,-0.0002431378234177
37.24345016479492,2.260380506515503,-0.0002433970657875
7.057411670684815,2.1803131103515625,0.0368399024009704
46.97739410400391,2.2591392993927,0.0003478368162177
36.31926345825195,2.259926080703736,-2.6910962333204225e-05
16.503299713134766,2.2590901851654053,0.0003711900499183
39.78795623779297,2.259219169616699,0.0003097892331425
33.43868637084961,2.25844407081604,0.0006787409074604
27.43748664855957,2.2603089809417725,-0.0002093572402372
1.5123025178909302,1.4448530673980713,0.2701006531715393
35.839168548583984,2.259525775909424,0.0001637716050026
47.4694938659668,2.2590973377227783,0.0003677530330605
30.70214080810547,2.260702848434448,-0.0003970692050643
21.016202926635746,2.2598705291748047,-4.898656129626034e-07
1.5483096837997437,1.4545402526855469,0.2683877348899841
27.701539993286133,2.26047682762146,-0.0002893123019021
42.44048690795898,2.2596652507781982,9.735640924191102e-05
8.149629592895508,2.2118649482727046,0.0224831793457269
25.99720001220703,2.2595486640930176,0.0001529000146547
18.159631729125977,2.259366512298584,0.0002395699702901
50.182037353515625,2.260653257369995,-0.0003733679768629
3.1806361675262447,1.819952726364136,0.1762984693050384
33.45069122314453,2.2584373950958248,0.0006818884285166
8.54570960998535,2.220118284225464,0.0186725482344627
19.52790641784668,2.2594263553619385,0.0002110876812366
34.65092849731445,2.258457660675049,0.0006722949910908
31.002201080322266,2.2605037689208984,-0.0003021386219188
21.184236526489254,2.259911298751831,-1.9909217371605337e-05
23.968793869018555,2.259798765182495,3.369376281625591e-05
31.602319717407227,2.26001501083374,-6.930585368536413e-05
30.006000518798828,2.261014938354492,-0.0005458698142319
47.1214256286621,2.259107828140259,0.0003627351252362
7.65753173828125,2.1994431018829346,0.028175413608551
9.661931991577148,2.236464500427246,0.0110579440370202
10.670133590698242,2.2451276779174805,0.0069862254895269
5.113022804260254,2.066170454025269,0.085948497056961
44.86497116088867,2.260122776031494,-0.0001205765001941
43.11262130737305,2.2600302696228027,-7.650297629879788e-05
15.435087203979492,2.2582824230194087,0.0007556686759926
43.772754669189446,2.2602264881134038,-0.0001700818393146
38.39567947387695,2.260199546813965,-0.0001572108012624
49.08981704711913,2.2600386142730717,-8.05810632300563e-05
27.37747573852539,2.260270118713379,-0.0001908345730043
33.714744567871094,2.2583181858062744,0.0007385852513834
42.020404815673835,2.2593882083892822,0.00022928789258
39.04380798339844,2.2597897052764893,3.809325789916329e-05
1.452290415763855,1.4285688400268557,0.2728914320468902
46.929386138916016,2.259152412414551,0.0003414964303374
23.272653579711918,2.259955644607544,-4.103526953258552e-05
51.87437438964844,2.260481357574463,-0.0002914755314122
5.80916166305542,2.118527412414551,0.0639767348766326
16.2032413482666,2.2589173316955566,0.0004534406471066
49.329864501953125,2.260205030441284,-0.0001598159578861
50.722145080566406,2.2607667446136475,-0.0004275279061403
34.02680587768555,2.258254051208496,0.0007690956699661
17.17543601989746,2.2593231201171875,0.0002602729073259
52.198440551757805,2.260282516479492,-0.0001967198768397
1.7403481006622314,1.5051181316375732,0.2588112354278564
20.75214958190918,2.259798765182495,3.3773452742025256e-05
27.485496520996094,2.260339975357056,-0.0002241152833448
42.84856796264648,2.2599029541015625,-1.5937004718580283e-05
2.6765353679656982,1.7232532501220703,0.2057188749313354
36.991397857666016,2.2603068351745605,-0.0002083359286189
24.604921340942383,2.2596375942230225,0.0001104623079299
44.48089599609375,2.260218858718872,-0.0001663865405134
23.224645614624023,2.2599644660949707,-4.514718966674991e-05
11.138227462768556,2.2481088638305664,0.0055792406201362
3.732746601104736,1.9091854095458984,0.1460721045732498
6.1932387351989755,2.1414220333099365,0.0540728718042373
53.63872909545898,2.2591092586517334,0.0003620654169935
24.35287094116211,2.259700059890747,8.078498649410902e-05
49.221843719482415,2.260131597518921,-0.0001248049666173
29.153831481933597,2.2610788345336914,-0.0005762758664786
46.25725173950195,2.259443521499634,0.0002028739836532
26.945388793945312,2.259992837905884,-5.873257032362744e-05
46.78535842895508,2.259200096130371,0.0003188707341905
12.446489334106444,2.253851413726806,0.0028608050197362
2.5085017681121826,1.6877411603927612,0.2156331688165664
33.10261917114258,2.258664131164551,0.0005740035558119
30.330066680908203,2.260897636413574,-0.0004898674087598
34.67493438720703,2.2584750652313232,0.0006640143692493
39.24784851074219,2.2596349716186523,0.0001117412757594
20.452091217041016,2.259708404541016,7.681948773097248e-05
16.395278930664062,2.259032964706421,0.0003984018403571
17.59552001953125,2.2593741416931152,0.0002359271602472
11.198239326477053,2.2484560012817383,0.0054152109660208
52.246448516845696,2.2602493762969966,-0.0001809889217838
11.054210662841797,2.2476093769073486,0.0058152400888502
33.606719970703125,2.2583606243133545,0.0007184373098425
39.05581283569336,2.2597806453704834,4.232492574374192e-05
41.324264526367195,2.258941173553467,0.0004420919285621
28.81776428222656,2.261008977890014,-0.0005429764860309
33.95479202270508,2.258260488510132,0.0007660359260626
11.582316398620604,2.2504844665527344,0.0044559496454894
35.79115676879883,2.2594819068908687,0.0001846730883698
21.580316543579105,2.25998854637146,-5.663904084940441e-05
38.35967254638672,2.2602171897888184,-0.0001655660889809
14.138827323913574,2.256828546524048,0.001447019749321
2.2324464321136475,1.6258809566497805,0.2317384183406829
9.625925064086914,2.236069202423096,0.0112431868910789
25.09701919555664,2.259539604187012,0.0001572011242387
38.86377334594727,2.259918451309204,-2.3302705812966448e-05
5.929185867309569,2.12610387802124,0.0607190541923046
13.13062572479248,2.2554798126220703,0.0020878398790955
13.406681060791016,2.255937337875366,0.0018705875845625
8.845768928527832,2.225436210632324,0.016205059364438
13.838768005371094,2.256499528884888,0.0016035061562433
17.703540802001953,2.25937819480896,0.0002340634382562
36.427284240722656,2.260003566741944,-6.378618854796514e-05
51.21424102783203,2.260732412338257,-0.0004110922163818
32.39447784423828,2.259274482727051,0.000283424538793
25.26505279541016,2.2595181465148926,0.0001674226805334
20.76415252685547,2.2598021030426025,3.2130657928064466e-05
30.570114135742188,2.2607789039611816,-0.0004333239921834
35.8991813659668,2.25957989692688,0.0001380072790198
31.4462890625,2.260151624679565,-0.0001343476906185
53.24264907836913,2.259438753128052,0.0002051808987744
53.31466293334961,2.2593770027160645,0.0002345848333789
18.48369598388672,2.259345769882202,0.0002494808868505
37.05141067504882,2.2603280544281006,-0.0002184342592954
41.03620910644531,2.2588019371032715,0.0005083564901724
45.537105560302734,2.2598330974578857,1.7375597963109612e-05
13.286657333374023,2.2557499408721924,0.0019595932681113
0.468093603849411,1.1424349546432495,0.3030368089675903
19.37187385559082,2.259387493133545,0.0002296080638188
27.12542533874512,2.2601068019866943,-0.0001130295786424
30.378076553344727,2.260875940322876,-0.0004795569693669
39.91998291015625,2.259124994277954,0.0003546265070326
7.153430461883545,2.183737277984619,0.0352980606257915
30.978195190429688,2.2605209350585938,-0.0003103344643022
23.93278694152832,2.25980806350708,2.9344135327846743e-05
8.665733337402342,2.222337245941162,0.0176441632211208
42.66853332519531,2.2598035335540767,3.15067773044575e-05
37.67553329467773,2.26041030883789,-0.0002576606057118
32.28645706176758,2.259376287460327,0.0002349376736674
7.897579669952392,2.205814838409424,0.0252620447427034
40.22004318237305,2.2589383125305176,0.0004434261354617
14.978995323181152,2.257793664932251,0.000988196930848
23.94478988647461,2.259804964065552,3.07908485410735e-05
41.708343505859375,2.259178638458252,0.0003290113236289
33.534706115722656,2.2583937644958496,0.0007026061648502
4.992998600006104,2.055569648742676,0.0902817249298095
29.34586906433105,2.2610952854156494,-0.0005841633537784
35.23904800415039,2.2589592933654785,0.0004334812110755
43.95278930664063,2.260246515274048,-0.0001795600546756
19.011802673339844,2.2593371868133545,0.000253541074926
43.78475570678711,2.260228395462036,-0.0001709355128696
13.154630661010742,2.2555234432220455,0.002067117486149
48.21364212036133,2.259417533874512,0.0002153125533368
40.064014434814446,2.259029626846313,0.0003999428590759
51.75435256958008,2.2605433464050293,-0.0003209882124792
14.21084213256836,2.2569055557250977,0.0014104411238804
6.721344470977783,2.167029857635498,0.0427834801375865
49.281856536865234,2.2601726055145264,-0.0001444040099158
48.921783447265625,2.2599172592163086,-2.2730680939275768e-05
8.06561279296875,2.2099201679229736,0.0233778245747089
49.37787628173828,2.2602367401123047,-0.0001749675429891
8.041607856750488,2.2093513011932373,0.0236391946673393
18.32766532897949,2.2593557834625244,0.0002446655416861
39.619922637939446,2.259345531463623,0.0002495939552318
50.20603942871094,2.260661363601685,-0.000377289019525
20.176034927368164,2.2596209049224854,0.0001184269567602
29.08181571960449,2.261068105697632,-0.0005711864796467
31.974395751953125,2.259672164916992,9.402949945069848e-05
48.71774291992188,2.259768009185791,4.84341690025758e-05
49.86997222900391,2.2605218887329106,-0.0003108004457317
20.90818214416504,2.259842157363892,1.3023132851230912e-05
49.41388320922852,2.260260343551636,-0.000186148128705
8.305661201477049,2.215292692184448,0.0209033172577619
34.36287307739258,2.258301258087158,0.0007467029499821
6.817363262176514,2.1710429191589355,0.0409941598773002
25.84116744995117,2.259520530700684,0.0001662821741774
30.558111190795895,2.2607855796813965,-0.0004364427004475
13.106621742248535,2.2554354667663574,0.0021089403890073
4.716943264007568,2.0292911529541016,0.1008544638752937
1.896379232406616,1.5448195934295654,0.250558465719223
46.80936050415039,2.2591912746429443,0.000322990847053
40.580116271972656,2.2587931156158447,0.0005125348106957
13.322664260864258,2.255807876586914,0.0019320626743137
19.503900527954105,2.2594201564788814,0.000214080006117
18.67573547363281,2.259335994720459,0.0002541359572205
5.365073204040527,2.0868701934814453,0.0773748680949211
40.46009063720703,2.2588295936584477,0.0004952169838361
27.365472793579105,2.260262250900269,-0.0001871232379926
1.4042809009552002,1.415418028831482,0.2750636339187622
30.522104263305664,2.2608046531677246,-0.0004456181486602
23.36867332458496,2.259937524795532,-3.231544542359188e-05
39.55991363525391,2.2593917846679688,0.0002275448932778
41.54030990600586,2.25907039642334,0.0003805493179243
53.02660369873047,2.2596254348754883,0.0001163250781246
37.13542556762695,2.260353803634644,-0.0002307453105458
41.888378143310554,2.2592990398406982,0.0002717784373089
6.253250598907472,2.1446564197540283,0.0526592172682285
22.13242721557617,2.2600438594818115,-8.302667265525086e-05
46.881378173828125,2.259167194366455,0.0003345310979057
37.90357971191406,2.2603774070739746,-0.0002419195225229
43.820762634277344,2.2602334022521973,-0.0001733070239424
35.20304107666016,2.258925437927246,0.0004495641915127
8.017603874206543,2.2087767124176025,0.0239031445235013
37.84356689453125,2.2603893280029297,-0.0002475829969625
34.84296798706055,2.25860595703125,0.0006016818806529
15.915183067321776,2.258710622787476,0.0005518467514775
50.80615997314453,2.260770320892334,-0.0004292556550353
15.279055595397947,2.2581229209899902,0.0008314958540722
20.92018318176269,2.259845495223999,1.1485057257232256e-05
49.74995040893555,2.260460376739502,-0.0002814355830196
15.003000259399414,2.257820844650269,0.0009751988691277
4.092818737030028,1.9584972858428955,0.1281287521123886
9.169834136962889,2.2303688526153564,0.0139079419896006
35.93518829345703,2.2596118450164795,0.0001227627217303
19.767953872680664,2.2594940662384038,0.0001788846566341
4.116823196411133,1.9615507125854488,0.1269890666007995
11.546309471130373,2.2503085136413574,0.0045392061583697
40.40008163452149,2.25885272026062,0.0004842601192649
35.08301544189453,2.258814811706543,0.0005023085395805
31.134227752685547,2.2604055404663086,-0.0002553379745222
49.34186935424805,2.2602131366729736,-0.000163629068993
45.40508270263672,2.259899377822876,-1.4163363630359528e-05
17.919584274291992,2.259377241134644,0.0002344645909033
10.502099990844728,2.2439384460449214,0.0075466907583177
27.197439193725582,2.260153293609619,-0.0001351591199636
8.101620674133299,2.2107622623443604,0.0229905843734741
38.75575256347656,2.25999116897583,-5.7898276281775913e-05
1.2002400159835815,1.3583987951278689,0.2836298942565918
16.155231475830078,2.258885622024536,0.0004685304884333
13.03460693359375,2.2552971839904785,0.0021745776757597
18.447689056396484,2.259347915649414,0.000248411000939
18.651729583740234,2.2593369483947754,0.0002536862739361
37.61552429199219,2.260413408279419,-0.0002591611992102
42.59651947021485,2.2597610950469966,5.1676961447810754e-05
44.34886932373047,2.260237455368042,-0.0001753124961396
49.18583679199219,2.2601065635681152,-0.0001128835501731
31.07421493530273,2.2604508399963374,-0.0002769652928691
25.241048812866207,2.259520530700684,0.0001661965507082
32.022403717041016,2.259626865386963,0.0001156346552306
21.364273071289062,2.259949922561645,-3.8285717891994864e-05
44.936988830566406,2.2600982189178467,-0.0001089490688173
33.99079895019531,2.258256673812866,0.0007678844267502
16.863372802734375,2.2592403888702397,0.0002996538241859
45.36907196044922,2.2599167823791504,-2.2463798813987523e-05
18.087617874145508,2.2593705654144287,0.0002376696065766
31.98639678955078,2.2596609592437744,9.942425094777718e-05
25.85317039489746,2.2595221996307373,0.0001655069208936
50.6621322631836,2.2607617378234863,-0.0004251607460901
9.541908264160156,2.2351174354553223,0.0116888703778386
3.540708065032959,1.8800753355026243,0.1562525928020477
53.42268371582031,2.259285449981689,0.0002781533403322
52.918582916259766,2.259718179702759,7.21067699487321e-05
50.026004791259766,2.2605929374694824,-0.0003447012568358
12.806561470031738,2.254807233810425,0.0024072281084954
53.11062240600586,2.2595527172088623,0.0001508995046606
46.60531997680664,2.259273052215576,0.0002841433743014
6.517303466796875,2.157874584197998,0.0468452759087085
42.45249176025391,2.2596726417541504,9.375650552101432e-05
30.89417839050293,2.2605793476104736,-0.0003382233844604
10.778155326843262,2.2458574771881104,0.0066420538350939
0.1320264041423797,1.040178656578064,0.3046428859233856
22.768552780151367,2.2600264549255367,-7.478631596313788e-05
7.645529270172118,2.199108123779297,0.0283282119780778
19.071813583374023,2.259341239929199,0.0002515960659366
47.03740692138672,2.259124517440796,0.0003548270324245
17.091419219970703,2.259305000305176,0.000268932810286
25.589117050170895,2.259502410888672,0.0001748245995258
42.70454025268555,2.25982403755188,2.1664036466972902e-05
20.692138671875,2.2597811222076416,4.209244070807472e-05
35.65913009643555,2.2593588829040527,0.0002432340697851
1.4762952327728271,1.435103178024292,0.2717849612236022
53.90278244018555,2.2589139938354488,0.0004550827434286
31.7463493347168,2.259884595870972,-7.197197646746645e-06
42.39247894287109,2.259634733200073,0.0001118830987252
17.37947654724121,2.2593557834625244,0.0002447403385303
53.8067626953125,2.258981704711914,0.0004227948666084
3.6967394351959224,1.9038800001144407,0.1479504108428955
17.343469619750977,2.2593510150909424,0.0002469420724082
43.06461334228516,2.260008811950684,-6.636883335886523e-05
14.534907341003418,2.2572667598724365,0.0012387032620608
5.0650129318237305,2.0619890689849854,0.087662361562252
34.146827697753906,2.25825572013855,0.0007683243020437
35.611122131347656,2.2593135833740234,0.0002648331865202
35.38307571411133,2.259095907211304,0.0003684049879666
8.377676010131836,2.2167961597442627,0.0202091187238693
36.91938400268555,2.2602784633636475,-0.0001948050485225
51.58631896972656,2.260618209838867,-0.0003567314415704
10.622124671936035,2.244795083999634,0.007142995018512
37.50749969482422,2.26041316986084,-0.0002590419317129
46.30525970458984,2.259418487548828,0.0002148652711184
33.54671096801758,2.258388042449951,0.0007053717272356
52.18643569946289,2.2602906227111816,-0.0002005893475143
50.90217971801758,2.260769844055176,-0.0004289492790121
48.7537498474121,2.259794235229492,3.588348408811726e-05
7.453490734100343,2.1935079097747803,0.0308767743408679
40.59211730957031,2.2587902545928955,0.000513904786203
19.659931182861328,2.2594625949859615,0.0001938388886628
42.524505615234375,2.259717464447021,7.244650623761117e-05
29.753950119018555,2.26107120513916,-0.00057258940069
50.590118408203125,2.2607533931732178,-0.0004210842307657
5.233046531677246,2.076286554336548,0.0817771032452583
20.632125854492188,2.259763479232788,5.057418456999585e-05
33.21064376831055,2.2585866451263428,0.0006108844536356
11.76235294342041,2.2513203620910645,0.0040603075176477
34.914981842041016,2.2586662769317627,0.0005729493568651
50.19403839111328,2.26065731048584,-0.0003753451746888
24.68893814086914,2.2596182823181152,0.000119743446703
34.77095413208008,2.2585480213165283,0.0006292726029641
16.62332534790039,2.2591469287872314,0.0003440999134909
37.30345916748047,2.2603919506073,-0.000248864700552
27.689537048339844,2.260469436645508,-0.0002857602084986
39.10382080078125,2.2597448825836186,5.939580296399072e-05
41.12022399902344,2.2588346004486084,0.0004928295384161
30.846168518066406,2.2606117725372314,-0.0003535877622198
26.549310684204105,2.2597644329071045,5.0056005420628935e-05
17.78755760192871,2.2593791484832764,0.0002336234465474
27.59351921081543,2.260409116744995,-0.0002570152864791
42.92058563232422,2.2599401473999023,-3.3588938094908365e-05
28.385677337646484,2.2608499526977535,-0.0004671578353736
7.045409202575684,2.1798741817474365,0.0370372794568538
47.86557388305664,2.2592227458953857,0.0003080116875935
1.2602519989013672,1.3753492832183838,0.2812289595603942
30.606121063232425,2.2607588768005367,-0.0004237887042108
32.93458557128906,2.258795022964477,0.0005116527318023
7.369473934173584,2.1909055709838867,0.0320575721561908
23.18863677978516,2.259970664978028,-4.811747930943966e-05
51.502300262451165,2.2606503963470455,-0.0003720558888744
1.380276083946228,1.4088023900985718,0.2761287093162536
31.86637306213379,2.2597734928131104,4.57333771919366e-05
30.186037063598636,2.260956048965454,-0.0005177134880796
9.061812400817873,2.228812456130981,0.0146335959434509
11.294259071350098,2.2489945888519287,0.0051606833003461
49.07781600952149,2.2600302696228027,-7.649735198356211e-05
23.29665946960449,2.25995135307312,-3.89161032217089e-05
16.07121467590332,2.258827447891236,0.0004962083767168
46.73734664916992,2.259218215942383,0.0003102467453572
45.26105117797852,2.259967088699341,-4.647626701625995e-05
6.301260471343993,2.1471810340881348,0.0515533797442913
2.916583299636841,1.771141529083252,0.1915885061025619
4.272854804992676,1.980718851089477,0.1197586059570312
1.9683936834335327,1.562708616256714,0.2466310858726501
38.011600494384766,2.260350465774536,-0.0002290564007125
36.01920318603516,2.259685039520264,8.788899867795408e-05
9.517903327941895,2.234837770462036,0.0118197537958621
20.380075454711918,2.259685754776001,8.757194882491603e-05
44.7929573059082,2.2601451873779297,-0.0001312931563006
37.44749069213867,2.2604098320007324,-0.0002574009413365
13.070613861083984,2.2553672790527344,0.0021413150243461
33.510704040527344,2.2584056854248047,0.0006969268433749
34.68693923950195,2.25848388671875,0.0006598106701858
27.845569610595703,2.2605643272399902,-0.0003310731553938
39.847969055175774,2.259175539016724,0.0003304996935185
9.24184799194336,2.2313601970672607,0.0134453624486923
24.388877868652344,2.259690761566162,8.514549699611962e-05
21.880376815795895,2.260026693344116,-7.479111081920563e-05
6.217243671417236,2.1427264213562007,0.0535032004117965
12.818563461303713,2.25483512878418,0.0023939893580973
21.67633438110352,2.260002613067627,-6.340612890198827e-05
50.374073028564446,2.2607109546661377,-0.0004009194381069
5.197039604187012,2.0733017921447754,0.0830115526914596
13.802760124206545,2.256457567214966,0.001623335876502
18.723745346069336,2.2593343257904053,0.0002548851480241
17.45149040222168,2.2593636512756348,0.000240988927544
34.578914642333984,2.2584078311920166,0.0006959324819035
46.40127944946289,2.2593693733215328,0.0002382251987
21.052209854125977,2.2598795890808105,-4.822090431844117e-06
44.43288803100586,2.2602264881134038,-0.0001700545835774
8.977795600891113,2.2275424003601074,0.0152252502739429
41.02420425415039,2.2587981224060054,0.0005101523129269
38.44368743896485,2.2601752281188965,-0.0001455893943784
12.134427070617676,2.252819776535034,0.0033498960547149
52.33046722412109,2.2601897716522217,-0.0001525245170341
48.10562133789063,2.259351253509521,0.000246876879828
1.7283456325531006,1.502011775970459,0.2594298422336578
20.968193054199215,2.2598581314086914,5.422839876700891e-06
14.090818405151367,2.256777286529541,0.0014714314602315
7.117423534393311,2.1824712753295894,0.0358685962855815
46.42528533935546,2.259357452392578,0.0002439139498164
37.91558456420898,2.2603747844696045,-0.0002406586718279
24.70094108581543,2.259615421295166,0.0001210359259857
18.56771278381348,2.25934100151062,0.0002517816901672
11.654331207275392,2.250827550888061,0.00429357169196
4.536907196044922,2.010608196258545,0.1082241907715797
26.249250411987305,2.2596275806427,0.0001153227058239
48.741748809814446,2.259785413742065,4.006956805824302e-05
16.167232513427734,2.2588937282562256,0.0004647083696909
13.274655342102053,2.255730152130127,0.001968934899196
10.418083190917969,2.2433145046234126,0.0078404555097222
9.421884536743164,2.233683824539185,0.012359581887722
48.09362030029297,2.2593441009521484,0.0002502468123566
32.862571716308594,2.258854627609253,0.0004833395942114
19.695940017700195,2.2594728469848637,0.0001889286795631
0.8041608333587646,1.2433176040649414,0.2965989112854003
31.31426239013672,2.260262489318848,-0.000187166253454
34.8909797668457,2.258646011352539,0.0005826443084515
29.70594024658203,2.261078119277954,-0.0005759823252446
49.40188217163086,2.2602524757385254,-0.0001824393402785
42.728546142578125,2.2598376274108887,1.51965632539941e-05
49.9539909362793,2.260561466217041,-0.0003296800132375
15.663132667541504,2.258498191833496,0.0006529729580506
22.144428253173828,2.2600443363189697,-8.325521775986998e-05
26.9573917388916,2.260000228881836,-6.228938582353294e-05
37.735546112060554,2.2604048252105717,-0.00025504961377
3.684736967086792,1.9020960330963133,0.1485797315835952
9.1578311920166,2.2302000522613525,0.0139866657555103
11.10222053527832,2.247896671295166,0.0056794779375195
27.977596282958984,2.26064133644104,-0.0003676802734844
42.15243148803711,2.259477138519287,0.0001869427942438
53.26665496826172,2.259418249130249,0.0002150060026906
52.41448211669922,2.260127544403076,-0.000122947662021
20.500099182128903,2.25972318649292,6.972063420107588e-05
10.058012008666992,2.2403655052185054,0.009227636270225
3.228645801544189,1.828394889831543,0.1735640317201614
37.51950454711913,2.260413646697998,-0.0002592349483165
21.37627601623535,2.2599523067474365,-3.941453178413212e-05
42.41648483276367,2.259649991989136,0.0001045949393301
14.006801605224608,2.2566866874694824,0.0015144938370212
42.83656692504882,2.2598967552185054,-1.2917732419737147e-05
22.576515197753903,2.260040760040283,-8.157458796631546e-05
8.341668128967285,2.216050624847412,0.0205534975975751
17.055410385131836,2.259296178817749,0.0002730710839387
45.32106399536133,2.259939432144165,-3.3306820114376023e-05
0.1560312062501907,1.0474923849105835,0.3046973049640655
23.812763214111328,2.259837865829468,1.5088468899193686e-05
51.946388244628906,2.2604410648345947,-0.0002722541394177
37.039409637451165,2.260324001312256,-0.0002165010082535
33.09061813354492,2.258672952651977,0.0005697409505955
15.747149467468262,2.2585721015930176,0.0006177641334943
10.88617706298828,2.246562957763672,0.0063092424534261
22.64852905273437,2.26003646850586,-7.945128891151398e-05
1.164232850074768,1.3481605052947998,0.2850199043750762
25.601119995117188,2.259502649307251,0.0001747302885632
51.45429229736328,2.260667085647583,-0.0003800280101131
1.6443288326263428,1.4800608158111572,0.2636879086494445
42.956592559814446,2.259958028793335,-4.210741826682352e-05
45.90918350219727,2.259633302688598,0.0001125834751292
8.401679992675781,2.2172865867614746,0.0199825316667556
2.532506465911865,1.6929142475128174,0.2142190933227539
12.038407325744627,2.252461671829224,0.0035196389071643
0.1440288126468658,1.0438352823257446,0.3046734035015106
28.74574851989746,2.2609875202178955,-0.0005327825201675
25.433086395263672,2.2595052719116206,0.0001735287805786
0.4320864081382751,1.1315157413482666,0.3034484088420867
49.48589706420898,2.2603061199188232,-0.0002080023550661
36.76335144042969,2.26020622253418,-0.0001603370474185
36.04320907592773,2.2597055435180664,7.811872637830673e-05
29.90998268127441,2.261040210723877,-0.0005578085547313
25.61312294006348,2.25950288772583,0.000174606728251
34.06281280517578,2.2582528591156006,0.0007696536486037
38.56371307373047,2.2601094245910645,-0.0001142409091698
13.082616806030272,2.255390167236328,0.002130425767973
17.04340934753418,2.2592930793762207,0.0002745085221249
48.48969650268555,2.259603500366211,0.0001267338084289
53.614723205566406,2.259128332138061,0.0003530209942255
27.02940559387207,2.260045528411865,-8.384037209907545e-05
37.43548583984375,2.260408878326416,-0.0002569374919403
11.846369743347168,2.251685619354248,0.003887373721227
22.96059226989746,2.260004997253418,-6.450618093367666e-05
2.3164632320404053,1.6451667547225952,0.2268774956464767
28.19363784790039,2.2607576847076416,-0.0004232346254866
50.45809173583984,2.260730266571045,-0.0004101567028556
18.41168212890625,2.2593502998352046,0.0002473075583111
4.392878532409668,1.994688868522644,0.1144068241119384
2.7485496997833248,1.7379715442657473,0.2014684677124023
0.1080216020345687,1.0328667163848877,0.3045619428157806
6.03720760345459,2.13258957862854,0.0579149015247821
10.526104927062988,2.2441127300262447,0.0074645159766077
21.160232543945312,2.259905815124512,-1.726288246572949e-05
49.96599197387695,2.2605669498443604,-0.0003322593111079
11.594318389892578,2.250542640686035,0.0044285040348768
30.450090408325195,2.2608416080474854,-0.000463145726826
47.481494903564446,2.259099006652832,0.0003670101577881
27.16143226623535,2.260129928588867,-0.0001240748533746
24.580915451049805,2.259643316268921,0.0001077421256923
5.257051467895508,2.0782527923583984,0.0809622034430503
53.5547103881836,2.25917649269104,0.0003300717216916
21.076215744018555,2.259885549545288,-7.659946277271955e-06
31.38627815246582,2.2602026462554927,-0.0001586293656146
34.35087203979492,2.258297204971313,0.0007486342801712
24.48489761352539,2.259666681289673,9.660681098466739e-05
5.545108795166016,2.100416898727417,0.0716838166117668
19.875974655151367,2.25952672958374,0.0001633492211112
33.37867736816406,2.2584784030914307,0.0006623321096412
39.42788696289063,2.2594947814941406,0.0001785405183909
18.35167121887207,2.25935435295105,0.0002454245404805
52.53450775146485,2.260035276412964,-7.895659655332565e-05
17.967594146728516,2.259375810623169,0.0002351684815948
0.2400480061769485,1.0730947256088257,0.304680198431015
25.57711601257324,2.259502410888672,0.000174889966729
53.074615478515625,2.2595839500427246,0.0001360729947919
28.697738647460938,2.260972261428833,-0.0005254179122857
21.56831359863281,2.259986639022827,-5.573153248406015e-05
36.295257568359375,2.2599081993103027,-1.836922820075415e-05
29.129825592041016,2.261075496673584,-0.0005747067625634
30.29405975341797,2.260913133621216,-0.000497265253216
10.466093063354492,2.24367356300354,0.0076713901944458
0.6841368079185485,1.2075461149215698,0.2994199395179748
52.64252853393555,2.2599489688873287,-3.783893771469593e-05
32.16643142700195,2.2594902515411377,0.0001807151566026
13.814763069152832,2.256471633911133,0.0016166898421943
48.08161544799805,2.2593371868133545,0.0002535872044973
42.53650665283203,2.2597248554229736,6.894575199112296e-05
11.246249198913574,2.2487280368804927,0.0052867257036268
0.5641128420829772,1.1714693307876587,0.3016685247421264
40.29205703735352,2.258901357650757,0.0004610924515873
52.82256317138672,2.2597997188568115,3.32391973643098e-05
43.8687744140625,2.260239124298096,-0.0001760256418492
19.887977600097656,2.2595303058624268,0.000161594041856
11.690338134765623,2.250994920730591,0.0042144465260207
37.69953918457031,2.260408401489258,-0.0002567489864304
40.448089599609375,2.258833885192871,0.0004931420553475
14.222844123840332,2.2569184303283687,0.0014043316477909
2.880576133728028,1.7641719579696655,0.193698912858963
45.99319839477539,2.2595868110656734,0.000134639427415
33.31866455078125,2.2585151195526123,0.000644851475954
18.999799728393555,2.2593364715576167,0.0002538491098675
28.229646682739254,2.2607760429382324,-0.0004318907449487
39.0918197631836,2.259753942489624,5.510735718416981e-05
39.067813873291016,2.2597718238830566,4.657146564568393e-05
4.980996131896973,2.0544824600219727,0.0907239541411399
26.27325439453125,2.2596368789672847,0.0001108378201024
2.928585767745972,1.7734478712081907,0.1908860951662063
53.3626708984375,2.259336233139038,0.000254043872701
9.841968536376951,2.238335132598877,0.0101808784529566
48.369674682617195,2.2595202922821045,0.0001663932634983
13.646729469299316,2.256267786026001,0.0017135884845629
28.42168426513672,2.2608659267425537,-0.0004747486673295
3.204640865325928,1.8241903781890867,0.1749292016029357
21.748350143432617,2.260012149810791,-6.789596955059096e-05
2.1484296321868896,1.6061986684799194,0.236548364162445
45.16503143310546,2.260009288787842,-6.658409984083846e-05
41.80435943603516,2.259242534637451,0.0002986576000694
11.30626106262207,2.2490603923797607,0.0051295552402734
2.8085618019104004,1.7500065565109253,0.1979318112134933
14.066813468933104,2.256751537322998,0.0014836774207651
6.145228862762451,2.1387701034545894,0.0552292019128799
2.0164031982421875,1.5744792222976685,0.2439767271280288
20.2120418548584,2.2596323490142822,0.0001129640149883
17.355470657348633,2.259352684020996,0.0002461834519635
23.836767196655277,2.2598319053649902,1.790514033928048e-05
46.461292266845696,2.2593398094177246,0.000252318335697
8.737747192382812,2.223609209060669,0.0170539021492004
1.6683336496353147,1.486369013786316,0.2624845504760742
6.373274803161621,2.150865077972412,0.0499357916414737
21.94038772583008,2.2600319385528564,-7.734364771749824e-05
3.0846168994903564,1.802670121192932,0.1818138360977172
21.8083610534668,2.260019063949585,-7.124652620404959e-05
5.821164131164551,2.119302988052368,0.0636441558599472
44.468894958496094,2.260220766067505,-0.0001673483347985
14.126825332641602,2.2568159103393555,0.0014531159540638
33.04261016845703,2.25870943069458,0.0005523828440345
37.423484802246094,2.2604076862335205,-0.0002564289316069
39.7159423828125,2.259272575378418,0.000284333480522
39.835968017578125,2.2591841220855717,0.0003263984981458
39.47589492797852,2.2594571113586426,0.0001964071416296
51.59832000732422,2.2606134414672847,-0.000354401388904
26.573314666748047,2.259777069091797,4.407388041727245e-05
10.250049591064451,2.241998672485352,0.008459810167551
44.780956268310554,2.260148763656616,-0.0001329881342826
31.938386917114254,2.2597060203552246,7.787578942952676e-05
0.1200240030884742,1.036522388458252,0.3046057224273681
3.0246050357818604,1.7915979623794556,0.1852888613939285
32.538509368896484,2.259140729904175,0.0003471397794783
45.153030395507805,2.260014533996582,-6.900908920215443e-05
26.933385848999023,2.259985446929932,-5.5186788813443854e-05
28.805761337280277,2.2610056400299072,-0.0005413495819084
48.95779037475586,2.2599434852600098,-3.522901170072146e-05
13.874774932861328,2.2565405368804927,0.0015839834231883
3.036607265472412,1.793829083442688,0.1845923066139221
37.00339889526367,2.2603113651275635,-0.0002104417944792
11.31826400756836,2.2491259574890137,0.005098579917103
38.215644836425774,2.2602803707122803,-0.0001957502827281
34.866973876953125,2.2586257457733154,0.000592223717831
48.45368957519531,2.2595782279968266,0.0001387812662869
9.013802528381348,2.228093385696411,0.0149687081575393
51.15423202514648,2.2607436180114746,-0.0004165231075603
34.26685333251953,2.258273839950561,0.0007596893701702
32.8145637512207,2.2588951587677,0.0004640046099666
42.572513580322266,2.259746789932251,5.853639231645502e-05
30.210042953491207,2.260946989059448,-0.0005133973900228
4.164833068847656,1.967572927474976,0.1247314736247062
32.03440856933594,2.259615421295166,0.0001210457994602
14.85897159576416,2.2576549053192134,0.0010542080271989
31.350269317626957,2.26023268699646,-0.0001729825162328
9.961992263793944,2.239490032196045,0.0096387779340147
12.93858814239502,2.2551009654998775,0.002267783973366
46.2452507019043,2.259449958801269,0.0001998486404772
28.26565361022949,2.2607936859130855,-0.0004403588827699
35.73114776611328,2.2594263553619385,0.000211115766433
13.598719596862791,2.2562057971954346,0.0017430309671908
49.10182189941406,2.260047197341919,-8.46554248710163e-05
53.18263626098633,2.259490489959717,0.000180543094757
30.1500301361084,2.2609691619873047,-0.0005239414749667
35.05901336669922,2.2587928771972656,0.0005126599571667
16.14322853088379,2.2588775157928467,0.0004723856691271
17.547510147094727,2.259371280670166,0.0002372700400883
38.13162612915039,2.260312080383301,-0.0002108526678057
19.923984527587887,2.2595415115356445,0.0001562992110848
24.052810668945312,2.259777307510376,4.393652125145309e-05
19.31186294555664,2.2593743801116943,0.0002358706260565
52.99059677124024,2.2596564292907715,0.0001015441594063
52.29446029663086,2.2602155208587646,-0.0001648651523282
45.51310348510742,2.259845495223999,1.1522601198521444e-05
34.20684051513672,2.258262634277344,0.0007650281768292
33.57071304321289,2.2583768367767334,0.0007107519777491
46.85737228393555,2.2591748237609863,0.0003308254817966
42.800559997558594,2.259877443313598,-3.7317636270017833e-06
3.276655435562134,1.8367050886154173,0.1708466410636901
35.635128021240234,2.259336233139038,0.0002540175337344
36.403282165527344,2.259986639022827,-5.581886216532439e-05
12.998600006103516,2.2552251815795894,0.0022087499964982
20.044008255004883,2.2595789432525635,0.0001383940834784
23.80076026916504,2.259840726852417,1.3687425962416457e-05
41.696338653564446,2.2591707706451416,0.0003327679296489
53.08661651611328,2.259573459625244,0.000141014374094
0.3120624125003814,1.09502911567688,0.3044107556343078
12.890578269958496,2.254997491836548,0.0023169375490397
42.68053436279297,2.259810447692871,2.820732152031269e-05
34.61492156982422,2.258432149887085,0.0006843878072686
45.477096557617195,2.2598636150360107,2.837559804902412e-06
49.47389602661133,2.260298728942871,-0.0002044089342234
47.409481048583984,2.25909161567688,0.0003704724076669
22.528505325317383,2.260043144226074,-8.270316902780905e-05
24.74894905090332,2.2596046924591064,0.0001261132856598
50.26605224609375,2.260680675506592,-0.000386502535548
25.013002395629883,2.2595529556274414,0.0001507821580162
8.233646392822266,2.213740110397339,0.0216194596141576
36.84737014770508,2.260246992111206,-0.0001797598524717
39.70394134521485,2.259281635284424,0.0002800358342938
42.05641174316406,2.2594125270843506,0.0002177037822548
19.023805618286133,2.259337902069092,0.0002532067592255
14.282856941223145,2.2569830417633057,0.0013736458495259
40.47209548950195,2.2588253021240234,0.0004972320166416
52.222442626953125,2.260266065597534,-0.0001889045088319
15.567113876342772,2.2584099769592285,0.0006949761300347
22.27645492553711,2.260047435760498,-8.478242671117185e-05
15.387077331542969,2.2582342624664307,0.0007785438210703
51.52630615234375,2.260641574859619,-0.0003678547218441
49.62992477416992,2.2603931427001958,-0.0002494609507266
53.85477066040039,2.2589473724365234,0.0004391852417029
52.97859573364258,2.259666681289673,9.6625073638279e-05
46.6533317565918,2.2592523097991943,0.0002940135018434
28.56571388244629,2.260924816131592,-0.0005029021413065
3.7087416648864746,1.905656218528748,0.1473226994276046
20.740148544311523,2.2597951889038086,3.542342165019363e-05
20.980195999145508,2.25986123085022,3.930370894522639e-06
15.423084259033203,2.258270502090454,0.0007613482885062
52.462493896484375,2.2600913047790527,-0.0001055838147294
27.65353012084961,2.2604467868804927,-0.0002750463027041
46.08921813964844,2.2595341205596924,0.0001597560330992
2.5685136318206787,1.7006114721298218,0.2120959311723709
25.72114372253418,2.2595081329345703,0.0001721269945846
45.17703628540039,2.2600042819976807,-6.413889059331268e-05
20.032007217407227,2.2595751285552974,0.0001401986810378
1.272254467010498,1.3787218332290647,0.28073650598526
38.1916389465332,2.2602899074554443,-0.0002002586843445
29.561912536621094,2.2610926628112797,-0.0005828997236676
36.9313850402832,2.2602834701538086,-0.0001971661840798
39.0078010559082,2.259816169738769,2.5491899577900767e-05
4.0808162689208975,1.9569599628448489,0.1287012994289398
44.32486343383789,2.260240077972412,-0.0001765400666045
6.961392402648926,2.1767306327819824,0.038448728621006
31.086217880249023,2.260442018508911,-0.0002726861857809
44.9849967956543,2.260081052780152,-0.0001007106911856
42.48849868774414,2.259695291519165,8.303774666273966e-05
8.641728401184082,2.2219033241271973,0.0178453382104635
0.3960792124271392,1.1205825805664062,0.3038036823272705
24.220844268798828,2.2597339153289795,6.461646989919245e-05
35.64712905883789,2.259347438812256,0.0002486215380486
2.68853759765625,1.7257272005081177,0.2050101906061172
7.921584129333496,2.2064192295074463,0.0249850060790777
16.371274948120117,2.259019613265991,0.000404815073125
39.43988800048828,2.259485244750977,0.0001830093824537
3.0606122016906734,1.7982662916183472,0.1832014769315719
32.44248962402344,2.25922966003418,0.0003048073558602
32.11842346191406,2.259535789489746,0.0001589982566656
22.396478652954105,2.260047197341919,-8.460459503112362e-05
47.99760055541992,2.2592897415161133,0.0002760960778687
3.288657665252685,1.838762044906616,0.1701700985431671
24.96499252319336,2.2595615386962886,0.0001467709516873
44.37287521362305,2.260234832763672,-0.000173962325789
9.121824264526367,2.2296876907348637,0.014225672930479
53.96279144287109,2.2588737010955806,0.0004742053861264
40.04000854492188,2.259044885635376,0.0003926992358174
35.347068786621094,2.2590615749359126,0.0003847539483103
46.96539306640625,2.2591423988342285,0.0003463123284745
27.569513320922848,2.2603938579559326,-0.0002497486420907
28.493698120117188,2.2608964443206787,-0.0004892768920399
39.85997009277344,2.259166955947876,0.0003345791483297
10.190037727355955,2.241503953933716,0.0086924144998192
29.93398666381836,2.2610342502593994,-0.0005550262285396
17.3194637298584,2.259347677230835,0.000248534430284
38.83976745605469,2.259934902191162,-3.115168146905489e-05
3.9967994689941406,1.9459977149963377,0.1327595561742782
51.46629333496094,2.2606630325317383,-0.0003780890256166
51.35827255249024,2.2606968879699707,-0.0003942290204577
29.225845336914062,2.26108717918396,-0.000580211461056
39.58391571044922,2.259373188018799,0.0002363889943808
17.64352798461914,2.259376287460327,0.0002349077840335
10.89818000793457,2.2466397285461426,0.0062729935161769
38.94778823852539,2.259859561920166,4.827908469451359e-06
0.960192024707794,1.289256572723389,0.2921262681484222
51.1782341003418,2.260739326477051,-0.0004144641570746
11.030205726623535,2.2474637031555176,0.0058840233832597
37.45949172973633,2.260410785675049,-0.0002578193088993
19.19183921813965,2.2593541145324707,0.0002454632776789
39.72794723510742,2.259263515472412,0.0002886164584197
21.79636001586914,2.260017871856689,-7.060511416057125e-05
15.72314453125,2.258551359176636,0.0006276738713495
22.19243812561035,2.2600460052490234,-8.40198845253326e-05
24.14883041381836,2.2597525119781494,5.5742762924637645e-05
23.332666397094727,2.2599444389343266,-3.566059604054317e-05
25.769153594970703,2.259512186050415,0.0001701961155049
1.6803361177444458,1.4895122051239014,0.2618788480758667
4.200839996337891,1.9720165729522705,0.123057410120964
14.630926132202148,2.257382869720459,0.0011834726901724
47.63752746582031,2.2591326236724854,0.0003509212110657
47.07341384887695,2.2591168880462646,0.0003584940859582
35.39508056640625,2.2591073513031006,0.0003629484563134
7.033406734466553,2.1794326305389404,0.0372357070446014
40.02800750732422,2.2590527534484863,0.0003890278749167
8.689738273620605,2.2227659225463867,0.0174452103674411
26.969394683837887,2.260007858276367,-6.585683877347037e-05
51.23824691772461,2.2607271671295166,-0.0004086557892151
4.6449289321899405,2.0219738483428955,0.1037555038928985
25.32506561279297,2.259512424468994,0.0001701159490039
25.565113067626957,2.259502410888672,0.000174926710315
7.273454666137694,2.1878073215484615,0.0334602110087871
38.82776641845703,2.2599432468414307,-3.504280175548047e-05
19.551910400390625,2.259432792663574,0.0002080482372548
32.43048477172852,2.259240865707397,0.0002994734968524
15.351070404052734,2.258197546005249,0.0007959704962559
16.69533920288086,2.259177923202514,0.0003294180496595
37.97559356689453,2.2603602409362797,-0.0002337208134122
26.477294921875,2.2597281932830806,6.739512900821865e-05
35.92318344116211,2.25960111618042,0.0001278254203498
22.120424270629883,2.2600433826446533,-8.278318273369224e-05
38.31166076660156,2.260239362716675,-0.0001762120809871
25.781156539916992,2.2595133781433105,0.0001696299441391
51.51430130004882,2.260646104812622,-0.0003699731605593
31.45829200744629,2.260141372680664,-0.0001294394896831
43.55671310424805,2.260183095932007,-0.0001493703020969
29.141828536987305,2.2610771656036377,-0.0005755072925239
47.52950668334961,2.2591066360473637,0.0003633525921031
26.60932159423828,2.259796380996704,3.4923068596981466e-05
26.7773551940918,2.2598910331726074,-1.0274103260599077e-05
16.89937973022461,2.2592520713806152,0.0002940774720627
47.805561065673835,2.259195566177368,0.0003209396090824
39.07981491088867,2.259762763977051,5.0832426495617256e-05
42.656532287597656,2.259796380996704,3.482444299152121e-05
53.65073013305664,2.2590999603271484,0.0003665565454866
41.144229888916016,2.2588460445404053,0.0004874159640166
20.68013572692871,2.259777784347534,4.377631194074638e-05
30.54611015319824,2.260792016983032,-0.0004395313735585
0.5401080250740051,1.1642234325408936,0.3020471036434173
11.366272926330566,2.249384880065918,0.0049762120470404
45.5010986328125,2.259851455688477,8.614694706921e-06
46.029205322265625,2.2595670223236084,0.0001440792984794
6.841368198394776,2.172018051147461,0.0405585616827011
29.32186508178711,2.261094331741333,-0.0005836361669935
43.3166618347168,2.26011061668396,-0.0001148235387518
38.035606384277344,2.260343313217163,-0.0002257402811665
25.673133850097656,2.2595052719116206,0.000173539345269
29.357872009277344,2.261095762252808,-0.0005843772669322
50.001998901367195,2.2605826854705806,-0.0003398161788936
16.70734214782715,2.2591826915740967,0.0003270845627412
37.57951736450195,2.260414361953736,-0.0002595254045445
42.47649383544922,2.259687662124634,8.659688319312409e-05
22.21644401550293,2.2600464820861816,-8.431248716078697e-05
2.4124825000762935,1.666717529296875,0.2212736755609512
28.661731719970703,2.26095986366272,-0.0005196022684685
15.93918800354004,2.2587294578552246,0.0005429328302852
4.464892864227295,2.002760887145996,0.1112830936908721
1.800360083580017,1.5205386877059937,0.2556820213794708
23.260652542114254,2.259958028793335,-4.2079198465216905e-05
13.682736396789553,2.2563130855560303,0.0016920623602345
30.246049880981445,2.260932922363281,-0.0005066783051006
15.459092140197754,2.25830602645874,0.0007443889626301
3.5527105331420894,1.8819539546966555,0.1556048840284347
5.50910186767578,2.0977873802185054,0.0727934315800666
27.185436248779297,2.260145425796509,-0.0001314606197411
10.86217212677002,2.246408462524414,0.0063821803778409
50.27805709838867,2.2606844902038574,-0.0003882430901285
12.794558525085447,2.254779100418091,0.0024205818772315
45.81316375732422,2.25968599319458,8.746344974497333e-05
53.014602661132805,2.2596356868743896,0.0001113945618271
15.195038795471191,2.258033514022827,0.0008740237681195
47.45749282836913,2.259095907211304,0.0003684286784846
18.123624801635746,2.259368658065796,0.0002385891420999
4.5129027366638175,2.00801682472229,0.1092366725206375
10.514102935791016,2.244025707244873,0.0075055095367133
49.11382293701172,2.2600557804107666,-8.872006583260371e-05
40.84416961669922,2.2587664127349854,0.0005253223935142
28.325664520263672,2.260822534561157,-0.000454039662145
5.857171535491944,2.121605634689331,0.0626555383205413
21.23224639892578,2.2599222660064697,-2.5067240130738355e-05
29.897979736328125,2.261042833328247,-0.0005591490189544
40.760150909423835,2.2587661743164062,0.0005254167481325
26.177234649658203,2.25960111618042,0.0001278911513509
9.937987327575684,2.2392647266387935,0.0097446255385875
44.76895523071289,2.2601523399353027,-0.0001346566423308
41.50429916381836,2.2590479850769043,0.0003912356332875
19.3958797454834,2.259393215179444,0.0002269100077683
47.66153335571289,2.2591402530670166,0.0003473300894256
18.39967918395996,2.2593510150909424,0.0002469342434778
26.309261322021484,2.259651660919189,0.0001038468326441
48.11762237548828,2.2593584060668945,0.0002434780471958
13.958791732788086,2.25663423538208,0.0015394401270896
0.0840167999267578,1.0255569219589231,0.3044544756412506
50.314064025878906,2.2606949806213374,-0.000393258058466
45.11702346801758,2.260029554367065,-7.616044604219496e-05
22.08441734313965,2.2600417137146,-8.196310227504e-05
35.2990608215332,2.2590160369873047,0.000406483275583
4.872974395751953,2.044474601745605,0.0947751030325889
9.049810409545898,2.2286343574523926,0.0147166363894939
50.62612533569336,2.2607579231262207,-0.0004232903011143
51.550308227539055,2.2606325149536133,-0.0003635112952906
25.1810359954834,2.259527921676636,0.000162778655067
34.47089385986328,2.2583463191986084,0.0007251971401274
30.82216453552246,2.260627508163452,-0.0003611097345128
41.012203216552734,2.2587947845458984,0.0005118454573675
35.01100158691406,2.258749961853028,0.0005331241409294
9.37387466430664,2.2330851554870605,0.0126395337283611
14.354870796203612,2.25706148147583,0.0013363303150981
47.16943359375,2.2591006755828857,0.0003661995579022
38.455692291259766,2.2601687908172607,-0.0001425999507773
5.401080131530762,2.089660167694092,0.076207973062992
4.068813800811768,1.9554154872894287,0.1292756646871566
3.492698431015014,1.8724809885025024,0.1588578224182128
39.94398880004882,2.259108543395996,0.0003624696109909
28.46969413757324,2.2608864307403564,-0.0004845326184295
47.37347412109375,2.2590899467468266,0.0003713321639224
52.4384880065918,2.2601094245910645,-0.0001143060944741
53.81876373291016,2.2589731216430664,0.0004269366618245
53.6627311706543,2.2590904235839844,0.0003710262244567
48.29766082763672,2.259471893310547,0.0001893998560262
51.03420639038086,2.260760545730591,-0.0004245385935064
24.784957885742188,2.259597063064575,0.0001298176212003
38.51570129394531,2.260136604309082,-0.0001271621877094
48.021602630615234,2.259303092956543,0.0002698267926461
31.78235626220703,2.259851455688477,8.584683200751897e-06
18.92778587341309,2.259333848953247,0.0002551756333559
25.6611328125,2.259504556655884,0.0001738138234941
12.962592124938965,2.2551512718200684,0.0022438538726419
41.20424270629882,2.258876323699951,0.0004730304062832
8.61772346496582,2.2214646339416504,0.0180487483739852
53.73474884033203,2.259035110473633,0.0003973643761128
22.61252212524414,2.2600386142730717,-8.057711238507181e-05
38.983795166015625,2.259833574295044,1.717341183393728e-05
39.81196212768555,2.2592015266418457,0.0003181334468536
43.29265975952149,2.2601020336151123,-0.0001107285643229
12.242448806762695,2.253199577331543,0.003169931937009
18.459692001342773,2.2593472003936768,0.0002487719175405
52.174434661865234,2.260298728942871,-0.0002044330176431
37.195438385009766,2.2603695392608643,-0.0002382183301961
18.843769073486328,2.259332656860352,0.0002557037805672
38.8997802734375,2.2598934173583984,-1.1368283594492825e-05
41.576316833496094,2.2590932846069336,0.0003697215870488
28.1456298828125,2.260732889175415,-0.0004114106413908
4.8609724044799805,2.0433378219604488,0.0952330231666564
10.03400707244873,2.240150451660156,0.0093286260962486
3.3486697673797607,1.848923683166504,0.1668049395084381
24.244848251342773,2.259727716445923,6.757031223969534e-05
25.493099212646484,2.2595031261444087,0.0001745631743688
46.04120635986328,2.2595605850219727,0.0001472213625675
22.02440452575684,2.2600381374359126,-8.029810851439834e-05
32.946590423583984,2.2587852478027344,0.000516285537742
7.6815361976623535,2.200108051300049,0.0278719775378704
51.69433975219727,2.2605717182159424,-0.0003345173608977
12.72254467010498,2.2546050548553467,0.0025031606201082
21.736347198486328,2.2600107192993164,-6.718300573993474e-05
27.521503448486328,2.2603631019592285,-0.0002351354487473
49.917984008789055,2.260544776916504,-0.0003217638004571
34.08681869506836,2.2582528591156006,0.0007696548127569
38.707740783691406,2.2600221633911133,-7.264014857355505e-05
52.762554168701165,2.2598502635955806,9.246695299225392e-06
13.310662269592283,2.2557888031005855,0.0019411580869928
14.330865859985352,2.257035255432129,0.0013488456606864
36.27125549316406,2.259889841079712,-9.706497621664312e-06
47.15743255615234,2.2591023445129395,0.0003654083993751
24.532907485961918,2.259654998779297,0.0001022219439619
20.020004272460938,2.2595715522766118,0.0001420006738044
20.65613174438477,2.2597706317901607,4.7163048293441534e-05
40.316062927246094,2.258889675140381,0.000466601079097
44.88897705078125,2.2601146697998047,-0.0001168000162579
44.99699783325195,2.2600765228271484,-9.859199781203641e-05
24.72494506835937,2.259610176086426,0.0001235935778822
5.581116199493408,2.1030070781707764,0.0705884099006652
9.68593692779541,2.236724138259888,0.0109363226220011
18.639728546142575,2.2593374252319336,0.0002534443046897
29.549909591674805,2.2610933780670166,-0.0005832557799294
43.04060745239258,2.259997844696045,-6.114954885561019e-05
47.81756210327149,2.2592008113861084,0.0003184390661772
32.922584533691406,2.2588047981262207,0.00050699460553
48.63372802734375,2.2597067356109615,7.758410356473178e-05
28.40968132019043,2.260860681533813,-0.0004722421581391
19.04780960083008,2.259339570999145,0.0002524571900721
12.470494270324709,2.253922462463379,0.0028270080219954
16.27525520324707,2.258962869644165,0.0004318017454352
28.8537712097168,2.261018753051758,-0.0005476818769238
41.64833068847656,2.2591395378112797,0.0003476919955573
37.687538146972656,2.260409355163574,-0.000257226958638
36.60732269287109,2.260119676589966,-0.0001191243936773
29.297859191894528,2.2610929012298584,-0.000582976907026
43.424686431884766,2.2601463794708248,-0.0001318303111474
27.149429321289062,2.260122299194336,-0.0001203882857225
52.666534423828125,2.2599294185638428,-2.8529835617518984e-05
49.53390502929688,2.260335922241211,-0.0002221704344265
44.516902923583984,2.2602124214172363,-0.0001633233769098
34.54290771484375,2.2583854198455806,0.0007065792451612
33.198638916015625,2.2585949897766118,0.0006069240625947
29.249849319458008,2.261089324951172,-0.0005812640301883
29.393878936767575,2.261096715927124,-0.0005848197615705
48.87377548217773,2.2598822116851807,-6.013057827658486e-06
26.021203994750977,2.259554386138916,0.0001501361548434
18.13562774658203,2.2593679428100586,0.0002389097498962
16.023204803466797,2.2587928771972656,0.0005127452895976
19.17983627319336,2.259352684020996,0.0002462228294461
13.622724533081056,2.256237030029297,0.0017282001208513
38.58771896362305,2.260095357894897,-0.0001075965628842
9.145829200744629,2.230030298233032,0.0140658617019653
29.813962936401367,2.26106071472168,-0.0005675833672285
17.30746078491211,2.259346008300781,0.0002493685751687
4.6329264640808105,2.0207343101501465,0.1042450293898582
5.5571112632751465,2.101284503936768,0.0713171064853668
7.801560401916504,2.2033379077911377,0.0263961497694253
53.398681640625,2.2593057155609126,0.0002685414510779
28.33766746520996,2.260828018188477,-0.0004567090945784
6.99739933013916,2.178093194961548,0.0378373749554157
37.2314453125,2.260377883911133,-0.000242169277044
47.25345230102539,2.259092092514038,0.0003702747344505
49.60592269897461,2.2603790760040283,-0.000242774549406
50.14603042602539,2.260640382766724,-0.0003672377497423
29.94598960876465,2.261031150817871,-0.0005535844247788
43.62872695922852,2.260200023651123,-0.0001573909539729
42.236446380615234,2.259532928466797,0.0001602949632797
52.810562133789055,2.259809970855713,2.8420035960152745e-05
27.065412521362305,2.260068416595459,-9.473384852753952e-05
47.181434631347656,2.259099006652832,0.0003669397265184
0.9121824502944946,1.2751966714859009,0.2935956716537475
2.700540065765381,1.7281928062438965,0.2043015956878662
35.51510238647461,2.2592220306396484,0.0003083372721448
9.085817337036131,2.22916579246521,0.014468977227807
44.30086135864258,2.260242462158203,-0.000177644440555
47.21744537353516,2.2590949535369877,0.00036884797737
0.5761152505874633,1.1750887632369995,0.3014702498912811
2.484496831893921,1.68253493309021,0.2170459032058715
37.96359252929688,2.260363340377808,-0.0002351923903916
32.382476806640625,2.259285688400269,0.0002780603535939
44.19283676147461,2.260249614715576,-0.0001810761459637
44.42088317871094,2.260228395462036,-0.0001708966301521
37.351470947265625,2.260399341583252,-0.0002524307928979
30.750150680541992,2.2606735229492188,-0.0003830201749224
20.200040817260746,2.2596285343170166,0.0001147850271081
50.938186645507805,2.260768175125122,-0.0004282048321329
36.57131576538086,2.2600977420806885,-0.0001087018245016
16.359272003173828,2.2590126991271973,0.0004080717044416
36.70334243774414,2.260174512863159,-0.0001452615833841
3.4446890354156494,1.8647581338882449,0.1614855527877807
53.00260162353516,2.259645938873291,0.0001064674579538
14.882976531982422,2.2576828002929688,0.0010408771922811
48.15362930297852,2.2593801021575928,0.0002331134892301
7.309462070465088,2.188985109329224,0.0329273827373981
6.637327671051025,2.1633660793304443,0.0444123297929763
46.59331893920898,2.2592782974243164,0.000281613523839
40.55611038208008,2.2587993144989014,0.0005095906672067
48.057613372802734,2.2593233585357666,0.0002601772430352
0.6601320505142211,1.200352907180786,0.299916386604309
40.628124237060554,2.2587826251983643,0.0005175959668122
48.1296272277832,2.259365558624268,0.0002400508237769
9.79395866394043,2.2378530502319336,0.010407006368041
52.69053649902344,2.2599098682403564,-1.916398286994081e-05
12.986597061157228,2.255200862884521,0.0022203468251973
43.6167221069336,2.260197401046753,-0.0001561310637043
51.11822509765625,2.260749578475952,-0.0004193271743133
10.02200412750244,2.240041971206665,0.009379562921822
34.24284744262695,2.2582688331604004,0.0007620750111527
4.596919536590576,2.016981363296509,0.1057240441441535
29.597919464111328,2.2610900402069087,-0.0005816283519379
36.46329116821289,2.260028123855591,-7.548528810730204e-05
18.195638656616207,2.259364366531372,0.0002406023268122
37.25545120239258,2.2603828907012935,-0.0002445801510475
49.98999786376953,2.260577440261841,-0.0003373275976628
40.30406188964844,2.2588953971862797,0.0004638714308384
4.1408281326293945,1.9645758867263796,0.1258566230535507
7.009401798248291,2.178542137145996,0.037635751068592
18.93978881835937,2.2593340873718266,0.0002550140197854
25.697139739990234,2.2595064640045166,0.0001728967035887
33.918785095214844,2.258265733718872,0.0007635660585947
35.4550895690918,2.259164810180664,0.0003356396337039
35.7071418762207,2.259403944015503,0.0002217793226009
11.714343070983888,2.251104593276977,0.0041624582372605
33.894779205322266,2.258270025253296,0.0007615820504724
19.38387680053711,2.259390354156494,0.0002282664063386
40.928184509277344,2.2587757110595703,0.0005209071678109
0.744148850440979,1.2254742383956907,0.2980791330337524
45.621124267578125,2.259789228439331,3.821941209025681e-05
17.66753387451172,2.259377241134644,0.0002345143147977
10.574114799499512,2.244457006454468,0.0073023648001253
50.09801864624024,2.260622262954712,-0.0003586066013667
7.633526802062989,2.1987712383270264,0.0284817386418581
47.96159362792969,2.2592706680297847,0.0002852427423931
35.31106185913086,2.2590274810791016,0.0004010600969195
41.31226348876953,2.258934497833252,0.0004453047586139
16.983396530151367,2.259277105331421,0.0002821372472681
36.83536529541016,2.260241270065308,-0.0001771073293639
21.148229598999023,2.2599029541015625,-1.592320404597558e-05
47.721546173095696,2.2591614723205566,0.0003371826023794
17.895578384399414,2.259377956390381,0.0002341866493225
50.50609970092773,2.260739803314209,-0.000414642621763
45.633125305175774,2.2597830295562744,4.123843973502517e-05
40.532108306884766,2.2588062286376958,0.0005063799908384
15.015003204345703,2.2578344345092773,0.0009687271667644
25.553110122680664,2.259502410888672,0.0001749351358739
12.674534797668455,2.254483938217163,0.0025606004055589
29.6699333190918,2.261082887649536,-0.0005781700601801
28.097620010375977,2.2607076168060303,-0.0003992766141891
9.025805473327635,2.2282748222351074,0.014884190633893
4.83696746826172,2.0410492420196533,0.0961536392569541
17.187437057495117,2.2593255043029785,0.000259147316683
11.258251190185549,2.2487950325012207,0.0052549857646226
37.11142349243164,2.2603468894958496,-0.0002274469734402
1.6083216667175293,1.4705442190170288,0.2654720842838287
50.79415893554688,2.260770082473755,-0.0004291225923225
25.061012268066406,2.259545087814331,0.0001545478880871
16.947389602661133,2.2592668533325195,0.0002870724711101
12.842568397521973,2.254890203475952,0.0023678550496697
19.959991455078125,2.2595527172088623,0.0001509647117927
21.82036399841309,2.26002049446106,-7.187353185145184e-05
21.92838478088379,2.26003098487854,-7.686250319238752e-05
36.97939682006836,2.2603023052215576,-0.0002061872073682
48.62172317504882,2.259697914123535,8.172634989023209e-05
15.219043731689451,2.25805926322937,0.0008617580169811
36.1992416381836,2.259833812713623,1.6982099623419344e-05
14.378875732421877,2.2570879459381104,0.0013237226521596
10.286057472229004,2.2422888278961186,0.0083232475444674
28.361671447753903,2.2608389854431152,-0.0004619796236511
16.1312255859375,2.258869409561157,0.0004762738535646
31.79435920715332,2.2598404884338374,1.3864988432032987e-05
21.712343215942383,2.260007619857788,-6.571453559445217e-05
2.268453598022461,1.6341949701309204,0.229660764336586
36.75135040283203,2.260200023651123,-0.0001574011112097
5.317063331604004,2.0830864906311035,0.0789531618356704
49.353870391845696,2.260221004486084,-0.0001674255763646
16.755352020263672,2.259201765060425,0.0003180722997058
39.33186721801758,2.2595696449279785,0.0001428151736035
15.699139595031738,2.258530139923096,0.0006377040408551
24.676935195922848,2.2596209049224854,0.0001184421635116
48.933788299560554,2.259926080703736,-2.6901261662715115e-05
24.472894668579105,2.2596697807312007,9.518978185951708e-05
24.184837341308597,2.2597432136535645,6.018052954459562e-05
28.68573760986328,2.2609682083129883,-0.0005235069547779
22.37247467041016,2.260047435760498,-8.475896902382374e-05
23.692739486694336,2.259866714477539,1.3230195463620475e-06
37.8315658569336,2.2603912353515625,-0.0002485866716597
35.32306289672852,2.25903868675232,0.0003956304281018
17.139427185058594,2.259315729141236,0.0002638157166074
34.60292053222656,2.2584238052368164,0.0006883269525133
16.34726905822754,2.2590057849884038,0.000411361688748
5.91718339920044,2.125364065170288,0.0610380470752716
29.88597679138184,2.2610456943511963,-0.000560455606319
10.1060209274292,2.2407877445220947,0.0090291248634457
14.498899459838867,2.2572243213653564,0.001258885487914
20.10402107238769,2.259598016738892,0.000129338906845
8.125624656677246,2.2113165855407715,0.0227356124669313
2.1604321002960205,1.609034538269043,0.2358647733926773
3.1566312313079834,1.8156819343566892,0.177671730518341
42.872573852539055,2.259915590286255,-2.191015664720908e-05
37.291458129882805,2.260389804840088,-0.0002478608221281
44.27685546875,2.260244607925415,-0.0001786250795703
0.2160432040691375,1.0657800436019895,0.3047178983688354
6.385277271270752,2.1514673233032227,0.0496709421277046
28.013603210449215,2.260661602020264,-0.0003773393982555
22.04841041564941,2.260039567947388,-8.100877312244846e-05
39.967994689941406,2.259092092514038,0.0003702039830386
37.651531219482415,2.2604119777679443,-0.0002583945461083
3.5167033672332764,1.8762941360473635,0.157552346587181
5.341068267822266,2.08498764038086,0.0781608074903488
24.808961868286133,2.259592056274414,0.000132234301418
8.725745201110838,2.223400115966797,0.0171509087085723
39.69193649291992,2.2592906951904297,0.0002757241600193
14.114823341369627,2.256803035736084,0.0014592157676815
52.138427734375,2.260322570800781,-0.0002158068673452
22.312461853027344,2.2600476741790767,-8.488526509609073e-05
41.63632583618164,2.259131669998169,0.0003513951669447
28.877775192260746,2.2610251903533936,-0.0005506714223884
23.50069999694824,2.2599101066589355,-1.9330213035573248e-05
1.1762351989746094,1.3515788316726685,0.2845608592033386
3.144629001617432,1.813534140586853,0.1783598065376281
49.01780319213867,2.2599871158599854,-5.5951681133592495e-05
36.43928909301758,2.260011672973633,-6.771975313313305e-05
9.109822273254393,2.229514837265014,0.0143062938004732
4.932986736297608,2.0500833988189697,0.0925089493393898
46.19723892211913,2.2594757080078125,0.0001876504247775
32.59851837158203,2.259085893630981,0.0003732336917892
42.176433563232415,2.259493112564087,0.0001792977564036
24.94098854064941,2.259565830230713,0.0001446783862775
17.763553619384766,2.2593789100646973,0.0002336654433747
4.332866668701172,1.987786054611206,0.1170598939061164
23.78875732421875,2.2598438262939453,1.2291441635170486e-05
32.46649169921875,2.259207248687744,0.0003154491423629
51.07021331787109,2.260756254196167,-0.0004225337470415
6.229245662689209,2.143373250961304,0.0532204732298851
45.52510452270508,2.2598392963409424,1.4443003237829544e-05
23.24864959716797,2.259960174560547,-4.3112559069413685e-05
24.10082054138184,2.2597649097442627,4.9831298383651294e-05
49.64192962646485,2.2604000568389893,-0.0002527688629925
47.745548248291016,2.2591707706451416,0.0003327731683384
51.57431411743164,2.2606229782104488,-0.0003590265405364
32.514503479003906,2.259162664413452,0.000336618424626
22.55251121520996,2.2600419521331787,-8.216776041081174e-05
26.41728401184082,2.2596993446350098,8.109518967103213e-05
44.6849365234375,2.2601752281188965,-0.0001455821475246
13.670734405517578,2.256298065185547,0.0016991869779303
24.556911468505856,2.25964903831482,0.0001049947604769
15.339067459106444,2.258185386657715,0.0008018298540264
41.85237121582031,2.2592747211456294,0.0002833245962392
11.978395462036133,2.252227783203125,0.0036304772365838
38.09561920166016,2.260324478149414,-0.0002167367929359
18.33966827392578,2.259355068206787,0.0002450450556352
34.302860260009766,2.2582826614379883,0.0007554730982519
23.824764251708984,2.2598350048065186,1.649442310736049e-05
26.44128799438477,2.2597105503082275,7.570096931885928e-05
43.80876159667969,2.260231733322144,-0.0001725481415633
7.741548538208006,2.20174241065979,0.0271256528794765
3.9367873668670654,1.937949299812317,0.1357117295265197
34.326866149902344,2.2582895755767822,0.0007522296509705
29.969993591308597,2.2610249519348145,-0.0005505995359271
25.469093322753903,2.2595038414001465,0.0001742268068483
6.901380062103272,2.174407720565796,0.0394896119832992
6.46929407119751,2.155590057373047,0.0478543639183044
44.240848541259766,2.260246992111206,-0.0001798629964469
53.482696533203125,2.259235620498657,0.0003019685682374
10.166032791137695,2.241302251815796,0.0087872697040438
9.433886528015137,2.2338311672210693,0.0122906528413295
43.91678237915039,2.260243654251098,-0.0001782361650839
10.046009063720703,2.2402582168579106,0.0092779844999313
17.739547729492188,2.2593786716461186,0.0002337732730666
39.883975982666016,2.25915002822876,0.0003426700714044
40.4240837097168,2.258842945098877,0.0004888158291578
15.135026931762695,2.2579684257507324,0.0009050741791725
48.861770629882805,2.2598733901977535,-1.8268667645315877e-06
16.40728187561035,2.259039640426636,0.0003952452098019
1.0202040672302246,1.306729435920715,0.2901776731014251
42.34446716308594,2.25960373878479,0.0001265985774807
17.835567474365234,2.2593789100646973,0.0002337277546757
38.251651763916016,2.260265588760376,-0.0001887027610791
43.220645904541016,2.2600748538970947,-9.777209197636691e-05
33.738746643066406,2.258310079574585,0.0007424423238262
47.289459228515625,2.2590901851654053,0.0003712029138114
48.78975677490234,2.2598206996917725,2.3315327780437656e-05
24.208841323852536,2.259737014770508,6.313833000604063e-05
20.70414161682129,2.259784698486328,4.041507781948894e-05
38.76775360107422,2.25998330116272,-5.414939369075e-05
35.563114166259766,2.259267807006836,0.0002865450805984
43.25665283203125,2.2600886821746826,-0.000104375227238
29.177835464477536,2.26108193397522,-0.0005777167971245
15.147029876708984,2.257981538772583,0.0008988208719529
9.337867736816406,2.23262619972229,0.012854010798037
21.760351181030277,2.2600135803222656,-6.859470158815384e-05
23.71674346923828,2.25986123085022,4.029890533274737e-06
1.560312032699585,1.457755208015442,0.267810583114624
17.99159812927246,2.2593748569488525,0.0002355892647756
43.10062026977539,2.2600250244140625,-7.400791946565731e-05
32.73054504394531,2.2589678764343266,0.0004293775127734
6.085216999053955,2.1353733539581294,0.0567067898809909
23.59671974182129,2.2598888874053955,-9.24019423109712e-06
14.486897468566896,2.257210493087769,0.0012655288446694
34.050811767578125,2.25825309753418,0.0007695412496104
48.06961441040039,2.2593302726745605,0.0002568975614849
45.35707092285156,2.259922504425049,-2.519912050047424e-05
5.437087535858153,2.092409372329712,0.0750554651021957
35.57511520385742,2.259279251098633,0.0002811083104461
44.18083572387695,2.2602500915527344,-0.0001813009876059
52.28245544433594,2.2602241039276123,-0.0001689320197328
1.3682736158370972,1.4054850339889526,0.2766558229923248
7.849569797515869,2.204587936401367,0.025824062526226
15.795159339904783,2.258613109588623,0.0005983100272715
51.61032104492188,2.260608434677124,-0.0003520364698488
38.63572692871094,2.2600667476654053,-9.395306551596147e-05
25.949190139770508,2.2595381736755367,0.0001578619849169
8.533706665039062,2.2198894023895264,0.0187785122543573
26.585317611694336,2.2597835063934326,4.1046852857107297e-05
11.906381607055664,2.251936674118042,0.0037683642003685
23.15262985229492,2.259976625442505,-5.0987560825888074e-05
22.468494415283203,2.260045528411865,-8.378729398828e-05
25.685136795043945,2.2595057487487797,0.0001732337404973
33.30665969848633,2.258522748947144,0.0006412322400137
8.83376693725586,2.225237846374512,0.0162972472608089
13.55070972442627,2.256141901016236,0.0017733845161274
27.425485610961918,2.2603013515472408,-0.0002056583180092
44.8769760131836,2.2601187229156494,-0.0001187008238048
52.16243362426758,2.260306596755981,-0.0002082506543956
34.62692642211914,2.258440494537353,0.0006804016302339
23.54870986938477,2.259899616241455,-1.4348427612276282e-05
44.66093063354492,2.260181188583374,-0.0001484569365857
23.428686141967773,2.259925365447998,-2.654881791386288e-05
4.404881000518799,1.9960501194000244,0.1138816699385643
34.398880004882805,2.258314609527588,0.0007403669296763
27.58151626586914,2.260401487350464,-0.000253385544056
12.026405334472656,2.252415657043457,0.0035415126476436
5.48509693145752,2.0960123538970947,0.0735410898923873
15.3150634765625,2.2581605911254883,0.0008136230171658
43.96479415893555,2.2602472305297847,-0.0001799376914277
15.303060531616213,2.258147954940796,0.000819556415081
27.2574520111084,2.2601921558380127,-0.000153693545144
34.0388069152832,2.2582535743713374,0.0007693550433032
45.129024505615234,2.2600245475769043,-7.379749149549752e-05
43.19664001464844,2.2600653171539307,-9.323310223408045e-05
44.08481597900391,2.260251522064209,-0.0001819639583118
11.354270935058594,2.2493205070495605,0.0050065740942955
16.88737678527832,2.2592482566833496,0.0002959053381346
4.752950668334961,2.0328748226165767,0.0994268432259559
34.42288589477539,2.258324384689331,0.0007356847054325
35.44308853149414,2.259153366088867,0.0003411030629649
27.761552810668945,2.2605137825012207,-0.0003069162776228
20.248048782348636,2.259643793106079,0.0001075029722414
4.380876064300537,1.9933212995529173,0.1149337962269783
8.005600929260254,2.208487272262573,0.0240360926836729
53.278656005859375,2.259407758712769,0.0002199103182647
44.52890396118164,2.2602100372314453,-0.0001622434065211
1.1522305011749268,1.3447366952896118,0.2854745686054229
31.18223571777344,2.2603683471679688,-0.0002376280899625
35.959190368652344,2.2596330642700195,0.0001126958522945
35.50310134887695,2.259210586547852,0.000313793978421
49.52190399169922,2.260328531265259,-0.0002186598285334
22.564512252807617,2.2600414752960205,-8.187838102458046e-05
0.0600120015442371,1.0182501077651978,0.3043203651905059
51.0222053527832,2.2607617378234863,-0.0004251305654179
31.11022186279297,2.2604238986968994,-0.0002640580642037
5.7011404037475595,2.111363410949707,0.0670388713479042
20.60812187194824,2.259756088256836,5.4008600272936746e-05
50.866172790527344,2.2607705593109126,-0.0004293500969652
35.37107467651367,2.259084463119507,0.0003738584346137
49.7619514465332,2.2604665756225586,-0.000284493464278
44.02480316162109,2.260250329971313,-0.0001813483686419
32.95859146118164,2.2587757110595703,0.000520892557688
2.3524703979492188,1.6533098220825195,0.2247813493013382
45.465091705322266,2.2598695755004883,-3.107788160150449e-08
21.256250381469727,2.25992751121521,-2.7577505534281958e-05
34.962993621826165,2.2587077617645264,0.0005532349459826
13.094618797302246,2.2554130554199214,0.0021196347661316
6.277255535125732,2.145925760269165,0.0521035306155681
38.52770614624024,2.260129928588867,-0.0001239785633515
42.33246612548828,2.259596109390259,0.0001303046301472
32.37047576904297,2.2592968940734863,0.0002726895036175
10.298059463500977,2.242384672164917,0.0082782115787267
51.09421920776367,2.2607531547546387,-0.000421006581746
10.14202880859375,2.241098165512085,0.0088831922039389
5.017003536224365,2.0577292442321777,0.0894021317362785
2.496499300003052,1.685142159461975,0.2163397222757339
51.74234771728516,2.260549068450928,-0.0003237606724724
22.90057945251465,2.26001238822937,-6.807993486290798e-05
22.62452507019043,2.260037899017334,-8.021604298846796e-05
48.6937370300293,2.259750366210937,5.678573143086396e-05
46.437286376953125,2.2593514919281006,0.0002467330486979
31.65032958984375,2.259972095489502,-4.8800102376844734e-05
16.995399475097656,2.2592804431915283,0.0002805521653499
9.781956672668455,2.2377307415008545,0.0104643991217017
52.85857009887695,2.2597694396972656,4.775280467583798e-05
8.557711601257324,2.2203457355499268,0.0185671579092741
1.4162832498550415,1.4187158346176147,0.274525761604309
22.68453598022461,2.2600338459014893,-7.819820893928409e-05
16.959392547607422,2.259270429611206,0.000285397254629
23.30866241455078,2.2599489688873287,-3.784106593229808e-05
10.982196807861328,2.2471685409545894,0.0060233855620026
36.90738296508789,2.2602734565734863,-0.0001924018433783
53.758750915527344,2.2590172290802,0.0004059479106217
49.44989013671875,2.2602834701538086,-0.0001971624587895
0.8161632418632507,1.2468754053115845,0.2962864637374877
28.62572479248047,2.260947227478028,-0.0005135405808687
0.3840768039226532,1.1169353723526,0.3039095103740692
47.75755310058594,2.259175539016724,0.0003304977435618
2.9405882358551025,1.7757459878921509,0.1901842355728149
7.069413661956787,2.180749654769897,0.0366435721516609
3.0726144313812256,1.800472378730774,0.1825072467327117
29.873973846435547,2.2610483169555664,-0.0005617283168248
36.79935836791992,2.2602241039276123,-0.0001689044001977
25.08501625061035,2.259541273117065,0.0001563335245009
41.4922981262207,2.259040594100952,0.0003947640943806
10.97019386291504,2.247093915939331,0.0060585993342101
12.290457725524902,2.2533605098724365,0.0030936188995838
53.38667678833008,2.2593159675598145,0.0002637190918903
1.1042208671569824,1.3309879302978516,0.2872489392757415
11.126225471496582,2.2480385303497314,0.005612501874566
41.75635147094727,2.259210586547852,0.0003138955216854
36.523303985595696,2.2600674629211426,-9.429408237338066e-05
41.33626556396485,2.2589480876922607,0.0004388545348774
23.872774124145508,2.2598230838775635,2.216436223534401e-05
11.72634506225586,2.2511589527130127,0.0041366927325725
9.409881591796877,2.2335355281829834,0.0124289318919181
6.121224403381348,2.1374223232269287,0.0558159239590168
5.965193271636962,2.128300428390503,0.0597710162401199
25.87717628479004,2.2595255374908447,0.0001638480316614
17.511503219604492,2.259368896484375,0.0002384990366408
2.436487197875977,1.672023057937622,0.219866394996643
33.29465866088867,2.2585306167602535,0.0006375731318257
29.021804809570312,2.2610573768615723,-0.0005660772440023
43.436687469482415,2.260149955749512,-0.0001335741253569
20.812162399291992,2.2598156929016118,2.5633844416006468e-05
29.72994613647461,2.2610747814178467,-0.0005743539077229
38.05961227416992,2.26033616065979,-0.000222260467126
29.741949081420895,2.2610728740692134,-0.0005734886508435
29.489898681640625,2.261096239089966,-0.0005845297127962
41.06021118164063,2.25881028175354,0.0005044532008469
34.49489974975586,2.2583587169647217,0.0007193813216872
21.04020881652832,2.2598767280578613,-3.387970991752809e-06
53.92678451538086,2.258897542953491,0.000462835188955
50.53010559082031,2.260744094848633,-0.0004166669095866
2.3644728660583496,1.6560077667236328,0.2240811437368392
9.229846000671385,2.2311973571777344,0.0135213071480393
22.672534942626957,2.2600345611572266,-7.862997154006734e-05
6.709342002868652,2.166515350341797,0.0430125147104263
0.5161032080650328,1.1569687128067017,0.302401453256607
44.10882186889648,2.260251522064209,-0.0001819879980757
27.113422393798828,2.260099172592163,-0.0001093581522582
8.5097017288208,2.2194278240203857,0.0189921725541353
35.1910400390625,2.2589142322540283,0.0004549022705759
49.461891174316406,2.26029109954834,-0.0002007955336011
45.057010650634766,2.2600536346435547,-8.765387610765174e-05
43.58071517944336,2.2601890563964844,-0.0001521665690233
37.075416564941406,2.260335922241211,-0.0002221703325631
33.330665588378906,2.25850772857666,0.0006484303157776
39.57191467285156,2.259382486343384,0.0002319706400157
11.07821559906006,2.2477536201477046,0.0057470574975013
27.737546920776367,2.2604990005493164,-0.0002999071148224
4.296859264373779,1.98356568813324,0.118673637509346
18.315662384033203,2.259356737136841,0.0002442864060867
27.557512283325195,2.2603862285614014,-0.0002461048716213
14.426885604858398,2.2571418285369877,0.0012981832260265
19.059812545776367,2.259340286254883,0.0002520408306736
28.709741592407227,2.260976076126098,-0.0005273011047393
49.94198989868164,2.2605559825897217,-0.000327070854837
12.578516006469728,2.2542295455932617,0.0026813894510269
11.882376670837402,2.2518372535705566,0.0038155186921358
43.88077545166016,2.260240316390991,-0.0001766259520081
27.677536010742188,2.260461807250977,-0.0002821983071044
16.33526611328125,2.2589988708496094,0.0004146849969401
45.95719146728516,2.2596068382263184,0.0001251872745342
29.765953063964844,2.261069059371948,-0.0005716562154702
36.1152229309082,2.259765863418579,4.937070843880065e-05
7.813562870025635,2.203652620315552,0.0262521896511316
41.74435043334961,2.259202480316162,0.0003176869940944
39.271854400634766,2.2596163749694824,0.000120590593724
18.507701873779297,2.2593443393707275,0.0002501698036212
30.06601333618164,2.26099705696106,-0.000537316140253
12.878575325012209,2.254971027374268,0.0023294996935874
25.30105972290039,2.259514570236206,0.0001691038341959
22.804561614990234,2.2600231170654297,-7.311810622923075e-05
18.00360107421875,2.2593743801116943,0.0002358157362323
23.704740524291992,2.2598638534545894,2.673355311344494e-06
8.905780792236328,2.2264106273651123,0.0157519709318876
12.50650119781494,2.254027366638184,0.0027773003093898
25.28905868530273,2.2595157623291016,0.0001685649040155
29.78995704650879,2.2610650062561035,-0.0005696877487935
32.262451171875,2.259398937225342,0.0002241121255792
6.985396862030028,2.177641630172729,0.0380400754511356
32.87457656860352,2.2588446140289307,0.0004881177155766
33.066612243652344,2.2586910724639893,0.00056112249149
24.508901596069336,2.2596609592437744,9.942539327312261e-05
30.07801628112793,2.2609932422637935,-0.000535505125299
17.151430130004883,2.2593181133270264,0.0002626069472171
49.209842681884766,2.2601232528686523,-0.0001208439789479
1.5843168497085571,1.4641640186309814,0.2666472196578979
14.45089054107666,2.257169008255005,0.0012852278305217
50.96219253540039,2.2607667446136475,-0.0004275175160728
3.624724864959717,1.8930587768554688,0.1517499685287475
24.26885414123535,2.259721517562866,7.051965076243505e-05
25.133026123046875,2.2595343589782715,0.0001596998336026
28.21764373779297,2.260769844055176,-0.0004290259676054
6.56531286239624,2.1601083278656006,0.0458568669855594
14.270853996276855,2.256970167160034,0.001379806199111
45.549110412597656,2.2598268985748287,2.0320085241110064e-05
7.513502597808839,2.195308208465576,0.0300586093217134
36.53530883789063,2.2600750923156734,-9.795004734769464e-05
38.02360534667969,2.2603468894958496,-0.0002274188882438
21.280256271362305,2.25993275642395,-3.0041024729143828e-05
12.014403343200684,2.252369165420532,0.0035635328385978
36.739349365234375,2.2601938247680664,-0.0001544254046166
32.886577606201165,2.2588346004486084,0.0004928726702928
42.63252639770508,2.2597823143005367,4.151338362134993e-05
7.669533729553223,2.1997764110565186,0.028023337945342
17.295459747314453,2.2593441009521484,0.0002502282732166
53.938789367675774,2.258889675140381,0.0004666603053919
27.85757064819336,2.2605714797973637,-0.0003344729193486
23.92078399658203,2.2598109245300293,2.7900798158952966e-05
26.90938186645508,2.259970664978028,-4.8129866627277806e-05
46.12522506713867,2.259514570236206,0.0001691103680059
33.8227653503418,2.2582857608795166,0.0007540612132288
1.2362473011016846,1.3685864210128784,0.282201737165451
28.72174453735352,2.2609798908233643,-0.0005291563575156
11.330265998840332,2.2491910457611084,0.0050677582621574
6.409281730651856,2.1526615619659424,0.0491452664136886
13.178635597229004,2.255566358566284,0.0020467662252485
52.21044158935546,2.2602744102478027,-0.0001928248384501
25.421083450317383,2.2595057487487797,0.0001732456876197
12.602520942687988,2.2542946338653564,0.0026504413690418
13.394679069519045,2.2559192180633545,0.0018791415495797
16.767353057861328,2.259206295013428,0.0003158992331009
37.99959945678711,2.260353803634644,-0.0002306526585016
11.702340126037598,2.251049757003784,0.0041883764788508
36.89537811279297,2.260268211364746,-0.0001899567141663
6.769353866577148,2.1690592765808105,0.0418793484568595
22.432485580444336,2.2600464820861816,-8.426219574175775e-05
15.17103385925293,2.2580075263977046,0.0008863786351867
14.894978523254396,2.257696866989136,0.001034234999679
34.15883255004883,2.258256673812866,0.0007678247638978
34.69894027709961,2.2584927082061768,0.0006555657600983
30.390077590942383,2.2608704566955566,-0.0004769001970998
29.58591651916504,2.2610909938812256,-0.0005820860387757
41.6843376159668,2.2591629028320312,0.0003365147567819
46.113224029541016,2.259521007537842,0.0001659975241636
43.70074081420898,2.2602143287658687,-0.0001642990246182
41.16823196411133,2.2588579654693604,0.0004817553563043
46.317264556884766,2.2594122886657715,0.0002178333234041
42.29645919799805,2.259572505950928,0.000141483003972
3.5767152309417725,1.8856872320175169,0.1543139070272445
39.487895965576165,2.2594478130340576,0.0002008682495215
18.687738418579105,2.259335517883301,0.0002543427108321
44.336868286132805,2.2602388858795166,-0.0001759416481945
21.50830078125,2.259976625442505,-5.099242844153196e-05
11.738348007202148,2.2512130737304688,0.0041110790334641
4.1528306007385245,1.9660779237747192,0.1252931356430053
24.83296585083008,2.259587049484253,0.0001346064527751
31.09821891784668,2.2604329586029053,-0.0002683837083168
14.018803596496582,2.256699800491333,0.0015083022881299
32.33446502685547,2.2593309879302974,0.0002565406321082
22.42048454284668,2.2600467205047607,-8.43910820549354e-05
13.658731460571287,2.2562830448150635,0.0017063620034605
53.74674987792969,2.259026050567627,0.0004016690072603
22.696538925170895,2.260032892227173,-7.775244739605115e-05
17.499500274658203,2.2593679428100586,0.0002389522269368
15.063013076782228,2.2578885555267334,0.0009430285426788
6.865373134613037,2.172981977462769,0.0401275679469108
8.605721473693846,2.221243381500244,0.0181512981653213
40.244049072265625,2.2589256763458248,0.000449498736998
12.338467597961426,2.253516674041748,0.0030195284634828
16.635326385498047,2.259152412414551,0.0003415715473238
2.604520797729492,1.7082338333129885,0.209971010684967
16.011201858520508,2.25878381729126,0.0005169608630239
41.624324798583984,2.2591240406036377,0.0003550863475538
41.30025863647461,2.2589278221130367,0.0004484925302676
31.122224807739254,2.2604146003723145,-0.0002597094280645
3.960792064666748,1.941190719604492,0.1345255672931671
38.88777923583984,2.259901762008667,-1.5367357264040038e-05
11.042208671569824,2.2475366592407227,0.0058495565317571
37.483497619628906,2.2604122161865234,-0.0002585207403171
18.255651473999023,2.2593605518341064,0.0002424103004159
8.281656265258789,2.214780569076538,0.0211395751684904
36.51130294799805,2.2600598335266118,-9.060251613846047e-05
37.02740478515625,2.260319948196411,-0.0002145244507119
35.76715469360352,2.2594597339630127,0.000195210770471
24.97699546813965,2.2595593929290767,0.0001477958721807
51.29825973510742,2.2607131004333496,-0.000401908182539
15.51910400390625,2.258364200592041,0.0007166614523157
3.360672235488892,1.8509314060211184,0.1661355346441268
39.46389389038086,2.259466648101806,0.0001919432543218
45.93318557739258,2.259619951248169,0.0001188842288684
30.28205680847168,2.260918140411377,-0.0004996669595129
42.776554107666016,2.259864330291748,2.496778733984684e-06
32.742549896240234,2.2589573860168457,0.0004343816253822
0.3360671997070312,1.1023350954055786,0.304269254207611
33.34267044067383,2.258500337600708,0.0006519683520309
38.119625091552734,2.2603163719177246,-0.0002128537889802
48.41768264770508,2.2595531940460205,0.0001507064735051
25.82916641235352,2.2595188617706294,0.000167021760717
5.329065799713135,2.0840392112731934,0.0785561800003051
3.8767752647399902,1.9297158718109129,0.1387077420949935
30.72614479064941,2.260688304901123,-0.0003901012532878
42.200439453125,2.2595090866088867,0.0001716764381853
36.859371185302734,2.2602524757385254,-0.0001823712082114
48.80176162719727,2.259829521179199,1.9124085156363435e-05
53.13462829589844,2.2595319747924805,0.0001607849553693
21.9883975982666,2.260035753250122,-7.91207276051864e-05
41.61232376098633,2.259116172790528,0.0003587650135159
32.91058349609375,2.258814811706543,0.0005023115663789
50.60211944580078,2.2607548236846924,-0.0004218567628413
10.322064399719238,2.2425744533538814,0.0081888474524021
36.21124267578125,2.259843349456787,1.2462950508052018e-05
32.454490661621094,2.2592184543609615,0.0003101326874457
36.66733169555664,2.260154485702514,-0.0001357468427158
27.47349548339844,2.2603323459625244,-0.0002204320480814
25.07301521301269,2.2595431804656982,0.0001554490299895
30.534107208251957,2.260798454284668,-0.0004425898951012
38.53970718383789,2.260123014450073,-0.0001207636014441
35.46709442138672,2.259176254272461,0.0003301764663774
24.76095199584961,2.2596023082733154,0.0001273583329748
47.73354721069336,2.2591662406921387,0.0003350016486365
43.48469543457031,2.2601640224456787,-0.0001402527705067
35.03500747680664,2.2587714195251465,0.0005229335511103
45.45309066772461,2.259875535964966,-2.8860390557383653e-06
21.316263198852536,2.2599401473999023,-3.364719304954633e-05
4.236847400665283,1.9763983488082888,0.121399775147438
41.28825759887695,2.2589211463928223,0.0004516547196544
49.83396530151367,2.260504007339477,-0.0003022790479008
9.99799919128418,2.23982310295105,0.0094823352992534
53.842769622802734,2.258955717086792,0.0004351324168965
27.96559333801269,2.260634422302246,-0.0003644280077423
44.69693756103516,2.260172128677368,-0.0001441031927242
40.85617065429688,2.2587671279907227,0.0005249637179076
47.39748001098633,2.2590909004211426,0.0003708219737745
3.600720167160034,1.8893887996673584,0.1530289053916931
35.67113494873047,2.2593700885772705,0.000237855623709
49.689937591552734,2.2604274749755855,-0.000265759328613
45.04500961303711,2.2600581645965576,-8.988677291199566e-05
8.365673065185547,2.2165489196777344,0.020323310047388
21.952390670776367,2.260032892227173,-7.781006570439786e-05
5.593118667602539,2.1038620471954346,0.0702264159917831
0.6481296420097351,1.1967519521713257,0.3001559376716613
18.97579574584961,2.259335517883301,0.0002543885493651
36.475296020507805,2.2600359916687007,-7.931672007543966e-05
19.287857055664062,2.2593696117401123,0.0002380936639383
39.45188903808594,2.259475946426392,0.0001874771551229
46.545307159423835,2.259299993515014,0.0002712602145038
31.470294952392575,2.260130882263184,-0.0001245145540451
34.50690078735352,2.2583649158477783,0.0007163280970416
34.90298080444336,2.2586560249328613,0.0005778109771199
24.028806686401367,2.2597835063934326,4.09988388128113e-05
40.61612319946289,2.2587850093841557,0.0005164362373761
35.74314880371094,2.259437561035156,0.0002058015816146
6.625325202941895,2.1628308296203613,0.044649951159954
32.31046295166016,2.2593536376953125,0.0002457481168676
42.35647201538086,2.2596116065979004,0.0001229030749527
8.089617729187012,2.2104830741882324,0.0231190249323844
11.41428279876709,2.249638319015503,0.0048562991432845
35.023006439208984,2.258760690689087,0.0005280395853333
36.55931091308594,2.2600903511047363,-0.0001051541621563
3.5887176990509038,1.8875420093536377,0.1536706537008285
41.67233276367188,2.259155035018921,0.0003402513393666
38.22764587402344,2.2602756023406982,-0.0001934388710651
21.292259216308597,2.2599351406097408,-3.125504372292198e-05
0.3240648210048675,1.098682522773743,0.3043432235717773
23.068613052368164,2.2599897384643555,-5.728126780013554e-05
47.24144744873047,2.2590930461883545,0.0003698537184391
25.817163467407227,2.2595174312591557,0.0001677260006545
37.20744323730469,2.260372400283813,-0.0002395798510406
37.3394660949707,2.2603976726531982,-0.0002516067470423
21.85637092590332,2.2600243091583248,-7.366768841166049e-05
30.174034118652344,2.2609603404998775,-0.0005198224098421
40.568115234375,2.258796215057373,0.0005110964411869
21.84436798095703,2.2600228786468506,-7.308414205908774e-05
8.41368293762207,2.217529773712158,0.0198701322078704
38.93578720092773,2.2598679065704346,7.496927878491989e-07
18.02760505676269,2.2593734264373775,0.0002362991363042
23.392679214477536,2.259932518005371,-3.00369574688375e-05
10.262052536010742,2.242095947265625,0.0084140449762344
8.713743209838867,2.2231900691986084,0.017248461022973
30.642127990722656,2.2607383728027344,-0.0004139872617088
8.461692810058596,2.218489408493042,0.0194264575839042
44.54090881347656,2.2602078914642334,-0.0001611341722309
20.836166381835938,2.2598223686218266,2.2431824618251998e-05
15.735147476196287,2.258561849594116,0.0006227038684301
16.179235458374023,2.258901596069336,0.0004609193420037
23.164632797241207,2.259974718093872,-5.004215199733153e-05
23.21264266967773,2.2599663734436035,-4.614826684701257e-05
2.7245450019836426,1.7330989837646484,0.2028847187757492
20.29605865478516,2.2596590518951416,0.0001002328062895
9.865973472595217,2.238571882247925,0.0100698452442884
16.875375747680664,2.259244441986084,0.0002977641124743
12.61452293395996,2.254326820373535,0.0026351567357778
51.19023895263672,2.260737180709839,-0.0004133779439143
14.798959732055664,2.2575840950012207,0.001087790238671
9.26585292816162,2.231682538986206,0.0132948365062475
48.54970932006836,2.25964617729187,0.000106419021904
9.313862800598145,2.2323155403137207,0.01299917884171
50.686138153076165,2.2607641220092773,-0.0004262204456608
49.425884246826165,2.260267972946167,-0.0001898384507512
7.357471466064453,2.190525531768799,0.0322297401726245
22.348468780517575,2.2600476741790767,-8.48540657898411e-05
2.124424934387207,1.6005029678344729,0.2379117012023925
21.604320526123047,2.2599921226501465,-5.8413286751601845e-05
9.80596160888672,2.2379746437072754,0.0103499600663781
35.52710723876953,2.2592337131500244,0.0003028835053555
37.59151840209961,2.260414123535156,-0.0002594488032627
20.620124816894528,2.2597599029541016,5.228855297900736e-05
25.74514961242676,2.259510040283203,0.0001712276571197
26.009201049804688,2.259551525115967,0.0001515412295702
28.109621047973636,2.260714054107666,-0.0004023383953608
31.80636215209961,2.25982928276062,1.915466054924764e-05
19.779956817626957,2.2594976425170894,0.0001771842798916
15.867173194885254,2.25867247581482,0.0005700555630028
4.104820728302002,1.9600275754928589,0.1275579929351806
19.467893600463867,2.259410858154297,0.0002184758923249
2.796559333801269,1.7476162910461426,0.1986385881900787
6.6853370666503915,2.165477514266968,0.0434742197394371
35.69514083862305,2.2593927383422847,0.0002271277771797
27.329465866088867,2.2602388858795166,-0.0001759815495461
38.74374771118164,2.2599990367889404,-6.162215868243948e-05
34.87897491455078,2.2586357593536377,0.000587448826991
20.86017227172852,2.259829044342041,1.9262053683632985e-05
46.0532112121582,2.259553909301758,0.0001503604580648
38.92378616333008,2.2598764896392822,-3.3093519959948026e-06
47.90158081054688,2.25924015045166,0.0002997617993969
43.460693359375,2.2601571083068848,-0.0001369729725411
29.057811737060547,2.261064052581787,-0.0005692367558367
28.27765464782715,2.2607996463775635,-0.0004431388515513
8.437687873840332,2.2180120944976807,0.0196471139788627
45.093017578125,2.2600393295288086,-8.082274871412665e-05
18.83176612854004,2.259332656860352,0.0002556992112658
12.902580261230469,2.255023717880249,0.0023044855333864
50.73414611816406,2.2607674598693848,-0.0004278882988728
25.217042922973636,2.259523391723633,0.0001648887264309
22.012401580810547,2.260037422180176,-7.99204863142222e-05
24.91698265075684,2.259570360183716,0.0001425305526936
3.7567512989044185,1.912683606147766,0.1448280364274978
24.41288185119629,2.259684801101685,8.80355801200494e-05
50.07401657104492,2.260612726211548,-0.00035409789416
20.54810905456543,2.259737968444824,6.268898141570389e-05
18.891778945922848,2.2593331336975098,0.0002555271203164
11.930386543273926,2.252035140991211,0.0037218071520328
20.34406852722168,2.259674310684204,9.298566146753728e-05
42.69253921508789,2.259817361831665,2.492632484063506e-05
48.81376266479492,2.259838342666626,1.4932626982044894e-05
8.473694801330566,2.2187259197235107,0.0193170104175806
25.901180267333984,2.2595293521881104,0.000162041731528
37.1834373474121,2.260366678237915,-0.0002368123532505
16.731346130371094,2.25919246673584,0.0003225142427254
22.324464797973636,2.2600476741790767,-8.488973981002346e-05
46.29325866699219,2.2594246864318848,0.0002118848497048
28.577714920043945,2.2609295845031734,-0.000505082658492
37.15943145751953,2.2603604793548584,-0.0002338673220947
14.786957740783691,2.2575700283050537,0.001094548148103
41.72034454345703,2.2591867446899414,0.0003252453170716
18.867773056030277,2.2593328952789307,0.0002556554682087
48.7297477722168,2.2597765922546387,4.425327642820776e-05
11.186237335205078,2.248387336730957,0.0054477131925523
50.950191497802734,2.2607674598693848,-0.0004278802953194
31.326265335083008,2.2602524757385254,-0.0001824575447244
53.60272216796875,2.2591378688812256,0.0003484687476884
2.5925185680389404,1.7057013511657717,0.2106794714927673
14.906981468200684,2.257710695266724,0.0010276085231453
1.1882376670837402,1.3549915552139282,0.2840975224971771
30.426084518432617,2.2608532905578613,-0.0004687412292696
38.32366561889648,2.2602338790893555,-0.0001736043050186
47.26545333862305,2.259091377258301,0.0003706403658725
9.925985336303713,2.2391510009765625,0.0097980229184031
22.63652801513672,2.2600371837615967,-7.984075637068598e-05
1.4282855987548828,1.4220069646835327,0.2739844322204589
2.3764753341674805,1.658697485923767,0.2233802378177642
32.094417572021484,2.2595584392547607,0.000148144637933
35.59912109375,2.2593021392822266,0.00027025185409
1.6203240156173706,1.4737236499786377,0.2648801803588867
18.24364852905273,2.259361267089844,0.000242041729507
27.077415466308597,2.2600760459899902,-9.837998368311672e-05
29.573915481567383,2.261091947555542,-0.0005825097905471
18.807762145996094,2.2593328952789307,0.0002556350664235
24.23284721374512,2.259730815887451,6.609386036871001e-05
46.5093002319336,2.259316921234131,0.0002632636751513
31.290258407592773,2.260282039642334,-0.0001965249684872
52.23444747924805,2.2602577209472656,-0.0001849591208156
1.980396032333374,1.5656629800796509,0.245970070362091
34.51890563964844,2.2583715915679927,0.0007131771417334
11.474294662475586,2.249948024749756,0.0047098626382648
15.651130676269531,2.2584872245788574,0.0006581217166967
43.1606330871582,2.2600505352020264,-8.62222004798241e-05
35.551109313964844,2.2592566013336186,0.0002919868857134
41.22824478149414,2.2588887214660645,0.0004670639755204
9.445889472961424,2.233977794647217,0.0122221428900957
12.950590133666992,2.2551262378692627,0.0022557654883712
17.199440002441406,2.2593276500701904,0.0002580490836407
19.73194694519043,2.259483337402344,0.0001839419273892
28.50570106506348,2.2609012126922607,-0.0004916114849038
30.462093353271484,2.260835647583008,-0.0004603014094755
0.6001200079917907,1.1823203563690186,0.301055759191513
40.652130126953125,2.2587780952453613,0.000519699009601
17.03140640258789,2.2592902183532715,0.0002759752096608
14.462892532348633,2.2571825981140137,0.0012786984443664
5.3530707359313965,2.085931301116944,0.0777670368552207
30.36607360839844,2.2608814239501958,-0.0004821821930818
0.756151258945465,1.2290499210357666,0.2977941334247589
19.86397361755371,2.2595229148864746,0.0001650991471251
36.58331680297852,2.2601051330566406,-0.0001122129106079
4.84896993637085,2.042196035385132,0.0956925302743911
5.905180931091309,2.124620199203491,0.0613585412502288
28.037607192993164,2.2606749534606934,-0.0003836949472315
2.6525304317474365,1.7182801961898804,0.2071363478899002
41.9843978881836,2.2593638896942134,0.000240883018705
8.17363452911377,2.21240782737732,0.0222332719713449
28.433687210083008,2.2608711719512935,-0.000477231136756
27.34146881103516,2.260246753692627,-0.0001796964061213
25.04900932312012,2.259546995162964,0.00015363037528
30.58211708068848,2.2607724666595455,-0.0004301753360778
10.154030799865724,2.241200685501098,0.008835095912218
26.21324348449707,2.2596139907836914,0.0001217767421621
10.610121726989746,2.24471116065979,0.0071825869381427
49.43788909912109,2.2602758407592773,-0.0001935100008267
7.1894378662109375,2.1849822998046875,0.0347365103662014
23.344669342041016,2.259942054748535,-3.4555367165012285e-05
42.308460235595696,2.259580373764038,0.000137747163535
18.075614929199215,2.259371280670166,0.0002373783790972
42.14042663574219,2.2594690322875977,0.0001907733385451
41.37227630615234,2.2589685916900635,0.0004290002107154
46.83336639404297,2.259182929992676,0.0003269772569183
17.487497329711914,2.259366750717163,0.0002394275943515
19.707941055297848,2.25947642326355,0.0001872746361186
21.496299743652344,2.259974479675293,-5.000470264349133e-05
2.4484896659851074,1.6746634244918823,0.2191619724035263
9.325864791870115,2.232471227645874,0.0129263745620846
24.172834396362305,2.2597463130950928,5.8701232774183154e-05
50.3620719909668,2.2607078552246094,-0.0003994574362877
9.985997200012209,2.239712953567505,0.0095341764390468
28.949789047241207,2.261042356491089,-0.0005589221836999
24.496898651123047,2.259663820266724,9.801875421544537e-05
8.269654273986816,2.21452260017395,0.0212586224079132
10.310062408447266,2.2424798011779785,0.00823341216892
26.729345321655277,2.2598631381988525,3.0216040158848045e-06
14.930986404418944,2.2577385902404785,0.0010144039988517
25.9611930847168,2.259540557861328,0.0001566935097798
4.260852336883545,1.9792854785919187,0.1203038319945335
27.821563720703125,2.260550022125244,-0.0003242338716518
30.69013786315918,2.2607100009918213,-0.0004005104419775
24.66493225097656,2.2596237659454346,0.0001171323092421
5.2810564041137695,2.0802001953125,0.0801537632942199
5.677135467529297,2.109725952148437,0.0677363127470016
28.9617919921875,2.261044979095459,-0.0005601914017461
17.811561584472656,2.2593789100646973,0.0002336449979338
37.66353225708008,2.260411262512207,-0.0002580498112365
27.749549865722656,2.260506391525269,-0.0003034172987099
11.378275871276855,2.249448537826538,0.0049460036680102
49.773956298828125,2.2604730129241943,-0.000287524977466
5.653130531311035,2.108071804046631,0.0684399679303169
41.7923583984375,2.2592344284057617,0.0003024770412594
2.052410364151001,1.5832250118255615,0.2419686019420623
10.118023872375488,2.240891933441162,0.0089802043512463
23.64472961425781,2.259877920150757,-4.013591933471616e-06
2.2444489002227783,1.6286603212356567,0.2310468703508377
33.138626098632805,2.2586376667022705,0.0005865994025953
50.98619842529297,2.2607650756835938,-0.0004266773466952
11.810361862182615,2.251530885696411,0.0039605824276804
12.650529861450195,2.2544219493865967,0.002590051619336
13.69473934173584,2.2563278675079346,0.0016849869862198
39.22384643554688,2.2596535682678223,0.0001029211707646
42.38047790527344,2.259627103805542,0.0001155450299847
45.849170684814446,2.259666204452514,9.686141856946051e-05
11.786356925964355,2.251426219940185,0.0040101422928273
34.75895309448242,2.2585384845733643,0.0006337491213344
47.829566955566406,2.259206295013428,0.0003158953913953
31.39827919006348,2.260192394256592,-0.000153808388859
21.17223358154297,2.259908676147461,-1.8591585103422403e-05
15.759151458740234,2.258582353591919,0.0006128547829575
7.249449729919434,2.187011480331421,0.03382009267807
28.649730682373047,2.260955810546875,-0.0005176088889129
32.4064826965332,2.259263277053833,0.000288781709969
51.958393096923835,2.260434150695801,-0.0002689438406378
45.89717864990234,2.2596397399902344,0.000109434906335
40.8321647644043,2.258765697479248,0.0005255929427221
39.679935455322266,2.2592997550964355,0.0002713990688789
38.33566665649414,2.260228395462036,-0.0001709605567157
34.794960021972656,2.2585670948028564,0.000620212056674
3.504700899124145,1.8743915557861328,0.1582043766975402
8.749750137329102,2.2238168716430664,0.0169574376195669
49.66593170166016,2.2604138851165767,-0.0002593128592707
26.093217849731445,2.2595739364624023,0.0001407625968568
14.162832260131836,2.256854295730591,0.0014348324621096
11.606321334838867,2.2506003379821777,0.0044012116268277
43.73674774169922,2.260220766067505,-0.0001673317601671
36.24724960327149,2.2598714828491206,-9.25300071230595e-07
25.000999450683597,2.2595551013946533,0.0001498017372796
19.79195785522461,2.2595012187957764,0.0001754769473336
10.838167190551758,2.2462525367736816,0.0064557031728327
42.6085205078125,2.25976824760437,4.827209340874106e-05
17.907581329345703,2.2593774795532227,0.0002343191881664
32.322463989257805,2.259342193603516,0.0002511467901058
43.12462615966797,2.260035276412964,-7.897209434304385e-05
29.65793228149414,2.261084079742432,-0.0005788312992081
13.37067413330078,2.255882740020752,0.0018964738119393
29.16583251953125,2.261080265045166,-0.0005770124262198
52.318462371826165,2.2601983547210693,-0.0001566611317684
52.018402099609375,2.2603983879089355,-0.0002519465342629
30.306060791015625,2.260907888412476,-0.0004948313580825
1.8363672494888303,1.5297009944915771,0.2537767887115478
4.056811332702637,1.9538639783859253,0.1298518329858779
17.475494384765625,2.2593657970428467,0.0002399253426119
2.8565711975097656,1.7594836950302124,0.1951082497835159
48.393680572509766,2.2595367431640625,0.0001585820427862
39.40388107299805,2.2595133781433105,0.0001696016697678
16.239248275756836,2.258940458297729,0.0004424715589266
23.57271385192871,2.259894371032715,-1.1809618627012242e-05
39.77595520019531,2.259227991104126,0.0003055890847463
31.254251480102536,2.2603111267089844,-0.0002104130398947
27.785556793212887,2.2605283260345455,-0.0003138796018902
31.818363189697266,2.259818315505981,2.4453407604596578e-05
24.0648136138916,2.259774208068848,4.540804366115481e-05
46.233245849609375,2.2594563961029053,0.0001968131691683
31.9263858795166,2.259717464447021,7.250242924783379e-05
3.7807562351226807,1.9161510467529297,0.1435905396938324
39.295860290527344,2.2595977783203125,0.0001294651010539
2.4724946022033687,1.6799193620681765,0.2177516967058181
0.0,1.0,0.3038683831691741
6.649329662322998,2.163898468017578,0.0441759526729583
49.845970153808594,2.260509967803955,-0.0003051475214306
33.16263198852539,2.258620262145996,0.0005948318867012
16.215242385864258,2.258925199508667,0.0004497510672081
43.136627197265625,2.260040521621704,-8.141511352732778e-05
10.802160263061523,2.246016502380371,0.0065670791082084
43.24464797973633,2.26008415222168,-0.0001022017531795
34.27885437011719,2.2582767009735107,0.0007583696278743
19.431886672973636,2.259401798248291,0.0002227547956863
39.49990081787109,2.2594385147094727,0.0002053260250249
27.101419448852536,2.260091543197632,-0.0001056925029843
18.855772018432617,2.259332656860352,0.0002556893741711
0.6721343994140625,1.2039510011672974,0.2996710538864135
0.0480096004903316,1.01459801197052,0.3042432963848114
49.71394348144531,2.2604405879974365,-0.0002721062337514
0.2280456125736236,1.0694375038146973,0.3047023117542266
21.664333343505856,2.260000944137573,-6.26086475676857e-05
53.44668960571289,2.259265422821045,0.0002877181395888
2.6405282020568848,1.7157810926437378,0.2078450769186019
24.256851196289062,2.2597246170043945,6.904563633725047e-05
14.042808532714844,2.256725788116455,0.0014959642430767
47.697540283203125,2.2591526508331294,0.0003413993108551
24.54490852355957,2.259652137756348,0.0001036114263115
17.943588256835938,2.2593765258789062,0.0002347927220398
25.64912986755371,2.2595040798187256,0.0001740574807627
52.47449493408203,2.260082006454468,-0.0001011931526591
24.928985595703125,2.259567975997925,0.000143611250678
1.0442088842391968,1.313685417175293,0.2893643677234649
37.27945709228516,2.260387659072876,-0.0002468120947014
9.181836128234863,2.230536699295044,0.013829686678946
9.673934936523438,2.2365946769714355,0.0109969479963183
33.87077331542969,2.258274555206299,0.000759333546739
32.49049758911133,2.2591848373413086,0.0003260538505855
53.49469757080078,2.259225606918335,0.0003066909266635
25.16903305053711,2.2595293521881104,0.0001620368420844
32.08241653442383,2.2595698833465576,0.0001427201932528
48.2856559753418,2.2594640254974365,0.0001931665756274
45.27305603027344,2.259961605072021,-4.387792432680727e-05
33.72674560546875,2.2583141326904297,0.0007405428914353
20.35607147216797,2.2596781253814697,9.117875015363096e-05
4.224844932556152,1.9749445915222168,0.1219504922628402
8.497699737548828,2.2191951274871826,0.0190998688340187
37.711544036865234,2.2604074478149414,-0.0002562267181929
3.900780200958252,1.933031678199768,0.1375041306018829
37.21944427490234,2.2603752613067627,-0.0002408968430245
11.990398406982422,2.252275228500366,0.0036080149002373
32.658531188964844,2.2590317726135254,0.0003989889810327
9.505901336669922,2.234696626663208,0.011885798536241
30.48609733581543,2.2608234882354736,-0.0004545201081782
12.194438934326172,2.2530338764190674,0.0032484938856214
41.960391998291016,2.259347677230835,0.0002486141456756
19.083816528320312,2.259342193603516,0.0002511223428882
4.500900268554688,2.0067121982574463,0.1097455844283103
10.094018936157228,2.2406830787658687,0.0090783257037401
46.00519943237305,2.259580373764038,0.0001377879380015
0.936187207698822,1.2822353839874268,0.2928710877895355
46.07721710205078,2.2595407962799072,0.0001566282007843
23.66873359680176,2.259872436523437,-1.3585041642727449e-06
49.70193862915039,2.260434150695801,-0.0002689453540369
44.1688346862793,2.2602505683898926,-0.0001814943680074
25.157032012939453,2.259531021118164,0.0001612762571312
31.554311752319336,2.2600576877593994,-8.959187834989278e-05
6.805361270904541,2.170551300048828,0.0412136986851692
2.976595401763916,1.7825899124145508,0.1880822628736496
46.413284301757805,2.259363412857056,0.0002410778397461
26.68133544921875,2.259835958480835,1.6025003787945025e-05
18.96379280090332,2.2593350410461426,0.0002546210016589
1.6323264837265017,1.476895809173584,0.2642854452133178
8.701740264892578,2.2229785919189453,0.0173465609550476
14.834966659545898,2.257626533508301,0.001067598350346
32.21444320678711,2.25944447517395,0.0002024270506808
28.00160026550293,2.2606546878814697,-0.0003741362015716
46.52130508422852,2.2593111991882324,0.000265950220637
31.43428611755371,2.260161876678467,-0.0001392389094689
26.34526824951172,2.259666919708252,9.655090980231762e-05
39.53590774536133,2.2594103813171387,0.0002186736528528
24.44889068603516,2.2596757411956787,9.234129538526759e-05
20.536108016967773,2.2597343921661377,6.444005703087896e-05
22.252450942993164,2.260047197341919,-8.46392722451128e-05
20.05601119995117,2.2595827579498287,0.000136587084853
32.57451629638672,2.25910758972168,0.0003628339909482
11.270254135131836,2.248862028121948,0.0052233985625207
39.523902893066406,2.259419679641724,0.0002142292942153
45.669132232666016,2.2597639560699463,5.03504925291054e-05
8.581716537475588,2.220797061920166,0.0183580908924341
47.625526428222656,2.2591292858123775,0.0003526009677443
35.87517547607422,2.2595582008361816,0.0001482616353314
29.8499698638916,2.261053562164306,-0.0005641721654683
38.107620239257805,2.2603204250335693,-0.0002148152270819
30.126026153564453,2.260977506637573,-0.0005279285833239
42.89657974243164,2.259927988052368,-2.7794694688054733e-05
16.9113826751709,2.259255886077881,0.0002922803687397
42.46449279785156,2.2596802711486816,9.016989497467875e-05
32.838565826416016,2.258874654769897,0.0004737157432828
25.86517333984375,2.259523868560791,0.0001646956516196
14.822964668273926,2.257612466812134,0.0010743150487542
4.824965000152588,2.0398972034454346,0.0966163501143455
17.079416275024414,2.2593021392822266,0.0002702833444345
10.56211280822754,2.2443714141845703,0.0073426347225904
4.452890396118164,2.0014312267303467,0.1117991879582405
8.569713592529297,2.220571994781494,0.0184623394161462
0.9961992502212524,1.2997543811798096,0.2909717857837677
41.21624374389648,2.258882522583008,0.0004700618155766
12.218443870544434,2.253117322921753,0.0032089301384985
6.553310871124268,2.1595547199249268,0.0461020469665527
30.786157608032227,2.260650634765625,-0.0003721889806911
47.70954132080078,2.259157180786133,0.0003393153601791
44.64892959594727,2.2601840496063232,-0.0001498524943599
32.47849655151367,2.2591960430145264,0.0003207563131581
35.887176513671875,2.2595691680908203,0.0001431256096111
33.402679443359375,2.258464336395264,0.0006690277950838
31.71034240722656,2.259917736053467,-2.288461109856144e-05
1.356271266937256,1.4021612405776978,0.2771792113780975
51.634326934814446,2.2605981826782227,-0.0003472026146482
14.546909332275392,2.2572810649871826,0.0012318866793066
40.43608856201172,2.258838415145874,0.0004910080460831
40.19604110717773,2.258951425552368,0.0004371778632048
19.47989654541016,2.2594139575958248,0.0002170232619391
6.9133825302124015,2.1748776435852046,0.0392792113125324
13.922784805297852,2.25659441947937,0.0015583742642775
11.282256126403809,2.2489285469055176,0.0051919645629823
17.52350425720215,2.2593696117401123,0.0002380677615292
8.245649337768553,2.2140021324157715,0.0214985627681016
43.28065490722656,2.2600977420806885,-0.0001086387710529
49.617923736572266,2.2603862285614014,-0.0002461294061504
41.43228530883789,2.2590041160583496,0.0004121326492168
7.4774956703186035,2.1942338943481445,0.0305470433086156
6.181236267089844,2.1407644748687744,0.0543598234653472
27.35346984863281,2.2602546215057373,-0.0001834104041336
17.93158721923828,2.2593770027160645,0.0002346225373912
26.765352249145508,2.259884119033813,-6.92422781867208e-06
26.81336212158203,2.2599124908447266,-2.042176674876828e-05
51.334266662597656,2.260703563690185,-0.0003974119317717
45.65713119506836,2.259770154953003,4.730430373456329e-05
6.097219467163086,2.136060237884521,0.0564083904027938
48.525703430175774,2.259629011154175,0.0001145773858297
11.114222526550291,2.2479677200317383,0.0056459140032529
33.18663787841797,2.25860333442688,0.0006029281648807
39.39188003540039,2.2595229148864746,0.0001651327911531
39.01980209350586,2.2598073482513428,2.9676304620807056e-05
46.953392028808594,2.259145736694336,0.0003447470371611
21.556310653686523,2.2599847316741943,-5.481051266542636e-05
41.19223785400391,2.2588701248168945,0.0004759692237712
34.92698669433594,2.258676528930664,0.000568060320802
9.637928009033203,2.236201763153076,0.011181061156094
47.7695541381836,2.2591805458068848,0.0003281760436948
47.78155517578125,2.2591855525970455,0.0003258087090216
10.9941987991333,2.2472426891326904,0.0059883212670683
22.912582397460938,2.2600109577178955,-6.739094533259049e-05
27.17343521118164,2.260137796401977,-0.0001277657574974
6.925384998321533,2.175344944000244,0.0390699282288551
34.7469482421875,2.2585291862487797,0.0006381889688782
30.79816055297852,2.2606430053710938,-0.0003685232659336
16.119224548339844,2.2588610649108887,0.000480195012642
40.10002136230469,2.259007453918457,0.0004105496918782
34.07481384277344,2.2582528591156006,0.0007696917164139
43.92878723144531,2.260244607925415,-0.0001787092915037
27.98959732055664,2.260648012161255,-0.0003709164157044
45.70513916015625,2.259744644165039,5.953812433290295e-05
52.450489044189446,2.2601003646850586,-0.0001099548971978
22.936586380004883,2.2600080966949463,-6.597418541787192e-05
31.05021095275879,2.2604687213897705,-0.0002854526101145
7.42948579788208,2.1927742958068848,0.0312098581343889
22.384477615356445,2.260047435760498,-8.468918531434609e-05
45.92118453979492,2.259626626968384,0.0001157333754235
13.442688941955566,2.2559905052185054,0.0018453627126291
14.810961723327637,2.257598400115967,0.0010810458334162
10.694138526916504,2.245291948318481,0.0069087585434317
31.15823173522949,2.2603869438171387,-0.0002465274592395
41.84036636352539,2.2592666149139404,0.0002871653123293
14.510902404785156,2.2572383880615234,0.0012522011529654
44.72094345092773,2.2601656913757324,-0.0001410628756275
26.53730773925781,2.259758234024048,5.301022611092776e-05
44.036808013916016,2.2602505683898926,-0.0001815350406104
53.590717315673835,2.2591474056243896,0.0003438971762079
47.133426666259766,2.259105920791626,0.0003636755864135
52.06641387939453,2.260368824005127,-0.0002378261415287
20.236047744750977,2.259639978408813,0.000109322812932
11.954390525817873,2.2521321773529053,0.003675845451653
40.676136016845696,2.258774280548096,0.0005215076962485
41.51630401611328,2.2590553760528564,0.0003876900300383
40.35206985473633,2.258873224258423,0.0004744860052596
5.425085067749024,2.0914974212646484,0.0754380375146865
45.10502243041992,2.2600343227386475,-7.850227848393841e-05
3.8047609329223633,1.9195878505706787,0.1423597037792205
50.42208480834961,2.2607223987579346,-0.000406412553275
19.99599838256836,2.25956392288208,0.0001455960591556
41.58831787109375,2.259100914001465,0.0003660830843728
41.444290161132805,2.2590112686157227,0.0004086970584467
7.993598937988281,2.2081964015960693,0.0241696890443563
20.188037872314453,2.259624719619751,0.0001166060683317
15.879176139831545,2.2586820125579834,0.0005654559354297
44.900981903076165,2.26011061668396,-0.0001148742521763
23.404680252075195,2.25993013381958,-2.8883521736133844e-05
51.05821228027344,2.2607576847076416,-0.0004232401552144
44.61292266845703,2.260192632675171,-0.0001538702344987
21.196239471435547,2.2599141597747803,-2.121569013979752e-05
41.73234558105469,2.259194612503052,0.0003214704047422
10.766153335571287,2.2457776069641118,0.0066797547042369
18.771755218505856,2.259333372116089,0.0002554088714532
12.770554542541504,2.254722118377685,0.0024476374965161
25.52910614013672,2.259502410888672,0.0001748682552715
27.80956268310547,2.260542869567871,-0.0003207949048373
4.284856796264648,1.9821456670761108,0.1192152053117752
45.58511734008789,2.259808301925659,2.9221815566415895e-05
14.10282039642334,2.2567901611328125,0.0014653204707428
51.8383674621582,2.26050066947937,-0.0003006660554092
36.81136322021485,2.2602298259735107,-0.0001716794358799
15.18303680419922,2.258020639419556,0.0008801901713013
35.143028259277344,2.2588696479797363,0.0004761235613841
6.24124813079834,2.144016742706299,0.0529391467571258
29.38187599182129,2.261096477508545,-0.0005847054999321
13.490697860717772,2.256059169769287,0.001812711590901
47.04941177368164,2.259121894836426,0.0003560945042409
9.133827209472656,2.2298595905303955,0.0141455298289656
46.17323303222656,2.259488582611084,0.0001814993302104
40.28005599975586,2.2589073181152344,0.0004582648980431
45.717144012451165,2.2597382068634038,6.261590897338465e-05
25.349069595336918,2.2595105171203613,0.0001710384967736
10.934186935424805,2.246868371963501,0.0061651305295526
12.27845573425293,2.2533206939697266,0.0031124877277761
4.032806396484375,1.9507391452789309,0.1310095489025116
46.7613525390625,2.2592089176177974,0.0003146212256979
41.86437225341797,2.25928282737732,0.0002794796309899
36.7153434753418,2.260180950164795,-0.0001483554369769
41.87637710571289,2.259290933609009,0.0002756307658273
16.803359985351562,2.2592196464538574,0.0003095708671025
19.419883728027344,2.259398937225342,0.0002241539477836
1.2122424840927124,1.3618003129959106,0.2831580340862274
19.93598747253418,2.259545087814331,0.0001545251725474
29.03380584716797,2.2610597610473637,-0.0005671615945175
46.94138717651367,2.259149074554444,0.0003431415534578
47.32546615600586,2.259089231491089,0.0003716151695698
37.783557891845696,2.2603988647460938,-0.0002521676069591
11.21024227142334,2.2485244274139404,0.0053828610107302
26.14122772216797,2.2595889568328857,0.0001336526765953
36.0072021484375,2.2596747875213623,9.280758968088777e-05
30.114023208618164,2.260981559753418,-0.0005298724863678
8.965793609619139,2.227356433868408,0.015311767347157
7.5495100021362305,2.19636607170105,0.0295774135738611
2.172434568405152,1.6118624210357666,0.2351799458265304
5.17303466796875,2.0712883472442627,0.0838425904512405
11.918383598327637,2.251986026763916,0.00374501128681
16.743349075317383,2.2591969966888428,0.0003202772641088
44.216842651367195,2.2602484226226807,-0.0001805322244763
13.778756141662598,2.256429433822632,0.0016367421485483
27.01740264892578,2.260037899017334,-8.022542897379027e-05
20.716142654418945,2.259788274765014,3.874436515616253e-05
40.95219039916992,2.258780002593994,0.0005188066861592
41.76835250854492,2.2592184543609615,0.0003100964240729
47.64952850341797,2.259136438369751,0.0003491645038593
28.913782119750977,2.2610340118408203,-0.0005549322813749
53.0626106262207,2.259594202041626,0.0001311329542659
50.698139190673835,2.2607650756835938,-0.0004266939067747
43.44868850708008,2.2601535320281982,-0.0001352883846266
53.17063522338867,2.2595009803771973,0.0001756062411004
6.541308403015137,2.158997774124145,0.0463485047221183
53.29065704345703,2.259397506713867,0.0002248085365863
22.444488525390625,2.2600462436676025,-8.4118582890369e-05
28.445688247680664,2.260876178741455,-0.0004796894208993
28.12162399291992,2.2607202529907227,-0.0004053814918734
34.986995697021484,2.2587287425994877,0.0005432263715192
8.857771873474121,2.2256333827972408,0.0161133985966444
10.010002136230469,2.239933013916016,0.0094307987019419
4.476895332336426,2.0040841102600098,0.1107687950134277
9.205841064453123,2.2308690547943115,0.013674572110176
12.122424125671388,2.2527761459350586,0.0033706068061292
37.9395866394043,2.260369062423706,-0.0002380098303547
16.719343185424805,2.259187698364258,0.000324783322867
42.22444534301758,2.2595250606536865,0.0001640815899008
0.2880576252937316,1.0877199172973633,0.3045265078544616
50.518104553222656,2.260741949081421,-0.0004156730719842
47.361473083496094,2.259089469909668,0.0003714940976351
14.570914268493652,2.257310152053833,0.0012181102065369
33.078617095947266,2.2586820125579834,0.0005654470878653
9.48189640045166,2.2344117164611816,0.0120191052556037
44.50490188598633,2.260214567184448,-0.0001643739524297
23.056612014770508,2.2599916458129883,-5.813304960611276e-05
24.400880813598636,2.259687900543213,8.659236482344566e-05
38.3836784362793,2.2602055072784424,-0.0001600307004991
7.129426002502441,2.18289566040039,0.0356774106621742
13.430685997009276,2.2559728622436523,0.0018536992138251
5.953190803527832,2.127572059631348,0.0600855387747287
46.49729919433594,2.25932240486145,0.0002605566987767
28.15763092041016,2.260739326477051,-0.0004143962578382
19.635927200317383,2.259455919265747,0.0001970667944988
10.394079208374023,2.2431323528289795,0.0079262377694249
47.44548797607422,2.259094715118408,0.0003690377634484
4.488897800445557,2.005401134490967,0.1102562919259071
44.75695037841797,2.2601556777954106,-0.0001362985203741
49.233848571777344,2.260139942169189,-0.000128752697492
30.918184280395508,2.260562896728516,-0.0003303835110273
6.529305934906006,2.158437728881836,0.0465962477028369
43.14862823486328,2.260045528411865,-8.383186650462449e-05
49.257850646972656,2.2601563930511475,-0.0001366069482173
48.90978240966797,2.2599084377288814,-1.8556163922767155e-05
36.15122985839844,2.259795427322388,3.5331664548721164e-05
53.410682678222656,2.259295701980591,0.0002733530418481
3.6487298011779785,1.896697163581848,0.150477185845375
10.178035736083984,2.241403341293335,0.0087397098541259
51.67033386230469,2.260582447052002,-0.0003396937390789
14.438887596130373,2.257155418395996,0.0012917222920805
13.418684005737305,2.255955219268799,0.0018621071940287
44.07281494140625,2.2602512836456294,-0.0001819043682189
7.585516929626464,2.197407484054565,0.0291032716631889
34.31486129760742,2.258285999298096,0.0007538950885646
26.849369049072266,2.2599339485168457,-3.0707935366081074e-05
32.250450134277344,2.2594103813171387,0.0002186945930588
43.72474670410156,2.260218858718872,-0.0001663521979935
50.614124298095696,2.260756492614746,-0.0004225921293254
18.74774932861328,2.259333848953247,0.0002551771176513
46.06521224975586,2.259547233581543,0.0001534962211735
15.123024940490724,2.2579550743103027,0.0009113485575653
53.54270935058594,2.259186267852783,0.0003254280309192
36.415283203125,2.259995222091675,-5.981913272989914e-05
45.18903732299805,2.2599990367889404,-6.167370156617835e-05
48.4296875,2.2595615386962886,0.0001467458059778
36.54730987548828,2.2600827217102046,-0.0001015701491269
49.305862426757805,2.2601888179779053,-0.0001521412341389
35.275054931640625,2.258993148803711,0.0004173078050371
36.28325653076172,2.259899139404297,-1.405283092026366e-05
50.85417175292969,2.260770797729492,-0.0004294074024073
44.456890106201165,2.260222911834717,-0.0001682803413132
42.62052536010742,2.259775400161743,4.4884145609103136e-05
18.21964454650879,2.259362936019897,0.0002413142792647
32.046409606933594,2.2596039772033687,0.0001264602469746
7.609521865844727,2.1980929374694824,0.0287910066545009
20.89617919921875,2.2598390579223637,1.4569987797585782e-05
7.861572265625,2.204896926879883,0.0256825815886259
15.243048667907717,2.2580850124359126,0.0008495833026245
51.14222717285156,2.2607457637786865,-0.0004174957284703
10.55010986328125,2.2442855834960938,0.0073830815963447
17.559511184692383,2.2593722343444824,0.0002369031135458
12.5905179977417,2.254262208938598,0.0026658521965146
40.64012908935546,2.258780241012573,0.000518683809787
38.14362716674805,2.260307788848877,-0.0002088120672851
50.41008377075195,2.2607197761535645,-0.0004050927527714
20.596118927001957,2.2597525119781494,5.573418457061052e-05
17.87157440185547,2.259378433227539,0.0002339614002266
43.60472106933594,2.260194540023804,-0.0001548403088236
26.381277084350582,2.259682893753052,8.896282088244334e-05
44.492897033691406,2.26021671295166,-0.0001653950457694
53.98679733276367,2.2588582038879395,0.0004816062864847
0.8401680588722229,1.2539796829223633,0.2956454455852508
48.513702392578125,2.259620428085327,0.0001186408262583
8.94178867340088,2.226981401443481,0.0154863195493817
15.027005195617676,2.257848024368286,0.0009622739744372
39.99199676513672,2.2590761184692383,0.0003778241225518
51.286258697509766,2.260715961456299,-0.0004033324948977
38.15563201904297,2.2603034973144527,-0.0002067321620415
20.9921989440918,2.259864330291748,2.4473577013850445e-06
53.03860855102539,2.259614944458008,0.0001212585848406
9.889978408813475,2.2388055324554443,0.0099601382389664
44.84096908569336,2.2601304054260254,-0.000124251761008
44.67293548583984,2.260178327560425,-0.0001470334391342
53.30266189575195,2.259387254714966,0.0002297001919941
0.3600720167160034,1.1096374988555908,0.3041021227836608
5.389077663421631,2.088734865188598,0.0765953361988067
13.934786796569824,2.2566077709198,0.0015520389424636
27.26945304870605,2.260200023651123,-0.0001574063935549
10.850170135498049,2.246330499649048,0.0064188688993453
27.46149253845215,2.260324478149414,-0.0002167444181395
45.98119735717773,2.2595934867858887,0.0001314895489485
6.361272335052489,2.150259494781494,0.0502019934356212
11.162232398986816,2.248248815536499,0.0055131730623543
11.486297607421877,2.2500088214874268,0.0046810358762741
52.63052749633789,2.2599587440490723,-4.247136894264258e-05
3.76875376701355,1.9144212007522583,0.1442084610462188
35.359073638916016,2.25907301902771,0.0003793083014898
3.192638635635376,1.8220757246017456,0.1756133288145065
49.14982986450195,2.2600812911987305,-0.0001008520557661
42.980594635009766,2.259969711303711,-4.7668821935076267e-05
22.516502380371094,2.2600436210632324,-8.294913277495651e-05
37.015403747558594,2.2603156566619877,-0.000212504673982
0.636127233505249,1.193148136138916,0.300389677286148
25.361072540283203,2.259509563446045,0.0001714654645184
10.706141471862791,2.2453737258911133,0.0068702446296811
17.535507202148438,2.2593705654144287,0.0002376581687713
22.924585342407227,2.260009527206421,-6.668900459771976e-05
14.96699333190918,2.257779836654663,0.0009947227081283
47.93758773803711,2.259258270263672,0.0002911621704697
39.89598083496094,2.259141683578491,0.0003466802299953
1.8603720664978027,1.5357712507247925,0.2524957358837127
19.815963745117188,2.2595083713531494,0.000172042302438
30.222043991088867,2.260942220687866,-0.0005111902719363
13.214642524719238,2.255629301071167,0.0020169205963611
3.3366672992706294,1.8469077348709104,0.1674755662679672
37.41148376464844,2.260406732559204,-0.0002558752894401
32.61052322387695,2.2590749263763428,0.0003784134460147
31.50630187988281,2.2600996494293213,-0.000109641754534
1.9323865175247192,1.5537987947463987,0.248603269457817
26.237247467041016,2.2596228122711186,0.0001175109719042
14.618924140930176,2.257368564605713,0.001190384151414
17.11542320251465,2.259310483932495,0.0002663175400812
9.649930000305178,2.23633360862732,0.011119314469397
7.7535505294799805,2.202064514160156,0.0269784349948167
12.83056640625,2.2548627853393555,0.0023808653932064
10.47809600830078,2.243762254714966,0.0076296282932162
7.237447261810303,2.1866099834442134,0.0340014547109603
11.066213607788086,2.2476816177368164,0.0057810735888779
8.809762001037598,2.2248377799987797,0.0164832044392824
2.556511402130127,1.6980540752410889,0.2128038853406906
15.41108226776123,2.25825834274292,0.0007670541526749
9.94999027252197,2.239377737045288,0.0096915448084473
20.88417625427246,2.259835720062256,1.6125504771480337e-05
5.473094463348389,2.095118284225464,0.0739172995090484
18.435688018798828,2.2593488693237305,0.0002480463590472
30.402080535888672,2.260864734649658,-0.0004742119053844
45.14102935791016,2.260019540786743,-7.141363312257454e-05
17.43948745727539,2.2593624591827397,0.0002415552007732
20.40408134460449,2.259693384170532,8.397560304729268e-05
53.89077758789063,2.2589221000671387,0.0004511565784923
34.170833587646484,2.258258104324341,0.0007672460051253
18.795759201049805,2.2593328952789307,0.0002555765095166
42.260452270507805,2.2595489025115967,0.0001527449348941
6.3372673988342285,2.149038314819336,0.0507384575903415
23.140628814697266,2.2599785327911377,-5.1921560952905566e-05
50.06201171875,2.260607957839966,-0.0003517958975862
51.76635360717773,2.260537385940552,-0.0003181827778462
36.67933654785156,2.260161161422729,-0.0001389570825267
5.749149799346924,2.1145884990692134,0.0656625479459762
15.675134658813477,2.258508920669556,0.0006478537106886
52.77455520629882,2.259840250015259,1.4023808944330083e-05
49.79795837402344,2.2604856491088867,-0.0002935079974122
4.692938804626465,2.026874542236328,0.1018146499991416
47.85356903076172,2.2592172622680664,0.000310681090923
4.884976863861084,2.045606136322021,0.0943187549710273
20.308061599731445,2.2596628665924072,9.841843711910768e-05
26.321264266967773,2.2596566677093506,0.0001014481022139
4.5729146003723145,2.0144498348236084,0.1067188084125518
0.6241248250007629,1.189541578292847,0.3006175756454467
40.1240234375,2.258992910385132,0.0004174400237388
8.785757064819336,2.224432945251465,0.0166712887585163
47.5775146484375,2.259116649627685,0.0003585643426049
34.48289489746094,2.2583522796630855,0.0007223374559544
18.81976318359375,2.259332656860352,0.0002556761319283
15.92718505859375,2.2587199211120605,0.0005473738419823
26.873374938964844,2.259948492050171,-3.76369571313262e-05
52.594520568847656,2.2599878311157227,-5.627620339510031e-05
6.013202667236328,2.1311750411987305,0.0585277192294597
20.572114944458008,2.2597453594207764,5.920137846260332e-05
35.99519729614258,2.2596642971038814,9.77479649009183e-05
11.75034999847412,2.2512669563293457,0.0040856176055967
53.206642150878906,2.259469747543335,0.0001904088421724
3.264652967453003,1.83463990688324,0.1715243309736251
52.114421844482415,2.260338068008423,-0.0002232560655102
15.363072395324709,2.2582099437713623,0.0007901362841948
43.94078826904297,2.2602455615997314,-0.000179150578333
33.03060531616211,2.258718729019165,0.0005479687242768
33.4146842956543,2.2584574222564697,0.000672310066875
22.84056854248047,2.260019302368164,-7.132841710699722e-05
3.3006601333618164,1.840810775756836,0.1694946885108947
49.29385757446289,2.260180711746216,-0.0001482802763348
31.57831573486328,2.26003646850586,-7.947737321956083e-05
48.32166290283203,2.2594878673553467,0.0001818063028622
37.56751251220703,2.260414361953736,-0.0002595571568235
4.908981800079346,2.0478546619415283,0.0934107601642608
13.56271266937256,2.2561581134796143,0.0017657069256529
5.221044063568115,2.075296401977539,0.0821869671344757
14.918983459472656,2.2577245235443115,0.0010209979955106
45.9451904296875,2.259613275527954,0.0001220356571138
52.94258880615234,2.259697675704956,8.189708751160651e-05
42.42848587036133,2.259657621383667,0.000100969322375
15.375075340270996,2.2582221031188965,0.0007843273342587
15.111021995544434,2.257941961288452,0.0009176437743008
40.36407470703125,2.2588677406311035,0.0004770103259943
6.601320266723633,2.1617510318756104,0.0451289378106594
48.46569442749024,2.2595865726470947,0.0001347783691016
43.0166015625,2.2599868774414062,-5.583067468251102e-05
31.87837600708008,2.2597622871398926,5.107314791530371e-05
36.13922882080078,2.2597856521606445,3.9985563489608473e-05
47.54150772094727,2.259108781814575,0.000362263264833
50.99819946289063,2.2607641220092773,-0.0004261999565642
26.333267211914062,2.259661674499512,9.90159751381725e-05
49.19783782958984,2.260114908218384,-0.0001168700546259
18.87977600097656,2.2593328952789307,0.0002556015388108
38.27565383911133,2.2602553367614746,-0.0001838170719565
37.95159149169922,2.260366201400757,-0.0002366221160627
1.4402880668640137,1.4252912998199463,0.2734396159648895
12.314462661743164,2.25343918800354,0.0030562975443899
52.6545295715332,2.2599391937255855,-3.3191648981301114e-05
3.636727333068848,1.8948819637298584,0.1511127948760986
25.973194122314453,2.2595431804656982,0.0001554766786284
46.62932586669922,2.259262561798096,0.00028912932612
20.872175216674805,2.2598323822021484,1.768956644809805e-05
38.431686401367195,2.2601814270019527,-0.0001485454849898
52.0304069519043,2.2603909969329834,-0.0002484593424014
44.000801086425774,2.260249137878418,-0.0001808795786928
13.946789741516112,2.2566208839416504,0.0015457279514521
47.349468231201165,2.259089231491089,0.0003715947968885
22.000400543212887,2.26003646850586,-7.952802116051315e-05
2.2564513683319087,1.6314316987991333,0.2303543090820312
39.751949310302734,2.2592456340789795,0.0002971358771901
24.088817596435547,2.259768009185791,4.8355606850236654e-05
22.82856559753418,2.26002049446106,-7.193838246166706e-05
31.01420211791992,2.260494947433472,-0.0002980036661028
50.57811737060546,2.260751485824585,-0.00042027462041
45.417083740234375,2.2598934173583984,-1.1365980753907934e-05
39.979995727539055,2.259084224700928,0.0003740286920219
48.77775573730469,2.2598118782043457,2.7505930120241828e-05
50.67413330078125,2.2607629299163814,-0.0004257093532942
36.631324768066406,2.260133743286133,-0.0001258867705473
8.929785728454588,2.2267923355102535,0.0155743574723601
49.6539306640625,2.260406970977783,-0.0002560529101174
28.5537109375,2.260920286178589,-0.0005006955470889
27.24544906616211,2.2601842880249023,-0.0001499822246842
51.37027359008789,2.2606935501098637,-0.0003925821802113
15.987197875976562,2.258765935897827,0.000525489274878
28.733747482299805,2.260983943939209,-0.0005309835541993
7.1774353981018075,2.1845695972442627,0.0349227041006088
24.520904541015625,2.259657859802246,0.0001008265317068
52.00640106201172,2.2604055404663086,-0.0002554047387093
7.76555299758911,2.202385187149048,0.0268318820744752
16.82736587524414,2.259227991104126,0.0003055099805351
42.54851150512695,2.259732246398926,6.546029908349738e-05
16.55130958557129,2.2591137886047363,0.0003599585324991
50.0140037536621,2.2605879306793213,-0.000342274113791
9.301860809326174,2.232158660888672,0.0130724245682358
41.09621810913086,2.258824110031128,0.0004978037904947
47.33746719360352,2.259089231491089,0.0003716349601745
18.231645584106445,2.25936222076416,0.000241676258156
49.36587142944336,2.2602288722991943,-0.0001712051744107
44.060813903808594,2.2602512836456294,-0.000181813025847
35.91118240356445,2.2595906257629395,0.0001329070801148
46.77335357666016,2.259204387664795,0.0003167618706356
26.753351211547848,2.2598772048950195,-3.5913760711991927e-06
34.00279998779297,2.25825572013855,0.0007683597505092
4.968993663787842,2.0533900260925293,0.0911678001284599
0.4080816209316253,1.1242283582687378,0.3036915361881256
41.240249633789055,2.2588951587677,0.0004640374390874
1.7043408155441284,1.4957766532897947,0.2606594860553741
3.324664831161499,1.8448835611343384,0.1681474149227142
47.38547897338867,2.2590904235839844,0.0003711083263624
53.72274398803711,2.2590441703796387,0.0003930345119442
14.30686092376709,2.257009029388428,0.0013612803304567
48.59772109985352,2.25968074798584,8.998973498819397e-05
39.907981872558594,2.2591333389282227,0.0003506659413687
35.58711624145508,2.2592906951904297,0.0002756770409177
32.226444244384766,2.2594332695007324,0.0002078516990877
17.391477584838867,2.259357213973999,0.0002440554380882
52.04240798950195,2.2603836059570312,-0.0002449434250593
8.353671073913574,2.2163004875183105,0.02043810300529
11.450289726257324,2.2498250007629395,0.0047679762355983
33.702739715576165,2.2583224773406982,0.0007365699857473
22.780555725097656,2.2600255012512207,-7.42438351153396e-05
28.90178108215332,2.261031150817871,-0.0005535419331863
49.26985549926758,2.260164499282837,-0.0001405127986799
2.064412832260132,1.5861244201660156,0.2412960976362228
27.281455993652344,2.2602078914642334,-0.000161120420671
44.804962158203125,2.260141611099243,-0.0001295718684559
48.18963623046875,2.2594022750854488,0.0002225086354883
32.1544303894043,2.2595014572143555,0.0001752855605445
26.525304794311523,2.259752035140991,5.5939293815754354e-05
0.4920984208583831,1.1497056484222412,0.3027314245700836
25.39707946777344,2.2595071792602535,0.0001726056798361
17.067413330078125,2.2592992782592773,0.000271662720479
15.61512279510498,2.2584545612335205,0.0006737433723174
36.96739196777344,2.2602977752685547,-0.0002039957325905
10.874175071716309,2.246485710144043,0.0063456380739808
21.400279998779297,2.2599570751190186,-4.1634652006905526e-05
47.43348693847656,2.2590935230255127,0.0003695809864439
14.594919204711914,2.2573392391204834,0.0012042319867759
38.40768051147461,2.2601935863494877,-0.0001543564576422
40.70014190673828,2.2587711811065674,0.0005230148672126
30.19804000854492,2.260951519012451,-0.0005155717954039
33.65473175048828,2.25834059715271,0.000727943086531
29.80195999145508,2.261062860488892,-0.0005686525837518
25.985197067260746,2.2595458030700684,0.0001542120153317
16.81536293029785,2.259223937988281,0.0003075246640946
19.59992027282715,2.259445905685425,0.0002018357045017
2.6285257339477535,1.7132736444473269,0.2085537910461425
21.328266143798828,2.2599427700042725,-3.4825163311325014e-05
21.13622665405273,2.2599000930786133,-1.4572642612620257e-05
23.75275039672852,2.259852409362793,8.13529914012179e-06
50.05001068115234,2.2606029510498047,-0.0003494623233564
15.9631929397583,2.2587478160858154,0.000534146791324
3.468693733215332,1.868635654449463,0.1601689308881759
14.774954795837402,2.257555723190308,0.0011013189796358
11.150230407714844,2.2481789588928223,0.0055461311712861
16.49129867553711,2.2590839862823486,0.0003740807005669
28.241647720336918,2.26078200340271,-0.0004347346257418
30.954191207885746,2.26053786277771,-0.0003184302768204
38.16763305664063,2.26029896736145,-0.0002046131703536
3.8887777328491206,1.9313775300979612,0.1381050646305084
13.910781860351562,2.2565810680389404,0.0015647350810468
17.271453857421875,2.2593405246734615,0.0002520251728128
38.69573974609375,2.260029554367065,-7.626041769981384e-05
48.8377685546875,2.2598557472229004,6.550769739988027e-06
47.31346130371094,2.259089469909668,0.0003715361526701
42.740547180175774,2.2598443031311035,1.1991864084848204e-05
26.117223739624023,2.2595813274383545,0.0001372910337522
28.481697082519528,2.2608914375305176,-0.0004869172116741
39.319862365722656,2.2595791816711426,0.0001383607304887
7.945589065551757,2.207017660140991,0.0247106067836284
8.197639465332031,2.212944984436035,0.0219858735799789
52.894577026367195,2.259738683700561,6.234276224859059e-05
23.980796813964844,2.2597959041595455,3.5149645555065945e-05
16.431285858154297,2.2590527534484863,0.0003890318912453
22.588518142700195,2.2600400447845455,-8.125641761580482e-05
34.41088104248047,2.2583193778991695,0.0007380720926448
37.54351043701172,2.260414123535156,-0.0002594859688542
34.55491256713867,2.2583928108215328,0.000703130965121
10.406081199645996,2.2432236671447754,0.0078832404688
19.74394798278809,2.2594869136810303,0.0001822636986616
39.54790878295898,2.2594010829925537,0.0002231123798992
2.208441734313965,1.62029767036438,0.2331183850765228
31.75835227966309,2.259873628616333,-1.946693373611197e-06
43.59272003173828,2.2601919174194336,-0.000153518791194
29.10582160949707,2.261071920394897,-0.0005730100674554
49.16183090209961,2.260089635848999,-0.0001048741978593
31.96239280700684,2.25968337059021,8.863963739713654e-05
26.921384811401367,2.2599780559539795,-5.165242328075692e-05
50.9141845703125,2.2607693672180176,-0.000428739353083
26.297260284423828,2.2596466541290283,0.0001062116716639
12.542508125305176,2.2541296482086186,0.0027287655975669
2.112422466278076,1.597643256187439,0.2385913878679275
5.9891977310180655,2.1297452449798584,0.059146411716938
47.589519500732415,2.2591195106506348,0.0003571854322217
4.62092399597168,2.019489049911499,0.104736290872097
38.28765869140625,2.2602500915527344,-0.0001813186972867
5.977195262908936,2.129024744033813,0.0594579726457595
30.61812400817871,2.2607522010803223,-0.0004205509612802
13.502700805664062,2.256075859069824,0.0018047174671664
23.464693069458008,2.259917736053467,-2.2978869310463775e-05
9.733946800231934,2.237233638763428,0.0106974877417087
42.044410705566406,2.2594044208526607,0.0002215632994193
53.578716278076165,2.259157180786133,0.000339306803653
26.033206939697266,2.2595574855804443,0.0001486853143433
11.774354934692385,2.251373529434204,0.0040351492352783
5.785157203674316,2.1169641017913814,0.0646464675664901
48.24964904785156,2.259440660476685,0.0002043401182163
13.2386474609375,2.2556700706481934,0.0019974673632532
5.3770751953125,2.0878047943115234,0.0769843012094497
28.049610137939453,2.2606813907623287,-0.0003868468629661
35.479095458984375,2.259187698364258,0.0003247141139581
20.584115982055664,2.259748935699463,5.746516035287641e-05
33.150630950927734,2.258628845214844,0.0005907324375584
45.21304321289063,2.25998854637146,-5.668431185767986e-05
41.000198364257805,2.258791208267212,0.0005134370294399
29.42988586425781,2.261096954345703,-0.0005849621957167
35.119022369384766,2.258847713470459,0.0004866468952968
10.730146408081056,2.245536088943481,0.0067936410196125
49.59391784667969,2.2603721618652344,-0.0002393966278759
1.7643529176712036,1.5113087892532349,0.2575666904449462
20.116024017333984,2.259601831436157,0.0001275227696169
16.455291748046875,2.2590653896331787,0.0003829516936093
37.31546401977539,2.2603938579559326,-0.0002498236717656
15.543108940124512,2.2583873271942134,0.0007057628245092
7.693538665771484,2.2004380226135254,0.0277213249355554
12.254450798034668,2.2532401084899902,0.0031506437808275
25.45709228515625,2.2595043182373047,0.0001740196312312
27.317462921142575,2.2602312564849854,-0.0001722661982057
46.58131790161133,2.2592835426330566,0.0002790597791317
12.566513061523438,2.2541964054107666,0.00269705359824
16.935386657714844,2.259263277053833,0.0002887779846787
29.981996536254883,2.261021852493286,-0.0005490566254593
12.158432006835938,2.252906322479248,0.003308905987069
48.00960159301758,2.259296417236328,0.0002729782136157
26.56131172180176,2.2597706317901607,4.7077075578272336e-05
45.68113708496094,2.2597575187683105,5.3405081416713074e-05
45.3930778503418,2.2599050998687744,-1.6945647075772285e-05
43.37667465209961,2.2601311206817627,-0.0001245615276275
44.74494934082031,2.2601590156555176,-0.0001379136228933
4.7049407958984375,2.028085708618164,0.1013337075710296
26.26125144958496,2.259632110595703,0.0001130981545429
43.18463516235352,2.2600605487823486,-9.092297113966195e-05
4.4288859367370605,1.9987533092498777,0.1128368079662323
35.13102722167969,2.2588586807250977,0.0004813930427189
27.91758346557617,2.2606067657470703,-0.0003512625698931
42.11642456054688,2.2594528198242188,0.0001984487171284
48.22564697265625,2.259425163269043,0.0002116783143719
39.931987762451165,2.259116649627685,0.0003585613158065
8.62972640991211,2.2216846942901607,0.0179467629641294
26.39327812194824,2.259688138961792,8.63707173266448e-05
10.910181999206545,2.246716260910034,0.0062368917278945
24.616924285888672,2.259634733200073,0.0001118116560974
21.22024345397949,2.2599196434021,-2.3794789740350097e-05
22.240447998046875,2.26004695892334,-8.45452887006104e-05
39.15182876586913,2.2597086429595947,7.667552563361822e-05
50.83016586303711,2.260770797729492,-0.0004294076643418
23.488697052001957,2.2599127292633057,-2.055498225672636e-05
25.409082412719727,2.2595064640045166,0.0001729379000607
28.51770401000977,2.2609059810638428,-0.0004939208156429
23.476696014404297,2.259915351867676,-2.177124042646028e-05
21.46029281616211,2.2599682807922363,-4.696283576777205e-05
17.331466674804688,2.2593493461608887,0.0002477256639394
36.34326934814453,2.259943723678589,-3.53292198269628e-05
3.000600099563598,1.7871106863021853,0.186684176325798
23.608722686767575,2.2598862648010254,-7.944318895169998e-06
36.091217041015625,2.2597460746765137,5.885657810722478e-05
41.564311981201165,2.2590856552124023,0.0003733457706402
32.106422424316406,2.259547233581543,0.0001535707706352
8.317663192749022,2.2155466079711914,0.020786102861166
10.754150390625,2.2456974983215328,0.0067175850272178
29.53790664672852,2.2610940933227535,-0.0005835780757479
27.209442138671875,2.260161161422729,-0.0001388608652632
52.510501861572266,2.260054111480713,-8.79066574270837e-05
46.61732482910156,2.259267807006836,0.0002866488066501
22.06041145324707,2.260040283203125,-8.134177915053442e-05
21.784357070922848,2.260016441345215,-6.994931027293205e-05
53.146629333496094,2.259521722793579,0.0001657267275732
39.59592056274414,2.2593638896942134,0.0002407994034001
18.543708801269528,2.259342193603516,0.0002511580532882
50.78215789794922,2.260769844055176,-0.0004289515491109
4.608922004699707,2.0182380676269527,0.1052292957901954
28.88977813720703,2.2610280513763428,-0.0005521216080524
26.633327484130856,2.259809255599976,2.8709197067655623e-05
38.8157615661621,2.25995135307312,-3.891116284648888e-05
15.399080276489258,2.258246421813965,0.0007727860356681
44.588916778564446,2.260197877883911,-0.0001564066769788
38.575714111328125,2.2601025104522705,-0.0001109337827074
46.569313049316406,2.259289026260376,0.0002764826349448
16.575315475463867,2.259124994277954,0.0003545408544596
40.25605010986328,2.258919477462769,0.0004524672694969
13.574714660644531,2.256174087524414,0.0017580895218998
8.82176399230957,2.225038528442383,0.0163899604231119
12.002400398254396,2.2523224353790283,0.0035857001785188
50.75815200805664,2.26076889038086,-0.0004284956667106
12.662532806396484,2.254453182220459,0.0025752645451575
24.652931213378903,2.2596263885498047,0.0001158141021733
35.10702133178711,2.2588365077972408,0.0004918845370411
53.12262344360352,2.259542465209961,0.0001558423973619
51.91038131713867,2.260461568832397,-0.0002820032241288
15.85517120361328,2.258662700653076,0.0005746866227127
1.1162232160568235,1.3344330787658691,0.2868120670318603
39.763954162597656,2.2592368125915527,0.0003013710665982
10.370074272155762,2.2429482936859126,0.0080128824338316
1.500300049781799,1.4416100978851318,0.2706653177738189
18.69973945617676,2.2593350410461426,0.0002545368333812
2.0284056663513184,1.5774023532867432,0.2433089464902877
4.320864200592041,1.9863858222961424,0.1175959780812263
33.36667251586914,2.258485555648804,0.0006589197437278
51.6463279724121,2.260593175888061,-0.0003447339404374
5.533106803894043,2.0995447635650635,0.0720521137118339
41.97239303588867,2.2593557834625244,0.0002447487204335
51.9223861694336,2.2604546546936035,-0.000278784049442
39.37987518310546,2.25953221321106,0.0001606649748282
40.20804214477539,2.2589449882507324,0.0004403235798235
4.800960063934326,2.0375776290893555,0.0975466296076774
12.638527870178224,2.2543904781341557,0.0026049623265862
17.22344398498535,2.2593321800231934,0.0002559341373853
14.198840141296388,2.2568926811218266,0.0014165445463731
27.953590393066406,2.260627508163452,-0.0003611598513089
16.515302658081055,2.259096145629883,0.0003683325776364
19.539907455444336,2.259429454803467,0.0002095737290801
35.80316162109375,2.259492874145508,0.0001794253039406
12.758551597595217,2.2546932697296143,0.002461340976879
18.06361198425293,2.259371757507324,0.0002370953588979
12.866573333740234,2.254944324493408,0.0023421728983521
15.783156394958496,2.2586028575897217,0.000603127584327
36.12722396850586,2.2597758769989014,4.4665364839602255e-05
36.3072624206543,2.259917020797729,-2.2655376596958376e-05
20.00800132751465,2.2595677375793457,0.0001437998580513
48.20164108276367,2.2594099044799805,0.0002189228398492
50.4700927734375,2.260732889175415,-0.0004113326140213
28.76975440979004,2.260994911193848,-0.0005362953525036
7.489497661590576,2.194593906402588,0.0303834155201911
33.282657623291016,2.2585382461547847,0.0006338746752589
5.089017868041992,2.06408953666687,0.0868021920323371
25.51710319519043,2.259502649307251,0.0001747935602907
45.78915786743164,2.2596991062164307,8.121888095047326e-05
10.958191871643066,2.2470190525054927,0.006093961186707
48.9457893371582,2.259934902191162,-3.1067505915416405e-05
37.3754768371582,2.26040267944336,-0.000253943784628
45.06901550292969,2.2600488662719727,-8.539876580471173e-05
4.176835536956787,1.9690611362457275,0.1241716295480728
52.57051467895508,2.260006904602051,-6.539911555591971e-05
11.342267990112305,2.249256134033203,0.005037089344114
50.842166900634766,2.260770797729492,-0.0004294265818316
34.56691360473633,2.2584002017974854,0.0006995822768658
7.201440334320068,2.1853926181793213,0.0345512926578521
25.145029067993164,2.2595326900482178,0.0001604971621418
22.40848159790039,2.26004695892334,-8.450522000202909e-05
9.721944808959961,2.237107515335083,0.0107566509395837
24.424884796142575,2.259681701660156,8.947493915911765e-05
6.073214530944824,2.134683132171631,0.0570066384971141
31.686336517333984,2.259939432144165,-3.3286702091572806e-05
18.111621856689453,2.2593693733215328,0.0002382753445999
31.278255462646484,2.2602918148040767,-0.0002011745382333
26.045209884643555,2.2595605850219727,0.0001471892319386
6.313262462615967,2.147803544998169,0.0512803681194782
48.34566879272461,2.2595040798187256,0.000174136046553
25.37307548522949,2.259508848190308,0.0001718691783025
47.6855354309082,2.259148359298706,0.0003434337559156
6.421284198760985,2.1532537937164307,0.0488844364881515
50.33806610107422,2.2607016563415527,-0.0003964277857448
41.48029708862305,2.259033203125,0.0003982749767601
29.63392639160156,2.2610867023468018,-0.0005800519720651
51.322265625,2.260706901550293,-0.0003989478282164
21.65233039855957,2.2599992752075195,-6.179724005050957e-05
4.920984268188477,2.04897141456604,0.0929590836167335
48.23764801025391,2.259432792663574,0.0002080206468235
8.449689865112305,2.218251466751098,0.0195364914834499
9.493898391723633,2.2345547676086426,0.0119522484019398
28.925785064697266,2.261036872863769,-0.0005562924779951
17.415483474731445,2.2593598365783687,0.0002427578729111
45.03300476074219,2.26006293296814,-9.209723793901504e-05
47.00139999389648,2.259133100509644,0.0003507611108943
6.4812960624694815,2.156166076660156,0.0476001352071762
36.451290130615234,2.2600200176239014,-7.161953544709831e-05
53.79475784301758,2.258990526199341,0.0004186245205346
3.7207441329956055,1.9074246883392332,0.1466965973377227
23.02060317993164,2.2599968910217285,-6.061564272386022e-05
16.971393585205078,2.259273767471313,0.0002837522188201
16.383275985717773,2.259026288986206,0.0004015917947981
24.12482452392578,2.259758710861206,5.278564276522957e-05
7.465493202209472,2.1938717365264893,0.0307114925235509
17.631526947021484,2.259375810623169,0.0002351331932004
37.81956481933594,2.2603933811187744,-0.0002495470689609
4.956991195678711,2.052292823791504,0.0916132628917694
21.20824241638184,2.2599167823791504,-2.251091063953936e-05
28.0736141204834,2.26069450378418,-0.0003930977836716
35.25104904174805,2.2589704990386963,0.0004280993307475
13.202640533447266,2.2556085586547847,0.002026779577136
0.7801560163497924,1.2361909151077273,0.2972074747085571
9.037807464599608,2.228455066680908,0.0148001667112112
49.50990295410156,2.260321140289306,-0.0002151280932594
19.26385307312012,2.2593653202056885,0.0002401597448624
50.1700325012207,2.2606489658355717,-0.0003713575715664
38.7917594909668,2.25996732711792,-4.657807221519761e-05
28.529705047607425,2.260910987854004,-0.0004962047096341
12.050410270690918,2.2525076866149902,0.0034979118499904
5.797159194946289,2.1177477836608887,0.0643108412623405
9.001800537109375,2.22791075706482,0.0150537230074405
23.72874641418457,2.2598583698272705,5.3924864005239215e-06
21.688337326049805,2.2600042819976807,-6.4189633121714e-05
41.108222961425774,2.258829355239868,0.0004953714669682
48.441688537597656,2.2595698833465576,0.0001427705719834
46.161231994628906,2.25949501991272,0.0001784123014658
9.913982391357422,2.2390365600585938,0.0098517388105392
22.228445053100582,2.2600467205047607,-8.443636033916846e-05
19.107822418212887,2.259344577789306,0.000250085722655
40.73614883422852,2.258767604827881,0.0005246946820989
23.128625869750977,2.2599804401397705,-5.284407234285026e-05
9.745948791503906,2.237359046936035,0.0106386831030249
52.78655624389648,2.2598299980163574,1.8811977497534823e-05
34.95098876953125,2.2586972713470455,0.000558202387765
17.403480529785156,2.2593586444854736,0.0002433946792734
20.224044799804688,2.259636163711548,0.0001111432211473
31.302261352539062,2.260272264480591,-0.0001918554626172
16.779356002807617,2.2592108249664307,0.0003137580642942
1.2242448329925537,1.3651962280273438,0.2826819717884063
7.5375075340271,2.1960153579711914,0.0297370199114084
4.128825664520264,1.963066816329956,0.1264219433069229
5.665132999420166,2.108901023864746,0.0680873617529869
5.245048999786377,2.0772719383239746,0.0813688486814498
5.833166599273682,2.120074510574341,0.0633130967617034
18.471694946289062,2.2593464851379395,0.0002491286722943
36.48729705810546,2.26004409790039,-8.311357669299468e-05
5.737147331237793,2.113788366317749,0.0660043135285377
22.984596252441406,2.2600018978118896,-6.298748485278338e-05
15.267053604125977,2.2581102848052974,0.000837501429487
37.759552001953125,2.260401964187622,-0.0002536963438615
44.04880905151367,2.260251045227051,-0.0001816899311961
35.155029296875,2.258880853652954,0.0004708391497842
29.69393920898437,2.261079788208008,-0.0005767455440945
42.56051254272461,2.259739398956299,6.199042400112376e-05
37.987598419189446,2.260356903076172,-0.0002322075160918
21.700340270996094,2.2600059509277344,-6.495911657111719e-05
34.590919494628906,2.258415699005127,0.00069218093995
51.31026077270508,2.2607100009918213,-0.0004004466172773
35.94718933105469,2.25962233543396,0.0001177193917101
5.029006004333496,2.058801651000977,0.0889647603034973
44.852970123291016,2.26012659072876,-0.0001224268780788
6.745348930358888,2.1680502891540527,0.0423290245234966
19.587917327880856,2.2594425678253174,0.0002034049539361
7.381476402282714,2.191283226013184,0.0318862870335578
14.75094985961914,2.2575271129608154,0.0011148987105116
24.856971740722656,2.259582042694092,0.0001369321689708
26.165233612060547,2.259597063064575,0.0001298515271628
35.071014404296875,2.2588038444519043,0.0005074936780147
50.55411148071289,2.2607479095458984,-0.0004185444850008
50.54210662841797,2.2607460021972656,-0.0004176240763626
29.477895736694336,2.261096477508545,-0.000584683381021
