x0,x1,y
-4.732136373392068635e-02,7.970967279534260742e+05,3.163980563982313126e-07
7.104158549249115981e-03,6.463603389306132449e+05,4.688910479326418308e-09
-4.413802452682293216e-03,6.744972391392959282e+06,1.970985305859191058e-07
-1.290599579639523271e-02,2.486446185144929681e+06,2.290015476149589686e-07
1.615482124746624821e-03,3.902521248377243523e+06,8.838775783073553941e-09
4.249096503239570277e-02,5.372247322907253169e+06,1.158783856134190215e-05
-4.372862188488485513e-02,9.563897989331732970e+05,3.889544120913744359e-07
2.481541046498649417e-03,1.419445596766482631e+05,2.759165052550598954e-11
1.367077638518159922e-02,1.807510889396525687e+06,1.357830170675594019e-07
3.670219869989677086e-02,3.407358446692269063e+05,3.477899757359568265e-08
7.645169412880575485e-03,7.654813568022645777e+05,7.616241626019308051e-09
-4.566290641225478203e-02,8.586620528953639790e+06,3.418762192180312918e-05
-1.045161413307690336e-02,3.460856567258215509e+05,2.909585922047030171e-09
4.062248948459013659e-03,6.948566617729016580e+06,1.771824780967363687e-07
3.724877828410753239e-02,2.012988329366304388e+05,1.250270057453839148e-08
2.381019096850892428e-02,1.610969100238348823e+06,3.271880463283416938e-07
-1.789573821569118151e-02,2.085692416432427010e+06,3.098111265050538250e-07
-1.619208515122576991e-02,9.606028955649416894e+05,5.380103015446285314e-08
2.134342402328199065e-02,1.075766905132392567e+05,1.172362165606742666e-09
-4.972530496393113425e-02,7.971725792378309416e+05,3.494273256960769164e-07
5.957786814989878693e-02,2.372682229724181816e+06,4.443716291459345361e-06
-1.339194181854275060e-03,5.076521271149188979e+05,1.027819324352319716e-10
9.772711192494759613e-02,1.439026718014807266e+05,4.398099945662250316e-08
-7.996078111655782750e-02,7.916768979976091534e+06,8.911426928148487444e-05
-1.130027847596182418e-02,5.566428739290074445e+05,8.798909481347104497e-09
4.222806745513235649e-02,2.039965050195281627e+06,1.650232430228437799e-06
-7.219111264348985688e-03,6.972447458004517248e+05,5.634238433922590978e-09
2.365781055677155034e-02,4.844828233400935424e+05,2.921481353868948287e-08
1.444977856501222964e-02,8.682613453965924680e+06,3.500423314970394460e-06
-1.313433574620490865e-03,4.003628791564479470e+05,6.149234930235897189e-11
-1.615267373298834861e-03,1.075669414375158085e+05,6.713418675248135126e-12
-3.143137929921067508e-03,1.173904083567548369e+05,3.027536280965849319e-11
1.402677844014789225e-02,6.535320324625762878e+05,1.868731399900864523e-08
-7.877446005280860572e-03,8.624201688686752692e+06,1.026374679819222928e-06
1.306285011915742176e-03,2.437583042092615797e+05,2.254716681755629631e-11
1.120988170387213299e-03,7.930005461680867011e+05,1.757301511233145737e-10
-2.086132631949834566e-03,4.948320486268809997e+06,2.369718302661255343e-08
1.008619464657109759e-03,9.085895739635163918e+06,1.867615366494225820e-08
1.025165436215168127e-03,2.852164893584996462e+05,1.901228961151555384e-11
-1.394670626959059086e-03,1.584742207184223458e+06,1.086320084045718014e-09
1.822300168441868748e-02,3.217456197388811852e+05,7.644733801017803867e-09
-1.191856545734444432e-02,1.282114055429601576e+05,5.192763517947337383e-10
-1.479892994476443265e-03,2.977143173051414196e+05,4.316754203022066321e-11
1.487511166325338613e-02,1.174232412839353317e+06,6.784624995286440763e-08
2.404934536783343013e-02,5.117821804159006104e+06,3.368791164919981932e-06
-7.401732320444467245e-03,1.488991579442708462e+05,2.701148643829142889e-10
1.638791694661569922e-03,3.817921233323697466e+06,8.705599582355944797e-09
-6.864684784379393272e-03,1.291795694101305213e+06,1.748743509007714575e-08
3.095737371076570828e-03,9.627255979061588645e+06,1.975288381115354881e-07
9.022520404358175261e-02,4.585475150381111540e+06,3.806463632038552979e-05
3.171371089192180203e-03,2.823513793382075964e+05,1.783081538189353952e-10
2.220661089708948679e-03,2.400979010262704978e+05,6.321767845784879210e-11
4.935361540903500030e-03,4.015785174285108806e+05,8.735266105137061229e-10
-1.570308596492798678e-02,2.911950109870701563e+05,4.649809140181807669e-09
-2.179880141139592994e-03,8.578115680865454488e+05,7.775821414680295244e-10
2.960880944657165448e-02,4.542207408650144935e+06,4.022287072289991173e-06
-1.753780658326554000e-03,1.349045715218999540e+05,1.244804462444546363e-11
7.000082508003989401e-02,2.271519089082193677e+05,5.622589148202048179e-08
-2.558099923331414675e-03,4.657683127209856175e+05,3.156982236149100095e-10
-5.140492065366752267e-02,2.106435120534655172e+06,2.607370880958714291e-06
1.034050311367410270e-03,6.800480095884787152e+05,1.099663316160725439e-10
-2.723570767337105472e-02,9.164833444558994845e+06,1.385554880364159342e-05
7.602206635984352923e-02,1.641876778039122932e+06,3.464636779410582647e-06
-3.881895720910190275e-03,2.262937229798084125e+06,1.716050227085971323e-08
-2.143396644428938267e-03,3.119023484384556068e+05,9.938930024342425051e-11
-3.084956619910786749e-02,7.215854558510041796e+06,1.101972902880669933e-05
9.101563172470594765e-02,1.057315448620265350e+06,2.059388966973686106e-06
-7.984507854337843935e-02,2.612320392142636236e+06,9.674898924993714721e-06
4.064492320163828193e-02,3.477742860594145954e+06,4.443291445661781415e-06
1.274535766222999579e-03,6.839644598592253402e+06,1.689928677904435865e-08
-4.950378479302604273e-02,2.353890447598887258e+05,3.019580078674037806e-08
3.191153682836286865e-02,4.928727083076219074e+06,5.501260770058606159e-06
2.752636528257400989e-02,2.928420049218753702e+05,1.444979651082980758e-08
1.416347078043125440e-03,9.128308941682614386e+05,3.717211674941314787e-10
-1.130165383743933580e-03,7.578852433448059019e+05,1.631504044118139625e-10
6.355889830740490964e-02,2.251785637949157506e+06,4.555164464002320739e-06
2.199672391698986786e-03,9.267091444065138698e+06,9.240599663328772909e-08
8.583801874047640446e-02,3.813977565900270827e+06,2.383487555413852155e-05
-8.569500430961135562e-02,9.378217806006252067e+05,1.436312334814070420e-06
-2.346380771211183797e-02,1.906754157143517630e+06,4.451266906039491820e-07
1.374159308095375615e-03,4.592186649858934805e+06,8.855446871125663334e-09
4.883779667775121208e-02,1.284494204467360687e+05,8.751322199442505296e-09
-2.092173709509161615e-03,1.545359389609126665e+05,2.324618671824648919e-11
1.409555206327441079e-02,1.846211607982959831e+06,1.505997965068801987e-07
2.575258379213003768e-02,1.294144989329070318e+06,2.470044279142556987e-07
1.773209204988890212e-03,1.804549893919595925e+05,2.276957861565637219e-11
-1.170086085164500972e-03,3.735919689573450596e+05,4.249403226093532741e-11
-2.873191337065554921e-03,4.460184498174147448e+05,3.652010310753345149e-10
-2.572736176801405580e-02,1.825247673969754251e+05,4.903784365800901190e-09
-2.733385758941408485e-03,1.358457943790241377e+06,3.066136610382968821e-09
-1.370907193860567775e-03,2.772664862608100520e+05,3.212980714521455009e-11
7.222596199762378912e-03,1.417207204031501897e+05,2.329971577099741897e-10
-8.667902993497844655e-02,9.547144403863033513e+05,1.522903265804690773e-06
9.036675146560342597e-02,3.473727931538567645e+05,2.191321969061422971e-07
2.100770475438803325e-02,5.382154345090131275e+06,2.842933864028414085e-06
-2.103902044078533040e-02,7.898800607088029385e+06,6.141445233622920151e-06
-8.786048062751501686e-02,1.060290499893635861e+05,1.929897040918588053e-08
1.489517264614027619e-03,4.227486704811359756e+06,8.817649549301743662e-09
-3.873567928412049565e-03,6.089021633450561203e+06,1.237128002328548694e-07
6.755817913124145813e-02,7.670233667006315663e+05,5.971319526461119024e-07
-3.726134218891758582e-02,5.370694657817082480e+05,8.905845640605614896e-08
1.867001618068163567e-03,5.438517243513056310e+05,2.292702258993963696e-10
-3.324907814591357424e-02,1.580824461806966865e+05,6.143611760459105534e-09
7.727526503044770088e-03,2.201800972701238003e+06,6.437753971709918282e-08
4.227701776217649560e-02,1.132641522427504882e+06,5.099069093439247600e-07
-7.980299462732497878e-03,1.303717638919175137e+06,2.407147543574040991e-08
-5.637134356338143609e-02,1.693326492821175489e+05,2.026261201781598768e-08
-8.402598459985389026e-03,4.370411490284309722e+06,2.998949339697206088e-07
3.843856860562819017e-03,1.001529985879029147e+06,3.295790347026662435e-09
-1.238535952543324756e-02,5.719077866564810975e+05,1.115748998129466134e-08
-4.429768474193193986e-03,8.719439067700579762e+06,3.317694561054795282e-07
-1.252063381793403624e-02,2.250941712334609474e+05,1.766356567085375046e-09
-3.220235730873857727e-02,1.977872633352699049e+05,9.021302015312334551e-09
-1.502855233998058333e-03,1.037293475388226216e+06,5.404242633127663651e-10
-2.699077321025730985e-03,1.179104834370970493e+05,2.252333739896894940e-11
-7.061068521208785365e-02,5.150922862882759655e+05,2.941766477950109541e-07
3.919133505712509014e-02,4.729212079405981116e+06,7.639324301685175773e-06
-8.204776067690511612e-03,2.302026535640711081e+05,7.933254124855793211e-10
1.282809386631863884e-03,6.029344486956871115e+05,1.330337106219202294e-10
7.972120089157934408e-02,5.304950275548313512e+05,3.977475835147495903e-07
-2.531350215501416111e-03,3.682332679978418746e+05,1.932180807750344579e-10
-5.870783224664064340e-03,1.717253239066425886e+05,2.260258067882667951e-10
3.523051096942586904e-03,9.995399512813916663e+05,2.757626535376469016e-09
5.637535253096204874e-02,1.065009435774285084e+05,8.016461348041144762e-09
2.301084657633618510e-02,1.053970102507801930e+05,1.308033983359918755e-09
-6.080929564051809275e-03,1.067068123625502922e+06,9.363139402521850976e-09
2.012048337725283291e-03,3.169911342275009956e+05,9.046244097031391981e-11
2.334068894003660591e-02,1.828239946091263089e+06,4.049402809175512276e-07
-1.027078874545750767e-03,4.142978335178311449e+06,4.026522850628816443e-09
4.382745346620280612e-03,4.043118719599334872e+05,6.982689213745859490e-10
1.740409570087987504e-03,6.439546244042990729e+06,2.793255795768644011e-08
5.926095503554930539e-03,5.637860783029352315e+05,2.482351274212397299e-09
-1.812041828478946600e-03,2.015508710126906401e+06,2.966217864801435316e-09
-2.333395598665701995e-02,9.710579023592461599e+05,1.141732208818096882e-07
2.558890246326397076e-03,3.483380280595448567e+05,1.766860843813912417e-10
4.199727438484093973e-03,4.143713236699185334e+06,6.734709188830940544e-08
1.137199457677320197e-02,4.160499245663793990e+05,4.978074978069818099e-09
1.900996386281993220e-03,2.490635121350736299e+05,4.985170873943789264e-11
6.125642071604175953e-02,7.699177074307153234e+05,4.946398485594702565e-07
-8.884610291164852028e-03,1.140657805849694647e+06,2.283940417583256517e-08
-7.075767449916726959e-02,2.132059881388655864e+06,5.061079380308000530e-06
7.872646448161448041e-02,2.489811661008740775e+06,8.544206580808359134e-06
-1.541857402791436699e-03,9.192148144032573327e+05,4.467038556116746030e-10
-4.630036054376433091e-02,1.606234755847090855e+05,1.229940307094194010e-08
-5.507867305611813952e-02,2.552676450040325290e+05,4.395980239979220010e-08
1.647074962986287694e-02,9.041484612911449745e+06,4.931777520518580388e-06
3.766816655657433816e-02,8.382657117901548045e+05,2.217224246188258943e-07
-2.634937728723163800e-03,8.172789051262639463e+06,1.031284621069307135e-07
-2.596710767454655719e-02,2.800987297360386699e+06,1.176431613771100554e-06
-1.285817279905026754e-03,4.235537212652442046e+06,6.595880362432623748e-09
8.283330107067300718e-02,4.030077250211080536e+05,2.478186180412472962e-07
2.690392676087091997e-02,1.073981561899797758e+06,1.856616669986392365e-07
1.607331613044593599e-02,3.598454519646878354e+06,7.439440242738123093e-07
8.064051988052095901e-03,2.617192480745810026e+05,9.905472946708053836e-10
1.655294110834820785e-03,1.302326364559575217e+06,1.033444731453465606e-09
4.172679563424059462e-03,6.493678650355392601e+05,1.632709449479849465e-09
2.619553318080214670e-03,1.492189834025786840e+05,3.397816251517206048e-11
-3.999782475679708460e-02,6.339262497109104879e+06,1.429708397380367002e-05
6.190724604035897569e-03,1.532356334167772438e+05,2.001242677019151115e-10
-2.034368824626447796e-03,2.975360176801760215e+06,8.147713067108462378e-09
-5.577923009342472538e-02,3.154113720543144736e+05,6.883304415972704681e-08
4.480199149737653513e-03,3.639749253549467772e+06,5.913366822978754356e-08
-4.083808300273938929e-02,1.800362038225640426e+05,1.202119492846702522e-08
-1.382483663442591335e-03,9.191759282424120465e+05,3.590992939622510431e-10
2.067384309082986871e-02,7.540087593691097572e+06,5.403715356685635735e-06
1.301955816100004541e-02,2.987073215799671132e+06,3.363422908699780655e-07
-3.889536090927001033e-03,2.830531382910893299e+06,2.695434672578004732e-08
3.329675496084494313e-02,4.428147698175218888e+06,4.834429894031289455e-06
-4.224107292748688521e-03,8.974047433250403265e+05,3.195537022366185991e-09
-1.800256357475595384e-02,1.313318625430049608e+06,1.243100279074301797e-07
-1.711170936339961434e-03,2.686494589083298575e+06,4.699546828008691418e-09
2.798596843899348041e-02,5.942082707766678650e+05,6.149719615856240479e-08
2.478609950748683968e-02,9.327751575369011611e+06,1.188687156945382517e-05
-1.567133951115643256e-02,5.518122017333365977e+06,1.662999383700205702e-06
1.159124129098308524e-02,2.792484170886765933e+05,2.329906985555668898e-09
6.788862028880922501e-03,1.172642036367425171e+05,1.409360620740833247e-10
1.631429891532464385e-02,1.848305759152080864e+05,2.022002622826377238e-09
1.370161115426610059e-02,4.601135551266582916e+05,8.838337529344608942e-09
-8.275084001529128819e-02,9.402867324090162292e+06,1.346364614821157757e-04
3.563234795493289142e-02,8.613117307926589623e+06,2.094627766322670971e-05
1.204046453214662263e-02,4.394415689832239877e+05,6.225668747011927583e-09
4.224057741359654727e-02,1.184889708483799914e+05,5.570738823992483855e-09
-3.362060020398797977e-02,3.193602564902088605e+06,2.563715988986145921e-06
1.842227006860936225e-02,8.820715211332218722e+06,5.872068876431032446e-06
5.967759194570108720e-03,7.697506518390662968e+05,4.692669434802681188e-09
-5.334899142517593451e-02,5.621351203438744415e+05,2.000005160025238239e-07
2.121914591850167318e-03,1.087815679493025964e+05,1.184850832003133993e-11
1.245264910233965724e-03,3.476425714283041307e+05,4.167606039560893016e-11
-4.565933710393246282e-03,1.540277582591669168e+06,1.099903144948757884e-08
-1.875538796300517744e-02,4.519058213441899046e+06,1.597516036496421335e-06
3.966180254685088002e-02,3.023411936734552030e+06,3.197693200562108643e-06
2.305401599416692995e-02,8.058724776833231561e+06,7.675789895709150948e-06
-7.975450346672473961e-03,1.275507397268243512e+05,2.301302158859289822e-10
-2.655297852327648603e-02,1.238760810472654557e+05,2.406016791590620239e-09
-8.212894236951642432e-03,4.987518518833352253e+06,3.731287844403412904e-07
8.532663206657552235e-02,1.467807312740809575e+05,3.488225498661493341e-08
-5.741903005682454791e-02,3.494235445080086938e+05,8.951860052080123904e-08
-3.142419920759604874e-03,6.139111029986619018e+06,8.276308390363654070e-08
1.467220962764522255e-02,3.579850973660886288e+06,6.135051214216836819e-07
-3.550858127828061990e-03,7.600703557758891024e+06,1.619837619707878322e-07
1.644165875017383370e-03,2.421114433130849211e+05,3.523864042140964075e-11
6.576020132693121377e-03,5.280720947830715450e+05,2.681698540410754797e-09
-2.258875995468652767e-02,2.328797354466566176e+05,6.153829072907648038e-09
-8.067866909442829304e-02,6.557048815047314856e+05,6.223454730604615828e-07
-6.908028383610868850e-02,1.505595795674557448e+05,2.405593622910331090e-08
-4.983204055189548003e-03,5.573436383016459877e+05,1.715381372400624370e-09
-1.449270086595478299e-03,1.048272368546024663e+05,5.132679942116259790e-12
2.436687772111873970e-02,3.760145562579030520e+05,1.866836715202802440e-08
6.124194771764449562e-03,1.051610044343639165e+05,9.223689833340670274e-11
2.895937503964469018e-03,4.323929961035700398e+05,3.486847249401753370e-10
4.417769596059222675e-02,2.123456748137777904e+05,1.956997240728433149e-08
1.414123121962240943e-02,7.294793648100726306e+06,2.366452108455080351e-06
1.914277808959469543e-02,1.306736561112840893e+06,1.391500173972401161e-07
4.302870307364655734e-03,4.214787148344336310e+05,7.314170117792988551e-10
-4.237380465543189728e-03,1.568125958330805297e+05,9.818701539769595461e-11
-2.024288090720620208e-03,1.098733358123496000e+05,1.100085678656256991e-11
-1.523512497798234361e-02,9.838939079583975254e+05,4.996729460974378855e-08
-1.539553258572628515e-03,1.733353964205408236e+06,1.583657278462854993e-09
-5.176719927950533540e-02,1.466951019618390710e+05,1.282442245242110245e-08
2.282833029802842570e-02,2.119629757080956188e+05,5.206736042261777621e-09
-2.293364360377960539e-03,6.229035481194918975e+05,4.538214071934543140e-10
-4.273535867904007524e-03,1.027280743148143636e+06,4.285981098980384151e-09
5.573769497926850912e-03,1.350093894924822962e+05,1.259282611322763091e-10
-1.848938651156426145e-03,3.621409929355997592e+05,9.970056720691978582e-11
4.477413509910604592e-03,2.125168927877373644e+05,2.013439461441505838e-10
7.553828560604407272e-02,3.312592800012646709e+06,1.392411513264606640e-05
-2.061097635863892025e-02,1.294664447773857682e+05,1.583466300747284242e-09
-3.399461099138044451e-03,7.055737462613228709e+06,1.279387866320134049e-07
-3.574175511324018031e-03,2.653958869626778178e+05,2.000955251103976774e-10
3.679679993055495757e-02,4.721645707642673515e+06,6.712806770747604108e-06
-4.562539664418116536e-02,2.667322753269525245e+06,3.293530547555350221e-06
8.930377478902269683e-02,8.735008851030629594e+05,1.353204964067856473e-06
1.826034990706905219e-03,1.785875120464216452e+06,2.364926322280972631e-09
5.229190924106993932e-02,2.392832548233668786e+06,3.481696115702509689e-06
7.987880557619125507e-03,5.139097264013916138e+05,3.747434491312231980e-09
2.914204305913280484e-03,2.222700072815136809e+05,9.330372209229082229e-11
1.229861226346083691e-02,1.465488947034756129e+05,7.223947225788002447e-10
-5.800385944084469891e-02,2.170474664955009241e+06,3.524686337911705387e-06
-1.342098867278526328e-02,1.104898410554950533e+05,4.890023742818777736e-10
-3.425092285810130838e-02,3.342835805984452600e+05,2.915223770319868419e-08
1.193905346793369508e-03,9.115658468718660995e+06,2.633984017887000374e-08
1.086560434333778101e-02,3.441794259771428769e+05,3.110103455731679745e-09
-1.629950650548485022e-02,1.986871379842676921e+06,2.332306752483933562e-07
-4.672079951185368306e-03,2.138868315333493985e+06,2.220679464958501985e-08
4.687584996891312403e-03,8.687217828993057832e+06,3.687711898178869782e-07
5.407887820738386392e-02,2.411610405290252063e+06,3.782395140695860582e-06
4.701930470238224226e-03,2.709568693521157838e+05,3.609524446434917872e-10
-2.667665959338927709e-02,7.222636613015287556e+06,8.255657642501985479e-06
6.769924498460838658e-03,3.788880181529157562e+05,1.463142562275517829e-09
9.808555529364959905e-03,6.576498481334856478e+05,9.253303546072333226e-09
1.961512587342164379e-03,6.853134111859660596e+06,4.018443911294460603e-08
2.820272211418508798e-02,5.152694879573291168e+06,4.696217032648099618e-06
1.911211645194532335e-02,1.374347577082298812e+05,1.534291851922157695e-09
1.154595987602848040e-03,4.783153909360090620e+05,6.782441388962239561e-11
-9.794611736707814487e-03,1.157034030793550424e+06,2.856037897052944474e-08
-4.387082352891393672e-03,1.565112016152374854e+05,1.048430570660431184e-10
3.613250086740501382e-02,2.757400907706687693e+06,2.207461421894433931e-06
-4.504207201453790804e-02,1.334626649192332989e+05,8.036252178442152170e-09
6.860097279307646179e-02,8.984636949039237807e+05,8.448096473435565592e-07
4.351898235733223097e-02,6.793419800598712172e+05,1.943710669342811939e-07
-1.737241339954379710e-02,6.608419850247649010e+05,2.930979733322061463e-08
-9.759687690276507357e-03,1.089232835866127280e+05,2.513104463727933399e-10
5.609343365703583009e-03,4.680505530320914462e+06,1.532875301460560665e-07
-5.520280157075025534e-02,3.323676799559270032e+06,7.486124742464024512e-06
9.150173694248180806e-03,7.865082539385416545e+06,1.151761338018055640e-06
5.502414143054085681e-03,2.236899680530841928e+06,3.368967450216057232e-08
2.349429072829479354e-02,2.921111507623358630e+05,1.047413576555209016e-08
-1.894340115468454242e-03,1.154227494584833737e+06,1.063153549612884735e-09
1.307743583644821158e-03,1.579920857393910992e+05,9.493210506402815343e-12
-1.280931979042590659e-02,2.002357466269476572e+06,1.462960531833863742e-07
-1.234423849644061995e-02,1.313995391357241431e+06,5.850776957571688513e-08
-9.772613325019382374e-03,3.048593292342423229e+05,1.973865973683545661e-09
-2.208944967840315021e-02,3.881022200154738384e+05,1.634403550447690037e-08
1.831522316273197226e-02,5.856456309559586458e+06,2.558535783314499987e-06
-9.924718126747392871e-03,2.039479264853837958e+05,9.111129118948188110e-10
-2.715141939726801491e-03,2.007672980695946317e+05,6.607973237540592369e-11
1.006974538123818182e-03,2.931274387590965489e+05,1.937524379167761905e-11
1.167552034251970487e-03,1.110579732191824587e+05,3.738946294621030089e-12
2.087734120178244904e-02,5.082089076963057742e+06,2.503411104942142971e-06
-2.333819917870762466e-03,3.534689785324039985e+05,1.513333145319376176e-10
2.655466841671580945e-03,5.764491235861900263e+06,5.210758943826448570e-08
-8.173914292976576165e-03,9.682501770867133513e+06,1.392940545475628531e-06
1.593551175922478316e-02,5.773663565717473626e+06,1.882488050982884999e-06
1.508178023001410448e-02,4.503417331931880675e+06,1.025857071148990573e-06
-8.344493781188407067e-02,1.111572260080547858e+05,1.913254050840559177e-08
1.852930131989358187e-02,2.082530706245289883e+06,3.311297226681587779e-07
-3.894973393698381026e-02,1.327815094247968518e+05,5.948143587920588050e-09
-2.088646939607737701e-02,5.881467911121663637e+06,3.355820959621749739e-06
-6.787646896689460141e-02,2.513622363789033843e+05,6.473449986081707117e-08
7.410701033586737131e-03,1.372250127949251037e+05,2.299759367668887071e-10
-5.536912350033233732e-02,1.115175225282888394e+06,8.478495088582632018e-07
1.593951740244737431e-02,5.028462237083350192e+05,1.428624102589644292e-08
-8.089431108418207797e-03,1.295576101940374123e+06,2.442637774508560778e-08
-4.242641928863324918e-02,2.042531417827492580e+06,1.669965506525431181e-06
-1.836142528962086615e-03,6.667787058152876794e+06,3.333292874082857645e-08
3.473146505067146311e-02,4.510148192444710294e+05,5.456637217617876991e-08
-8.188178576094221062e-02,2.976886477845607442e+05,1.321284707309465140e-07
6.619150623808297412e-03,3.166186233552973717e+05,9.767303681130279259e-10
1.691375066882084893e-03,3.529905244708441896e+05,7.926896614385901178e-11
1.520093744897339956e-02,1.160824709704974201e+06,6.924226766509921166e-08
-1.130174381611806847e-02,1.712816387268536491e+06,8.333161266995751017e-08
-1.034374914070426785e-03,4.804080790407800116e+06,5.491282845027054846e-09
-1.935932875321540875e-02,5.739386069187412970e+06,2.745419530473664125e-06
4.959421463895723886e-02,6.574867049788741861e+05,2.364466884219584155e-07
-1.444622422773329459e-02,1.136275088244854240e+06,5.992015444136617032e-08
-1.424186820459170423e-02,3.725916520119689871e+06,6.261774386963486811e-07
-1.426661001896679416e-02,1.261406119490960846e+06,7.201926707931148695e-08
-1.108077122273888777e-03,8.482508863269567490e+06,1.964653071201190802e-08
7.044566821090519730e-03,2.934378714141843957e+05,9.502506246083122928e-10
1.410194627572097618e-03,3.285159082541239914e+06,4.772744347945382148e-09
2.333335566247539752e-02,1.296190363666217308e+05,2.034179293340212845e-09
1.825489866437289988e-03,1.948189926649057306e+05,2.812669412508881967e-11
7.615609805340558744e-03,1.804530287326901162e+05,4.199861517298876513e-10
3.121098679089251513e-03,9.348894172032274306e+06,1.893357993725192215e-07
1.435745025539426727e-02,4.979360838027419522e+05,1.136577592235252321e-08
-6.681343978188979647e-03,1.949632235295236169e+05,3.773377945819012616e-10
-6.579097414377332864e-02,1.825762015027375193e+06,3.208619503043367867e-06
2.031375888176404146e-03,9.375172634637502953e+06,8.065594502156963121e-08
3.295905081013546147e-03,3.103935588644489646e+06,2.327405429766511688e-08
-1.527137689578542644e-02,1.752627959055310348e+06,1.593063593899734023e-07
5.223910330538287378e-02,1.698386451501704752e+06,1.750498371298137735e-06
2.496142381325440213e-03,4.226441953692002222e+06,2.475060254502940150e-08
-2.819582604794756975e-03,1.131389365703627846e+05,2.263034007440591986e-11
7.082067695140917968e-03,2.010387504878749605e+06,4.507927788849933449e-08
1.113138660711250442e-02,9.834503589827853721e+05,2.665021211975083983e-08
-6.206992748172373599e-03,8.664611718657178804e+06,6.432176276892764818e-07
-8.192992486801654872e-02,1.732992217999099055e+06,4.483070708237287336e-06
6.730514785813403004e-03,9.422859607169307768e+06,8.944565668746744522e-07
1.097625203909407751e-02,4.587100913710819557e+06,5.637440629264130191e-07
6.873569261586581769e-02,5.667882214720303891e+05,3.375231067875747928e-07
-1.175942143055229037e-03,3.741004406754212454e+06,4.303735768242273298e-09
1.922239376938308583e-02,1.109240074692105118e+05,1.011028253614194494e-09
2.515892705019475220e-02,2.087935480870665633e+05,6.136427833004169154e-09
4.507620445741079146e-02,4.162567927810648107e+05,7.829149716001231810e-08
5.105661129777396001e-02,9.493867080339273438e+06,5.225014715588971047e-05
-2.841695436225276372e-02,2.002305294003466843e+06,7.199675147740757653e-07
-3.395375718244633689e-02,3.115779020949185942e+05,2.488892993589858762e-08
1.107715261925239962e-03,3.069244118768742192e+05,2.570492813030472516e-11
-7.546664563942364831e-03,1.677831387893923093e+06,3.565364807566159831e-08
4.289348382841808027e-02,1.616595679912377091e+05,1.069258523293233029e-08
1.511326652258589706e-03,3.004330310615455383e+05,4.584682780311237003e-11
1.106178808413523385e-03,6.147658549082033569e+05,1.028412614631958895e-10
-5.416524501350728979e-03,5.019870499033164233e+05,1.644082859100826028e-09
-8.217563046618027792e-03,3.701238631053097779e+05,2.057204723329306245e-09
-2.631670489038091115e-02,2.518133368052772246e+06,9.766022650622534879e-07
-3.952028212109827757e-03,2.448213369214324048e+05,2.081784896146222066e-10
-1.604115601852498536e-03,1.702593628106361721e+05,1.658786849260460953e-11
-1.265599006739552383e-02,7.740271282052431256e+06,2.134036609240414153e-06
6.741299193918678934e-03,3.486262595129666734e+05,1.228300555136755577e-09
1.675278398713034257e-03,5.588825148080087965e+05,1.949450772362676285e-10
-7.010538591768290806e-03,1.919596287908250932e+06,4.027354155662291335e-08
4.057165078477252204e-03,2.853654834606420249e+06,2.980886849751555166e-08
7.205820024370773562e-03,1.461758021593408659e+06,2.467260714358068965e-08
7.530375650722118293e-03,7.001729548373862170e+06,6.182173601854506030e-07
-1.939045435661795403e-03,9.910154283253506292e+05,8.211718497525282804e-10
3.919200033162212847e-03,2.011688813171250513e+05,1.382336299189402151e-10
8.621924115884428697e-02,1.109347779080404202e+06,2.034422167466045999e-06
-9.265501544132572972e-03,6.093340700678478926e+06,7.088364462687473135e-07
7.497424857168004386e-02,1.931843037937754532e+06,4.665145229809789841e-06
3.479231657698361648e-03,5.869954124171896838e+05,9.275415159448220442e-10
2.431000535222576763e-03,3.609099800488420762e+06,1.711847774201331385e-08
-1.200523694664350563e-02,4.493914219052029774e+06,6.472741740714225052e-07
-9.798663767756479043e-03,6.630084326215550536e+05,9.385751807071749795e-09
-3.351456718881077549e-03,1.141247561742615217e+05,3.253300697701431848e-11
-5.118752221394049645e-03,1.160384028738570050e+05,7.845650377370636882e-11
-1.250284863167091740e-02,4.040608800863341894e+05,5.675561160531263770e-09
-8.967983481296437631e-02,4.050152806007476756e+05,2.933794346402220798e-07
1.124061133736451584e-03,2.359858986447147094e+06,1.564765343016713103e-09
-3.497046307923665914e-03,1.831989115419500740e+05,9.127372922044323187e-11
2.032028511292261960e-03,5.848823920875384938e+05,3.141188068385037771e-10
1.710265468892887067e-03,1.483279793656192778e+05,1.431101595296769485e-11
1.331671465924603136e-02,1.004695783681152971e+06,3.980710534263923078e-08
7.355719961930869306e-03,3.473177453970830422e+06,1.451448298794441688e-07
-1.695257187530590159e-03,3.103705005789468996e+06,6.156435199132024092e-09
4.611140471113590877e-02,4.259015321849616594e+05,8.576939772072192782e-08
-1.398093003447590512e-03,1.926612170476453030e+05,1.613459149019449224e-11
-7.685450609811289580e-02,4.089486283380491659e+06,2.196713576201336115e-05
-3.209196505191257154e-02,9.653362573317721253e+05,2.134258934879738582e-07
-7.068549137851039277e-02,2.578783780741973023e+05,7.389034143905766349e-08
-3.562648488389677515e-03,2.007774549730644794e+05,1.137818757736745350e-10
-7.881921715445862342e-03,4.225208279737678356e+06,2.466367159357191881e-07
1.650095987752427454e-02,1.890667582722117368e+05,2.164442349960414804e-09
8.510013497220478285e-02,1.066872443669446511e+05,1.833085592395619532e-08
-2.239429038158931989e-02,6.522629363906498067e+06,4.744792926970929983e-06
1.869253168610973464e-03,8.365139937969109043e+06,5.437257770310847124e-08
-6.992450174839397181e-02,2.660524256453796756e+06,7.696450083706656933e-06
-2.022352243381778450e-02,2.720397279892603867e+06,6.730936859177670018e-07
-1.193156727189831345e-02,9.606544090529317036e+06,2.921639312462098395e-06
4.111070852738772652e-02,1.734119993334187311e+05,1.130226445315667340e-08
-5.729602114987449035e-02,4.105292171595048276e+05,1.230365998028705219e-07
-1.419414432389852834e-02,1.111148977023900661e+05,5.531720971970223017e-10
7.149681488808037194e-03,2.471925786699128803e+06,6.946107434987661323e-08
8.048532022924145823e-03,7.157289268444849877e+05,7.379513696218830270e-09
2.836522873017048151e-03,2.394722957316569984e+06,1.026078022747789219e-08
-2.666474951256736156e-02,1.816003294645332033e+06,5.214414265738010037e-07
2.157577276098662095e-02,4.445132807453106507e+05,2.045499846342927446e-08
-4.129644576514471255e-02,5.873513350198115222e+05,1.308333679201832938e-07
2.003364630498052738e-03,9.488138451823726296e+06,8.034877894248645566e-08
1.414893459786079619e-03,2.226799279599191621e+06,2.207531314918840235e-09
-1.769177606426805072e-03,2.301541402409298345e+06,3.687038744568685086e-09
3.880882695512174758e-03,8.761954406130766496e+06,2.571344465926447678e-07
4.552836528894035201e-02,5.926597663502778858e+06,1.619094716709322017e-05
-1.174649937392205357e-03,1.246575783099586843e+06,4.768167921917307182e-10
3.391668732275818915e-02,1.488537811613102676e+05,5.668182799628765712e-09
2.590523805558668166e-02,3.058158395918877213e+05,1.395700959763981243e-08
-8.698887346591204286e-03,1.442436673957015155e+06,3.501210121926431048e-08
1.873967825541954495e-03,1.656394886215483421e+05,2.142640318464662501e-11
7.492155660933912976e-03,1.380754883483766462e+05,2.379819452983762673e-10
-3.263631441451456117e-02,1.198396954760864377e+06,3.401737995642248173e-07
2.968332320655504841e-02,5.421124039660892449e+05,5.758388753786230347e-08
1.567944621318698856e-02,7.217231548969576135e+06,2.847737587717316141e-06
2.287479336931366736e-03,1.955164669072031393e+05,4.448138398291582070e-11
-8.209028492743786903e-03,1.822767221845432359e+05,4.979012276163012276e-10
-1.991341127095213812e-02,1.691275052836969960e+06,2.522418034434521516e-07
6.534500297077136532e-02,4.137926592964768410e+06,1.625876592250171109e-05
2.273892734920023723e-03,1.669823828742163605e+05,3.206110653173398862e-11
2.620797430976538108e-03,4.134499256974953227e+06,2.611018780737133452e-08
-8.367427055369704159e-02,7.255701006197396666e+06,8.196715783326800377e-05
4.226728025825077228e-03,1.140696666581506375e+06,5.169472178477459237e-09
5.132638706883210777e-02,1.620016996628437657e+06,1.537509408764614449e-06
2.299851993366883521e-02,2.230459195925745589e+05,5.851747681398219151e-09
2.562849454033477165e-02,2.892908825478574261e+06,1.222398856087652683e-06
5.316667456840067085e-02,3.426600529152044910e+05,7.380795970478010830e-08
-8.510896544395565866e-02,3.760356588027398102e+06,2.277749362952691516e-05
-6.907636956476436232e-03,1.135674776616857620e+06,1.368561188687276408e-08
9.758769620257749799e-02,1.130220020613511093e+06,2.705287175449461433e-06
-5.128674998418328995e-02,1.761104877216048539e+06,1.814170279852685415e-06
-4.752985117006407190e-02,1.007165316056145006e+06,5.096026552945475082e-07
2.522658666522814043e-03,3.183193402863615192e+05,1.433970725869296033e-10
-2.141174068857869608e-02,8.107395560481199063e+06,6.701375080081489795e-06
-8.519184605733309823e-03,7.308909068721453659e+05,8.621809574544107157e-09
-2.086764940594544593e-03,1.674346650366912829e+06,2.714782675029874902e-09
-1.340552943777170887e-02,1.069156549626282649e+05,4.568228231513393236e-10
2.050710415951350826e-02,1.230133716524068499e+06,1.415176373595672237e-07
-3.180570964544166511e-03,1.681009692573850742e+06,6.356936386733963397e-09
-2.635645995465333256e-03,2.967950388479231857e+06,1.360769857445980600e-08
-6.350585692877158683e-02,1.128651647606893966e+05,1.142469596920285855e-08
1.141478948632895958e-02,9.132325533276695758e+06,2.416550257909429791e-06
-1.582856405743709310e-02,1.374802095850636833e+05,1.053078285835665581e-09
-2.488016139841706109e-02,1.090234394497453322e+05,1.636226397801225858e-09
7.508203848032569960e-02,5.972700716980163706e+05,4.472093426734252739e-07
1.469167731920339483e-02,7.076266499453139259e+05,2.403523506164108429e-08
-1.661340973802127516e-02,1.079191232075342443e+06,7.148445648413002544e-08
4.082917809424670662e-03,1.057627990344590507e+06,4.146717002923198177e-09
-4.143690810176526435e-02,8.133609342888148502e+06,2.526030288618853756e-05
-2.876366831217341911e-03,3.454583326652242104e+05,2.195720920456507183e-10
-1.634921349974138328e-03,7.290623214305272326e+06,3.159514036385849821e-08
5.633331054490177403e-02,1.247605794995783799e+05,1.098455747550721845e-08
7.041927536119709299e-03,1.580935986892629007e+05,2.756188553684129505e-10
2.024471549498851539e-02,1.201430234519609221e+05,1.315581386293746654e-09
8.477633027000962274e-02,1.386273284384911181e+06,3.071455196229857895e-06
-1.720105302236401429e-02,1.761724039011936402e+05,2.042128566022817488e-09
5.714733527179710615e-02,5.231172115406988887e+05,1.987408935619781453e-07
8.411163551687574069e-02,5.567208093667119974e+05,4.876231500729447964e-07
-5.691335379677945477e-02,4.466484016006855527e+05,1.437001348924163168e-07
-3.182566863096653736e-02,6.704027276019248180e+06,1.012334106451121404e-05
5.310945445808718142e-03,4.817291741391769028e+05,1.455616025571715144e-09
-2.681198482320978210e-02,1.006488431811351911e+06,1.619469434172629543e-07
1.712262414338506849e-03,3.273149607675469946e+06,6.985051466398326283e-09
2.814198962349831468e-02,5.018347476292669307e+05,4.435354181735647024e-08
1.076380878142857520e-03,5.374106421111901291e+05,7.441178507755090416e-11
1.157044538878691971e-02,3.234719758504033554e+06,3.115090919623028548e-07
4.846020227569559913e-03,5.005856349341613241e+05,1.308652867328729388e-09
9.628238621624880811e-02,1.716281179238515673e+06,6.072504156235355015e-06
6.217397771855855647e-03,1.851655895685490686e+05,2.947373140857999248e-10
4.458020721864112967e-02,5.851300791694103740e+06,1.513164919290203316e-05
-2.043296526878827027e-02,2.226586131338724808e+05,4.602979528917039773e-09
-9.162867600110924382e-02,3.008209013950524968e+05,1.689569610513467266e-07
4.651028041028935217e-03,6.035173610376822762e+05,1.752163792684271610e-09
3.442783753025710491e-02,5.945944322445741855e+06,9.318766214194327234e-06
-3.573563079646140464e-03,3.351333850544664892e+05,3.189595001171957232e-10
1.728699494508329024e-03,1.079929287911168300e+06,7.750449654000437082e-10
-5.918687235730792258e-03,1.300262091664189007e+06,1.317072963122011981e-08
-2.702076429100754365e-03,1.000331821227358014e+05,1.624728044766823366e-11
3.908273754360623575e-02,9.180027662012416404e+05,2.862563850802058007e-07
4.956633328883596791e-03,1.148381555525923148e+06,7.205153759703980060e-09
8.068475617208703543e-02,1.095439106751227053e+06,1.737227575177324273e-06
-4.475513975860510169e-02,1.174369233732581924e+05,6.143168332667544358e-09
2.466860051263712258e-02,9.950218910358186113e+05,1.339835700699495085e-07
2.118841517777337712e-03,1.188056867014650197e+05,1.409187092528228017e-11
-3.717921494165474933e-02,5.734930972830892541e+06,1.011006786431863292e-05
9.124367846290806078e-03,5.583396855368575081e+06,5.771647734363080119e-07
-3.196022567074274009e-03,5.336760307532606646e+06,6.469523876672963239e-08
-6.633654622695176785e-03,5.913915138148259139e+05,3.422576311014331762e-09
5.392351031283621615e-03,7.080213148543308489e+06,3.241501502815323267e-07
1.800560399481247742e-02,1.262352753195323981e+06,1.148878500136469462e-07
-6.635771347231733674e-02,2.090013175224993611e+05,4.277382851411473501e-08
-6.969546838876447548e-02,6.343421313994682860e+05,4.346637744408876183e-07
-7.241440808496119041e-02,1.413087223479186883e+06,2.328547814234229850e-06
-6.021729569622267728e-03,3.697903941150652245e+06,1.102683807496638569e-07
7.576136460646629156e-02,9.359383241676002508e+05,1.118117099496079689e-06
2.708612801028730671e-02,1.023481287193602766e+06,1.709034843233641588e-07
-5.914067574587069179e-03,4.247553767245532945e+06,1.403290501501734969e-07
-5.363036437470782708e-02,4.096531622346733930e+05,1.073374736049758378e-07
9.975963434885087855e-02,4.483603428139708936e+06,4.448989009424942552e-05
-1.234808868829051455e-03,1.008371234080128837e+06,3.447764762374149290e-10
1.553525165367992608e-02,3.518174501069693943e+05,6.643066335533731057e-09
-2.553157941347540191e-02,4.931709487205846817e+05,3.525718098323406554e-08
-9.548933716403394667e-02,1.204368838392210426e+06,2.941209961390585872e-06
1.071556551521699215e-02,9.182002418018067256e+06,2.152792877717027210e-06
6.090600527500380883e-03,1.488858024018699653e+05,1.828622477111533974e-10
-1.376857785625754810e-02,6.463677543865839951e+06,1.761305879532601208e-06
-4.443767663032308080e-02,1.086102638690768217e+05,5.180142140613480033e-09
-1.132111872365142028e-03,4.726082400805511512e+06,6.366174211798155498e-09
-1.152074966249708610e-03,3.176770802691642661e+06,2.978725581614076566e-09
-3.543525193552998775e-02,1.486490579196346225e+06,6.170105962612441073e-07
-4.077616711676416289e-02,6.426631844215738820e+05,1.527133115337268046e-07
-8.329635066252434258e-03,8.336058400365717243e+05,1.072187394530735179e-08
-8.225636636372291033e-02,4.239810571342971176e+06,2.704762888443663636e-05
-1.554854279219568302e-03,8.736435375106944703e+05,4.103412474504640059e-10
8.152799783922833401e-03,1.511005143208220543e+05,3.374758422140855849e-10
-2.723513221660108993e-03,3.661442568488135934e+06,2.211366260883259190e-08
2.758820637243126692e-03,2.517346583082412835e+06,1.072581266683641456e-08
-1.055879858005154140e-03,2.636371548379410058e+06,1.723215107272558359e-09
-2.191053164193840913e-02,6.600790578551487997e+05,4.651521042618949526e-08
-2.423463059680801800e-03,1.218533151969319733e+05,1.939298928907102857e-11
-2.947317349800114734e-03,1.020359911294537131e+06,2.011211883900379333e-09
-1.298524068493685062e-02,6.657517083822551649e+05,1.661964860908251236e-08
-1.290253783711248561e-03,2.997974483419681783e+05,3.327387627507236644e-11
1.454952671827819096e-03,1.618287907819788379e+05,1.232839558474975950e-11
1.011713566158746816e-02,4.225932811223478056e+06,4.064972138422207897e-07
7.876687710708690782e-02,9.350346164379961556e+05,1.206257103256104358e-06
7.294832053546124184e-02,1.306737364407430170e+06,2.020712205285431149e-06
-1.067139181750706867e-03,7.337054807925270870e+05,1.363273237385835930e-10
1.139952014003001298e-03,2.436051329041040968e+06,1.714917612694512733e-09
7.375232968829513805e-03,1.714705839281131921e+05,3.556542401965765510e-10
-3.335791509663181553e-02,1.243984532254537917e+05,3.829349530606010705e-09
-5.793719766062808800e-03,3.756611280240170890e+05,1.053427708154794440e-09
-9.139955125782427831e-03,6.937721905001965351e+05,8.941680591706629964e-09
-3.775001909553602191e-03,6.403473423066058196e+06,1.299459727576524644e-07
-1.879110874832706519e-03,1.133519650055421051e+06,1.008927985850167102e-09
6.797914610234397081e-02,7.516357484872617060e+05,5.805819307280910865e-07
1.325427845608758391e-02,1.617349800328815589e+06,1.021921060935342420e-07
8.464475711888097900e-03,4.859243506575041451e+06,3.762137833703532084e-07
-2.591992965534066322e-03,1.215685550843185047e+06,2.208042342423636960e-09
-3.466706942387675489e-02,1.027699414631106891e+06,2.822693538985537077e-07
-1.457861502125918501e-03,1.624530469747419993e+05,1.247341892673022613e-11
3.183220506448222048e-02,2.847555702460309025e+06,1.827154007753312116e-06
-2.692418256212744405e-03,8.056055938511127606e+05,1.046230195473076747e-09
-4.230081228208268374e-02,4.231744989776826696e+05,7.125800214067910560e-08
3.489744889891330248e-02,3.637352667921968969e+05,3.583071154451908296e-08
-4.409081067336757809e-02,2.602366566504455113e+05,2.927725532016700913e-08
-1.828549707099156457e-02,1.152155926231481862e+05,9.870367156969744047e-10
-2.321017071178146148e-03,8.233965709302059840e+05,8.122169117308057426e-10
-7.651752209435300212e-03,2.766125967943290598e+05,9.962376559622497579e-10
-2.925362092901485044e-03,5.302071131810761988e+06,5.349923958153614265e-08
1.436957648382962242e-02,1.124823716442608275e+06,5.809705478496761857e-08
-8.629256135073931633e-02,1.581331626612678170e+06,4.140853676240536729e-06
-6.756150975772682102e-03,3.389029349497728981e+05,1.165860536957437668e-09
3.985190142769332033e-02,2.514092385010892991e+06,2.232326992241059091e-06
2.849550314090472034e-02,2.944638700403373223e+05,1.565719429664654022e-08
-2.412123102038165202e-03,2.359005872642250033e+05,7.200360335522705545e-11
-2.370247344668619666e-02,4.328452240054278518e+05,2.340722057759217345e-08
4.719473585888585981e-02,8.934966744736023247e+06,3.954305792032657938e-05
-2.188785124237245441e-03,4.722045053299217252e+05,2.375547726495338161e-10
2.046461620148595090e-02,5.618367856781359762e+06,2.939847484966661617e-06
1.519269740483082144e-02,3.291051742184848408e+05,5.559509123306854857e-09
-2.408427261438071676e-02,3.963497807345023844e+06,2.026383142451096958e-06
8.887509068424202102e-03,3.080301026490262593e+05,1.666647232114114098e-09
-1.445167554966916672e-02,1.638479054177804210e+05,1.246853543302868640e-09
-1.797364840354858870e-02,1.114166653791808290e+06,8.918052950462891284e-08
-1.083245315271237109e-03,2.287604783047755249e+06,1.365566585556774709e-09
-4.641938415621928160e-02,9.473896152873601764e+06,4.300839534115582748e-05
-2.552043480961048699e-03,4.405587968447258463e+05,2.811131387944868299e-10
-2.189185179174507005e-03,1.747948242397760507e+06,3.256262342009023768e-09
2.504081260563171749e-03,7.702607156973013654e+06,8.273124967670753030e-08
3.237183062907143111e-02,3.943391291565352120e+06,3.623860869467742580e-06
1.294279082624975614e-03,4.192580084388033953e+06,6.548108235341849076e-09
4.286066951631722910e-02,2.648139926076924428e+06,2.864817826836266048e-06
-1.509017228572726368e-03,4.429319084767580964e+06,9.934810374685848031e-09
8.820743534346531245e-03,6.258176095121376216e+06,6.776464994603716072e-07
2.355289454069030286e-02,2.771793837120746728e+06,9.477802948977932380e-07
4.540867640161754849e-03,1.124728864409205853e+05,5.800569278085129570e-11
7.247482695919908041e-03,2.006203673322372139e+06,4.701340073790042886e-08
-6.283959576185437455e-03,2.094643499283623183e+06,3.852869082166922812e-08
6.802521679359349593e-02,4.898796594399493188e+05,2.469539255624494331e-07
-2.091102270263355337e-02,8.577062603464821354e+06,7.153605023635421786e-06
6.825776118682688222e-03,4.578853609123637434e+05,2.172275216860328943e-09
-5.886389927291747065e-02,4.935991035756637342e+06,1.877344738208808957e-05
-4.435666362407422215e-03,1.578109939086300146e+05,1.089656227842161204e-10
4.016845241667331770e-03,3.667322694302426651e+06,4.825759809692801036e-08
-2.108925270547429287e-02,1.282136066652326612e+06,1.625877669953974099e-07
-1.171415730129089783e-02,1.468086955308924662e+05,6.576925359566138561e-10
-6.693126760488984917e-03,1.178014583633016155e+05,1.382473084516708431e-10
-1.246199120585638268e-02,7.922592974452022463e+05,2.167738147784548964e-08
4.516953345660531215e-03,1.159136047828618466e+05,6.096173019076490237e-11
-4.135350740837468071e-03,3.760319335212099249e+05,5.377388407649171236e-10
-7.296988278542831940e-02,2.366358239334087993e+05,6.630488599061950107e-08
-3.727232569387616077e-03,7.812571406191360205e+06,1.885637623332220770e-07
-3.196621938477208890e-03,4.019762470308811869e+06,3.671813246274047237e-08
-4.872137575494879524e-02,1.146791701215906651e+05,6.942332650831263132e-09
-3.069134108906214006e-02,6.949721980356501415e+06,1.011728174920033543e-05
-2.168948640540571075e-03,1.442889965245684842e+06,2.178021754298721605e-09
6.452032315266222756e-03,4.918295428195260465e+06,2.239337445914474223e-07
-2.577291610217756490e-02,5.788641532649951987e+05,4.949686389921954954e-08
2.663327362879726670e-02,8.665304416643099859e+06,1.184442551472899092e-05
-7.010791718658693217e-02,2.953575652691739378e+05,9.535151090938698824e-08
4.322331915857529488e-02,4.267297178062917665e+06,7.565528209697001361e-06
-1.403011242192628467e-02,1.741493491485767299e+06,1.327587834048399644e-07
7.431853169963537585e-03,6.249518050740304170e+05,4.797163776218795595e-09
2.283454054370250702e-02,3.799651990175682120e+06,1.674053944243040432e-06
1.032781121701231361e-02,5.041999061948634684e+06,6.030028339673967455e-07
-1.394578240515272592e-02,1.410259262875877030e+05,8.601633650410187003e-10
7.337773746066481029e-02,3.285666483096399461e+05,1.292625855892660919e-07
-2.144916498309651972e-03,3.962971752583088819e+05,1.606793194096754759e-10
1.767996936217661186e-02,5.932917701049577445e+06,2.446791227331415258e-06
-4.352476076044464737e-02,1.348536086000105424e+05,7.661171432551979043e-09
-3.714277050107827466e-02,3.967109022354515735e+06,4.828298500964640151e-06
-1.906568951784186686e-02,2.384407549624146195e+05,4.595822633460193580e-09
-2.376078848456662437e-02,1.709995889722571010e+05,3.671208752347777423e-09
-1.241459551880573844e-02,2.206284312559947430e+05,1.668343037281827791e-09
-1.421791727730185948e-03,4.195921891391084529e+06,7.914509537137483814e-09
-3.317500948642468969e-03,1.861737579439205583e+06,8.483133316702599740e-09
4.804795591086849331e-03,4.942336790397199802e+06,1.254041059884974943e-07
3.065220242195435332e-02,8.647878621088588843e+05,1.562571111979500114e-07
1.044510414983354984e-03,2.250206355574657209e+05,1.228478312854946056e-11
-9.132173179122383966e-02,4.158281183676148066e+05,3.206810035285175057e-07
-3.263367016453065129e-03,1.217800382364503574e+06,3.512216687997087649e-09
-2.899143056688588752e-02,2.394264812443914823e+06,1.071472201687184372e-06
-3.713991667307459110e-02,3.116940355021015275e+06,2.980136002632648067e-06
3.904499315538594723e-02,7.955950054784715176e+05,2.145912693580161457e-07
-2.210191104255246342e-02,1.356105623798346787e+05,1.997762872415860492e-09
-7.484141651799249007e-02,5.373499799542988651e+06,3.596629665249511109e-05
7.054388222745741968e-03,1.685656222075135738e+05,3.144517233991438843e-10
-3.217939591588774885e-03,1.385086249321466312e+06,4.417806198484846341e-09
3.969374955034380911e-03,9.679461437867665663e+06,3.282795948575517548e-07
4.894377253769591207e-02,1.849702054014194990e+06,1.822618149947736278e-06
9.021363362490894544e-02,1.190102938081789325e+05,2.563366218271236655e-08
2.279625044804435563e-02,1.804229379495616304e+06,3.761902978758555207e-07
-5.225152293492081601e-03,3.690766250061579980e+06,8.270432809163094819e-08
-1.454787591781253088e-02,3.995703699477050104e+05,7.514203948145429615e-09
-4.110888009178043784e-03,1.725392326319578860e+05,1.118778897857394021e-10
2.061255285676665168e-03,7.320466808309301268e+05,5.063354874855444395e-10
-9.182805247616911831e-03,9.813667925434146076e+06,1.805970759919667999e-06
1.614540458774520182e-02,1.264196380748457304e+05,9.264547253544290022e-10
-4.962551693831476762e-02,9.585062820006504655e+06,5.031497545010775858e-05
-3.594889088940322972e-03,8.699201648169815540e+06,2.174838628536864898e-07
5.120751909501451357e-03,4.225144342279233038e+06,1.040993031090047348e-07
-8.925361465051753762e-03,3.469706017186779645e+05,2.132721936351963938e-09
1.389800900486763517e-02,1.722896022747791139e+05,1.275030474180237582e-09
4.354456786432579773e-02,3.367353622379262932e+06,4.781263434802067769e-06
-2.903041547775296344e-03,2.625682222132644150e+06,1.292076062556131540e-08
1.112124958484323779e-02,2.389449648980678525e+06,1.570363498688953436e-07
-1.231085256465558157e-02,1.364454263180330861e+06,6.274678465837832481e-08
-6.212597641324570964e-03,1.157861592512181087e+05,1.150686457108866533e-10
1.001955933285963649e-02,1.887860632097754395e+06,7.956725096770444457e-08
-7.437579982173213311e-02,1.425467791855146876e+06,2.499627917841218606e-06
-5.028334100074478841e-02,4.094961730766475666e+05,9.428556272303122876e-08
-4.245512016914952842e-03,1.193974400397242513e+06,5.714094653203418529e-09
3.917260271675818833e-02,1.424538206156310858e+06,6.924849028060435524e-07
4.598125580330217343e-02,1.197829991547756596e+06,6.746045601749091173e-07
5.469280994006666535e-02,5.597073494600703008e+06,2.083913763026470331e-05
2.814367084371375682e-03,8.083696230971432291e+06,1.151008965874055957e-07
6.739436854234405125e-03,3.095618861231378396e+05,9.679199375685270376e-10
7.224337920491349756e-03,3.391415618795887567e+05,1.334920450729702047e-09
-4.551997070454798580e-03,5.675949884917864576e+06,1.484493508346423446e-07
-3.934497578413628967e-03,1.427793464849241311e+06,7.017890616114601058e-09
-3.651876410099199905e-03,8.111292481759482762e+05,1.951234726744491599e-09
2.206765780991825753e-03,1.882364139952590922e+06,3.837222778703103313e-09
-1.320233426197761802e-02,6.357804178238845197e+05,1.566797946688601471e-08
-1.526557718985010852e-03,1.496562709153531760e+05,1.160682799305512748e-11
-4.815709603467588362e-02,2.346408568367881235e+06,2.839390355001768744e-06
-1.890045928071054822e-03,9.862384815920351539e+05,7.726910002425636368e-10
-3.600239490948046843e-03,5.074035448008426465e+05,7.421078526296777586e-10
-9.474989574844437656e-02,1.903160361436926469e+05,7.231118849230894116e-08
3.672315744123431230e-02,9.218040131735432660e+05,2.548322969267478302e-07
-7.069755428718827416e-03,2.660132058591496665e+06,7.865248070547008037e-08
1.986493790779143495e-02,2.326180466809638310e+06,4.748522317676882875e-07
-7.709194255507140214e-02,3.066550441180218011e+06,1.242840663575066423e-05
-3.861012464021717355e-02,7.629317357933416031e+06,1.929616566588657019e-05
8.784452992603604404e-02,5.644724351485924562e+05,5.467794384820552939e-07
-1.165811967189282761e-03,2.072714228133527504e+05,1.298473605240000356e-11
3.240493392064608749e-03,4.627682095862737042e+05,5.000881511748524889e-10
-1.524850784503933724e-03,1.453500316598945996e+06,1.092401296635374277e-09
8.054570686838390461e-03,2.354576424689910840e+06,7.998483027367973666e-08
-8.068624371687501892e-03,3.807351406426909380e+05,2.098660416533710891e-09
-6.963346955015154230e-03,2.435505225401380158e+05,6.396044130020277055e-10
7.288751245148122719e-03,8.334435872589452192e+06,8.206461312422266214e-07
1.040430799272333909e-02,2.482076794558761176e+06,1.483044145661086688e-07
-3.725595645791782411e-03,2.464428137770242058e+06,1.874653481203274457e-08
3.618362844592046008e-03,6.829833474757989170e+05,1.358131150716796563e-09
3.720756950365153304e-03,7.335347137754580937e+06,1.656537212323546926e-07
-3.861292663975059852e-02,1.321170539271279238e+06,5.787359382590488159e-07
9.750378883614471692e-02,2.790371514235013165e+05,1.646130622168567461e-07
-3.183112600112717426e-03,1.721865814786410425e+06,6.680359917343121859e-09
-1.365780468441097359e-03,1.609445545135677967e+05,1.074512866413872750e-11
4.245787865410042237e-03,1.411336436748405977e+05,7.985000383770667584e-11
4.595284885674337516e-03,5.052051784127499559e+05,1.198554312627470695e-09
2.877739887481451514e-02,4.032107233438236639e+06,2.994087379326799195e-06
-9.813920330539849246e-02,9.293735297857409343e+06,1.849962411539688258e-04
-2.017302259672970610e-02,1.079488163267813390e+06,1.054568924675283796e-07
-2.479782450121327531e-02,2.553385034849276708e+05,8.915732546570625160e-09
9.705443759021416261e-03,3.483760257070474327e+06,2.542286936616002208e-07
3.774866133528764853e-03,1.522324784445123980e+06,7.343701176888986607e-09
-1.620451160912345784e-02,7.425811323702335358e+05,3.220008097666751115e-08
-4.728307189492637203e-02,1.146662733423707250e+05,6.537023030421857447e-09
-4.185517689361704236e-02,1.157272319692552323e+06,5.217551506965345326e-07
-2.514450193453708973e-02,1.337220338911980798e+05,2.514138927715387693e-09
1.332802514817206171e-02,2.984995824242295697e+06,3.519786436316985970e-07
-7.993864319015168973e-02,1.400623094997291919e+06,2.787747032357753198e-06
2.619222440463680763e-03,1.276603526312516769e+06,2.486303239619292548e-09
-1.361177362742184037e-03,5.015251965663558803e+05,1.036363716795984428e-10
-3.047549459444960987e-02,4.624866049312742543e+05,4.417708880201098953e-08
-6.955848947908282835e-03,8.428971564913359471e+05,7.644458243120317492e-09
-8.413161487297371455e-03,8.663170309806544334e+06,1.181325028352230149e-06
-1.393028694058435655e-03,5.627448948284620419e+05,1.366597124658026039e-10
1.291697747128584981e-03,2.081861902542182943e+06,1.608136429899989325e-09
-1.336761104675904428e-02,2.005745919442592189e+06,1.598662126176249113e-07
2.653071054807482239e-03,2.039649299440545728e+05,6.511874387445108476e-11
-4.808264780654299478e-03,4.256088245263032615e+06,9.313121076366395049e-08
-1.268328766647392088e-02,2.543257219679168891e+06,2.313883599793221417e-07
1.872814112603835967e-03,5.730155706783196656e+05,2.561058175560910534e-10
2.478424668398720391e-03,8.890851667018285953e+05,1.079780365100187330e-09
2.245987819538524354e-03,1.614693049444114324e+06,2.924771859102181096e-09
-3.033812491033172423e-02,4.867265222788644955e+06,4.848916939993649267e-06
-8.849338029300398908e-03,5.373775576195712201e+05,5.028956397534444320e-09
-8.443154199140856520e-02,5.979012844319629949e+05,5.667162492501883140e-07
-2.568251792799682368e-03,2.127933540892791934e+06,6.641842464466705089e-09
-2.519685736989780642e-03,3.050804016004844569e+06,1.314070375171798039e-08
-1.872561280454943661e-02,1.790819374185413122e+06,2.500765084285774014e-07
-7.110646510266928344e-02,2.259331039885017381e+05,5.739514623822202662e-08
-1.052181398102398609e-03,2.140422981877384707e+06,1.127918448689943700e-09
4.905939773948636562e-02,7.741489971255338751e+05,3.207678154268461548e-07
-1.362358177207095497e-02,8.026660533297669608e+05,2.659191709872444038e-08
6.808796224353155790e-02,2.161599214676338306e+05,4.817128944724162610e-08
5.650405512088794990e-02,6.756961078558393754e+06,3.241599218122633870e-05
-5.760265321237085373e-02,1.516865121291448362e+06,1.697759450398501202e-06
2.194789541689478804e-03,3.914731603779434809e+05,1.641674296525823750e-10
-2.706509600771272658e-02,4.782613086668992415e+06,3.726034658340270211e-06
-1.372015134375192697e-03,3.072315168826316949e+06,3.951359868443227405e-09
1.779574251350136277e-02,1.763715180106268264e+06,2.190717526817553174e-07
4.617017756710144888e-02,2.620802050960036577e+05,3.256032866530196926e-08
-1.743479812280633850e-03,1.843241916933982866e+05,2.296655062108728795e-11
-3.732096416952922994e-03,1.582901133805073332e+05,7.760872360736266090e-11
7.475845535782589361e-03,1.218870456797658931e+06,1.846430608294748215e-08
8.638010629049908129e-02,9.610248703235042049e+05,1.532477025900950753e-06
1.279616991878920057e-03,6.306908281065984629e+05,1.448405875271840184e-10
-6.473805677397791170e-02,2.167962974703582469e+06,4.380465765624364118e-06
-2.769526362763727670e-02,8.845419000109741464e+06,1.334581429106286725e-05
-3.156899849585340784e-02,2.815006602190847509e+06,1.756215051314837785e-06
-6.021111973523626294e-03,3.078865645139481639e+05,7.642441681953082165e-10
5.516475132285318835e-03,2.328024524464207061e+05,3.667715850463110453e-10
-5.934316028373136549e-03,9.859548998728398001e+05,7.612944981077517966e-09
3.025321899290391026e-02,2.083352218379499391e+06,8.834171610812947054e-07
-5.555368924106624320e-03,3.351637098255690071e+05,7.709692176772894707e-10
-2.993478781723198437e-02,5.288095157749352977e+06,5.572475168294656645e-06
-3.267018192474407251e-02,8.617764641502002487e+05,1.762745497871233528e-07
1.824568786747747832e-03,3.639967317429856630e+05,9.808728213617815173e-11
-1.089108174052386743e-03,5.802301062326785177e+05,8.880548775435078523e-11
-6.676405791184706999e-03,5.349489181107319891e+06,2.836660282308029680e-07
-1.156306876472637177e-02,7.276229146844072966e+05,1.574186568430372326e-08
-1.148180006588292576e-03,1.703938027188027336e+05,8.511866457977508885e-12
2.966911178183685716e-02,2.458699974731962662e+06,1.183361440173785180e-06
-2.338661491720371143e-03,8.102040903499734122e+05,7.984005778270846797e-10
1.391518847742386801e-02,2.828393992554786382e+05,3.444730489246927600e-09
1.290131441165339203e-03,3.020345040808591875e+05,3.376589669110519425e-11
3.232086957946639361e-02,7.704837902248614468e+06,1.379082782934952243e-05
-5.085388983342993552e-03,9.433927143868341809e+05,5.118357801302444487e-09
-7.828415534818338947e-03,1.478924789352898020e+06,2.980829720598901270e-08
-8.742068621792189326e-03,1.994922015617668221e+05,6.763593829024333136e-10
-2.062206470796805642e-03,3.067622777765293722e+05,8.899496747738185380e-11
4.081390818772473277e-03,5.153012121624746360e+05,9.836394651884955625e-10
-5.878571905721964412e-03,3.385993941538248328e+05,8.810758011774735348e-10
7.163597142253103067e-02,4.191413290122705046e+06,2.004843753733052272e-05
7.913470752542145492e-02,3.674318558466793620e+05,1.880116956885650026e-07
9.871238242802695545e-03,7.780143793360084295e+06,1.311643361304735270e-06
-3.168089555683273068e-03,1.286706340711990779e+05,3.695311318221269552e-11
6.522098410192013473e-02,3.088051620214947499e+06,9.020716793760453600e-06
-2.729159524924705885e-02,1.313243254204480909e+06,2.856573818087648529e-07
-2.258545556705392199e-02,4.305404857488865382e+05,2.102727301447494070e-08
-4.736339069750642589e-02,2.027568825917834183e+06,2.050850637814015714e-06
1.712562012343939871e-02,1.894866723251922289e+06,2.341785977819235786e-07
-8.282467099158846713e-02,5.911921735483295284e+06,5.331802345559421750e-05
4.707585582408052582e-03,1.193934446261429111e+05,7.025134818477705845e-11
-4.358937325715848618e-03,9.278423828050170094e+06,3.637532759050644779e-07
1.486379301838188470e-02,4.114162377599606290e+06,8.316094301199448585e-07
-1.344668832066033513e-03,3.731211071774031501e+06,5.597931275618549859e-09
1.827445707080599391e-02,2.159009310664875899e+06,3.461746382455057483e-07
7.214791343460910666e-02,7.854290510032415390e+06,7.140994899677632424e-05
-2.073612814553921213e-02,5.802933703885910800e+05,3.219940187998196124e-08
1.836411522083968538e-03,9.231466295526571572e+06,6.391144624167594235e-08
4.139700385195876561e-03,2.126983221914363094e+06,1.724102963197503203e-08
2.372613111002735628e-03,1.020178996070788126e+06,1.302878321943706434e-09
-1.117116727117384994e-02,6.393626306488638744e+06,1.134459139447506150e-06
-1.561960897533172868e-02,6.513710803877717815e+06,2.301942711095211975e-06
4.043861217350638165e-02,1.440225817629131023e+06,7.543118304894995498e-07
-5.904367059691706388e-02,1.348346855507161235e+06,1.409441974746493327e-06
8.119794695723563452e-03,3.821904438858121866e+05,2.141642592429428857e-09
2.332310471468002858e-03,2.619953620997184480e+05,8.303423362155964614e-11
2.486689925209968361e-03,3.735355253041912802e+05,1.918687932144871316e-10
-6.446761157243943198e-03,6.250970057251571678e+06,3.611397131867186006e-07
-9.040400324510632427e-03,1.426689052375767147e+06,3.699399490004376145e-08
-2.908117711859630264e-02,6.067605582720788196e+06,6.923981486073483579e-06
7.171473320300965348e-02,5.886732382470408920e+05,3.963351678439487468e-07
4.730119965312416103e-02,1.142634956901448459e+05,6.496157923820558933e-09
-1.530531770699712505e-03,9.677379488483730704e+06,4.878625621380039333e-08
-3.932105186216863085e-02,1.593883912469509232e+05,8.734959160024991790e-09
1.436894548887404123e-02,1.991027702376436791e+05,1.820126824688458988e-09
-5.175085015719112051e-03,3.551639403193283360e+06,7.512594692060724467e-08
7.232843246017622851e-02,5.428731425796792610e+05,3.428562488609004476e-07
7.869022689662039105e-03,5.588217000522392336e+05,4.300167475233387015e-09
-1.855037668109406910e-03,1.319757449197653448e+06,1.332879719580058649e-09
-1.026274022231459145e-02,4.724738915643105283e+05,5.228529370012874469e-09
-6.647538123841970070e-02,7.255513027856319211e+06,5.173151251601623615e-05
-6.186984525052579946e-03,7.737076184523715638e+05,5.095761068617269378e-09
5.442570874715992046e-02,6.932962731122794561e+06,3.166235166872420035e-05
3.087753540976142727e-02,4.289229027902908856e+05,3.900685898509945750e-08
-9.451457922908394760e-02,1.001878711532225017e+06,1.994000019002099005e-06
-4.084156744595284980e-03,2.612929636516578030e+06,2.532546818815622664e-08
2.239370196934141813e-03,3.409866856034917873e+05,1.296653335867636603e-10
1.744510506260344568e-02,4.553391401746148476e+05,1.403183261506560668e-08
-3.080497527184633804e-03,3.853732497334031854e+06,3.134022500127661462e-08
9.083637990755177860e-02,1.769582135064516915e+05,5.745903618639592311e-08
6.351720499728358456e-03,7.570411640532665886e+06,5.141845211526414295e-07
-2.736770895470492810e-03,1.599060937208080722e+05,4.258965913235262227e-11
-5.583366511132897142e-02,1.651026056991968071e+06,1.889719654859111027e-06
1.788340676891894991e-03,8.079137611993183382e+05,4.642241946501510932e-10
3.611517686978599727e-03,1.662467875542783295e+05,8.016471755773398558e-11
1.166218290252984523e-03,2.879637091785413213e+06,2.508028487280560364e-09
-3.036132513050512644e-03,4.296124774723472074e+06,3.783488935897073862e-08
3.359932796786947035e-02,5.940075499024751596e+06,8.858136379646769671e-06
1.259325203234662807e-02,2.222720195320351981e+06,1.742379014079488946e-07
-8.659489246189069900e-02,2.492136745117775863e+05,1.035679886912063879e-07
-1.193744886818242333e-02,4.713887599423545180e+05,7.041719878893389341e-09
1.686693698784737282e-03,5.373848596475644736e+05,1.827008417449979575e-10
-3.062174685896764705e-03,1.451748337734142086e+06,4.394807422491078537e-09
8.439176035793762021e-02,3.782213676323318854e+06,2.265632490213700180e-05
8.183082928575806381e-02,3.476862224346577423e+05,1.800139320294631721e-07
1.300885922047441759e-02,3.857104464065898210e+06,5.598845466687684922e-07
-4.139842558946882183e-03,9.084727342360315844e+06,3.145492798852015747e-07
1.403541889498577909e-02,1.030544211563880090e+05,4.652445183791324157e-10
1.877243037595478607e-03,7.597374586848475039e+06,4.523403549519297850e-08
5.332405332115747361e-03,6.501010721051938599e+05,2.672423752092035016e-09
-1.016914204947532308e-03,1.820441331975176290e+05,7.621127949176700319e-12
3.810440066782878193e-02,1.587359873459730879e+05,8.135763511043512909e-09
3.252589934130426658e-02,6.520184749629672617e+06,1.000174277337681652e-05
-1.134683326391340910e-02,2.874359566775528947e+05,2.365531779924275614e-09
1.204896272309390580e-02,8.025673973122810712e+05,2.079503228037367483e-08
7.879499010892172806e-02,2.133543749160997570e+06,6.284888344116009447e-06
1.709340379832291479e-02,4.300421959125782596e+05,1.201645865034513746e-08
-4.666856689928563541e-03,6.280025263859158149e+05,1.910156548689462275e-09
-8.220492812291334273e-03,1.835233611549063062e+05,5.061458350473271496e-10
3.265231332296541361e-03,5.615369379641122650e+05,7.476215647728881450e-10
1.011071012278708971e-02,8.110847497642527334e+06,1.495522806772907666e-06
1.455310653970000659e-02,9.535348911010116339e+06,4.282346908181143894e-06
-3.156704340869656567e-02,6.939795815174686722e+05,1.067231046857928561e-07
-5.258164101442144162e-02,6.116087270307546481e+06,2.299920740018644944e-05
-1.946874153476472547e-03,1.227802556459049229e+06,1.270662099094927803e-09
-4.340898888479461162e-03,3.928811003065120894e+06,6.468131867534537492e-08
2.898031726744473152e-02,6.113418958582773339e+05,6.980263877506430669e-08
-1.105995653760734332e-02,1.559384762674500467e+06,6.614707790064123041e-08
-2.926366736503795488e-02,2.326998892845665105e+06,1.031209979008890521e-06
-1.898984840322772566e-02,1.737809524274283089e+06,2.421835228324307674e-07
1.714876785415457442e-03,2.857325624337116606e+05,5.339278381842155174e-11
-7.118475869351392933e-03,8.416439426184621407e+05,7.982300793548025837e-09
1.844340492154920158e-02,1.024535837274668738e+05,7.940242410026743014e-10
2.878039774288535316e-02,3.305232438223290374e+05,2.012309819026956258e-08
4.776859945631992815e-02,2.006863343547529774e+06,2.043703401658671420e-06
9.090577183212038281e-02,3.188688216514029540e+06,1.868548097486779445e-05
8.146554266953208098e-03,3.233874866504523088e+05,1.543446507102174602e-09
-7.873394832207089578e-02,9.588998523640760686e+05,1.267557927310061175e-06
4.540850287121713479e-03,5.987503810859290883e+06,1.643853924702516937e-07
-9.927096974563518264e-03,3.434418500266895862e+05,2.584926560829118764e-09
6.488488306118331793e-03,8.449060532379372744e+05,6.683456814487136414e-09
-7.211140549604363320e-03,3.023258980740776169e+05,1.056953483410161002e-09
3.976041380116221088e-03,3.241362531534353038e+05,3.693637381995690882e-10
-5.331432504957621388e-02,2.037865481124406913e+06,2.625041099415453536e-06
1.525661634471482068e-03,1.148000887050160905e+06,6.821786892720384320e-10
-1.256113161652670784e-02,6.704861052877532318e+06,1.577372799146144561e-06
-2.016875275459741046e-02,7.402803574980203994e+05,4.957329505096283710e-08
-8.879753831870621644e-03,1.423308311531381041e+05,3.552197251783343548e-10
-3.945210481794467379e-03,6.812877479793484090e+05,1.606566714192884631e-09
1.697807322482433601e-02,6.198221958269563038e+05,2.462681816105034239e-08
-5.460330337518736268e-03,4.238330358189788647e+06,1.191035469166276622e-07
6.099882633702828974e-03,8.747980996805354953e+06,6.332218179711827535e-07
-6.096513343317584710e-02,9.427873687282440951e+05,7.346624088086090334e-07
-1.777191832445001616e-03,3.145934451160884928e+05,6.951286790004276019e-11
-1.057300880152149463e-03,1.571749962642292085e+05,6.141314739878975601e-12
1.159855234755551370e-02,3.081916484439268243e+05,2.841492773628686262e-09
-4.202399338473297025e-02,1.863445204057123046e+05,1.363719788422654436e-08
-1.516224026924032665e-02,1.353074341437530820e+05,9.359816111280293492e-10
-3.657853846632208757e-03,1.238799517561531859e+06,4.566169230550763160e-09
1.618318688634587171e-03,1.474662066136980895e+06,1.266515084875020052e-09
-9.323567758606503275e-02,2.899387821921169525e+05,1.625077712626791360e-07
3.910701132198723257e-02,4.778732715274980292e+06,7.766618717028079484e-06
-2.331694565689732945e-03,4.316789173719201237e+06,2.253005485708202827e-08
-7.316477358651467949e-03,8.984103990024706349e+06,9.608395183340888179e-07
5.135468328221269411e-03,1.322420582446476619e+05,1.025643804448389030e-10
3.492779679716718350e-03,2.823966018923047814e+05,2.163508306568767734e-10
-1.852959167498212942e-03,1.850869138901932456e+05,2.615654495577626439e-11
5.865319075005336752e-02,1.876381155344672268e+06,2.693535237382340453e-06
-1.859904642961754048e-03,5.135557118731464259e+06,2.028867734078603461e-08
-1.155435398244803683e-03,2.683470215831061825e+06,2.137874200768374560e-09
-4.104384912564178894e-02,1.699105413873432262e+05,1.081518774375967239e-08
1.477348489172390471e-02,8.487203239939892665e+06,3.496168532673089511e-06
-2.491396571185072652e-03,5.997298380180193344e+05,4.964714607364906323e-10
3.381316669435095994e-03,1.114853199055827921e+06,3.160125354153551469e-09
6.792008558692818124e-03,3.383898154077258892e+06,1.174703510221534537e-07
2.668943906414270387e-02,1.503717828328387404e+05,3.581861926361398739e-09
7.223491429325520907e-02,2.788633300231496687e+05,9.023486906113355901e-08
-2.711027895567839907e-03,9.467370916035231203e+05,1.464954067651286543e-09
1.728510854117188550e-02,7.034249119457555935e+06,3.287584788450930231e-06
5.525075929921773737e-02,5.688266259134220891e+06,2.196512028338856278e-05
-2.798544426850598649e-02,2.274863625794103136e+05,9.013062757404580401e-09
-4.591456672223508464e-03,1.449914919263448392e+05,9.855604533204988347e-11
2.143605669136526212e-02,1.983951319181829167e+05,4.022064838437994852e-09
-1.262983946829981247e-02,4.638244687779683620e+06,7.631329808428136001e-07
3.857485649225954587e-03,1.195147961970460892e+05,4.726604227615218435e-11
-1.215922504642392987e-02,2.459985950732422934e+05,1.989639055342016225e-09
1.344913627129130625e-03,3.964825002545645111e+05,6.323158749469186543e-11
1.155265885425211386e-02,7.869876697518957080e+05,1.838217958028232346e-08
1.550981733332165366e-02,3.651453863329858985e+06,7.132507740747247829e-07
2.167939088854962254e-02,6.959357109048389830e+05,5.062087489086077451e-08
-2.624253240991506961e-02,1.904092918232091179e+05,5.552454527822662423e-09
-1.454441070070380641e-02,1.400196202775521378e+05,9.222895770719466025e-10
1.202630525858308392e-03,3.916358831137415953e+06,4.933176454885828546e-09
-3.046573421182666771e-03,3.674756990658077993e+05,2.787262025095905051e-10
9.039125221387449283e-02,1.267240400361488340e+06,2.917884360231265895e-06
2.751291993706806230e-02,1.357522523803279619e+05,3.102163669451659882e-09
2.661756382161218140e-02,4.467131825058053364e+05,3.144064131171247702e-08
-4.312650279138114523e-02,1.371703437777737272e+05,7.782268101205926002e-09
-4.708649108287032634e-03,1.288921421045652125e+06,8.191110578062975811e-09
-4.984068548334566473e-03,1.304948307824560761e+05,9.407015965766850520e-11
4.003557490681784736e-02,5.966047981575269252e+06,1.268711489217402574e-05
-2.128403351222236256e-02,3.572129889128175564e+06,1.285463066330092209e-06
-2.884859032026738934e-02,2.050039803481729934e+06,7.778055359639488561e-07
1.110824053642241096e-03,1.941812427962092042e+05,1.034671183617611913e-11
1.061430597605201578e-03,8.678819647605223581e+06,1.887129844905340830e-08
-3.973850416034306610e-02,1.091597531799940771e+05,4.184517333850872586e-09
-1.756051923886188266e-03,2.829762292570838705e+06,5.491258231506329079e-09
1.715754148604287620e-03,7.328447600257581798e+05,3.515858108247906510e-10
8.798525942008356485e-03,2.514886661916070152e+06,1.088814568876743892e-07
-1.121067677407866330e-02,9.954683592446654802e+05,2.769592242587092108e-08
2.050328746005620692e-02,4.244607983963360079e+06,1.684299908326339770e-06
-1.353019172870361005e-02,3.280576066982097109e+05,4.381324060262030361e-09
2.629709815658242203e-02,1.405275118653751677e+06,3.036935855180153565e-07
1.025300438172529549e-03,2.718733661239439156e+06,1.727956738157732552e-09
8.088252589297382361e-03,2.075161341221000766e+06,6.264845971400567210e-08
-3.183105565845960674e-03,5.364197020983266644e+06,6.483488960642575317e-08
3.928739578603495514e-02,2.689476796174302697e+06,2.482786286504916962e-06
4.869992329239143831e-03,1.991662097941181855e+05,2.092112923033145581e-10
-1.248981192747535083e-03,1.542945202999819769e+06,8.258668864300122059e-10
6.845998884769231851e-02,8.692322969573169248e+05,7.874855756119545781e-07
-1.035816599776035081e-02,7.591838619734208332e+05,1.375171677364549170e-08
-2.773725121148367181e-02,2.373191254294876941e+06,9.635839746260012542e-07
2.309263008846859297e-02,9.962293479686738923e+06,1.176962731468245923e-05
-7.433833078046109266e-02,3.806151227320082835e+05,1.780307167425027983e-07
1.089022527111362798e-02,1.420633676514026301e+05,5.322739213864811121e-10
-1.113430935033847113e-03,1.169338387997949729e+06,3.769677798452212493e-10
-1.616543650322579875e-03,8.697347336119731888e+06,4.395879219064172856e-08
-2.054579846517235950e-02,6.402962392143244855e+06,3.848621485631865186e-06
1.200080605567241561e-02,2.141141083766266238e+06,1.468279226334195011e-07
-2.416801849365709381e-02,5.464636138847139664e+05,3.878839766714260501e-08
-9.451463399262879927e-02,1.877901644875823986e+06,7.005530834383478847e-06
7.322681535838045964e-03,6.045696725325293373e+05,4.358431850956846533e-09
2.058660833991963514e-03,3.809417679055050947e+06,1.367678565830327966e-08
-3.077592705666685677e-02,4.519303533223257400e+05,4.301922286846913520e-08
8.049813733319116649e-02,2.531407630304328632e+06,9.234068303184173900e-06
-3.101689375399490495e-03,2.735879974923170172e+06,1.601356166845589209e-08
5.473940938211986629e-02,2.774664750273984391e+05,5.130013389895560584e-08
9.263058095961538424e-03,1.553670491732187802e+05,4.605999230557102833e-10
-1.050364683219058223e-02,8.593765180406017229e+06,1.811942608104731543e-06
8.930709868564890366e-03,7.339241768823622260e+05,9.553700023632417134e-09
2.973268343911357817e-02,3.952039856975376606e+06,3.070492891035146593e-06
2.823832723067714115e-02,6.807039124956910498e+06,8.216591148269701114e-06
-1.189709848803123223e-03,3.855615320739288349e+06,4.679147749965721660e-09
3.255343068401368722e-02,1.022138889575107896e+05,2.462127863941520619e-09
4.513447788165209085e-02,1.112060826074386947e+06,5.602362173072332837e-07
-9.265674675444970920e-02,4.106253968154368456e+06,3.219162938710524237e-05
-1.805804667990452495e-03,1.543231422632311704e+06,1.727034083063113666e-09
3.323053918112689464e-02,2.076474585870211013e+05,1.058827632473948549e-08
2.166720836625135593e-02,1.441417255857826443e+06,2.169115131224959566e-07
-7.842340789096955908e-03,2.317463993942873494e+05,7.345386668285529275e-10
2.728301184248773607e-03,1.231478623736502777e+05,2.510357818606121840e-11
2.667339850789320847e-03,2.980946622699532891e+05,1.405925657225517551e-10
1.486184946789995305e-02,1.651286118612564169e+05,1.339330092663255586e-09
-1.071646624724335081e-03,1.992362350707939127e+06,1.013764558487222594e-09
-7.427268439675765999e-02,3.653649954958392307e+06,1.637605789323499599e-05
-2.299217942935475028e-03,9.238273735380928963e+06,1.003319339329032382e-07
-1.463598439464128698e-03,9.837823269847454503e+06,4.610405863984723159e-08
6.679337189950972954e-03,3.514061928857588791e+05,1.225131789048967081e-09
-5.308174091344690371e-02,1.769119061980449129e+06,1.961108808111555013e-06
1.944912848468515962e-02,3.434823156166590634e+05,9.924446738967636766e-09
5.081884035765133964e-03,6.821064702975377440e+05,2.672090050960698770e-09
1.194120006693982512e-03,1.079207077461118344e+06,3.693199512041362343e-10
-1.993713100501611629e-02,6.810649254760638811e+06,4.100148680217324422e-06
-7.573500185695286602e-02,1.977648118167554203e+05,4.988713600293942169e-08
6.071416623065601509e-02,6.701805258739596466e+05,3.681806237073208866e-07
-2.587408463376212643e-03,1.801457619274137833e+05,4.831426067583335594e-11
2.615627956120141102e-03,3.799385641668050550e+06,2.196220524065445898e-08
8.731928375840044762e-03,2.721200225104049314e+06,1.255563194620591017e-07
3.073529499576222162e-03,5.487750140839904780e+05,6.326458758453480945e-10
-3.655799395445166571e-03,6.514609542935812846e+06,1.261359104031472931e-07
-2.628301029809747974e-03,1.144072519942915067e+06,2.010733757984035470e-09
1.761600703315745198e-02,4.022935726797255920e+05,1.116859103818206575e-08
2.016292349244683604e-02,8.346891071457609534e+06,6.298740940729182926e-06
1.953900925009575615e-03,2.735558069701230153e+06,6.353224530462509586e-09
-9.066159543050202746e-03,1.588596886443882540e+05,4.612871739337688386e-10
5.121900045274482838e-02,2.473998155359169003e+06,3.570739692636137366e-06
7.221692026378269402e-02,6.773359956292151473e+06,5.320880308950467667e-05
-1.920810454361793857e-03,2.208785561325829010e+06,4.002887471260292090e-09
-2.802890501382870880e-02,1.785180455687379290e+05,5.567673521683009417e-09
-8.027444009192000185e-02,2.741829383709937101e+05,1.077290111381805196e-07
6.584700633926585112e-02,6.355131019422030076e+05,3.894200763910247795e-07
-3.301660111891594612e-02,1.147381465105283307e+06,3.191373513611820587e-07
5.030310917139837676e-03,3.197018243012798484e+05,5.751447205391963136e-10
-2.420999483932875437e-02,4.148962425613675732e+05,2.243704441727009381e-08
-1.431588830827540230e-02,6.638596902840301394e+06,2.008567592574015903e-06
-5.969953118434001386e-03,1.767977283041205374e+05,2.477379004280240053e-10
-4.462803631396957717e-03,9.726735324854450300e+05,4.190318196886974737e-09
-4.479313379026822473e-03,1.278051076674138196e+06,7.288137646192240827e-09
-4.226002313032285046e-02,2.452264140298651531e+06,2.388312800123054322e-06
1.539245438433099354e-03,1.131839542383046355e+06,6.749672889299089304e-10
-5.011629272239061239e-03,8.401519012191378279e+05,3.942491393855660360e-09
1.071499018301720271e-02,1.537870458413166460e+06,6.038378253177396452e-08
-3.281606928647779614e-02,5.552285782332180999e+06,7.382679137537740220e-06
4.183478581761729265e-02,6.639021396762608783e+05,1.715459569311524697e-07
-8.220484296126194870e-03,6.165040711375137325e+05,5.711681162267091196e-09
-2.655249996069106166e-02,4.374102783516216092e+06,2.999756839100810775e-06
-1.841282501394916763e-03,5.209272343907860341e+05,2.045936868900693545e-10
-1.660131680960281672e-02,1.306941149028188956e+05,1.046873940773320711e-09
9.416713715213002878e-02,6.420499524788743583e+05,8.128934448400011125e-07
-7.850524610201556341e-02,6.787118507129378617e+06,6.313431515583725444e-05
-1.514900595570068537e-03,2.533447836797648051e+05,3.275589396005486658e-11
1.097911997462974656e-03,1.518846730577578768e+06,6.183868042289765828e-10
2.182100963993829391e-03,3.210494311768368818e+06,1.091417071083361672e-08
2.603039452808956350e-02,9.506520496883232147e+06,1.361764252412422115e-05
2.277957748108879691e-03,2.514287208771428559e+05,7.294883344529621265e-11
-2.961803378418269989e-02,2.635222182156206574e+06,1.354703253819574014e-06
3.300909134738859441e-02,1.388446948190321273e+05,4.671140927015424680e-09
-3.230476165641348041e-02,1.541348543150377227e+05,5.513559242728036759e-09
1.971513875489130669e-03,7.549617434181224089e+05,4.926594485028484446e-10
-6.342372482164926675e-03,9.734251714001786895e+05,8.476291495302730360e-09
3.632536671700330178e-02,2.661902278035359923e+06,2.079224964745903421e-06
-3.165185215402673696e-02,6.378781862305345945e+06,9.065066800595696767e-06
2.093890495978831950e-03,5.442306247555166483e+05,2.887826750540528246e-10
-4.217599114162186302e-02,8.497587173044974916e+05,2.856400512010884094e-07
-1.258572894649789050e-03,3.009002599435554584e+05,3.189327553881069377e-11
3.024138838548514913e-03,5.125223671851481195e+05,5.342276337153832723e-10
-5.853604041279007048e-02,6.471144702355413698e+06,3.190848295418434162e-05
5.614494332508858376e-03,6.261510172588380054e+06,2.748379667763193792e-07
-9.560257017224795331e-03,1.260538822727281600e+06,3.229600756498915301e-08
1.142325120009378327e-03,1.853034759832700947e+05,9.964232139122779187e-12
7.346732536144154335e-02,6.495023761678737588e+06,5.063457832038633407e-05
-5.853451867609470345e-03,1.105175520209492533e+05,9.306446111215070773e-11
2.603457330375986110e-03,2.363286828535819950e+05,8.418428890214973044e-11
-1.048090447147674749e-02,9.262951281348431483e+06,2.096010893591491944e-06
-8.640596104930026167e-02,1.450457789404836018e+06,3.492969953317528099e-06
1.952095250002713889e-02,4.170119024800066254e+05,1.473656152836426711e-08
-5.414071983367062246e-02,1.472210415636326885e+06,1.412814273194328044e-06
5.050319971158401949e-02,9.717154725354555994e+05,5.355663415933602238e-07
-6.528167605093250329e-03,9.069055948993759230e+06,7.794782561428704392e-07
5.663508012926676133e-02,1.541885037390898215e+06,1.695790809135062728e-06
5.694256866004444168e-02,1.505341818910887698e+06,1.633960720224312714e-06
5.970659541925309004e-03,1.132264689502718102e+05,1.016337132752881700e-10
-3.783084152262593085e-03,1.018150652221919037e+06,3.299235693244160491e-09
-1.950994626968972218e-02,2.006436186961344676e+06,3.407690166451841794e-07
-4.809853506577143299e-03,1.414734089924927568e+06,1.029699700012881703e-08
-4.948710538250385496e-03,1.894159794507601764e+05,1.953955109039231450e-10
7.223750190747889321e-02,2.357249143202261999e+06,6.448128171454005377e-06
1.413614230662290500e-02,5.784344579105023295e+06,1.486850763920120368e-06
-6.992961365693237119e-02,1.426224615334762959e+06,2.212052161451803102e-06
5.278854059296218121e-02,1.696029565033060207e+05,1.782556888066586103e-08
-1.441916202991669685e-02,1.451830110528163845e+06,9.745606981004990865e-08
-4.804759995011926611e-03,1.720631614081415173e+05,1.519905003134609602e-10
-6.476442732710478711e-02,8.336905371596785262e+05,6.483060193586254099e-07
2.500664138094470419e-03,2.605981422585794237e+06,9.443883331380359726e-09
-3.776253851047858302e-03,1.146989624462477164e+06,4.171945164982621474e-09
2.648827934845638700e-03,1.542242057732088724e+05,3.711161302808147210e-11
-4.157261253273737689e-03,1.317426208222975547e+05,6.670593613136405035e-11
-2.618628949402079537e-03,1.402751086931094760e+06,3.000588274438320525e-09
-1.063073254453312903e-02,3.732140463803486899e+06,3.500576683256220804e-07
-2.980163143121277586e-02,4.332795741641112254e+05,3.707778320643941571e-08
-2.329393764842246917e-02,1.423546370401882799e+06,2.445267099212906380e-07
-2.690339257137490912e-03,6.777819476770637557e+06,7.394202551630354574e-08
-1.266361722950928425e-03,1.695138279606094293e+05,1.024762119056610709e-11
7.153332324576339857e-03,1.099331078199404437e+05,1.375216470828824453e-10
-1.353648570043259605e-03,6.032749276760709472e+06,1.482994910781243445e-08
-8.951425930739642656e-02,2.841104049911915790e+05,1.438321504659926897e-07
1.157002238168759398e-02,1.792064791822514031e+06,9.560333967072945626e-08
-1.224624285436486451e-02,8.430041660323277116e+06,2.370076845834422051e-06
1.665088339679237847e-02,4.048319700680514332e+06,1.010465321603661100e-06
5.663957722403923506e-02,3.364320394380584476e+05,8.074803321525209231e-08
-1.625727022421844751e-03,8.480172540205299854e+06,4.226704408450543778e-08
1.539765151586138837e-02,3.291854060619272292e+06,5.713304478682314836e-07
1.675474093684071715e-03,4.539453547128955834e+06,1.286411273195009578e-08
3.165551880811501816e-03,6.902883053069504909e+06,1.061835285822123727e-07
5.402610956341908841e-03,9.012098063294392778e+05,5.271770044469411178e-09
1.855285994773699532e-03,4.723183246445814148e+06,1.707609544201897929e-08
7.113241473419701366e-02,1.787713023508357583e+05,3.596068554364817443e-08
4.199565797666354044e-02,7.598098277383816894e+05,2.264205514876200847e-07
3.419992479864541936e-03,6.126467507051212015e+05,9.762652291331294314e-10
1.038949521893475867e-03,6.577927504110620357e+05,1.038638247195497335e-10
-7.345376903454841136e-03,4.832203418818359263e+06,2.801662629066137143e-07
4.640073193292644504e-02,1.920836153701305855e+06,1.766556596001256836e-06
6.488745548346327302e-03,1.071037259873485891e+05,1.074058403834854394e-10
5.631368086863272095e-03,1.524868972295252141e+06,1.639797184327178978e-08
6.360266883821035291e-03,7.427656552682081237e+05,4.963083225444010683e-09
5.912687668011062242e-02,7.842946169945474714e+06,4.782176443323488070e-05
-1.005729796479348272e-02,7.067045099342137109e+05,1.123403080039436143e-08
1.534658847494266981e-02,8.357912759786056122e+05,3.658614175743097922e-08
2.152596895217038630e-03,4.245059521410973393e+05,1.856907360037951747e-10
-4.258407478911617472e-03,1.405729003223168664e+06,7.968836072575338770e-09
2.034540018485974950e-03,4.951817184694339521e+05,2.257142244812094236e-10
-4.174756376525267515e-02,4.017699866388215218e+06,6.256255910658987477e-06
2.881269928970636371e-02,6.353813578307566233e+06,7.453050786870509991e-06
-8.196784160712333733e-02,5.289700219249003567e+06,4.180674634602661301e-05
1.202768483368128576e-02,4.041478392899176572e+06,5.254626505558241045e-07
-3.612009997003908478e-03,2.209104825392586063e+05,1.415884366047549780e-10
5.235516194334232688e-03,6.284326045389167964e+06,2.407319220597430829e-07
4.290051464443735835e-02,5.433636027511009015e+05,1.208379481707574844e-07
-1.258685242847011436e-02,1.651997140329948452e+05,9.615018269884210121e-10
-6.767855875088256423e-02,4.139865891646191012e+05,1.745709595285341782e-07
1.499672784446320255e-03,1.349719137487939093e+06,9.111231516161631868e-10
2.155442541779142157e-02,1.074308254208739236e+05,1.192416497640713208e-09
-1.811610792947410814e-03,3.629535539054073743e+05,9.614554281516140424e-11
5.636628376630020004e-03,3.821501922731833765e+05,1.031820663089222944e-09
-1.606925923683759621e-03,6.527682147103135474e+06,2.446847838630960972e-08
-2.958691310758527690e-03,2.114299958873997966e+05,8.702214134185061396e-11
3.329726126356895299e-03,1.776207920820762170e+06,7.778607945486257017e-09
2.548422811565004709e-03,3.332712237717651878e+05,1.604116295875248260e-10
-1.424541272184224900e-03,7.537134811656038277e+06,2.563656825765053597e-08
-5.261468097506872416e-03,4.038771859688941855e+06,1.004175859386973007e-07
-7.811051833721667503e-03,1.646060610707003856e+06,3.676274529282429710e-08
1.175645888111976007e-03,6.234264652895837091e+06,1.194595235757262718e-08
-4.877560925995273917e-03,1.881981237118858378e+06,1.873843147659912235e-08
1.627506254388910722e-02,4.717314626988519914e+06,1.310787432786470252e-06
-1.102426056419160416e-02,2.483088530981078802e+05,1.666405143330658762e-09
-2.260733623511352805e-02,6.451411644684462808e+05,4.730483643043632227e-08
4.784595367830686563e-02,4.749432440238967538e+06,1.148341632046511166e-05
-5.371196184080762742e-02,2.626925911575679784e+05,4.427259004524171430e-08
1.046383523363667847e-03,3.673453587124910206e+06,3.285701829823746031e-09
-3.042405565116604663e-02,1.115148744684744306e+05,2.559747124418155666e-09
-8.745948747526766098e-02,4.166676179083221126e+06,2.953184674699877281e-05
-5.046569659850755514e-03,1.510964231003550813e+05,1.292998919892604534e-10
9.778615032040322008e-02,1.024687639414915320e+05,2.232723499585141210e-08
-1.983842342780757755e-03,1.490911333827838534e+05,1.945428142320902816e-11
-8.987212533994879196e-03,3.900731383276800043e+05,2.732998314355183775e-09
-3.078590827524042318e-03,3.150891564279904705e+05,2.092512724734505096e-10
3.369826965321928020e-02,8.063572928557309322e+06,1.641978586888157314e-05
-1.350398885893455171e-02,7.237508074859608896e+05,2.124220105197453434e-08
4.206890122576937771e-03,4.555984849994565011e+05,8.169286574034626011e-10
-7.621490378278099331e-02,3.729284595390546601e+06,1.796503701442493331e-05
-6.612406250389302187e-02,2.318107261140602932e+05,5.224964699210833100e-08
-1.589512212762915749e-03,5.032917561567926779e+06,1.423195697797138042e-08
1.775657834535747728e-02,6.904383615748376586e+06,3.342455553066900987e-06
1.012581174922809989e-03,9.275945266948760254e+05,1.961883901151959229e-10
1.669830277063479029e-02,2.155448279784821789e+05,2.880826649709495446e-09
7.253887076142452595e-02,1.614318169300256122e+05,3.049418994126980855e-08
3.440980626029142321e-03,8.349949292783675482e+05,1.835816976104638127e-09
3.152397765997455061e-03,3.975072848437212408e+06,3.491961580121120183e-08
5.300743759055943222e-02,1.590826151271006092e+05,1.581307443300106664e-08
7.376446141820919636e-03,4.653709965791207738e+06,2.620536592456661096e-07
-1.377553668387669975e-03,2.625664426295777783e+06,2.909328397796826596e-09
-9.904328658787069084e-02,4.793279362645411864e+06,5.012020281280910326e-05
1.975187232371057502e-03,4.243452132546652108e+06,1.562256732498495703e-08
-1.935998437263575928e-02,6.307444099424277665e+05,3.315996593589937507e-08
1.696280100044628061e-03,9.193590421929174336e+05,5.408323841658609974e-10
1.074317158107328946e-02,6.634873390736560337e+06,1.129867598007000900e-06
2.884007299332115581e-02,1.783024753916831687e+06,5.880370715440862464e-07
2.080571506294116250e-03,1.594823883309076540e+06,2.448431764167619209e-09
1.672611220212464819e-02,4.884855279383634333e+05,1.484535766593668728e-08
-4.011496131703640861e-03,4.149303305788846337e+05,6.161129965579160589e-10
2.381261369631313806e-03,6.173606302828506567e+06,4.806060626890052485e-08
-1.376127182063756425e-03,2.635542113491179422e+06,2.925191600411719638e-09
7.271403347618873858e-03,4.799458515816056170e+06,2.708433684833506662e-07
1.192063977313607579e-03,1.676012651167341101e+05,8.876688178988305820e-12
-3.964937788320816586e-03,2.604438699486511759e+06,2.371364342410530560e-08
-7.402063963623401951e-03,9.730922870473983930e+05,1.153748045469822819e-08
-1.906134673141888364e-02,3.603795410991215031e+05,1.049360395159742292e-08
-1.196342591264778869e-03,7.310247305108965375e+05,1.700875471007670033e-10
7.336546852372460847e-02,5.375914320983277867e+05,3.459276831807160548e-07
-8.693150127254908877e-02,5.410207058847659500e+05,4.919029005829109637e-07
1.418617820989122660e-03,1.191598615474567283e+06,6.354597577550073761e-10
-2.290859367043946576e-03,1.619804861755215097e+05,3.062100956994705611e-11
4.519667211403231161e-02,6.045669370770283975e+06,1.660347345899225717e-05
-8.512146328322428568e-02,2.227798305365476699e+05,7.997001003904905660e-08
-8.820333642829957313e-03,3.011763282991286833e+06,1.569310736296591377e-07
5.999201539457332984e-03,2.041392813001890318e+05,3.335318539071847856e-10
-1.233053881112123641e-02,1.088361291234000382e+05,4.005046234236491841e-10
-1.132287607841112997e-03,7.504666376028392464e+06,1.605733764060147996e-08
-1.662501695591927847e-03,5.920444019074043259e+06,2.154418165594272365e-08
4.472007275448327407e-02,2.079401780428887811e+06,1.922999079391875765e-06
-4.902182238826591210e-02,4.115295708375053364e+05,9.050618299527041158e-08
1.213739474711581640e-02,6.178687391644811258e+06,1.250664002211841897e-06
-7.293668298191983979e-02,1.376581674225426395e+05,2.241781263239406944e-08
2.666477155402355650e-02,6.019250932919298299e+06,5.728723780532473037e-06
4.032713072124009812e-02,4.818144825468492694e+06,8.395597249527415445e-06
-5.893502667096888262e-03,2.665578597921704408e+06,5.488165568870153253e-08
5.811762900276710303e-02,1.429612975685959973e+05,1.535147075932921092e-08
-3.754026945051579245e-02,2.059758230602242053e+06,1.329610742705038406e-06
4.562028582355042577e-02,4.800459744257328101e+06,1.066544348093646327e-05
2.682297791632350797e-02,6.953884484343937598e+06,7.736885660266755725e-06
-1.196176932717068261e-03,1.159561269714112277e+05,4.278342010075118494e-12
1.787890801919761463e-02,1.854960360547368880e+06,2.445955195874363054e-07
1.260256698218913292e-02,2.064270117946339771e+06,1.505040999530393297e-07
2.699390812856004157e-03,6.277063944029443664e+05,6.384720453888528281e-10
-7.704620686987322109e-02,2.251977196278372314e+06,6.694648082242687606e-06
7.279144666828428478e-02,1.649102801009967690e+06,3.204449343505627560e-06
-9.290376919895123112e-03,6.263323369301349856e+06,7.529629165112232184e-07
8.764550334474686955e-02,1.849076293627328239e+06,5.840717363145133407e-06
-6.850391025436639025e-02,2.364789546671936405e+05,5.835968895456892921e-08
7.632087480065721796e-02,1.033263329383859818e+05,1.382948357513420757e-08
3.431657315237504613e-02,6.264110901209714357e+05,1.027599660115970696e-07
-3.357055401826879778e-03,1.984610178928801324e+05,9.871080564831904524e-11
-4.748539038209415031e-02,2.573094113512822078e+05,3.319927643100818258e-08
1.297612852935217968e-03,4.364359975176595035e+05,7.132284464118645975e-11
2.415199571045009014e-02,2.697477016726490110e+05,9.438843869699221952e-09
5.453186919010453299e-03,1.459750102361059398e+05,1.409142935675720172e-10
-6.633383109743441405e-03,1.939096742504217429e+06,3.679309868506317022e-08
2.385434306538884719e-02,9.395142639429380652e+05,1.116963363099016524e-07
4.524287063759363341e-03,6.882479584875925211e+05,2.156191948396474790e-09
-4.412929435947976486e-02,5.377916203855939675e+05,1.252504452609195653e-07
2.522287607335276047e-03,2.049038608332056319e+05,5.940004113481942879e-11
1.343971194000970898e-02,1.102350247124063317e+06,4.881085092475140774e-08
3.605834036501952104e-03,1.554507362372771837e+06,6.987056975774670702e-09
-9.953289469112686777e-03,2.399955758338620071e+05,1.268928032359668142e-09
2.066904524580092870e-02,4.292143914042747580e+06,1.750195782448653381e-06
-8.518772007784088454e-03,1.248256825221695617e+05,2.514543421886507208e-10
3.327642969709740384e-02,4.393090865462952643e+05,4.752379023007709295e-08
1.311256902182126542e-03,3.849201543481051340e+05,5.665185403628258147e-11
1.486349186960778807e-02,7.090359482140272856e+06,2.469877758952689142e-06
2.121608827147181478e-02,2.191549523350498057e+05,4.807623571861896261e-09
-3.698672542649635367e-03,2.124345594039790332e+06,1.372901431034550786e-08
-3.367371121339303268e-03,2.260750161316494923e+05,1.288796528537861576e-10
-2.137672886764327429e-02,3.602065630136916880e+05,1.318508673963122713e-08
-1.833398528366099976e-03,1.820013487209099403e+05,2.476054616099975786e-11
6.180988317642280641e-03,4.832899494171370752e+06,1.984397280290176429e-07
-5.265922673894622534e-03,2.824165249592878390e+05,4.918429099598343496e-10
-5.860570353460095236e-03,2.316322870953785023e+05,4.098030711890885168e-10
1.634456158759640954e-02,1.443563579765215109e+05,1.237985720725295683e-09
-4.948068029778712740e-02,6.824284035826207837e+05,2.535611795503478956e-07
-2.856767225639706646e-03,2.020232158517872216e+06,7.407122379326080457e-09
-1.333644004438808844e-03,9.635332619119269773e+06,3.672066242786619280e-08
-3.171298492523066514e-03,4.502041796851462685e+06,4.533050298871838253e-08
-8.278928202692171709e-03,1.820675593673468800e+06,5.052550047147402792e-08
9.236453746694055222e-02,3.035285460695281159e+06,1.747860843645577015e-05
-6.347980482154783055e-02,4.082097167661056388e+06,1.493258833055553481e-05
-2.762778037562876876e-02,1.285583283290841151e+06,2.805366932570527057e-07
-1.935579481451119022e-02,3.639321225843790919e+06,1.103468780580857226e-06
2.171794170676937755e-03,2.827914608920759521e+06,8.388168764918439346e-09
-3.202143425533009614e-03,8.420129658624663949e+06,1.616651349956951126e-07
-6.619834924207689333e-03,8.756347196051351726e+06,7.472011243898123658e-07
-1.339063235867671894e-03,3.997144773338746745e+06,6.370876412688463301e-09
-2.713784718928165165e-03,4.446333715740068583e+05,3.237815860932788991e-10
-6.403513943330811468e-03,1.130365418190803844e+06,1.165122782597493640e-08
-4.173734922828853389e-03,1.073320348847733840e+05,4.462782313040342947e-11
-9.075239883616066303e-03,6.568886035494587850e+05,7.903090078657175463e-09
1.216136837594787405e-03,6.504442613736109808e+06,1.391497116874437335e-08
-4.316346935982872529e-02,2.074000468864914961e+06,1.782163893129561371e-06
-5.006705440984097512e-03,1.114492514909047401e+06,6.923977457569940815e-09
8.150194424870572940e-02,2.123015945574775338e+06,6.657937297610460360e-06
-2.147798674432020889e-03,1.618095951090137532e+05,2.685919132651480917e-11
-5.429805874180808692e-03,5.197902178864660673e+06,1.771422108840791042e-07
-1.796495387486908568e-02,1.495752679813389550e+05,1.605717138032163991e-09
-1.380341723340165099e-03,7.503162487166423351e+06,2.385388848642772200e-08
3.107786590915847386e-02,2.371199255338082148e+05,1.207635100050255801e-08
-3.392393311814914658e-03,7.663676979404961457e+05,1.503086691064453201e-09
-4.200525143188388322e-02,7.670358528813861776e+05,2.308531241549757776e-07
6.815662696640780761e-03,1.709684468136768090e+06,3.019571806173062032e-08
2.197866287585278217e-03,1.092727649206805654e+05,1.282695732577894380e-11
-1.195809977663286720e-02,3.956435072390513495e+06,4.977711044007570401e-07
-5.919201181326328755e-03,1.644643523008074146e+06,2.107497220478932234e-08
5.037084459532869922e-03,1.019318972497221315e+06,5.862406537837303736e-09
-1.028415601512150737e-02,1.652181781276530528e+05,6.420224596734237384e-10
-7.620925075875737732e-03,3.777372369166201679e+05,1.842859529722564820e-09
-6.040312088105873056e-02,2.378819780385319027e+05,4.591336135026454969e-08
-1.234527456138612665e-02,5.528986421534394613e+05,1.036071681732083280e-08
1.250552022360795594e-02,7.336683541026802734e+06,1.871976315505099707e-06
-1.430335124769481882e-03,1.162312870910178637e+06,6.146373560490061170e-10
6.749453637511784732e-02,7.239081661064433865e+05,5.308862032445403195e-07
7.917659148971459282e-02,1.046598211993459729e+06,1.527041467753153661e-06
-3.782035247131118605e-02,1.821196958407291211e+06,1.055023727681573796e-06
-1.344299270153626914e-02,6.170581882340504089e+05,1.530176104135166563e-08
2.700175429048710159e-03,2.602721899085516110e+06,1.098339859823418229e-08
-4.823364014677374023e-03,1.276675096289370675e+06,8.432534021018558934e-09
6.732940790646678442e-02,1.388195356647976441e+05,1.942710179953093090e-08
-1.396401136878146643e-03,2.569659047179925255e+05,2.863311808484087725e-11
8.198566802430541298e-03,2.298941293507990194e+05,7.900032757709321978e-10
4.007884649213870783e-03,1.576991475822089415e+05,8.883546283993291148e-11
8.760784185764933230e-02,7.606408182092352770e+06,9.875121981762412194e-05
7.681555139796622696e-03,2.676892345038068015e+05,9.402803639890379046e-10
-2.705588748903613172e-02,9.474144123367978260e+06,1.461170155444738134e-05
-4.634354839284988113e-03,4.624001639737662626e+05,1.021202280924984972e-09
-1.556998054615485070e-03,5.167617043672644533e+06,1.439640428810887355e-08
-3.620879914593425758e-02,2.838892075269179768e+05,2.349758661191895161e-08
-6.529650158986657731e-03,9.676566286530812504e+05,8.878091763968563059e-09
-7.026131327776613533e-02,3.619450572593493271e+05,1.438186067408899772e-07
-1.105380971340054128e-02,1.000383023914478719e+06,2.719279479453171227e-08
7.521187505174949106e-03,6.094644874961679801e+06,4.672689169202567351e-07
1.314296203918116114e-02,3.548134895776766818e+06,4.835974511412437836e-07
3.699509011122907847e-03,1.105043000409676024e+05,3.716582567241084158e-11
-1.832567981377931834e-03,2.647556759411753621e+06,5.234895275778835556e-09
-1.185503209561850155e-03,5.469231326473692898e+05,9.348787839127031868e-11
-2.123408604134915945e-03,2.493197249317429494e+06,6.232720821675583674e-09
-1.435142484279232702e-02,7.297054709489543457e+05,2.438835439122020263e-08
-7.553747035543738331e-02,6.914413217658086680e+06,6.066424326612956491e-05
2.566376035193205021e-02,1.342872861681527225e+06,2.641238549320463781e-07
-5.016373579780170240e-03,7.867190876501370221e+05,3.463509385027595796e-09
2.764038010327107137e-02,1.593919725649293978e+05,4.316365008573210179e-09
3.341046106696273638e-02,3.321146030140916118e+05,2.738029557916991392e-08
1.253670077877230664e-02,3.437399440635246690e+06,4.129750127331062691e-07
-8.303839270276790890e-03,1.140618136632396141e+06,1.994966764970273849e-08
6.760635440856403548e-03,4.088722240146293188e+05,1.699211752276592029e-09
8.906439548565438236e-02,1.460871921457660501e+05,3.764694878804615135e-08
6.064084010706123629e-02,1.401063703295474115e+05,1.605252789972177443e-08
-4.846356684217296984e-02,6.827596498187422985e+05,2.434802243133660054e-07
-5.582673092270674410e-03,7.799679222760464996e+06,4.216335188168386056e-07
-1.954050952601616570e-02,1.174982551664287603e+05,1.172281343062859745e-09
1.886525673429653369e-02,8.144677116823144024e+05,5.250134557612531667e-08
-1.566391553704320552e-02,2.143804790948256268e+05,2.507658484804234655e-09
4.044303317186599862e-03,1.949994242355754541e+05,1.383092887054674876e-10
5.983555952837073776e-03,1.698171029789612396e+06,2.296036664810724900e-08
-3.935103734638557837e-02,1.444820098882015795e+06,7.188481680890441597e-07
4.508359410309507181e-02,2.204084306148641044e+05,2.195789566503179523e-08
1.060550856113681847e-03,1.300438819227162749e+06,4.229997380406795312e-10
-2.353898784131861540e-03,4.775769075898588635e+06,2.810343837099338422e-08
8.278212468179053929e-02,4.899845401884961873e+06,3.658770284094566791e-05
-9.874408020883393422e-03,1.251898300128725386e+05,3.398266916407981965e-10
-4.836969462132610816e-03,2.017018235374676064e+06,2.116720864590397835e-08
9.014861325361905875e-02,3.601560935903061647e+06,2.344212004380410400e-05
-1.014088616914898648e-02,1.005814236963222385e+06,2.313580543595223438e-08
-6.704441727360167802e-02,6.782136375247184187e+06,4.597857719711863871e-05
5.605221421425112330e-03,3.450709815747559071e+06,8.319546914836224658e-08
1.248558091301320803e-02,1.668227664187996997e+05,9.647735646257299599e-10
5.703625089241046858e-02,4.917371223026688211e+06,1.749303570906515028e-05
-1.210977822631360140e-02,2.501647230099728797e+06,2.040900185575140242e-07
-1.105320233426588736e-03,1.728312277776592819e+05,8.115549311142860859e-12
1.786984582488712614e-02,4.295790168305047788e+06,1.310463656605048416e-06
1.225948522201214530e-02,9.269534810339864343e+05,2.871822533579096706e-08
3.533230534041555126e-02,2.323064466864766087e+06,1.498179065774004819e-06
-2.529975256847387388e-02,2.800069029434164986e+06,1.116007913511744483e-06
4.063013397993455594e-02,6.103911831065895036e+06,1.367761146992200819e-05
1.667657640668604880e-03,2.139053812723856827e+05,2.829791686980582482e-11
7.473596029604780318e-03,2.275347629797883332e+06,6.430607532941376115e-08
1.873232552878825036e-02,1.362190016097675252e+05,1.447958213844903322e-09
9.942032550776837285e-03,9.623468358056014404e+05,2.035686316016040848e-08
-8.157501435068027773e-02,1.362198102367069805e+05,2.745946744059367483e-08
-1.237899932130828891e-03,4.682039025631912518e+05,7.470305922896400673e-11
-5.150382023028147321e-02,2.046722256482740631e+05,2.471120717877441174e-08
1.792500041117188253e-03,8.371140597898252308e+05,5.007083933393591360e-10
1.340967645994069852e-03,1.265501048257202143e+06,6.404111256481154601e-10
2.359341803112297194e-03,1.892080179633726599e+06,4.431574435962654431e-09
-2.774347943921142215e-02,1.069817671482337464e+05,1.959018960551608744e-09
-9.809222255278628178e-02,3.790494835503881332e+06,3.074384759843141714e-05
5.905914654239830669e-02,6.068818244856905658e+05,2.856800057591611333e-07
4.761723461326292095e-02,2.393130772520328173e+05,2.887742423185077543e-08
-1.418061483574613703e-03,1.171369659177983704e+05,6.135858197559564596e-12
3.390363021807687310e-02,4.264044746391645167e+05,4.647647296901451633e-08
2.393939751641330563e-02,8.991814806103582960e+05,1.030429753606914909e-07
1.056229107180869107e-03,8.890703810208034702e+05,1.961037044653037439e-10
-5.220077444365337112e-03,5.037260489220247604e+06,1.537587935254345855e-07
-1.069234994760806523e-02,4.437963081049257889e+05,5.007384597290206718e-09
-1.222128568374054695e-02,4.579348671224359423e+05,6.965278193684171628e-09
-1.303740032914234119e-03,7.188925302926264703e+06,1.953472020226881352e-08
5.144516484830093106e-02,1.746689006649546791e+05,1.795632885948540438e-08
-6.999318327488851521e-02,2.479922809921612206e+05,6.700158368427394131e-08
-3.242538232564482533e-03,6.768452313807376660e+06,1.071139928229218761e-07
1.344814107643500182e-03,3.290630951829192927e+05,4.354919384374223564e-11
4.798690899517179045e-03,1.724818588997840125e+05,1.523455073540834955e-10
-8.865973914392640681e-03,8.052201350122066215e+05,1.133390064300176552e-08
3.511935901434243279e-02,4.256849818686156534e+06,4.970122225862038675e-06
-2.544820284097203383e-03,5.290948301082291873e+05,4.031610076223092230e-10
9.727112313579823130e-03,6.211983249280367745e+05,8.119432269455821793e-09
4.407041151079887226e-02,6.792173678786588833e+06,1.992549077137958653e-05
8.357202525259547002e-03,3.163260363227388356e+06,1.554135866216031999e-07
2.662795396486728784e-03,1.495544011620061006e+06,3.526722120189119473e-09
-4.062428552552827150e-03,7.143572596342932433e+06,1.872835563307502479e-07
-4.985887285415872838e-02,1.070577196432551835e+06,6.336043354007491921e-07
-5.416150601570775616e-03,8.469656576432926580e+06,4.679617069315864866e-07
1.031536726794001109e-02,1.333802831839491846e+06,4.209688017158162893e-08
-3.546061379459140156e-02,3.771572717335708439e+05,3.977724668773036081e-08
5.549123263866841821e-02,4.135352328259380534e+06,1.171038108725820893e-05
-2.020279797826176130e-02,4.338541295277339406e+06,1.708471599012188409e-06
3.636271966124512978e-02,9.432044676288317889e+06,2.615903171568883655e-05
2.775613674057843261e-02,2.500697947106503416e+06,1.071365759646120556e-06
2.297941006652154047e-03,7.897749752833493985e+06,7.324563324883437607e-08
-4.537346227157894318e-02,2.380951784257011954e+06,2.595387996450282965e-06
-2.112976932866989302e-03,6.589477819466236979e+05,4.311106615694372455e-10
5.210592067082147130e-03,1.401373396291025856e+05,1.185711782601821190e-10
1.997004980441230947e-03,5.889420741927492199e+05,3.076101840579152454e-10
4.214868621759568397e-03,2.851882068050164729e+06,3.213131203484406201e-08
8.151669498234956346e-02,4.131854081327993190e+05,2.522785514284780398e-07
8.040037507913197490e-03,5.132213176303481683e+06,3.786367596004652068e-07
7.367987130247415084e-02,1.506148191497835796e+05,2.738611181514079376e-08
1.694618070363132500e-02,3.408540448155021761e+06,7.419554355434515399e-07
-1.347957853869268365e-03,2.174731055066389032e+06,1.911001332566745212e-09
6.496006160079328615e-03,3.300524296110587893e+05,1.022247306153635661e-09
-2.372528343243441099e-03,1.082692981981335470e+05,1.467339851378782127e-11
-2.531717249471995314e-03,1.312080101656467014e+05,2.453851914086159601e-11
2.713579589023431063e-02,1.450423205456918105e+06,3.444862224865952717e-07
-1.025797986546804269e-03,3.788479939161370974e+06,3.358543045408324975e-09
-5.076909398585823310e-03,4.329126094714960083e+06,1.074228198027200881e-07
2.278363020746984689e-03,1.331521058070869767e+05,2.046629243103618191e-11
9.264843653631647108e-03,4.946314148152636364e+06,4.670214539166291834e-07
1.638536454124210617e-02,3.019203418830123264e+05,5.442447090691897313e-09
-5.863747963349032200e-02,1.436647940961657558e+06,1.578150983192770457e-06
7.029430687130543143e-02,1.597186040010841971e+05,2.803164391826742666e-08
-3.394328811770962791e-03,1.385737388109472813e+05,4.920020823764958381e-11
6.580098535867234810e-02,2.181752106035037723e+05,4.583242669726456508e-08
-1.411231004257834957e-03,1.858795091787476267e+05,1.530229263409859508e-11
-2.464862434929493071e-02,1.072683109650188359e+06,1.554624499020469764e-07
-2.181995848361299121e-03,4.674281456034193397e+05,2.313315187167979625e-10
2.392985337900727788e-02,4.335180247102184221e+06,2.393269709351194411e-06
3.742657585396391012e-02,7.035218748889449984e+06,1.541745369617857905e-05
1.372146167702655451e-03,2.123903527694412973e+06,1.888719990657526515e-09
3.304051276089872875e-03,7.833112530988988467e+06,1.489565273750797215e-07
-6.639611166011088680e-03,9.847090112383468077e+06,9.506012219638723916e-07
-5.529774171861344054e-03,3.197480743408748414e+06,6.952290603541904968e-08
-1.549996709757414399e-03,8.590107655565893510e+05,3.942357609366566309e-10
-8.913157754152514767e-02,7.468233469868217595e+06,9.853629064425213462e-05
3.056261334717776806e-02,4.057227266784938052e+06,3.419297555571354372e-06
-4.652731810044476168e-02,8.102859904398645740e+05,3.160748573974311283e-07
-3.327319599534051334e-03,1.362499516171815339e+06,4.570450402168766851e-09
-3.764474601832948786e-03,1.894201027298002155e+05,1.130727953755757815e-10
-2.580821266771303468e-02,2.158923569404492446e+05,6.903791125866672021e-09
4.848932126893663180e-02,2.328314132503928267e+05,2.834474858736981493e-08
8.401461736087875373e-03,3.343770620844637742e+05,1.755011284655055301e-09
-7.765749221013175385e-03,2.240761975647633430e+06,6.733725778799168886e-08
-1.332995621871030552e-02,7.105027639510193840e+06,1.994739740117913223e-06
-1.912971845219707187e-02,7.526349036379023455e+06,4.609810967648374046e-06
2.500351495857222953e-03,5.417067346083878074e+05,4.079696455161075652e-10
-8.520956264739858177e-02,1.961918039157834137e+05,6.214921446121554594e-08
-3.012128748703715719e-02,2.700363162624500692e+05,1.471257407861621718e-08
2.474606144859282843e-03,1.686726640206852229e+06,3.874349836578422483e-09
-1.892140681680568731e-02,2.110438924379431177e+06,3.546089345453968596e-07
4.423033411848688659e-03,5.485393596790994052e+05,1.309041096264835751e-09
-3.960631198280501440e-03,4.510229211262246245e+05,7.096158144590945473e-10
-1.507961652110311216e-03,3.109120017102202983e+05,4.888243360545126827e-11
2.611444659420395983e-03,1.681076995720187842e+05,4.285821850481764555e-11
5.132204011415093803e-02,7.651190657394288573e+05,3.428965553556141075e-07
-1.542147680792548686e-02,5.470705035884266254e+05,1.582835491381441600e-08
-2.149764897534010410e-03,2.728842337241526693e+05,7.653076838638245893e-11
2.150460340760619680e-03,1.691744441439898685e+06,2.943266871116289570e-09
-1.886367450961020384e-03,3.448198809941033833e+05,9.408804268551405705e-11
9.810464291784294286e-03,9.602556939721591771e+05,1.973559186663974910e-08
-4.698583738072633492e-03,2.620548983690978494e+06,3.371442498746092112e-08
4.187973951802373418e-02,4.789482249153058976e+06,8.947100797978761491e-06
3.149372657996153679e-02,5.752420995512539521e+06,7.298719634467168278e-06
-1.031819999190604397e-03,2.338683915848626639e+05,1.294935660332796866e-11
5.938216416161980378e-03,3.178660990530802519e+05,7.923147068437913730e-10
7.072413851368241147e-03,1.328990090907967417e+06,1.964608723881246647e-08
8.644407026260120600e-03,3.157812421149426606e+06,1.657067971629712774e-07
8.249906126280744101e-03,1.774742197508997982e+06,4.767226814373755812e-08
2.017807408264472510e-03,5.704866217643187847e+05,2.946779254364918046e-10
-3.139666159235388054e-02,1.705759630255747586e+06,6.378225333938954733e-07
1.028171730118248618e-02,1.126650190678157669e+05,2.984054542177850550e-10
-2.886633391448600525e-03,4.015505210874575423e+05,2.987864513643071014e-10
-3.721836696256359406e-02,1.532499886682156357e+05,7.234570944550864647e-09
-2.440557368305880902e-03,9.428038005113733234e+05,1.177383488531763468e-09
-8.342288419396600568e-03,2.125979263631102629e+06,6.994967488304358322e-08
3.186944294792253690e-02,8.448806462325319648e+06,1.612266829358564439e-05
-5.117194506073424048e-02,6.293015798675275408e+06,2.306103232192574664e-05
-2.260425181115634143e-03,2.756356383294691332e+06,8.632732065013033703e-09
2.184706286726869132e-02,2.049684730170931434e+05,4.459205620019698769e-09
-1.343952185197902841e-03,4.661464535308866762e+05,8.727897854144686333e-11
-8.376639808004392521e-03,2.289986680295382161e+06,8.182817132266803758e-08
1.778695982610019669e-02,3.288306825057811569e+06,7.607559654655926418e-07
-9.640959641897713095e-02,8.450879003759745508e+06,1.476187581948794336e-04
-2.461368929740859537e-02,3.035036999845718383e+05,1.241019651300345101e-08
-4.063000770638407894e-03,3.006785433360039024e+05,3.318913511066160733e-10
-1.125699781342627288e-03,9.164142284186031669e+06,2.366606543483167492e-08
9.350631935635176847e-03,1.584246352890053531e+05,4.880053771143066577e-10
-7.972679891225598059e-02,4.973055735607261304e+05,3.495848136669482104e-07
-8.008250165947375376e-03,6.175222176850338466e+06,5.438481912565161908e-07
-1.577453092517486916e-02,1.950062373661983525e+06,2.104297617916369318e-07
-3.077896329189084082e-03,9.802594284026309848e+06,2.024357831632621668e-07
-2.798037797007777924e-02,6.200028178446294041e+05,6.692551638040410245e-08
-3.760242820858460643e-03,7.636820017257716507e+06,1.833809181321531935e-07
7.376691595268717455e-03,1.325195597372608725e+06,2.125105390712259929e-08
-6.124090900370491447e-02,5.721785691018973477e+06,2.730509436688017543e-05
-4.911922952755412748e-03,3.403932170409743208e+06,6.216731879644795985e-08
1.783402732688303162e-03,2.101753680013633333e+06,3.124350431787341596e-09
1.919328471007723151e-03,4.836978617360224947e+06,1.916656104745374158e-08
3.215211525553046332e-03,2.405356412635287736e+06,1.330072224281645032e-08
2.867863778428574213e-03,1.795231172584988410e+06,5.894609635002344130e-09
-5.223955366287932889e-03,1.642367534560281551e+06,1.636955482837726541e-08
-7.356208384190041083e-02,9.335229684733031318e+05,1.048709766944888834e-06
1.684329329647398302e-02,2.209595998510374688e+06,3.080186565893426248e-07
-1.130628500996945333e-02,4.043570162413623766e+05,4.648010226683944543e-09
1.787300908250106721e-02,3.580681622162018903e+05,9.108020870671157904e-09
-1.788274192355865030e-02,3.692569933605942409e+06,9.696676945557030850e-07
1.212252871286904855e-03,1.167790360178517411e+06,4.456700661276597113e-10
-4.403429724033277454e-02,4.868504446899070172e+05,1.022046209511646423e-07
9.931805320499755008e-02,1.623770472943501780e+06,5.783662288516637361e-06
8.812340328201702030e-03,1.726401566942072008e+06,5.147109595428427753e-08
-1.591337319880790219e-02,1.441916498486083292e+05,1.170851909381815020e-09
6.412818471912304363e-02,3.059450053629613016e+06,8.560159929862126674e-06
-1.239112202193381508e-03,1.599832132178288186e+06,8.739112867592908131e-10
4.701348692756354003e-02,2.797866488806238864e+06,3.847655234025246294e-06
-9.242749774082643921e-02,1.474543914879346034e+06,4.130618295949921061e-06
-7.169963769208703361e-03,3.244884025491772220e+06,1.203731239481872214e-07
5.117591219313806505e-02,1.882203035606905469e+05,2.063295232195292997e-08
-1.554877566478195814e-03,1.784259910659454181e+05,1.711614201728369066e-11
-4.210189528567818279e-02,2.394224650195110007e+05,2.259593619342004837e-08
-4.128548359109996194e-03,2.562069763232359197e+06,2.488134795302625400e-08
4.186985451780894651e-03,3.915118843746157363e+05,5.975717436229793578e-10
5.298439979579326782e-03,3.256920783713813405e+06,6.622282139571927030e-08
-5.098177724072148337e-03,9.959140797620746307e+05,5.732854732230763306e-09
-3.666394889805120461e-02,7.867920415483262623e+05,1.850527933238994694e-07
9.084500323461394689e-02,9.048618008191246539e+06,1.502670806826939681e-04
-2.157360526018150572e-03,1.275861669966266927e+05,1.684805948749425024e-11
-1.136251642481232726e-02,2.424431269104578998e+06,1.687586536346527446e-07
5.240945741265320285e-03,1.250264997200500657e+05,9.548182756158633771e-11
-1.812790887846480901e-03,2.272363716082606988e+05,3.773534819023422180e-11
-3.028336442466224993e-02,1.494718881393221673e+05,4.556428265316593636e-09
6.573114057205399485e-02,4.693324555733276648e+05,2.116414667700216964e-07
1.674480319131814833e-03,3.657162622990797274e+06,8.339612862266819226e-09
9.640417556690343559e-02,7.286239125063718297e+06,1.097225218155009965e-04
-2.401202563168990112e-02,2.135492196012524946e+05,5.847238715019187206e-09
-6.956899581135121691e-03,6.478439454579729354e+05,4.517202173216208526e-09
4.412423586566977668e-02,2.823720388742662035e+05,3.452192659163700825e-08
-3.966419002409430836e-03,5.395332979423489887e+05,1.018429419406512664e-09
1.271881157925300538e-03,7.247592034066963242e+05,1.889634439769635211e-10
-3.957575527783044333e-02,9.842105971842763945e+06,3.373896439072781965e-05
4.207285284218361364e-03,1.441828636440137401e+06,8.183299889859061023e-09
4.240104371408577252e-03,1.514383440719271020e+05,9.169001604902064082e-11
9.738265073609952624e-03,2.580197769524604082e+06,1.403997792609562453e-07
-1.540641768789555686e-02,1.421948614291037666e+05,1.067255474328056682e-09
3.425228442766580644e-02,2.043278356028990587e+06,1.089259617540427814e-06
2.058244914925975999e-02,3.923304107748676557e+06,1.450091138876906035e-06
1.427807699564372784e-02,4.346488701697275974e+05,8.564732430668313466e-09
1.760163113047702108e-02,1.504949839510544902e+06,1.560440204608672755e-07
-3.873668853159980847e-03,6.473032359230024740e+05,1.398162951123661343e-09
-1.065106457440938292e-02,8.844656512000061572e+06,1.973536799285996874e-06
8.431381376481786663e-03,2.478981864888906945e+06,9.714968979451600772e-08
3.568242516810410121e-03,6.504835126768248156e+06,1.198059988861991157e-07
-8.272070773415206302e-02,1.992192506369658513e+05,6.039324115728156851e-08
1.555447970308162890e-02,8.765989047445276752e+06,4.134376990727165431e-06
-3.795862188148412756e-03,2.480255369812709279e+06,1.971110270667222900e-08
-2.922809871743018567e-02,5.513047131594378734e+05,5.774066643429391580e-08
-2.778173520371866531e-02,1.844815046658443287e+06,5.841463266344763420e-07
3.388994038661837828e-03,5.166459898150599562e+06,6.817497475936987952e-08
4.892034026215760084e-02,8.414336718545851763e+05,3.768043980729983630e-07
1.878936135655549788e-02,6.115732922745129326e+05,2.936420928737459637e-08
-1.479699862759047699e-03,1.021788919657056336e+06,5.083547609504910266e-10
3.885135266645142749e-02,6.310736161020013504e+06,1.336809692282629464e-05
-3.557680828978054734e-03,1.922844985738994437e+05,1.040686128268888463e-10
-3.177785298291994909e-02,3.449008067180722137e+05,2.671374486414377840e-08
-6.852206724584251896e-02,7.519949473183030263e+06,5.904566376418484607e-05
-3.205479835502919594e-02,1.024888499745585141e+06,2.400140077690330382e-07
3.530845935092317284e-02,7.889439555291208439e+06,1.725627657534689271e-05
-1.177272591908396686e-03,8.893496668287670240e+06,2.437790669910116571e-08
4.521864109291023892e-02,8.063296217516203411e+06,2.956361195977031805e-05
-5.716035755762110399e-02,1.440763598346565384e+06,1.508247376679242000e-06
7.269482208251659694e-02,1.398152694459055201e+05,2.297277263916166862e-08
6.345666907247787814e-02,6.968466086032775929e+05,4.348366841151970994e-07
-2.172423864310342803e-02,2.575755861474711914e+06,6.962990039479834898e-07
3.957811803794966665e-03,5.689639270314341411e+05,1.127656932884146964e-09
-1.250978060877032567e-02,2.780216790111081675e+06,2.690010409675589071e-07
1.158210254202864109e-02,2.175662301450701430e+06,1.412066126393580417e-07
4.823988214580972322e-02,7.590989852518255357e+05,2.981992511254832654e-07
-3.884162710929218738e-03,1.418410642422137025e+05,6.749879844362813306e-11
-1.680199928820291788e-03,2.281404324592752964e+05,3.267560935731023853e-11
-1.051444138024538967e-03,8.048646412730370648e+05,1.592631701203259140e-10
-1.445222921326235963e-02,1.368799082554032560e+06,8.702546312623139983e-08
-2.055960159648798427e-02,1.734933162868132582e+06,2.829385587092945652e-07
1.533779834980463462e-02,7.151829972917609848e+05,2.675824709913625947e-08
-2.179975593449571744e-02,5.291343146331288153e+05,2.958914162522788696e-08
2.425238251557687141e-03,1.636742873445568257e+05,3.504023310371622987e-11
-1.513950537778314086e-03,2.548429000012607721e+05,3.310287397860479794e-11
-2.007292455200166120e-03,2.690631317797049414e+06,6.486746717289113683e-09
-1.256554922294397542e-03,4.705846312312883092e+05,7.775631688698742937e-11
-8.709627175267417934e-03,1.666688181476552563e+05,4.686030296662048804e-10
-2.728054503112483254e-03,1.534392340545248240e+06,3.896513450713612523e-09
-7.138723698951842181e-03,2.328008206190979108e+06,6.141966034660753726e-08
4.215602535214856006e-02,2.487115592026570346e+06,2.444603925722559348e-06
-7.813539643561014797e-03,3.486469908553561545e+05,1.650306965965048341e-09
-2.808847239143591815e-02,5.270334643372626975e+06,4.873375495732325572e-06
-6.804004876007396785e-02,2.644940304154757760e+05,7.202084821441410666e-08
1.494896443267318582e-02,9.536161594182174886e+05,4.519253168707122430e-08
5.954582345788592829e-02,3.019947881387647940e+05,7.191156780894564088e-08
3.779254907415392512e-03,2.344330978716880549e+06,1.745611019641845320e-08
-5.155029006359779231e-02,1.309965833409649553e+06,1.014096804357946179e-06
-2.050527917827312755e-03,1.167049570716657676e+06,1.273524282132591563e-09
-6.010118744448461614e-02,1.263838553846535506e+05,1.283058785681076795e-08
-2.916798587670123896e-03,4.360220060608115047e+06,3.596888289670412208e-08
-8.815127707606479346e-02,5.200228033439110965e+06,4.673037258384675854e-05
1.263096701632068601e-02,2.087418238120720023e+06,1.545928486479368913e-07
-6.758330533319413524e-02,1.353644989710047957e+05,1.861168387195708664e-08
1.170108391850874230e-03,6.090440209760029800e+06,1.129397460098214158e-08
-3.899372566310887848e-03,1.365379285792194132e+05,6.303668033532806579e-11
8.331251678166107233e-02,1.177419992272041040e+06,2.139836397922459572e-06
-3.321023541547573482e-02,2.207647730246204883e+05,1.195365477333863529e-08
-1.071967450338896224e-03,3.699378029188406654e+06,3.497179092010912459e-09
-6.110224878588367547e-02,5.585574763728705235e+06,2.590283966767876773e-05
6.545591572773963585e-03,1.001706148126637447e+06,9.560392779019414488e-09
6.609923804161063447e-03,2.061828529385119444e+06,4.130429807288491484e-08
-1.174709674891695824e-03,7.587262773946802132e+06,1.766560814182828024e-08
1.094854068122148687e-02,5.423235818606156856e+06,7.840192063615813521e-07
3.413552333031119428e-03,5.349441766502404353e+05,7.415275818259994407e-10
6.308078018577775552e-03,1.212333784479338938e+05,1.300576128672687633e-10
-1.625564981900457341e-03,4.138418186949318624e+05,1.006409363251265564e-10
-8.048568624169588626e-02,1.061150205660006468e+05,1.622139793327582788e-08
4.047196405702016553e-03,1.626558584464453452e+05,9.637074848682170890e-11
-8.474754909532460773e-03,3.156503060593333095e+06,1.591343646321383833e-07
-2.715758283676657225e-02,2.286655119050639682e+06,8.575921793848045879e-07
-1.364669911969742556e-03,6.290680882177468389e+06,1.638882404013330334e-08
9.674202499099848751e-02,1.455450737660220766e+05,4.408822547418000208e-08
8.210560064307381722e-02,3.547110041051367298e+06,1.886219102881864853e-05
3.018271420019102719e-03,5.197841638684347854e+05,5.473434445459675267e-10
-4.837247438476143663e-03,8.068092427926320815e+05,3.387159023578869602e-09
-2.331045626818242095e-02,3.160543865341571625e+06,1.207042171422048382e-06
-1.453113203841943993e-03,1.073101841852309153e+05,5.407269670184654150e-12
-5.971481066825172490e-02,3.420536395025355741e+06,9.277902436873758192e-06
3.373914040518477455e-03,2.057428307770035928e+06,1.071555573377868673e-08
4.084997565033414435e-02,2.340976841801718110e+05,2.033644747594147799e-08
-4.947103859573812740e-03,4.549955408783172606e+05,1.126713732187763060e-09
1.719748558197714897e-02,1.289289114398800535e+06,1.093270904592467643e-07
-1.503743672706334090e-03,7.472807659648576519e+05,2.808099452868401784e-10
1.218149045124199484e-03,1.587653953922224173e+05,8.317825543697505901e-12
-1.450938697773612902e-03,4.591492211510168388e+06,9.869680231390461010e-09
3.784428882336326235e-03,1.703808350866059773e+06,9.245692221002077730e-09
3.250477384436212345e-03,9.678238486788693815e+06,2.200818292674044502e-07
-7.073429328161574305e-03,1.411407530852165772e+06,2.216471486720953190e-08
-8.192978626604070780e-02,8.461441015588305891e+05,1.068733830202662729e-06
-2.604509292044878896e-02,3.160938589187279344e+06,1.507235761058558317e-06
-6.806566366988353600e-02,5.628788170742907096e+05,3.264248607565456696e-07
4.548608141649837511e-02,2.637605968898529536e+05,3.200914937274305905e-08
6.175194066087777781e-03,1.229332520517497789e+06,1.281554891841065704e-08
1.685202371477879718e-03,1.744162164337646100e+05,1.921211139789578966e-11
-1.178197297409531216e-03,1.505009486555848969e+06,6.992166635913903325e-10
-8.315000803298130960e-02,7.412955865635602968e+05,8.448987556231595837e-07
2.811641162068603123e-02,6.207962734185465612e+06,6.775092646333217200e-06
-1.303312681824791335e-03,5.382737378169775475e+05,1.094462473749645316e-10
9.216614424577695974e-02,5.442881792368520983e+05,5.596260135277669913e-07
2.284375908268887565e-03,7.402607727411995642e+06,6.359190945254857294e-08
-2.655927116765350194e-03,1.888097664515197685e+05,5.592145552427999596e-11
5.951736426514635248e-03,2.704552003295992501e+06,5.762027197023169194e-08
-1.409322552016324497e-02,2.665105922868376365e+05,3.137234646451207159e-09
-2.121755883774265484e-03,3.425645685680586030e+05,1.174824418454823436e-10
6.511202438915128857e-03,1.460592344392427942e+06,2.011303858493177214e-08
1.187332993720488158e-02,1.135917425463439722e+05,4.045161326908404445e-10
3.215371017164869727e-02,1.091699911880956352e+05,2.740097311424188179e-09
1.124877264285305701e-03,1.032702107843267499e+06,3.000942370911103039e-10
-2.957245854671051652e-03,1.747340919802592543e+05,5.937825204405674297e-11
-4.484641908320080757e-03,1.415910109863996739e+06,8.966524881733722168e-09
3.297326547007882296e-03,4.510290318221304566e+06,4.918471549937035707e-08
7.401122935888862497e-02,3.461749398579758126e+05,1.459767658508942052e-07
5.301851945564232949e-02,8.184345066951146582e+05,4.187167223554813056e-07
-6.881636129508554058e-03,5.628551446876734262e+05,3.336367954773331644e-09
-4.957576406964715743e-02,6.744440562098579481e+06,2.486153540867970711e-05
-2.886207277863553702e-02,1.634325344610979781e+06,4.947995736750098166e-07
-1.311409750027077090e-02,7.937075281779198907e+06,2.409323218987631209e-06
1.044546722137143632e-03,6.516202594706927193e+05,1.030248873994275076e-10
-6.474362966221967886e-03,7.632827090401716996e+05,5.430779692656248381e-09
-5.969835744449192988e-03,2.994092884868454421e+05,7.104811384028222076e-10
3.296476671643403661e-02,3.884037664045207785e+05,3.645558982725280592e-08
-2.823926199339738680e-02,2.764673998789116275e+06,1.355475873883224782e-06
1.639271077694992931e-02,8.911774957474338589e+05,4.745994445785946235e-08
8.320249673817560823e-03,1.193262974984948087e+05,2.192008827727586504e-10
-3.207349766415541759e-02,1.259417028280606493e+06,3.628515799690759495e-07
-2.977669373505032607e-02,1.996685799840525026e+06,7.860852679504400034e-07
-6.094162857024826296e-03,8.284291564150518738e+06,5.668081850342960051e-07
2.929335841449282139e-03,2.377832248657095770e+05,1.078941770265575925e-10
-1.785563938144918514e-03,2.579610636347469699e+05,4.717983099070249465e-11
1.286318783566855507e-02,1.426747566123771248e+05,7.490119630784760295e-10
1.006307207966603912e-03,2.993929677614173852e+05,2.018559744349202090e-11
1.135720096225533837e-03,1.549960084860759380e+05,6.890978581231045099e-12
8.308090422966259853e-03,6.118964742904643528e+06,5.747190349629256796e-07
1.061459777510600881e-02,5.224097494152621948e+05,6.837965114785519478e-09
1.579822494622198231e-02,5.856148728434432298e+06,1.903434922329958831e-06
-3.854926651531572022e-03,2.213128935143568553e+06,1.618612616523971735e-08
1.129618001898534700e-03,2.877485644152498571e+05,2.349561359798304361e-11
3.197985136988387017e-02,4.868766877781306976e+05,5.391232898016952497e-08
1.138433060768913015e-03,2.656943827801735024e+05,2.034590418556429636e-11
1.702203575196989047e-02,2.198418661873392703e+05,3.114160926043680882e-09
-1.684994378503118159e-02,2.989252695646206383e+06,5.641822548512018688e-07
1.457056820798054934e-03,3.964339998627853114e+06,7.419796867679064248e-09
-2.688273264826825538e-03,1.570671806442629604e+05,3.964742377811075170e-11
8.230407595429342638e-02,2.496320909530297387e+06,9.387301487704628806e-06
-3.989001415038029297e-02,5.024445388254883699e+06,8.933093744588633937e-06
1.778638515102433501e-03,1.598051975164340110e+05,1.796612577788135188e-11
-6.084320999440265276e-02,2.288628171053195372e+06,4.311932629693947677e-06
7.056815648669501062e-02,3.213848935112528037e+06,1.143841141448025386e-05
-2.494911372693039021e-03,1.275412004380494182e+05,2.251689468258797824e-11
-6.760586853303360982e-03,2.270009890171028674e+06,5.237469927200444530e-08
2.507206909162958477e-02,3.283751237858656095e+05,1.507363869636400733e-08
-2.791288573078330032e-02,1.668928225813930156e+06,4.825941413850200656e-07
-9.077109969248485510e-02,4.717268850967947394e+06,4.077309712712997170e-05
-1.315695325193068886e-02,9.031819204022933263e+05,3.140207775129839200e-08
-6.083424093029941859e-02,1.059336345595360472e+05,9.235516393548655098e-09
1.080914297815765632e-03,1.803670289627984457e+05,8.452673164896303842e-12
-1.086135097462559602e-02,1.819928282422077144e+06,8.689073968694086132e-08
1.419794627093462838e-02,2.022753315921453061e+06,1.834147046312924279e-07
3.156850520623591394e-02,2.874702934493404813e+06,1.831433827175016854e-06
-1.149534672528735278e-02,7.443802734743299661e+05,1.628287585730070461e-08
2.742714021785050155e-03,2.079169381939726649e+06,7.231660780500253591e-09
-9.998768868831406365e-02,3.295621321321284864e+06,2.414709646216702102e-05
-5.711561056172198558e-02,1.276024136499021435e+06,1.181203367934101423e-06
1.958324810643046962e-02,2.657396552379055647e+05,6.022536451934143356e-09
9.551855394176977238e-03,6.446842962950629881e+05,8.432705073227977308e-09
-3.098186378899740398e-02,1.126746984574909584e+05,2.709974098252355099e-09
-2.233917079360556949e-03,1.085824455428574933e+06,1.308430277131675751e-09
-1.104030402841535766e-02,2.630347393437814433e+06,1.875363836689002829e-07
-1.767755224922851198e-02,2.650244434209328610e+06,4.881051296779742835e-07
2.592263881783770166e-02,3.352476550559457392e+06,1.679527679946723328e-06
-8.850956449056830017e-03,1.778878605672496371e+06,5.512775185402009466e-08
-3.323329118630231806e-03,8.090196632166742347e+06,1.607541193668980580e-07
-1.593863454524096146e-03,6.671961304831732064e+06,2.514817732395937234e-08
3.070412131904653660e-03,1.054570158364511299e+05,2.331532925018395413e-11
-6.441683096186472980e-03,1.818497431244605221e+06,3.051556008326742709e-08
-2.052936833103092152e-03,9.394483659320360748e+05,8.271690091348886929e-10
2.720722566379051369e-03,7.980363286151287146e+06,1.048361568708532971e-07
-1.780910039150769130e-03,4.772100863376212306e+06,1.606203039392704997e-08
1.537070928434308139e-03,2.343585900070374482e+05,2.885671037039606735e-11
3.682436028406974992e-03,7.708213276333643124e+06,1.791740528961165646e-07
-2.650999278146773646e-03,1.687208883993345080e+05,4.448915698492417867e-11
-1.152142510916668444e-02,2.195362699714295741e+05,1.422729101662170048e-09
-1.013951905807479285e-03,2.536503198335084599e+06,1.470966529014057360e-09
1.082128626367754622e-02,4.848157589775031665e+05,6.120804082859535022e-09
1.418888986364479944e-02,2.594825301418410614e+06,3.014465610580696225e-07
2.720877355772800127e-03,1.296073184255707543e+06,2.765503633413906998e-09
1.398308306383503653e-03,1.361492889882686548e+06,8.059978453839658912e-10
1.484593564456355291e-02,5.629348234037430957e+06,1.553204456595821904e-06
-4.056768916177190543e-02,2.937924494407396298e+06,3.158923076643794387e-06
-3.000494878080074354e-02,1.106604042217836250e+05,2.451701171377347705e-09
6.068530040014264403e-03,2.554713546867350116e+06,5.345011999760622273e-08
-1.195504770936600594e-03,1.334594411579812586e+05,5.661069434554663797e-12
4.554035707899825244e-03,6.656058975371215492e+06,2.043263778812720212e-07
4.102341990735914982e-03,2.208133587475657405e+05,1.824784833991148874e-10
2.716705885455926710e-03,1.511893422082618810e+06,3.751671920052949902e-09
1.286907233746304108e-03,3.441495171166975633e+05,4.362004042005530195e-11
-1.020640479258518680e-03,1.017848413695489289e+05,2.399987812113239047e-12
-2.733709190565838942e-02,1.486447433981030481e+06,3.671985752513047475e-07
-3.209862684744833709e-03,2.964760917774849222e+05,2.013953841807312817e-10
-2.862721724239121815e-02,1.003013207791728200e+05,1.833448948566685410e-09
-4.214507072198126099e-03,7.491234891748256050e+06,2.216652699198865320e-07
-5.161407820594703100e-03,8.297916105445805006e+05,4.079168834299016511e-09
-1.363073123373157195e-03,1.074120523956469842e+05,4.766960900288149891e-12
-7.856761777956470377e-03,9.041121106347400695e+06,1.122093365019755761e-06
1.276591614123566117e-03,4.226625355206539971e+05,6.474239080794951387e-11
-1.418253018685095533e-02,2.955745295453595463e+06,3.907857310571481414e-07
-1.118883539019199054e-03,1.061450847488053609e+06,3.136655307129764955e-10
1.506589340183352166e-02,1.308595880076177185e+06,8.643669013030627356e-08
4.353953899627511191e-03,4.903676658440998755e+06,1.013697918120739752e-07
1.617073617676356581e-03,1.997733367745110882e+05,2.320768820810960422e-11
-6.042170591057409446e-02,7.256639434817124857e+05,4.275179018466948375e-07
-1.952729801862822722e-03,1.332521840233759431e+05,1.505671503693286919e-11
-1.503177382501895464e-03,2.085604750510873273e+06,2.185655601860125630e-09
-1.093846399106770300e-03,1.918458772014986607e+05,9.792980158310241576e-12
1.060730650872104830e-02,1.244302754386931658e+06,3.873999963270046927e-08
4.800009704936196268e-03,1.233409008201538090e+05,7.794633745373278519e-11
1.107151938460126462e-03,4.599817053522433853e+05,5.767569254969661015e-11
-8.179296970474134176e-03,2.037375959914907580e+05,6.175491930663403460e-10
-7.229115874905389823e-03,2.374859004939395469e+06,6.554556087502110170e-08
1.683589376847459754e-02,2.457762827650157269e+05,3.807584471404138734e-09
5.734855186657708548e-02,9.496485805274175946e+05,6.595808058716813307e-07
4.083262385094089258e-02,3.176346605706731789e+05,3.740826795936959564e-08
-3.008416446818876471e-03,2.612096624424112961e+06,1.373256410200037713e-08
5.056977997507972056e-02,9.110323488003231585e+06,4.720054082619966291e-05
-2.150167932435852625e-03,3.564428827558183693e+05,1.306236774549918916e-10
1.186321285822288527e-03,2.059472936861500784e+05,1.327437477741969317e-11
7.171788260720411701e-02,2.282872991537430789e+06,5.960952601757821408e-06
-1.134057457849802636e-02,2.252230105552894529e+05,1.450751028729502296e-09
9.466463466611528543e-03,5.199793335506120697e+06,5.388215327531776753e-07
-6.103482245725785557e-03,1.576147061695002485e+06,2.058003433987884949e-08
4.640596639029920256e-02,3.016958041624109610e+05,4.358965516223438539e-08
4.347336824357474899e-03,2.594776398058490828e+06,2.829721589050613332e-08
4.379559397665794274e-02,1.091420412122751441e+05,5.080918583541505291e-09
2.991259754104882724e-03,2.491662004814153479e+05,1.235332210557279369e-10
1.864972584872693143e-03,2.101967981280670501e+06,3.417388448636277623e-09
-8.824601858676978106e-02,2.420152514336477034e+05,1.014315266319121144e-07
-3.826508994918943838e-03,1.854974470222485834e+05,1.120414192077206713e-10
4.294732660039378425e-02,1.723271433194605052e+05,1.218083044048153648e-08
-1.353019575916529754e-03,2.081904256932382705e+06,1.764521348758268558e-09
-2.364160471909305169e-03,5.133150791652952903e+05,3.275059531378493632e-10
-4.168067814087178524e-02,5.308626257522100350e+05,1.088757362225257827e-07
3.442747097024979192e-02,3.894139337121674907e+05,3.996966111852998002e-08
1.380214276301929693e-02,5.957585996469506063e+05,1.503595166639539976e-08
-1.275671130906607959e-03,1.019982566763618961e+06,3.764958583912692692e-10
1.344937450915482599e-02,6.451049563488438725e+05,1.674025933961464365e-08
-8.376694263695319553e-02,4.136976473733931780e+05,2.670599000359843072e-07
2.349458100480663475e-02,4.298852644803133444e+05,2.268494740170583907e-08
1.106319302764567809e-02,1.550792929471457028e+05,6.545847071993090518e-10
-3.879248071302324880e-02,4.935449119936269708e+06,8.151653564855357512e-06
-1.064002815551703517e-03,7.485604731125925668e+06,1.410706238080713693e-08
-1.838764951622073526e-02,2.920512890096999472e+05,6.413098931297358863e-09
1.547108015135379225e-02,5.504572445013063261e+05,1.612819279318072549e-08
2.841628489168296010e-02,3.024085355787019362e+05,1.642176893811791252e-08
-5.404807976549083626e-02,1.820929021890156437e+05,2.153990698797349513e-08
-9.644529164064766236e-02,9.314413786927385954e+05,1.794611169528757041e-06
-2.132494434854781060e-02,1.025671592680742964e+06,1.063872830981673128e-07
1.100655837657380388e-03,1.919142808876974275e+06,9.922358613273279685e-10
4.172847481273790279e-03,2.531555069600549061e+06,2.481630005837092803e-08
3.034287098689263801e-02,4.965043124493385665e+06,5.047271207447267485e-06
1.846327540442090423e-03,1.021054702237699647e+06,7.903378215432179193e-10
-1.757299039381882491e-02,1.038701214534404338e+06,7.409175340448878175e-08
1.865919004089385035e-03,2.637582062217422645e+05,5.386352697417021493e-11
-1.279152563490793719e-03,7.012209848782476038e+05,1.789170588399993617e-10
2.150207933518007500e-02,3.894933165526398458e+06,1.559761477513524309e-06
5.600463023779842647e-03,1.704726723669380008e+05,2.027004241841248413e-10
-5.653193696986898685e-03,9.832968325432675192e+05,6.871542912845555043e-09
-4.189189519368417824e-02,6.587112842665021308e+05,1.693352892033571954e-07
1.824453769658375846e-03,4.754771477407878265e+05,1.673486735642836135e-10
2.210697388347175607e-02,2.665378451670121867e+06,7.721001050069790706e-07
2.583074103328525037e-02,9.265225837593173608e+06,1.273746490792350423e-05
1.269116248073637624e-03,6.141852096014847048e+05,1.351135070224441510e-10
-9.842341471221174171e-03,1.052809689168125042e+05,2.387777489743648338e-10
-6.872024709370991302e-02,1.822117734587270534e+06,3.486739851426303465e-06
6.977732624699288337e-03,1.709921729069514258e+05,3.165762722315565208e-10
-6.863770992263788784e-02,7.365373313109927112e+05,5.683453986098834810e-07
-1.452534074627122133e-02,6.907382084901341004e+05,2.238601902896670255e-08
3.985842545214005744e-03,3.468339750258950517e+05,4.249920383987517179e-10
-1.248332208903999742e-02,1.347069300978809770e+05,6.288361216874628794e-10
4.401366820366976740e-02,1.580339665236005792e+06,1.075903356193459827e-06
-5.489099669863719937e-03,3.537758130696657114e+06,8.386017403732513586e-08
-7.260741173213788174e-03,2.351816704848454101e+05,6.484344847251435225e-10
-1.366347269063718575e-02,5.940346770161222667e+06,1.465018241789206164e-06
-9.030833711477384215e-03,5.164976585529733449e+06,4.838265043598473720e-07
-1.143830083525760937e-03,7.911470717860872392e+05,1.821103922103451524e-10
4.788966276625227642e-02,1.477388470269436657e+05,1.113192364776898106e-08
9.241006352573419291e-02,9.877270868660188280e+05,1.852719683940988804e-06
5.310939383097640180e-03,1.924329157817787724e+06,2.322729632412347877e-08
1.268203296868004350e-02,7.361296364018688910e+05,1.938133157759923412e-08
-2.827018435994742285e-02,1.821186209599812282e+05,5.894720775815009403e-09
5.696707773873686126e-03,1.638586428099624754e+05,1.937687961357835036e-10
-5.684788739315445316e-03,1.115541311602917849e+05,8.943288202303645463e-11
-4.247924202131164034e-02,1.006521101898654364e+06,4.065336852045604169e-07
-2.500135735951221089e-03,4.450133408950420097e+06,2.752773555131082416e-08
9.109688569684659676e-02,5.257707479243983980e+05,5.101491299763054372e-07
1.087469607853927198e-02,2.020439463193037955e+05,1.073552264225574008e-09
1.169535134205052646e-03,3.757351170734927873e+05,4.294250460161673164e-11
-5.665201253458014563e-02,2.273614966836743988e+06,3.689451236099013205e-06
3.652887561642029386e-03,2.988830471704157069e+06,2.650772303001322207e-08
5.633418514688703221e-02,6.703487831352308858e+05,3.171340945369777111e-07
-6.452206920480825503e-02,5.093980597085561603e+06,2.402306390604364819e-05
1.704785477580044242e-02,3.077236543785036192e+05,6.120099561678586548e-09
-2.753385752300306372e-03,2.425972375661325350e+05,9.922088002394050523e-11
6.883072543764390261e-02,1.379380697512992192e+05,2.004611570773958997e-08
-6.370929632006689172e-03,9.249193301518440247e+06,7.721658295072277032e-07
-1.849364201702657570e-02,1.342241138165105076e+05,1.370260802480524021e-09
-9.280370321127648370e-02,5.455190765532930382e+06,5.699644231126427615e-05
-4.879049595371730969e-03,3.222060496195342857e+06,5.495852855988970234e-08
-4.257789418151447167e-03,1.058632400904501701e+05,4.518101374623922143e-11
2.570609345227410202e-03,3.091422574504946824e+06,1.404384936303354479e-08
1.337617098860843920e-03,8.416054242538069375e+05,2.818239682906452939e-10
2.183720165174971375e-02,2.000156262924737530e+06,4.242472856487031492e-07
6.891647367829199788e-02,2.168299699370765127e+06,4.965716991071391394e-06
-2.254586326445397887e-03,9.369076827579707606e+05,9.922579530595926194e-10
3.087162722587107749e-02,2.622927401355355512e+06,1.458105116095794546e-06
2.125381600544670388e-02,5.727576052144462243e+06,3.295435476807606291e-06
9.536087703480683464e-02,2.207439169690754730e+06,9.854060240474603571e-06
1.578732008049194696e-02,1.473081809676165925e+06,1.202729081553712716e-07
-3.022750647685347111e-02,1.382133496961641591e+06,3.881520474440785216e-07
3.966986915342857536e-03,1.879747488507355796e+06,1.236567457290862413e-08
-1.113596221467149858e-03,6.750617362138749100e+06,1.256723487602166498e-08
8.592258677021850227e-03,1.191037066987696337e+06,2.328962482290725988e-08
5.106568318539245199e-02,2.222070441496729385e+06,2.863328580163782385e-06
-9.683106787788976766e-03,6.544124064105457626e+06,8.929553457389830672e-07
3.611732194246929095e-02,1.246566384159164445e+05,4.507743062968368617e-09
1.163156797467171117e-03,1.296043755386036122e+06,5.053742436095394499e-10
4.390354566656170382e-02,3.548553421801353688e+05,5.397580607416531556e-08
1.192567428487264006e-02,3.649872395567234606e+06,4.213262328598921430e-07
1.966540609728272340e-02,3.975051021846071235e+05,1.358903144738525170e-08
5.048546148449083865e-02,2.972433161127151921e+06,5.007882228659663604e-06
-1.271152024897652735e-03,5.679607317832080880e+05,1.159121223617782853e-10
-7.817526444800404831e-03,1.854357715369544225e+06,4.673292881831739465e-08
-8.047794813540042058e-02,1.793593096256416524e+06,4.633390329274907444e-06
-2.572322904915666508e-02,2.066010767724900274e+06,6.280777109560872757e-07
-1.526756059388572609e-03,1.599460821580307966e+05,1.326122880532113630e-11
-2.612112454073804019e-02,1.440520086067962693e+06,3.148615483087733197e-07
4.900636165434697072e-03,3.197424766416454222e+05,5.460128215627815871e-10
5.485091004459758182e-03,1.175558695534185274e+06,9.245993035534719547e-09
2.306451718257125378e-03,1.624814667673527030e+06,3.123155787029349843e-09
1.861408045442704230e-03,2.055644442125148198e+05,3.255940205930930140e-11
6.072599232467550123e-02,1.293303011412636697e+05,1.371661878562354694e-08
-9.977968358739685781e-03,1.686797139821195975e+06,6.299516346252773899e-08
-3.471491891757173820e-02,9.176386171353559941e+06,2.256695300383906912e-05
-7.472681534247958487e-03,7.158584209265904501e+05,6.363623472153385581e-09
-3.361226788374048046e-03,4.123282979924450046e+05,4.271487752526675818e-10
5.353292134442871192e-02,3.297202065415237099e+06,6.928357113537536623e-06
-8.961603422989135315e-03,5.594740539178658510e+05,5.590216066170269388e-09
5.602445582328063195e-02,8.010669759538096841e+05,4.479094246764027330e-07
3.079585843043466768e-03,8.873737853388021467e+05,1.660714849195391535e-09
1.715864715800486870e-02,2.706562654353332240e+06,4.796224553112824519e-07
4.505378536929329110e-03,9.422431546103410423e+06,4.007613252283460392e-07
5.025906339521404170e-03,6.650520636987067992e+05,2.484490402486848297e-09
5.046812650513099463e-02,2.732236708606713917e+06,4.228324021354964854e-06
-5.801720588863002424e-03,6.032983580922470428e+06,2.724426876032662115e-07
-1.270530054962301821e-03,9.439170417477570474e+06,3.198414829927635893e-08
1.554291530129849747e-02,2.068258722265087068e+06,2.298115967686159443e-07
-2.944603969885599415e-02,7.503225931591100059e+06,1.085543133554662268e-05
1.904511216390551969e-03,4.743418086783666164e+06,1.814876722381641696e-08
-1.103496889480405380e-03,5.817182430767999962e+06,9.163573015978189378e-09
2.009852517112072079e-02,8.623179300010504667e+05,6.679753919042247837e-08
-5.488655909942745381e-02,1.544429386466340860e+06,1.597958050244067108e-06
1.764653513176633057e-03,1.481564747356730746e+06,1.520048384723363176e-09
1.631526445362069602e-02,1.025821756355038844e+06,6.229157288321705202e-08
7.190432892565305767e-02,5.805696033902685158e+05,3.875394452173408058e-07
2.551635658198592432e-03,4.224616699368924834e+06,2.584099301041127304e-08
6.215438589547093648e-03,6.308790307246157899e+05,3.419266845097810208e-09
-2.492679224957868988e-03,3.142894507082470227e+05,1.364864841419525147e-10
5.342741680876133929e-03,1.291867119242604822e+06,1.059403231461267076e-08
7.310338203410320090e-02,4.708643319654710591e+06,2.634897813863525243e-05
-2.644229899398625738e-02,4.086485690562193049e+05,2.596543715882448267e-08
8.135034718215539140e-02,1.293284626384609845e+06,2.461525289430908745e-06
1.201505037786370321e-02,7.233803974402097519e+05,1.679894136961278063e-08
3.565897358271705175e-02,7.707281762614815962e+05,1.679721956929631693e-07
-2.450534343786860830e-03,3.417544051756547997e+05,1.559721576229838437e-10
3.847035419689697876e-03,1.613081979433791712e+06,8.563720791039051634e-09
-1.000331194300111077e-03,3.712936282362464350e+06,3.067749311579799482e-09
-4.134040269604218748e-02,6.527645379899836844e+05,1.619420982120768469e-07
2.015387631999730322e-03,6.583372471488645533e+05,3.914815353266175793e-10
-2.853437354182704680e-02,4.325861511625158018e+05,3.388278957241050785e-08
-4.961588628139953529e-03,8.806893046339201974e+05,4.246041179990579897e-09
1.491860427027500054e-02,3.495307455590661615e+06,6.046783304103327922e-07
-6.365592518403060708e-03,1.934586636647868203e+06,3.372494784866642933e-08
-1.209640351123972670e-03,7.495883262240812182e+05,1.828333473409252846e-10
3.525232838731501284e-02,1.261435355774423340e+06,4.397469776673448034e-07
1.722980276878206167e-03,3.716114389854994952e+05,9.116665296646389471e-11
-1.431083082992188997e-02,2.089792123217494227e+06,1.988992392922501167e-07
-1.304674621639337903e-03,8.707171507972232997e+06,2.869828060570722204e-08
2.589190372945072288e-02,3.399449396806110744e+05,1.722829815822786172e-08
-7.103390064245011445e-03,1.815684324168595776e+05,3.699212378126082337e-10
1.309679455888332691e-02,4.320712130468206480e+06,7.120950141845190827e-07
1.259313388640469211e-02,2.095645844442199741e+05,1.548819018633831407e-09
-1.414222576181495619e-02,6.368432874094136991e+06,1.803839668568323848e-06
4.441525703248912216e-02,4.433706413518293994e+05,8.623736420915209191e-08
-1.015403013254148959e-02,5.510791502621242777e+06,6.963091567471531267e-07
-8.617713086520050608e-03,6.106970919792923378e+05,6.159323519791292561e-09
-4.591223731420591980e-02,1.198164671210205852e+05,6.729567962927447575e-09
-2.605366498123447023e-03,8.225229783283164725e+05,1.021247433243496045e-09
5.483616588100381946e-03,1.859588450330625754e+06,2.312411358033264831e-08
-2.535852301385917423e-03,1.924321769956327335e+05,5.295421645400186556e-11
-1.152675506299393089e-02,4.757913651392319240e+06,6.688742731090811367e-07
3.187680269082810575e-02,4.387227692772581242e+06,4.349377544689501003e-06
-6.063708328120825768e-03,8.684796343702586368e+06,6.167272444179787832e-07
1.360224238227049571e-03,3.296732770657584537e+06,4.471834885358555499e-09
-1.701229040856830355e-03,4.659015556782597676e+06,1.397047418458675750e-08
7.359591728817433884e-03,8.046700093323879875e+06,7.799025243947293040e-07
1.470181597228905094e-03,9.086859949047867209e+06,3.968870093293197711e-08
-8.515395945717613851e-03,1.704331549654763425e+06,4.683980844745083833e-08
-7.307104358933552701e-02,2.558596641663112212e+06,7.773051074610630640e-06
2.322314031893550623e-02,2.611777747722155764e+05,8.181097675625522138e-09
-6.009625559718963922e-02,1.257204661651831586e+06,1.269416218198863894e-06
-9.791771519841564742e-02,4.410836854336259421e+05,4.148220009306969925e-07
-1.292437105880551735e-03,4.088838864533745684e+06,6.210350028703080157e-09
-8.975571862031498163e-03,5.783017477348742541e+05,5.991430376443148074e-09
-2.145025379358890538e-02,1.460830266529174522e+06,2.183542438506960263e-07
-1.751962923633007888e-03,1.427116168085527606e+06,1.390163000140094007e-09
-1.695443361128664986e-03,1.201192199939300626e+05,9.223352979148983638e-12
1.096835575475377418e-03,2.631973492088981438e+05,1.853289771497999392e-11
1.891081727775083265e-02,5.887151477616558550e+05,2.756311316060899060e-08
-1.509335455760832823e-03,3.293133973685884848e+05,5.493986621674437810e-11
1.635875511840070851e-02,7.060604892923834734e+06,2.966754240242155855e-06
-1.438416291866348017e-03,1.142046939353749854e+06,6.001148113760168429e-10
-1.873112930739804019e-02,4.832733317864288110e+05,1.822262068355959373e-08
-5.460376591694621543e-03,1.415546094032061286e+06,1.328588455375674439e-08
-7.341080548115884452e-02,1.601869891872151056e+05,3.075188248045421210e-08
1.332460954535844705e-02,1.447682341308904812e+06,8.274710104317123330e-08
-3.888859788422107527e-02,2.662258636341746897e+06,2.383649028882130506e-06
5.038284023048958393e-02,3.152702116770673892e+05,5.610846917081249458e-08
1.587951207432533943e-02,2.101307752561900998e+05,2.476001387920491845e-09
7.378647923436516820e-02,1.068959444360512425e+05,1.383481271162775330e-08
1.587554866453088666e-03,1.825676216347108595e+06,1.868109175267922373e-09
2.057945093146764000e-03,1.058704135874429252e+06,1.055635621495122150e-09
-9.733056550199985224e-02,1.752847101356301457e+06,6.472675182801995207e-06
5.495819375037679609e-03,4.583469361733661965e+06,1.411077338980466774e-07
3.298050821872777066e-02,5.142521250926649082e+05,6.396819966014330796e-08
-9.801403323347718591e-03,3.341976178766167257e+06,2.386055117576351963e-07
2.846639784675685306e-02,7.055799734488570830e+05,8.971287433459200038e-08
1.990916643992802701e-02,3.947773617811001604e+05,1.373750570913392677e-08
-2.574255263456719581e-02,3.000469821111852303e+06,1.326719142014081204e-06
-5.084684929251157004e-02,2.197865757515694422e+05,2.777331184197467807e-08
7.248563920209715253e-03,5.590991717599099502e+05,3.652404711391983685e-09
6.172270696242979082e-02,8.910836412640438648e+05,6.727041724173822891e-07
-7.904032915067793486e-02,2.835412375241677277e+06,1.116933178376148149e-05
1.179516481769735982e-02,2.146242993085316848e+06,1.425158143413266076e-07
1.668620056473430749e-03,1.345718244930590154e+05,1.121296458136862725e-11
-2.874156714982068015e-03,7.839398345813459018e+05,1.128973129754212551e-09
-1.624067891208643864e-03,3.949673673933727550e+05,9.150146371302956389e-11
-2.362683090381645715e-03,2.112332623980017845e+06,5.539018424938214242e-09
1.153488811705064530e-03,1.080347922200469329e+05,3.453435152352381202e-12
-8.893661028109624278e-02,1.935785658092748781e+05,6.591328124560879971e-08
-1.777885044461159029e-03,2.542537563568861806e+05,4.544010850066796922e-11
-2.419203985549635803e-03,2.506041619069710432e+05,8.173701767405756187e-11
-1.118377394987744855e-02,3.417982422680146992e+06,3.249478450752118399e-07
-6.167954545205699829e-02,1.218077109641317074e+05,1.255246859158767672e-08
-3.584009687389157900e-02,2.010063912250149297e+05,1.154131603054866219e-08
2.535147151922752338e-03,7.742069730700447690e+05,8.566782748712673816e-10
-2.221135467687722354e-02,7.065030922747866251e+06,5.476151805325240065e-06
-4.239399975175813830e-03,3.433778223024577019e+05,4.712490854549731794e-10
-2.384117427918210248e-03,1.635539910020896059e+05,3.381230887902115750e-11
1.412954940646868026e-03,5.307306337310252711e+05,1.250553243003132926e-10
-3.780674902366233745e-03,5.471826510676242411e+06,9.517010698200452255e-08
4.206658595014432962e-03,2.358608705425584223e+06,2.189190619430722222e-08
-2.506594027402387834e-02,1.397014194028347847e+05,2.726885413907881943e-09
3.048824689078266561e-03,3.234051538208635757e+05,2.162001689419723505e-10
-1.457449624687352091e-02,4.614874951288966113e+05,1.006014478130602943e-08
-5.201588148834597469e-02,5.676112190335581545e+05,1.938523711439016103e-07
2.126027643950497044e-03,3.593111883818196948e+05,1.297706697962255235e-10
-1.524405777264478418e-03,1.288223580604315503e+05,8.575923762373407263e-12
-2.916758711462760865e-03,2.091222266906859586e+05,8.273678611776392930e-11
2.127155695716624433e-03,1.064440918243634078e+05,1.140089458965911803e-11
2.267235013551878193e-03,1.314928920120754919e+05,1.976491198333346094e-11
-4.170400130793423289e-03,1.431440877914262470e+06,7.925004767211210385e-09
2.608263536505217410e-03,1.256779013051700313e+05,2.389560496813180924e-11
3.699909192955466719e-02,4.089020084291710518e+05,5.090001009760646100e-08
-6.909037579076406088e-02,1.780061099496630952e+06,3.363583234769105736e-06
-8.065913303945152976e-03,2.578621919045339338e+06,9.620102289190736582e-08
7.056223507746458082e-03,1.662148325488504721e+06,3.059013973104982355e-08
1.249079138738946274e-03,3.068790168211762328e+06,3.267469549521323762e-09
1.168355421978865957e-03,1.271745120986873371e+05,4.909614212053514449e-12
2.165982420193186993e-03,3.466058598511895980e+05,1.253368878758109968e-10
1.951533351009053160e-02,2.720521035613639979e+05,6.268352086749368970e-09
1.011400424438246154e-02,6.420610187625949271e+06,9.377695367731697387e-07
-2.262281319405119208e-03,3.434676043668164406e+06,1.342647573079451974e-08
-5.819833033200087595e-03,1.093409004711595189e+05,9.004997432347865887e-11
-3.973114411126075704e-03,7.153722192766707158e+05,1.796484749063801789e-09
-5.388633666307372089e-02,1.497545719298274198e+05,1.448154008727339206e-08
-2.011319132670093268e-02,6.310692340763320681e+05,3.582723035512891381e-08
2.288048019276680504e-03,6.836977329300076701e+06,5.441965693914976860e-08
1.519820932937839680e-02,1.336890078924784204e+06,9.180651357944720868e-08
5.562250311026682194e-03,5.982635637801934499e+05,2.462540692819974545e-09
3.072128685597980656e-03,9.878934964750752551e+05,2.048312947805324028e-09
1.667761193247639271e-03,1.171011997275809263e+05,8.481792972824285224e-12
-2.745957919828557331e-02,1.456925223276034696e+06,3.559258493913240486e-07
-4.277052090735002782e-03,1.916969042737019248e+06,1.494915100033006050e-08
1.812667009113739722e-03,2.329069629647875845e+05,3.963676997828322094e-11
-2.285662479888909797e-03,1.287446461066398770e+06,1.925660865701110608e-09
-1.611140665840464156e-02,2.520854490963674616e+06,3.668256752194155115e-07
2.030779269138488496e-02,6.993897286787522025e+05,4.486019871287079947e-08
5.649064964984456573e-03,1.243403349252754590e+06,1.097171340159222031e-08
1.149976051759968526e-03,3.333826977432320826e+06,3.268593827336192307e-09
-4.947478760676831365e-03,1.093560938698226091e+05,6.509552075901172657e-11
-1.978186202618592310e-03,2.576746933149371762e+05,5.777967876758888109e-11
6.630346327453728872e-02,7.718948912866421742e+05,5.824866970451910665e-07
-4.390791334317753827e-03,6.100229856089821085e+06,1.595420787212918908e-07
5.766243010662195495e-02,9.241982487982925028e+06,6.315582540238396151e-05
-8.188452387765006446e-02,3.246280699113220908e+05,1.571350420419948122e-07
-1.153046655592197822e-02,1.634527437579599791e+05,7.899060528244483168e-10
1.053673180330219096e-02,2.517292993963589834e+05,1.564503850851099483e-09
2.883354354662736804e-02,1.919673225898750825e+06,6.813149269103331813e-07
1.457163811955345008e-03,9.391403349488893291e+05,4.164616271488693148e-10
-3.435392662838604450e-02,2.320275304145574337e+05,1.412957351343383782e-08
-1.941182481473410900e-03,3.366519239999559242e+06,9.497125538272807430e-09
9.670791929014072030e-02,2.893751552056187065e+05,1.741581536380101662e-07
-2.557749200109522836e-02,1.635501584157860372e+06,3.891482697245103011e-07
3.351717779065125063e-03,7.252678730006660335e+05,1.314101820010315855e-09
-1.345732279505524936e-03,3.500614920562039129e+06,4.935183089369896641e-09
-7.128382259167988233e-03,3.497411797526820446e+05,1.382205934228747254e-09
-5.154991820766095800e-02,3.088541519798113499e+06,5.637156599004946466e-06
4.606670413601208353e-02,1.713100081033135648e+05,1.384959280742940291e-08
7.781310319891376892e-02,6.163839895468750037e+06,5.115704146552466314e-05
2.434859006330194336e-02,1.156899531119761086e+05,1.764558968873097024e-09
-4.524174624662819465e-03,2.728384031347618904e+06,3.388339882024996485e-08
-1.117565302709248561e-03,8.075324914875980467e+06,1.811186117424263375e-08
8.551582919832594054e-02,3.345994509585798718e+06,1.820709762474421287e-05
3.249212728331323657e-03,8.132742054716357961e+05,1.552842962956984717e-09
6.326933995863627536e-02,1.302254050556252012e+06,1.509646595775782076e-06
3.478689971207755971e-02,6.512364512146761641e+06,1.141316518313139499e-05
1.609584083253003291e-03,1.913928775223242119e+05,2.110455172774892793e-11
3.093400735290755335e-02,1.609631722998780198e+06,5.513440150951117597e-07
1.421379863230575087e-03,5.873442178592364071e+05,1.549897446644028484e-10
-4.489905855947434743e-02,1.996724707284096396e+06,1.787343823834983123e-06
5.574339836162108507e-03,3.683934404702670290e+05,9.377949961996765291e-10
2.806230810560415498e-02,1.671491933253715048e+06,4.892745178669545405e-07
-5.487407676247499540e-03,1.446628099367760122e+06,1.401346382019332842e-08
-8.693720693100207009e-02,6.930809581384556368e+05,8.073773308531593480e-07
-5.736970397214657957e-02,9.711850389640413225e+06,6.903454000260857745e-05
-5.065211006228362463e-03,7.044157095206263475e+05,2.831068645367697383e-09
-2.223161540554173879e-02,7.998108239287427627e+06,7.030947360330167251e-06
-8.016040958389809845e-02,1.907149143194419565e+06,5.197403325192033047e-06
-1.926363301064919252e-03,8.989045157013415592e+05,6.668079463767963684e-10
-1.439106597522003470e-02,2.441762023393393494e+06,2.745932445488314389e-07
-4.316852583987643155e-02,1.451773226079434855e+06,8.734323083539335255e-07
3.252188195405750215e-03,2.264742314442812931e+05,1.206385692078150192e-10
2.889811024259803744e-03,5.641338722547854995e+05,5.910177050376919369e-10
-3.706576159510881988e-03,5.599353413352649659e+05,9.578971164234293981e-10
-2.966639141106775651e-02,5.034244438110278919e+06,4.960155515865832053e-06
-6.994552414833810072e-02,3.358187623223506380e+05,1.226950443145542102e-07
5.779272744831334685e-02,1.127344655717043672e+06,9.439675235070555376e-07
-1.303003169172021287e-03,1.585423670711661689e+05,9.490276603183673466e-12
-2.119767455328426704e-03,1.377735468500690302e+06,1.896729369282957049e-09
1.483992365661466160e-02,2.021836264237813593e+05,2.001946871418645784e-09
2.312240902364716931e-03,1.326377139918031462e+05,2.091690700926761714e-11
1.549209938540702450e-02,4.020374535981517751e+06,8.626821789024875118e-07
1.925542780824489623e-03,4.969245472797431052e+06,2.036031514965752609e-08
-1.251043109653703078e-03,7.978339136135625886e+05,2.215474659807766305e-10
-1.939213619255159915e-03,1.024417329353142850e+05,8.776116681315387529e-12
-9.110413085886012730e-02,1.821885366694615223e+06,6.126542975592931803e-06
-3.651659332095993915e-02,3.766231719432896003e+06,4.206218543210209532e-06
-2.632060354011813656e-03,1.816814324147334555e+05,5.085223300116322336e-11
-2.830918827982159200e-02,3.815735062758757267e+05,2.594827606581526447e-08
-3.581180467960674331e-03,1.932328117934059410e+05,1.064906337825102187e-10
-3.468835462729876092e-03,1.358157749185512948e+05,4.935885574835097500e-11
8.405387523846792608e-02,2.012264986940641189e+06,6.361844854452303829e-06
-6.658872250778490563e-03,2.795255837987385225e+06,7.704451810384787838e-08
-4.702691810742151701e-02,1.288849601844035351e+05,8.169486710007298740e-09
7.045819926110218068e-03,1.474463512229102664e+06,2.400094761250152552e-08
-4.317840714925143264e-02,3.971384925777105382e+05,6.539046879295894179e-08
-1.898045387874435982e-02,5.771308611998453736e+06,2.668449779783690965e-06
6.257345473475705785e-03,1.934274176043132611e+05,3.257718729602309578e-10
-9.696961275538118485e-02,1.104822966696644202e+06,2.552430704393805846e-06
-1.088772828278767842e-03,8.662357896235146327e+05,1.978080878522310025e-10
-2.989574678654865862e-03,7.732707969466816634e+06,1.188445530070893709e-07
3.990036862093854914e-02,7.114645730863403296e+05,1.792080959197786510e-07
-1.031605343562937106e-03,3.117728315309936181e+06,2.300387246283825861e-09
-4.618666892228226635e-03,2.666793557924516965e+06,3.373722266717357178e-08
-1.688431012899488121e-03,2.963892534555710154e+05,5.569148487770662108e-11
6.316319569492018227e-02,2.956544074897982646e+06,7.755220586202032411e-06
1.075132384306010319e-03,4.982783243141697021e+05,6.382122385638283535e-11
-9.329970734510695252e-03,1.570340777019361034e+06,4.773595657722265621e-08
3.006882625048440047e-02,1.533503347203352896e+05,4.728241583212037246e-09
-1.621963445153528759e-03,1.083278202873825794e+06,6.865297852195267861e-10
1.028363773353521650e-03,8.813437389859970659e+06,1.826759758875077311e-08
1.310007617442553000e-03,1.615605307892300654e+06,9.961286591321621979e-10
7.513375552928013013e-02,8.234389047358174575e+05,8.511972454411338695e-07
-1.188451228629650719e-02,4.598000554704751703e+05,6.640457738208338274e-09
1.849986443505070638e-03,2.237949900839846523e+05,3.811843506858245056e-11
3.073342812424066130e-03,3.749024766646383214e+05,2.952268692481908317e-10
4.410916087164461208e-02,2.605347112921689695e+05,2.936878826317440897e-08
7.066045893714920090e-02,5.463248392775333486e+05,3.313996546242946010e-07
-8.544116950391278734e-03,9.696339918301473372e+05,1.526325931687368117e-08
-3.875253520685401770e-02,2.193666043856747856e+05,1.607083769580569632e-08
9.433984089181512295e-03,1.771950068691469787e+05,6.214275299880707652e-10
-2.556316308754516889e-02,7.362505326344270725e+05,7.877305267990249751e-08
3.174333804551355415e-02,6.526769033634946682e+05,9.545505393289811687e-08
-9.944931072477047884e-02,2.325600068777387205e+05,1.189517589932900346e-07
2.794974168884719126e-02,1.506159858709844120e+05,3.940896101559006642e-09
-2.819463420475707902e-02,5.801970746844412759e+06,5.950880770237319548e-06
4.257430770079374815e-02,3.212556904864382930e+06,4.160007351893391132e-06
1.582748108640372880e-03,1.346308813791059656e+05,1.009741567197313079e-11
-4.975517147290983710e-02,6.621533928321801126e+06,2.413742417366658173e-05
4.375117011218342643e-03,5.199364661633254145e+05,1.150739847201682577e-09
2.155472201390756792e-03,3.787147170504846144e+06,1.481857585740668258e-08
8.186990119211630043e-03,1.989642592870690860e+05,5.900596561398133606e-10
-8.761348580895336746e-02,1.796467968867509335e+05,5.509067910150058047e-08
-9.658394767521528979e-02,5.037767138820120599e+05,5.264817647865233288e-07
-2.830243447699885492e-02,4.650923671528092818e+05,3.853215175853924861e-08
2.375578408272060668e-02,9.249871041658839211e+06,1.073760305690189483e-05
1.748847485137743074e-02,5.196127665988862514e+06,1.836372370938378297e-06
-4.161526894829567502e-02,1.218624704293206596e+05,5.719296580261410120e-09
8.363429713704568016e-03,2.082430277703495231e+05,6.745389194851078581e-10
-1.971679274305518023e-02,4.296496300575373694e+06,1.595874287343812416e-06
-2.526148956730607867e-02,3.295402357322830707e+06,1.541104390322563903e-06
-4.642003183111442256e-03,4.873308780480407877e+05,1.138035941042007110e-09
4.298263299968305487e-03,2.538538883038510103e+06,2.647591155890229550e-08
-7.029007863952074775e-02,1.451784400683007843e+05,2.315738735361036914e-08
-8.253799355000410176e-02,4.032879531929232646e+06,2.463970837023772429e-05
1.342147697467659280e-03,1.635752742745569558e+05,1.071847961133523151e-11
7.241417198439778491e-02,1.878187906432016462e+05,4.113603874873315652e-08
1.149729499574610354e-02,3.210400488570244052e+06,3.029751612282078812e-07
-1.077925027850965868e-03,1.164967860643321648e+06,3.506729365804154501e-10
9.315571241794837545e-03,4.535670088444954017e+05,3.970079000861086432e-09
1.169120507564469242e-03,2.626497775298354100e+05,2.096862158409320906e-11
1.230788468205572771e-02,1.242747726239370881e+06,5.202715067535437203e-08
-1.758527261875100995e-03,5.965610331358076073e+05,2.447401521895235801e-10
-2.997566275429151481e-02,4.396304101443486288e+06,3.861982399510074595e-06
5.975352990390570516e-03,7.602094076838868205e+05,4.588712645222754841e-09
2.783157899613568353e-02,1.465519536734260153e+06,3.699611900694785005e-07
7.233563001013600807e-03,1.333776843358210521e+06,2.069989455858681838e-08
-6.085897246931915722e-03,4.264445070707877167e+05,1.497861061805068365e-09
9.678077494232511027e-03,1.414215093520195514e+05,4.165876367882851438e-10
1.503451736069628952e-02,1.197274938982098247e+05,7.205498240154499350e-10
2.001846832233969940e-03,1.181136584593953099e+06,1.243252049788970980e-09
2.153714392603233579e-02,1.471259004266323522e+06,2.232809846618250319e-07
-1.202559725117776680e-02,6.287767164722959511e+06,1.271462228424594125e-06
-3.474837610547694584e-03,4.472380555981106125e+06,5.370859344162492698e-08
1.148274954242935360e-02,4.462477235238323337e+05,5.839034781898976773e-09
7.432078368980446492e-02,2.233301483319944236e+06,6.126501162737842248e-06
2.963722842435052938e-03,5.354074267217116430e+05,5.599396319003492688e-10
1.038488190274517407e-02,7.560913628804113250e+05,1.371036221596302377e-08
3.009505055539459309e-03,8.609070560106676072e+06,1.492794201831868206e-07
2.067109219938769154e-03,2.495472583249902353e+06,5.917383334504059066e-09
2.243857273612196584e-02,5.730150806203461252e+05,3.676375069149653942e-08
-4.462156943066454030e-03,9.819264782504828647e+06,4.269184022100618820e-07
-2.741948097007009325e-03,1.352937726952993078e+06,3.060351597256406701e-09
2.246236035477127899e-02,9.121862767606871203e+06,9.336306473483217002e-06
-5.617965988531697236e-02,5.354540624180734158e+06,2.012333223624669976e-05
1.993874564530722857e-02,1.864215659269054886e+06,3.072452803013304681e-07
3.931635059268777550e-03,1.330395969943164964e+05,6.084228134424148553e-11
7.834285539588581315e-02,8.124085735746600665e+06,9.008345600503136759e-05
-4.282635442118616804e-03,1.302855812147791497e+06,6.923284420821197144e-09
1.930606139302479957e-02,1.057540027853677748e+06,9.269968216209685473e-08
-1.423679126794968539e-02,3.864757583367202897e+05,6.732339397169271469e-09
-3.832808432277926176e-03,4.659590138205561088e+05,7.092950221656492812e-10
-4.260499489702408889e-03,4.019719673742079758e+05,6.522435912943769586e-10
2.941442901323333952e-03,7.536382648350824602e+05,1.092808280736815745e-09
-1.741679370535547658e-03,8.230392223235818092e+05,4.569563645237727666e-10
9.416239989543762068e-02,2.145084186657115817e+06,9.072792336628791439e-06
3.487574670368669832e-02,2.284395625965804793e+06,1.411519622521260457e-06
1.331338963116012082e-02,9.291348774810869945e+05,3.402765810868610176e-08
4.059288440095560474e-02,7.514900237811824307e+06,2.069395563439140989e-05
-2.283849693770917573e-03,2.364136931412350677e+05,6.483022698114636229e-11
-3.043882245693292285e-02,3.511884987149050459e+06,2.541168799799250887e-06
-4.840783713800074495e-02,1.331450616520874901e+06,9.238016514619567418e-07
1.028557106490984039e-03,1.462004879082203610e+06,5.028653514065054550e-10
8.619355688773730484e-02,9.498330937111083185e+05,1.490532500676437239e-06
7.661218388246602423e-03,4.503322585453183390e+06,2.647031142480993926e-07
-3.115263172127341953e-03,3.631682413550323807e+06,2.846442783216673133e-08
-8.067433055130395630e-03,2.678815868443588843e+05,1.038612910430307762e-09
1.585767562838104328e-02,1.515718358547156677e+06,1.284734338958141809e-07
-1.453044429718671621e-02,2.085488730889594881e+05,2.042070508067891541e-09
1.824378348774150990e-02,6.247660137657475658e+06,2.889095266597666007e-06
-2.993647537162081804e-02,2.678238844127273769e+05,1.429542899431748696e-08
1.627241236185484122e-03,3.073949384759282693e+05,5.564095268282154466e-11
-4.057941172245162383e-03,2.494386476634097286e+06,2.278432835043167117e-08
1.224137709536743520e-03,1.260137304965180083e+05,5.291679600826915350e-12
-7.826528925327980168e-03,7.708006575600120239e+06,8.093191052981159783e-07
-1.990506519218480236e-03,8.171707221880827099e+06,5.883693698578003319e-08
-7.559450597962426299e-02,2.232053086990981828e+05,6.331210543236227871e-08
4.007474581149063353e-02,6.683957745663956739e+06,1.595534482978467293e-05
-6.785151298895487036e-03,3.880585051785727497e+06,1.541738564404615746e-07
2.538444015338275298e-03,4.067376188428314868e+06,2.370615465508041543e-08
3.171260757021711341e-02,6.556861779264691286e+05,9.615086920880328275e-08
-1.173315203658652738e-02,5.170758149099546485e+06,8.185309342982066953e-07
-2.363493156877679614e-03,2.789962877069771057e+05,9.669472847035059330e-11
3.044531308351241736e-02,5.306456205898878397e+05,5.804266012242489108e-08
-3.087285836207879358e-03,1.887614397713679064e+05,7.552269756345054109e-11
3.143501652047574896e-02,6.851206660169394687e+06,1.031475155722966985e-05
1.146812403893354834e-03,1.462911862695593154e+06,6.259192911482930432e-10
4.711421058096259412e-02,2.155787300393300538e+05,2.294102965632110292e-08
-3.265121878728975604e-03,6.513030090323220938e+06,1.005685558585610715e-07
-3.917235351772723612e-03,4.517334249914045795e+05,6.963395038279816079e-10
1.325749769438974712e-02,1.669450348945251899e+05,1.089349869001078501e-09
1.861698873086287901e-03,1.398715718649522751e+05,1.507908652284656425e-11
-6.842856469343965194e-03,1.248946768444475892e+05,1.624276530238817227e-10
-1.072234591037811782e-02,7.014007012536329217e+06,1.257793278303087044e-06
1.644029385882139586e-03,1.849373258199214935e+06,2.055727518078835813e-09
9.035031643530363338e-03,4.747907025563887320e+06,4.092239266074359222e-07
-2.438810776989573312e-02,3.293124650977440760e+05,1.434398430098805820e-08
2.427166515545398431e-02,6.874609634918309748e+06,6.191451559746856128e-06
3.885270212184895652e-03,8.466876056018929929e+06,2.406501363027242727e-07
2.914544643773603252e-03,3.368385067797925440e+05,2.143295940898535632e-10
8.500459613440579376e-02,2.022460803289873293e+06,6.572677055550276722e-06
2.915106614974088614e-02,3.895452145983841037e+05,2.867621868000023530e-08
4.166063732743457287e-03,2.129534012568513863e+06,1.750323128185299797e-08
-2.736751572468474041e-03,2.958491651548297377e+05,1.457836096401244143e-10
1.976899860985048291e-03,5.359664136175649241e+06,2.496558477653045743e-08
-4.196635513021491903e-02,4.358788123283045134e+05,7.440999426854220791e-08
1.966250394795069842e-02,1.558780057859331428e+05,2.089029525855564928e-09
1.483894533132621742e-03,2.227652147118182329e+05,2.429954108160011964e-11
1.248426322931919102e-02,1.191854205637898558e+05,4.923447954305545771e-10
1.154947312040627847e-03,5.866770552538702264e+06,1.020986035900187847e-08
8.969197168678671658e-03,1.389003784816992003e+06,3.451526809249577393e-08
6.646933543162705620e-03,3.695175185925473459e+06,1.341559656102284813e-07
-1.926958499616510112e-02,3.576934847244063858e+05,1.056486696768439730e-08
-3.258583994914144785e-03,3.239314002399056917e+05,2.477771123507435884e-10
-1.128721088315116396e-02,2.958157069374044659e+05,2.479208138842980446e-09
2.018817634833400265e-02,4.213319804359189584e+05,1.608941595040451986e-08
3.268188184817081426e-02,3.862572721593332943e+06,3.543763248270459254e-06
1.930821406918645233e-02,9.018315748057147721e+05,6.742676665082230166e-08
6.727336659754366843e-02,1.827918630601296318e+05,3.362770994968728382e-08
1.133082802309405036e-02,2.603708035753403674e+05,1.935553202732147565e-09
9.556640453566692117e-02,3.019644585551985539e+06,1.851907978891299163e-05
-3.820838873089406340e-02,9.717184709929293022e+06,3.065459720953434301e-05
4.380681813290513912e-03,4.412476279573714128e+05,8.308936452833486672e-10
4.965356127189134855e-03,1.366653144864888396e+06,1.024034682545297354e-08
-6.682786291012177138e-02,3.074516089821013156e+05,9.387845571356759173e-08
-9.668427506725240164e-03,2.325232777150155162e+05,1.123936599215526826e-09
-1.245266874582145501e-03,1.401638726540023927e+05,6.774765983577858427e-12
-2.458958384917499154e-03,2.738304852548570489e+05,1.008238321568719946e-10
1.080960004366545053e-02,3.845909884219251690e+05,3.843392238174522767e-09
-1.999249370228631251e-02,1.364130945045498374e+05,1.654029717398563005e-09
5.385080404297953871e-02,3.991505738964003511e+06,1.027436880098808061e-05
-6.239206937819119850e-03,8.683100275510704378e+05,6.526880538616904005e-09
-5.663700285609661600e-03,2.176493380412242550e+05,3.379188962171014524e-10
1.906593058919235639e-02,1.608008951144160004e+06,2.090211292163433792e-07
-8.715293671035342568e-03,3.844493284697550698e+05,2.496545670344070297e-09
2.442698422964139932e-03,8.314900049010455608e+06,9.173837027524185021e-08
1.332476445877043766e-02,4.524066964142585173e+06,8.081172574265463785e-07
4.521008014087016941e-02,1.087115114583149116e+05,5.371788092068887577e-09
1.103762454109866349e-02,1.614861784433371620e+06,7.065114401350253374e-08
2.076016910028216644e-02,6.467734661959528457e+05,4.009252542987305012e-08
-5.788003876530106208e-03,1.300885875055342913e+06,1.260762473133279985e-08
1.256461378123798107e-02,3.609876463937002700e+06,4.574885376198310657e-07
-1.502473247904968431e-02,7.915382552441495471e+06,3.145245610833936164e-06
2.558036874494440047e-02,2.507280833491085796e+05,9.147803208248240138e-09
4.203694303758076511e-02,2.030484280645313847e+05,1.620163210551922560e-08
-5.932414975625740355e-03,4.402405350125924684e+06,1.516842018835380669e-07
1.933545609943878880e-03,1.202869713291321095e+05,1.202938078707698540e-11
1.271771427028773119e-03,4.514428991824205033e+06,7.330287865405127243e-09
-3.730674758923866602e-02,1.431567006195690774e+05,6.343009898051734853e-09
-2.423900945362009868e-02,1.816778816309420625e+06,4.312519792927148724e-07
-3.113114652289672782e-02,2.284323837638813537e+06,1.124612289615171444e-06
9.730726471300719244e-03,3.486052747643561568e+06,2.558913988500226950e-07
2.985714942257210180e-02,3.383578175216803211e+05,2.269584536022176502e-08
-1.216019159676528030e-02,1.056872441815392347e+06,3.673019495375869592e-08
1.388328739209988318e-02,1.024021199632426142e+06,4.494690309351407611e-08
3.306856347327213376e-03,1.348622635186666739e+05,4.422917086686860046e-11
2.723451585512636289e-02,2.940893472300593741e+06,1.426576796308520665e-06
6.831967308790579119e-02,4.352115045453586616e+06,1.966027299256622364e-05
-7.978602722719125434e-03,2.680472580239715520e+06,1.017123457045558367e-07
-2.305867414930998574e-02,4.234016941683443729e+05,2.119683883305578441e-08
2.532731147853492168e-02,1.888222962923325249e+05,5.086065899737476377e-09
5.303593350657538619e-02,1.489515658561551536e+05,1.387803030767575466e-08
2.227289320013774512e-02,6.032985432386851171e+05,4.015272949292623637e-08
-9.454479583946911667e-03,1.286169519009635260e+05,3.288281076855709780e-10
-1.015828352202161229e-02,1.150967819367678370e+06,3.039934825525471358e-08
6.152359601260612432e-02,2.377854135491953231e+06,4.759387815391397903e-06
1.576076095533723983e-03,2.057792331849394133e+06,2.339131857427357846e-09
2.182217022099672971e-02,4.536642399680621922e+06,2.179526849881527451e-06
-2.716644361588760499e-03,8.769299849046962336e+05,1.262096805100314416e-09
-1.136642498459463670e-02,4.533457705518485978e+06,5.904786064199846669e-07
3.123903737689436803e-03,6.062164740108458325e+06,7.975317920339430296e-08
-7.639324619361074001e-03,2.532930803933382034e+06,8.326334070859370869e-08
3.297306805984381861e-02,1.047748689225602866e+05,2.654179074632977216e-09
-2.398992910794427516e-02,1.077018067357134423e+05,1.484571631081406504e-09
9.102852736096350358e-03,2.933374199129160959e+06,1.585576570512348617e-07
1.490303466994213162e-03,5.305739330697350670e+05,1.390395946231243356e-10
-1.390742727151231739e-03,5.653656888141671196e+06,1.374832348216054875e-08
-1.601594709088964910e-02,1.596545706325168023e+06,1.454002702268019308e-07
-5.553813321790172092e-02,2.241231021174814960e+05,3.445506362268439622e-08
-1.998106132052432718e-03,3.446482747091669589e+06,1.054597101382248545e-08
2.346727978746727603e-03,5.989679579350786284e+06,4.393695277861453216e-08
-6.546104475654324073e-02,1.099187733131638524e+05,1.151348663834366764e-08
-1.159277631701916000e-02,5.298863230210534297e+06,8.391461047775571829e-07
1.191998182310442279e-02,1.547777558059001749e+05,7.569470965011022780e-10
-1.359986117749473027e-02,7.567804431657927111e+06,2.355624170740474249e-06
-2.006386195395618716e-02,9.261250817274557194e+05,7.678309341561385468e-08
-7.320800746485819910e-02,8.984370121541869594e+05,9.620323884033094698e-07
-3.762176632903971307e-02,9.230511257983047515e+06,2.681804569785649578e-05
-4.509085884896289406e-03,1.231625334659363842e+06,6.858537111683520091e-09
-7.553940488873538313e-03,5.190358432370622642e+06,3.418527428785640674e-07
-6.186436202775860010e-02,4.481343943980215117e+06,1.709207864885117648e-05
2.504246033742988774e-03,7.584398782620492857e+05,8.022201372412745402e-10
-8.960630730717213110e-03,9.990335891386013245e+05,1.782110345968112861e-08
-3.031203349259793504e-03,4.300351976555203088e+06,3.778638988516548373e-08
7.369054393442542317e-03,1.158089704679660499e+05,1.619590335226720932e-10
7.388340937446867540e-02,6.372407009912573267e+05,4.929446070483857000e-07
2.709217532645238555e-03,2.190164365312136360e+05,7.829579218207861302e-11
-3.634314936191222756e-02,6.723434607328912243e+06,1.327775769234682400e-05
-6.248116453226747885e-02,1.771049158784676110e+05,2.723056881164020037e-08
-6.431402612229678538e-03,9.506241117986239260e+05,8.312397386569666815e-09
-3.933031861461266064e-03,6.202121011238836218e+05,1.323221811493557009e-09
6.476474711922400318e-02,2.500177335117062088e+06,5.830639982864076208e-06
-3.792302583788710602e-02,1.702447799317525933e+05,9.269382916810045255e-09
5.658536611609533452e-03,7.378785211100348970e+05,3.876816526798067713e-09
1.878914134174089826e-02,8.793616017938973382e+06,6.070802620604277692e-06
-1.986180098365520307e-03,2.033594197848103708e+06,3.627965015869473590e-09
-2.064473667154690176e-02,5.255439964917280711e+06,2.617785781949600311e-06
1.005522034967885892e-02,3.376345536907510366e+06,2.563151088802857640e-07
3.478649505006136192e-03,2.170322685230041388e+06,1.267556178695764617e-08
1.637189293470161372e-02,5.440765242201350629e+05,1.764472999543527672e-08
-2.237341417386603908e-03,3.802225741927333642e+06,1.609302072967578166e-08
5.186724825832875370e-03,1.053927082974879886e+05,6.645150106125121974e-11
-9.335830902547281873e-02,2.693046625168441795e+06,1.405694511580402602e-05
8.132637563083609106e-03,6.023377056343184784e+06,5.336299389006916718e-07
3.191024047788769413e-02,7.018724288973063231e+05,1.115510776166132301e-07
-4.612069351067053791e-02,9.963650990378359566e+05,4.695976574190347103e-07
-1.748394293971000223e-03,1.034657676748965401e+06,7.277284944643332876e-10
-4.231891944379893161e-02,9.491887781521841884e+06,3.588158184994127910e-05
-1.515692131066540167e-02,6.818734302164714318e+05,2.375345449549720459e-08
-3.496805755544202254e-02,2.971923760044049006e+06,2.401682509617446988e-06
-7.815444726715347137e-03,7.820404275030056015e+06,8.307360387814554584e-07
3.606224468843694658e-02,1.356071624613022665e+06,5.318241067048938560e-07
8.136957467586454495e-02,2.491664134683998127e+05,9.141139660287123105e-08
-3.823278310745863769e-03,5.299205186176970601e+05,9.128313528085547232e-10
-8.103826977455325098e-02,2.571249756814370630e+05,9.655307233379934029e-08
9.612959293276657213e-02,4.601226568568440154e+06,4.350695561284021503e-05
2.905170842378700970e-03,5.724716236165846698e+06,6.151039737043286295e-08
6.946192059330098464e-03,3.931938175373183331e+05,1.658838803814836901e-09
4.329034353997648736e-03,5.378366284801695729e+05,1.205535674473748131e-09
2.911082267391288097e-03,2.013604944687084062e+05,7.641079990842952363e-11
-9.046740576490141378e-03,1.354442945453163702e+05,3.338896485339440777e-10
5.453202798174766608e-02,4.510909463197685545e+05,1.345639631859159874e-07
-1.054281977242761681e-02,2.717118417405339889e+06,1.824853260192825733e-07
-2.645518929658902813e-02,8.186225323268080130e+06,1.043004989291855749e-05
4.821059428383211651e-03,8.497124627583151450e+05,3.731867336556499220e-09
-1.147879383292076550e-03,2.222780922867790796e+06,1.447715030929611245e-09
1.626459335499666481e-02,4.252200553621394793e+05,1.063680381129840528e-08
1.641483811970190091e-03,6.330944857085950207e+05,2.401637855195173317e-10
1.138059238067646618e-02,1.120598965922678617e+05,3.616824385676727128e-10
-1.485223422420536192e-03,8.095786073071312858e+05,3.215132510420885579e-10
2.583357052454667013e-03,1.488656709170950809e+06,3.288934611475062172e-09
-7.087126725411886825e-03,2.172052887502168014e+05,5.269609566981468133e-10
5.128361084675919605e-03,7.063617536077242112e+05,2.918157946761828973e-09
-4.444942197915697189e-03,9.526605012566883117e+06,3.987546901013172769e-07
3.676833657017750806e-02,5.597683348806528375e+05,9.420237897034439427e-08
-6.135332205418126371e-03,3.400792881522658863e+05,9.681302329463691965e-10
9.071232133288706714e-03,2.770097185939119663e+05,1.404170433152444017e-09
6.880349970102662277e-03,1.216796265676967305e+05,1.558669529401528034e-10
1.089778461738853677e-02,4.556182309969996102e+06,5.482465129963091128e-07
9.588489971482935803e-02,1.651264834931902005e+05,5.574823882450972617e-08
1.410553739058174709e-02,6.579079983126616571e+05,1.915167908791960319e-08
-8.697807455921899300e-02,4.631970128341566771e+06,3.609510664120928327e-05
6.251123820704693190e-02,2.247442768926717807e+06,4.389254224107960724e-06
-4.771504540420213984e-03,1.164669384713970125e+06,6.867730623541712442e-09
2.427095789977031046e-03,9.013527907172836130e+05,1.064291760062435009e-09
1.928127336442829291e-03,1.449001057585891569e+06,1.735825561182054809e-09
7.427606182584292095e-03,1.126534022227486363e+06,1.556982076710551081e-08
6.451604290477324158e-03,1.277449006115416996e+06,1.510496906314213257e-08
-8.372553247425031098e-02,1.783294576284985815e+05,4.957460521111223063e-08
6.723150586661855166e-02,5.080177145856511197e+05,2.594183190323236439e-07
4.097572738217002998e-03,4.568957392039963976e+06,7.794438056563284112e-08
6.348626863053390135e-02,4.158392760791266919e+05,1.549914950641204573e-07
-3.158375436827580776e-03,9.859251845160892233e+06,2.156317354157821361e-07
1.800516342249264268e-02,9.650788600186859258e+05,6.714551214398533190e-08
-2.502687648386913571e-02,1.957548500056965277e+05,5.337472036941561066e-09
-1.525475504813685523e-03,9.362915888788033044e+05,4.536594596497371798e-10
3.361740941889665869e-03,5.077079891011005268e+06,6.478190754038637141e-08
-5.847766257316160815e-02,5.359148579091588967e+06,2.184081579265881955e-05
2.288433599066275539e-02,3.373047803441944416e+05,1.325009139077505901e-08
3.775950320723928024e-03,2.816613796920275781e+06,2.515384605321738799e-08
4.978191432520526205e-03,1.575813291469535325e+05,1.368516239031904307e-10
4.854110283358879785e-03,2.959153287461879081e+05,4.588296282463458366e-10
4.495849390424731112e-02,1.344521655259189429e+06,8.125617253835898043e-07
4.830545424385368491e-02,7.803918810699511319e+06,3.160203692987427227e-05
-1.235237241255011768e-03,1.955184565352934413e+06,1.297100194178510119e-09
-3.731581795133322860e-02,3.041098864316772670e+06,2.863810386653708043e-06
9.520145606947678571e-03,1.119595185074582929e+06,2.526425384175674100e-08
-3.544356981308535975e-03,7.814371813187994994e+05,1.705926465692186176e-09
2.432706303425187511e-03,6.488200537210839102e+05,5.540196142346686714e-10
-6.869735580517436282e-03,3.022345667142186430e+05,9.586621028141448792e-10
-3.560570385712074487e-02,9.783586635160405189e+06,2.698563186333607439e-05
-8.623166202076648634e-02,1.258800810192792269e+05,2.620262439760456683e-08
2.057302644260277508e-03,4.329249792752341600e+05,1.764082569130516176e-10
1.211007130493778382e-03,4.634312507930679247e+06,7.004244277748831105e-09
-4.351228400018870845e-03,6.569777798112980090e+05,1.817282203806080544e-09
2.484451811350133973e-02,2.643337690727369394e+06,9.590995839770507327e-07
-1.469507810872717514e-02,4.015935571072993334e+05,7.744876938573623663e-09
4.592860447759608555e-02,8.479106596752071753e+06,3.372593046290828006e-05
-4.502368988965468888e-02,3.927747539958453272e+05,6.954510225171134276e-08
1.304716958809482019e-02,1.472777957052630372e+06,8.211158139172112304e-08
3.278414080450940942e-03,1.831423017316906189e+05,8.016821231758014536e-11
-6.384721389329751050e-03,5.605004079301190795e+05,2.847954311640999614e-09
-1.311928781861429949e-03,6.266596745232567191e+05,1.503077134094690990e-10
3.349800779453764987e-03,1.423000609049950144e+05,5.052954423297290635e-11
-3.431070523331068191e-03,8.533909542391854338e+05,1.906569364320850314e-09
4.673723835020446998e-02,1.929669832929746248e+06,1.808795042778941621e-06
-4.012986612094985445e-02,1.314381897762851149e+05,6.186938664632091040e-09
-6.702074277288957993e-03,1.768417979454936576e+05,3.123816879757099996e-10
-4.388940182156427991e-03,1.362303286609075731e+06,7.949946075054539972e-09
1.464712431624952101e-03,3.238358238296067342e+06,5.003244955426552671e-09
-1.640672627705945519e-02,3.852080396465371596e+05,8.882430150488993144e-09
-1.384215246753514594e-02,1.977003895569868910e+05,1.665403824907277228e-09
-7.660805571370317424e-02,1.377333474158632336e+06,2.475850038333627336e-06
-1.012046733754160682e-02,2.944162165604011388e+05,1.974339527883759943e-09
-7.215919541659805703e-02,4.272628171773061040e+05,2.113833684205715179e-07
-2.432741049843846048e-03,5.044802270332584158e+05,3.349479430486941314e-10
-3.269673117914023708e-02,2.050186480210735754e+05,9.992925610581109095e-09
1.277155520226327815e-03,2.850342806825266685e+06,2.946992363867859468e-09
5.242276734586211184e-02,1.466739686955593352e+05,1.314750132913609326e-08
5.047402854662401926e-03,3.682450836852274835e+06,7.682580213022378393e-08
3.997566602590305919e-03,2.680461363110804465e+06,2.553334832844885017e-08
2.467767487942178033e-03,3.007982991033793078e+05,1.225339628813813009e-10
-3.083034859137212449e-03,5.048691399835169432e+05,5.387803792308821019e-10
-2.424857241608604098e-03,2.420401581464520656e+06,7.660276705711686393e-09
-1.961256719244002661e-03,1.684077514308955520e+06,2.425997192356536020e-09
-2.069311434605593247e-02,2.111561577049033949e+05,4.245770030903931641e-09
3.752488542813135156e-03,1.475061909134896705e+05,6.813284074293755287e-11
1.274926864797156639e-03,1.803438686419621110e+06,1.175629726449903186e-09
1.982724280359631636e-02,5.747121757767696399e+05,2.887504679498496658e-08
3.510926018116823730e-03,1.811810728141507600e+06,8.998420013112988642e-09
-1.543116121150726015e-02,2.056328936559774913e+06,2.239131714325543545e-07
5.414290550586679102e-02,1.935149180511924205e+06,2.441233196784965076e-06
-8.892925903782711305e-03,1.533683867308434856e+05,4.136740675297726119e-10
1.341137919040820067e-03,3.016133004240192939e+06,3.638690459679415769e-09
1.771795371616533173e-03,1.169420857509980415e+05,9.546980759357213105e-12
2.658917543389284315e-03,1.204299943742691074e+06,2.280217747623686617e-09
2.140249759289442055e-02,1.037657612182420125e+05,1.096817363333690245e-09
6.593121367909993667e-03,4.702908881136394106e+06,2.138023724772454382e-07
1.539110197430136086e-02,7.608606980155446799e+05,3.049628828760302579e-08
2.271039273285148027e-02,1.641817843512693420e+06,3.091693851767148435e-07
-1.250316388918053419e-02,8.865888818320545834e+05,2.732635209152999219e-08
3.378661510718632827e-02,8.890786585142875090e+06,2.006628565594780679e-05
1.454556883098723566e-03,3.161634598880576086e+05,4.703076264005627176e-11
1.843887252309753602e-02,6.727764437052262016e+06,3.422216870449308233e-06
-9.648722193012694570e-03,1.142292263402360957e+06,2.701415117619243316e-08
7.411013127552178170e-03,1.231608423178274388e+05,1.852668495893724490e-10
-4.275985139215846692e-02,2.254426273922751658e+06,2.066529928474746899e-06
-4.060793610079195537e-03,1.458985971380380914e+06,7.805870043182451493e-09
2.932635907722371503e-03,4.626090278120416915e+05,4.093000085665425440e-10
-2.942261568792579191e-02,3.876958078688556328e+06,2.893623473636386909e-06
-1.204687909210684030e-03,1.211073669774958107e+05,4.733555548513310196e-12
-1.172010571877132911e-03,1.098651511540712789e+06,3.687060160849026839e-10
-6.473644816957543034e-03,6.705454270920874551e+06,4.190360585606870202e-07
-3.508296086223616772e-02,2.782857610429937486e+05,2.119686820007229773e-08
-1.339571997301475074e-02,8.330736091228196165e+05,2.769466553933694634e-08
5.986599795994100061e-03,2.478380323295356240e+06,4.895461150311059370e-08
3.891278213108600829e-03,5.220366689950970933e+06,9.176642969920519420e-08
-5.548466146105612146e-02,3.661249426498469547e+05,9.177021832139135615e-08
-3.838705595613607462e-03,1.498120633073389763e+05,7.354623293224978228e-11
1.415353019055418972e-02,3.310520301640997059e+05,4.882242116075505504e-09
-1.599465362391470349e-03,1.583551530794773134e+05,1.426629928054604718e-11
7.443003831056099751e-02,3.120383992526689544e+05,1.199526420810111713e-07
-2.414478669921327897e-03,3.734439088459656923e+05,1.807984725164621145e-10
1.245773678726639928e-03,1.985339198001852026e+06,1.360332225430729573e-09
4.195667233792726991e-02,1.037381269612709060e+06,4.212851274178885626e-07
-1.621239422531548392e-03,1.768610102415197063e+06,1.828334964130432713e-09
2.951513923567387898e-02,1.179418744212870806e+05,2.694777883670176535e-09
-2.924049298053272346e-03,1.994598156057351502e+06,7.564451759361059074e-09
-2.152889805201579215e-02,2.886280476030026563e+06,8.586534439711464863e-07
4.935314822574306953e-02,3.939643728752885945e+05,8.406996604698123182e-08
-6.034181488421726247e-02,2.658572876034922665e+05,5.723097253630052100e-08
1.235839255182196632e-03,1.588766562775221420e+06,8.573169390367825144e-10
-5.482878556314370495e-03,8.103796813633227721e+05,4.390273643312611503e-09
2.091843180152790169e-03,2.975724505561974831e+06,8.616699360117788322e-09
-1.155962267760118553e-02,1.620790961905525997e+06,7.806180329696694671e-08
-2.041879612299167882e-03,8.100419690816695802e+05,6.083766785953780627e-10
-2.324272467711191014e-03,1.431886659367427928e+05,2.463137248172282127e-11
-8.933145755163461599e-02,1.621151002579827793e+06,4.663940798736333697e-06
-9.689925236038950118e-02,1.110423413252053317e+06,2.574632952788895975e-06
3.179820500364196560e-03,2.041512537152289588e+05,9.371445049026599612e-11
9.095260085721362797e-02,4.131660741024739109e+06,3.140340951500436963e-05
3.023988974367565821e-03,1.210298697416830575e+06,2.978809903113554089e-09
1.798782165962195534e-02,6.888239453221349977e+06,3.414057792867821939e-06
-4.672665797286099099e-02,5.325489591930866009e+05,1.377037512497024245e-07
1.758074915670044223e-03,3.953003351495928131e+06,1.074054627219917363e-08
4.042703743583876685e-02,3.324697142468268285e+05,4.017401746607291940e-08
7.306733122051487124e-03,1.404918923808896507e+05,2.343399135160964247e-10
4.515204612878053608e-02,3.949970327467152383e+06,7.073588449194415501e-06
-2.118473499032381448e-03,2.998753020932401996e+05,8.974798746647789026e-11
1.286879111030687570e-03,7.947171170067413710e+06,2.325936679801645512e-08
-3.213992802009890508e-03,2.757602444240516052e+05,1.746828869325582882e-10
1.103493414832484691e-02,1.512823437373489607e+06,6.197452837990398381e-08
3.333379260628049900e-02,8.019000144954192219e+05,1.588938730795234326e-07
1.732509361279593180e-03,1.852205311966510781e+05,2.289953592251202091e-11
1.324648215722938529e-03,3.069092426598935854e+05,3.675515878120959838e-11
-1.648256722367195601e-02,1.248435058046509803e+05,9.416269363967894652e-10
1.149053274803354258e-03,1.085067419813913439e+05,3.456933516312911552e-12
1.119896314455229649e-02,5.511915759616674623e+05,8.473406162116280655e-09
2.093780190977604164e-02,2.570484887316157576e+06,6.441537413118439930e-07
1.291761554896765250e-03,8.863823119214218110e+06,2.915440097056895316e-08
3.512386948806553878e-03,3.391013580896995962e+06,3.154721446504934445e-08
5.269109038966928761e-03,1.751260787827873428e+05,1.893534705902174302e-10
1.165231678540164890e-03,2.065641215021344600e+06,1.288343282218141527e-09
1.416887195922096263e-02,3.810408506014013547e+05,6.482027629308324589e-09
2.206097668650654989e-03,5.865746456462506903e+05,3.723859575893592638e-10
-1.401567815713596933e-02,7.914191406361042755e+05,2.736141681394917000e-08
-7.156808362194586048e-02,4.923701945790710859e+06,2.761337796657745421e-05
-1.890682659655358241e-02,3.308129599734768271e+06,8.699605578496270897e-07
9.081556854918965138e-02,6.194755130086106248e+06,7.038273691306617692e-05
1.042424402098089545e-03,1.355468525661355583e+06,4.439818986954151337e-10
-1.736391720709591288e-02,4.998569188691877644e+05,1.675267174918227732e-08
4.887245648020761314e-03,4.104515805170066189e+06,8.948483719060896355e-08
1.197408155719356312e-02,1.005494328376460937e+06,3.223598349271039274e-08
-8.007644282922877360e-03,5.617361183359044604e+06,4.499574982898360037e-07
2.205600424717439265e-02,1.973963110330898780e+06,4.215304852746694408e-07
-5.449277291699654649e-03,7.112962415086734109e+05,3.340997065559903251e-09
-1.515909029315267754e-02,5.885466656711267307e+06,1.770130712303641219e-06
1.455263589431945786e-03,1.848327861251850147e+06,1.608935363975013164e-09
-3.293781018020629225e-03,3.210639776644456666e+06,2.486966063367238665e-08
-4.200863537798683184e-03,1.264168317424844718e+06,6.271684490667916439e-09
1.835777184811611742e-02,5.987074301800408866e+05,2.686374043743310720e-08
-3.220067618360402534e-02,5.598569664938237984e+05,7.227388609543333530e-08
1.801333912036895673e-03,1.060824874521023128e+06,8.120318992650721764e-10
-4.934327893870184105e-03,2.761739171896968968e+06,4.129700741458551181e-08
-4.555066063349680512e-03,1.262916879238488618e+05,7.359293881090017712e-11
-4.077387875716342175e-02,7.409961466628580820e+05,2.029986753644099744e-07
-1.250725729652957686e-03,7.507671768844793551e+06,1.960794018019896381e-08
-6.600375916928874313e-03,6.631141368876942433e+05,4.260015368779237123e-09
-1.595180058938002604e-02,1.343323294881706242e+05,1.021122313463644112e-09
-1.211008534242159155e-03,1.043134541009991081e+06,3.548724710092492975e-10
-1.611283455625220698e-02,3.154379459829203319e+06,5.744722018245998340e-07
4.804924502019106147e-02,9.635882162491577910e+05,4.767089959080754807e-07
2.476842149029065063e-03,1.448567710458407411e+06,2.862671472495640029e-09
3.053948271898390340e-02,2.703942781061973656e+05,1.516406362892394483e-08
-8.471839744795381724e-03,3.070510639184355969e+05,1.504783177684362416e-09
-5.732677774651102898e-02,1.404069378138532338e+05,1.440752722266145549e-08
-2.567111037082215816e-02,3.247961684795110952e+06,1.545995954252943984e-06
4.555139579641174184e-03,1.943058068676270079e+06,1.742096421146585765e-08
6.191688122287586186e-03,7.018443318982995115e+05,4.199494236683515089e-09
2.214518904601100145e-03,8.062264318560346961e+06,7.088757162570261423e-08
6.105469160836302263e-03,9.981837159288075054e+05,8.259548270614634514e-09
8.476464453990717809e-03,1.298129583678126801e+06,2.692544164351417002e-08
-3.237966799476430652e-02,1.932053046292784566e+05,8.703223285110946129e-09
1.395063867948819446e-02,9.492884946928555146e+05,3.900154993687574601e-08
1.194306207130915298e-03,3.036431544223961886e+06,2.924526886403659854e-09
-1.788473468333870095e-02,3.729892695695175207e+05,9.895891613875746254e-09
3.104158644708115544e-03,8.203608643724155612e+06,1.442098535886593789e-07
-1.671979807057259217e-03,2.098544049939541728e+05,2.737760707463039813e-11
1.396087532440643507e-02,9.055685413054684177e+06,3.554391012262670652e-06
-1.232021884122599421e-02,8.171087523444798775e+06,2.253688142179998832e-06
1.340624163008953236e-03,2.504106568245248403e+06,2.506207069370277067e-09
-3.305206765447783052e-02,5.276273454475392355e+05,6.763151374746687127e-08
2.569317543899453035e-03,1.456894448918908136e+06,3.115939325193178196e-09
-3.088530743355165972e-03,1.442916213617081754e+06,4.416551864442751530e-09
-1.582778039323450708e-03,5.421370676461390220e+06,1.637402643110058157e-08
-1.353522135782544945e-03,4.862313506924426183e+06,9.631942707420527845e-09
3.964991212467191412e-02,1.406485051760732604e+05,6.915951681231635045e-09
-1.095972801367877400e-03,4.682451438313616090e+05,5.856570389528031682e-11
9.876529048080199755e-03,5.734867860799629241e+06,7.134323078170589997e-07
-1.823752467232685887e-02,7.857863253197596641e+05,4.567073161582031852e-08
-6.076396493981987661e-03,1.203290915283496957e+06,1.188860054654203829e-08
-2.683597171656285779e-03,4.611559438856335357e+06,3.405865730895438802e-08
3.622156193584021716e-02,1.982637584506096318e+06,1.146880761922284166e-06
-2.594986558887844071e-03,6.447435665848548524e+06,6.225030885911091956e-08
-1.175793097368192349e-03,3.508367073716819868e+05,3.784156734743048335e-11
6.006560472884290951e-03,4.704991407584800618e+05,1.776096782098163502e-09
-1.816712600947520536e-03,1.898926217923700344e+06,2.646585257404554603e-09
3.308519547185571896e-02,1.428917249322276562e+06,4.970256683739420770e-07
-6.699527512315802888e-03,6.611623388177149929e+06,4.363166789372808653e-07
5.433859530970057937e-03,1.236704880178649677e+06,1.004260114488350616e-08
2.251061261219517579e-02,3.235391847470915411e+06,1.179575252768565628e-06
4.235506665908848889e-03,3.249506591406811029e+06,4.212528325503304014e-08
2.332245124958642196e-02,1.450930443109561165e+05,2.546471527048253328e-09
2.530452401638137987e-03,2.619873277409341652e+06,9.773591109688581945e-09
-4.259134817700021766e-03,3.792376998310076888e+05,5.801803728811557388e-10
-6.879298936157663379e-03,7.447898999147478491e+06,5.837853219556833812e-07
4.676772640980828358e-03,1.190744968174008245e+05,6.896476731013301020e-11
-1.836621754820618596e-02,2.246143473201023298e+05,3.784527680072319537e-09
-1.775746756633929391e-02,1.068113385434347438e+06,8.000074400705491156e-08
1.009921949533140392e-02,1.698639001377851935e+06,6.544478657813510461e-08
-2.292585837124263420e-02,1.341412780918361619e+06,2.103164975303899740e-07
-1.031827701196337673e-03,4.087098202603703248e+05,3.954956966262072483e-11
-1.670450421917357708e-02,3.466842300678709056e+06,7.458175618106587957e-07
-4.882329747578882835e-03,1.082582046971834498e+05,6.212595926979835626e-11
-1.988000771125730121e-02,2.059273941399747273e+05,3.726993155947359474e-09
2.485815925938207951e-02,6.173342078748486005e+06,5.236919141656272313e-06
2.493056855572092344e-03,2.312239218340782449e+06,7.389705697536611455e-09
2.447016824240483626e-02,1.464788939504147740e+06,2.857072526830788342e-07
1.356051628428458188e-03,2.290442921276735724e+05,2.145303032006981423e-11
-1.589518953691231289e-03,2.341397916577622294e+06,3.080201495677522871e-09
-7.622213398575479470e-02,2.612841594782160537e+05,8.820345960743997347e-08
-1.498856705847832066e-02,3.091324627478386392e+05,4.774267059501676651e-09
1.911000842811191869e-02,9.520074173202591483e+05,7.360370429378173118e-08
7.725733263257619950e-03,1.848873087984848302e+06,4.537230803220980737e-08
8.714357368728430087e-02,1.377417146567444433e+05,3.204047548269131060e-08
3.095834382830272256e-03,6.437881722133559175e+06,8.833619246493446504e-08
-5.713649668832089870e-03,2.201110854738507769e+05,3.517290976782764431e-10
1.471981005109510542e-02,3.968120489560092101e+05,7.587022352703811939e-09
4.897495318214195419e-03,1.469599992685012694e+05,1.151976425937694589e-10
-4.949109881564255770e-02,8.548819130461090244e+05,3.980738969796516929e-07
-8.244404676659410069e-02,1.053502336973224999e+06,1.677593980453819515e-06
-3.643898811177959107e-02,4.399225349045741605e+05,5.714553271078812520e-08
-5.591286828567697959e-02,3.983585198660231661e+06,1.103237496707210364e-05
1.231843977240664953e-02,3.681139125346682500e+06,4.572704347040135025e-07
-6.373103533816182331e-02,1.246437554621515796e+06,1.403266797115251875e-06
-2.983496031327875775e-02,2.622463526112848776e+05,1.361341527217740380e-08
2.876092069944419412e-03,8.125147111235491466e+05,1.214409862606242359e-09
5.104476315568931555e-02,1.254116737246929115e+05,9.113297847537870531e-09
3.012742605579850005e-02,4.872293215544942766e+06,4.791683690161348899e-06
7.109968801092157731e-02,4.149866100109783001e+05,1.935979741603416387e-07
1.047767858598725550e-03,7.348884570943488507e+05,1.318469980865216457e-10
2.834569606240074958e-03,1.965166829825860914e+05,6.900337815378444915e-11
-4.563509645047652760e-03,1.439036996409465210e+05,9.590452856872630103e-11
-2.267747404653864401e-02,1.502102730559291318e+06,2.580393141161040761e-07
-1.739513692288632493e-02,6.552176270081028342e+06,2.888844056440710311e-06
4.616755577152727857e-02,2.006014177615884924e+06,1.907387849208511574e-06
3.533947234168707818e-02,2.496545295327535830e+06,1.730996827140048910e-06
-4.712908772231536557e-03,1.372132265522304224e+05,9.299664277138967352e-11
1.782157689879172724e-02,8.323302751681328751e+06,4.893063953817894804e-06
1.476463809292279106e-02,8.396211705183476442e+05,3.417508659982252453e-08
-1.273986552894621621e-02,2.576783537770186085e+06,2.396529685855758712e-07
-1.033725885500486616e-03,1.127633759582184721e+06,3.021650099803776767e-10
6.849981989438154451e-02,2.897291313869731966e+05,8.759119239304221503e-08
3.548628918311552086e-03,1.045160038261640584e+05,3.059031981203661361e-11
-1.452906107486117218e-02,6.079418447054550983e+06,1.734987791534888158e-06
-4.059872583342978916e-03,2.323323165719559416e+06,1.978523912248012531e-08
-1.364507638170085746e-02,4.270261828249893151e+06,7.550195572595065179e-07
-4.762621231298384827e-02,5.676570523533452069e+05,1.625404333585627387e-07
-3.178198740193576705e-02,3.901989994776588865e+06,3.420043703439937164e-06
-9.815423478510351338e-03,3.769599053661725484e+05,3.044427619223861547e-09
6.315377638500491685e-03,8.457873874034668552e+05,6.344805446125104608e-09
2.432812562704490464e-02,4.922443197855776525e+05,3.189157564912042893e-08
-1.678828999580685849e-02,1.530401473262037034e+05,1.467982659916105472e-09
8.326674262974786966e-03,4.813584606486287666e+05,3.572544283673713197e-09
1.444104933912020291e-03,1.855657829107033031e+05,1.596947175584500160e-11
-3.091100906595779622e-03,1.545018144920907682e+06,5.072134762957684004e-09
6.723787625508310939e-02,7.249040365249011666e+05,5.283068743010266553e-07
2.314451851262357140e-02,5.779711262448609807e+06,3.979292258100674774e-06
-1.000788122645180321e-03,3.033819943600157276e+05,2.050034356354112424e-11
2.171699376242701516e-03,1.322617317017987603e+06,1.834700050664732368e-09
1.952449826762558353e-03,7.672781506556410342e+06,4.990713942215130082e-08
1.695486473437937680e-03,1.126961910512630595e+06,8.119034462726229564e-10
4.722826853443304156e-03,1.608330676211158978e+06,1.283074841034572006e-08
7.250672157884403835e-02,5.895431568163814023e+06,4.063357120163159613e-05
-8.292087962176579799e-03,1.225625280497662956e+06,2.296891455448031175e-08
5.900054700921701645e-02,1.828739131269032368e+05,2.588885497873748235e-08
6.265047825701584513e-03,1.019617470904202346e+05,9.074455359761829494e-11
1.567597354012239229e-03,4.656970524715870619e+06,1.185149867595651140e-08
1.753402446730715353e-02,1.891086341065142071e+06,2.445024316212838732e-07
6.278533902989397175e-02,1.046130732467857306e+05,9.593689518764618699e-09
2.251827152025819359e-02,1.191336002875893464e+05,1.600427063029923042e-09
2.265476652394605560e-03,2.073215406281520147e+06,4.905748581885500121e-09
-6.644226143950210731e-03,2.237668132966835401e+05,4.915609966461678906e-10
4.768613941673051360e-02,4.516075061550985556e+05,1.031344797652046207e-07
-2.075333165133887853e-03,6.420756608282726957e+05,3.948619793408836175e-10
-9.537087067711343125e-03,2.512550815144595224e+06,1.276904605337692218e-07
-4.963031234915892681e-02,8.706068258596225642e+05,4.151790234892341525e-07
9.544841838714977766e-03,7.936065008214948466e+05,1.275983788364958841e-08
2.618266540859712568e-02,2.031391391323970456e+05,6.290891248424943023e-09
-1.618157766917513452e-02,1.821411464769104030e+06,1.931768617733304486e-07
4.321045802164897448e-02,2.843255862009864300e+06,3.356656314600464315e-06
9.148707083144075672e-03,3.218764263041141909e+06,1.928390742585016186e-07
1.089317811817376363e-03,2.992075854515630286e+06,2.362390347304334866e-09
1.840181488354839835e-03,1.366939094877311145e+05,1.407073859495081793e-11
-1.824542953248766905e-02,3.172968546180976555e+05,7.453100342579631089e-09
1.938242214529363634e-03,7.462944090958962217e+06,4.653007183870414496e-08
-5.411576602413208786e-02,5.568744221000535414e+06,2.019572333822572432e-05
-1.991856872566337509e-03,8.246879756607994437e+06,6.000574500421047130e-08
1.481987924377295776e-02,4.927133791757757775e+06,1.185701286064043251e-06
-2.643395451760392756e-02,9.437911279499055818e+06,1.384118611016421464e-05
-2.190491743442999489e-02,2.478108504617935047e+06,6.552712713735124878e-07
-6.056237973461069818e-02,1.685092303162435419e+05,2.316063723455409521e-08
-1.465920169211647845e-03,2.807048091177523020e+05,3.765456174332410200e-11
4.455131192590468941e-03,3.221873870390185621e+05,4.581791421975702253e-10
-8.824306933800587713e-03,1.472278630353040528e+06,3.753517791904947360e-08
4.083285735299815866e-02,5.720359558989956276e+05,1.213286733484134957e-07
-2.650482380051002833e-03,3.281197204490590841e+06,1.681944879895120187e-08
-1.786612122796332270e-03,8.165759176774372347e+06,4.733157309633259002e-08
2.768860415337520003e-02,2.208579373507102020e+06,8.316209074710057325e-07
5.116959381536128997e-03,9.082248482807539403e+06,4.802948710404895603e-07
-3.128491114455734384e-02,5.452276302093547769e+06,6.470276119586381424e-06
1.322054626044462389e-02,2.228776271980838792e+05,1.930763151930512403e-09
-6.820678490967981011e-02,1.117197673543774290e+05,1.291256298110891291e-08
1.363098320030831263e-02,2.906578113394219428e+06,3.490724816655496152e-07
1.223742912993108778e-02,3.311749918317769188e+05,3.652520805644117980e-09
3.515350215577078136e-02,5.006533491781963035e+06,6.888246781335777988e-06
3.251640252357210735e-03,4.376839260241991724e+05,4.504259751897060916e-10
-2.136035179299878000e-03,6.150531216793797212e+05,3.838303452665704745e-10
-2.135213536063346011e-03,3.400376104789838428e+05,1.172286570194483463e-10
-6.880109458182778748e-02,4.861603910152747994e+05,2.487981181068232492e-07
-5.306652721194772548e-03,5.168951774989263504e+05,1.673183395115188553e-09
-3.317718021518075572e-02,2.409043732926989440e+06,1.420579562678138368e-06
-5.638243864279317633e-03,6.731955333916132804e+05,3.203814879311550964e-09
-3.712008023501051079e-02,2.263804131041794317e+05,1.570336622720993353e-08
2.365260368947440933e-02,4.331340106765623204e+05,2.333993994867812478e-08
2.901110551717054568e-03,1.002328012432307820e+06,1.880379654889620489e-09
-1.733973012711984701e-02,1.018856952824624139e+06,6.940781060584184500e-08
9.353572882334742697e-03,1.173377030339681660e+05,2.678721012253050958e-10
-7.020228871438200999e-03,7.851743959074943326e+06,6.756659772215334000e-07
1.681960351184158282e-03,1.738987920390579384e+06,1.902487837100205046e-09
-9.564614702165508825e-03,4.682852733993187547e+06,4.461215584273872694e-07
-1.212327973752567317e-02,3.057053951110945549e+06,3.054525181023931022e-07
-1.056596371030281770e-02,1.428664314160456648e+06,5.067291331131111951e-08
1.751049755139021807e-03,8.223711394991744310e+05,4.611369734441707606e-10
1.948033488275005554e-03,4.078383329332919791e+06,1.403673733906797280e-08
2.330922334786241727e-03,3.664745524528038222e+06,1.622708471112104548e-08
-4.422301575456919973e-03,1.171443002081994899e+06,5.968102679594404440e-09
1.337964903326286682e-02,2.038898965267787222e+06,1.654924190830824129e-07
1.185712665578357626e-03,2.978574178817413747e+06,2.773786365074489716e-09
-1.778818495244360171e-02,1.230323451240505325e+06,1.065121442114085452e-07
-2.533838564125918957e-02,2.026462430100373691e+06,5.863166763388611796e-07
4.516051954350949749e-02,6.374964637228188105e+06,1.843192394271022982e-05
-2.391879358250925420e-03,1.127488999177905644e+05,1.617336614984885251e-11
-9.880909061204784516e-03,1.008097010379496060e+05,2.206458221607205344e-10
-1.767830700035081040e-02,7.445834952444018796e+06,3.853056736537316388e-06
6.488731137237832396e-03,5.232707671225870727e+05,2.563715067310594782e-09
-1.818737004628109269e-03,1.281096521034149919e+06,1.207259858398181311e-09
1.204245001051942876e-03,7.834581868593807332e+06,1.979514107240747811e-08
-1.261298793590787809e-02,8.467844154000811279e+06,2.536757330944991052e-06
1.792326304275577292e-03,1.906884618384510104e+05,2.597647629786577252e-11
3.306131764979966872e-03,8.890641354497689754e+06,1.921337899912338684e-07
-5.679498106595793662e-03,4.072253966128629982e+05,1.189561441743769915e-09
1.234826896239208174e-02,5.342987342921522446e+06,9.680052264312236172e-07
7.546318666297439914e-02,1.053942878288835753e+06,1.406700620297387275e-06
-1.274715789747926306e-02,4.474018228279283270e+06,7.233016897231193433e-07
3.333136330139889383e-03,1.129764610341799213e+06,3.153401994284730910e-09
-4.806105306627483573e-03,4.084653683201595675e+06,8.570265909217637891e-08
9.449466307125443248e-03,2.323014937950854190e+06,1.071558331148318859e-07
-1.528195948194304961e-03,3.315976597096038167e+05,5.710554120961303599e-11
1.443319114135097232e-02,6.624798166078193113e+06,2.033139975477527869e-06
1.672174810933191053e-03,4.562568726664726273e+05,1.294432604054781354e-10
-5.850906188987992085e-02,4.976764282809132710e+06,1.885548306595417585e-05
-2.629132171314011585e-02,1.862436735026007984e+06,5.331938698621147174e-07
-1.842785725981474151e-03,3.636254517654531635e+06,9.985170323837596031e-09
2.021349027581293561e-02,1.562386953708150540e+05,2.217977202514706986e-09
2.867094502833638509e-02,5.501198729800895089e+05,5.532175317426532397e-08
-4.831271182917759761e-03,7.677815978274886496e+06,3.059817181026177530e-07
2.634081635882414354e-03,4.204842009282556362e+06,2.728067278728987639e-08
-1.576975165753034813e-02,1.900329392877274367e+05,1.997122617919964098e-09
2.052929322446247432e-03,3.636875585585526191e+06,1.239658707250786239e-08
-6.361602923168870397e-03,1.062663921358786756e+05,1.016300732173390425e-10
1.094381569607870159e-03,4.613223544027102180e+06,5.668182059995714210e-09
3.688765243526672885e-03,5.071904442503862665e+05,7.783974599756598768e-10
-6.603276069473512644e-02,4.575075712725475896e+05,2.029610639698328494e-07
3.025617721365831195e-03,2.160381670228743926e+06,9.501372144515397665e-09
-7.093512897809690909e-02,6.669619174448153004e+06,4.977623567714409313e-05
-2.271295501526347793e-03,1.034207199350672774e+06,1.227042613212357955e-09
1.042868834594225420e-02,6.659882962298915721e+06,1.072728509657527208e-06
5.683879414554904308e-02,2.970662550575574278e+05,6.340063454108748778e-08
-8.904894685900140161e-02,1.562283849701315397e+06,4.304024275662773495e-06
-2.352701089018096724e-03,8.325203911543781869e+05,8.531404167026394154e-10
9.491326197397235293e-03,3.966188941785034258e+05,3.151358765333687081e-09
-2.015164100196171343e-02,2.800136103757407982e+06,7.080702837114306299e-07
1.875174032492338619e-02,6.043963243526105769e+06,2.856432988295126292e-06
-1.281330493623057676e-02,2.413484487268327794e+05,2.126711588297584793e-09
-2.863911149544956080e-03,6.754447161213150248e+06,8.321391370952296693e-08
4.730207385054250452e-02,1.494240095810935018e+05,1.110959906388641890e-08
1.514398498936636757e-02,3.017238015371055808e+05,4.642979149069316516e-09
4.663153123175432790e-02,5.021791135467136046e+05,1.219477790019553956e-07
-5.692635918935864611e-03,2.016185653898535995e+06,2.929443379881805166e-08
5.296858555216376989e-03,8.418612180450594053e+06,4.421962029220907761e-07
-1.146153263522027566e-03,3.923484626509597874e+05,4.497037940760751560e-11
7.282823466446396166e-02,1.027176746121515753e+06,1.244477859024397248e-06
7.886911500434450051e-02,1.076632443731980020e+05,1.603415625411263698e-08
1.621930916785736115e-02,6.929542708358808421e+06,2.809125270336750974e-06
6.793856464300542485e-03,6.499622523308795877e+06,4.336169544439162062e-07
-1.327306835554237013e-03,1.986800463312265230e+06,1.546494634857451935e-09
2.327606956662505236e-02,1.341437359253880277e+05,2.167990317403648652e-09
1.584912452573082478e-03,7.131072945431840606e+06,2.840648931732360240e-08
-9.559226756232077488e-03,1.071700305338510516e+05,2.333938923188477329e-10
1.987743387454446800e-02,1.622548199955427321e+06,2.313199550184152159e-07
6.198550610852133352e-02,5.798261010718161240e+06,2.872586243396014753e-05
-2.933360147621129170e-03,1.251112646378495119e+05,2.995165697752679918e-11
-1.785075341062319562e-02,1.772452639613178326e+05,2.226176690091912379e-09
5.378231189556444136e-03,6.567481465051556006e+05,2.774430792696823767e-09
4.653250789158534795e-03,4.733138802237085998e+06,1.078719801833240769e-07
2.454956246930956043e-03,3.143702705155967851e+05,1.324547998834362646e-10
-1.128548138513664999e-02,1.576950428698041360e+05,7.043256602697325225e-10
1.785746662513202840e-02,5.710608153972006403e+06,2.312606100519466878e-06
3.607316023569767400e-03,4.137139812206573319e+06,4.952973770152555754e-08
7.822218807053344866e-03,3.891757488467385992e+05,2.060861045104792469e-09
-8.894455868108429308e-02,1.005033630061638076e+06,1.777040018451971906e-06
-1.770610643136418189e-03,3.362174693774363841e+05,7.881047433278930012e-11
-2.742763571072468279e-02,2.765508416690888815e+06,1.279451903717033407e-06
6.600524614306899074e-02,7.386808141798222205e+05,5.286494671280956125e-07
-1.910431995003406339e-02,9.568790258671895135e+05,7.431465855446352308e-08
7.271529787570522874e-02,1.243448612739503151e+06,1.818044502834357382e-06
-5.551709789760712714e-03,2.926585951245026081e+05,5.870476162367271214e-10
-5.653355027126024529e-02,1.120008360534058011e+05,8.915635382674026902e-09
-1.179235952478668165e-02,1.696270273568687961e+06,8.897925722706278355e-08
7.543898779872604266e-03,5.980583145577700343e+05,4.526640668401448527e-09
6.403866051047671371e-02,1.194806094398020767e+06,1.301896883334302517e-06
-5.481669576727304233e-02,5.637335196308849379e+06,2.123590018362324575e-05
7.944920995610584707e-03,9.684652441923812730e+05,1.316571639184778847e-08
8.201304108923682112e-02,1.597205549046935048e+06,3.815792089774208819e-06
2.600546665300884977e-02,4.165161232458467130e+06,2.609096776334342845e-06
8.769123544034664736e-03,4.721458879317618906e+06,3.812080395040087346e-07
-1.548060182423305169e-02,7.689421896461834200e+06,3.151086399391111212e-06
-4.888925895926848897e-02,1.653798479721970507e+05,1.453748689307035342e-08
-4.586142137357678700e-02,1.938163463500637154e+05,1.757005319928778914e-08
-2.009757997609183319e-02,8.953385427547295112e+05,7.200445086778919045e-08
-2.089633823640031206e-03,7.157928098201843677e+05,4.975220029907550199e-10
3.289596609414222744e-02,1.260957072603927227e+05,3.826336363019788428e-09
1.007010959921405234e-02,7.597716267794939689e+06,1.301762591496463699e-06
1.115247368606725811e-02,4.569318592789668473e+05,5.774874425483953286e-09
8.339612282652088260e-02,5.613965868197560310e+06,4.874482402363593963e-05
-7.992592439055398734e-02,1.226893713260670775e+05,2.138387801818408570e-08
8.249902706994850787e-02,6.726120975229263306e+06,6.847377203316610866e-05
2.209642261152457675e-03,3.842059117356140050e+05,1.602762865237358958e-10
-4.078780841344344793e-02,1.496029024803953071e+05,8.280146690558619191e-09
-7.469357516133739300e-03,3.544064077632448752e+05,1.558356711467629968e-09
-3.170759758551811025e-02,3.953336417907276191e+06,3.494229873228746950e-06
7.014742637080435828e-02,4.526226068857712671e+05,2.241781172868421075e-07
1.977564964899300014e-03,2.682599894937830511e+06,6.258504599897284089e-09
2.075961546412974194e-03,2.753342886202201480e+05,7.265348627096476045e-11
-5.011288673576460434e-02,7.032245791025722865e+05,2.761748811423870737e-07
-7.459328380455717590e-03,7.191419150557108223e+05,6.399203302093478538e-09
-5.766524802766613556e-02,1.013173346415697160e+05,7.590896880098059445e-09
-1.110335093350118055e-03,1.241778652252073633e+06,4.227598764064082608e-10
-3.410151998617341057e-02,5.380280259706010111e+06,7.486080999642592646e-06
-6.930971530461757513e-02,1.495318213684215210e+06,2.388651144306258644e-06
-2.500826392886160068e-03,1.945154399896546965e+05,5.262262379393419810e-11
-1.717344708550917060e-02,1.911422815786557738e+06,2.396214734967511216e-07
1.515355116586612934e-02,1.483784606909311842e+05,1.124262726747594451e-09
3.492060198417845651e-02,1.722199959622021124e+05,8.043181026829160875e-09
1.286898941867432216e-03,3.964792470458016032e+05,5.789313367010766634e-11
1.257540052270088348e-03,4.397360997073211474e+05,6.800254129034176273e-11
-3.210246040918721469e-03,2.737976825487747556e+05,1.718040606774445155e-10
-2.089217002171013526e-02,1.939422789902583929e+06,3.650979065733627242e-07
-2.788890280659012469e-02,1.271557313458263874e+06,2.796610527938380162e-07
-4.622054091989584793e-03,1.194686802276620176e+06,6.780714049690935850e-09
-4.085273987940236939e-02,7.370202319471368566e+06,2.016036764788636427e-05
3.613283972245280064e-03,4.400981335627369583e+06,5.623419638436536881e-08
8.672300096761385857e-02,9.907851154884492280e+05,1.641817170353299055e-06
1.110066973585042494e-03,2.251473268435250502e+06,1.389086223456526311e-09
2.500626008825771861e-03,7.097417928009839961e+05,7.004796078544967338e-10
2.159428747894071715e-02,3.380828871033935808e+06,1.185281169426009174e-06
-1.868229147050431624e-03,1.241162751148151438e+05,1.195680107865177210e-11
-5.189312674839320627e-02,2.509856906006542849e+05,3.772374953920310552e-08
5.528300799271245597e-02,1.893238497355745640e+05,2.436078253464929293e-08
-2.782169107762989639e-03,2.544444690885221644e+05,1.114423671892766129e-10
9.042274417358884750e-03,5.135293099096753285e+05,4.794939025178958962e-09
3.493217545052662576e-03,1.634889279760727426e+06,7.253125770260716298e-09
-1.938913465592394941e-02,2.019603396650280047e+05,3.409936479113947236e-09
8.023232115121179883e-03,1.224472843909086369e+05,2.146319046990655612e-10
-2.414146148276517106e-02,7.884311281671655364e+06,8.056601656128532324e-06
1.184378632892708373e-02,2.632114088040526025e+06,2.161164362502993156e-07
-4.554111073838159121e-03,5.989813379580633482e+05,1.654744976032746937e-09
-4.421429801568199126e-03,4.723892268528710702e+05,9.701138126853050509e-10
1.112320529700930446e-03,1.284323700191388140e+06,4.538435315837117957e-10
7.768551965110703783e-02,5.077709554289127700e+06,3.460294893767337202e-05
7.611042230158666932e-02,5.346934465282333549e+05,3.682945024713935255e-07
-1.874640898669459928e-03,8.688261404853818938e+06,5.899282368830069090e-08
2.649874680313443146e-03,1.276760765383376274e+06,2.545464111427010969e-09
1.087384708979108848e-02,4.950318033450875431e+06,6.443619629361115949e-07
3.184477951001343093e-02,2.406506417420331854e+05,1.306013876062954504e-08
1.700941221716277194e-02,8.922500394401473459e+05,5.122111341094011769e-08
-3.979093027768661889e-02,1.520086867419870978e+05,8.135837204102486865e-09
-2.645258608289424371e-02,1.670565269513638690e+06,4.342705911267318619e-07
-1.321449499308884317e-03,1.094987550764285697e+05,4.656040562204623761e-12
-9.344033888598885298e-03,2.508993265254901256e+06,1.222264086946165911e-07
1.528956765608806972e-03,1.967476935256155673e+06,2.012365949501060890e-09
1.609518766195761237e-03,2.725361200544549502e+05,4.278952619002396226e-11
-1.169946945152396979e-02,6.139670398455489194e+05,1.147412826308106669e-08
2.732597573536268195e-03,1.239151840635288827e+05,2.549750348713144373e-11
3.594523147321886797e-02,3.755610355454275850e+05,4.052666584707960548e-08
2.114162410248426188e-02,8.386538903301035753e+05,6.991002798158665945e-08
-3.217692387774819494e-03,1.320355525127871952e+05,4.013914070439837272e-11
-1.161183506377160132e-03,1.275450820466409059e+05,4.877827101600636863e-12
2.453157823737844075e-03,5.463371772339742631e+06,3.994567260724879283e-08
-3.506024108961186374e-03,1.588614312426272547e+06,6.898648045772940552e-09
1.170355404227276137e-02,8.541416856728870422e+06,2.222248469501737891e-06
3.236606779414296937e-03,4.409597080676875077e+06,4.529757431616226345e-08
3.223908719590559170e-03,6.967154901844400447e+05,1.121950398097769722e-09
-1.082853620768499739e-02,2.291355715628135018e+06,1.369057810565294121e-07
2.226177363191766349e-03,5.059925011146122706e+05,2.821661654677698054e-10
5.888646646256837092e-02,1.470844025417167286e+05,1.668251337300484321e-08
-4.001184858888264841e-03,1.834551753773645731e+06,1.198214083366118982e-08
9.258006253579018074e-03,3.753458485037785722e+05,2.685316148669908879e-09
-3.035822259257301564e-02,1.100968427937265806e+05,2.484274963382547403e-09
5.976769733910914512e-03,1.947765819173502270e+06,3.013726100190838603e-08
-2.087220488481947300e-02,3.845817696928607300e+06,1.432884867034079024e-06
-2.466043990442978728e-03,1.573409374675863190e+06,3.347976156201312116e-09
-1.414204953124772665e-02,6.049649244457803434e+05,1.627729928946327597e-08
-2.928354526814849756e-03,2.282371432383292995e+05,9.933841002733802460e-11
2.712167899464385055e-03,6.759058241235421738e+05,7.473134019802255381e-10
-8.333591087615506432e-02,8.050999215108754579e+05,1.001062499013896056e-06
1.559173569278457863e-02,2.767848738513040356e+06,4.141626050588226504e-07
-2.556759898403113650e-03,1.313869824884506175e+06,2.509468909303451807e-09
2.811664937275929789e-03,7.442859964373389259e+06,9.738769265740391540e-08
-7.410784374426693244e-02,1.053411985642510466e+06,1.355258424513945633e-06
-1.633038998764040073e-03,2.224773656069719233e+06,2.935364446747221281e-09
2.901389596806972209e-03,5.820449650150047615e+06,6.341944293731168639e-08
5.823353279148631850e-02,3.653746692469535396e+06,1.006747121435961942e-05
1.998034704958279346e-03,9.514975959007278085e+06,8.037457620903312063e-08
-2.753155813328507506e-02,1.606259495172505733e+06,4.349008413966036859e-07
-7.261283259563759696e-03,2.124311473556734563e+05,5.291275780581925667e-10
-4.497079247492654155e-03,1.468494521766626858e+05,9.698464790805723872e-11
2.346524795319205898e-03,1.621326556058065733e+06,3.218759574196017696e-09
-8.659914481797729643e-03,1.411357837599907769e+06,3.321993174280113275e-08
-1.077229988795483720e-03,1.056516518775412114e+06,2.880492204145496729e-10
-1.684327045597944477e-03,4.042732923893927364e+05,1.031098601391183921e-10
-1.452827111274430927e-02,1.345105144409985805e+05,8.492539766146064742e-10
2.495319782041045820e-02,5.698545550024126424e+05,4.496532302861494979e-08
-2.974240563369747077e-03,7.903399046888010344e+05,1.228788832321588281e-09
5.982504591223331177e-03,4.497189233296187595e+06,1.609702639400119847e-07
-2.571948348544147219e-03,3.602477932840564288e+06,1.909081169956797338e-08
-5.947248864833748483e-03,6.682650281214689603e+05,3.512585812156639266e-09
-5.822938780087894180e-03,5.957885556439830689e+05,2.676492385601133558e-09
2.064308414850037771e-02,1.597612483790926344e+05,2.418740670635309194e-09
-1.894185901805296507e-03,2.494029434538296890e+06,4.963015136117776225e-09
-7.144731825444574323e-03,5.432021279660887085e+06,3.349593001114870902e-07
-4.613484938894915968e-03,2.069541745037921472e+06,2.027233838864405078e-08
2.125864689451918612e-03,1.009790535545892053e+05,1.024781033581425753e-11
-3.494913170225003030e-03,1.445403359723621048e+06,5.674768520244052053e-09
-1.747833345157539728e-02,3.361976079948891886e+06,7.678679304880952332e-07
-6.919963852885119629e-03,7.464983440444107400e+05,5.934205743893063484e-09
1.338440696762791329e-02,2.419089321831637935e+05,2.331306239795545859e-09
-1.074776878884004666e-02,4.724506282938809018e+05,5.733855479690499636e-09
-2.470037499157792110e-02,7.867841125604958506e+05,8.398766495206099226e-08
-2.869610900698140073e-03,1.430360411926448869e+05,3.746573358957205733e-11
-1.373764733027691906e-02,9.737989114516293630e+05,3.979793571066439406e-08
1.979342120353578486e-03,3.476128440724619664e+06,1.052763001280340548e-08
-1.324522969395526160e-03,3.288162228563710116e+06,4.218156718152354903e-09
3.507328193790576476e-02,5.386310206802384928e+06,7.936568816427673627e-06
1.243927520538910814e-02,1.397208132201418921e+05,6.717529964527513414e-10
-7.921512945329707220e-03,2.617970689161193441e+05,9.564077414811815258e-10
2.157968040465378136e-03,2.028583981225887255e+05,4.261605565581044618e-11
1.253179223578132669e-03,1.497577777354461374e+06,7.832535944011893212e-10
-2.694880842938972287e-02,2.431769833496230189e+06,9.550394646921484948e-07
-1.272453286704669333e-03,3.336196454824332148e+06,4.007598258417905615e-09
-3.123240589282604701e-03,3.631549252935756813e+05,2.860829714085447098e-10
2.222732124892189739e-03,4.622483312888126238e+05,2.347589764277137455e-10
7.729209357671944919e-03,1.340276989920242224e+06,2.386472947864643547e-08
-3.756594121854337637e-02,6.279262649630646920e+05,1.237380016667852589e-07
-6.822862570868271775e-03,2.430269844483070076e+06,6.114197932555920018e-08
1.220508346970156088e-02,5.256185587912513874e+05,9.152087011707387741e-09
9.665281993495583937e-03,1.505349627160083037e+05,4.707616411031614637e-10
1.313066367016342767e-03,5.382995553494825959e+06,1.111011738370136813e-08
-1.802472974536791644e-02,6.341261131709957263e+05,2.905266989570896531e-08
8.942565227863616406e-03,3.847159880114519503e+06,2.632097386023366580e-07
-7.805597217419183408e-03,3.554264520476471516e+05,1.711626562080317873e-09
3.772652975191899925e-03,1.106760583531065611e+06,3.877022624543904115e-09
-5.479519038198623487e-02,8.459981637400723994e+06,4.778823290834196294e-05
1.144484507093532612e-03,4.565139706135102897e+05,6.070510741448039371e-11
8.253369230244572696e-02,6.813945776663959026e+06,7.033267671845314193e-05
5.368289827300602030e-02,1.908908270960805239e+05,2.335281718362181596e-08
4.984125270362993985e-03,1.689023988584827166e+06,1.575965785169805733e-08
-2.313292109942457694e-02,9.812425716071192874e+05,1.145805671594269429e-07
1.316878739672341448e-03,1.189176893018312519e+06,5.453580732586467471e-10
-9.134920495802316409e-02,3.610672740321973339e+06,2.419262806133177463e-05
-6.129414555967659800e-02,8.962757655641013989e+05,6.711483835958300622e-07
3.568890847346806172e-02,4.098535680624831002e+06,4.757964770194395665e-06
-1.719654835351334260e-03,6.984928366754174931e+05,3.208512488998342434e-10
-5.366031749143547816e-03,7.989138852093905443e+05,4.086990845883433142e-09
-6.279704850619888257e-02,4.467542569534371723e+05,1.750302502211770909e-07
-2.190121456634870709e-03,4.649513898306495510e+06,2.305943972098976537e-08
3.397330135161631941e-03,6.401015421509910375e+06,1.051648242526669627e-07
-4.064180078326800477e-03,7.481734671473903582e+06,2.056116607599156476e-07
1.365842273703316186e-02,4.721149961770221125e+05,9.246852755152794468e-09
3.285724661788821249e-02,8.907058327404637821e+05,1.904707000571212640e-07
7.235257951241542973e-02,8.800191588363658637e+06,9.015494304801174245e-05
-1.556944563825148932e-02,1.466696270219897560e+05,1.159641968787162998e-09
1.764970685506332074e-03,2.475459278871404473e+06,4.245059842369635397e-09
-4.705655251625940477e-02,1.960441691036234552e+05,1.892541113472208684e-08
-3.573621505897724843e-02,1.676480969738297281e+05,7.981997961392532043e-09
1.256788615714557683e-03,4.318892072213373031e+05,6.551887463774182163e-11
-4.414342874292168789e-02,9.349332482944812626e+06,3.787830925932611379e-05
-4.514260517772344938e-03,5.395564632291081361e+05,1.319302198354922080e-09
5.160764646451500813e-03,1.112749360480983014e+05,7.333648065765060451e-11
-7.216600965743766305e-02,1.582068463501163758e+06,2.898766153391948010e-06
8.966443809293244555e-03,1.991853697771413135e+05,7.093369533947017875e-10
-4.356173913686760442e-03,4.654661866731801070e+06,9.142899492422562307e-08
-5.256159027330649727e-03,1.144085849524890800e+05,8.041766739859983798e-11
-3.944281316448154141e-03,5.160999504510127590e+05,9.215112679991531100e-10
-2.239318515387316022e-02,2.056265495783179067e+06,4.715061575360423662e-07
-1.450717929327860999e-03,2.156803740971551277e+06,2.177130508926203248e-09
4.375578221720568400e-02,1.198747056527542183e+06,6.118194259936993100e-07
1.880092796689235984e-02,5.181180595054811798e+06,2.110149775808426202e-06
1.492774818763067642e-03,2.990290988733705599e+05,4.431112288477161015e-11
2.223562382433622378e-02,1.688488871379370685e+05,3.134673352482861733e-09
-2.356248276549795934e-02,6.319913698124500224e+05,4.931302518948081795e-08
-4.598021615196598404e-03,2.468954542712776747e+05,2.865929187846656296e-10
-5.094037004134399464e-03,5.374882838285754435e+06,1.667091531039595696e-07
1.404006356894900312e-03,3.763787854638024699e+06,6.209915230190433154e-09
-3.804847243347651148e-03,3.017729232274100068e+05,2.931785827155074410e-10
-6.478628612566116052e-03,1.290501041135775624e+06,1.554462102378896948e-08
-2.696217554818441508e-03,2.474024532370979141e+05,9.894984496118955083e-11
-4.847725460569197314e-02,6.422914230355457403e+05,2.155944262956704308e-07
-4.474959405933478379e-02,2.092674339141693490e+05,1.950198187076403650e-08
-1.295185992904192588e-03,1.712978744031165494e+06,1.094625286407041004e-09
-2.846649348750384181e-03,5.007055826738817617e+06,4.517831878849001173e-08
4.029080130084939336e-03,6.498791342019812204e+06,1.524664352284924579e-07
-2.866288373520328205e-03,2.286828228812325746e+06,9.554415056858660539e-09
2.898964500268084304e-02,4.959834191764217685e+05,4.597453667698332487e-08
1.029798567490196846e-02,1.686256400431987713e+05,6.705775958275770523e-10
-3.958934627947977361e-03,2.410399900774588343e+06,2.025033038242851206e-08
-1.546331649813759840e-02,3.562850825055891764e+05,6.749907455496877721e-09
-2.019419940953471118e-03,1.311437439358342963e+05,1.559716574065699846e-11
4.598934866819762157e-02,6.325842626222496619e+05,1.882125309996676044e-07
-6.343560092185644358e-03,5.196834981972792302e+05,2.416802827286186013e-09
-2.220495711059763001e-03,5.098455939880777150e+05,2.850194311091031093e-10
-1.695874838283880888e-03,3.458466853567244019e+06,7.649835196563864690e-09
2.378213310438768123e-03,1.636399127484963741e+06,3.368040769612255573e-09
1.200132337574638837e-03,5.503541094489676179e+05,9.701523807438856793e-11
1.230084024432680223e-02,3.660896345874199178e+05,4.509637901428726934e-09
4.231613239575968827e-03,1.086356523084092769e+05,4.699524714769535574e-11
-3.408021540624293824e-03,4.049674007552889176e+06,4.235864331657301631e-08
2.007853870867888635e-03,3.754537450226775836e+06,1.263788316746812262e-08
2.725952629844867817e-02,9.769313820391304791e+06,1.577109984261834986e-05
9.424536462621266319e-02,1.822905955959863786e+05,6.563655465834893760e-08
-2.176913829262443895e-02,1.815282134941516211e+06,3.472705814970222065e-07
6.352255385501785236e-03,6.801453967697080225e+06,4.151037692467101167e-07
-4.042833875020907658e-02,2.789398205095927697e+06,2.828069491291076571e-06
3.678715129692133271e-03,4.553962459456362762e+06,6.241205173683405644e-08
1.057977990808066544e-03,7.933866019361998187e+05,1.566824093308013240e-10
8.962114591874209557e-03,3.610852451770243235e+06,2.328829643869210074e-07
-5.652141697331761194e-02,1.140660650726349559e+05,9.243495887418910152e-09
-8.072395816645001887e-02,6.620216271707216511e+05,6.351064195839566443e-07
2.179146576549173889e-02,5.505384110041079111e+05,3.200703075705908892e-08
3.405581236182957106e-02,4.201321943286629976e+05,4.552517919504393403e-08
5.590452517606320747e-03,1.887861657379348762e+05,2.477031382128621323e-10
-4.814516444428949826e-03,1.861162191013438860e+05,1.785545995636518477e-10
-1.150316406796702412e-02,1.003696235632259340e+05,2.964397711925114142e-10
2.661940863674127668e-03,5.124089149319611490e+06,4.137399054956762267e-08
-1.787473518096229994e-02,1.258908342953281943e+06,1.126068231856837605e-07
5.223329339491015674e-03,7.711067917736988747e+05,3.607622829383263637e-09
1.485082257300032738e-02,1.296549740674438654e+06,8.244733737803655021e-08
5.355788116043659619e-02,1.930285705178076634e+06,2.376770311552828583e-06
1.765704328070773557e-02,1.592761339447636390e+06,1.758873578002874124e-07
-1.364302560240177346e-03,1.095646315981412918e+05,4.968890249172555226e-12
-5.458595644957481979e-02,2.936949283487285953e+06,5.715470575442319169e-06
-5.065413817826801453e-03,2.139399119488430209e+06,2.611624519780985318e-08
4.929897338246971850e-02,6.412657828064594651e+05,2.222537695793879352e-07
2.033904199299630886e-02,3.755612842109236517e+05,1.297537348026127061e-08
3.062757641380866539e-03,1.722671366561767936e+05,6.190523618966305256e-11
1.548482199251359449e-03,1.151986446807645116e+05,7.076270470033542544e-12
-1.190153442107889925e-02,1.498907747128871735e+06,7.077061554613897031e-08
-7.437423483948943717e-03,7.647588656124592526e+05,7.194345867402684810e-09
3.037383788504306823e-03,2.294174147102339775e+05,1.079814996389309563e-10
4.572273619648274494e-03,6.381313621365051949e+05,1.893136170992642418e-09
-1.802099772639316607e-03,9.146849007647782564e+06,6.042239479851292460e-08
-1.364533960274462790e-02,1.768186365978980437e+06,1.294559520874019972e-07
2.565464738917212512e-03,3.817590173877486028e+06,2.133084002001126539e-08
-2.751295158545061584e-03,1.351760663207720034e+06,3.075893020635612640e-09
9.021735916708469027e-03,1.770447941361067351e+05,5.673405084173062454e-10
-4.413694292818096283e-03,1.978627237176143331e+06,1.696015102339112204e-08
1.109231929512577083e-02,3.729795994744227268e+06,3.806379903063337141e-07
2.622015375696378631e-03,2.085715589043218060e+05,6.650861331206363675e-11
7.727602068925021328e-02,3.063846102268467075e+05,1.246581404815118487e-07
-7.240850240736134216e-03,1.359416701220205985e+06,2.154674060582446755e-08
-2.237064328695920548e-02,2.120619178960467398e+05,5.004717474611527532e-09
-2.919095927981763070e-03,3.405529300991512369e+06,2.197673782711268223e-08
-3.424266186844417137e-02,1.493714402947387891e+06,5.817915678769554352e-07
-1.063583818248207361e-03,1.402269427323377924e+06,4.946563902827559481e-10
-2.637803669945429363e-02,7.422972557741305791e+05,8.525854106796159448e-08
-6.791805912375284415e-03,3.934840229372376110e+06,1.588261431040271452e-07
-3.102358332534796946e-03,1.474248449754308444e+06,4.651815994945986156e-09
-1.209242398619146501e-03,1.325181915104541462e+06,5.710511144115560285e-10
1.522241296480376840e-03,4.105069834707114846e+06,8.683710753328650702e-09
7.725130097719243305e-02,6.695815030849397182e+06,5.949983350542341381e-05
6.591871456999126057e-03,8.597428910968903219e+05,7.142527107858753953e-09
2.620150278870625807e-02,3.843464171316996217e+05,2.255253297103111276e-08
3.062100826875423492e-03,6.604889922535793157e+05,9.096354812321186102e-10
-1.744716664874496406e-02,6.267739219504892826e+05,2.659309629986094884e-08
4.735883277090323536e-03,4.192748340687114745e+06,8.767924914212854566e-08
-8.481695580578889684e-03,3.331986114980577026e+06,1.776106396628969334e-07
-1.469103836744516632e-02,8.223511449013313279e+06,3.245763253927384097e-06
-3.228437327044656607e-02,1.377593031315487169e+05,4.398694951573138461e-09
-4.735232954017336987e-02,7.287552260258378461e+06,2.648154464932643901e-05
7.132370919164333911e-02,4.549381172141089337e+05,2.341368350836125126e-07
6.491252765992147622e-02,3.435279488462583628e+06,1.105804732864809243e-05
1.164065759892494133e-02,1.591123096842981176e+05,7.628863433235929560e-10
8.213975354522833061e-03,5.184501687530665658e+06,4.032905835280544252e-07
3.685326777653728098e-02,5.228050626742309891e+06,8.255223295946054145e-06
5.724523870498388761e-02,2.611886513491068967e+06,4.971467419794916110e-06
1.528276404258566363e-03,4.451617795152908075e+05,1.029287754373724314e-10
1.306952544152601781e-03,5.562981794733540155e+06,1.175525798821908649e-08
-4.973955958761304245e-03,1.155602825132250000e+05,7.347139932000566941e-11
2.119412106096252649e-02,8.400924107865270227e+06,7.049887629819459439e-06
-6.143178880497889016e-03,2.355070757153639570e+05,4.654697832585197200e-10
4.095003446892122104e-03,5.062779571850917302e+06,9.558369870156359540e-08
2.287809791292106515e-03,2.167864651903006248e+06,5.470177354180322463e-09
-8.777076571561546331e-03,1.088401284063918982e+06,2.029434858757140108e-08
-2.748816997731238620e-03,2.144231147999622393e+06,7.725598014789731336e-09
1.439448339766057159e-03,4.927565772190720774e+06,1.118804685500733606e-08
2.348967668821375868e-03,1.790075586225467268e+05,3.931823987528861396e-11
-1.384618423731817129e-02,2.550672888231749181e+06,2.773747951443045875e-07
1.604432104178624835e-02,5.144008357872345950e+05,1.514758047893984727e-08
1.553776079154126424e-02,1.550449802949738223e+05,1.290593676816411821e-09
3.980505437850264359e-03,2.623215911789816455e+05,2.424609316482713301e-10
8.761907404823791878e-03,9.098541267827785341e+05,1.413312198750312313e-08
-3.001644999875843420e-02,7.238459322045487352e+06,1.049803900237367444e-05
1.301820076542480747e-02,8.875916358699991833e+05,2.969105178177042586e-08
2.946935077873713039e-03,2.932867189465146512e+06,1.661204814625907378e-08
-6.399061595493756027e-03,2.888262619025651831e+06,7.596318937046117600e-08
1.626542049782472507e-02,6.154504849296602188e+05,2.228507384039442329e-08
7.399860292841810988e-03,3.912588617186092888e+05,1.864114847703639482e-09
-3.385523473770558033e-03,8.513639999347723788e+05,1.847478841334960648e-09
-4.315095606064263574e-03,2.403055058307406027e+06,2.391142938030324414e-08
-2.169181402144719495e-03,4.467957690654138103e+06,2.088849251576981258e-08
3.985206287655949919e-02,1.323132663818493485e+06,6.183091109150561350e-07
-6.430644332140513994e-03,3.922262316696552443e+05,1.414749345641039310e-09
-1.008010891839283135e-03,1.755820878624698380e+06,6.966074551801973383e-10
6.585777230743469594e-03,8.369868864297266118e+05,6.756917718821761916e-09
8.403693385364761903e-02,2.774821923698492465e+05,1.209227128464673586e-07
3.007837158935483188e-02,8.574494220716141863e+05,1.479186433740103803e-07
-4.346530366961038477e-02,3.885834200821742415e+05,6.343825371945964078e-08
2.415734904193092471e-03,2.029530498656785348e+05,5.345483129557238075e-11
-2.726401705408377715e-02,1.924128197034776444e+06,6.119908767570230614e-07
-1.045217559056286485e-03,2.437360699065780733e+06,1.443278867646777383e-09
2.090006685451999829e-02,1.970572813010324957e+06,3.772051162137960846e-07
1.179702071887485685e-03,1.984692567974391393e+06,1.219069376131336182e-09
-9.212071075551636623e-03,1.930300206885904074e+06,7.031719289820907842e-08
2.048171170912553574e-02,1.368183930867717136e+05,1.746299457631827744e-09
2.009341879408166678e-02,2.076665945498725632e+06,3.872025464962551076e-07
-1.113367751870584371e-02,1.042822682157999661e+05,2.997750362787667697e-10
-1.100103738288187548e-02,5.881341414362027310e+06,9.309306165385387269e-07
3.161541810099032651e-02,3.138502435892644571e+05,2.189475297696356839e-08
-2.531114676419217793e-02,5.383542341789049096e+06,4.129116733287028568e-06
-9.750747311153593055e-02,4.041518847442531027e+06,3.453522352291241935e-05
4.415152706578477464e-03,2.096179067554378707e+05,1.904782832889349846e-10
-2.002247933095141052e-03,1.033625796874256921e+05,9.524882744919333160e-12
-3.431914127450174865e-03,2.552965264266641811e+06,1.707103635101861202e-08
-2.399962483926768725e-03,1.066336611039656273e+05,1.456447374223299557e-11
1.924198179033491732e-02,2.253320400044221024e+05,4.180639755981155728e-09
6.915392307053885163e-03,5.857293723047738895e+05,3.648588637613900177e-09
8.919759327756930298e-03,8.127578211148213595e+05,1.168761341178779458e-08
6.615083398892800115e-02,4.787851788696274161e+06,2.230741744097489916e-05
2.073425158440120233e-03,6.932882700060413918e+05,4.595171056558328461e-10
1.756820924503920203e-02,2.977033205544274766e+06,6.083024965653309805e-07
-9.222822458837648743e-03,2.243928021944554348e+05,9.524513275581598167e-10
-2.887988445695236980e-02,2.978094789407005068e+06,1.644997289603048640e-06
5.250468770846335002e-03,3.594272081994582433e+06,7.919819961476166300e-08
-4.367962543468042677e-03,4.546813558279379504e+05,8.771408841341904100e-10
4.738430006541846130e-03,1.118549439911587397e+05,6.247072692928041790e-11
-7.289671382886318829e-02,4.550480575156551204e+05,2.446964573539501602e-07
-5.162696843174050150e-03,2.535583055213447195e+06,3.810712456471683105e-08
4.852264256071078634e-03,5.919323445494791493e+06,1.834553083656514472e-07
9.472534969911752811e-03,2.537222894492752384e+06,1.284537916502239978e-07
-1.601814230578677478e-03,1.045029075572721922e+05,6.231294735182911711e-12
-2.685218108083109803e-02,4.331713730065417476e+05,3.008679177298653095e-08
8.819378029734665364e-03,3.836304357922215131e+05,2.545653429511145740e-09
-6.688420598617438213e-03,2.391503303649606823e+05,5.689660752361488366e-10
-5.485572277741446873e-02,9.524968041872500908e+05,6.071111209552667919e-07
-5.821233749771451832e-02,1.952989218109678244e+06,2.874266406599584614e-06
-5.304731030483397086e-02,6.445335281899233814e+05,2.599650802381697411e-07
1.512193544302232323e-02,6.255754743979940191e+06,1.990084135976512476e-06
2.148854184898961548e-03,5.911562210813085549e+05,3.588522487390545081e-10
-9.880261348112812439e-03,9.610817787328980863e+06,2.005186640439674592e-06
3.202427957880897569e-02,1.157989269104614854e+06,3.058194179756963231e-07
9.710148353846223199e-03,2.302217770220787206e+05,1.111326792042713732e-09
-6.319312927916072298e-02,9.312666435353186680e+05,7.701672892656281358e-07
-2.788701134284068614e-02,1.520738768410174525e+05,3.999543571218925911e-09
2.894630626479034480e-03,2.427579736871141358e+05,1.098071358163438233e-10
-3.040903150659613960e-02,3.720051262486160849e+05,2.845773144900897183e-08
-1.021008758750689563e-03,3.267105671057308558e+06,2.474472028545147483e-09
8.899183259021187925e-03,3.587189637817133334e+05,2.266241685076445326e-09
1.388156226726553746e-03,7.124198728334023617e+05,2.174933549630345340e-10
8.658651103101676350e-03,1.841624110061674612e+06,5.654571696484970237e-08
8.155865646123759694e-02,1.362316632582762104e+05,2.745323288923039051e-08
1.109792501293552528e-03,7.112499813733565621e+06,1.385560068525582510e-08
-3.347012325402006633e-02,5.509171409371409100e+05,7.561090631226407371e-08
-1.145663068723701619e-02,4.725982625710796565e+06,6.519215222987695830e-07
2.593550007734394744e-03,7.717012004896602593e+06,8.908095305475360299e-08
8.614165610383577032e-02,7.367038999649557285e+06,8.955907972805492883e-05
4.785827369613012382e-03,1.073444744290752802e+06,5.869089017184437899e-09
1.052206884138344326e-03,9.642274476104878122e+05,2.289067018919617952e-10
1.750045473348778996e-02,1.211086098928556457e+05,9.989550717212263614e-10
-7.338184424803124994e-02,1.054735191021105973e+06,1.332175271994289737e-06
-2.145028471558182472e-03,5.829804173510675319e+06,3.477533370931682066e-08
1.559100333852546025e-02,2.366417659896666592e+05,3.027109806028617872e-09
-5.650539394975090390e-02,2.167154085700305179e+06,3.334699056710505622e-06
-1.402920231643946594e-02,6.442335239829288796e+06,1.816560422443161819e-06
-1.771956209895794374e-02,6.431672724815588444e+06,2.888358491038667097e-06
-1.559561514728580395e-03,2.708476557834743871e+05,3.967824290437814019e-11
3.299493511977564381e-02,1.090821867927300918e+05,2.880709596723999935e-09
8.596974837022683391e-02,7.451673426784546115e+06,9.126330424014318004e-05
-9.189724351554136306e-03,1.261075235681746126e+05,2.986649197638028437e-10
-1.048604018064776960e-02,4.043817269985203166e+06,3.998557364279492874e-07
7.580498194430039527e-02,4.289522675314427353e+06,2.351314292071873718e-05
-2.163461883234335699e-03,2.201908816068191372e+05,5.046547985690140158e-11
-3.531915772754212757e-02,1.479132061679327860e+06,6.069205305347879109e-07
-2.577458091629278303e-03,1.027921996858659084e+06,1.560992423612889613e-09
2.414109819274205988e-03,5.851560815872841049e+05,4.437667324394952863e-10
9.404501430532906381e-02,6.387688306178298779e+06,8.025206873699319225e-05
-4.283166410024773392e-03,2.633772589355110540e+05,2.829982131739818556e-10
-3.209350707091105856e-03,9.924110405317720026e+06,2.255873697740171542e-07
-4.255137683515757864e-03,4.032220219862150843e+05,6.546557261466430111e-10
-1.311141878122299093e-03,6.915962917744220234e+06,1.828529370816727095e-08
5.923818220975494292e-02,1.049443617174874991e+06,8.594466397133266463e-07
-2.008955351398883371e-02,2.905371475943312980e+05,7.576020774462457406e-09
-1.163670357453266448e-02,4.374504302793625742e+06,5.762552428103076618e-07
-8.819395710103377847e-03,1.596914790169866465e+05,4.411013581933434671e-10
-1.505549122249714121e-02,6.066705539206636138e+06,1.855209427494000666e-06
-3.482986317778527519e-02,2.065463569939108565e+06,1.150895431623143199e-06
-1.717554547978981244e-02,2.817486043655182584e+05,5.207651040683368628e-09
1.499749736815166913e-02,1.175921190275302069e+05,6.916577893548276048e-10
-9.431807538073852526e-02,3.275129279002374504e+06,2.121993287909561843e-05
-7.283029268295053427e-02,9.375150242734141648e+06,1.036759046526057148e-04
-2.752419388465429401e-03,1.147777334369694727e+05,2.219431552845026296e-11
-1.652251525761321829e-03,7.762386472452435642e+06,3.657969640665895927e-08
-1.425775883132261376e-02,2.766939027225989848e+05,3.460978945991060322e-09
2.185876031170595757e-02,5.069376177878666669e+06,2.730595345780836166e-06
5.878042801931802203e-02,2.112456255538855621e+05,3.428768687156565006e-08
1.570718601955620880e-02,3.041012413730395492e+06,5.073765728918000549e-07
7.550477727474726175e-03,3.115345256582233706e+05,1.230434445117645256e-09
-4.547316767332695853e-02,2.629060766281192773e+05,3.178402660414052250e-08
-3.309106016342990789e-03,1.446000839362594998e+06,5.091616708844520777e-09
2.018578964710378894e-03,5.302000850325549254e+05,2.547230950494908979e-10
6.434281156861023331e-03,2.241235140551002987e+05,4.624578601539225994e-10
-4.854874694481229810e-03,6.427151274401525036e+06,2.165161742170657987e-07
1.652369775323340312e-02,6.184893327196034370e+05,2.322609309777415678e-08
-1.943900539679316569e-03,2.152173699087484740e+06,3.892243218608360918e-09
2.734785695841755043e-02,3.620714837301142979e+05,2.180381523978842827e-08
-5.198325388614793291e-02,1.108401971645696554e+06,7.382760008653015019e-07
1.452172513061467714e-03,1.549953240523757413e+05,1.126602907160352015e-11
-6.372742337208625596e-02,2.268818112062764121e+05,4.648890643985950787e-08
-3.853575427569811557e-02,1.726457637468396279e+05,9.843211829643309849e-09
7.926622982198712475e-03,2.498834781003768090e+06,8.724664573694229797e-08
3.289846504809301048e-03,3.445176571342364885e+06,2.856745103749893454e-08
4.893957702697370772e-03,2.599641834835447662e+05,3.599520970394867046e-10
5.839069247746551949e-02,2.608027611389547237e+05,5.157139414438330279e-08
2.562975059015083507e-03,4.566130759626690415e+05,3.045668970873793534e-10
-3.594383719478454892e-02,1.130235724678297294e+06,3.670153160404410746e-07
-3.734491189846918940e-02,1.560811051480668248e+05,7.555457932791796158e-09
-1.571896787407290469e-02,2.354117102799862041e+05,3.045099081149913603e-09
-9.187463663262641911e-02,8.007087919046882540e+06,1.203476775350815651e-04
-5.534735434550838024e-02,5.727093813119304366e+06,2.234393076043859731e-05
-1.701614315146007979e-03,9.840105380909987725e+05,6.234749519128737210e-10
-5.941781452580969375e-03,2.121350466753641609e+06,3.533096063384515144e-08
-5.126696521007968049e-02,5.876099522019113414e+06,2.018137514788630581e-05
-4.692909648945233804e-03,4.739782840431247605e+05,1.100268108694432533e-09
-1.173563504961805089e-03,1.904282133393094991e+05,1.110639274609248711e-11
-1.434482643020092412e-03,1.517764436478399672e+06,1.054135867856818510e-09
5.574998579670232407e-02,2.541138609562198631e+06,4.463170545503635712e-06
-2.874092937010762350e-03,4.513131185415703803e+05,3.741577803073772281e-10
2.726559401822376341e-02,1.582856128840976162e+06,4.141999693897656881e-07
-2.731745773989772280e-02,4.905118757170237601e+06,3.992793623267789011e-06
1.174840514950407965e-03,3.033331610403531813e+05,2.824196186564286508e-11
-7.393573643991165067e-02,1.576242225881814491e+06,3.020313138232264612e-06
-4.921478076855312009e-03,8.682385864333298057e+06,4.060378561364931719e-07
-1.100686166449229859e-03,7.302505853909492493e+06,1.436706625544059451e-08
-5.345093200122605533e-03,8.207762821185868233e+06,4.280134447856898469e-07
-9.288772758220466275e-02,6.050875664513108321e+06,7.025065619150277314e-05
-4.319191215905623243e-03,6.856633521030154079e+05,1.950401346324499279e-09
-3.714345615715999426e-03,1.007010697678042576e+06,3.111215133645357615e-09
-2.076704275235504490e-03,3.684240429647302721e+06,1.301794680424226600e-08
-2.515524089708313146e-03,5.608321641932105413e+05,4.426087929750388993e-10
-5.532297030015788375e-02,2.214823495869419537e+06,3.338769776122119877e-06
5.495669084989966702e-02,3.338183116238378570e+05,7.484429668221611842e-08
1.768484897092213303e-03,2.060694314635868650e+05,2.953432889285956531e-11
-3.587956433659190286e-02,2.003186345934229670e+06,1.148773146920754578e-06
2.105904910807818164e-02,8.271226835355360527e+05,6.747060864096811179e-08
3.749473139822598940e-03,2.796740662545226980e+06,2.445356248128490262e-08
5.229137263954860594e-03,5.583045726092207478e+05,1.895394885449706824e-09
2.673077575301970737e-02,1.059332843364538392e+06,1.783139211146210501e-07
9.124116840049238328e-03,8.529713409764962271e+06,1.346938620918026047e-06
1.104545978421549906e-03,4.674069602393270470e+05,5.927276657338407453e-11
-3.205162419139655910e-02,3.493148562991068698e+06,2.787606364430859406e-06
-3.907165826906713012e-03,1.179515249695311359e+05,4.723109980051258990e-11
1.235399891956932882e-03,1.414164087199797505e+05,6.787533354350672929e-12
6.470003181623891486e-02,1.386733960543122143e+06,1.790162855926907801e-06
-2.558020760676051400e-02,6.726001159040644765e+06,6.582930285243034678e-06
-3.917014564848936287e-02,1.304123286833157181e+05,5.802897815894878083e-09
5.901036614285941340e-02,3.514563941515106708e+06,9.565259729228871326e-06
7.169602992105883477e-02,5.483078898159953533e+05,3.436659116531741542e-07
-1.220651941812305602e-02,5.648777398210823303e+05,1.057279629469897767e-08
2.275634608802904260e-02,1.687570796668736264e+06,3.279641047287627339e-07
-6.087535214733121730e-03,7.353896029687133851e+05,4.456718406164313912e-09
-2.781088409965517400e-03,3.132332262838778086e+06,1.687572688813090351e-08
-3.769730518170556072e-02,6.555755160283398814e+06,1.358198706081082717e-05
2.415963025328383626e-03,5.074408259049027110e+05,3.342324618353053206e-10
-3.423649611442743101e-02,4.038896888825485483e+06,4.252079780821796704e-06
-8.522546641357622160e-03,6.058760785890084226e+05,5.929302881111330176e-09
-1.475252556839050551e-02,6.473795137403003173e+05,2.028373400373935873e-08
2.297218264154010647e-02,2.458771556123874616e+06,7.094766918656316583e-07
8.019334632240885871e-03,1.333664591449807864e+06,2.543707465623456901e-08
3.989605187345331844e-02,4.772855234009238193e+05,8.063314775998528570e-08
-2.682660575221441565e-02,3.169409226847820100e+05,1.607627179551123338e-08
1.334648609099355933e-03,3.219325226165981032e+06,4.105450614229086357e-09
1.275866751052586508e-03,1.696659419013326406e+05,1.042070820522278739e-11
4.590703931987509534e-03,4.967840403331272537e+05,1.156621045979925805e-09
3.062343720673413230e-03,3.644183578704805113e+05,2.769527064950707588e-10
2.369638146278505580e-02,1.604217566435708664e+06,3.213570638372466467e-07
2.548043896002047132e-03,3.461025507843650412e+05,1.729500379143013135e-10
-1.497175800586059364e-03,2.357524864470605098e+05,2.770482504261350692e-11
4.336133485925908193e-02,1.145061299118932802e+06,5.482264820463589899e-07
-5.702505790020615667e-02,3.322881914129256620e+05,7.984698762291268088e-08
-6.722800020290752021e-02,7.671890930169154890e+06,5.915650064734369177e-05
-3.468113752209323747e-02,3.847578052518983604e+05,3.959668195679366829e-08
6.677945229564488661e-02,1.986694809605657589e+06,3.914220348802534341e-06
3.463849230214486978e-03,2.595845585694102920e+05,1.797930587102556358e-10
1.028608348286710016e-02,2.133782326911205892e+06,1.071266607129886345e-07
-8.987113029980764445e-02,4.842146772776513360e+06,4.211274561598189243e-05
2.182907184172965930e-03,3.751922770811092923e+05,1.491679672410738373e-10
-2.578927385829106033e-03,1.605295217048454797e+05,3.811406777726346798e-11
-4.541386440932982521e-03,9.847686766309022903e+06,4.447773067779168169e-07
8.729936305974494992e-02,2.673431359157232102e+06,1.211316063826757439e-05
-7.944839053193997191e-02,1.420827585561865999e+05,2.833676174598783345e-08
-2.355712787156371418e-02,8.937657358131776564e+05,9.858011751089371988e-08
3.033853292888678572e-03,3.405435196736594662e+06,2.373731773272497210e-08
1.465418470155861567e-02,5.751826926731646061e+06,1.579909432137526832e-06
1.279688658798295263e-02,1.130056534432072804e+05,4.650570520994135893e-10
-7.322339855787335372e-02,6.104242596841780469e+05,4.442839098489844025e-07
-1.087163046092784295e-02,3.736019227855826262e+06,3.668637656545835047e-07
4.442708307672696422e-03,2.749206459226922598e+05,3.317474257911371202e-10
5.791424289477974108e-02,7.065926516508887289e+05,3.723970655811555721e-07
-3.504053711864796739e-03,3.789288171496196650e+06,3.920613473921727679e-08
-5.536886463871929648e-02,1.488838202880995232e+05,1.511205393934318708e-08
4.006152873901451875e-03,6.239265824867226183e+05,1.389374310822961474e-09
-2.533192282353832758e-02,1.767401755839169200e+05,4.457631125055538962e-09
2.317917528282864570e-03,5.811124475780454231e+05,4.034721534802412106e-10
-4.927615959038839435e-03,9.549303570485520177e+05,4.923958183941692824e-09
4.334204195585431019e-03,7.597638944526222534e+06,2.411422390963737905e-07
4.991747039587660778e-03,2.787962436557079665e+06,4.307013416743673913e-08
-2.636367304875137426e-03,1.159209299637211807e+05,2.076982310707536148e-11
1.058882893065126981e-03,3.654310299966547173e+06,3.329691202299635594e-09
-2.374061579931572089e-02,4.111571734015486436e+05,2.118834098855643637e-08
9.503364854598066180e-02,1.258714004016003310e+05,3.182044030270009234e-08
3.027395700089131631e-03,1.479527309760762146e+05,4.461507238415744495e-11
-2.315302821202139261e-03,1.076280981734451605e+06,1.380906216887677789e-09
2.353276123120108792e-03,3.082033765637857374e+06,1.169816686716186790e-08
8.494634607875969912e-02,4.966177842113195220e+05,3.957593568316642075e-07
-4.881421047607582830e-02,7.594223822370139882e+06,3.056022693775598692e-05
6.395606058456095033e-02,1.042087305110481248e+05,9.877996581787807043e-09
6.532687176835609219e-03,4.091011129771047737e+06,1.588335697923289949e-07
-1.934224313566112107e-03,2.407715317769745598e+05,4.823043714655202665e-11
6.776399776315698842e-02,3.295481343415825395e+05,1.109003722852181683e-07
-1.289980331139620878e-02,2.493154799117662769e+05,2.300180495635027843e-09
-6.877767851130237378e-03,2.285779112105556414e+05,5.496178077022579790e-10
1.560273913006007818e-02,4.075496294448332628e+05,8.992075618840970410e-09
-3.860604500792849583e-03,1.726399462398094125e+06,9.878487621889873216e-09
1.755148325593991867e-03,4.750773719998354209e+05,1.546156994640586475e-10
-1.191058114289286068e-02,4.985484509943032754e+05,7.841116334017456483e-09
-2.738499201656074359e-03,1.568610173728480237e+06,4.103482094177006064e-09
8.109411720004724641e-03,5.347304814606767613e+05,4.181632220153871029e-09
-2.033301509352439251e-02,3.771089447226707824e+06,1.307478282451728991e-06
1.981122941676518104e-02,8.056650623500655638e+05,5.665381586048240394e-08
-1.241293654270693696e-03,7.316545477425105870e+06,1.834249771576430677e-08
-1.426820149052813319e-02,6.376011800212009111e+05,1.840492034160893953e-08
-7.200642376956001289e-02,1.024698456429552753e+05,1.210687054219749289e-08
-8.798094069609619511e-03,1.572471047250058968e+06,4.256373871279352369e-08
-8.978310998887477704e-03,2.888043454179543769e+05,1.495181748445786297e-09
4.302044459202203353e-02,1.360466340211589821e+06,7.617678533296333718e-07
-4.316353529090863339e-02,1.599220029390258482e+06,1.059614048869543606e-06
-1.841927946978020453e-02,2.056796689413524873e+05,3.191723449673920936e-09
1.056456826846922242e-02,8.746863954902354628e+06,1.898914897800637436e-06
-2.322115883773542225e-03,1.594487351809493965e+06,3.048647317351604942e-09
9.676948589360379049e-02,2.169609454548829235e+06,9.802508950340643005e-06
-9.814034105460542334e-02,1.812523375195501139e+06,7.036547255226699358e-06
1.992094542734834748e-03,9.700112164321990684e+06,8.303680953535890219e-08
6.901456217570360423e-03,1.725905424232981168e+05,3.155096974635582231e-10
-1.828285200118229085e-03,2.368993597644402646e+06,4.171698487008303693e-09
2.804078594244715020e-02,2.222160508847665915e+05,8.634326462303043138e-09
5.454181290281239804e-03,1.918427748594061704e+06,2.434710249919307620e-08
-1.244841984363193391e-02,1.859224144382717495e+05,1.191212401441410819e-09
-6.810666024798791435e-03,2.304418044561380986e+06,5.477708958251620453e-08
1.158971916062083093e-02,1.622888498120564502e+06,7.867204508335742134e-08
-9.593398634843848874e-03,3.767358191591431852e+06,2.904798826334946044e-07
4.438557608554469930e-02,1.222665789776012243e+05,6.549324275835430086e-09
1.123352051958614699e-02,1.425116247781402781e+05,5.699406054361457690e-10
1.195223169110750695e-02,2.730937528677218128e+06,2.369293091865671853e-07
3.086826053980346388e-02,8.219084521691175178e+06,1.431424538921382871e-05
5.255914866506963129e-02,3.329354499332027044e+05,6.809480405207850291e-08
-2.242618023584522224e-02,7.017112282396568917e+05,5.507122265806572195e-08
-2.228158391362241447e-02,2.234887299000154249e+06,5.514429962223445956e-07
2.587452784592432324e-03,1.609475153683026438e+05,3.856653939011228506e-11
1.013723463415215501e-03,2.721079972974423436e+05,1.692072081269265421e-11
-2.698014851086647653e-03,1.358708318801429705e+05,2.988397683670278515e-11
-1.945860772783304139e-03,3.317565021532111336e+06,9.267437451045537284e-09
-2.757179800285284796e-02,3.541822009949940722e+06,2.120708082537875841e-06
-1.217730873444749715e-02,1.022488261185088195e+06,3.447597410749953425e-08
-4.317300981792946031e-03,3.826375404781229445e+05,6.068719386230073776e-10
-8.248935228547417745e-03,4.432969942236184143e+06,2.973600428245557673e-07
4.824726604377611860e-03,1.141851759975510417e+06,6.749352635541757720e-09
-1.569733211019247454e-02,6.971375808840638027e+06,2.663090554191062896e-06
-1.045515986081963595e-03,1.506176260329437675e+06,5.514551565487118588e-10
6.493785330167869962e-02,4.079598164577014395e+05,1.560730370315198422e-07
2.360443994872780341e-03,2.304703323871608358e+06,6.581345765375396357e-09
-4.645944497362886928e-03,1.997663984875793802e+06,1.915535322631181976e-08
2.535860672073933855e-02,2.928488026394250337e+05,1.226407880985835191e-08
3.032901672266005190e-03,1.864753511620807694e+06,7.113065026273091545e-09
7.928939410927626427e-03,3.841740433450504206e+06,2.063400283417547150e-07
6.352766145155033968e-03,1.536803632180544082e+06,2.119628470637674835e-08
-9.021433042553153592e-02,1.611727221201632929e+05,4.701445355206085909e-08
4.935107549825192702e-02,2.069276716201751959e+06,2.319143573528731032e-06
6.747841464075399198e-02,3.228672815530107822e+06,1.055540899674041416e-05
-1.334513262746346227e-03,1.955137430225356657e+05,1.513901500348834887e-11
1.729097865388167779e-03,8.351289847401176812e+05,4.637068524127793713e-10
5.488045605663338655e-02,3.030057246549613192e+05,6.149422622723055804e-08
-2.385678158787654917e-03,9.950076842742720619e+05,1.253065661968127993e-09
5.891588378074562662e-03,1.111260586918952467e+05,9.532215828497356185e-11
-1.086228155535695801e-02,3.854746539805937093e+06,3.898800530307295892e-07
8.946797904298309234e-02,3.404975425371004269e+06,2.063766074027532815e-05
-3.825797023346711422e-03,5.904522813631409081e+05,1.134777484540068708e-09
-6.803233295825437954e-02,2.100432329112208972e+05,4.540935852063549273e-08
5.703627132596180739e-03,2.386979515816278290e+06,4.121894646748694260e-08
-3.533989667888919918e-03,7.565379605221174657e+06,1.589605109535310738e-07
4.369105497385507297e-02,5.343448591798500856e+05,1.212064089370572545e-07
2.496805828941304345e-02,2.132670346215425991e+06,6.305423343533106537e-07
2.820159108020958531e-03,7.916119635922292946e+05,1.108330209259711549e-09
-5.711663530064203104e-03,5.313888738576727919e+05,2.048553901317878964e-09
-8.265978280824090585e-02,2.034820792498401133e+06,6.291266807398001080e-06
6.157015671819175695e-02,1.586235772455115803e+05,2.121159117545438842e-08
1.463540553191721404e-02,1.252976026116613531e+06,7.478117677257672916e-08
8.170772022452227334e-03,8.874227028871741146e+06,1.169188424321282459e-06
6.382032340762932784e-03,3.250214051584155532e+05,9.568396838072981175e-10
7.302556980909861994e-03,1.466886885643432906e+05,2.551763441270146694e-10
-1.368979966409852086e-03,7.215565417131702416e+05,2.169862292447124204e-10
-6.127637798073901076e-02,2.997289575163858244e+05,7.501374187621881681e-08
8.792029372929244593e-03,3.072735422471777070e+06,1.623027375646075918e-07
4.941324647921452318e-02,9.439874239580123685e+05,4.838563489687260452e-07
-3.794900126377952730e-03,2.981166647528239060e+06,2.846233064395313176e-08
9.476888770757837047e-03,1.389486036431772518e+05,3.856001469152650713e-10
-1.437151289184537438e-03,4.353595070486676879e+06,8.705591679541882107e-09
3.386777928546974570e-02,7.247850489783489145e+06,1.339951700654608326e-05
-7.562597522616447410e-02,9.448748131934362464e+05,1.135501655289851649e-06
9.256340930640348519e-02,5.635579989622471854e+06,6.051362529452046187e-05
-9.115038545730103081e-02,9.486750476673390716e+06,1.662835260461572706e-04
-8.073769654043279342e-03,1.510154299205754651e+06,3.305922031542240616e-08
-5.327454556276003256e-03,2.826382330037978827e+05,5.041950490245852613e-10
1.923048510852512754e-03,5.918135206771857105e+06,2.880364807908042334e-08
-4.155154715101814882e-03,2.650584375067976303e+06,2.697459394385809506e-08
-1.569180085071444344e-03,3.383200647417940781e+05,6.267557636944445480e-11
2.811389491927735948e-02,1.224772370848451741e+06,2.636635204092199639e-07
-1.338989368196854364e-03,1.153379538983500970e+05,5.303908133770837053e-12
1.068825987994820315e-02,8.713302410590349464e+05,1.928753978264745733e-08
1.080042895454527870e-02,1.125150295220880536e+06,3.283978735880613747e-08
-6.909675340619218786e-02,2.206362266409829259e+06,5.168519719023049250e-06
-6.282550825869545608e-02,2.187910972099336796e+05,4.201734091036125388e-08
-2.672356547404988389e-02,2.165075854126620397e+05,7.444444331913466499e-09
3.382626448934619723e-02,1.899252890686011175e+06,9.178483325792876468e-07
9.239180953715481204e-02,7.808525753251711139e+05,1.157450136726637903e-06
-1.500171909845354583e-02,2.192998863816397730e+06,2.406889333270243470e-07
1.845565186822416617e-02,2.369963550226510852e+05,4.254410214275212168e-09
9.625262864590740028e-03,4.017468848533634446e+05,3.325274363215932658e-09
-5.108851111152556967e-02,1.501287114132121205e+05,1.308191300128258788e-08
-1.262419980905139447e-02,8.639338801371602342e+06,2.645245481790181596e-06
-2.796984462057579626e-02,5.285001095211199485e+06,4.859230732554764319e-06
3.950255077243681676e-03,4.336818650252807420e+05,6.526645950515815302e-10
-3.979385029391145114e-03,1.142660858767636353e+06,4.597946104056070442e-09
4.869129701380955737e-03,7.255997759683547774e+05,2.775838639661439051e-09
-3.037255914106496216e-03,1.120028315580874769e+05,2.573463588068269156e-11
1.336906924846820123e-03,2.744456883815426845e+05,2.993728561498525471e-11
-9.094032007440177104e-03,3.122781940135334735e+05,1.793467559309725739e-09
-2.453103706479557722e-02,3.716229498378649820e+06,1.848136824170812556e-06
-2.583035162315532735e-02,5.790515713704955764e+06,4.974991875287453416e-06
-3.650398397571432557e-02,2.283300989989324880e+05,1.544913295275935881e-08
-5.554332974927039639e-03,6.761318863521302119e+05,3.136345576201663956e-09
-3.907671893099788629e-02,4.937921334078441374e+06,8.279836607170181021e-06
-3.159605978442524971e-02,5.394231634602091508e+05,6.459847827171856821e-08
-2.722765556003483439e-02,9.069331416313871741e+05,1.356026857521731937e-07
-1.490015130289486234e-02,3.842556159051011200e+05,7.289857757769972603e-09
-1.461618977698890412e-03,3.695604551325319801e+06,6.488384581885792729e-09
3.149751542479606054e-03,2.624652303979093558e+05,1.519824367912769533e-10
-1.122031248817931866e-03,3.560557429486911744e+06,3.549303563977069779e-09
-1.460589765577312814e-02,5.975942232509548776e+06,1.694207258938303799e-06
-3.949375955288888379e-02,2.226212070183723117e+05,1.719045105706856216e-08
1.491361341527700293e-02,9.441316443947950611e+05,4.408878404361011587e-08
-2.803970012071070952e-02,5.054203833381365403e+05,4.466316394919289949e-08
3.132022613328172903e-03,8.815242300035466906e+05,1.695178894336771622e-09
-4.133894386176525590e-03,2.353618398946689849e+05,2.105174521687847723e-10
-7.887774921687620844e-02,1.565095853412748547e+05,3.389129401449364358e-08
4.378415699741754902e-02,1.893043821100916248e+05,1.527750976428390168e-08
-8.389802282715572157e-02,2.724154563466403633e+05,1.161620299794955503e-07
2.202910551690061280e-02,1.999599015032638097e+06,4.314960307846411532e-07
-1.523845788592371759e-03,5.141139325625072815e+05,1.364891206289793178e-10
-1.053781790906559504e-02,7.114692621383104706e+05,1.250002592641846239e-08
1.363880683314411604e-02,7.423623259241238236e+06,2.279721815078136673e-06
3.861661974563401767e-02,1.768070889633212239e+06,1.036680929591745606e-06
-1.986761575422241188e-02,2.872319159548909403e+06,7.241927035138053018e-07
-1.434469302165113092e-02,3.583460164289106033e+05,5.876042521844603630e-09
-7.597926690453135623e-02,3.110722119917011005e+05,1.242252510561678396e-07
2.673534182866911524e-02,9.573926214289665222e+05,1.456964215063274455e-07
4.414850703438190360e-02,7.111980631861621514e+06,2.192352703652055221e-05
3.824470553823892081e-03,8.607166416387610137e+06,2.409685106092001921e-07
4.337574309919286358e-02,8.138333085260132328e+06,2.771162720298607016e-05
-1.563375578930258428e-02,3.259834466172019020e+06,5.775837848577288852e-07
1.623682287728427445e-02,1.280108659514156316e+05,9.607115846333823991e-10
-1.388859732156610960e-02,1.512006894736989634e+06,9.806670114990177773e-08
-6.626195826669803446e-03,7.560175078122434206e+05,5.580710444455338037e-09
1.146252602873441872e-03,2.292010332878198009e+06,1.534938794097205137e-09
8.028611630037320659e-03,5.102484155020284816e+05,3.731998670765620183e-09
-6.104248471202604331e-03,1.100650333340718789e+05,1.003830519943122003e-10
-2.524232668473735952e-02,9.095782753018023446e+06,1.172293007496952202e-05
-1.807314473923401794e-03,1.064938996942056256e+05,8.237855415622488447e-12
-2.988249509365961329e-02,2.910365242103165947e+05,1.681999856295100780e-08
-7.127489458948144986e-03,1.487016606051231734e+06,2.498055337994945668e-08
-5.473497037902071150e-02,5.237357195812266436e+05,1.827474872579018471e-07
-1.081447067109707035e-03,1.765707843470410211e+06,8.108592535047640472e-10
1.247730530186492862e-03,2.402185741648372263e+06,1.997800068883649835e-09
-1.936565395843565032e-02,1.191758849923407193e+06,1.184508976626490318e-07
1.494740693555745084e-02,3.911914919328125543e+05,7.603398768877385759e-09
2.422834275868999271e-02,6.554171543188905343e+06,5.607641957825013423e-06
-5.219810849710920103e-02,5.981461158329609316e+05,2.167810701322583481e-07
3.893149820698428576e-02,3.378127166164825205e+06,3.846373668069760696e-06
3.420366501999951014e-02,2.525070402461576276e+06,1.658782794611009498e-06
4.034366554734501037e-02,1.108578253098002606e+05,4.448162759068262065e-09
-1.266830764306850488e-03,3.569528829652253771e+05,4.547327582411695147e-11
-1.352910350738698204e-03,1.338882500285716029e+06,7.296594639682492842e-10
2.297646505395542233e-03,1.334967866695896257e+06,2.092210131047968886e-09
2.761196174895690428e-03,1.805047214117161464e+06,5.524193835304177834e-09
-2.202462957763461071e-02,3.412138316186011769e+06,1.255936643354922429e-06
3.577840860998557360e-02,1.329257973307660315e+06,5.029882476451049777e-07
-1.424490563002936590e-02,6.716337063450625865e+05,2.035548104185929334e-08
-7.112999990493113801e-03,4.952065795049962588e+06,2.759152337238854914e-07
-1.000250933389501724e-02,2.145571428078954574e+06,1.024238592039438641e-07
7.292380748812048175e-02,5.473546688469851390e+06,3.543019773227794355e-05
-4.406650240865411100e-02,4.662508929592718370e+06,9.387582503116515600e-06
-6.048730795548860201e-02,4.855511524467630079e+05,1.918208192534494229e-07
-2.047259641319051741e-03,1.926290218745479360e+05,3.458490120234644369e-11
-6.705768848377947899e-02,4.378473835292716511e+06,1.917078630038628701e-05
9.631426331038669963e-02,1.551103084863007825e+05,4.963177278707448670e-08
-4.988308076307022831e-02,3.848651551863366039e+05,8.196358981301976680e-08
-2.154731340930276379e-02,4.244949185098496266e+06,1.860494966135413219e-06
1.880286485105296538e-03,7.151827485076698475e+06,4.021419313618398919e-08
-2.107440388634453966e-03,1.306397105954088503e+06,1.685614535635894033e-09
-1.590478312096423562e-03,2.532646240240519110e+05,3.608293175611014470e-11
-2.512957344220710654e-02,2.262880650357804552e+05,7.191024721426687811e-09
4.885070453608606617e-02,1.663077922253998229e+06,1.467790627319353379e-06
-4.074136673235552279e-03,1.282457722934790654e+06,6.070920600326311735e-09
6.558139122053222025e-02,6.840893931233769981e+05,4.475939572442066997e-07
-5.814683851092612016e-02,3.099876443011444644e+05,7.225006324513421221e-08
-1.936780114092127858e-02,1.275701713439439423e+06,1.357551027695777000e-07
-5.988690872482066441e-02,1.000510587841686211e+05,7.983703879055241415e-09
-7.874151350490432924e-03,4.822432008832512074e+05,3.206542447658143665e-09
-1.885464937541670577e-02,2.544907733257653599e+05,5.120097775600749685e-09
3.634172662913771803e-03,7.356119608453622088e+06,1.589300167446629668e-07
-2.812955746831019132e-03,3.191932756050095195e+05,1.792794526033548645e-10
-3.212755324210934873e-03,5.919558120487026870e+06,8.043241939770735300e-08
1.152293964712548758e-03,3.780025399021117482e+05,4.219036289353257007e-11
4.649847366205851762e-02,5.309686038245907985e+05,1.355539972991128900e-07
8.909593086939421314e-03,3.978626635892311460e+05,2.794340732703589617e-09
-6.839320398405934406e-03,5.266741463895740919e+06,2.885407453914738699e-07
-4.443817449864764790e-02,1.306165623451369349e+06,7.492144923958407434e-07
1.456023724540747750e-02,1.800683713676032785e+05,1.528653400054536367e-09
1.813662667619989760e-02,1.267905588096951367e+06,1.175937146733095029e-07
3.101221270372976103e-03,1.413522035754135810e+06,4.273344692875573103e-09
-2.436161576063887446e-02,1.587727490296610631e+05,3.327065548959053167e-09
4.345299817085543706e-03,2.493953054397048894e+06,2.611639890026919782e-08
-1.104277774144698208e-02,1.467561981351021677e+06,5.840456823249621773e-08
4.713071974682832808e-03,2.669101680403322447e+06,3.519132606171495813e-08
1.071233918095287939e-03,4.935799932717473246e+06,6.217001558155084339e-09
-1.562000645764576165e-03,1.447544878101871582e+06,1.136903864386944420e-09
1.731528621524302397e-02,1.769227150329517201e+06,2.087006446691960402e-07
-1.126570368250322599e-02,5.694991659418318421e+06,9.153771836695133509e-07
3.821830597435999996e-03,4.942182415975002572e+06,7.933734428675319206e-08
-1.040509071689985771e-02,7.401310997921220958e+06,1.318883087292196446e-06
7.671946237999137386e-02,1.464455115069859661e+06,2.807116795501465766e-06
-1.539387809468917376e-03,1.798267082737090823e+05,1.704126090925597752e-11
1.089186151427355698e-03,2.398051345571300946e+06,1.517114738764768883e-09
-3.012662928662395573e-02,7.225216175482623512e+05,1.053658872137165562e-07
-3.254764128935751233e-02,2.317233274569554254e+06,1.264957122495583157e-06
4.210549069985367043e-02,8.464205805049890187e+05,2.824536203535738866e-07
2.719256882150379237e-02,3.614740779817170114e+05,2.148582531465755792e-08
-6.649356262830802278e-02,3.469094994832805241e+05,1.183283585724174683e-07
1.438844411652149234e-02,2.444635780674522743e+06,2.751396922657897358e-07
1.249944834127764137e-02,2.111714374071630591e+05,1.549349137416132742e-09
-6.861697635064796692e-03,1.260008110548856901e+06,1.662291121042888555e-08
7.868740337667231785e-03,4.451399917524853721e+06,2.728355174397267158e-07
6.149832183157331877e-02,4.368288990753299440e+05,1.604894557912396660e-07
1.335486929476277724e-03,4.690406598766575917e+05,8.725644573208076965e-11
-5.519405104737188338e-03,8.134712334327662364e+06,4.482973707189015847e-07
4.903864198127127517e-03,4.881615756257667206e+06,1.274386916958810275e-07
-3.867159754549297397e-03,1.385345992429685080e+06,6.382605214505855983e-09
1.645735511820144810e-03,6.976308371991580352e+05,2.931356711588743803e-10
-5.804151530786840624e-02,2.998057445055685239e+05,6.733713505881181635e-08
1.324740531002262939e-02,3.177805897940259427e+06,3.941065309670225615e-07
1.569428268887533865e-03,1.237330169865905191e+05,8.385933175510907023e-12
1.462092165336380343e-03,3.861270635285253637e+06,7.087731137664294239e-09
-1.980477404002226050e-02,3.699782100358098396e+05,1.193958764304480712e-08
-6.422506272222178181e-02,2.065534937490829034e+05,3.913554761052170619e-08
-6.565019439382746569e-02,1.370242093757514143e+06,1.799549897073468608e-06
3.472655587292633461e-02,2.121623800917889166e+05,1.207139423503692986e-08
2.551997539339435905e-02,7.541733440844828729e+05,8.237588811991045736e-08
-2.799921179532874598e-03,1.147192164957277128e+05,2.294358118152807763e-11
9.790766984259799410e-02,3.268525866004707059e+05,2.277374912736161305e-07
8.216833042810735635e-03,1.229945573039478855e+06,2.271318107288966443e-08
-3.577271030075931252e-02,5.359092098391718231e+06,8.173035452547670958e-06
-6.885531641894274135e-02,2.576129089038938400e+05,6.996928733590954158e-08
-5.394126734159718217e-03,1.680236631039060012e+05,1.826755566877011879e-10
-3.567319381049011140e-03,4.468047253228637390e+06,5.649587666702009443e-08
-1.981247580942075218e-02,7.136349485781486146e+06,4.445565054968422848e-06
3.174377028027902670e-02,8.510848183378748363e+05,1.623154847223443141e-07
2.278219208635488824e-03,1.817325180077894358e+06,3.812005837921470513e-09
-3.436344088329056339e-03,9.690585040995555464e+05,2.465985581835471012e-09
2.294986491479820978e-02,2.000120309273594175e+05,4.685649047512584718e-09
-1.235020853047315292e-02,1.529409313821023796e+06,7.934020038412214118e-08
-7.334114618362842786e-02,3.420476129863715265e+06,1.399476996476746281e-05
-2.668524761661612496e-02,6.043897790853781626e+05,5.784608177904576500e-08
-1.421722754363395147e-03,1.027037643129905191e+05,4.741325839036285609e-12
-9.008819795568079672e-03,2.536291040604222100e+06,1.160997341194379473e-07
-1.879272798601946699e-03,6.521799313723653555e+06,3.340502239511113846e-08
-1.532057769273669628e-02,2.473421404286315199e+06,3.193329720658140588e-07
5.947849757275899124e-02,1.018173895125143026e+05,8.155698190541868104e-09
4.766722876765766038e-03,7.100329773286448326e+05,2.547382133080413284e-09
-2.820227565527311415e-03,1.677061923974514240e+06,4.974664018739462756e-09
1.591769360642987866e-02,2.517906863656353380e+05,3.572208961509710840e-09
-4.978079599208506956e-02,5.938487184239217313e+05,1.943446416207011965e-07
1.063639856216933022e-02,3.191831567707333597e+05,2.563104936628843253e-09
8.951551663067680922e-03,7.538331098770668032e+05,1.012614898311868828e-08
2.034381362867110528e-03,1.039011249757755548e+06,9.935791911347587339e-10
-3.163275880679343802e-03,9.731090408397172578e+05,2.107144919338151101e-09
-1.274550642356210269e-03,4.201346867809238029e+05,6.376590393664241504e-11
-3.908604927529714390e-02,1.691609135492136702e+06,9.721669321596236674e-07
-3.257624028801309884e-02,1.558413071413688594e+06,5.731447709951812870e-07
1.602833069313989306e-02,1.037947703663647990e+06,6.154953603987218629e-08
-8.049816796926906326e-02,2.314048465446032118e+06,7.716389558458880903e-06
-3.498887769374530582e-02,1.657938171048974618e+05,7.483313438086210017e-09
9.472212922069501995e-02,1.149352091792466963e+05,2.635762866875226233e-08
-1.552496991965617718e-02,2.177256882258373662e+05,2.540844747574537234e-09
-3.179626275358585219e-02,1.788050174315580516e+05,7.188012232784546041e-09
-2.149176908844564315e-03,1.210947315788973123e+06,1.506232727728836910e-09
3.179088745797442606e-02,1.075588428946358908e+05,2.600128410847018415e-09
-8.071518865506156770e-02,2.729803799713156186e+05,1.079619327435503256e-07
3.147276615379716869e-02,1.947156338303516386e+05,8.351581539629488491e-09
2.451166577031765100e-03,5.634671713250597240e+05,4.242092550745671440e-10
-1.317491070984325901e-03,1.191060808969930513e+05,5.475962697619959815e-12
-1.097797132834870239e-03,8.510105358252447331e+05,1.940936416764160636e-10
-4.948456179223152326e-03,3.686373623563136789e+05,7.400062844666547304e-10
7.893005337298699201e-03,9.613664910599213094e+06,1.280442275256517142e-06
1.486752951457889944e-02,6.640859279997417470e+05,2.167821026643835085e-08
-9.034985895082198182e-03,2.414183622566618025e+06,1.058017392744241591e-07
1.000246172462678895e-03,1.569001511924031656e+05,5.477189551786357675e-12
3.070516345026300803e-02,1.834487602269192226e+06,7.055854877455976230e-07
-3.017764203887656795e-03,5.863644223649031483e+06,6.963107165147432416e-08
-3.056502220997300151e-02,1.431237819911445258e+05,4.255692984943281233e-09
-5.302646371649090418e-02,3.810132107057970483e+06,9.077424582828889636e-06
1.174619243399522943e-02,3.915197906668128446e+06,4.703259193003836875e-07
-3.531807739023981596e-02,2.558737962908130139e+06,1.816113486305090965e-06
-2.586684807742224007e-02,7.064101812243764289e+05,7.425029357040785258e-08
5.377076881902793926e-02,2.199327278174626408e+05,3.110064989016485653e-08
1.058533156096147466e-03,5.983139267085993662e+06,8.919990788253300944e-09
9.670951482833099744e-02,3.173847264600387309e+06,2.095114228101373929e-05
-2.443854149459663561e-02,2.046847409597450402e+06,5.564405261973480100e-07
5.186178801219378659e-03,1.394386386898826342e+06,1.162943163999396561e-08
-7.409665455461242681e-03,1.064031954109370708e+06,1.382304722694146206e-08
8.272058932862319178e-03,7.133960292118323967e+06,7.744365927552998255e-07
-2.096681195135995796e-02,4.734796255552674411e+05,2.191616904620664662e-08
1.637385870093514264e-03,1.460311965797678800e+06,1.271424613760082445e-09
1.805108996078387193e-02,3.336646468482741620e+05,8.067231119156149311e-09
3.851701999611457320e-03,1.523067117197714979e+06,7.653158226526558844e-09
4.427586453019786983e-02,1.873830373674421338e+06,1.530706403795277171e-06
-2.341221903616862859e-03,5.680963823281091172e+05,3.933928433923317559e-10
1.320864240874192186e-02,1.472707550233435584e+06,8.414855118673535537e-08
-4.237458767697984546e-03,2.849375527037027059e+05,3.241959618082837914e-10
1.558995720213934583e-03,2.811523678097958909e+05,4.272387022513877522e-11
-2.188829011696860269e-03,2.484877255065932404e+05,6.578559469336615980e-11
8.127937436330237575e-02,5.102175444978390587e+05,3.824447743521871758e-07
2.268467230872180801e-02,1.344301936226135876e+05,2.068025639711606745e-09
8.278660197564713386e-02,7.819284431028084364e+05,9.318615381402911570e-07
3.749299028389815880e-03,5.223467589574796730e+05,8.529335896241396113e-10
-5.685331929216913549e-03,2.328059670413641259e+06,3.895804153207580314e-08
-2.484383897771949914e-02,3.254047072546490002e+06,1.453390523591152722e-06
-7.504977662103727576e-02,5.775848383163160179e+05,4.178569473632231336e-07
-3.644713298629741194e-02,1.980756758022047114e+06,1.159007605935199119e-06
-1.380316116750778021e-03,1.412440271479452727e+06,8.452682408899590048e-10
-8.122608550371612779e-02,5.726530510030748323e+06,4.811399915538741936e-05
-1.488917832034768879e-02,2.691787436359924031e+05,3.572072267225142017e-09
-1.817258301056945413e-02,2.827068256396108773e+06,5.869527767698419445e-07
2.598584259060200338e-02,1.557102401466009615e+05,3.640870283841091827e-09
-3.555782381474814624e-02,7.896649278068900108e+06,1.753288149023802544e-05
-9.024931283439557861e-02,3.595455442777607124e+06,2.341493089058110705e-05
4.457833164780153519e-03,3.959497244726883364e+05,6.928272526092779912e-10
-1.802897156736110555e-03,4.561756532974438742e+06,1.504192308065271227e-08
1.635693094257604369e-02,4.811386051942220889e+06,1.377340444788666547e-06
3.152377749234760301e-02,1.044075244328488043e+05,2.409003074762582210e-09
1.422050435705080095e-03,5.779558509677351452e+06,1.502161335472784553e-08
2.413736915789077911e-02,1.955212310661216325e+05,4.952961609417648887e-09
1.315314605489944578e-03,1.014647690377326333e+06,3.960837982430402679e-10
4.882869051259924181e-02,4.191457590786642395e+06,9.314886301212442349e-06
-1.748198090052842857e-03,2.505631678312510718e+06,4.266905215501161837e-09
-7.533417364462298427e-02,6.596447358734260313e+06,5.491633050136703135e-05
3.018218065355890781e-02,8.465556962939653313e+05,1.451809224867066301e-07
2.748994259950729782e-02,5.657411800283679040e+05,5.378739366072390801e-08
9.736292910616742291e-02,1.645662259381324053e+06,5.709077402647793095e-06
6.895524381587044005e-02,8.145391048655622639e+06,7.015453095502013686e-05
-3.103654469410086977e-02,3.731815367882223334e+06,2.983213107080935147e-06
2.970750306433495372e-02,6.710994154414538061e+05,8.839002825657581715e-08
9.413594526483199873e-03,1.523851087166049110e+05,4.576076591432638140e-10
1.722293905198050805e-03,4.940720754903385416e+06,1.610246623773328351e-08
2.028615448110872646e-02,8.362700142384289065e+05,6.400144165530574605e-08
1.090705692637091058e-02,2.556429541349140462e+06,1.728940569463651404e-07
-4.153395365455845104e-03,4.460801134543726221e+05,7.633602184497637393e-10
-2.530446209713040767e-02,3.164692745377354440e+05,1.426115083109073265e-08
-1.110703862395723404e-03,4.594922051728498773e+05,5.792287521352474968e-11
4.683601884560077699e-02,1.833979569623655407e+05,1.640764237090181983e-08
4.534793363972648012e-02,1.545339625026981812e+05,1.092094291216864967e-08
-1.171025986676729053e-02,5.627751600949568674e+05,9.658288110270519708e-09
-2.157458238206956883e-03,7.066557581130863400e+05,5.168896670486915794e-10
8.779512593417639066e-02,9.187232909832503647e+05,1.446796720903539811e-06
-6.191822671441039871e-02,2.842766756176867057e+05,6.889960414343435672e-08
-1.045952321615488314e-03,2.150655238234957680e+06,1.125285232052220829e-09
1.829107103989875043e-03,2.329992606733952707e+05,4.039100035786292652e-11
1.615173447658784303e-02,2.698007314334129333e+05,4.223007268414130485e-09
1.011624442690533567e-02,9.754585411450266838e+06,2.165476675817809511e-06
1.495556372005879325e-03,1.667885186772093410e+06,1.383678295608559338e-09
6.327388167323679848e-03,8.771061627014331520e+06,6.849368488666125823e-07
-1.091480291595430018e-03,1.454950766382667003e+06,5.608227752684277483e-10
-2.307799354917345214e-03,5.205953062052357709e+05,3.209917289010853329e-10
1.098479697484875273e-03,8.605732922107081860e+06,1.987270780106697184e-08
-1.971377985587528803e-02,1.159633675061024114e+05,1.162194169850871806e-09
3.054920812841988628e-03,1.393790610790041508e+06,4.031737371247822268e-09
8.273056443808570609e-03,1.635383683995675296e+06,4.070694836395730409e-08
6.546280320605779579e-03,5.361255944215123309e+05,2.739173420955569070e-09
2.418330192810762974e-02,1.497096510811940767e+06,2.914929416361636709e-07
4.413514505873431665e-02,1.951440360897320556e+06,1.649593487304147760e-06
2.920121770343517623e-02,4.098630154310847865e+05,3.185492863761172058e-08
8.662236447375164239e-02,9.249694482648713514e+06,1.427618263928863158e-04
9.276512443503281621e-03,2.253652236283657141e+06,9.719423687386999417e-08
-1.170751646279890278e-02,3.606938289054465014e+06,3.965557294006278605e-07
1.895361903742502629e-03,4.091243688408859307e+05,1.337187294748411577e-10
-2.866435457271221399e-03,1.819553437261464307e+06,6.049384850639169434e-09
-2.410123187413795373e-02,7.313767253416253254e+06,6.909681096802364799e-06
3.639654468210690164e-02,1.936268112299809232e+06,1.104456329647452347e-06
3.690538998493840539e-02,2.894109971856219694e+06,2.536920790910885721e-06
6.602035798929793697e-02,1.439216226165834232e+05,2.007729008064661391e-08
-2.655462250751298298e-02,5.103116212368572014e+05,4.083649237926527599e-08
2.209312750646338225e-03,3.627254999495143071e+06,1.428130270358429387e-08
-2.869855097632657837e-02,5.276298903704466065e+05,5.098893839533087090e-08
-1.502049629650743442e-02,2.644174027049318538e+05,3.507889347218777421e-09
-5.256129452841246802e-02,2.340874969764173438e+05,3.366555604984465558e-08
-2.232776831932239622e-02,2.562102620092590514e+05,7.277478413354863959e-09
7.442575394806734065e-03,1.022037265867773094e+05,1.286699698278274499e-10
2.147445751569245637e-02,1.728318119402313605e+05,3.063296394218400480e-09
-7.732828303918254376e-02,5.292321295909789624e+05,3.724486374786489570e-07
-3.781394976189925324e-03,1.274832580328221200e+06,5.167823164222275671e-09
-4.442921453497050005e-02,9.292712908891301602e+06,3.790701277702925975e-05
-3.133116175903519207e-03,4.148113437130460516e+05,3.756224118212017705e-10
-1.489881768787360786e-03,2.440170075685033575e+06,2.939280653908214990e-09
3.719413391814830466e-02,4.319142951063308283e+05,5.739067168991084872e-08
-2.142225008252840891e-03,4.136726378859083634e+05,1.746389098879615735e-10
4.631760666486514806e-03,8.934471667202666868e+05,3.808265540832722420e-09
-1.979806391365519606e-03,1.525295911586338771e+05,2.027920412503003560e-11
4.497468971366825469e-02,5.816258850891625043e+05,1.521672019554510501e-07
1.817543143887857468e-02,3.895753763289636001e+06,1.114935402073670902e-06
1.140600234031264974e-02,2.707618083733600797e+05,2.120991730445398903e-09
2.102054805970449136e-03,1.543176504927550268e+05,2.340003599750345202e-11
-5.182490942764285576e-03,1.759842201618462568e+06,1.849787370977486514e-08
-1.084759484923955835e-03,5.468132480995119549e+06,7.824240999613400772e-09
5.089591191803946070e-03,5.534858996157214278e+05,1.764721487303547438e-09
-1.766448099465814598e-03,4.801222550435091369e+06,1.599567931092372577e-08
5.441838298675128090e-03,2.109663898022556212e+06,2.930994868676474717e-08
1.841036451021349062e-03,9.458209443168903235e+05,6.742793798099727294e-10
3.147349723277614170e-02,1.570299890245427378e+05,5.431908643247697462e-09
4.993405955528255197e-02,8.526446813969191164e+06,4.031133444520783657e-05
7.083518892395186672e-02,2.198594639779884310e+05,5.393686414140972012e-08
-3.902806303873355281e-03,9.433598688439307734e+05,3.014435809986504065e-09
3.116078832345522270e-02,2.665593993777097203e+06,1.534271172554820454e-06
1.381083354541077710e-02,9.531686572590057040e+05,3.853687894292826407e-08
1.318377704362867081e-02,4.758116717788030510e+05,8.750787396329698840e-09
8.052024081749534212e-02,4.161971914700228255e+06,2.497501002069588255e-05
8.167191573022199169e-02,1.469673988506778842e+05,3.203942780540137751e-08
6.969005844126288651e-02,1.086669508827548940e+06,1.275363167487899243e-06
1.880288441832654589e-03,1.005510261049087421e+05,7.949123000441931011e-12
-2.515723315936652365e-03,1.352235796810255852e+05,2.573521834510682332e-11
5.643928656059133547e-03,3.394869678209782112e+06,8.164065786808273125e-08
-2.181626137631953802e-02,1.066222764116288599e+05,1.203244286043405660e-09
7.511594882064269625e-03,2.878962417394801043e+06,1.040000519684043557e-07
3.344562038074469067e-03,1.585039955082667875e+05,6.249657121732263749e-11
1.909010178660010618e-02,9.844290598417308647e+05,7.853849761454647866e-08
6.621908936418711977e-02,7.515044323100507259e+06,5.507148044131481929e-05
-1.910412274701773268e-03,4.756134012028565048e+05,1.835944787187656649e-10
1.638470579211273289e-03,2.017264648420894053e+06,2.429407126085426506e-09
-2.530089647772109512e-02,2.479518413324336056e+06,8.751928185343944584e-07
1.093813292159056833e-03,1.107847224026449112e+05,3.265452655313268548e-12
1.171823805843461843e-03,1.328305186946290080e+06,5.387876355147474315e-10
-1.333486408280683787e-02,4.169130672219840344e+06,6.873302406263532018e-07
8.093040023323805343e-02,7.247267941541112959e+06,7.650137886645739030e-05
2.083187318343334218e-02,1.535401489937569131e+05,2.275085969038511195e-09
1.961947597273530977e-02,5.071409135683536297e+05,2.201554061922123481e-08
7.242858444091576642e-02,8.944265126224957639e+05,9.332684264526370954e-07
4.006109533567574904e-02,9.609893217113548890e+06,3.295945434620829419e-05
1.313149367318191705e-03,4.290573519319101470e+05,7.059211665554840847e-11
1.819133116352549678e-02,1.467006276924696751e+06,1.583762861378776078e-07
-5.070099836262889625e-02,9.548500091312134173e+05,5.211954144180937380e-07
1.746661182186815594e-03,2.766802556625097524e+06,5.193629013715503321e-09
2.436467879640343524e-03,8.964041313351361314e+05,1.060782460130460992e-09
-1.366034773050828557e-03,8.479756643892852589e+05,2.983922488122776050e-10
-9.744917940441877660e-03,6.864403734839054756e+06,9.950828953184285969e-07
3.091920880077784345e-02,8.789070424952544272e+06,1.642252317965441788e-05
2.081302196194934149e-03,1.932336576948468282e+05,3.596939099886129889e-11
-5.817413383527635790e-02,5.137012321043888805e+05,1.985995758732844687e-07
-1.541878820278716911e-03,2.225513907559088431e+06,2.618534869016031475e-09
-3.863778377147860515e-02,7.172162957984428853e+06,1.707740834165587777e-05
1.016663839797274154e-03,2.050838327593377326e+05,9.667515012132974486e-12
4.581412782410797940e-02,1.054659600125344470e+06,5.191833033122444403e-07
-1.157598974480806512e-03,1.606057791652108426e+05,7.686627840933764348e-12
5.857830507715056263e-03,9.089312279659630731e+06,6.304242389355135564e-07
1.053274834606333400e-02,3.679043212891431176e+05,3.339261607066113454e-09
8.272435687249218850e-02,4.579614253755312413e+06,3.191698402996293916e-05
6.690627613100195992e-02,7.469890595214195549e+06,5.554685183459794219e-05
-1.177077459165668492e-03,3.039193566597281024e+05,2.845928987176172919e-11
-5.105927744870804481e-03,1.173072231061022030e+06,7.978037779018731690e-09
-1.755065708049835657e-03,9.741212855531068053e+05,6.499950934529244074e-10
-2.166728054007157483e-02,3.149863689945277292e+06,1.035832620395705688e-06
-4.610338783595785764e-03,2.711099861288738321e+05,3.474193153441072636e-10
1.458281034927007107e-03,2.581160068783686729e+05,3.150718345923237347e-11
-5.628532259057608678e-02,9.446301514914311701e+05,6.286532669490921555e-07
-5.871662735007871642e-02,2.505735799263559282e+06,4.813821807350285802e-06
2.429241755693400603e-02,8.247961576366226654e+05,8.927543678751693528e-08
2.480927031152604760e-03,1.666917301428273786e+05,3.803236576518486531e-11
1.306958312673789716e-02,2.166849687952626962e+06,1.783521269193770932e-07
-1.802942714423223574e-03,9.077854120428449241e+05,5.956998698649662396e-10
1.255786600120118368e-03,7.736700868784270715e+05,2.099135875313019185e-10
4.334687822124545786e-03,8.455842643475595396e+05,2.987629141113162434e-09
-4.157067265900693531e-02,2.175737806718499633e+05,1.819216854596456796e-08
-1.055174955752288595e-03,9.331937946317732567e+05,2.156204184943707194e-10
-1.558123478094608494e-02,6.253113121902750805e+06,2.111025913787196920e-06
-2.663385651706408341e-02,3.321598800266492646e+06,1.740442628831248637e-06
-1.424906586990606384e-03,4.197888966237455606e+06,7.956680757830938403e-09
-1.352044523605523468e-03,4.082992541528060567e+06,6.776983222780858149e-09
-6.506731588228995000e-02,3.919431356242962647e+06,1.446335878602205809e-05
-1.419755825344263178e-03,1.143713388896449935e+06,5.863527677866177927e-10
-2.282181210362345045e-02,4.519341723609590903e+06,2.365635689420278721e-06
-2.128964406819567300e-03,6.012177323877768358e+05,3.643322487916292452e-10
1.082145778156248491e-03,2.450368816047981963e+05,1.563621751241180749e-11
-7.725673370837363163e-02,2.104905496017312689e+05,5.880782813105208164e-08
-3.142577959005123794e-02,4.626664307973765768e+06,4.701163448415434461e-06
-1.229143498220734232e-03,3.251570814238335006e+05,3.552130071597160566e-11
-6.068491880433184160e-02,1.184322584361684858e+05,1.148679374738041345e-08
-1.415495213788531270e-02,4.450753146335213445e+06,8.826348598348235563e-07
2.954419172852968886e-02,1.915491856287651230e+06,7.122002083564504678e-07
1.704828106532682575e-02,1.166104725158429239e+06,8.788880393493338153e-08
-4.275621593407595913e-03,2.933927455167375505e+06,3.499407484693797962e-08
-4.777193944777892963e-03,3.244827789379436290e+05,5.343506010637979071e-10
-4.533168803361100480e-02,2.903490929683972616e+06,3.852494084446896377e-06
2.802830385128920587e-03,1.768222491099046078e+06,5.462163616751484802e-09
7.011566679345074271e-02,2.725667010634957813e+06,8.122186980718110850e-06
-6.162178613217624175e-03,1.888797810822685424e+05,3.012567292506341947e-10
-1.573390748527333897e-03,1.796501268819084624e+06,1.776746593480644289e-09
9.400521935539114804e-02,3.006401837804154493e+06,1.776213805600186573e-05
-3.286529100595695675e-03,1.346669938626700547e+06,4.356066948889467110e-09
2.444973994642914063e-03,3.580189611213133321e+05,1.703953719906975704e-10
-1.362308314798286188e-03,2.460370428139884491e+06,2.498325737857970766e-09
3.195491148852110715e-03,2.124919115793354809e+06,1.025314962897740470e-08
3.905622104201160461e-02,6.448485011228169315e+05,1.410564923086633329e-07
-2.972153732289502855e-03,4.906809394743001089e+06,4.729749774196813146e-08
-2.616642727425477679e-03,1.166887490220593318e+05,2.073213728028423917e-11
-1.131862972180192224e-03,7.635219663591932040e+05,1.660840887487064186e-10
2.071823757827362042e-03,1.207550048557747155e+06,1.391916386559503681e-09
-9.420258353486841985e-02,4.084787399360070936e+06,3.292773009654767686e-05
-5.829049248326926072e-03,2.565686202806653455e+05,4.973931238902034524e-10
-4.360694651670523996e-03,1.665522695267113158e+05,1.173031608743343148e-10
5.744816223048820544e-03,1.378988136298179161e+05,1.395630945440113014e-10
1.876457014017426927e-02,2.542713961393426580e+05,5.062552101809844612e-09
-2.168203105349253076e-02,3.753585870859201998e+06,1.472956380555837499e-06
1.119211024954788920e-02,5.837284344107228331e+06,9.491676058885977699e-07
1.894050273832736421e-03,7.371307499439348467e+05,4.334802469331321983e-10
-9.585338531154589947e-02,2.584391898423681560e+05,1.364673957410881876e-07
-7.140350695397908176e-02,2.498227325940362061e+05,7.076202364488881167e-08
-1.775320323402417846e-03,4.741921244282460772e+06,1.576011468941697052e-08
-1.254703715369234361e-03,4.720162620136557962e+05,7.799980934072789689e-11
-4.371810707565567528e-02,7.107888241151672788e+06,2.147341565544011644e-05
1.637329525627902529e-02,1.025791193755091052e+06,6.273174525404675073e-08
-1.152488622885267967e-02,1.535992222845639335e+06,6.968648796268732798e-08
-2.171726038454455457e-03,5.106820038464941899e+05,2.735321852498554866e-10
2.643561924052373249e-03,5.044180288259730441e+05,3.954189037801129078e-10
-1.032927362345319351e-02,4.542084179616177455e+06,4.894937740962436981e-07
-8.324084577121598771e-02,3.865872365912705660e+06,2.302847833576592839e-05
-1.232592335911649947e-02,5.223811997517007403e+05,9.219582471247397219e-09
1.205049590617757703e-02,1.169857435053522699e+06,4.419498274494248206e-08
2.118466760984626454e-02,6.736352596916815266e+06,4.528873406449269076e-06
-5.206307867742559353e-02,1.245303544631624682e+05,9.347756499782175748e-09
-7.352936245839535381e-03,1.305007906511780573e+06,2.047600076484302512e-08
-1.726634830398965717e-02,4.194283773158530239e+05,1.166309641567270611e-08
-3.108865430239554292e-02,2.965295991488827858e+06,1.889892923347024481e-06
-4.226575947971015351e-02,3.707454970133209135e+05,5.460424100905282131e-08
1.458385889902269472e-03,1.864762589049074333e+06,1.644709699493999875e-09
4.157260586097387065e-03,1.453831944446260808e+06,8.123443433183872357e-09
9.804149555330318039e-03,1.594064123614822049e+06,5.431611267699369443e-08
2.036217678237896289e-03,3.101735298221204430e+05,8.870643433124554216e-11
9.319181109882477415e-03,1.158846617881268961e+06,2.593609985646295172e-08
-8.289776875563441630e-03,1.241474548624383286e+06,2.355366936755426152e-08
3.862630318884743841e-03,1.737749530980928103e+05,1.001931199731185138e-10
-8.469282855479415284e-02,7.820776107094474137e+05,9.756414250627298317e-07
-3.290809636625020070e-03,1.343483508494841517e+05,4.346777904688130478e-11
-2.095866473641095143e-03,1.505283637871152721e+06,2.213406360147988431e-09
-4.066127224653841299e-02,1.601727106453863438e+06,9.432704455018663610e-07
1.819472832090456710e-02,1.604589993902800372e+06,1.895468450765032383e-07
-2.294112500253111739e-02,2.044001505132188031e+05,4.889777475476508212e-09
-3.089244709081133758e-02,6.363567787923614960e+05,8.594155811625387005e-08
-1.489707394279087341e-02,2.042527719785507652e+05,2.058899346341081738e-09
3.026879722739556685e-03,9.107911074014481856e+05,1.690149580206783150e-09
8.013175430717631165e-02,2.318191973450756166e+06,7.673709381590033775e-06
2.274600231992507382e-02,3.592247505882440018e+05,1.484704116104657646e-08
7.713509910851393259e-02,6.318042974415206118e+05,5.281611898973761497e-07
-3.371056613195287394e-03,1.923948696674438892e+06,9.354408189580197736e-09
6.983819597889619202e-02,9.351973158500321442e+05,9.486145433812563433e-07
7.815637471564956806e-02,1.897512252728587773e+05,4.890972727908147579e-08
1.664912438290456608e-03,2.141258374654428044e+05,2.826299588637772662e-11
-1.582379456460763015e-02,1.257458256009572651e+06,8.804519826042411330e-08
4.628547685295898370e-03,4.523370966374902055e+05,9.747901846754680928e-10
-4.679932157743446272e-03,2.320943440728236455e+05,2.623647468231717323e-10
8.639255078287906564e-02,3.844071550863329903e+05,2.452634143531768561e-07
-5.621954716035648496e-03,2.823324482645908138e+05,5.602650416739508273e-10
-1.290353439294012351e-03,9.478277790671817958e+06,3.326392430843604446e-08
2.935596019530463136e-03,1.323411841733988607e+06,3.356447538219785030e-09
-1.056020790988633322e-02,7.560812240398253314e+06,1.417682878521432143e-06
-1.147210036831918445e-03,3.683310496913047391e+05,3.970633366424773307e-11
2.090640135946456729e-03,7.678875397357346956e+05,5.731272511525375451e-10
-1.374487923894443129e-03,2.790151148343001259e+05,3.270653742396536167e-11
-1.266224785636189433e-02,1.337558871959784999e+06,6.378883696182060595e-08
-3.896698878008683208e-03,1.512040310626478167e+05,7.720006792437243028e-11
2.764133528691440668e-03,7.795343719964000396e+06,1.032489935524060904e-07
-7.118270493258949116e-02,8.626437357098618522e+05,8.385117844867978503e-07
6.069640140746751511e-02,3.214234513882335159e+05,8.464050721446811527e-08
4.465314654181187087e-02,1.335116105482016865e+05,7.903863930034503329e-09
6.120434476807717211e-02,5.284600548441341147e+06,2.326409096324708300e-05
2.194949520306107953e-03,1.990405157481899951e+06,4.244527001288100434e-09
2.293732856188163485e-03,2.212965164671177045e+05,5.729702551012244553e-11
9.763878152461898108e-02,7.144015951073207892e+06,1.081998811441124122e-04
1.040400452378440182e-03,4.433578151285112835e+05,4.731589416341149389e-11
-3.710903001754855407e-02,1.726147935033745132e+06,9.124571566084924412e-07
-1.469528696863958359e-03,2.078243292016646359e+06,2.074178689954053966e-09
-7.402164585800284635e-02,5.393224304067064077e+06,3.544146708829236896e-05
5.391545893971562767e-03,2.017698288488699181e+05,2.631699599903334740e-10
6.798162615033501513e-03,1.303940469543853309e+06,1.747414266674897620e-08
1.099931291409780333e-02,1.340837508256791334e+05,4.837050990695204179e-10
-5.300481612340636646e-03,2.539771712008870672e+06,4.030113510125815469e-08
-1.421210020886628156e-03,2.045261653511003358e+06,1.878933995923450741e-09
-9.603022498152260014e-03,1.178014768857537565e+05,2.845867091699640347e-10
1.468392259778985437e-02,3.079181056586548220e+06,4.546234948237693984e-07
-1.044826148938441009e-03,4.938745058311317116e+06,5.921320017450104575e-09
-1.208649674950570789e-02,5.850561172119572293e+05,1.111970277375786798e-08
1.691634926159310505e-03,1.502135672696930415e+05,1.435915410911541625e-11
5.668794322265403862e-02,2.007086217472063436e+05,2.878794788864784709e-08
-7.937410483668648487e-02,9.092684285067054443e+05,1.158348271838639983e-06
3.879519973168633895e-02,1.307445587540145963e+06,5.721375898454695121e-07
2.314865532883810580e-03,2.521602275018426590e+06,7.577081574885534482e-09
-2.068739889337585167e-02,2.290875698057337140e+05,4.994730707108246306e-09
1.571817538800355770e-03,8.303626942348906770e+06,3.788237249220141659e-08
4.061922580718411654e-03,5.974282895280073863e+05,1.309580201727254037e-09
2.157823104042953192e-03,4.444986482972446829e+06,2.045831293616120544e-08
-7.888137996043488934e-03,5.255090356717898976e+05,3.821260324926508928e-09
-4.839946657928121537e-02,4.785295505117491703e+05,1.192877713002867776e-07
-6.631272038087923995e-03,9.813251673273365945e+06,9.417092008564380203e-07
4.162949538065613755e-03,6.020239528788193129e+05,1.396777033542638388e-09
1.900044021779894766e-03,1.845059197041935055e+06,2.733034954158789028e-09
-4.786540850345936612e-03,2.702255334055063780e+06,3.720433579151190070e-08
-6.744412209960193305e-02,7.050231726441063220e+05,5.027964996572203628e-07
1.013389879286234925e-02,2.738800378197957762e+05,1.713054319101913678e-09
2.205642187352570803e-03,1.509381285194747907e+05,2.464706963632226818e-11
4.250089308898826086e-03,9.806289262671368197e+05,3.862804799653023602e-09
1.394652687406296686e-02,2.368628416046662896e+05,2.426740045445037160e-09
-7.365598909024641261e-03,7.677339136548043229e+06,7.111068022276067123e-07
2.630204547070538312e-03,1.133246242053869180e+06,1.975717624947313502e-09
9.012751534587615243e-02,1.336637514369397832e+05,3.227300010941315877e-08
2.531431697389615459e-03,8.614403718554379418e+06,1.057499378574326726e-07
8.179239679269306729e-02,5.174799522812485695e+06,3.983916053629404545e-05
1.619873943619392883e-03,2.294475217165178154e+06,3.072036930098040595e-09
1.637560983276463433e-02,2.378595090518597572e+05,3.373908118209674979e-09
-2.348327197418943052e-03,2.573670545325333718e+06,8.123073276051471423e-09
7.991582686734798047e-02,1.377050622252323374e+05,2.693163108563860510e-08
7.054696455719157433e-02,1.290643234034942929e+06,1.843598442452167658e-06
1.122926968960878116e-03,9.686371149656197056e+06,2.631009925910908302e-08
6.207434954106770542e-02,7.855079878772631055e+05,5.287164426712121442e-07
1.177325751676724583e-02,2.340095465803393454e+05,1.687942653124762323e-09
-9.379864204328281635e-03,1.518602306288173888e+06,4.512097366090587333e-08
2.134813767181837491e-02,5.859250080499436008e+05,3.479375567915862558e-08
-2.877591508838273429e-02,4.942020770153785706e+05,4.497432663452041530e-08
-2.130394307323160014e-02,1.340133196742599830e+05,1.812646709721756674e-09
-3.986190827301477023e-03,9.184808127780145733e+05,2.980942492951063175e-09
8.953925483964940771e-03,8.705945445262147114e+06,1.351313404552415414e-06
6.382583634286984053e-02,9.382964862636324251e+05,7.975730285444568834e-07
1.250653105107327016e-02,3.027847365954417037e+05,3.188885597359119995e-09
-4.264096168848150598e-02,1.014032704189309588e+05,4.157719209515825945e-09
7.267150054389899527e-02,1.044276176153578330e+06,1.280726059614269410e-06
-1.706533672967828260e-03,4.451657892622686923e+05,1.283425128012389317e-10
-6.959577815716942555e-03,2.496848940243267454e+06,6.715024123518020972e-08
1.338727081511879771e-03,4.232074985342814587e+06,7.138189227196879519e-09
-1.603859780563535479e-03,5.822901099808235886e+05,1.939585245960893773e-10
-2.034820407163606334e-02,1.766694361613361165e+06,2.873904057272134876e-07
2.398481692506605062e-03,5.530540182432954898e+05,3.912957855453446927e-10
8.503804377474544901e-03,2.440165482341839001e+06,9.575519203143268574e-08
2.124545974554241379e-02,4.408209823532759328e+05,1.950536284635872346e-08
-3.458356773206420435e-03,1.785074383943955414e+06,8.475190613976813897e-09
-5.960136281024443726e-03,3.368712613845306914e+06,8.964737066230308260e-08
2.882856998298749876e-02,6.059080928494625725e+06,6.785111004981109107e-06
-1.823917886761272297e-02,8.144462146882544039e+05,4.907187287934424641e-08
-9.744304918720400610e-03,2.731931817674944643e+06,1.575936425808813250e-07
-5.402366388075557913e-02,4.503638896978437901e+06,1.316413849226201881e-05
1.995440093358801393e-03,5.895348858539214358e+06,3.077468794413815307e-08
-1.109521314153924694e-03,3.405221998797947075e+06,3.174383626581656051e-09
-1.113348903331401636e-02,2.696377009298166959e+05,2.004107682082457410e-09
-4.220003603115865358e-03,2.596975816829159390e+06,2.670906622867844025e-08
-1.223523784227275365e-03,2.085349077076242538e+05,1.447703455158313197e-11
5.601623272985849222e-03,6.350644945027835667e+06,2.814237277332912008e-07
-1.340553395775146350e-03,1.205017816319944104e+05,5.802997999045288845e-12
-1.249309893120041995e-03,3.704490319980069064e+06,4.763153058428577715e-09
1.333685822831300050e-02,3.652265409037568141e+06,5.276293915068419980e-07
-6.441095517104765411e-02,7.648131267920774408e+05,5.396689059624903798e-07
1.050369738029564111e-03,1.429048975699483999e+05,5.010440143499279140e-12
-2.786799053786944910e-03,1.406778988801909436e+05,3.417907505061741215e-11
6.899091715935508351e-02,2.582970442435276927e+05,7.061873932542151995e-08
-1.497050045399092068e-02,3.244286959722220898e+06,5.245759911530318201e-07
-3.057100545088791560e-02,2.232652187410248152e+05,1.035997815027679972e-08
-9.241912931378216955e-02,2.055831556313116103e+06,8.027790901410650421e-06
-5.306276276861349346e-03,2.926554314649766893e+05,5.362782016766975605e-10
1.701648511904598187e-03,1.412882633741309983e+05,1.285432100716745970e-11
1.201128910131096794e-02,8.559431568184573203e+06,2.350532926192442065e-06
-6.251818548673594711e-02,5.122378033542846330e+06,2.280621596957743515e-05
-1.830694437801393473e-02,1.099448533039214817e+05,9.009045552215079929e-10
2.179755930315531789e-02,1.266504217511909810e+05,1.694830484615462984e-09
-3.050334790766468830e-03,8.584949523813188076e+06,1.524992679094050756e-07
5.781690409317981338e-03,1.558875702195431339e+06,1.806466416044131354e-08
2.008483075730873105e-02,1.329078457401636522e+06,1.584655422341529316e-07
-3.506689437667080862e-03,1.126942752531115664e+06,3.472926329504445513e-09
-3.546655329614498576e-03,1.174690310593425384e+05,3.859952794627618964e-11
2.163364119631080995e-02,4.094450939432073501e+05,1.744808783171053788e-08
-2.050106176120725533e-03,5.273307147751076845e+05,2.599058736082826951e-10
-1.593077682261227149e-03,8.285587245581037132e+05,3.874518572397904794e-10
-3.647220928272180106e-03,6.675703404460052261e+05,1.318303664295434000e-09
6.396456911859429995e-03,4.229629354656121694e+06,1.627724239756221001e-07
1.085384142901297568e-02,4.516151650773872971e+05,5.343197523744827817e-09
1.545568467900812265e-03,3.206869622859424911e+06,5.463064848655100120e-09
-4.322976128233554927e-02,1.163791738967387209e+05,5.628769510553811773e-09
3.725817507177587879e-03,3.035682541864030529e+06,2.844809009335776115e-08
4.458456622288699961e-02,9.381481953361860942e+05,3.890534193818711137e-07
-1.018255199788083241e-03,1.159600446397430642e+05,3.100468127959084901e-12
1.058241350819650456e-02,6.933015355029811151e+06,1.197046523849532782e-06
3.022278697258407899e-03,3.011706447333251126e+06,1.842432338738096661e-08
-1.994757478867405578e-02,9.296198896968530025e+05,7.646950320797849082e-08
-2.285220939301517429e-02,3.061060112506657024e+05,1.088171523639732964e-08
1.494319934037592786e-02,1.091262113339823700e+05,5.913472553304820265e-10
2.380019349446508767e-03,4.926041137443705811e+05,3.056710401944590165e-10
2.117484304959283900e-02,1.311138926313742704e+05,1.714095730158363220e-09
-1.161811707513969944e-03,1.856522451347652532e+05,1.034592102148183626e-11
-7.119251523360446698e-02,4.966970000918598846e+06,2.780667098026868591e-05
-1.880312904878648442e-03,1.699869693456920213e+05,2.271897668939358717e-11
-1.267725774657861657e-03,8.712443891449118033e+06,2.712863106647432424e-08
4.940829913666807890e-03,1.407966119975824258e+05,1.076171451184734332e-10
2.509517523226865998e-02,3.694977916054972447e+05,1.912059531479552616e-08
-1.340691147977702115e-03,2.519257340264758386e+05,2.536879269631799587e-11
-6.973940353853470484e-03,2.365537056900929892e+05,6.052199278141295328e-10
2.138279004964826688e-02,2.034134237843829615e+05,4.207123041634431696e-09
1.524460020744515705e-02,6.217421097841592506e+06,1.997790273662006576e-06
1.016306768776761155e-02,8.170675646446601488e+06,1.533426017757552643e-06
-2.386482869695812862e-03,2.725694837908323971e+05,9.409539213832684761e-11
2.010753195061152666e-03,1.014402237376698642e+06,9.251990587489404229e-10
-1.807956001090835554e-02,2.359391336550545821e+05,4.046438327420081306e-09
2.219143633967577030e-03,1.479454278451940045e+05,2.397017321660653176e-11
8.521177554811897384e-03,5.082507822100372869e+05,4.171119107122713793e-09
2.125211431926625830e-02,1.048657756752159330e+05,1.104508556115633814e-09
5.321612554063462341e-02,2.645806139055166394e+06,4.408590843146010216e-06
-7.313175961081195414e-03,2.237609296411096002e+05,5.954945785300186881e-10
1.207056497314044734e-03,1.318508122837977135e+05,5.632718739785020539e-12
1.617601175860975890e-02,4.117495145918547176e+06,9.865210354628744596e-07
-6.612039081144087220e-03,8.090363731305762194e+05,6.363618985013449461e-09
-6.808533477420956360e-03,1.488057749207146233e+06,2.282674443764685028e-08
-1.185551509385314450e-02,4.223446139060212299e+06,5.575348590473190595e-07
1.486555131648339013e-03,2.232551481416120194e+06,2.449414339258948763e-09
7.146540835020322169e-02,1.876113703220705793e+05,3.997673495485909246e-08
-1.627546831244593498e-02,2.696678283110735938e+05,4.283734180548048164e-09
-9.405744938603421285e-03,1.596192470701103099e+06,5.012497411560235403e-08
1.198554733734988461e-03,2.123115857945688767e+05,1.439993002988219691e-11
-2.256466532674513380e-03,3.740540802785323467e+06,1.584250440748594401e-08
-6.568926827830666969e-03,2.334049022286520805e+06,5.227644493038457622e-08
9.991833382715900949e-03,1.827497346384422854e+05,7.414828787044931085e-10
-4.080710923014606133e-03,1.344046578630691394e+06,6.689559961415323434e-09
-3.057395669265033662e-03,2.562764205721112958e+05,1.365267781991209402e-10
-1.717349522117342028e-02,6.563208032915435033e+05,2.825185561858212683e-08
-9.278004154265290238e-02,5.199136003875116818e+06,5.174504063189009164e-05
3.778050761839119032e-02,1.775415214485661360e+06,1.000535961161217790e-06
3.720598447038969952e-03,1.159664428307313239e+06,4.139877809876835229e-09
-7.245137824911907463e-03,2.572113569507739157e+05,7.722729702345628385e-10
2.347160941438888176e-02,1.210935091405030573e+06,1.796489648107122783e-07
-6.653004916341945588e-03,2.368694698317792499e+05,5.522695712034134199e-10
-3.004656097821467239e-02,1.459344373534617946e+06,4.275652187923039523e-07
1.052424127815635574e-02,1.301518859830691945e+06,4.172340794686560351e-08
-3.042736545753337712e-02,3.626370449877468054e+05,2.707511352510203715e-08
1.691746128744802411e-03,3.097585949869039468e+05,6.106809389815245694e-11
-4.693998174650869382e-02,8.672712409122757614e+06,3.685470792324087135e-05
-2.224333241004272307e-03,2.434958582967943046e+06,6.523491664706149933e-09
-9.638888540975179553e-02,4.536601846947563812e+06,4.252188393301077287e-05
1.340887996634691423e-02,2.990825138311615214e+06,3.576550003302799659e-07
6.708743254806263934e-02,1.496229494240042113e+05,2.240660286141971146e-08
4.021409444788290322e-02,7.193049187258337624e+05,1.860715167821015106e-07
-4.066250398796071239e-03,1.191274520263208688e+05,5.218061508551420375e-11
-7.296003296265582069e-03,2.019912089283495443e+05,4.829834289899688367e-10
1.707680354992617382e-03,2.504985627656706609e+06,4.069311091172724538e-09
-1.321256058631441362e-02,6.161806712135155685e+05,1.473965695160017491e-08
-6.411752538397584057e-03,1.008212632430910890e+05,9.292980473308157923e-11
-1.899270349049887383e-02,5.993849328290054575e+06,2.881923643641434540e-06
-2.030847560501113092e-03,9.612616579167174641e+05,8.474910908109273744e-10
-1.646784568556933226e-02,3.629416466959667159e+05,7.944095174368498899e-09
-2.186841223953343415e-03,6.048111756883250782e+05,3.890194985320156597e-10
5.834145048557616911e-03,6.685160667810016312e+06,3.382792771343614550e-07
2.805662718425513090e-03,2.068495269636863144e+06,7.489921003773120702e-09
4.029419601835456700e-03,3.240468551327667083e+05,3.791384777904499307e-10
-1.440675436478868268e-02,6.431304345551199280e+06,1.909095603443724033e-06
-1.083754609693485943e-02,1.745692507132395112e+05,7.959662649622367247e-10
2.126896985146173921e-03,9.536261566605698317e+05,9.148427929878137371e-10
-1.808841602127071388e-02,7.440766466640158556e+06,4.028410085756646375e-06
3.163701835439182430e-02,7.479041338630579412e+05,1.245031131170728436e-07
-6.273458204531177917e-02,6.784769226890597492e+05,4.028853070200863799e-07
-3.283698496892865654e-03,2.258164138632051181e+06,1.222741946946211698e-08
8.548461822889862061e-02,1.035155298140579718e+06,1.741342589383031444e-06
2.522214212204367846e-03,2.094678345928447787e+06,6.207201929210056520e-09
6.146352808230227949e-02,9.226844514799993485e+06,7.152183135183590558e-05
-9.791759014582865350e-02,1.331748583598122350e+05,3.781491866247966018e-08
-7.777981674012342250e-02,3.014366451160129625e+06,1.222427684279693906e-05
9.456222248826534268e-03,1.629017961235505063e+05,5.276966507460329690e-10
-2.313540163058752912e-03,1.594148295257652877e+06,3.024884351227809146e-09
7.832333552119980294e-03,3.923245225638753735e+06,2.099764112845429928e-07
-1.957280529872429745e-02,1.216197130977503548e+05,1.260118395558487092e-09
9.547022904857065118e-02,8.159542441539399326e+06,1.349474837250520462e-04
4.341574703998341347e-03,1.032387988660530973e+05,4.467635086894003814e-11
-5.253663197136971240e-03,1.837374506188095256e+05,2.072130379134684909e-10
-2.387883578676808227e-02,6.047338495705813169e+06,4.637160262921741569e-06
-1.094623437526755054e-02,5.750136761525474722e+05,8.810145569323610831e-09
1.697095973749157202e-02,1.065323499641809380e+06,7.268973254861658776e-08
-7.123224194729905860e-03,9.870397357806893066e+06,1.099308916817591512e-06
-8.579182607165471847e-03,4.898186842772107921e+05,3.926989761524969568e-09
5.551779668902590177e-03,1.881260133948407893e+05,2.425824620553584327e-10
6.551932557479175911e-02,6.430627571087485412e+05,3.947687837415116603e-07
-3.871078504038417273e-02,1.030433268579311407e+05,3.538351322230815510e-09
2.005486219807476461e-02,1.353929206351759611e+06,1.639564583021561436e-07
1.611099474418803239e-03,1.398319188023366733e+05,1.128637813893021704e-11
6.450007794606676947e-02,2.892453151144852163e+05,7.740168163735652030e-08
-5.815450236539561335e-02,1.397278398342086293e+05,1.468350813025628623e-08
1.361891889829568505e-02,6.236760638721212745e+06,1.604355734142041057e-06
3.412359124505306290e-02,1.411697068544093752e+06,5.160475711871909944e-07
4.465666217868165949e-02,4.429868524759761989e+06,8.702648490618388095e-06
-3.052482764707644888e-03,4.799393101404019631e+06,4.772834082054950741e-08
-4.061123297172998699e-03,5.973964259524577064e+05,1.308925234888974700e-09
-1.100137995346637046e-02,6.757731790790793020e+05,1.229117722243056328e-08
-7.553897639312878720e-02,1.201712523669373040e+05,1.832485791584735747e-08
5.542421626309797060e-03,1.308163334690047195e+06,1.169015627145272749e-08
-1.372485123778179874e-03,2.038974132863144157e+06,1.741550108502730013e-09
-3.145826260402509022e-03,1.083740216503580101e+06,2.584741389414312801e-09
1.306812177850516076e-03,9.946562294632362202e+06,3.757245821749091705e-08
8.620040392019143183e-02,1.476178374379021348e+06,3.600754645713496947e-06
2.743329462671563815e-02,4.592102263624908519e+05,3.529200141427503940e-08
1.429268911423134478e-03,6.900541976546140388e+06,2.163174472692532890e-08
8.368841250966416179e-03,5.708591483156257309e+05,5.075581906542835844e-09
7.750744350483526265e-03,1.653108118090192147e+05,3.650787816941389848e-10
1.511407760949758095e-02,7.126795146552533843e+05,2.580174611487637860e-08
-2.444210237248628341e-03,9.732919012695323676e+06,1.258521349440480154e-07
4.593136757290956773e-03,4.063400095840658527e+06,7.746315409425719075e-08
2.225815961070001705e-03,8.706514583372967318e+06,8.351498718700053204e-08
1.187981118589587042e-02,7.793775802674813895e+05,1.906391724372784884e-08
-6.539475394212664050e-02,9.392141870662037283e+06,8.389041806393492259e-05
3.498247778353131415e-02,4.935444690527321771e+06,6.629044938360801028e-06
8.957009224387999652e-03,4.689315067939416505e+06,3.923215099965337096e-07
-1.573820045861197081e-03,1.208958828061551088e+06,8.050640201322546290e-10
-4.999628379920927936e-03,4.114083384153646417e+06,9.408467286338826648e-08
2.530979105037109694e-03,1.000066150898960623e+05,1.424727562262433986e-11
-9.980067763702715755e-02,4.393979539441202651e+05,4.276419402591373220e-07
-3.904949546057229909e-02,2.882849690248201368e+05,2.818201895837872327e-08
1.013609140823512438e-02,8.192563247880576178e+06,1.533479212210861220e-06
-5.224466380460982690e-03,3.023889749776566750e+05,5.550256241328020919e-10
3.293772989033061978e-03,1.853205274286215659e+06,8.285746328909198830e-09
-6.170792473563748576e-03,1.110338124824515107e+05,1.043973889984899894e-10
6.988654898503685910e-03,9.843651091107884422e+05,1.052438834027059181e-08
-8.837004494294023113e-03,6.348956272432238795e+06,7.000226206526177818e-07
-6.157967672816198890e-03,2.531288246476371307e+06,5.403252523993695398e-08
-1.832369195396170089e-03,2.509481149824744789e+05,4.702091654413705082e-11
-2.393973747708535646e-02,2.752669320158969145e+06,9.657041609955982655e-07
-7.676898315942859430e-02,3.425807393029373605e+06,1.538135909741253552e-05
2.092852001175207061e-02,2.122255355959807930e+05,4.387019476524181042e-09
1.546221695781612934e-02,1.599428333615432493e+06,1.360098452413723402e-07
8.797174224389565922e-02,2.352490738187283743e+06,9.524440678286361713e-06
6.378633839680039608e-02,5.822183131046560593e+05,3.067074454774540702e-07
8.662140425504537278e-02,5.892977450626911595e+06,5.794517102285018704e-05
-1.153285432255980042e-02,1.635984584013603861e+06,7.916428196089027586e-08
-2.411716938653460721e-02,1.509375015533398255e+05,2.946756373967225248e-09
-7.166962894297634890e-02,4.680121995113915764e+05,2.501968917911817672e-07
-1.458211920833974752e-02,1.251760304112200101e+05,7.409363287551975228e-10
-1.740997261719390635e-02,4.709965922879452119e+05,1.495302145805755246e-08
-2.261351731317622765e-02,4.889558195575921796e+06,2.718771603411024568e-06
-9.789001291302805094e-03,2.628289391704014037e+06,1.472042627153333760e-07
5.623455111704484671e-02,2.513619984019459691e+06,4.443272584987691191e-06
5.280028309757443632e-03,9.811235333973122761e+06,5.967839552525687882e-07
-6.645582454137512023e-03,8.838587261225130642e+05,7.672361547528883370e-09
9.228297703068051583e-03,6.637529547541735228e+05,8.343598127012305268e-09
1.155041187736481623e-02,3.630731908856818336e+05,3.910934627979536499e-09
3.799672427940228858e-02,1.557955355869790365e+05,7.792908597832606154e-09
-5.706097783085273094e-03,1.691676693258208688e+06,2.072098526094904912e-08
2.627219620521893326e-02,2.423402345231739455e+05,9.014487811337953397e-09
2.654278277192846994e-02,7.583530119681096403e+05,9.010170060831393503e-08
-3.414212135965222911e-02,7.449931690890599973e+06,1.438741713522679106e-05
-1.175745325571394672e-03,2.377478610483569792e+05,1.737628811106570415e-11
2.338187735430295039e-02,3.334101796751855290e+05,1.351492742730201820e-08
-1.552984486096875734e-02,8.107329723994184751e+05,3.525227563416572785e-08
3.189077131787921085e-03,6.700593836033907719e+06,1.015439104666214281e-07
-4.017402342822440353e-02,1.921430036925052991e+05,1.325064621251248192e-08
-7.563282500110549145e-02,2.328414023020029534e+06,6.896651921005147365e-06
5.607547622193970183e-02,5.961071770431974437e+05,2.484802600778548240e-07
1.156411148752596813e-03,2.323517393303649034e+06,1.605512333488737847e-09
2.268092648828317834e-02,2.277901593410811038e+05,5.935929704805825993e-09
-8.264502904347948917e-03,1.420787590706431656e+05,3.066119197268288356e-10
-1.435272292398207319e-02,1.333278302686525276e+05,8.143432026745091044e-10
2.304988482879274589e-02,1.665572892533169652e+05,3.277646089853245651e-09
-6.725583307671509359e-02,1.640595687009986723e+06,2.707449061921948878e-06
-4.467903307444370808e-02,3.077839359117505141e+06,4.205297064971070480e-06
-3.378840411504108882e-02,6.899925485919697676e+05,1.208708041477827395e-07
5.405400334193211608e-03,3.904252113544361200e+06,9.904411755461457951e-08
-2.155334067265448923e-03,1.261380574482208031e+05,1.643685463541307262e-11
5.050346126770331907e-03,6.462395842462423258e+06,2.368790488759796119e-07
-2.127480884260532154e-03,1.661197114624775131e+05,2.777607779349350804e-11
-1.446272133680744391e-03,4.864547033520674333e+06,1.100733289186209536e-08
4.971135064015839294e-03,2.210233810826716071e+05,2.684632310418947661e-10
-5.294407958825140918e-03,1.568366227068334352e+06,1.533299588942322804e-08
1.102462568987909279e-02,4.483192523724166676e+06,5.432500006560805369e-07
-9.743489918266125607e-03,4.611432164108939469e+06,4.489500037357048834e-07
-1.033369363183660140e-03,1.166605524814896053e+05,3.231889260910548071e-12
4.344908994550899378e-02,4.627162411976971780e+05,8.988518283036323195e-08
-6.251184957432961986e-02,3.576503173530747881e+05,1.111576041571250895e-07
8.363822406822818412e-03,3.081120717888168059e+06,1.476808843321897652e-07
1.560268930568485708e-02,1.029038697200466762e+06,5.732704884101771283e-08
-3.028239693330565807e-02,1.824110146043135319e+06,6.785468894724507206e-07
-7.070601973168017668e-03,4.370744122622847790e+05,2.123835105904792064e-09
2.068045595880621881e-03,1.124352272351149732e+05,1.202326097513264330e-11
2.202337131739970019e-03,1.678736492704205448e+05,3.039694343827806665e-11
-1.069448010282556157e-02,1.073599554063501855e+05,2.931576616844194874e-10
1.609657328180392685e-02,7.376963033124611247e+05,3.135590406578190433e-08
9.610605333018963636e-02,1.884726116453984985e+06,7.296174857512503507e-06
-3.680176075924043808e-03,2.679248134093742119e+05,2.162023050240547416e-10
1.756991227373499434e-03,6.676039763234860729e+05,3.059667730146467798e-10
-1.339785731221068525e-03,1.463462185371986125e+06,8.549307877498238546e-10
-5.874499028493085535e-03,9.787374448535065167e+05,7.351421619366456592e-09
3.952213560175150270e-02,1.904110333215149294e+05,1.259395908502702706e-08
-9.612587421148365008e-02,7.375432106930522248e+06,1.117770888593363766e-04
1.824137631978059275e-03,4.873028193173374981e+06,1.757155937773026168e-08
-1.223288910530571406e-02,1.322395991517110961e+05,5.819402231224462424e-10
2.620038098731047090e-03,1.926585016441032640e+05,5.666159822889592597e-11
-1.543938280308076354e-03,6.490605385047255084e+06,2.233199553931833762e-08
-7.814250401747577929e-03,4.242723949384497828e+05,2.444339067464612894e-09
-1.769231371341701414e-02,7.212001833106559701e+06,3.620580186233682863e-06
8.518878469188659319e-02,5.400228297866325825e+06,4.706372917514379503e-05
3.064718030253298781e-02,1.620525392189118080e+06,5.485168560779957148e-07
-5.319686844503809797e-02,1.262008307856324100e+05,1.002290959049271935e-08
-1.516120552927915227e-02,8.502676031015049666e+06,3.695523639274054875e-06
-1.164569566763615574e-02,1.249769007387427846e+05,4.710723621758282654e-10
-4.821440683984890181e-03,2.099066164093933534e+06,2.277734830976490974e-08
3.200449508289366935e-03,1.066153485335718724e+05,2.589158708880848773e-11
-8.133837882129079516e-03,2.323024784451386891e+06,7.939551340186069855e-08
6.454048797646237678e-03,2.473685981450924301e+05,5.668274523586491751e-10
-3.970562430265253510e-03,6.610372957225550897e+06,1.531980489995514816e-07
-1.226740390570318917e-02,5.100826195994157344e+06,8.707302478152790700e-07
-8.167619599586993517e-02,1.222016725304724416e+06,2.215351051651444565e-06
1.489074790370000520e-03,1.774035958545267116e+06,1.551869185864816428e-09
1.255561402268666384e-03,1.631949234463821864e+06,9.336550554236205487e-10
3.582090482685219499e-03,5.190032841375224292e+06,7.686180269806879659e-08
1.447298989991240535e-02,5.942200445837345906e+06,1.644782072697178936e-06
1.478764331744086662e-03,8.413893933370478917e+05,3.442621286781471159e-10
-5.403677160306983793e-03,5.605148069048505276e+06,2.040094188621228572e-07
-8.150006056606501348e-02,1.447054371387813590e+05,3.093020600365625660e-08
-1.183375845057006975e-03,9.132663214891608804e+06,2.597392223605328890e-08
2.591568890167435680e-03,1.459900664911141212e+05,3.183239968098109559e-11
1.069786189808272919e-03,4.705567873869448900e+06,5.635277526546501051e-09
5.806575769123901304e-02,2.175291576090159651e+05,3.547908422706161075e-08
-1.846861160453103267e-03,8.890019906889867270e+05,5.994751896424848454e-10
9.435116701186002652e-02,1.436080370800402714e+06,4.082717168426481424e-06
2.791738160463739030e-02,3.066984310104342178e+06,1.630308245320613013e-06
-7.697769903480831954e-02,4.403885833547543152e+05,2.555637221038682576e-07
6.602505039981948140e-03,1.858816526575854223e+05,3.349560168563728246e-10
-5.256376831926658742e-03,7.023961155827332987e+05,3.031338515958896407e-09
1.875613223453542061e-02,7.580803305975433905e+05,4.495875531375649222e-08
2.604945377334735510e-03,1.709757308718500426e+05,4.411267867475282107e-11
1.191287759474169393e-02,2.382563233766718768e+05,1.791511006974438122e-09
3.759612689810498069e-03,1.579705521089693066e+06,7.843966606894034148e-09
-5.689414118476655846e-02,1.187605229291244614e+05,1.015258292028661052e-08
3.759652382476311866e-02,5.713878892287897877e+06,1.026253606978147839e-05
1.055066048397095913e-03,7.446186467780903913e+05,1.372537950450410872e-10
-1.830582715131623059e-02,1.384680102616181248e+05,1.428811273834558914e-09
1.664193411435027636e-02,1.849545523837568937e+06,2.106856215198161653e-07
6.471712129738262098e-02,1.040783078629843774e+06,1.008918482547594846e-06
-1.158968096598315305e-03,1.229397883609710261e+06,4.514660893741317267e-10
-4.309361322347275008e-03,6.811573948735674843e+06,1.916099338835417630e-07
6.462481377444999689e-03,5.948376253762842389e+05,3.286190396950087397e-09
9.401213222607030309e-03,2.944944289608257823e+06,1.704587200298638353e-07
-4.768416922685991127e-02,7.944832060147674754e+06,3.191649077152291895e-05
-3.234027977633063908e-03,1.335351059663591208e+06,4.147397930449568993e-09
-3.913394505760363004e-03,7.622562748559924075e+05,1.978821082241590649e-09
-7.417951930163751983e-02,1.891788656528714637e+05,4.379358655133242385e-08
-1.480087850956410961e-02,4.411005774626934901e+06,9.478671903472528574e-07
2.869282227324755716e-03,9.175925073351620231e+05,1.541499912188075231e-09
3.386438248776104613e-03,1.406522906790918205e+05,5.045186105196985718e-11
6.222169090533079955e-02,1.366400554427048482e+05,1.607447982131789323e-08
-1.587593285204102339e-02,2.547324128286609892e+06,3.637007325261565010e-07
-1.181154986812644504e-02,6.732352909898422658e+05,1.406192487713235837e-08
2.973806585471021335e-03,1.702027513115542009e+06,5.697126208438500576e-09
-1.206009321318784154e-03,1.944507312981883530e+06,1.222975455644278125e-09
2.011639104092446950e-02,6.073143001631145598e+05,3.319131078001717163e-08
3.844030849707618519e-03,1.709766728922675364e+06,9.606046899590395233e-09
-1.262972073140739004e-02,2.065016124865298392e+06,1.512626275054158969e-07
6.329324766793060358e-03,1.326596122274509689e+05,1.567795662304820083e-10
5.324643671312870308e-03,1.404152962701840734e+05,1.243103219974010245e-10
-2.002353212329803164e-03,2.928571905622276943e+06,7.646988054292441283e-09
-2.481641554043382495e-03,1.477752672072329733e+05,2.990741398359062040e-11
2.174793058096751320e-03,8.912367318584863096e+05,8.354477264274971642e-10
5.909344706716300466e-03,2.102398698285734572e+05,3.432464520319431539e-10
4.970588841576185218e-02,1.030046794866100972e+05,5.829440068521738687e-09
6.168365832536618076e-02,3.087815958537455299e+05,8.067524836314938748e-08
4.105660657780645095e-02,7.473889975653913571e+05,2.093903935474519725e-07
5.454721330111294425e-02,1.895182757672239561e+06,2.376537000303592696e-06
-1.019290547750778368e-02,2.714597524124916643e+06,1.702566725973756392e-07
4.773073378219117729e-02,3.290617376076225191e+05,5.485904534996350693e-08
-6.068557940805582342e-03,1.385103598253944947e+05,1.571204705571945435e-10
2.992704044134656544e-02,3.538075216053000186e+05,2.493210310550583257e-08
6.263291447823993163e-02,1.487540995966044429e+05,1.930369200473908955e-08
8.747445152642269184e-02,3.911522780529031996e+06,2.603463147181537431e-05
2.249966288818711774e-02,2.797797136851062533e+05,8.812146641666196048e-09
-6.748320084930340031e-03,1.198268703803836979e+05,1.454109230504801330e-10
-6.604262435073676718e-02,2.167856531950573262e+05,4.558342675679008559e-08
-1.275049827808476385e-03,1.587905931363831041e+06,9.115932616386432400e-10
6.547776518919595605e-03,4.097283082114618155e+05,1.600578164278080460e-09
7.014782884872873547e-02,9.885227660990277305e+06,1.069298775202419827e-04
-1.332228471345194400e-03,1.204129010573304491e+06,5.722696470663994307e-10
-3.664216935974607542e-02,4.754550440668870695e+06,6.749607585622788195e-06
-2.991853502845572693e-02,2.396539990910434164e+06,1.143265926240019264e-06
-4.942766678261112552e-03,1.966182593386388035e+05,2.100318534481163606e-10
-9.057229860142937752e-03,5.904851266468983376e+05,6.360715275565183226e-09
-3.647410832681156900e-02,4.805996908925162628e+06,6.833348842103539834e-06
-2.167152386045638826e-02,2.769034827262418810e+06,8.008164531739582181e-07
-4.995020721616884492e-03,2.323481138763003692e+05,2.995367695382080863e-10
-1.364470849747261190e-02,3.552226603618826484e+05,5.224287868052781871e-09
6.335487433103589860e-02,5.667739663015311817e+05,2.867326213834419211e-07
1.148879841071121606e-03,9.063294217398624867e+06,2.411118891129545465e-08
-2.760471460618178427e-02,1.178022865630781278e+06,2.351642032565332413e-07
5.615287959838700764e-03,3.467022502594724763e+06,8.428584325712230795e-08
1.719675429577100997e-02,4.317220087351816706e+06,1.225740683709830821e-06
1.485576989638634016e-03,7.607495483796026558e+06,2.840344282619682836e-08
2.262349360813130546e-03,1.667910813092199969e+05,3.166374223279717390e-11
-6.491009080412694573e-03,3.980348492437171284e+06,1.484444206573718848e-07
5.594026257356974480e-03,5.249178330726247514e+05,1.917471449856424239e-09
-1.110313134048654914e-03,3.124026813519642456e+05,2.675578579648899982e-11
-3.481496537979073772e-03,7.606048025928298011e+06,1.559363312941642298e-07
8.120682572918405673e-02,2.423328386394786066e+05,8.612056279648517753e-08
1.418031758818355005e-02,3.823327698475774378e+05,6.536604549956477636e-09
7.874634458223858657e-02,4.511914339362046681e+06,2.807241321428010259e-05
-2.729194764666929059e-03,2.216962713578409457e+05,8.141099962043822588e-11
-4.942688201361522711e-03,7.085444350046764594e+05,2.727456689012676340e-09
5.984745953297290061e-02,9.361399748851912096e+06,6.980238657636455429e-05
2.635370918963145757e-03,1.774910403998068068e+06,4.865568814201219782e-09
6.390248161736460444e-03,1.628901758874706691e+06,2.409475325032725246e-08
2.116560883911361435e-02,9.107556652084147558e+06,8.263471710003565831e-06
-7.951904768835071913e-02,2.019253210211839178e+05,5.733517668822955602e-08
-1.370904981504300407e-03,2.354803088971446734e+06,2.317507526452339556e-09
1.231063679253440292e-03,4.121965623166770674e+05,5.726206663304550543e-11
-2.955258358037375979e-02,4.251617151543936692e+06,3.510722153754380150e-06
-6.905743471991600269e-02,5.893736992182404734e+06,3.683830478511823398e-05
-1.220123719980898292e-03,1.202087008499190211e+06,4.783841675535440847e-10
-2.262973809503765390e-03,2.483797027060437482e+06,7.025682373209205685e-09
-5.043214399385910485e-03,4.154021617521366104e+06,9.759995512545902217e-08
1.712362957548962950e-02,3.397615419480972458e+06,7.527267279434409436e-07
8.978679216414818531e-02,6.564223307062211446e+06,7.724828662288784839e-05
-9.485589820564986618e-03,5.066643622339162976e+05,5.136492377884485342e-09
2.316535638038334614e-03,5.979191247756764060e+05,4.266385668455344569e-10
-2.240726795211380861e-03,9.478764457127355039e+06,1.003179222138806966e-07
-9.720706648805052183e-03,8.966925625030051451e+05,1.689585057628535710e-08
8.658547962761600422e-03,7.552680027823006967e+05,9.510197948167892412e-09
1.665406826521057893e-03,6.729924590204808861e+06,2.793562082673967974e-08
-8.096797222404042427e-02,2.437843101287376136e+06,8.664335855940894719e-06
-1.151845094629488225e-02,1.384412323960768408e+05,5.654787875298156441e-10
6.142020539178532496e-02,6.563970062302341685e+05,3.614539395206366814e-07
1.353227166345303233e-03,7.380386609016181901e+05,2.218180537410948115e-10
7.643734836612015027e-03,4.090403686200859025e+06,2.173906286183506395e-07
1.582259972993445632e-02,1.576082083922763122e+05,1.382963118792476563e-09
9.875513634727668688e-03,3.268709571744111017e+05,2.317230872342531880e-09
-2.862719589474230567e-02,2.187086362979064230e+06,8.717395211094665731e-07
1.151838263955290605e-02,3.792176151544825989e+05,4.242845906572473594e-09
-1.819239515343317945e-02,9.545638282239139080e+06,6.706361479661984616e-06
4.273956040378367079e-03,1.464601318199330126e+05,8.713571390338499748e-11
5.101704858669056306e-03,2.485658682210198604e+06,3.576110237816831271e-08
-1.137580760135926006e-03,5.944042991485953098e+05,1.016776758966420706e-10
-7.111964040899437789e-02,1.637224315918442095e+06,3.015037561505387420e-06
1.153974009420095015e-03,1.627539672402740689e+05,7.844268896802699170e-12
-2.591534148707804602e-02,6.001051314261577092e+06,5.378557342078452299e-06
-8.749978626342350130e-02,5.284404678332049400e+06,4.754483795834985499e-05
-2.217525938623293377e-02,1.625221999513824470e+06,2.888418064209307709e-07
1.171838454887354046e-03,6.177608207880142145e+06,1.165395842452709264e-08
7.311735965369264324e-03,1.804140707127244968e+05,3.869715724257983147e-10
-8.722044178330560366e-03,5.145898286457328941e+05,4.479775086160740303e-09
1.592620205465567840e-03,1.469857321663704352e+05,1.218630527126049831e-11
-3.641316812100565091e-03,1.169931307002200978e+06,4.035848996525998972e-09
1.384073055471807907e-03,7.253030899865436368e+06,2.241064385793348373e-08
-3.871461734387290649e-03,7.865820751068720128e+05,2.062221371400974339e-09
-9.464498638015321139e-03,3.761324629575237632e+05,2.818214935905090368e-09
-2.261833837281877063e-03,2.676682283563961973e+05,8.151026274942918363e-11
7.492148063573426595e-03,4.211035333205242641e+05,2.213541784336185263e-09
-5.852858550905179480e-02,4.457858317158768885e+06,1.513860404244573779e-05
7.656063371110183313e-02,1.151287273242903640e+06,1.727729295574245626e-06
8.417321449327358485e-02,2.485198218903776724e+05,9.731216692401107462e-08
2.876930919886334231e-02,2.150631023640483152e+06,8.513103842562852577e-07
2.014951622761369451e-03,5.041036187643762096e+05,2.294384118187426774e-10
-8.433796128547317583e-02,7.087339605037061498e+06,7.945293310939581944e-05
-3.541344325316864855e-02,2.015309416942136595e+06,1.132705552908112699e-06
1.984004236785660499e-02,2.973594935475291568e+05,7.740090841524982232e-09
-4.242255633630297174e-02,1.393093188533540524e+05,7.766963391543769900e-09
1.355060194822937415e-02,2.107757801660525438e+05,1.814077502485364689e-09
4.560234439624684562e-03,1.510711003759228042e+05,1.055442008377041717e-10
-2.019494518725129840e-03,9.479321742197955027e+06,8.149615820563956997e-08
3.765938274461658880e-02,3.633050264185359702e+05,4.162808746061566823e-08
4.792554565741382645e-03,4.412154815118135884e+05,9.943353246639653827e-10
2.692863883933905005e-03,1.144585050295956666e+06,2.112623917693728820e-09
-1.272320624512989244e-03,3.192599472352081793e+05,3.669266535008594958e-11
9.453402649561011561e-02,8.836521833982452750e+06,1.551801876567444340e-04
-7.322491859218002719e-02,6.445377978807420470e+06,4.953496123079822208e-05
-4.484414237098111045e-02,5.339496378510748968e+06,1.274997368634758119e-05
9.486442242299776909e-03,1.875365868738616991e+05,7.038433304092350638e-10
-4.153895153944728302e-02,1.422165507527367212e+06,7.760837573279405796e-07
-1.490539693808723290e-03,6.537604810202288209e+05,2.111648710224909617e-10
-5.523756849416591209e-03,3.471260780107871629e+06,8.175999187487979663e-08
5.605131037945417817e-03,4.876071021397919976e+05,1.661149943993994375e-09
-6.074832554495628728e-02,1.680524114915027167e+05,2.317690130439027068e-08
1.341417454394560650e-02,3.308276773596835556e+05,4.379543338751350543e-09
8.382392007222405628e-03,1.660768473844387918e+05,4.309742957568358454e-10
9.780862442264878776e-03,9.829346185761438683e+06,2.055421119627391270e-06
1.103446476428375338e-02,6.099063746842805995e+05,1.007224172863532529e-08
-4.817026875986337581e-03,2.067033589873975608e+06,2.204704850116390539e-08
-3.090583276557002171e-03,3.437768257128515746e+06,2.510333058737420897e-08
1.966397328048807847e-02,2.242222355088663171e+05,4.323118676075763534e-09
-4.795795777648634121e-03,1.516145675332196406e+05,1.175710712856511779e-10
6.826089285898963299e-02,1.699046134366320330e+05,2.991241810644165186e-08
-2.635127570999786992e-02,9.091256652017848566e+06,1.276287092728048513e-05
2.789825618422373324e-02,5.368310113208657131e+05,4.988001304285299307e-08
1.106033331339653170e-03,2.730408306750003714e+06,2.028097705108462061e-09
-6.817423263927469002e-02,4.466357848300166079e+05,2.061791758824972199e-07
-5.963045398032489064e-03,1.039419348507327610e+06,8.543091849963065854e-09
6.631271861761570303e-03,5.190646122492239811e+05,2.634715700082570876e-09
-8.472171600430311589e-02,2.059570344924794510e+06,6.770800189173853708e-06
5.019045740209112511e-02,5.623305459866072983e+06,1.771425564623064898e-05
-6.124080697350105934e-02,2.589389589320118073e+06,5.592086173589680545e-06
-5.270159825279667476e-03,6.057467544712838717e+05,2.266350178022160399e-09
-5.103399167609496377e-03,7.818956046170326881e+06,3.540901704840184994e-07
6.126956754741717283e-03,3.493675794294078834e+06,1.018948143399670632e-07
-3.395230853261116660e-03,8.637903846048613777e+05,1.912725283732113953e-09
3.506501907186235223e-02,2.454347964250026271e+06,1.647091321000202694e-06
2.071960665392056158e-02,1.949872452933444874e+06,3.629716208887735933e-07
8.787159549023411051e-03,1.744607986361684278e+06,5.226247669901875847e-08
1.399463227549351159e-02,8.264209832220713608e+06,2.974561170696520947e-06
-1.469674671230187342e-03,2.290260306625792000e+05,2.519470988980383949e-11
-9.348353272311546447e-02,2.054356415919695282e+05,8.201986834217257793e-08
3.348562311699211386e-03,1.049998051234557497e+05,2.749102966007097085e-11
2.788431329662624872e-02,1.748536153817841085e+06,5.286477531876298820e-07
5.904201390921805237e-02,1.558537283277104725e+05,1.883015816124242726e-08
1.011296223673323206e-03,5.909583847150556976e+05,7.942693783803672469e-11
2.117303275730229861e-02,2.139245601299053524e+06,4.562308878908519117e-07
-4.582145873513571166e-02,2.671102530700390344e+05,3.331318755744062657e-08
-3.698776476249133419e-03,1.508565104672389280e+05,6.923752573268263106e-11
8.707940942654732175e-02,4.667387107425450347e+06,3.673464480765065111e-05
1.023162293084891455e-02,3.329039356139453012e+05,2.580026475211990618e-09
6.613815649555476739e-02,2.272583370580381714e+06,5.023900971489821057e-06
4.979506368725008722e-03,5.539432840185359120e+06,1.692000307268528250e-07
2.768577397568957720e-03,1.238466416154568549e+06,2.614442272507782385e-09
1.327990524082011542e-03,6.633809323736184742e+05,1.725890234944062982e-10
8.469438906811704859e-02,3.616646787532114540e+05,2.086501601844407661e-07
-8.848536192263659061e-02,1.034425549159509246e+06,1.863110403175856472e-06
2.888385985113822024e-02,3.047321944147269824e+05,1.722837779953461013e-08
3.246874913315548478e-02,1.555967755435185507e+06,5.675832250346598502e-07
7.697838320706879706e-03,2.108862784044863656e+05,5.860456767040930031e-10
8.181310541283391691e-02,1.928359196546592517e+06,5.535015897451396471e-06
-2.687298414825832829e-03,5.141466092971177772e+06,4.245247300737825631e-08
7.876226424495062425e-03,1.295043032995845191e+06,2.313673303699073770e-08
-2.303896081831483325e-02,3.466355984117935295e+05,1.418304058311787737e-08
-2.827315242264917539e-02,1.148627580847094941e+05,2.345331303556798679e-09
4.112524926935142572e-03,2.205087022412132064e+05,1.828798276475672894e-10
3.526729686554474445e-03,2.310130913867725059e+06,1.476096604573652639e-08
-4.163565518089377103e-03,6.262923795041415840e+06,1.512106260715138632e-07
1.093269255184844621e-03,3.743738307721404708e+05,3.725310593545112599e-11
1.222094196271467136e-03,2.671804863337862771e+06,2.370915554339773042e-09
-9.167282869096933864e-03,5.372088710912404349e+05,5.393427764509760168e-09
5.243316010593292338e-03,2.532752505398891517e+05,3.921884720842953542e-10
6.924872018981832744e-02,1.430755161638156278e+06,2.182988240044976824e-06
-1.294426866691967409e-02,1.256864565134207951e+06,5.886121900124605209e-08
-2.200875151673260463e-03,5.484447248896516860e+06,3.240065517323749378e-08
7.021348128504968991e-03,2.647720674189128331e+05,7.685685279658178389e-10
3.305619942254496568e-02,4.526737288389280438e+05,4.979361667588592256e-08
3.446030358153336082e-02,6.131325795966562815e+06,9.927599208735161200e-06
-2.678855601189980909e-02,1.449321769831395941e+05,3.352165797404817940e-09
-6.413529441789528329e-02,8.036409049666590057e+06,5.907660154780680747e-05
4.463591490854845745e-03,7.622235825424079783e+06,2.574132484018663147e-07
1.802780031130856711e-03,6.365459914506776258e+06,2.928480276732461601e-08
2.483151912855189724e-03,1.998816099097945727e+06,5.478346616662333308e-09
3.608505002313859740e-03,8.359894374406501651e+06,2.023734122017091379e-07
-2.099731188521217554e-02,6.095002195745413192e+06,3.642272053102277533e-06
-1.098863572186443462e-02,1.924738971917723073e+06,9.947832945713504069e-08
-4.401820578358536101e-02,8.808241997183572967e+05,3.343030963649525396e-07
1.648647849034613755e-02,3.093508266209248453e+06,5.784363976643585824e-07
1.802578256630202672e-02,2.911196048975194804e+06,6.123904551899645581e-07
-9.295153448904427962e-03,1.349764868502808735e+06,3.500472082153192671e-08
-2.137248855166470202e-03,8.144513748395753792e+05,6.738104750554111946e-10
-4.720655037654896552e-02,5.381392193642709171e+05,1.435129429036357626e-07
5.599196527215099563e-03,6.462612618534818757e+05,2.911822659123352996e-09
-1.957572906328030465e-02,1.329395700362625765e+06,1.506057944077946811e-07
5.173002785005875737e-03,1.167581136807522504e+06,8.112539323472799989e-09
4.121489439405145831e-03,6.435757330104401335e+05,1.564605862781391916e-09
-3.613539212886069264e-03,2.248355154241216369e+06,1.467886995026728954e-08
2.808212657607499912e-02,7.142575505495197140e+05,8.946783244648467548e-08
-3.174161286815602168e-02,3.266311440685220063e+06,2.390399094975842425e-06
3.585432028159679652e-02,2.899982720959453145e+05,2.404202576773616376e-08
4.543576322495832681e-02,1.525100943431133172e+06,1.067800415024623978e-06
8.068317059485036885e-03,2.139910550838963827e+05,6.629097446848693540e-10
6.970364564612740836e-03,3.112462710060216952e+06,1.046686326455556631e-07
7.436103831389051684e-03,2.086633192562402983e+05,5.354024621764628732e-10
5.821341467853876489e-02,4.236740717516559176e+06,1.352717702209782778e-05
-1.466260228951500166e-03,3.721141448604221805e+05,6.620209266850717686e-11
-1.581551051460907634e-03,4.318641813011528575e+05,1.037428205792851114e-10
-6.495085617750387397e-02,1.073867559121843660e+06,1.081853505581669144e-06
-1.092945662711183701e-02,3.068130960024291417e+05,2.500588206306412780e-09
2.440253553880749118e-02,1.923901888528029434e+06,4.901545068855427894e-07
-3.611063812787505562e-03,3.465028318827331532e+06,3.481618275927581155e-08
7.790752237136093494e-02,1.902275460791164951e+05,4.884305811639517271e-08
-7.004617749979669128e-02,6.351532846325528808e+05,4.401728258750538897e-07
5.136735803471841749e-02,3.062070271246401127e+06,5.501764735486027582e-06
4.783688997360158179e-02,9.002208440894542262e+06,4.124024661721155442e-05
7.716380254163016095e-02,2.415145013901382335e+05,7.723442496827477313e-08
-3.222437840572088801e-03,1.353894618261269992e+06,4.232881123037661560e-09
1.026012991011647675e-02,1.084692156902487040e+05,2.754329982579859340e-10
7.497800552784525396e-02,2.258439981439032126e+05,6.376496490494536145e-08
-1.262842102056867212e-03,3.472612537131411489e+06,4.276692382667754150e-09
1.872564712097350226e-03,5.463181889592653606e+05,2.327352897403438157e-10
-5.117723235944608706e-02,1.497224640390659450e+06,1.305643989095179241e-06
3.795650960873181608e-03,1.446023267932168907e+06,6.699160005131686922e-09
-1.468795504304781785e-02,5.460596492904639803e+06,1.430540281491121148e-06
1.402218035961908318e-02,3.516470134473462123e+06,5.406823775700981604e-07
7.445225066285743321e-02,3.979335150274295593e+05,1.951973639584993769e-07
2.359778747948524519e-02,2.483319076299828012e+06,7.636684893921984163e-07
-4.878086527916122156e-02,2.038921239916628983e+05,2.199870671491486199e-08
1.476947353277085692e-02,2.664769637080151122e+06,3.444662068888322382e-07
1.408937121745701057e-03,2.592121528970162908e+05,2.966136904123870118e-11
-3.248263372382565253e-03,6.998281516489122296e+05,1.149165390506708728e-09
8.039330674946908173e-02,6.003991233333452605e+06,5.181042256108191012e-05
-2.430665467961111090e-02,1.684903511613342911e+06,3.729904424425030037e-07
-2.014913659204814987e-03,7.940470776194226928e+05,5.692494712779920720e-10
-1.080630551451660856e-02,2.152279630841253675e+05,1.202954289164436687e-09
2.709934663998106452e-02,1.697364606292106328e+05,4.705060096235604342e-09
-8.901775859158089776e-02,1.236876124663016963e+05,2.695894998823399173e-08
-1.331775816287554884e-02,1.852853892251388170e+06,1.354072279593620287e-07
2.552324149193901503e-03,7.671893700460814871e+05,8.526564138585065591e-10
-2.435059972720815622e-03,3.547108684799745097e+05,1.659073266857156863e-10
-1.387385385087200936e-03,3.785579175554894609e+05,6.134174818668891849e-11
2.568108659630476479e-03,1.521882129925806541e+06,3.396925921960498905e-09
8.436359459172397199e-03,2.697978803454840090e+06,1.152084859428327780e-07
-7.759870748720085198e-02,6.767068516879804665e+05,6.132073801766005413e-07
-3.078231507168285083e-03,5.662152155325509375e+05,6.755583713927195195e-10
6.203645422272724419e-02,1.625303005931988882e+05,2.260788117823395469e-08
6.827415670109991674e-03,2.665085266689600889e+06,7.362616104885969467e-08
-2.147903966467623604e-02,7.843375935618147487e+05,6.311506492220115264e-08
-3.012248469070555323e-02,4.590129160789418034e+06,4.251367494356852122e-06
6.580663698735499632e-03,3.778736969284352381e+05,1.375086345452762900e-09
1.700954475300119105e-03,2.281722289621114265e+06,3.349717644022995930e-09
-4.774891753679615103e-02,2.780645259991128114e+05,3.920265553552792819e-08
1.149384862911244018e-03,8.398704736373312771e+06,2.072300940770846903e-08
-5.980571745404183320e-02,4.505778151200194843e+06,1.614813120683057884e-05
-3.572060951345530297e-03,5.818985999650676735e+06,9.607924831865715236e-08
-8.450353094252342767e-03,1.624347774162790040e+06,4.189912930254193267e-08
1.183013950619420628e-02,2.154548341004242538e+05,1.444739237673030139e-09
4.413050691059948807e-03,8.874189131852220744e+05,3.410613002642862113e-09
9.032266830898513787e-03,1.113012544126732100e+05,2.247454388622406266e-10
-3.770571634576419095e-03,4.555271363918433199e+05,6.560548491402157732e-10
-2.562540911960842650e-03,6.073009823711671634e+05,5.385757977075575651e-10
8.613032429497294307e-02,8.329267771366364323e+06,1.144519149728343206e-04
-8.773340167062661579e-03,5.203970033048143610e+06,4.635501879962667937e-07
-1.685763064361306407e-02,2.217565913663947023e+06,3.107730810444470768e-07
3.511563171569755896e-03,1.071551445878851373e+05,3.148649182813197652e-11
1.007763819809546916e-03,8.763246172125244513e+06,1.734382165706254075e-08
-2.638864025947981751e-02,1.827001830311533296e+06,5.169032237738991909e-07
3.587881398942785287e-03,2.023806407343185507e+06,1.172495921526341063e-08
1.308110184069738967e-03,1.081055214527838980e+05,4.447148748725059589e-12
9.073012242792456716e-02,1.228636107164302142e+06,2.763419340151839490e-06
-4.598010750869712358e-03,3.190392661838490516e+06,4.785479836737581396e-08
-8.639483116020000783e-03,8.089048077684608288e+05,1.086094474726158900e-08
-5.883726712847684587e-02,2.230906260454271396e+05,3.831465151018786982e-08
-3.555344952732832943e-03,3.933773485995661467e+05,4.349901632719915505e-10
-2.776084496018280459e-02,1.275041338032773783e+05,2.786192650363755041e-09
2.003430958260608071e-03,1.071162422173073574e+05,1.024133727143189716e-11
-6.338972815432865338e-02,2.545529184468082967e+05,5.790168339344477192e-08
3.690504983563650931e-03,1.019914701731673907e+06,3.150623781528977507e-09
1.611663872999450839e-02,1.594432976878871676e+06,1.468448528670354002e-07
-2.876709759961095219e-03,1.874451026508493815e+06,6.466027397139219274e-09
-8.133849645328110334e-02,8.995189585345627740e+06,1.190447296474451592e-04
-2.792689009943504896e-03,8.459333852469887352e+05,1.241122738483891215e-09
-2.005829842887795270e-02,5.834216164719250053e+06,3.045442891049146907e-06
1.616216562217375049e-03,7.307693257967304438e+06,3.102108439154182421e-08
9.292090835263156628e-03,1.760926503408249700e+05,5.953969474467479014e-10
1.940497305902340579e-03,3.648761627324624569e+05,1.114844569285473697e-10
3.381668338646102914e-03,1.195555455460083613e+05,3.634952368174278184e-11
4.476170367783233878e-02,6.685918924500802532e+05,1.991740149916670309e-07
-3.525405125386688564e-03,2.879953372012695763e+05,2.292377970852268641e-10
2.693915867169038858e-02,5.449627509400122799e+05,4.792906360611997748e-08
1.228230945667048955e-02,3.119523621307756286e+06,3.264629331071186171e-07
7.316859259318990449e-02,7.399938605056175729e+05,6.519328819735030233e-07
-2.428764900266318014e-02,1.466164295404008823e+06,2.819898553996248002e-07
-9.214300779097135685e-02,2.579627416115577216e+05,1.256423317506679319e-07
3.679786375268008069e-03,1.668121016104669834e+05,8.379103838504897605e-11
3.396027898192862347e-03,2.638844950053888839e+06,1.785942595720773151e-08
-1.010242534546519633e-03,1.386568045018653502e+05,4.363459249723925280e-12
-7.678539490978999495e-03,1.717098784458836308e+06,3.865850513031337856e-08
1.609187231799443342e-03,3.631018064304195344e+06,7.592192752030861237e-09
-7.266167731335645974e-02,2.408513702840106096e+06,6.810928657392131747e-06
-7.985681100464759458e-03,1.167663651722376089e+05,1.933555752958841367e-10
-3.320537378691433561e-02,9.691135958090865985e+06,2.302837908338943872e-05
2.007341162793407907e-02,2.321482480151415803e+05,4.829147295869785856e-09
-9.533113986824498162e-03,2.539021519107902888e+06,1.302865504698653648e-07
-1.371025888633994709e-02,8.438749539841831429e+05,2.976766407969446899e-08
-5.778640833920668102e-02,6.765144537445185706e+05,3.398621607804928191e-07
-9.616112223062803915e-03,1.148603271364258602e+06,2.712916296152760466e-08
1.667534263592835523e-03,5.144058187442337512e+05,1.636283413714808161e-10
-2.155582312559661817e-03,3.352623653626847081e+06,1.161438137822120280e-08
-2.351623062890450741e-02,1.538697703522124561e+06,2.911650768232716727e-07
1.328749634875743893e-02,3.322874170901758480e+05,4.335222167673547699e-09
4.771308915224235780e-02,7.707962992615026888e+05,3.007818064880914174e-07
-1.625552631285436672e-02,3.105675800540393102e+05,5.667761377495897043e-09
2.346207176502341282e-03,4.332976253052878310e+05,2.298278138329359741e-10
-9.522126718554794339e-03,8.814823798153892159e+06,1.566723778468682424e-06
1.397596493523477895e-02,6.505023706001961837e+05,1.838055506907573674e-08
-1.587956094718839459e-02,3.164724018098519882e+05,5.616243352710215368e-09
4.785921108651703358e-03,1.515263715497414581e+06,1.169512232831476206e-08
-3.407024450298380691e-02,2.042251782009753515e+05,1.076629606459739143e-08
-8.560191577499386834e-03,3.859382520398546942e+06,2.427168181713534851e-07
4.062940753186589614e-03,4.787727466731953900e+05,8.414669658225766442e-10
-3.485157675606202071e-03,5.505109747561571421e+05,8.186044017809714569e-10
5.109259235856580469e-03,2.809153147096135654e+06,4.581038698815682392e-08
2.578776322542106550e-02,1.048036037749828829e+05,1.624340345977061380e-09
-2.131423791501807583e-03,1.639215849580659415e+05,2.714620710213086173e-11
1.437777654976341718e-03,2.467093873697472154e+05,2.798028023218392400e-11
-9.198691535199331193e-03,7.560927931696281768e+06,1.075720781953642447e-06
-9.292247328306895565e-03,8.077605128103479510e+05,1.252864229557136866e-08
-7.729339285836209217e-02,4.500330220935614198e+05,2.690733945820788079e-07
-2.876072352197743889e-02,4.188873126085098484e+05,3.227685996003200938e-08
-5.019169201017132168e-03,1.977791601443753811e+06,2.191401628430043006e-08
1.273912116051836851e-02,2.005585210467703000e+05,1.451638318465343934e-09
-2.345812345656651809e-03,3.579333206325708423e+06,1.567790558241140669e-08
1.798911178195641489e-02,6.168684821028305218e+06,2.738431323739779649e-06
1.349106331527050043e-03,1.533125235644139175e+05,9.513599749359628143e-12
-7.294534520550566281e-03,2.385434177043599542e+06,6.733289581924686631e-08
1.223963701189770270e-02,2.155023511944332568e+05,1.547171128652843948e-09
3.919278861929324093e-02,6.623823322789716534e+06,1.498742631452249420e-05
-4.164877044880266332e-02,8.832657630149959587e+05,3.009431160012024369e-07
1.781794702889266929e-03,3.862252800847400445e+06,1.053159066887751292e-08
-1.815910874436183278e-02,3.872219985310788732e+06,1.099528152210166946e-06
-4.639825695167812403e-02,7.126725484601397766e+05,2.431535657878948192e-07
1.690586193984370753e-02,8.080205176638251869e+05,4.149699648704564833e-08
-1.231881480804498247e-02,6.093166166514717042e+05,1.252913668503583764e-08
7.509242376600826219e-02,1.367242840610447573e+06,2.344125239446183818e-06
-4.182094366645208033e-02,1.449871656812937465e+06,8.176059192122376507e-07
-1.607521557852287578e-02,3.224710569120654836e+05,5.975748953972706370e-09
6.674641953549124464e-03,2.061579357278329087e+06,4.210690419464116038e-08
1.502657787777252410e-03,7.572753221257598139e+06,2.879552707488843280e-08
2.610483597395076363e-03,1.111163191953534697e+05,1.871090877085543536e-11
-2.929693561175518955e-03,5.648674864112922922e+06,6.090245490474861171e-08
2.389497089523243828e-02,3.886351635020755930e+05,1.917760846844381139e-08
7.846056290633594138e-03,6.759611743114467245e+05,6.255234468170087450e-09
-1.475617036544350042e-03,8.575409658929027617e+06,3.560855283808617587e-08
-9.893636468317518196e-02,1.852807297448368976e+06,7.472564163760155271e-06
1.927557370096601164e-02,6.604006669195628492e+05,3.603519550157280041e-08
4.647271249205425087e-03,1.555992563717449084e+06,1.162808849925720510e-08
-1.344733536315319625e-02,2.327956449184131809e+06,2.179312074272148090e-07
3.606452912816793255e-02,1.181001342578654294e+05,4.034210595213064493e-09
9.401439607691517916e-03,2.964022796874391381e+06,1.726827876047628963e-07
-9.872287764083872985e-02,6.344817085286423564e+06,8.725113298614479659e-05
-7.783827362535780149e-03,1.139518182553995866e+06,1.749549197741247696e-08
3.286992522212633678e-03,4.362172633570039179e+05,4.571938505766404646e-10
-5.054809475684977210e-02,2.082558217197188409e+06,2.464342880449146388e-06
6.498999787568712598e-03,4.721972242667914834e+05,2.094291623464196415e-09
4.997554165539058561e-03,2.050876164071568288e+06,2.336098472601000942e-08
5.211666467060620256e-02,3.313063890816205647e+06,6.629947679807738762e-06
1.081185061282723125e-02,3.188575304428869276e+05,2.642960543644863906e-09
-5.417128275190930681e-02,1.057252459113439691e+05,7.294455809696127969e-09
-4.363751566531349352e-02,3.430376016047297977e+06,4.983113055837155076e-06
3.064363186458133118e-02,1.179593131750521949e+06,2.905642595866658390e-07
3.536653244961126315e-03,3.195135778066345956e+05,2.839624072688280843e-10
-8.499566183909550848e-03,7.795283832429306582e+06,9.762355892874155362e-07
-1.832538451245238273e-02,9.663265692718060454e+05,6.973507685189144204e-08
-1.485601307448936557e-03,3.807273211662251037e+06,7.114262450457245749e-09
1.348858103554466219e-02,2.627022045399399940e+06,2.792268750075843192e-07
4.879794977960892621e-02,4.637901791136327083e+05,1.139051861513302575e-07
-1.086154192380325845e-03,6.505171672759141074e+05,1.110191097676564413e-10
6.619771641825265666e-03,6.886988709370915312e+05,4.622128431438846635e-09
-3.480167426352065788e-03,1.304319293285256717e+06,4.582108437869647709e-09
-1.376898415337060849e-03,1.883051235042952176e+05,1.494945375584070335e-11
-1.545661890022467224e-03,6.835722698158356361e+06,2.482533523096357387e-08
1.676929333427506705e-03,2.874835568011289579e+05,5.168360426986827171e-11
-2.713509250751424632e-03,9.989193920302432030e+06,1.633882238973863514e-07
7.993169996020075066e-03,7.012494752776132664e+05,6.986834371496660670e-09
-5.250993681099087179e-02,4.092807092167416122e+05,1.027123799916932163e-07
8.736436648769614621e-02,1.866576772061600641e+05,5.913677390962717908e-08
-2.169493941167641420e-03,1.338849593779890100e+06,1.876193884345641146e-09
7.888418811333480773e-03,8.618683879707116634e+06,1.027919427252310358e-06
2.123023801234654589e-02,1.027229129914189689e+05,1.057649162101235567e-09
-5.971101206067079559e-02,6.280355267298599938e+05,3.127335956686101550e-07
-3.041864891849793695e-02,1.052080105580000672e+06,2.277585598428568993e-07
-8.062525550723663795e-03,6.325228050351724960e+06,5.783514581280651701e-07
5.278099853617776449e-02,9.562455259606296895e+05,5.664887469521822836e-07
9.640925037996581071e-02,1.999217954412946943e+06,8.261424712813225397e-06
4.234096944644986232e-02,1.664122490348529536e+06,1.104051737558886835e-06
1.010794668817181427e-02,4.210222382351575419e+06,4.027478282819910182e-07
-5.565510445729292960e-03,9.485336152112777345e+05,6.197445380706461081e-09
-1.125433539433909119e-03,1.592557992971884552e+06,7.143770103133284539e-10
1.410356148643238106e-02,2.170616488597962540e+06,2.084111924145548990e-07
-1.131770747118183117e-02,1.069534000481991825e+05,3.258392296034287450e-10
1.488529240989460746e-03,8.820671245492478833e+06,3.833674737511938985e-08
6.077519193505419998e-03,1.612291984002899262e+05,2.135193890701467311e-10
2.020642797176853619e-03,1.555550084380815388e+05,2.197072267167670560e-11
-2.463264105351122349e-02,4.486243657878207974e+06,2.715719570546783216e-06
3.594239991315217875e-02,2.630840526515157893e+06,1.988384830286613628e-06
2.228685197775629248e-02,4.921678237117892713e+05,2.675599726594123430e-08
5.614560869628404220e-03,2.236406756731430942e+05,3.506149506442173271e-10
-1.568845136167375904e-03,7.400271619460018119e+05,2.997455349262766360e-10
1.070456753069802709e-02,3.825345218154340517e+06,3.728865952658530785e-07
1.048722647069928434e-03,7.836422411156197079e+06,1.501945658163732526e-08
-3.140531675782411592e-03,3.269122257046524319e+05,2.344044928317592330e-10
9.434509815851846448e-02,9.669544086441869149e+05,1.850750721987078616e-06
-1.398913490221579152e-03,1.363066153527240676e+05,8.085610837822131510e-12
-1.153566202628488260e-02,8.147202405156631023e+06,1.964261521702618541e-06
-9.655931298136431751e-02,4.065162039550171467e+05,3.426425611870406264e-07
6.298653833654044645e-03,1.091203100212046411e+06,1.050519006518901860e-08
-2.091783051674087415e-02,7.039972544980881503e+05,4.822502496612305763e-08
-1.713317992674977166e-03,5.048528016361462651e+05,1.663806219076756919e-10
6.964526395563816474e-03,2.347754418991362676e+06,5.945464101685986000e-08
1.169269332241081732e-02,8.624139646006954834e+06,2.261298679224317014e-06
7.453154738466168105e-02,5.037665195779138594e+05,3.134989769891197456e-07
5.673550012356896183e-03,3.113905570338124526e+05,6.940933800410197738e-10
-9.350845670679123339e-03,1.148127157464153279e+05,2.563179427033492072e-10
6.301970297900525916e-03,1.816043188275587978e+06,2.912743886376250046e-08
6.237522157871781825e-02,5.234480117216715589e+06,2.370656126406531751e-05
-1.239837045789230797e-02,4.973361727118069306e+06,8.455252154271447210e-07
1.200841708756818227e-03,6.398827922741444781e+06,1.313014858381560268e-08
-6.450693286935356430e-02,8.590321021523126401e+05,6.828555188995829330e-07
-4.074886383565803905e-03,1.507149618924487149e+06,8.387663424929611294e-09
3.015477884313620942e-03,3.438770493296371424e+05,2.391200148513966535e-10
3.680541942701958877e-03,3.904532779390757438e+06,4.592603360930282511e-08
-3.058405241358479795e-03,6.612959836694513215e+05,9.096599603185575602e-10
-2.325351512509766724e-02,7.366278765847667819e+05,6.524853656905345142e-08
-4.276590465067189005e-03,5.438937721812950913e+05,1.203152697587316977e-09
2.807361167749252567e-02,7.489085603649337776e+06,9.829952443283071080e-06
-6.386179135508315147e-03,5.312235245395495556e+06,2.559375695724396592e-07
8.920155101837395906e-02,5.756066416886371560e+06,5.862645781645812163e-05
-2.532811907918506786e-02,2.548424752100145270e+05,9.265028474544174819e-09
-3.001619654122001431e-03,1.670113384962033597e+05,5.588567291391496168e-11
-2.005432675103802076e-02,1.343411864639582636e+05,1.614105000990249945e-09
-4.855334207547366832e-02,5.595611808896060102e+05,1.641461363227632379e-07
-1.358138300346796966e-03,8.398556767750711879e+05,2.893307335592777509e-10
-7.195173750024756731e-03,7.038529727722302079e+06,5.703529872747108945e-07
-1.574686693827824849e-02,8.031695038339447230e+06,3.557132036569311130e-06
3.442015492386161363e-02,6.068338520362476120e+05,9.702027281898253658e-08
6.219289276796861887e-02,1.532932442431843374e+06,2.021272171428273815e-06
4.318251500615928606e-02,1.064005450274314266e+06,4.694624067803892576e-07
-2.614555863224477753e-03,9.268469823707420379e+06,1.305897775522300834e-07
-7.906930225115568062e-03,5.410872493492346257e+06,4.070499101001080974e-07
-3.712329799037942472e-03,3.907164558355113841e+05,4.678576758750539580e-10
-5.850160442102625424e-02,2.555097178804317489e+06,4.968755756384407892e-06
-1.060312101970364157e-02,5.880721557684774743e+05,8.646212809497611827e-09
5.576051181830026134e-03,1.403181456291049719e+06,1.361377055186976319e-08
-2.880389713011282087e-03,2.921967211410795804e+06,1.575253413522370718e-08
-8.616184811281059341e-02,3.063573824554030318e+06,1.549472819510307455e-05
1.290632708462651282e-02,4.650848959232608788e+06,8.012481802126096310e-07
-6.633211410482657555e-02,1.149405846260626859e+05,1.292682091726989804e-08
6.764255699015941925e-02,2.232016880642112810e+06,5.069116034992569961e-06
-4.396038372167256764e-02,1.965515630047488725e+06,1.660248907970548628e-06
-5.895502887405076886e-02,1.381282735413996852e+05,1.474701529037056670e-08
-4.358423745371392544e-02,2.940934862565411720e+06,3.653650200373153206e-06
-3.167183513135326828e-03,6.808098329160101712e+06,1.033940020456549566e-07
2.240918796507005567e-02,1.648943478721215797e+05,3.036414301499018761e-09
2.657268474671990472e-03,2.738421222879557172e+05,1.177520901336663755e-10
5.533607885080912489e-03,3.619980675130510936e+05,8.923321031455155859e-10
9.496267345906078683e-02,9.876734279229367385e+05,1.956274777173495321e-06
-4.993045343095200463e-03,3.656279066097495612e+06,7.411514154551442475e-08
8.396431729440455294e-03,7.701536479314305820e+06,9.299113027656665437e-07
6.533556399593458408e-02,2.213297528900236357e+05,4.650248245756896816e-08
-4.103151932937012560e-03,7.869840751352551393e+06,2.318805576685611114e-07
2.090733183380801431e-03,5.826976195521734189e+05,3.300509315288759300e-10
1.140444987929878536e-03,7.442993265574576333e+06,1.602290229222424837e-08
7.170048867831459519e-03,5.329116936934924684e+06,3.246773420020989073e-07
-2.418208604486608154e-03,7.258105138702333905e+06,6.850642187965541206e-08
-2.060928034863605471e-02,1.792429419233747758e+06,3.034638974740932811e-07
1.062717697198421046e-02,2.294564048110836186e+06,1.322310496845009901e-07
-1.942840443912343664e-03,1.541695559384496883e+06,1.995118816500993489e-09
-1.438940368395312183e-03,1.416008616250741994e+06,9.232400495259567744e-10
-3.369387316158655582e-02,2.891729456711304374e+06,2.111127396720375961e-06
1.313671002942214594e-03,1.422058640918848687e+05,7.760782086188776931e-12
5.362515526257796011e-03,6.478361185991117731e+06,2.683889866633814979e-07
3.267271953557098624e-02,2.427231265233432408e+06,1.398589087436634422e-06
1.795839181093145456e-02,5.207954079987471923e+06,1.945209707925016500e-06
-2.710707512291204990e-02,1.468061834327224933e+05,3.521691149051165128e-09
8.860838211836873091e-02,1.285621656193264527e+06,2.885846475706439978e-06
-1.151874150762125654e-03,1.298619890714637586e+05,4.975897394770887634e-12
3.316422410421318752e-03,1.241722735503588920e+05,3.771257603663425146e-11
1.559218503998955870e-03,6.641744871879789280e+05,2.384929738373954133e-10
2.636936813670157087e-02,7.437112915466872044e+06,8.552743504324204109e-06
1.423655672770302591e-03,1.038282661304761277e+05,4.858904683711300855e-12
-1.809581770836114984e-03,3.432078112160743913e+05,8.577643710264637203e-11
1.093784560662504476e-03,1.537291855934791500e+06,6.287434603839216630e-10
3.170288321313914550e-03,5.946755136627200991e+05,7.904144749586358438e-10
2.599703838863139625e-03,3.209305393676792737e+06,1.547986231224054700e-08
8.677813892846628074e-02,5.646700004367110087e+05,5.339583039346808825e-07
2.124839578287669381e-02,8.132913071306867059e+05,6.641127306845023718e-08
-6.400620964233267977e-03,2.867331406112895929e+05,7.490266207274592183e-10
7.781686875700719735e-03,1.847504487340110936e+05,4.596378210142349296e-10
-3.140959045030534014e-03,3.263579361446720432e+05,2.336738714470328545e-10
4.021177638762203632e-03,7.659545601940504275e+05,2.109646941990355441e-09
-2.048519041009162767e-02,3.391209577411768958e+06,1.073214473131832459e-06
-7.147804555388580228e-02,6.257294170881244354e+05,4.448521909119567187e-07
6.432364948289834294e-02,5.790946737181269564e+05,3.085586635572694599e-07
6.783873984344086783e-02,3.994728105345198419e+05,1.633154397588799864e-07
5.367050430720127913e-02,1.491880870183929568e+06,1.425728703309055008e-06
-9.468881773835802901e-03,5.162013679542170838e+06,5.312915894187218255e-07
-2.496400519037032459e-02,4.442820685458874330e+06,2.735541762612798673e-06
-1.863014217938948865e-03,3.589849976225193124e+06,9.946772563092076197e-09
6.605050910495481598e-02,1.655242170248885523e+05,2.658108313798856405e-08
2.940725340151814637e-02,2.412560628258270735e+05,1.119341615257559477e-08
-7.517638807987415961e-02,2.350739154076417442e+06,6.944948732419130908e-06
-2.210485934518719234e-03,2.797545424001942854e+06,8.504074496187845675e-09
8.521244853523558815e-02,7.830565737895611674e+05,9.901240727486438523e-07
-4.885271337979237537e-03,7.856305665499155410e+06,3.275754720918265887e-07
-3.363773183277335432e-02,6.805235840499185724e+05,1.165298049731955159e-07
-7.794601109602897031e-03,6.338209694219334051e+06,5.427730142692989421e-07
2.920907656861301133e-02,6.333486962414459325e+06,7.610595966570195058e-06
4.584284001874924797e-03,1.828970203171386966e+05,1.563340362086038820e-10
2.103748000646752173e-02,4.331143574837816996e+05,1.846247176399706806e-08
6.702304561270138079e-03,1.592719118559382041e+05,2.534101200634948736e-10
-7.883248602298702917e-03,3.215241288253806997e+06,1.428679574625413284e-07
1.570635901513544805e-02,1.797522900950484909e+06,1.772544534058628601e-07
1.006528044141783785e-03,2.156927900111714844e+05,1.048142343882044233e-11
5.045613637957909597e-03,2.161833551665205508e+06,2.645877540627557786e-08
-2.566419361314847825e-02,1.241237870077173138e+05,2.256641295466115711e-09
-4.044497279402562047e-03,3.290297481553031597e+06,3.938190097573694611e-08
8.382371048919606826e-02,1.642765933042081597e+05,4.216794035413696266e-08
3.741623494442706740e-03,1.740878937419508584e+05,9.435274945453001413e-11
-3.432318308657918149e-02,2.974402616235694732e+05,2.317778197132726718e-08
1.671366321382429868e-03,3.914137557219922892e+05,9.517277064415154969e-11
9.876832592257293875e-03,2.442721188536205795e+06,1.294435559920035673e-07
2.952879218262491334e-02,6.981723629940579645e+06,9.451786954014687316e-06
7.467706906917919406e-03,5.854966516696621664e+06,4.251288821775119173e-07
5.957318059533462523e-02,1.148783481772153755e+05,1.041538169320912365e-08
-6.243997823217272390e-03,2.505961433109618956e+05,5.444669245754222894e-10
1.175473242211030542e-03,9.025196594184886664e+06,2.502857289496860427e-08
-2.621497926478285560e-03,3.858745818123139441e+06,2.275561782171304375e-08
-2.268203852346908217e-03,2.197543323984406423e+06,5.525051233854260432e-09
-8.151177820470036431e-03,1.795446820337477839e+05,4.763027378799232729e-10
4.059336412200930701e-03,5.611146827932654414e+05,1.153747055125990241e-09
-2.600365282392132129e-03,1.135145134523307672e+06,1.937620643191597948e-09
1.969692598368877334e-03,8.305381128741119057e+06,5.951319823773446275e-08
-1.783880627376148442e-02,6.945216614151329268e+05,3.413504028948726784e-08
1.727200798328068151e-02,1.321591940155607648e+06,1.158717786276372482e-07
5.816990559927105731e-03,2.742802998179649003e+05,5.660870234447909909e-10
-1.778469333423732387e-03,7.419074936933582649e+06,3.871591501174592840e-08
1.709154230947834913e-03,2.217655619114665315e+06,3.194831588549685278e-09
-9.805706825157664563e-02,5.862733632906967541e+05,7.349459231318983632e-07
-3.934173845384933942e-03,3.087669174610499293e+06,3.281450582782000735e-08
1.194232367498986210e-02,5.964473560976579320e+05,1.128285902003760884e-08
-2.208115087518518118e-03,3.379509949158229399e+06,1.238363433160553009e-08
3.139264334107299409e-02,2.141370440338233020e+05,1.004931892204444300e-08
3.724355347981189723e-02,4.282660090710853692e+05,5.657527655195048859e-08
6.571491139647506197e-02,4.305287367009612499e+05,1.780038491035758954e-07
-1.803881557863321050e-02,1.330209296255583409e+06,1.280422345758109638e-07
8.114140041242634896e-03,1.721907785689755110e+05,4.341122365556085181e-10
-2.515618995622138400e-03,1.510682627200207498e+05,3.211688755074052323e-11
1.981645796230226911e-03,3.058729048182604602e+05,8.170174383747460800e-11
-9.428138905267124947e-02,9.537344672580945771e+05,1.798059882083716227e-06
-2.310662239990704872e-02,1.153037195000533393e+05,1.578544463552691126e-09
-7.350769153896951659e-03,2.962268144979530480e+05,1.054414951856311796e-09
4.923382473543455769e-03,1.542874788385792053e+05,1.283174634422715194e-10
2.006343653112248153e-03,1.244236347025715280e+06,1.385841821663922900e-09
-3.237048473294932508e-03,4.520431890007645125e+05,4.761628579780021354e-10
1.837668707753625872e-03,3.323461317403427092e+05,8.294934238132525082e-11
-9.502375295980990122e-02,3.705458670217390172e+05,2.757055797383465785e-07
6.130048080829489376e-02,1.343614607030846411e+06,1.508601188467405185e-06
1.511519794265689257e-03,1.188506270307174418e+06,7.176751073360723641e-10
6.527807748167959064e-03,1.107438769117072661e+05,1.162174675700238395e-10
3.389512362848797356e-03,2.428456288407012355e+06,1.506719040281883929e-08
-1.891746248549755786e-03,1.467243585346172564e+06,1.713276477649439252e-09
1.051669935833172628e-02,3.445411348247393034e+06,2.919700659335502267e-07
1.456016584707417330e-03,2.808486135530918837e+05,3.718557168667027122e-11
3.201068929687933551e-02,1.366253533961504465e+06,4.253533907886038163e-07
1.773575446789428176e-02,1.629259936301661364e+05,1.856852226346837538e-09
6.647454284603435126e-02,3.297130519698362332e+06,1.068268070438610780e-05
1.335199937938433322e-03,2.340236366826776415e+06,2.171247369483195330e-09
-1.044883533427025217e-02,5.988091584334255895e+05,8.705824112163271211e-09
2.635008955210676063e-03,8.551921460709309904e+05,1.129246749196997258e-09
2.686983967386187642e-03,1.304080600004075677e+05,2.730462832131348945e-11
-5.320615236086458089e-02,4.292115278708122671e+06,1.159748217505290203e-05
6.104050468355965570e-02,1.044709732884196215e+06,9.043254714396233685e-07
2.228548216069987237e-02,3.603324231701066019e+05,1.433996213355257235e-08
9.854146540755125833e-03,6.235757327945309691e+06,8.396797790251246958e-07
1.950417991367142667e-02,6.453098900601778179e+06,3.522810496009482458e-06
-1.157126321482722462e-03,2.636113909068465000e+05,2.069126968187594728e-11
-1.400653566834632498e-02,3.531080134316142183e+06,5.439686369268974026e-07
2.355713821771977887e-03,4.913736288690632209e+05,2.979655127149146778e-10
-1.895552558138975316e-02,1.455780659146211576e+06,1.693404861656998102e-07
-1.601094225787195752e-03,5.607291653207521886e+06,1.792409860954391120e-08
7.741392237941573107e-02,3.540517145956746535e+05,1.670585854347441243e-07
-1.663637757439377293e-02,1.265672009527643444e+06,9.859551023391640783e-08
-1.409963845885907081e-03,6.169572748807377648e+05,1.682764661109104718e-10
-3.530732476016965830e-03,3.318487313708892907e+05,3.052862178113703157e-10
-6.162355994452872916e-03,2.738040357910833322e+06,6.330973680404521555e-08
2.259702709361492007e-03,4.937452388573060744e+05,2.768252525056865160e-10
-1.399801347337704819e-03,2.068372354172543273e+05,1.864178580567548962e-11
1.136327028883931528e-02,1.403677953817835078e+06,5.657686544668247166e-08
5.926359713985331068e-02,3.413458703109664377e+06,9.100443829299302269e-06
-1.310289374682980026e-03,9.288337345677498728e+06,3.293879062265939272e-08
2.605691234633874045e-02,1.118411880410951271e+05,1.888629191578972637e-09
7.675614748842013446e-02,4.257152213251741487e+05,2.374444073787340659e-07
6.760055383335382591e-03,1.527384210725307930e+06,2.370796907684039010e-08
-2.201819024293874549e-02,2.879255725729526021e+05,8.937601120076253082e-09
-2.595863154828833078e-02,6.625443494870723225e+06,6.577952722472164730e-06
4.602923529407958528e-03,4.456489917628810741e+06,9.357301579915161902e-08
-1.669786629565339457e-03,3.709678248231286183e+06,8.532802548387325502e-09
2.297799154088885076e-02,9.115267607222028077e+06,9.755740225072215648e-06
2.161916528927049913e-02,2.703525759825336863e+05,7.596894903396347063e-09
-1.148389830620762369e-03,3.072461200856229756e+06,2.768526858669379301e-09
4.153754351533120275e-03,3.791959865544307511e+06,5.517042546424204621e-08
-9.219836225804021665e-03,1.201847700055276277e+06,2.730502240262722407e-08
1.384102072525490506e-03,4.288462023263538140e+05,7.834957146296349961e-11
-6.679600311370978427e-02,2.216167628612689441e+05,4.873078605211198090e-08
-9.627600490300234487e-03,2.396276714816285763e+06,1.183606404578434115e-07
-2.123647166255460995e-03,1.277607993934246013e+06,1.637032179166528548e-09
-1.007177699968789687e-03,2.137887565891657723e+05,1.031048693308346609e-11
7.204459222871867526e-03,1.403890502755676862e+05,2.274921932912731707e-10
-5.507495855304968616e-03,3.593301252901749220e+06,8.709492833684253382e-08
1.032264785824742485e-03,6.388784432832853636e+05,9.671992349507408868e-11
2.042149816583533131e-02,8.657712911894544959e+06,6.951504546033102507e-06
7.073166978109417767e-03,2.399054245578004047e+06,6.403320031031965158e-08
1.252276329714321684e-03,3.039188046677848906e+05,3.221163273585237951e-11
-6.844181671538276945e-02,2.489945392869227100e+06,6.458325855981582378e-06
-6.082582691133323061e-02,4.725804318628973560e+05,1.837489066885147443e-07
-1.960154919199485340e-02,1.010200235252021695e+06,8.719527962553294533e-08
-2.098131323032815382e-03,1.091889509227762901e+05,1.167131987787861470e-11
-1.040626529533371153e-03,4.748386841948984656e+05,5.429742364413784205e-11
-9.223557824355481383e-02,1.841502593381620944e+06,6.415623502607236176e-06
1.403366856060524843e-03,3.459067752398718148e+05,5.240320126137112851e-11
-4.272216820699002021e-02,1.261926421231477987e+06,6.463561544865645741e-07
-2.241664986113006339e-03,7.729825826216400601e+06,6.676949378713413444e-08
-1.554267397791388389e-03,1.238899388664066559e+06,8.245572270385036313e-10
4.614087716346091175e-03,8.095552214292193763e+06,3.102857992465334015e-07
-1.442567987869479429e-02,1.177769557053557219e+05,6.419341505006350955e-10
1.989599983206271835e-02,4.168914325604669866e+05,1.529941157686817448e-08
1.971697111338085312e-02,1.681425697671927919e+05,2.444179020172469131e-09
-1.032799570279178958e-02,1.399501541036324634e+05,4.645966881701348488e-10
-4.763757766964363954e-03,1.813502322345933353e+05,1.659712337598409285e-10
3.761602427361046899e-03,5.164509999423355795e+06,8.392691892100988133e-08
2.405300060122777389e-03,1.034784512186651264e+05,1.377639589255814381e-11
-2.121880892548548558e-03,1.532616233911389718e+05,2.351830928306980984e-11
1.608540702229757082e-03,2.577143056894185487e+06,3.821540034138234418e-09
-2.073835282338060484e-03,3.606458641568150837e+06,1.243963622920737757e-08
-3.295467222100891339e-03,9.744733778909846442e+05,2.293354548262411531e-09
-3.680963303403205541e-03,1.477359242679992924e+06,6.576464094222963486e-09
2.051452299681796355e-03,9.726447927694777027e+05,8.853778015999323466e-10
7.043092839356278334e-02,4.886887035123097710e+06,2.634442213856655850e-05
3.000432842790446298e-03,3.119280970693295822e+05,1.947933216467871820e-10
-1.729507162646352555e-02,3.109915915013632621e+05,6.433381029996664607e-09
2.574368370505008413e-02,2.416305768168042414e+06,8.604832356129874955e-07
2.149996049249956916e-03,2.523462972477090079e+05,6.545856003418799038e-11
-4.360658055892190944e-03,5.359147577983103693e+05,1.214486659723035758e-09
-9.669026134024266347e-03,4.752189024337239680e+05,4.695157144909792384e-09
2.937902860684973427e-03,1.646847049250800046e+05,5.205694129034584670e-11
-9.262606013208277839e-03,1.864782455760208890e+06,6.634680029314024345e-08
7.643505894197986927e-02,3.679450177032985259e+06,1.758929016062198410e-05
3.188703465506786960e-03,8.819415047418681905e+06,1.758753928663203879e-07
6.254507953665791598e-03,3.234479369361350313e+06,9.101067167984055933e-08
4.538635655176649630e-02,1.115653457536939823e+05,5.701728361913936758e-09
-4.646485880150153826e-03,4.823148544794002548e+06,1.116883228070218544e-07
-1.883092941625214012e-02,4.226660363227157854e+06,1.408754978372046639e-06
-5.247458842063298413e-03,1.136244327074796893e+05,7.905671933652477954e-11
3.735473089615540254e-03,5.096719189985604025e+05,8.060646715968294959e-10
-1.891271380250468884e-02,5.383657572720529279e+05,2.305471773355264064e-08
-7.045032344132774911e-03,1.640212293799030362e+06,2.969363450608817705e-08
1.468962186822920287e-03,2.563727078542696778e+06,3.154002728240019007e-09
-9.513293711872143621e-03,4.245283335895604687e+05,3.627207685288060536e-09
-1.927494961130107008e-03,2.822220297170550097e+06,6.580601243053522285e-09
-6.719879096686115494e-02,1.360865850425133540e+05,1.859733872573932764e-08
-1.473496657741413772e-03,1.501225035253880778e+05,1.088145968487897017e-11
4.294012540294134955e-02,1.864878575367915619e+05,1.426017931277886105e-08
-4.823740232235843375e-03,4.476469643529575551e+05,1.036898777148030710e-09
2.436707055581604359e-02,4.354517528713169158e+05,2.503709737089667162e-08
7.459803760133651429e-03,2.808857538325184141e+05,9.763633799962635106e-10
-6.991984160844687268e-02,4.679110923228787142e+05,2.380262220524156442e-07
-4.690793053481475718e-03,2.606366112093601841e+06,3.323997112191398071e-08
3.317530446863975468e-02,5.135712637115070596e+06,6.455479639835549517e-06
1.756265662835904563e-03,1.449952449857805623e+05,1.442066179429185711e-11
-6.141210836360861541e-02,2.697434731932355557e+06,6.102491117207972299e-06
-1.959842489361040673e-03,1.474009143384427764e+06,1.855837488429787507e-09
3.270262553438355729e-02,2.957593616467808606e+05,2.080364785364451803e-08
-1.504535585833511029e-03,4.909676132286575623e+06,1.213410834933160692e-08
-1.091179825484057606e-02,3.310142451067184447e+05,2.901237444601712840e-09
1.075338494681392105e-03,1.017516431573776936e+05,2.662382798518159865e-12
1.794147827870481993e-02,1.049256703894968377e+06,7.880925157077264701e-08
-1.839204314610956917e-02,5.158536577211999102e+05,2.001751825631008487e-08
-1.689610005296060882e-02,1.479468667569166282e+06,1.389574192758135444e-07
4.107995424418856706e-02,1.366711372570526088e+06,7.009883000888875909e-07
-9.291886128289723532e-03,1.010887581013683463e+06,1.962052982109773433e-08
-1.261626877099365860e-03,5.158463184658822604e+06,9.418891326245168561e-09
5.741926607650521541e-02,2.460974737697495148e+06,4.440448484286004050e-06
7.445860172662797927e-02,8.994493345045966562e+05,9.974253747822216981e-07
1.407941022918132896e-03,4.095402956589188892e+06,7.393659661108874923e-09
2.035486766128792764e-03,6.899511860229888000e+06,4.386019395164225307e-08
2.976525121275698516e-02,2.744279355489217211e+06,1.483791886868392881e-06
1.248245891221534849e-02,9.553822578667229041e+06,3.162655475926442467e-06
-2.594658542962014272e-02,7.717750303490916267e+05,8.917417971423163022e-08
2.270902500519796606e-03,4.961523899784154491e+05,2.823087915156041249e-10
-2.616267403895115168e-02,2.043477385819127667e+05,6.356253115208924489e-09
1.606852706537389638e-02,5.402407821159832180e+06,1.675807457163077727e-06
9.002701524415991641e-03,3.194288080621449044e+05,1.839039747880754392e-09
5.050202257368525093e-03,1.895499897582232486e+06,2.037803596816536563e-08
-2.342466641690198192e-02,7.275012694104596972e+06,6.458201502411604652e-06
9.163286299111368660e-02,3.655026450993363978e+05,2.494484506645977098e-07
1.294914799922105078e-02,6.329581290008289739e+06,1.493927780372890139e-06
1.662722550325108559e-03,2.070107641511872935e+05,2.634648493436768539e-11
3.606403250935072413e-03,3.800931378449349431e+05,4.178552664237500870e-10
8.253890905186689331e-02,2.437888730942557566e+06,9.004144559696150406e-06
4.457546260873458850e-03,6.430025901727136225e+05,1.826898475085688155e-09
-9.878084015635117676e-02,7.697444646544044372e+05,1.285688711524467187e-06
3.597565059205674876e-02,5.623734011969477870e+06,9.102571660159283699e-06
-2.491811932410522949e-03,6.014838575155512430e+06,4.995462757450418923e-08
2.810027401392651419e-02,3.957016146734328009e+06,2.749501779235794376e-06
7.952330685695632728e-03,3.027263608884480782e+06,1.288803163466688352e-07
-1.883724791596633327e-03,1.325530492942982120e+06,1.386473595887346689e-09
-8.459429971345433508e-02,6.787825692133694887e+06,7.332309904040591102e-05
-3.129015067061615557e-03,2.739757205881639849e+06,1.634318568387006488e-08
1.611986540301461532e-02,1.047946510248663486e+06,6.345974234563465712e-08
-2.195640812968046793e-02,3.578123974225024576e+05,1.372557692252848145e-08
7.089798130931261599e-02,1.695883033122874040e+05,3.214820878129112483e-08
-1.633029278306078261e-02,1.634434027446928085e+05,1.584236385383015050e-09
2.958242801341826479e-03,8.838333955361158587e+05,1.520217395749367345e-09
4.030509685420923839e-03,3.247575870145882946e+05,3.810094965691376698e-10
5.135093080731205004e-03,1.742737305709196720e+06,1.780974686822908030e-08
9.090978487993341128e-02,6.153805510870393366e+06,6.959948778594658562e-05
-1.831591843901807844e-03,5.571433169665345922e+06,2.315733099874060077e-08
-2.071012747563861361e-02,1.980889683227180736e+06,3.742685847176745264e-07
2.535647647202361396e-03,7.240853491573038511e+06,7.496431534853965818e-08
-1.559250513207650034e-02,1.550211523132940929e+05,1.299304562303182359e-09
1.701522848718008216e-03,8.802699183927230537e+06,4.988897061167009385e-08
2.596918261066773204e-02,4.676273781796701252e+06,3.279545576680097842e-06
-1.360631544045805752e-03,1.047381061740166508e+06,4.516351704727587367e-10
3.914501275689837023e-02,1.013727572282719193e+06,3.501810546324651433e-07
-8.289437789024446668e-03,2.874604544997158810e+05,1.262709998810695303e-09
-1.589143833795711447e-02,8.612933162118034437e+06,4.166062861639611174e-06
1.387115033845011391e-03,1.889543292552871397e+06,1.527692341625305065e-09
-3.674984603976271663e-02,2.077204218544402858e+06,1.295885678594620396e-06
1.600841041373338332e-03,6.144582935803022701e+05,2.151684004060986598e-10
8.271579391432058032e-03,2.277801499439451844e+06,7.894159273194087189e-08
-3.064459945981751546e-03,1.757222396789460909e+05,6.448498586385699494e-11
5.959695546477716821e-02,2.449618060728031851e+05,4.739605007117476152e-08
3.316784351087995186e-03,1.867732528146652621e+05,8.534166013103731397e-11
1.326873603594390947e-03,6.405321602669105632e+05,1.606342830861485757e-10
-6.957247865685278754e-02,2.323455733327110356e+05,5.810867976220214229e-08
-6.897851413710044677e-02,2.339102309506489895e+06,5.789264019226287202e-06
1.563259367774971417e-02,3.009275499600277399e+05,4.921338398238947564e-09
2.751465379971310479e-02,7.644671267584963934e+05,9.838819327397428176e-08
2.628720319647079393e-03,2.910690427860467462e+05,1.301901268636423721e-10
3.869525884126750939e-03,1.423522176098424534e+05,6.747474266645569527e-11
-1.322552862761470181e-03,1.082395518713176134e+05,4.557170752026271894e-12
3.619222771432104458e-03,8.967485534353142139e+05,2.342444185513887568e-09
1.832614620833315083e-03,1.858201720740140416e+06,2.578845122377039787e-09
-8.265600703827213208e-03,6.318837129353834316e+05,6.066251562972536538e-09
-9.002831753508681867e-03,1.896130443764706841e+06,6.480252689619660805e-08
1.770701849863295235e-02,2.866498237872172031e+05,5.729167119274221359e-09
-2.044551709904170872e-02,7.003614501360957511e+06,4.559717274878609833e-06
-8.127274091602433581e-02,1.061764571846703911e+05,1.655935907963981932e-08
-9.101276939494626350e-03,3.741833867955189198e+05,2.579116219782837582e-09
1.206161692837787354e-02,1.282095885482876562e+06,5.318012160640380346e-08
-1.351816129973784164e-03,1.862863417939444480e+05,1.410244866373680747e-11
1.818436795460590290e-03,4.919881448365621036e+05,1.779930100911352604e-10
3.767597060936991264e-03,2.128139456259405415e+05,1.429638768834633303e-10
1.710655051718618438e-02,8.758762527729369467e+05,4.992380087691235873e-08
2.161417092372334287e-02,1.501651041287583299e+06,2.342677231767756353e-07
2.497946445420468758e-02,7.760596885952792363e+05,8.357064364558723372e-08
1.363991135105807780e-02,4.854812483313141391e+06,9.751361705885020926e-07
8.711321306276617604e-02,2.303276854750106868e+05,8.952773604825755937e-08
4.279004430341101610e-03,1.640866060713457991e+05,1.096298922585876223e-10
3.084925482082154571e-02,9.026933008754506009e+05,1.724515273778289915e-07
6.711743648538279206e-02,2.557448210838882253e+06,6.552117351128355418e-06
1.378755865717008408e-02,6.605560586976199411e+05,1.844553929649099951e-08
6.827540095043876413e-03,9.806802268182288855e+06,9.969665945767609259e-07
-7.203293041390118612e-02,4.410962547083417885e+06,2.245050719279286801e-05
-2.389921084623329323e-03,7.513395109149552882e+05,7.170291761634483499e-10
-6.847300862581821683e-03,1.536213609423340240e+05,2.460590190803237971e-10
-8.152474930022779454e-02,6.857334378664300777e+06,6.950032711770921746e-05
8.000667718368222048e-02,1.711716009580835002e+06,4.170740250738059449e-06
-5.595871259748716464e-02,4.986440184051511460e+05,1.731465756357057729e-07
-9.778666610613733282e-03,1.012422989980669081e+05,2.179618708650998866e-10
-1.492155686909921002e-02,1.991778117026150925e+06,1.964298299251072375e-07
8.593629922809543908e-02,1.372713530625218409e+05,3.094641704315791210e-08
-2.460708751599905916e-02,4.253831876466165995e+05,2.436566791863330502e-08
5.693504418917730639e-03,1.741829338161123160e+05,2.187095651360046108e-10
4.341040596632073090e-02,7.701029615453379229e+05,2.485321244458863406e-07
1.913676385828936427e-02,4.077053072273238213e+05,1.353714172938896737e-08
-5.198898017413006341e-03,5.912455099901186768e+05,2.101142747107699391e-09
-1.017441822819193861e-02,2.996169159455850604e+05,2.066565051805209917e-09
-2.106709693781624870e-02,5.879408375683872728e+05,3.411724004998013605e-08
4.977138346974673694e-02,6.365287492123111151e+05,2.231992460545373062e-07
-1.298390141879395519e-02,3.086342969222359825e+06,3.571050895579610096e-07
1.114694776095247804e-03,4.242452246835343540e+05,4.973282247917646151e-11
1.541663715621848126e-02,1.511699161861294881e+06,1.207834129294980791e-07
-9.195607995610975693e-02,3.466273390603412408e+06,2.259351362737078376e-05
-2.285125447465428603e-02,1.513307739089988638e+06,2.659327655709852515e-07
-4.445536247190389617e-03,1.967656261294099269e+06,1.701547297446359683e-08
-3.503681291240132861e-02,1.029553540707167354e+06,2.893638751175988444e-07
2.605829866338161063e-02,3.626077832194007933e+05,1.985471277781176272e-08
-1.398998403803045597e-02,7.636468367213901365e+05,2.538147183888593822e-08
-2.663021157424978400e-02,4.829736779349350370e+06,3.678691839699280088e-06
-4.419684132727608530e-03,1.338845729741031828e+05,7.786473149335728491e-11
2.646805337881512170e-03,1.061110941182241542e+06,1.754134294296490566e-09
1.670021418926136841e-02,1.251939773032282945e+06,9.720938747209012864e-08
4.137746748369364180e-03,2.365140729228147306e+06,2.129801048872525518e-08
1.227427233778981969e-03,2.824340699402234517e+06,2.672532094139632073e-09
2.142933400239279730e-03,1.455457927696931583e+05,2.163285853546837973e-11
-1.891658169125733221e-03,2.644251827397611924e+05,5.564013785205888002e-11
6.251514977278335196e-03,1.549825741999557242e+06,2.087533927886937738e-08
-4.733855836159832700e-03,8.562290601764742751e+05,3.653484199219731051e-09
-4.198895098841681772e-02,4.609745944152724696e+05,8.331463227341632309e-08
-3.812135448398643739e-02,9.337498665561016649e+06,2.817701623371221800e-05
-5.117741260420373070e-03,2.703943086450719740e+06,4.258424908812556193e-08
-2.982874672133872460e-02,1.863420248643850908e+06,6.870508548387707518e-07
2.471943287573127521e-03,4.775941449298754334e+06,3.099504304581511653e-08
-1.411021917993783223e-02,4.215837010234436020e+05,7.869232819166279984e-09
1.237443520372758302e-03,2.406278417303803377e+06,1.971695175659423253e-09
7.812930389345412729e-03,1.507281456814551493e+06,3.083996474669074292e-08
2.182054548934592511e-02,1.353964284786879143e+05,1.941077494067284985e-09
-2.848444866378669130e-02,2.129671082036819309e+06,8.183478650554861142e-07
-3.862448873767048568e-02,9.066065398187993094e+06,2.726844879627864088e-05
5.543396952626199886e-02,2.817125161301479675e+06,5.423273329214206528e-06
-1.389102471512866990e-02,2.742690675295834430e+06,3.227895589969259410e-07
1.250429757973420958e-02,7.646503116779469885e+06,2.033019720633681673e-06
1.079075121178002701e-02,7.958699146635858342e+05,1.640154597516178562e-08
-7.222211301373751557e-02,8.357578581490545534e+06,8.102118091467276466e-05
2.874030403164481995e-02,5.981794063785205362e+05,6.572685945610708031e-08
-2.241782400726538213e-02,9.854070577102778479e+06,1.085214275796757741e-05
-8.543905999266460105e-02,7.995533341837008484e+06,1.037779412585440949e-04
2.537961367344616134e-03,7.636591537498691119e+06,8.353459825326715006e-08
2.703190735549009568e-03,2.561009052565649617e+06,1.065792987390588385e-08
-1.145271519444291362e-02,1.430971821112502599e+06,5.972777485349182954e-08
-4.564256220465962022e-02,6.530020458532347344e+06,1.975451476970272228e-05
-8.709953518860133123e-03,2.942833732000336749e+05,1.461034180253097082e-09
-2.325205580375648041e-03,4.249395195822125301e+06,2.171071912112979252e-08
7.315123666157196877e-03,3.348988717699685134e+06,1.334651762880325619e-07
-6.817305852174475149e-03,9.161403444463291671e+05,8.674547417598976832e-09
1.997318217249647188e-03,6.725873084931530990e+06,4.013184377274816891e-08
-3.749716611152396212e-03,3.341824836354010273e+06,3.491897673111555751e-08
1.634400658425516628e-02,5.383889695577534148e+05,1.721894800958200083e-08
-4.127644731108903731e-02,1.764480781062933966e+05,1.179602639426488254e-08
-4.843698689720402073e-02,5.130978566404571757e+05,1.373573457534248327e-07
-9.751753943412487177e-03,2.086136218578758417e+06,9.203394664846843124e-08
6.697655542855844579e-02,1.423919524544968153e+05,2.022617483765839470e-08
2.617397225294743751e-02,2.260726132781415246e+06,7.786323347193856389e-07
-4.199929896712675283e-03,1.652113974882892508e+05,1.070684074505349741e-10
-1.562715269593403919e-03,1.173205888659029966e+06,7.474900745631006681e-10
9.628298455059251110e-03,8.800204964964022860e+06,1.596547753987042399e-06
1.787469690525000324e-03,4.734775800791135058e+06,1.592844799019236362e-08
6.449766806521356477e-02,2.600005177972689737e+06,6.253651881694141156e-06
-4.948291634126583682e-02,4.193332588046677993e+05,9.574727965537622828e-08
2.168596552011172948e-03,2.734404554019235075e+06,7.819523941586897693e-09
4.635691153045457674e-02,4.065675851378424559e+05,7.899356949434487640e-08
1.550083625527213724e-02,2.787784179590782616e+06,4.152654563158191655e-07
-1.598472383891945403e-02,2.164064228269693267e+05,2.661018035814169902e-09
6.396837331168921115e-02,1.468015367699443130e+06,1.961051812742833769e-06
4.129305917466504459e-03,6.111738564771505771e+05,1.416383649943167883e-09
-1.855639966363453394e-02,5.300524796997305937e+06,2.151406255278220876e-06
5.474494707230557859e-03,4.331015453943148023e+05,1.250157693010445878e-09
1.563486440165900689e-03,6.153522114216467366e+06,2.058415388406717988e-08
5.324396654124053871e-03,1.828916357137376326e+05,2.108753140560265931e-10
1.267143508141650374e-02,1.509021744887982495e+06,8.130923075001778137e-08
-9.991113649783479878e-03,4.314115526099404320e+06,4.131507925806095645e-07
-7.795278915823505850e-02,7.004977141943528317e+06,6.630923434192945208e-05
7.101698664552738571e-02,3.381110293346439488e+06,1.282154637333253111e-05
6.116248523240801205e-02,1.501750096765200142e+05,1.876129600338356916e-08
6.142036496762809383e-02,9.574353838556733681e+05,7.690259294017527040e-07
-8.277045248105924236e-02,6.623668701937714359e+05,6.684133470008021991e-07
-1.586708776230652497e-03,1.472209306587843224e+06,1.213474950837053090e-09
-1.944813677482230786e-03,3.213747477317894343e+06,8.687138554314908878e-09
-2.272759865492509496e-02,3.475156599108940456e+06,1.387244824391025986e-06
2.142116611648328325e-02,3.563305353947965894e+06,1.295655519346749289e-06
-2.515647055063545932e-03,1.543390476287189638e+06,3.352341873375165198e-09
-2.945327624179046311e-03,5.103604090835644165e+05,5.024795894449599886e-10
4.205143368632988099e-02,1.305259442732622556e+05,6.699656741798238082e-09
3.258125266205976703e-03,3.760100399993160390e+05,3.337580033973462468e-10
-1.834070804654164971e-02,1.204002822619892540e+05,1.084387383318559828e-09
1.930025719824731431e-03,7.351344645991849247e+05,4.476689893150422520e-10
-1.364656212148901426e-02,2.225725552969958168e+06,2.051573058605299772e-07
2.483270171797116038e-02,1.421678519732998975e+05,2.771711334258097560e-09
3.628104365860342767e-02,3.831216421062430600e+05,4.296651843723336033e-08
-1.727365271966184446e-02,9.216954403120772913e+05,5.636902156723250428e-08
1.175323571323729464e-03,1.329567018185056513e+06,5.430409860597000095e-10
3.177058352187241141e-03,1.775924525952549593e+05,7.079403128266739250e-11
-4.963255660226639776e-02,3.294546518840484205e+05,5.945957927073912536e-08
3.463659384081068607e-03,6.449709903334624134e+06,1.109808296148142273e-07
9.651867076563817524e-03,1.457563024137615925e+06,4.401235425802867978e-08
3.153067343991151385e-03,4.379886796430180548e+05,4.241207446746998392e-10
2.540340423136071626e-03,4.841117297475483501e+05,3.363351825949426466e-10
-5.633516733146168992e-02,6.235952992501088884e+05,2.744492784186483642e-07
-1.207086506857159118e-03,2.404233623808914854e+05,1.872955134423497509e-11
1.058811873360042920e-02,2.530990505140448222e+05,1.597040346183783432e-09
-9.226126202655896003e-02,1.434022675001726951e+06,3.892674314557043397e-06
2.450083209667187553e-02,9.391478158389615128e+05,1.177407571666034007e-07
-4.979807955347013981e-02,3.784246329965341720e+05,7.897347287765299646e-08
-1.139061491075264677e-03,3.742528894014387624e+05,4.041307657549335077e-11
6.835924523436846985e-03,2.355555781685444061e+06,5.766052001409691306e-08
-2.446187776012400186e-02,3.063015833944811602e+05,1.248461969343025215e-08
-1.875688843095018850e-03,8.448004621560100466e+06,5.583764925721762562e-08
2.583090959872454215e-03,3.045715982045746059e+05,1.376434196946083679e-10
6.828101923302257181e-03,8.523452706335263792e+05,7.532312894311395911e-09
6.657707744938615689e-03,1.889590498439004878e+05,3.519509139080501454e-10
-3.921727593969875220e-02,2.225320515954838193e+05,1.693702942895628204e-08
-6.443386783631064284e-03,8.504345860432394547e+05,6.677401379517172262e-09
4.497672331102220422e-02,1.331795247329876525e+06,7.978987728672461281e-07
1.436339532096521203e-02,6.779041646156341303e+05,2.108376086201734555e-08
7.084055678740978912e-02,2.873855031212787144e+05,9.217027770812381523e-08
8.810968548480332951e-03,2.393523304296028800e+05,9.890537025632171886e-10
2.177710259288516241e-03,3.649043232785329223e+06,1.404285664067957392e-08
1.914445256545880972e-03,1.431435451815926062e+05,1.670039306724809572e-11
2.025210998410431965e-03,3.802607807335773017e+06,1.318866618565158049e-08
-4.442025535211609200e-02,4.210766894259759574e+05,7.780038598510471962e-08
5.351560934195621899e-02,1.350516938011862570e+06,1.161604460142298893e-06
1.534291808388156542e-02,5.696667079894269118e+05,1.698849325868968343e-08
2.593789273968622952e-03,1.066968744181269140e+05,1.703217164859479771e-11
-5.589705486281756897e-02,1.119553436794553651e+06,8.708929155450484676e-07
-4.941505719016312317e-03,8.624701709959501401e+06,4.039280589123473808e-07
4.233022723628064934e-03,2.565512008067195711e+05,2.622687544221555102e-10
1.360983494688137747e-03,1.309809476385765010e+06,7.066741798692944096e-10
-4.440425655326646348e-02,2.508658704554291326e+05,2.759495045510539996e-08
1.215094656503405571e-03,1.490224370721756422e+05,7.291565735535311308e-12
2.153445741507549471e-02,1.951013228069604142e+06,3.925414711972274748e-07
1.191133471447935327e-02,2.886515090085659176e+05,2.628849794560822197e-09
1.506532982321220557e-02,3.323399539788310067e+05,5.574676232752003411e-09
-2.116493430180109436e-02,2.140217138919200806e+05,4.562961191706466423e-09
6.014552058345506297e-02,2.300859988981262315e+06,4.258770242774832748e-06
1.317563622588915732e-02,6.455041599708165973e+06,1.608564695394281221e-06
1.377532003728590242e-03,1.398483187821217580e+05,8.253062707852736877e-12
-4.444955478490040558e-03,1.839650143160483800e+06,1.486971204391492044e-08
1.410081448813165113e-03,7.970063004095957614e+06,2.808724597314328282e-08
-1.191323323411784540e-03,5.397678415126696229e+06,9.195398439595895376e-09
-7.980922216866604205e-03,2.185065162023395533e+05,6.762887957790857022e-10
8.631624593901293663e-03,1.893385410410886165e+06,5.939643656675087457e-08
6.807751962374578372e-03,6.795477879408223089e+05,4.759317792063121148e-09
-3.442488568834362050e-03,2.535534923793822527e+06,1.694265461779346295e-08
-3.162379850128790859e-02,1.098354539369990351e+06,2.682936644563561318e-07
-3.016402633006811957e-03,5.263512144765029661e+05,5.605664887203464605e-10
-2.938779049515748577e-03,5.608693947827073280e+05,6.041636684913283609e-10
2.411808336153751370e-02,1.861984591805531643e+06,4.484716556783316846e-07
4.784396755665487611e-02,5.148398916366765276e+06,1.349261118015179731e-05
-9.710531967063742997e-03,1.228298536606408656e+06,3.163669910209493320e-08
-1.445821284000259636e-03,6.813947670361017808e+05,2.158360904815805777e-10
1.544646434004304410e-02,1.654190714669769863e+06,1.451866151046412010e-07
4.036984770109591086e-02,4.437408941755346023e+06,7.136255337540121415e-06
2.537262669122648112e-03,3.884768326631675591e+05,2.160520334968277824e-10
-2.266129651192202998e-03,3.154254677019909956e+06,1.136214346400837282e-08
-1.041554941220206249e-03,6.510363910220373655e+05,1.022520791989389928e-10
2.373839932208802322e-03,3.535653168509837240e+06,1.566532556600946735e-08
9.745271339609905270e-02,3.398206205478490796e+06,2.438847131329506049e-05
3.833282212705932390e-02,7.970199421072467230e+05,2.075760360443277523e-07
-8.560511794319948173e-03,1.112283766684646485e+06,2.016173528097795162e-08
-6.583058122367109639e-03,1.454711967354313820e+05,2.039419900523191938e-10
-1.292214497600619946e-02,2.237181898410242982e+06,1.858527802169948453e-07
2.993023550259365888e-03,3.135246239684888278e+05,1.958217060235440852e-10
-7.360954623683794995e-03,2.179410748120963108e+06,5.723263064530638125e-08
-5.966036392310716981e-03,1.280773416681168368e+06,1.298415396691613066e-08
1.774643695108070116e-02,5.716762922770871781e+06,2.288863827583709020e-06
-5.262285596303831192e-03,1.054016577777267812e+05,6.841336665375771614e-11
5.387838512706210475e-02,1.472530872057507979e+06,1.399765252587925438e-06
-8.243670507929536095e-02,7.071862641653376631e+05,7.557986886632105288e-07
2.277693698701580699e-02,2.613648677762800362e+06,7.881017850640662231e-07
-1.601639690340310798e-02,3.785721118791858316e+05,8.175684641890817038e-09
2.730073229972999373e-03,2.869499431400791276e+06,1.364765795674840762e-08
7.808677241803052560e-02,6.180220692282031290e+06,5.179169956967719058e-05
6.927619493880136751e-03,1.711481060327942541e+05,3.126147725914877063e-10
1.149943933410096670e-03,7.812575249542810488e+05,1.794894844903911356e-10
-1.611999498847915477e-03,2.073574168776010629e+06,2.484655623940225537e-09
3.532717878818447677e-02,1.141739286833605263e+06,3.617837478661469746e-07
-1.185145696753864795e-02,3.138071319400632055e+05,3.075858536023419652e-09
-4.876963503959147461e-02,2.123070472965258523e+05,2.384103374260212496e-08
-2.723509257323906627e-02,2.151051150185686420e+05,7.632317657345204650e-09
9.685570068413350622e-03,1.965156632885346422e+06,8.056417574696256127e-08
-1.841616710790109149e-02,9.098656115996791050e+06,6.243818166701051351e-06
-4.883657520162857681e-03,3.839474011194566730e+06,7.818638172872894257e-08
-2.256811529029407147e-03,1.374482826600834029e+06,2.139766923528137355e-09
-3.370019841941461480e-02,7.457138671938085929e+06,1.404451042497958225e-05
4.573493068449347582e-02,1.364385712005822279e+05,8.658997743603018675e-09
-1.291287014311419575e-02,1.279171726371295517e+06,6.067370573494286031e-08
-8.948090451756150754e-02,6.082244561806733720e+06,6.586970812579140519e-05
2.365162044162446350e-03,1.963485593076242658e+05,4.795948272336341618e-11
-5.304224075668411559e-02,1.321102836652577098e+05,1.091978846798987542e-08
3.163191279166670776e-03,8.611991476067883195e+05,1.650271282795852111e-09
2.329752585632970455e-02,7.676931659482649527e+06,7.113645261946920715e-06
-1.184662614738091549e-03,1.519425042941329593e+05,7.205185682496547904e-12
-7.942945792330111110e-03,1.276782707620176021e+06,2.287148861218404322e-08
6.803444125196330371e-03,5.648420189296135679e+06,3.284043405728185471e-07
-2.086083875750565676e-03,9.351088220058080042e+05,8.462235189757581494e-10
3.209872672900876411e-02,7.811798885443232022e+06,1.398218258739459811e-05
-2.830870914545921546e-02,3.644156301186812925e+05,2.366635502219912117e-08
1.547008469135033142e-02,3.453492288234104402e+06,6.347454758419761999e-07
1.134710734855753217e-03,3.732907077993301209e+05,3.989899312244145160e-11
6.740316375037104339e-03,7.702101448837558273e+05,5.993441676086425687e-09
4.098170861426555026e-03,5.759246797716430156e+05,1.238821550432590590e-09
-1.191250528425282732e-03,5.582159175542963203e+05,9.833494871039872175e-11
2.176203247284374739e-02,3.087012065764589235e+06,1.003628100101656749e-06
-9.224578978396721918e-02,6.846252975147276185e+06,8.869440872726961473e-05
-1.781108636460354468e-03,8.174102531666107476e+06,4.713659762831470134e-08
4.976296054834954824e-02,1.566006211173711112e+06,1.350506350959531187e-06
2.862522112844064978e-03,8.672686229654124007e+06,1.370573149950632923e-07
-5.666505078672053747e-03,9.773788934851033613e+06,6.821089179618609160e-07
-1.885196169222980687e-03,1.075013028717893467e+05,9.133511989008730848e-12
-2.432921870455305273e-03,9.272230955408820882e+06,1.131675872211133140e-07
-6.090672513475382972e-03,4.925710531030950369e+05,2.001545744541598785e-09
1.907917177421266340e-03,1.201715329721103655e+06,1.169013399707441445e-09
1.329980560892084912e-02,2.469967774187135510e+06,2.399774372947746943e-07
-1.065731057996850044e-03,1.204249868945119204e+06,3.662905468796734177e-10
-1.285609641368773036e-03,1.008940901204851572e+06,3.741510327032456113e-10
-6.231232939007579769e-03,8.880186036325102672e+06,6.809094349378626580e-07
3.816600553857410483e-02,1.802481657989759231e+06,1.052427957630977033e-06
-7.502181578607979018e-02,2.836021597326226998e+06,1.006680047383831130e-05
9.041880932556580971e-03,2.208703627620043990e+05,8.869307392712440007e-10
-3.876676544067336229e-03,7.092419254667091183e+06,1.681145041252000666e-07
3.333452757153919366e-02,4.868588402627884410e+06,5.857225979633019821e-06
-1.345287754816205592e-02,1.057347059231014864e+05,4.499484418888731960e-10
-1.149896234701512643e-03,3.391918494074215181e+06,3.383026268352824266e-09
-4.596599428894435069e-02,2.018569872329950798e+06,1.914512217022671476e-06
-3.151163245309124977e-02,1.037734336969629949e+05,2.377997694507319675e-09
1.349408094886410869e-03,1.331993690547519946e+05,7.184362014581725467e-12
-8.210183220721733663e-03,1.070999775019850815e+06,1.719418945905945080e-08
-3.904825592260503103e-02,1.888944663233111612e+06,1.209870822711833874e-06
-3.421354905466468532e-02,2.851264011913457420e+06,2.116256813899439622e-06
3.033026971820422177e-03,1.008426694149962394e+06,2.080359843138135630e-09
5.658261947425648197e-02,7.381957190594573040e+05,3.879773687423348496e-07
2.823056628630742776e-02,1.207834877393992210e+05,2.585541795237053813e-09
7.491874847226225043e-02,2.656020593609584961e+06,8.805239115816658032e-06
-7.758350435411744128e-02,2.335681591836737934e+06,7.302361201600631836e-06
2.385099749943950156e-03,4.104547426540980232e+05,2.131281918837646918e-10
4.239740134843263120e-02,3.968390708776152227e+06,6.295128149440076416e-06
-1.004834307252175330e-03,1.960410866966846632e+06,8.629395259232996962e-10
-4.517488435136224854e-03,8.929911872516334988e+05,3.618975935399967504e-09
5.608136404549610501e-03,8.051807351255664602e+06,4.534413668660060034e-07
1.053469522108495130e-03,1.173279522781769512e+06,3.397380452384339685e-10
-1.909411002560834625e-02,2.030925926602769177e+06,3.344138529517033878e-07
-5.688558678656490189e-03,2.555152207139726379e+05,4.698240954358882825e-10
5.472638872573136297e-03,5.898383571151981596e+05,2.317164439184226020e-09
6.476010591306169406e-02,3.390385163675416843e+05,1.072038615027368946e-07
5.299524326140620488e-03,2.776173888190911151e+06,4.813537512326819295e-08
7.683117628709817959e-02,1.482750107378964778e+06,2.886078525762037124e-06
-9.633876432062010720e-02,2.353583707876503468e+06,1.143296020522309748e-05
6.439115950982772160e-03,1.165179817088700511e+05,1.251802020901089471e-10
1.112567062940548503e-02,2.409658993157329678e+05,1.598309283349721795e-09
-7.285369808934763491e-02,2.589709293306120206e+06,7.915939829299228203e-06
4.104128654403248894e-03,9.897101593194359448e+05,3.669063599399313489e-09
-1.324244463755246690e-03,4.673066267038902268e+06,8.516035471156803995e-09
7.606608863684687083e-02,8.627550327233670279e+06,9.577549902520994551e-05
1.029999381704635279e-02,4.356093579445071518e+05,4.476778223490056419e-09
-9.430099850972527634e-03,5.632177425883223768e+05,6.273104008849257822e-09
-7.689753650977792197e-03,4.101687119545303867e+05,2.212316010077972399e-09
-3.950392256846657277e-03,9.688909459413453005e+05,3.257823023852307536e-09
-8.345582122937580949e-02,5.636207686202527024e+06,4.920219709694620029e-05
2.270688062174016503e-02,9.538376286757776979e+05,1.043184454137147087e-07
-7.479217881700088444e-02,1.956703391995220736e+05,4.762770077251169501e-08
-2.766179881850502897e-02,1.815175806695471983e+05,5.606547117254687049e-09
1.312246693967409131e-03,3.324360904013467371e+05,4.231989265371355955e-11
-2.336579777464101171e-02,7.057981336463104235e+05,6.048107322609181852e-08
-4.864741227291224587e-03,4.766187530952268280e+05,1.195525902108776454e-09
5.765153094669712465e-03,7.714247529101372929e+05,4.398515024214363595e-09
2.429595887752356107e-03,4.565602471587271430e+05,2.736286246031633491e-10
-1.561088644963244329e-02,4.858570187128336402e+05,1.279290992228786565e-08
1.134636157778028771e-03,7.806689544492496643e+05,1.744794591869423588e-10
1.070994128251058237e-03,8.469086995824560523e+06,1.829551412542226733e-08
-8.334626716059427565e-02,4.145961869745784206e+05,2.655340168415841224e-07
1.541542464416556773e-03,1.675110203259458067e+06,1.482842427351316899e-09
-1.282539074186367194e-03,2.939279935663755168e+05,3.160242150090985809e-11
1.438327629813384440e-02,2.595765035226074979e+06,3.099871229212568836e-07
-6.520723905149447552e-02,3.594890741218208801e+06,1.221969217109346644e-05
-4.746874864577218731e-03,1.763899977338108700e+06,1.559052450114123735e-08
-9.225184895650991035e-02,1.451723905874613265e+05,3.988553906492322838e-08
5.816263939468838129e-03,9.645623850314255804e+06,6.999162985605442769e-07
2.745108640836326636e-02,1.826569130759251420e+05,5.590987890788990360e-09
-3.527178185202598654e-02,2.297798756212514825e+06,1.460750454686098282e-06
8.304832036219297886e-02,5.330745353317948757e+05,4.358477729622584849e-07
1.190790067628566887e-02,7.598839319262568606e+05,1.820799729127654743e-08
4.398796594759979937e-03,2.505762961026297999e+05,2.701748889898818047e-10
2.147144733416864269e-03,3.082949925549241016e+05,9.744349048691715342e-11
-3.588646541582478106e-03,2.927471449433722999e+06,2.454392173987144007e-08
1.548948847087169801e-03,1.273264890578316845e+05,8.649857038985617154e-12
-2.828562859321497036e-02,1.572786852458020905e+06,4.401175226267432992e-07
-2.170278705370901409e-02,1.146820903326748376e+05,1.377588375610697412e-09
-2.975184639539592800e-03,2.071370214701216319e+05,8.445795291643348340e-11
3.643052407162781711e-03,1.816384168285311665e+06,9.737411061342615825e-09
-3.659315732804047702e-03,6.059807164537050761e+06,1.093489519011005322e-07
2.312103877029477242e-02,5.150643920036403462e+06,3.153806093808414767e-06
7.651989362407247974e-02,8.452066564947396982e+05,9.301902502267264739e-07
-2.181551643575100480e-02,5.450160170476348139e+06,3.143741141084356139e-06
1.754382383373245813e-02,7.849601751287507825e+06,4.217363283971443834e-06
-1.451648173712865621e-02,2.493987346906166058e+05,2.914798156500773282e-09
2.790462343844099871e-02,1.473893082372341596e+05,3.761677366994002751e-09
-6.981838989569367181e-03,5.987416744517522864e+06,3.886117108879486020e-07
-3.190079605725582718e-02,9.455611230631329119e+06,2.023389571764228726e-05
5.111200169969287027e-02,3.716198055139217526e+06,8.023072801921579694e-06
-2.614949031654853311e-03,4.660285097453151830e+05,3.302544506408746135e-10
-1.559511058284249142e-03,2.594686126124409493e+06,3.641194072271243627e-09
4.841339621389667211e-03,1.494185997310785460e+05,1.163690995811395889e-10
-1.721701519330616666e-03,5.129797657279852428e+05,1.734656331757984232e-10
1.796239349095677318e-03,2.569381123506369069e+06,4.736774616464430169e-09
-2.923442256818452843e-03,2.762364248163201846e+05,1.450267717754824376e-10
-2.808883061214765761e-02,4.587338153586469125e+05,3.692207320419247049e-08
-7.655754837921342412e-03,2.330868559554356034e+05,7.081232486576565060e-10
-3.346297301950904024e-02,2.134292478425667156e+06,1.134316278686012467e-06
5.194895863342936099e-02,7.087870887912113685e+05,3.014966830171032674e-07
-7.597834933941790582e-03,1.961128940731500043e+06,4.937297038207057431e-08
6.112212454897369453e-03,9.365415628454649122e+05,7.286991198385017380e-09
-9.613508399183715025e-02,2.554777711974091653e+05,1.341427817101825574e-07
7.346201420359896317e-02,1.104633034872177755e+06,1.464397463746080086e-06
-4.538416506398421091e-02,9.003534326292984188e+06,3.713060281509812329e-05
-1.450406182629623668e-02,8.048740339489007369e+06,3.030626168294674182e-06
-3.172821861859302650e-02,2.222122656341576076e+05,1.105413295675196046e-08
-5.093404250930742144e-02,8.193599113591229543e+06,3.873137956984160746e-05
-2.875699281877735353e-02,4.084239811612195917e+05,3.067655999402768587e-08
1.128466461531872633e-02,9.963999301131159067e+06,2.811524935976024234e-06
5.200962457444629865e-03,2.650867419967015157e+05,4.227082298606132483e-10
3.036406843353060738e-03,4.455610173610011116e+05,4.070348056301159375e-10
5.671537944076230492e-02,1.822564542582535185e+06,2.376100295678809993e-06
4.803377301222810924e-02,1.158093784563784488e+06,6.881420785853054712e-07
1.594855559619623052e-03,9.212852386009909213e+06,4.800961123392699107e-08
-2.068613591061067153e-02,8.990514396101544844e+05,7.691748571194492889e-08
-1.215142755992325990e-02,5.397948408987829462e+06,9.567738872897931873e-07
-1.610283773564037376e-03,3.977228416258294135e+06,9.121434653995532001e-09
7.740617799477457484e-02,1.076498456101828197e+05,1.544099639752593714e-08
-1.260846949339235407e-03,1.537234281436339486e+06,8.354147068681492426e-10
-2.949618226839813284e-02,2.910257181285030209e+06,1.638670389611452892e-06
-1.672023729566879391e-02,5.529715933105590753e+06,1.901024733782999085e-06
-2.876494141253794091e-03,2.003651027072307479e+05,7.387005201384199211e-11
3.032126590604947852e-02,3.242992869636061601e+06,2.150224946476915378e-06
8.495330817977207391e-03,2.901540793535037083e+05,1.351186206229851839e-09
-6.017886726669130493e-02,1.380242110927984817e+06,1.534248881100732792e-06
1.206721171741618115e-03,1.272766153317810502e+06,5.245759194922611174e-10
-3.045647971041176225e-02,1.479895504020545341e+05,4.517714278715944937e-09
-3.366158483659344169e-02,3.460441577346791048e+06,3.017375863758810560e-06
9.045818130602382989e-02,2.368292767785854521e+05,1.020619194433012855e-07
-1.275529313620976483e-03,1.061635817927762866e+06,4.077831376264423935e-10
1.596864707570466030e-02,1.442260969081856310e+05,1.179563151336747217e-09
-2.498284581597191769e-03,4.595401117140252143e+06,2.931081651765016447e-08
-1.150649354269045813e-02,4.134823783951856196e+06,5.033815087372317116e-07
-3.992548084793321080e-03,3.548783801263119094e+06,4.464333654352072607e-08
1.884482362879022444e-03,1.977049076880094653e+05,3.086855535358333392e-11
-1.892962894281933345e-02,1.102243691706837708e+05,9.681367287915210134e-10
-9.883792773712611612e-02,3.733503361413906328e+06,3.028151549332953464e-05
-1.230312722686256657e-03,9.180099839389609173e+06,2.836763233731141079e-08
-2.890961360659732166e-02,2.430946367743180599e+06,1.098329325754313229e-06
-5.045519776975375403e-02,2.818361775803442113e+06,4.496789479991172051e-06
1.341008317347498410e-02,5.468349511854873039e+06,1.195839028273543746e-06
1.101501540232316737e-03,6.118137116071109194e+05,1.009963967755052056e-10
1.248473494456737824e-02,1.017498699080720253e+05,3.588588234061195094e-10
3.594374760427094997e-03,2.250402381633365585e+05,1.455004444862026626e-10
-1.136081040384793323e-03,5.352363469924234087e+05,8.222560368576333172e-11
-4.447649847141402907e-02,2.950948688819144387e+06,3.830731778619532063e-06
-1.017656511162038724e-03,3.186660663367451634e+05,2.338682794400173417e-11
3.216302524775371818e-02,1.091030175068963552e+06,2.738322268751342041e-07
-1.769491892881637756e-03,1.256638948499340797e+06,1.099551150499553756e-09
-5.084425518449790793e-02,1.375995393396187574e+06,1.088466306316324030e-06
-2.992039021344522140e-02,7.650160244711444248e+05,1.165125805742745914e-07
-2.059714167434072846e-02,5.125611825277417083e+05,2.478577990275900010e-08
6.700728525771015680e-03,3.420790029158169637e+05,1.168406951764959988e-09
-7.121519637490597403e-03,5.258461280038742116e+05,3.118602076076255246e-09
8.615636049580450290e-03,2.346470816400095820e+06,9.088710168688401195e-08
3.124504389024433931e-03,3.331227271879605250e+05,2.409173376677645434e-10
1.595711877603992607e-03,1.105466004698481120e+05,6.919854920706181231e-12
-2.185152889148941208e-02,6.533045798653495731e+05,4.532025173228326517e-08
-2.143683917977552440e-03,2.262305004925612360e+06,5.230233316582165752e-09
-4.168882510848544165e-02,1.285905383226377307e+05,6.390790648273756173e-09
-3.670171501172122316e-03,1.308662214825909818e+06,5.130091296573586721e-09
1.085690283446748110e-02,3.966134853680109140e+06,4.123292138480792886e-07
-1.360973585369598324e-02,5.135445639323737472e+06,1.086307844646358936e-06
5.034835441218818951e-03,9.164955814007944427e+05,4.735093539613682753e-09
-1.089215136919995629e-02,1.644104230860027950e+06,7.131539313336894724e-08
3.470812473910173807e-02,5.747446054155741585e+05,8.849308938173824337e-08
1.981432107014886521e-03,5.583561990819819272e+06,2.721938615632485483e-08
2.774375296194344157e-03,2.082608096081550000e+06,7.424082215713649569e-09
-8.950918505440877415e-02,1.737943168442675145e+06,5.381503140491834778e-06
-1.453042513878477840e-02,3.128152567378677777e+05,4.594409973487451499e-09
-4.765846389524783233e-02,4.686879435307391919e+06,1.109544934090144162e-05
-3.250247980372706486e-02,1.014587170866351225e+05,2.418293328167568789e-09
7.451399878547619593e-02,5.191687148757352261e+05,3.328051354890184393e-07
2.130689452484425470e-02,1.274545252987329150e+05,1.640015988816907778e-09
-9.898303968281960130e-02,2.306127025837299007e+05,1.158738065745496547e-07
7.081378786921194157e-02,4.220347608941695653e+05,1.986229134884423100e-07
-6.128707597716119386e-03,9.128810811609715456e+05,6.960869102029033403e-09
-9.440557231818481540e-03,6.146196857035231078e+05,7.486958773718034645e-09
1.054558086067968435e-02,1.752303249166473106e+05,7.593758740487119444e-10
5.085825703940982656e-02,2.250798494123262353e+05,2.914026032053929179e-08
-5.019876184660622409e-02,8.008431134368770290e+05,3.594000655865762714e-07
3.684896768557290730e-03,2.421404997970989905e+06,1.770446350369986118e-08
6.649021203486921161e-02,7.576108088529267116e+05,5.642934516987771981e-07
1.673735259874499157e-02,1.368411981831121084e+05,1.166553114700441907e-09
1.657315209031584233e-02,5.203900789573045331e+05,1.654114233863479703e-08
4.202865539491273950e-02,1.624050290525332559e+06,1.036065445731831205e-06
1.360399592774496139e-03,1.754951011255261255e+05,1.267535795183359997e-11
1.146692321396575523e-02,1.959296554226291366e+06,1.122513075598364663e-07
-3.776968300413759833e-02,8.051377458784506656e+06,2.056479123155521155e-05
-1.517389780869947587e-02,3.477574780446147197e+05,6.192193449752352630e-09
-6.503849051244941365e-03,9.097199873864825815e+06,7.784910607647238030e-07
-1.415190153266685348e-03,6.517738241237835027e+05,1.891998014678461019e-10
-1.122553764681664089e-02,2.218731402547990903e+06,1.379497799921606940e-07
-8.702211148012628517e-02,8.062090921937316889e+05,1.094590985647504473e-06
-2.064041129464972129e-03,9.170648653456434608e+06,7.967719834057207884e-08
-1.610528959901035700e-02,2.255888424177452980e+05,2.935415337002957246e-09
5.181529932419753903e-02,9.008794296966785332e+05,4.845589439830576736e-07
8.698759805622419128e-02,1.080522328215901973e+06,1.964623886386222712e-06
3.060022239311201847e-03,2.554462587309145893e+05,1.358768621129680415e-10
9.717959966082614920e-03,1.534809421858052083e+05,4.947164766438597919e-10
-3.396112867776355376e-02,5.029245986640535295e+06,6.487348624906709712e-06
3.282355041504794214e-03,2.384621674819097389e+05,1.362408472223281741e-10
2.736443302649854345e-02,2.741198426451539272e+05,1.251270214703579774e-08
-6.918546560731002326e-02,7.202051819075288251e+06,5.521276162378925637e-05
-5.224752499668251088e-02,3.097457289315439761e+06,5.824241152072609632e-06
-1.700413828392578503e-03,1.985060324540121364e+05,2.533692612705052434e-11
2.678524119276717505e-02,7.987340663413531147e+05,1.017871111403774228e-07
-8.366827092976885163e-03,1.108956088124594651e+06,1.914465469826238915e-08
1.271836276178651449e-02,1.485575613355781825e+05,7.938696331797670354e-10
1.406872895545747569e-03,8.751712420139822643e+05,3.371266248773850145e-10
8.859696810284144186e-02,4.270060066511781188e+05,3.182753021372938431e-07
9.401136493936197713e-02,3.490107251543666353e+05,2.394062660263617352e-07
2.842968868255840893e-03,4.403413617018160876e+05,3.485141541122105405e-10
-1.720739148572601740e-02,2.980084559155864408e+05,5.847692185892298970e-09
4.566373488005704730e-03,7.843194233575538732e+06,2.852502613310746168e-07
4.411529530679007827e-02,4.755484267392246402e+05,9.787350253767304966e-08
-5.181669124796482902e-03,4.178607601414596429e+05,1.042556945271490297e-09
7.280569420920837004e-03,5.071069903280916624e+06,3.031287575607187970e-07
5.719397749643460871e-02,3.919510795181516442e+05,1.117536150263529311e-07
-1.503972846605529205e-02,1.512162424990288680e+06,1.150202019588750931e-07
7.072637453144116348e-02,3.808356379421047750e+05,1.613374571774538797e-07
-5.131619899032492139e-03,5.060389127231107559e+05,1.499595192474527913e-09
6.649316253403560889e-03,1.909068185439871741e+05,3.583390264296550522e-10
5.546478746421317635e-03,2.672753054196591955e+06,4.887081996669671943e-08
-4.473704881131698209e-03,2.018612965689013945e+05,1.813585480444042926e-10
3.729394579229954390e-03,7.950038205571956001e+06,1.954845110961781091e-07
-2.641244856113714699e-03,3.783590888152921572e+06,2.220868891521769696e-08
2.904562546730362835e-02,8.500255514469489455e+06,1.355572274875077741e-05
-1.018545965436719759e-03,3.949135661973254289e+06,3.598012122023046791e-09
1.954199348909944553e-02,3.405564399096563924e+06,9.849477067737960751e-07
-1.193164381379649029e-03,1.331481289023555350e+06,5.612649814904016601e-10
-6.545169612924213974e-03,2.326573612771873362e+06,5.156709396631867914e-08
1.261735048364891025e-03,1.385174319616114371e+05,6.792700201742336043e-12
-2.684615792350564072e-03,3.177069600726971985e+05,1.617763340975687186e-10
2.768165024686700983e-03,2.287419610472128552e+05,8.916057997999570089e-11
-2.390783784106288376e-02,1.533420516823859187e+06,2.988824351127382644e-07
1.417545735153858018e-03,4.076059542726392974e+05,7.424247628758558774e-11
7.438490815519269161e-02,6.947200897049457999e+05,5.938634930381627157e-07
1.112756299801897185e-03,7.341194966081111925e+05,1.483989712061543013e-10
2.375739491604922544e-03,2.229817414443173446e+06,6.240702648769164952e-09
1.135089620140930511e-03,3.740558665579676628e+06,4.008948672822286035e-09
-6.205467193650197541e-03,2.681228201554775005e+05,6.156214959505449135e-10
4.958582053371627524e-02,5.310833670868186280e+06,1.542189205655412353e-05
-4.123209728717263690e-03,4.584111031892286846e+05,7.944715662636817437e-10
5.854433464048334514e-03,9.903683160022249212e+05,7.475848220094101223e-09
5.629330149157173689e-03,3.390462136095347814e+05,8.100810773508750010e-10
-8.212468795435130808e-02,3.821236890001099091e+06,2.190042983830510679e-05
1.236354817795998554e-02,3.569675011425741483e+06,4.331525342996670926e-07
-5.723237610629548604e-03,3.317008916733792517e+06,8.014456611735546982e-08
-7.506007531854301355e-03,4.307317025829759426e+06,2.324496613073113963e-07
-4.659165071675980263e-02,2.583172234513145406e+06,3.221218417438491133e-06
3.374602191056600559e-02,1.005430122906628822e+05,2.560036775521011277e-09
1.460387222538822236e-02,5.648801209597573616e+06,1.513372654918887914e-06
1.549729827686880529e-03,3.519087927818287280e+05,6.614080417047938064e-11
6.945155476365408309e-02,3.700092852942110039e+05,1.468542233411211726e-07
-7.870642592329149881e-03,2.573919562892270333e+05,9.126569698482568969e-10
-1.006402391470967829e-03,7.046483170515365899e+06,1.118369742514443666e-08
2.305119147264662275e-03,7.743396080980683910e+05,7.085115844416736579e-10
9.085482348744108871e-03,8.810246194645605981e+06,1.424850560488629720e-06
1.506370004008497675e-03,4.667916274118323810e+06,1.099528989418402358e-08
2.543159643945924059e-03,4.879763499367718468e+05,3.424853867068224572e-10
-6.165941143407150174e-03,4.906340703552297316e+06,2.035220208139864406e-07
8.703513034293684780e-02,1.070818089654037729e+06,1.931602759151991395e-06
-7.170904767585167816e-03,5.622412689818486106e+05,3.614852660852110226e-09
-2.259961962576357598e-03,5.376879765792012913e+05,3.283674951206859430e-10
1.752624481108481722e-02,3.748295258795457776e+05,9.597156682882726577e-09
4.188860063276724638e-02,2.006333855855211150e+06,1.570707647630144816e-06
-6.843829849913000973e-02,5.548674247485672124e+06,3.206816545419115174e-05
-2.901942131187282628e-03,1.175339927027167985e+06,2.587031550796724636e-09
4.011130848585805694e-03,2.875268142059121747e+06,2.957928107635177811e-08
-4.404447801385305561e-02,7.645102883569232654e+05,2.521429640350830311e-07
-2.219239063455484898e-02,1.102454699032512959e+06,1.331149805295862453e-07
2.264857184854250725e-03,2.656777542268559337e+05,8.051731374326263864e-11
1.138042491640114430e-02,2.212614675277770031e+06,1.410021657163782183e-07
7.489865157324067033e-03,1.401715473731723148e+06,2.451122314640148086e-08
6.389314202836222922e-02,1.553735307035803795e+06,2.191592529045590928e-06
-9.885411866586686636e-02,4.717529786115280353e+06,4.836331812346296758e-05
-7.136723777427733673e-02,5.029641508724613115e+06,2.865293334372991885e-05
-2.407257463175512327e-02,5.423596987054033671e+05,3.790680277883749052e-08
-6.269458273110130320e-03,7.313913035076911561e+06,4.675810126971635172e-07
-6.094329322623392997e-02,3.191916870107940631e+05,8.414963415230796374e-08
5.714886778659970801e-02,1.568473660259119933e+06,1.786763086930241987e-06
-1.823610548354290956e-02,3.229346786333026248e+05,7.712422465694702931e-09
2.549712796880046310e-03,3.780313171425616601e+05,2.066023878959182398e-10
-2.957415596975306038e-02,2.581915677850035951e+06,1.296600180381329807e-06
2.077792977293956445e-03,1.399187813506650273e+05,1.879549753802042729e-11
-1.888190148699268704e-03,2.252217630489313975e+06,4.021697610117570263e-09
1.882513194075307629e-03,2.737892341257170774e+06,5.907531442413877195e-09
3.733396230726683356e-03,4.013331963306679972e+05,4.992471424090973450e-10
-8.771465949313311111e-03,3.228400294159695040e+06,1.783266990250409667e-07
2.041107458839086161e-02,3.473070106527500786e+06,1.117522021468973810e-06
-3.791236494827599640e-02,4.136854272624231875e+06,5.470152675271750310e-06
2.456722028109514008e-03,1.884545885215693561e+05,4.766753814068097434e-11
3.087927468696848553e-03,7.174326908355426043e+06,1.091424644881583500e-07
-3.963329993748097510e-03,1.736337506603472866e+06,1.053139765197764525e-08
-2.607781365075016386e-02,2.556634985223237600e+05,9.885008810953097191e-09
4.453413154698748419e-03,4.933855989324309863e+06,1.073633771280104988e-07
-1.502082013971514987e-02,6.107402257546550827e+05,1.871533446262129457e-08
1.827540382359292776e-03,2.266116989369382150e+06,3.814133310645396507e-09
-1.735788583778317962e-02,3.620601670236990321e+06,8.783192490326278893e-07
1.403119507657844562e-03,8.067260025777041912e+06,2.849303337404272810e-08
1.294357640854769051e-02,2.305944673408780713e+06,1.981087237308866167e-07
4.733793231405914598e-02,8.786365003350298852e+06,3.847107311633205163e-05
3.693641583919352045e-02,5.689347587864054367e+05,9.820456756189737369e-08
-8.225873438624988626e-03,1.631188502770634135e+06,4.003774419162365026e-08
-2.450525206906834820e-03,2.458993019391869893e+05,8.074770552667425082e-11
1.237534819350040623e-02,3.132461759818703867e+05,3.341824669167259353e-09
4.467140351727131448e-03,2.585665162254195020e+05,2.966887056350095028e-10
-9.940176394874680743e-02,2.655007626391229685e+06,1.548877171724596190e-05
-6.073530815703932946e-03,5.224944855606397032e+05,2.239459184892065780e-09
9.626389068425646178e-03,7.760604932087478228e+05,1.241124138938454664e-08
-7.873213799955582071e-02,6.048828554206281900e+06,5.043637800182602373e-05
1.216113326065303146e-02,1.833155716534654843e+06,1.105208103003106873e-07
-1.456981308634085724e-03,1.112505065638805041e+06,5.842641046499251627e-10
-1.526118285847503355e-03,1.228749935160801979e+06,7.819890260476385196e-10
8.740430961487168082e-02,8.737006178303850815e+06,1.296845471019670833e-04
5.997654879621148322e-02,1.528281029693399323e+06,1.868386147009845715e-06
4.037231272111489050e-02,4.439117140276807477e+05,7.142622846126498697e-08
3.143482257602122753e-03,2.226466547599601327e+05,1.089310339767865151e-10
2.630786039253442486e-03,3.683466051665705745e+05,2.088245963974987477e-10
5.264776115613097052e-02,2.253858997185420245e+06,3.131198146755248065e-06
-7.696701640987076154e-02,8.631848821476764977e+06,9.815540171539107936e-05
-1.219440048148270114e-03,1.305901652812681161e+06,5.639480523516723105e-10
-2.277589835359581857e-03,1.202737143725321221e+05,1.668744045567407781e-11
-1.570544356331048455e-02,9.442858664095975459e+06,4.891078604650187948e-06
-7.886913382614894885e-02,1.397002383098308637e+05,2.699638959110019913e-08
3.050097023860022516e-02,2.919459320430784137e+05,1.763313026636486097e-08
-1.184265212720132191e-03,5.903269259590283036e+05,1.086876954636370038e-10
4.114423751629921362e-03,1.681890736576748313e+05,1.064904946858229418e-10
-3.340724822975380762e-03,2.698403624199678656e+06,1.807142840951369645e-08
1.863267526619845219e-03,1.462758782540488464e+05,1.651935587693545929e-11
7.550849645683964384e-02,1.478089792868011398e+06,2.770068645488915924e-06
-4.866121409024474175e-03,7.903170980470880866e+06,3.289015245925518077e-07
9.879219151107923591e-02,2.891841622029176913e+06,1.815062139525291823e-05
-9.517726173577617521e-02,1.040769291526948102e+06,2.182089711571075421e-06
7.008353077044833339e-03,1.066635573799333069e+06,1.242685768703981225e-08
3.236577534898414654e-02,1.131871722904389753e+05,2.984445838294406977e-09
-5.234992312519030563e-03,4.827215734447583556e+06,1.420112544877824335e-07
1.125710758252357422e-03,4.212522429293980822e+05,5.000752217520577955e-11
-1.214841146949957552e-03,5.310630391353450250e+05,9.256107498563535756e-11
3.394100451761241505e-02,4.049306766565458383e+05,4.200567733250648790e-08
-4.037184037399275602e-03,1.321486479413922178e+06,6.329651417686087630e-09
-2.767565636139520183e-02,8.298296051908085356e+05,1.172926933609515777e-07
2.408715214215559342e-02,3.852072100554172066e+05,1.914507080269807434e-08
2.166190948587973231e-02,4.660248606154114241e+05,2.266255622475177840e-08
-4.094188387359976034e-03,1.673449037555812974e+05,1.043897546726328634e-10
-1.976944077026915325e-02,4.801531352046543732e+06,2.003759328097558755e-06
3.422797947096154966e-03,5.696502296302815899e+06,8.454274208090944264e-08
-4.642848914660564763e-02,8.609032836818620563e+06,3.552835353234107285e-05
-5.615878749856495489e-02,9.038947459171330556e+06,5.730182045379141205e-05
-9.025403014255106715e-02,6.377811865434641950e+06,7.368411406834424226e-05
8.010196679420283905e-02,3.613924267433731584e+05,1.863552810767637012e-07
-7.367870576400473159e-02,7.346128792998640565e+05,6.514758238458662616e-07
-4.791314876186050786e-02,1.107726302603781078e+05,6.264286499867633945e-09
1.103530492230745536e-02,5.360348967198504135e+06,7.781298111329073537e-07
-1.788475093133251636e-03,1.855403317691160191e+05,2.448723228608193916e-11
5.636458145350252413e-02,1.818814588340898335e+05,2.337150508858480019e-08
6.310245974696805649e-02,5.568082096572100418e+05,2.745371287635363896e-07
-7.508847904341316160e-03,3.064487466650584713e+06,1.177496336429839785e-07
-4.164923914626077889e-02,1.657594259075208334e+06,1.059907249151473148e-06
3.827098114002554057e-03,2.582610276553807780e+06,2.172472024179714630e-08
3.256909831575724619e-03,8.310341078842682764e+06,1.629095028607224698e-07
6.571708456039183910e-02,2.882815348075568909e+05,7.981554406621651450e-08
-4.998964166448468562e-03,2.616160477502940921e+05,3.803523104583241168e-10
-3.044770723284853653e-02,1.640363054479218263e+05,5.547360617616751654e-09
4.543181550261538894e-03,5.453735643649281934e+06,1.365229299078482369e-07
-1.906905133228817273e-03,6.553104541200175881e+05,3.472558883529860424e-10
1.558817363834601654e-03,1.098862593415051815e+05,6.524909607426990656e-12
-1.207031776760441244e-03,5.095326287359498441e+06,8.411600879227692873e-09
-6.225773790148728809e-02,6.284012072454887675e+05,3.403752281933216999e-07
3.967197651327172836e-02,3.803792998726038495e+05,5.064058060347242343e-08
-6.834906512399759049e-02,1.626387105441887688e+05,2.747959025183612703e-08
4.915134863422955525e-02,1.892885102001463994e+06,1.924937504159468010e-06
-5.879744361819810340e-03,3.712981785791311413e+06,1.059887515792252106e-07
4.887371715058987098e-02,6.593712975150899729e+05,2.309447368924795765e-07
-2.090795119487218884e-02,2.647145269117567223e+05,6.812017513468157055e-09
1.326640864670432067e-02,1.193201221048596053e+05,5.572259974879211510e-10
1.206800616393721281e-03,3.082919452558091725e+05,3.078170369017735352e-11
-9.716768950595666698e-02,4.308303856942341663e+06,3.897208615455975613e-05
-2.905560561750401491e-02,1.026351813205203798e+05,1.977650859572213822e-09
1.011915076307880754e-03,1.921952974480496778e+05,8.411450586722029369e-12
1.557591096812706820e-03,2.298756894880921463e+05,2.850954278159004020e-11
1.451642992018641921e-02,3.632950154177612159e+06,6.184944010465358890e-07
-2.213840010259809400e-03,3.863008854943528771e+06,1.626451517335318526e-08
1.214894394019908064e-02,7.127829030075540766e+06,1.667588358901457611e-06
4.549339939730110902e-03,5.447769527266470250e+05,1.365939557042297065e-09
1.022643476786718429e-02,2.114112764954262413e+06,1.039446287192896148e-07
-4.472253154178041680e-03,3.188621609354557004e+05,4.522264693833664151e-10
7.574858494904269934e-02,6.382386395603073761e+05,5.197715272822127783e-07
1.004142251540540536e-03,1.866771646749489882e+05,7.813940956779567723e-12
2.921539110963151595e-02,7.598979939633075148e+06,1.096052244665708139e-05
3.305011660369966409e-02,3.131699359029210173e+05,2.382337952453095214e-08
3.869317188667262264e-02,6.352524347073273966e+05,1.343564722511288646e-07
3.551259849774116711e-02,1.543525913197313901e+06,6.681746625311179317e-07
6.604689364106486674e-03,9.818416590059271082e+06,9.351579137161927909e-07
1.807435118125687301e-02,1.355857510592826409e+06,1.335521197022398501e-07
1.842149182353645595e-03,4.472752743221675046e+05,1.509720760962486741e-10
5.230476779417798060e-03,3.771175472755335271e+06,8.652334251358750524e-08
2.681117872843626158e-03,9.421281914496354759e+06,1.418891100988225758e-07
4.759540764443130796e-03,9.209969873723734170e+06,4.273107034317243174e-07
-4.381292190619940491e-02,6.695420508671046700e+05,1.913627493372562600e-07
-7.095993795640440083e-02,7.022326055342699401e+06,5.521863739598481427e-05
-1.112847990815371947e-03,3.735010800158598577e+05,3.841958474378940121e-11
-2.088598248147266294e-03,7.471583423702326603e+06,5.415422800268175556e-08
-5.115905785335445044e-02,1.493997275532361586e+06,1.299098069180965481e-06
3.084661491882434783e-02,3.528586842978851637e+05,2.634595193236335149e-08
-1.491800486604567128e-02,1.001502142170047591e+05,4.963894064824831397e-10
4.951383848376619823e-02,1.446540199485672172e+06,1.140805105827998357e-06
-1.869099397584678222e-03,2.983893576176831848e+05,6.917174065340514092e-11
7.897661655899642155e-03,4.533411588375100400e+05,2.850654603740558389e-09
9.039680341899651583e-02,9.059456073961954564e+06,1.491446380245593263e-04
-2.193238646375010505e-03,8.634137764055881416e+05,7.974564552447258115e-10
1.087511005900481005e-02,2.207557269851086021e+05,1.281706333654037787e-09
-7.483781424757726675e-02,1.671527684120360937e+05,3.479898587416859200e-08
1.241866839553124047e-02,3.250331268989783712e+05,3.623285563445925117e-09
-4.459264924751514536e-02,7.158681763234770624e+05,2.266156571159871288e-07
-8.290251754572068588e-02,4.999734015023043379e+06,3.820555298591130474e-05
4.099556852060005224e-02,9.657395179534666240e+06,3.485708645889410952e-05
-2.764211634115397789e-02,2.459056496285797562e+06,1.027488204429172636e-06
1.629125130722575490e-02,2.345606871144936886e+06,3.247256442208970320e-07
5.013630886399886993e-02,1.980598960668246262e+06,2.192779985044303341e-06
1.479676463396807813e-02,1.471912398172346293e+05,1.054859719508098860e-09
1.288174560012315603e-02,4.031416066611661226e+05,5.997385029424465612e-09
3.142915306822636340e-02,4.656744806873932481e+06,4.763514423182669134e-06
-1.101784620365697364e-03,2.754297868727996829e+05,2.047917580601203834e-11
2.241222873460615647e-03,2.623297918097838410e+05,7.687100728967982173e-11
-3.046093171612831649e-02,6.532969227106153267e+05,8.806530461331615460e-08
-8.536798418707126218e-03,2.508336269758066628e+06,1.019668068475416304e-07
-1.706327787119418359e-03,1.497753627294059552e+05,1.452455839664454017e-11
-1.751739240597250660e-03,2.140490330420352053e+06,3.126530778731500454e-09
8.812074143223057321e-02,1.609486943358130055e+06,4.473304393286066917e-06
-3.989130350695381522e-02,1.087435120502037695e+06,4.184662298827327853e-07
5.034449086534396878e-02,9.554883329813054297e+05,5.145788520519501824e-07
-8.300235567376243462e-02,2.939373288163798861e+05,1.323693917328490955e-07
-2.796019212227770362e-02,1.399055062842375366e+06,3.402884180503412496e-07
2.789171400064002337e-03,9.836855239795007510e+05,1.674018363586796697e-09
-1.057062913605589724e-03,5.849048780637874734e+05,8.500988124846152158e-11
1.786015498232726081e-03,1.758041090998110129e+06,2.192430021004991495e-09
1.443089363626571175e-03,2.675744231274062768e+06,3.315682197536911888e-09
1.238347133936308977e-02,1.392250443349851703e+05,6.610233288724469511e-10
-1.895357740200479760e-03,4.132520365050968248e+06,1.364299254182794879e-08
6.714546056906364746e-02,3.896947128231653012e+06,1.522578145577192076e-05
-3.420552447175885177e-03,6.068104628819280770e+05,9.580669948373195623e-10
-1.494582447844418002e-02,5.133033646026012488e+06,1.308835987551763469e-06
4.794827664013890517e-03,1.070738310069509083e+06,5.861515779198178738e-09
1.285162900611303352e-02,1.156809486006652151e+05,4.915155851456601503e-10
1.518429271471646858e-02,5.726451523261611350e+06,1.681347808688456621e-06
1.830390446142100142e-03,3.240272351463680156e+06,7.822539435452125986e-09
3.727972221288729932e-03,7.132101201854442246e+06,1.572090631756317839e-07
1.428116502516002008e-02,1.776999947007466399e+05,1.432185773880612554e-09
1.085143546902927678e-02,9.189904848209406482e+05,2.211534222149508535e-08
-5.395128435283735174e-02,1.290703377039339975e+05,1.078335043239231060e-08
1.270507885041413784e-03,6.509969432937395759e+05,1.521282532488847800e-10
2.606760625752394846e-03,2.517829803034566343e+06,9.579708524430202161e-09
-2.208201440595592563e-02,6.101897085555792786e+06,4.037424233031522974e-06
6.905599722225222448e-02,1.265569014075478073e+06,1.698524122475802933e-06
1.263040302019216056e-02,3.811302199187187478e+06,5.153217091758974462e-07
-8.270229863976955031e-02,2.246597129642421845e+06,7.676845688255857795e-06
7.789661258206437809e-03,1.473907848217456136e+06,2.931399827056920639e-08
-1.641985879843215965e-02,1.930443714846091461e+05,2.234345728292375836e-09
-7.219780519908342020e-02,1.294928989785746089e+05,1.943735417973186578e-08
-2.493291733010999725e-02,7.852091421150869690e+06,8.523424909166957009e-06
-4.435586250816478393e-02,1.206574852908923291e+06,6.369536739469216159e-07
-1.884985464954701262e-02,4.939818094954445260e+05,1.928124953587610450e-08
-7.395067583785476517e-02,1.045911646772364271e+06,1.330367244798380833e-06
-2.948319379957123516e-03,1.758611253323242301e+06,5.978414197017745401e-09
7.403851005737387136e-02,7.676957893941902556e+06,7.184406691563054658e-05
1.814712771455363142e-03,2.974052763401414733e+06,6.477544127137558801e-09
-1.780803901266386075e-02,1.404808495180427330e+06,1.391757905928717986e-07
-3.693266931721682356e-02,3.263851203579451889e+06,3.231315384434224866e-06
2.278667646639187874e-02,9.656029032857771963e+05,1.076604891001628235e-07
1.175660831649275734e-02,2.966242623849654919e+05,2.704423443360057356e-09
-1.187477489475308959e-03,4.889938976004745346e+05,7.498163403164253634e-11
2.820655833072198936e-03,1.484717284096869640e+06,3.900182916012659659e-09
-1.405163107689793613e-02,2.098329181278221658e+05,1.933294293861244288e-09
-5.389243260284825969e-03,9.671057624946912751e+06,6.040887767343986469e-07
-3.921854248166171432e-03,1.417169375514349085e+05,6.869476895135623928e-11
-6.442949647202120787e-03,2.073175914874930168e+05,3.967701892247675029e-10
-1.038805516869411921e-03,1.111960729319011152e+05,2.967185135879158191e-12
9.972002665507372077e-02,1.248284774444157520e+05,3.445794465232114123e-08
-1.241290117719654092e-02,2.602447846600820485e+05,2.320640760729800398e-09
1.486200057545706589e-02,4.329955649517986458e+05,9.209131917221795103e-09
4.904861185427553463e-03,6.531539711126207840e+05,2.282347849178812538e-09
-9.966293116020447790e-03,2.615849110096285585e+06,1.511436619987078891e-07
2.185782565888424924e-03,3.143640288583779708e+06,1.049969921018443113e-08
2.035098234983101842e-02,5.022149694424931891e+06,2.322989853100475863e-06
-2.549581761173349073e-02,1.660789358164146834e+05,3.987165332462512212e-09
5.560852073868073793e-03,8.723296038391292095e+06,5.232884603070609790e-07
-5.807852657730988230e-03,2.449310833086058556e+05,4.500038580863772379e-10
1.124180994550694722e-02,3.854087228256997652e+06,4.174580186083659998e-07
1.327491180454523157e-03,1.439657945019004692e+05,8.122302799483724425e-12
7.683484552343048876e-03,1.354082577534083975e+05,2.407154666724913015e-10
6.719572355899758320e-02,2.948902794973338023e+06,8.731752841134894565e-06
1.427878319519855716e-03,1.372674481901472667e+06,8.543085833268347092e-10
8.314219290829225062e-02,1.589773410200128274e+05,3.885175651383472765e-08
-8.427465775243191126e-02,1.099255899158837274e+05,1.908485458971992687e-08
-3.788460985305370371e-02,1.234986799023503409e+05,4.867965811808928858e-09
-1.188643015112148503e-02,1.043621940829152009e+06,3.422051473629057902e-08
1.504436916995903831e-02,4.675013024108744576e+05,1.100046046552020250e-08
2.160687171144560874e-03,1.584863014064501273e+06,2.607741257005114590e-09
-5.432437385413501491e-03,1.331578141891851090e+06,1.163643704269328729e-08
2.417400138989043643e-02,3.111977774251939263e+05,1.258540828651901502e-08
1.265566017198794906e-02,1.163706197150303633e+05,4.823403054658415738e-10
6.083761892090554235e-02,7.532297559089237824e+06,4.669781962496748228e-05
-4.262229343428123457e-02,3.144527615267158486e+06,3.994677339284310965e-06
-7.548063428630252814e-02,1.012133153755623789e+05,1.297907178608457681e-08
-2.733591256064083191e-03,8.617951233610380441e+05,1.234162846443377191e-09
6.202518377860655185e-02,2.818350008815376787e+05,6.795528272242358045e-08
9.275554716359516935e-03,7.771166273774500005e+06,1.155445422749580328e-06
-5.339375552707425338e-03,5.950057124722320586e+06,2.244504385929892926e-07
4.312973751298396913e-02,3.672687851494910428e+05,5.579803660208363108e-08
4.000344220423485316e-03,6.610464397586552659e+05,1.555091392643154154e-09
-1.411279978634793868e-02,1.944733749740525382e+05,1.675112246326224664e-09
-1.228889684988284997e-03,1.406218198419763357e+05,6.640923482333952066e-12
2.842342144207201521e-02,6.127231876643252326e+05,6.744947775323991087e-08
-1.440649116714125613e-02,2.117909663880763575e+06,2.070277437671554244e-07
2.702296673257691823e-02,9.154053643738592044e+06,1.360787182369305225e-05
-2.456616173066608795e-03,8.064284892333861208e+05,8.727775926817776306e-10
-7.341328500438423776e-02,2.619666407480487134e+06,8.225050028250290425e-06
4.780478512216764647e-02,7.476618807422807440e+05,2.840864168365063068e-07
1.027292988010706544e-02,7.194485919865870383e+05,1.214745872231091250e-08
-9.182004185829619608e-03,3.977211304976074025e+05,2.965715955761771144e-09
2.537790386305923719e-03,8.704842480335071683e+06,1.085251961778314938e-07
2.853064816481472917e-03,1.429341506562239665e+05,3.698218250597809333e-11
-1.023821335528105232e-02,4.113644158085337840e+05,3.944564340303377767e-09
-9.753942365627392766e-03,4.076968174875953700e+06,3.516675237183472943e-07
5.008152030305928863e-03,1.045270704136918299e+06,6.094103359303209060e-09
-5.527408944257186652e-02,2.345711676769392565e+06,3.738433880151869770e-06
1.183078166632557313e-02,8.580162890006655827e+06,2.291475379485485134e-06
3.855767680220727363e-03,2.859158972666128539e+05,2.702685891142801398e-10
2.315203884410576424e-02,2.543037346465278883e+06,7.708701192135108819e-07
-1.046902848731398258e-02,3.476389966341947438e+05,2.945554001673849663e-09
2.357391577111074121e-03,1.446670864656378515e+06,2.586426703769935937e-09
1.855113809837435207e-02,7.584180720173151232e+06,4.402057524427057320e-06
4.012261747974624898e-02,2.182404988101091876e+05,1.705086659007044000e-08
3.184581480794539295e-03,7.688421678636915982e+06,1.333141875016860095e-07
-4.138154720141035137e-02,1.161207551345712738e+06,5.134881219791833624e-07
4.185319252074118368e-03,7.173872894400968216e+05,2.004757228563088302e-09
-1.466424162242591350e-03,2.558929443162408716e+05,3.131360644078450910e-11
-1.926006225288706816e-03,6.257354244279986247e+06,3.229937419295379802e-08
-3.288584682814527788e-02,1.655528741627077805e+06,6.591568348637141867e-07
8.549754497307571546e-03,2.081098766985821538e+06,7.040279855312913127e-08
-2.931960280898198920e-02,7.418034436730015092e+06,1.051940330790372471e-05
3.137539985582037116e-02,1.976832554157444974e+06,8.554912220792608220e-07
5.609923711469370217e-02,1.238825592931260908e+05,1.074067310760244004e-08
-1.225406197187886397e-02,1.416791321895239817e+05,6.702999257504193149e-10
-4.011418572440752367e-02,1.862860902089669835e+05,1.241806897833034908e-08
1.101517274751321511e-03,1.364316874882729899e+05,5.022389345772701151e-12
-2.642692570605906233e-02,3.372653972913243924e+05,1.766583255310344225e-08
1.091671359480419351e-02,6.842652392760972725e+05,1.240880729891975201e-08
4.339575030008253724e-03,5.301686626826443244e+05,1.177117350748600675e-09
-1.105265618661715197e-03,1.719038331942472607e+06,8.027895187606957839e-10
2.010868043706214373e-02,6.561524977144413628e+06,3.871452793868869749e-06
4.070813662109266234e-03,2.775014291302877828e+05,2.837854633986276248e-10
7.291412102994448974e-02,1.333266762361134402e+06,2.101622189102282029e-06
-4.735432020235658818e-02,2.389253865701449104e+06,2.846695783626174873e-06
-3.780459283376735868e-02,7.500177337142591365e+06,1.787843272730810869e-05
5.395834455989458045e-02,1.810571821488218848e+05,2.122491690511549811e-08
2.865356369013781837e-02,3.927602502089605550e+05,2.816498950134598767e-08
2.134765250390935256e-03,1.205618853019110393e+06,1.473050247553635334e-09
-3.368895892114965023e-03,2.126246163185703917e+05,1.141036447383342114e-10
4.323972470664532233e-03,1.555160125742199307e+05,1.005572333243579119e-10
3.627053791288375323e-02,8.043858304366627708e+05,1.892927876063305834e-07
-4.257877301007946189e-03,4.215879101376083679e+06,7.165719952467956232e-08
8.773897121574306124e-02,1.790397413517542300e+05,5.487584359409653533e-08
-3.742494773162423263e-03,8.530700090224815533e+06,2.266673688222851448e-07
1.487950393807717375e-02,2.305602645829662797e+05,2.617237170214418820e-09
-3.403989988669287557e-03,1.342316594301566249e+06,4.642839996340380158e-09
-7.033933481220965879e-03,3.950428362386491499e+05,1.717046852145475942e-09
2.678209391648345671e-03,1.653682740565262968e+06,4.362050560699404224e-09
4.539670486672653556e-03,1.201080153811574215e+06,6.611346111059836498e-09
7.373700216531316187e-02,6.755159392156207468e+05,5.517462707507592581e-07
-7.481642684023082079e-02,1.355448856638977537e+06,2.286954095428325827e-06
9.561120030765142552e-02,5.197016440441567102e+05,5.490640037940820954e-07
-4.098204687496177084e-02,6.695256521060920320e+06,1.674244898407719161e-05
-3.157662251939110515e-02,4.124153331503297086e+05,3.771361891195480666e-08
5.127642430008916979e-02,4.123511439441105467e+05,9.941848093738874900e-08
3.917969576881646931e-03,3.564926141643019510e+05,4.338308605535579464e-10
-1.178194309628143033e-02,2.818804805794990971e+05,2.452794133376722651e-09
-7.466974873346959342e-03,7.494530456335480325e+06,6.964268202560778613e-07
-8.585211550421894405e-03,1.160839230437393766e+06,2.208733947080297139e-08
1.135122231927345078e-03,4.948310232888142578e+06,7.016109352851785275e-09
-2.640906076221698814e-03,8.484355477908181027e+06,1.116454104654702105e-07
-2.796877709858260758e-02,2.368565848269282433e+05,9.759220533798934720e-09
-1.021633636908453845e-02,5.061859053524702787e+06,5.947133858477674902e-07
-3.280574883050096230e-02,1.593042062429981597e+05,6.073676373451395617e-09
-4.427903224628883944e-02,2.485225677325016819e+06,2.692930564749231977e-06
-1.862119222859513409e-02,4.669886164426996373e+06,1.681608157685565564e-06
3.763410104967753605e-02,1.471235212898210622e+06,6.817490879051002820e-07
4.405147003815087885e-03,2.485878211824851576e+06,2.666722086167423317e-08
-1.185173433950447710e-03,3.817591742995788809e+06,4.552395988227813348e-09
-5.803506041223790296e-02,1.557334726702614862e+05,1.816527881425508183e-08
1.286292201828001178e-02,1.367368385243907571e+06,6.879352965348557391e-08
3.363953395682973968e-02,1.062994251685128314e+06,2.843537914981521094e-07
-8.001553428132168397e-03,2.177682164177602099e+05,6.752037687645732338e-10
-4.673469258685549951e-03,2.463337304339690600e+06,2.947296298588968517e-08
7.487000421992251638e-03,1.244659842956851469e+06,1.931142499065571433e-08
-4.298290710779666818e-02,3.155939760583173484e+05,4.092099931551684394e-08
1.624604219010792553e-03,4.397173869958646246e+05,1.134853185458121535e-10
8.129216010126410000e-03,1.500387623759047128e+06,3.308274400621617988e-08
-2.581378386257298773e-03,5.351161321051555686e+06,4.243231016559034068e-08
1.273594988510879170e-02,4.256667389791113324e+06,6.535809211532430956e-07
1.687053475991236867e-02,1.466092183714014536e+05,1.360434087602126909e-09
-1.615625545272026883e-02,3.997933811313096667e+05,9.277903962969899598e-09
1.869987762818262067e-02,7.708932266755648889e+05,4.621290176003915285e-08
1.830100819362385361e-02,1.258642853796554118e+05,1.179919314041546387e-09
6.267231397026441081e-03,7.214616501370979240e+05,4.546479234604899459e-09
-2.041920937384438320e-02,8.711611586250026012e+05,7.036749692166586397e-08
-5.665414674587185978e-02,1.380113889312109677e+06,1.359535367350643197e-06
-6.114881467194616810e-02,1.120882030862134416e+05,1.044703741944756166e-08
1.060074556307951700e-02,2.248676856633363641e+05,1.263642349621516393e-09
5.245756876047609311e-03,1.450845981556552695e+06,1.288119604500115578e-08
-1.102720789039508473e-02,1.138751026262434898e+06,3.506597651593581839e-08
1.659917742437334821e-03,8.464372597043955699e+06,4.389953596159520226e-08
5.192743125500324380e-02,2.234058450729827397e+06,2.992815831694341599e-06
-1.290015745470393660e-02,8.333870813034118153e+06,2.570282153849813477e-06
-1.240193046640521331e-02,5.157436707196189673e+05,9.097952153807805453e-09
-2.862140866126736474e-02,1.380765999606921570e+06,3.473117116910569293e-07
1.713039441234235141e-02,4.093505953906226903e+06,1.093510173724862786e-06
9.623445841956822233e-02,1.457713716089954833e+05,4.376258265842838777e-08
5.389382004458658122e-03,3.756404243760179728e+06,9.114226797094493277e-08
-9.406993254388798867e-03,1.005251315750469657e+05,1.988603576332604139e-10
-5.544919226590384193e-02,5.603556446208873531e+05,2.146916732859347444e-07
-2.709405959730194768e-02,1.916672353229170199e+06,5.997098347593726023e-07
6.543947101784439169e-02,1.307491024803214386e+05,1.627999410529786746e-08
-3.536464016227166413e-02,2.297624477327231725e+05,1.468229128749408852e-08
3.739595245415691660e-02,1.178851530355946015e+05,4.321800064229551866e-09
-3.990950118976105930e-03,4.453301407988817431e+06,7.024477569647602628e-08
1.609777348113145467e-03,1.136361652057428000e+05,7.441526169511614945e-12
9.385640309584421248e-03,3.016352085452415980e+06,1.782334158305142184e-07
-6.550291037523234272e-02,4.491275369716775604e+05,1.924676796697341550e-07
9.242755966878575535e-02,1.124383344794150908e+05,2.401756814569816869e-08
6.014546609264303893e-03,1.162037706289601629e+05,1.086284245429494492e-10
8.379472368716060771e-02,4.198105618380323867e+05,2.751929591123182676e-07
-1.569541838855863236e-02,1.519565434368276037e+06,1.264974750206675777e-07
1.287278043239860337e-02,2.905051711909152567e+06,3.109923520154046866e-07
-1.232664060615624481e-02,1.071092178138693562e+05,3.876505584665373353e-10
6.030970987676798067e-03,6.201383505675151944e+06,3.110633957104841565e-07
-1.393009606339595243e-03,3.030742940932731144e+05,3.963726478320781616e-11
1.016290337901049924e-02,4.592931952573119197e+05,4.845212913263811918e-09
-6.011523811711837195e-02,1.920272720711703296e+05,2.963413252097130170e-08
4.261240974718365909e-02,5.333829187845762819e+06,1.148808516563363362e-05
-3.603505652694409533e-02,4.348804083762468770e+06,5.461190820551043701e-06
-1.975901448299003781e-03,3.925515776905435603e+06,1.337892637908681601e-08
-1.516113196727348960e-03,2.391615474208620843e+06,2.923770069537329168e-09
3.566200497549898429e-02,1.793293786618262297e+06,9.095187372572549492e-07
3.211122467167105195e-03,9.704909491458821576e+05,2.159702683233288379e-09
-2.557351069974406286e-03,5.797000585490594618e+06,4.887476047407329159e-08
2.417091094734713248e-03,2.789475978339602007e+05,1.010947351294561406e-10
-1.227313619952522319e-02,5.235434884030293673e+06,9.181505164542998927e-07
5.455882188018095456e-03,1.879739491700070444e+06,2.338958678696225742e-08
2.474596083569460293e-03,4.410795152408530121e+05,2.649352039912949214e-10
1.304050325087835948e-03,1.244555497775149997e+06,5.857529563939540147e-10
-1.289871612605529615e-03,1.362472555219223432e+05,6.868244485787146029e-12
-2.253135194500811150e-03,1.506727492739504669e+06,2.562956167700955410e-09
-8.898475543934832033e-02,9.536774814512964804e+05,1.601516911276490058e-06
-9.841013680640436911e-02,6.014128904195188079e+05,7.789729666962979871e-07
2.037374455017726405e-02,2.752049741474973853e+05,6.991196712451333240e-09
-4.462400780206682294e-03,2.009845848011309572e+05,1.788792207114555076e-10
1.532296798018840597e-02,4.506462757326341234e+05,1.060363112306287087e-08
4.907269336895174645e-03,1.685756591507582460e+06,1.521832215910628277e-08
-1.819676600953171880e-03,2.192607599514233414e+06,3.540034558259497294e-09
2.275699231234751957e-02,3.752468283702111221e+05,1.621664600468051733e-08
2.718176286791657709e-02,1.325741719849940855e+05,2.887821437075540855e-09
3.456980294766234113e-03,2.041390990235909820e+06,1.107499262902873482e-08
4.476350134681601062e-02,9.007490561433869880e+05,3.615371917235259827e-07
-1.511446192208431519e-03,1.157348754866393749e+06,6.804733631925524856e-10
-4.019003066394156304e-02,9.661856727361796424e+06,3.353166448188429194e-05
-1.804897235787305751e-02,1.734307637565495912e+06,2.178986218329317408e-07
1.357283949529622738e-02,4.128245632435152773e+06,6.981837515611478631e-07
5.565422749772244715e-02,8.623804437642202247e+05,5.122610876604471878e-07
-1.111836864822045518e-03,4.449309360020835302e+05,5.442075923343816555e-11
-4.327466068085120306e-03,3.364448771316418424e+06,4.714030985084075722e-08
1.740511655860148667e-03,6.359540709242125042e+06,2.724599207388896901e-08
-1.577492729575633024e-02,3.880958696585008292e+05,8.335084838488499256e-09
7.545827154345918601e-03,2.052759461207986751e+05,5.335646901044882886e-10
1.207507747548935799e-02,4.027356708341287449e+05,5.259171061649009277e-09
1.613972394071877320e-03,2.012639589456429239e+06,2.346504963155921390e-09
-1.763408663755195588e-02,4.347906232769480906e+06,1.307264687166525913e-06
-2.710452159358430011e-03,5.308832310457097366e+06,4.604460566954049810e-08
-5.609798509813966258e-03,8.210566190496772761e+05,4.717783304056313435e-09
3.557038215232411534e-03,3.971162086484421510e+06,4.437205470294590560e-08
-1.989179780991691664e-03,7.374643795906264335e+06,4.785501088208046135e-08
3.900102514226450739e-02,1.255675349323840579e+06,5.333398479418730666e-07
-1.825551023690032137e-02,1.363469691990120336e+06,1.377768272472410140e-07
5.102266497831330246e-03,3.518305957027717028e+06,7.166229872860727816e-08
7.609503028236813682e-02,1.168000481608651346e+06,1.756693047986259466e-06
-5.901732880708226298e-02,1.220606713336235145e+06,1.154005442030772844e-06
-2.083965680801736289e-02,2.965997552246350795e+06,8.496106590005248468e-07
-9.003605865832217670e-02,9.208126739794485271e+06,1.528525815113512582e-04
1.010737504779522095e-02,7.084451094911358086e+05,1.140214149121096833e-08
-3.676413961888756483e-03,1.915325208858444355e+06,1.102633323497759618e-08
1.057429757419118665e-03,1.278285295470276382e+06,4.063084855214223867e-10
-8.443059080885616935e-03,2.038057584461929509e+06,6.584606227116796907e-08
4.953750352687524144e-02,4.590799672595291049e+05,1.150117381779685973e-07
-5.357789527080355010e-03,2.226731781125806447e+05,3.165223371073559536e-10
-3.746249866620957741e-02,2.288914494651663699e+05,1.635120901805994921e-08
-2.919485948424025562e-02,6.828082336116969818e+05,8.837054388797597973e-08
2.713795164458668308e-02,5.714412527278741822e+06,5.348038899049609079e-06
-3.349279062479759358e-03,2.482193956829775707e+05,1.536991081392408880e-10
-2.090671103306066675e-02,2.166748579032348644e+05,4.563370436240514601e-09
-1.631521469810118599e-02,2.068751864736982621e+06,2.533375942532529761e-07
-6.635076299157091628e-02,2.761423762680093059e+05,7.465436549457322240e-08
-3.773212210239606287e-03,3.461675068665046711e+05,3.793956204576096351e-10
-6.432113354348100061e-03,2.119139941728305072e+06,4.131653608379085129e-08
-6.241762837700414596e-02,6.127051643540936057e+05,3.252481677365204515e-07
-3.460230289729485792e-02,3.803009279358003405e+05,3.850898107954368103e-08
-1.861750838924505075e-03,7.950293724964672700e+06,4.871993665885432921e-08
4.585258779985082640e-03,1.541428457894500170e+05,1.110891639059358608e-10
-3.150225495025707478e-02,1.539139087750581792e+06,5.228008314666602488e-07
1.923994610376643377e-02,5.567230732970993035e+06,2.551428454532594757e-06
1.752591897500685794e-02,1.105887333932322450e+06,8.353733523729469176e-08
-1.096339444859610428e-02,1.987639736560297664e+06,1.055996967346151464e-07
3.021003209399316866e-02,2.879828680455280468e+06,1.683189173097248532e-06
-1.224630546547515568e-02,1.829792749268979824e+05,1.116634986949542153e-09
-9.355763203405429232e-03,1.457250089120833203e+06,4.133556459534257333e-08
1.821700620329980841e-02,1.319228654468096560e+06,1.284373731696105957e-07
5.381812935597200809e-02,6.583833289258836303e+05,2.791978681588745361e-07
-3.349389803819058115e-03,2.797387683098907582e+05,1.952243362887449133e-10
8.297098515761197612e-02,1.539119388247758616e+05,3.626555782021300856e-08
-5.068757173637201963e-02,2.960740251452730736e+05,5.008421127209841364e-08
-3.355583254961236328e-02,1.001052181049864448e+05,2.509266103153338597e-09
-4.427146453804076641e-03,7.823646066679783165e+06,2.667862355432161750e-07
5.047485053805826974e-03,1.040934038158209296e+05,6.138945160335653173e-11
-5.140146644062972003e-02,8.772811651184041053e+06,4.521951287376330380e-05
2.320068444522552231e-03,3.195973775586178992e+06,1.222658746807458385e-08
-1.255119920810804195e-03,2.006050638610858296e+05,1.409780434860402857e-11
1.165732162383335780e-03,8.359179309106689179e+05,2.111650747083863542e-10
-7.547345369288266208e-03,3.703220006406421307e+05,1.737179622679034678e-09
-3.742006791619459632e-03,1.058337156081600260e+05,3.487823347187504301e-11
-8.073811742011435810e-02,1.961956566114836140e+06,5.579988004632800572e-06
-7.008159257145950283e-02,6.410493286491370527e+05,4.488364045166038257e-07
-2.685990007916242393e-03,1.593644267890667776e+06,4.074635887333975375e-09
-2.554007431986030432e-02,7.719948773073571501e+05,8.645107558159310250e-08
-1.021302736851922160e-02,1.158277888415393885e+06,3.111944001340019711e-08
-3.931611782022789194e-03,4.459210697872309247e+05,6.835251403828074807e-10
2.005050007042907464e-02,3.121580859097375651e+05,8.711578328785619063e-09
1.453730350453942555e-02,9.081152591537735425e+05,3.875671078402556215e-08
-6.154797388131650997e-03,1.234065282754517539e+05,1.282924330591677180e-10
2.006418163945413585e-02,7.716854018055674620e+06,5.331147780316864626e-06
2.148168480992073207e-03,1.578740224704440043e+05,2.557733429288353223e-11
-3.500701026738130533e-03,2.609162581170297228e+06,1.855280489410689047e-08
2.858839174267550649e-03,1.128227835818572203e+05,2.313504350912356501e-11
8.871629557252288384e-03,1.473477291907903505e+06,3.800064282615459986e-08
6.031463826808231184e-03,1.102884687983406009e+06,9.840177216504459484e-09
-6.818338219289147781e-03,1.021358066692405613e+06,1.078475733902089446e-08
-3.507637851922428083e-03,4.941341432135050185e+06,6.680615446178104036e-08
7.920902116148947902e-02,2.231024804883907083e+06,6.944729606843706447e-06
2.528805695386745003e-03,3.288979939343071543e+06,1.538333938711004303e-08
2.484843395992288907e-03,7.996273955693189055e+06,8.779517044319649761e-08
2.891999092654594199e-03,1.076188423461251368e+05,2.154121459919753210e-11
-1.422000598970177623e-02,1.682581180939550279e+06,1.273059973150277833e-07
6.238196277003258544e-03,1.014046324027728871e+06,8.898789033288657590e-09
1.224996488676666738e-02,5.118269772371848812e+05,8.742049954530173742e-09
-5.410563963414835066e-03,7.767929395222121384e+05,3.928193391837668857e-09
1.993468046496018383e-03,3.274566457053716294e+06,9.475964510999924101e-09
6.725778495480218278e-02,8.802494290462090867e+05,7.794600754643660407e-07
-7.142041480621444394e-02,5.943089912662730785e+05,4.006513296605845126e-07
-8.425678959676356425e-03,1.882722166314572969e+05,5.596023593340413129e-10
-1.779600025583878004e-02,1.228971889592120424e+05,1.063716646679896672e-09
4.944074552458824212e-02,6.230719617747385055e+06,2.110297523328251223e-05
4.762567665186435116e-03,7.534442059047855437e+05,2.863398304683045125e-09
-4.783358525017585017e-02,2.092145245463174360e+05,2.227136221479104916e-08
-2.682738761760486337e-03,3.223545247355061001e+05,1.663112241100979990e-10
3.822903844652762988e-03,1.916668067085368966e+05,1.193927111662426061e-10
5.685880971554683853e-03,8.633302141587996157e+05,5.358542244721248362e-09
2.341629850057140236e-02,3.207932852382457349e+05,1.254828228949619581e-08
-4.381349636610325921e-02,7.176248632297241129e+05,2.198406645509604041e-07
-1.696111589283742435e-02,3.542606995071676094e+06,8.028825988943945310e-07
-4.622472928665541034e-03,5.515787544523150427e+05,1.445643017558753433e-09
6.098453113708822426e-02,2.787680890123039484e+06,6.427213769673565184e-06
-5.384556163405850721e-02,3.490038926556446822e+05,7.853398132231038725e-08
6.927243505060728945e-02,2.025503148252983810e+05,4.378083132749235441e-08
-6.243269381498256498e-02,5.716024529025281779e+06,2.832106405135788489e-05
2.077275480465554450e-02,4.494325931945830816e+05,1.938271318687888077e-08
5.287467762177516101e-02,1.045456047749082209e+05,6.795231768083276668e-09
-6.234521042533659047e-02,3.752163371078096796e+06,1.216933704830958401e-05
7.038885745130026017e-02,1.317035154573587643e+05,1.911172188509582832e-08
-1.373331951886124988e-02,2.416303586299846647e+05,2.448788608834871843e-09
3.472135691654810140e-03,8.246561278528531082e+06,1.823208805723892076e-07
1.143404299279015841e-03,1.115490240023306542e+05,3.617665779357626097e-12
3.468192706729000124e-02,9.808747126105327159e+06,2.573539085623512363e-05
-7.996337704894510012e-02,1.346000623396964977e+06,2.576143356511404542e-06
-2.487107080120710099e-03,6.296135684984155931e+06,5.452985910969839391e-08
3.481979967211930836e-03,1.343954736922436394e+06,4.869889102570377050e-09
-1.190890339185828040e-02,1.876148246198093286e+06,1.110133218570961512e-07
4.648411171808233128e-02,4.295321982797724195e+06,8.865388506423347369e-06
2.017601197575396958e-03,6.841751996123591671e+05,4.237430221415970114e-10
-6.685470749943397961e-02,2.683821358322601300e+06,7.159265131469986438e-06
3.307167912771227097e-02,1.033028731496741675e+05,2.595580741171172597e-09
-1.168858444831630435e-02,9.690579996295582969e+05,2.853123890698823116e-08
-4.439019866572373879e-02,4.048323755732562277e+05,7.181611403729765581e-08
-1.604764886577950828e-02,3.306457814984001685e+06,6.261033810837845921e-07
-3.110637510769284804e-03,2.184307064128106926e+06,1.026652432956533508e-08
-1.012729705294144024e-03,4.885445438024495728e+06,5.443681191293359847e-09
2.438906429961475511e-03,1.220522871520804008e+06,1.970513307318288429e-09
9.024085489308392161e-02,1.109863587452817475e+06,2.230708688488216503e-06
9.447662010104444785e-02,4.773667324798944173e+05,4.523246400930986749e-07
2.902507554834680287e-03,2.548830327640935429e+05,1.217098760542164338e-10
-7.477620629278071418e-02,3.883323445162700955e+05,1.875129367934351367e-07
-2.756326374266765498e-03,6.262238092166552320e+06,6.625485122984468865e-08
-3.444926431372270868e-03,2.180823869823397254e+05,1.255157824946171238e-10
9.258536234315023483e-02,2.608455633971327334e+05,1.297026413529705155e-07
-1.947902662809729030e-03,5.704778940293556079e+06,2.746056025022986337e-08
3.567526208861765413e-02,5.201277238663236611e+06,7.656875781449713124e-06
-2.140954620342259366e-03,1.167852539407947101e+06,1.390234921803200240e-09
-2.893626519974445976e-02,6.866843365731554106e+06,8.780039807141345115e-06
5.129204606673605504e-03,9.106131347422677791e+05,4.851378044359275543e-09
-1.638971987695660507e-02,1.983977814279448357e+05,2.351331895904931299e-09
1.265460305655559175e-03,4.127520794720160309e+06,6.066983926099111360e-09
1.028635286141839572e-03,4.392023176417200593e+05,4.538886609161773216e-11
-8.656937280697414930e-03,1.048538756500567397e+05,1.832292348250775905e-10
2.357325635514517098e-02,9.272910636589435162e+05,1.062596932078011881e-07
-6.386657952583865532e-03,4.919846223410362378e+06,2.195571690706271320e-07
-5.712811074747686790e-02,7.439691342051095329e+06,4.017046049242204987e-05
-1.458501839976769198e-03,4.660401386215597158e+05,1.027443286453094739e-10
7.747785976611655349e-03,3.493265488428901415e+06,1.628979683247581200e-07
-1.040944146341430320e-03,3.434039729455242632e+05,2.841598637117285936e-11
-3.512238690902674473e-03,2.827328686999943573e+06,2.192895293579685037e-08
-4.598487525064268860e-02,4.289748434334262274e+06,8.653482597044639171e-06
3.417484831199382039e-03,1.956306496055203024e+06,9.939950822480917028e-09
9.336370863899033645e-02,6.621167314338156721e+05,8.498114234393365456e-07
6.095093527350127320e-03,5.402341311024868628e+05,2.411137825279505300e-09
1.743668092993146818e-02,1.001939267352179595e+05,6.787466305577006157e-10
4.835557722851048859e-03,1.967643443578476785e+06,2.013182747088642955e-08
-3.553138289837477325e-03,1.317707443137424067e+06,4.874829944368146789e-09
-9.599066376923727495e-02,1.928199860927061643e+06,7.618322169685850864e-06
-1.645674538845117362e-03,3.099930318312028889e+06,5.787473477730462759e-09
-3.857647412846431159e-03,4.632653398445031489e+05,7.102347700352208206e-10
4.823054947519064307e-03,1.015588055840876652e+06,5.335521067680007990e-09
4.846238816039850211e-02,3.671108435700869886e+05,7.038843340144688834e-08
9.942101164787183962e-03,1.023590417124499800e+06,2.303064118416203337e-08
-1.420087977361273943e-02,9.071805174786420539e+05,3.690754698989982019e-08
4.242192326058644158e-03,1.285176479545019829e+05,6.610030997125643770e-11
-2.999786660890977133e-02,1.010001136464704032e+05,2.041369936861556913e-09
-1.333869623105748102e-03,2.211569841034901619e+05,1.935197671319444864e-11
-7.820403335834173048e-03,3.008163588128208183e+06,1.230717724608879629e-07
-2.674273722415843393e-02,1.440260425106990151e+05,3.299066116810870854e-09
4.334347853825593067e-02,1.541151944198069861e+06,9.922833244623498402e-07
6.042782173983981750e-03,1.078646441679245094e+06,9.447771031403879950e-09
-4.556580323174289765e-02,6.749642198205289431e+06,2.103472380201703565e-05
-3.336987617850897120e-02,8.458644138958991971e+05,1.771772470435204948e-07
-2.302251643702655365e-02,1.766942242718713533e+05,3.679997648934449287e-09
-5.009045184047072018e-03,1.114602412825439591e+06,6.931817285774514393e-09
-1.378961411253516430e-03,8.396806602649413049e+06,2.981465427438028408e-08
-4.195252399746456085e-02,4.053313426013739663e+05,6.430338184622881769e-08
-1.049682449627657504e-03,1.642821874338214984e+06,6.612932294479411215e-10
7.923175180943512960e-03,3.488247163430583314e+05,1.698674887873988409e-09
-2.143569943899374317e-02,2.489814442358142987e+05,6.334415278622645220e-09
-2.202037895576112406e-03,5.140629824901167885e+05,2.849571056141752394e-10
2.155595358697736871e-02,2.011307860134789487e+06,4.180120793164374734e-07
7.122400137120541569e-03,6.178375724567362107e+06,4.306243848422807171e-07
-1.084602906245331431e-03,3.125921189090900123e+06,2.556199978450588801e-09
-9.223294569507991050e-03,4.232053587070824578e+05,3.388220963541559571e-09
-2.538430950660633401e-02,3.217244922483406961e+06,1.483188015386193960e-06
-7.225638039691673065e-03,8.465210995417229133e+05,8.320036466449464467e-09
-3.212167047180194968e-02,4.104191511855176650e+06,3.864993172886804169e-06
-1.128232164495835375e-02,2.051469492928947322e+06,1.191308745735712613e-07
5.939682375678780567e-03,2.432743049258904997e+06,4.643186998651621491e-08
-1.994415443426075622e-03,2.643540191167914891e+05,6.181592075563008068e-11
-2.057336802186724052e-03,2.544964874438634433e+05,6.096374327282109516e-11
1.228606568851355225e-02,1.163253659790889826e+06,4.542257718821221310e-08
-2.128987416371792233e-03,1.089316167753216578e+06,1.196055516702791493e-09
1.352450663147559094e-02,1.625547211116511608e+06,1.074828781886318595e-07
4.649329305599440160e-02,3.061883428181511350e+06,4.506663902342497887e-06
-3.534705992593622711e-03,3.329053856320522027e+05,3.079253792767642849e-10
-3.867820992860058170e-03,5.786277971466246527e+05,1.113854770978766408e-09
-9.945746720796209972e-02,6.529742340397214517e+06,9.379164009555793495e-05
-8.785398199601205174e-03,2.351486827630495187e+06,9.490853125348583176e-08
-3.736813034621838236e-03,1.061889575797666039e+05,3.501536871344437745e-11
-6.576071696597990401e-02,4.736418036119897850e+06,2.157398547399158649e-05
-4.903604519457870764e-02,5.377423461853134213e+05,1.546238914894874730e-07
4.049181294327810175e-03,1.403908115259698243e+05,7.186361553823199804e-11
-1.351930710845695993e-02,2.397837762659437431e+05,2.336930027098934121e-09
2.793714539961700445e-03,1.125725635798679432e+05,2.199512422805894995e-11
3.867539309078731492e-03,3.515536788440579548e+06,4.111024049907173900e-08
2.070556222530083035e-02,1.141196020914627734e+05,1.241628872499175171e-09
-5.692043911086182122e-03,1.224911296083190828e+05,1.081043110753506164e-10
4.389475918703242274e-02,3.241710204165276955e+05,4.502678806555164359e-08
4.423128278249961742e-02,1.177559848564524204e+06,6.032846819383397368e-07
-1.900812219511028786e-02,5.347604405328946887e+05,2.297704769169664011e-08
4.896524739303028707e-03,2.736277327324224170e+06,3.992026177612573799e-08
-2.994272774887952494e-03,2.735224552021536510e+05,1.491646611419661659e-10
-6.582206077319305293e-02,1.043151600951934815e+05,1.048419424420703215e-08
1.906531294119445967e-03,3.845799750903300010e+05,1.195524445909467530e-10
-2.326540420708188978e-02,2.234759948330480140e+06,6.011463486423714108e-07
-7.726747273149278325e-03,9.024820271097518504e+06,1.081353745898280304e-06
6.779361148568018372e-03,2.759521045025055064e+05,7.782913645282666396e-10
-2.165473144436106528e-03,3.189744840679494664e+06,1.060998431816156959e-08
6.663634298378987193e-03,4.730680139775744756e+05,2.209870017125979601e-09
-2.273734921762678683e-03,9.208314987012043130e+05,9.748487699273368361e-10
-1.475438705484166668e-02,1.082012748744254000e+06,5.667667325766598347e-08
-4.067848740089174270e-02,4.448149265380396391e+05,7.280908050003553687e-08
-2.308650391037360677e-03,2.406463917756673472e+05,6.863921384242642974e-11
-3.294546840002896687e-02,3.178291479696690571e+06,2.438237861242042018e-06
-2.826619400690754715e-03,1.467896339341768471e+05,3.828447502715886063e-11
4.806349308459698100e-02,1.210970184735602001e+06,7.533465656300630089e-07
1.130339669797512762e-03,7.922204731875737198e+06,1.783229799257243376e-08
7.945457542690999297e-03,8.597572614443421364e+06,1.037735749330869716e-06
-6.067564414389002396e-03,3.747022410891554900e+05,1.149472598500153594e-09
2.534911272919486425e-03,7.876141312690250343e+05,8.864408778542373284e-10
8.055546080158808298e-02,1.888770506926613743e+05,5.148083807694458958e-08
-3.768600444673490119e-02,6.957653669708961621e+06,1.528913990756385532e-05
7.643993259336807899e-02,2.497583812446554075e+05,8.105465903145336481e-08
-3.189937353244715751e-02,2.008243955837500398e+05,9.126294850839865244e-09
-2.641732572558494474e-03,4.381039517418556497e+05,2.978717341495976370e-10
-2.457850714627347541e-02,7.996749707595100626e+05,8.590832648376901957e-08
-6.304525310271060640e-03,7.234579336108288262e+05,4.626244724278648253e-09
2.515065609352522963e-02,3.583392320109984837e+06,1.806278053437429072e-06
1.456995030379213026e-03,1.328731536341274914e+05,8.334659784249835141e-12
4.115097185765211746e-02,6.381129780006442452e+05,1.533389898969902960e-07
-1.477714994566240326e-03,1.993789792182011530e+06,1.930355721633059155e-09
-5.034220281766198929e-02,3.775605614530100138e+05,8.034057339115387665e-08
-4.968540701480527767e-03,2.615477903001437662e+05,3.755407459710573451e-10
-2.888919226661277803e-02,2.596365565798465163e+06,1.251122200239996868e-06
-3.378303707971886533e-02,1.113383217909677653e+06,3.146182941355881105e-07
-6.956862220743315409e-03,1.183155866599712521e+06,1.506634743289545983e-08
-6.051077512155096649e-02,1.228771289931007195e+05,1.229432795561232145e-08
-5.126431480479056585e-02,8.652858099363854155e+06,4.375691827744578115e-05
-4.551383952440600338e-03,4.123703729914447293e+06,7.833558832596521954e-08
1.819758697803054801e-03,1.519639324560359586e+06,1.700614607622470794e-09
-1.457056140830938380e-02,1.472347010805376573e+06,1.023458364208925734e-07
3.602804812398685032e-03,3.561061835639436613e+05,3.660477560125690763e-10
5.909097484375039518e-03,2.018211485177331488e+05,3.162808567880850020e-10
-2.562636284755726024e-03,4.375102865033068811e+05,2.795424257260138346e-10
-2.713053348074645054e-03,1.461706289434598584e+05,3.497310155304238824e-11
-1.181042575671343436e-02,3.141877519417253789e+06,3.062011799315461005e-07
-1.510300791734160708e-02,2.014118386872907286e+05,2.057757242541662818e-09
-3.113868457228801193e-02,6.850843747168679722e+06,1.012012553085766571e-05
9.788891014094240617e-03,1.454282696234362666e+06,4.506733842923751054e-08
-1.023376525393862244e-02,2.133943661505037453e+06,1.060557087772429710e-07
9.850077100672363639e-02,9.582980023051507305e+05,1.981425171894444910e-06
-1.114340372104885048e-02,6.089759328239460476e+06,1.024078478674846747e-06
-1.480834586779799979e-03,2.893847302618332207e+06,4.083772796768869485e-09
-8.562039807453719620e-02,4.787764624529358116e+05,3.736950273745524941e-07
-9.899467722150603888e-02,7.182039957225276157e+06,1.124130088607236606e-04
1.932355928327696148e-03,1.381477522742915899e+05,1.584744103533234934e-11
3.402127131307704916e-02,4.305479690676926984e+05,4.771351560047234402e-08
9.197711365313476772e-02,9.008256609074059874e+06,1.526645852069000023e-04
-1.997896062516184811e-03,2.389022916621327400e+06,5.066215553612687062e-09
2.657053907659371206e-03,5.331395510035041953e+05,4.462515993881515386e-10
-6.015012289145571511e-02,5.278990584499548422e+05,2.242188202994412741e-07
1.542390615417773767e-02,4.945421507029446773e+06,1.293875904369365718e-06
-2.372278163612599831e-03,5.457096248275153339e+06,3.726933985742831124e-08
4.001381966283024810e-02,8.396183485148252919e+06,2.510042720366267364e-05
-5.627249581420076113e-03,5.576436369651558809e+06,2.189793224133856105e-07
-1.339045690547893902e-03,5.986901394699432421e+05,1.429197518193912863e-10
2.677472612062552736e-03,1.715877490130146500e+06,4.693749181673605082e-09
1.351876359981351097e-02,2.123638930020598636e+05,1.832873761410722723e-09
4.357173348249405651e-03,1.899437434074522695e+06,1.523199937173530148e-08
-2.686376957815004088e-02,2.359450882948786486e+06,8.934145887122372598e-07
-4.689915942809994368e-03,2.085807495960795786e+06,2.128020543095633637e-08
1.386931328006676956e-02,7.051901083417508053e+05,2.127255182708590743e-08
-1.317525100557300497e-03,2.048374482701860601e+06,1.619696934574393443e-09
7.349138975656678563e-02,6.425552447882463457e+05,4.958965838014562016e-07
-1.855805999116848367e-03,3.317843229194380110e+05,8.430903567913117658e-11
-2.810096788820004229e-02,1.236264271042380860e+05,2.683875981827361419e-09
5.119854812629766501e-03,1.121095901239870815e+06,7.326525595253275520e-09
-4.246347026795432335e-03,3.118265543337505311e+06,3.899010537331409886e-08
-2.039599596988941541e-02,4.224401840469213203e+06,1.650887699873234534e-06
4.004892713664782999e-02,3.803372803996451665e+06,5.159609297450468917e-06
9.834693878495464128e-03,4.182762175558609306e+05,3.763095909477400670e-09
-2.484304883028751361e-03,9.039163373082978651e+06,1.121407633923504509e-07
-4.013307520544691365e-02,9.188811192993310979e+05,3.024271551843536425e-07
1.148429319662011734e-02,2.788192837868703995e+06,2.280086946482502912e-07
-3.340804374159719002e-03,8.182874254346206784e+06,1.661923759198636928e-07
8.104435089491872357e-03,3.031283391955452971e+06,1.342133841461326408e-07
-1.025225289776923862e-03,8.092474146295917220e+06,1.530729714960662329e-08
-2.070080030737795479e-02,3.983544719791223295e+06,1.512205858557271628e-06
-1.528731563344726610e-02,2.408074449713325594e+06,3.013696646653811765e-07
-3.104431269499980522e-02,1.187446111259372672e+06,3.021963176995424089e-07
1.222542980992835648e-03,3.001311363880826160e+06,2.993971272029408041e-09
1.631251910401081574e-03,3.327620730423080386e+05,6.552498941983575386e-11
8.423636951166406373e-02,2.656261439291129936e+05,1.113366546632399418e-07
-6.827509685688137875e-02,9.751408567740715807e+05,9.857268954426210760e-07
6.825239191549797163e-03,9.461538395719433203e+06,9.273774138593180178e-07
-1.799435086624509919e-02,1.448080599616907712e+05,1.509924005145575772e-09
2.328795193293636823e-02,1.719992173048773548e+05,3.567900905394634483e-09
1.591244455517114645e-02,3.870291744186080759e+05,8.434482945803961449e-09
-5.617278086072685292e-03,3.059805853840371594e+06,6.569568442925226308e-08
-1.382247943282113693e-02,5.164762580814027227e+06,1.133365216275885884e-06
4.196907940337332721e-02,7.722894124564649537e+06,2.336233776585942463e-05
-6.466902854603178222e-03,2.657544466135402676e+06,6.568270113110465350e-08
-7.629814646164249925e-02,4.797080260433536605e+05,2.979059622543926496e-07
1.689849040478294540e-03,1.557010239475705603e+05,1.539486931994683465e-11
-8.196664416384681282e-03,3.890481052096401108e+05,2.261404067995283327e-09
2.066658495499346278e-03,2.450991116490061861e+06,5.705821224615286184e-09
3.987711878568921120e-02,7.402298233011791483e+06,1.937661684158552646e-05
1.301555817250579956e-02,9.726444452627114952e+05,3.563945608854412474e-08
5.860489637965008054e-03,8.155151156362813897e+06,5.079594982734917806e-07
-3.492816287608770109e-02,4.918227554148634081e+05,6.562449506034694322e-08
5.753830696911429315e-02,1.276932666332524270e+06,1.200459195392228435e-06
2.207071721118840715e-02,4.516207408765808679e+06,2.209418065498542168e-06
8.194592383031266969e-03,3.206209431715786341e+05,1.535096694594191255e-09
3.591405001568463446e-03,4.089734279484697618e+05,4.797513441083255807e-10
-3.693364370210511921e-02,6.877980247928100871e+05,1.435038026973841777e-07
3.086248590525838068e-03,8.255464346186722396e+05,1.443584039902361150e-09
-9.034075597316668094e-02,2.197761371230551449e+05,8.766490427025083186e-08
-6.079123577763653405e-03,7.885397559347591596e+05,5.110064507468422485e-09
-1.014458000022720567e-02,1.081175811401244951e+06,2.675210959636832188e-08
-5.423131392119248662e-02,1.008076251839527977e+06,6.646366279652175961e-07
1.997232808752401247e-03,1.824326585790847195e+06,2.952295387618345359e-09
-2.759174358759590787e-02,3.862914545643769670e+05,2.526304776466187277e-08
-2.624460372046285607e-03,1.142007089106951840e+06,1.997629253516780322e-09
9.790666407823748682e-03,9.151384486619388917e+05,1.785234871967636721e-08
1.419036061616255236e-02,1.537115880078453338e+06,1.058028420030195736e-07
-1.841065041613866929e-02,4.473855220425351290e+05,1.508687753762478036e-08
4.933578092985977520e-03,1.142349772017760697e+05,7.063492090340428746e-11
-1.802096284744609742e-02,8.020337474913350306e+05,4.645564758120599595e-08
1.239176914262627013e-03,2.563517761912566144e+06,2.244070725116753142e-09
-6.801513347380751251e-02,2.806107118282125448e+05,8.100593715414820477e-08
3.378306517610209225e-02,5.320655580960278166e+05,7.184981370114852374e-08
5.367512846934417020e-02,2.256435541103533935e+06,3.262040126427529226e-06
1.986890865120956046e-03,6.302742931160602719e+06,3.487421692507542089e-08
-2.132122372969770530e-02,2.382328863879168872e+06,5.737529485777277280e-07
5.027026541908533215e-03,5.187177274302702397e+06,1.512104437571668620e-07
-6.979305212204793551e-03,2.677794233580958098e+05,7.767406538148865179e-10
-2.079735107388166592e-03,1.336768133283214644e+06,1.718800473670848809e-09
1.238033592145984171e-02,4.719809801516690641e+05,7.592959854226158562e-09
-3.526771901982301075e-03,1.481140224630032026e+05,6.067982895109555927e-11
-1.774851782035169294e-03,9.677276010216098512e+05,6.560360246766000037e-10
3.089466691787865187e-03,3.159505866577519337e+05,2.118861731976043354e-10
3.491679019883162961e-03,1.632671683275347576e+06,7.227092250497293957e-09
-2.558326022194466840e-03,1.934761053000394022e+06,5.448333706175738605e-09
7.080235908567377411e-03,1.855859236962306895e+05,3.839571618250843243e-10
1.021274531837077816e-03,9.200128049713688670e+05,1.963224648584007105e-10
-2.804933341497005492e-03,1.929209422008321155e+06,6.511800529723217380e-09
-2.031685037218839210e-02,8.406656615545395762e+05,6.487190200124541836e-08
-5.855785976141143767e-02,3.635659236000765115e+06,1.007938380307616119e-05
9.230544795139637715e-02,8.381058724791905843e+06,1.330913058894223294e-04
-8.092667327729829996e-02,1.174693819448860595e+06,2.009694267348011174e-06
1.671061478167559441e-02,1.691024336381932721e+06,1.775749993476412441e-07
-3.492525318150288462e-03,6.999489183329421794e+05,1.328951311768073837e-09
4.967126674085928922e-02,9.079292422085368307e+05,4.522845262655769939e-07
4.619883739469875066e-03,3.332040248996988521e+05,5.269626339230174190e-10
3.421368054818351573e-02,2.292105408791876107e+05,1.367621799190193606e-08
3.368597489736528672e-02,3.615825832677027676e+06,3.299214088972373885e-06
4.457629889371672594e-02,8.775708093613017118e+05,3.403059964939827745e-07
1.599373384452387964e-03,1.306806744514843595e+05,9.714483479488435897e-12
-4.759522259613384321e-02,5.603047301543916576e+06,1.581512222956117251e-05
1.309689499158147273e-02,3.599252421603708994e+06,4.941497186293319245e-07
-1.782329672775331136e-03,1.042475612805416225e+06,7.677240284686020416e-10
-1.826800626307335806e-03,1.559069728769657668e+05,1.803892416025789022e-11
-3.093852649753344244e-02,1.914279801203364041e+06,7.800228692118130795e-07
-6.884394703212982046e-03,1.984848486430002376e+06,4.152250011691131896e-08
-3.661802087093516886e-03,7.142157986279822886e+06,1.521058409641302768e-07
-4.112458995773531772e-02,1.284078008903856098e+05,6.201306952803627586e-09
-8.508034295123468455e-03,1.378677687795222155e+05,3.059716640231193963e-10
2.899160067410555194e-02,1.514353498664149316e+06,4.286434278026307880e-07
-1.104368807522666677e-03,1.414565536867280607e+05,5.427147937505065243e-12
-2.766970001376318003e-02,1.355170716208499856e+06,3.126757273318801902e-07
-1.068978927436874636e-03,2.348409448750088632e+05,1.401467971108148870e-11
4.380721509777840347e-03,3.481676853211091366e+05,5.173273763285691118e-10
-1.213520560582074560e-02,1.461697406872000429e+05,6.996913120662312377e-10
8.341444212964047034e-02,1.648495806062319607e+05,4.204897782174423348e-08
7.312743860029487231e-02,6.267347859052204527e+06,4.671168941064981133e-05
1.210680772847555053e-03,2.863305028630988672e+06,2.672340374125280917e-09
7.541291044475365024e-02,2.138750238367599959e+05,5.785072372937689522e-08
2.296346574619874577e-03,1.480549312472192571e+06,2.570501567191105498e-09
-3.019747866000936469e-03,1.435675078852482373e+06,4.179756098072536044e-09
-8.260318142569823829e-02,4.923781019035623758e+05,3.678648215071897545e-07
-8.572573559745558930e-03,1.154464269114946947e+06,2.178114384924692351e-08
4.604302621948413131e-03,1.777065447680881945e+06,1.488784424521428686e-08
7.125451040534271085e-02,1.379728627612815180e+05,2.149360790825230403e-08
-7.397298693522551087e-03,4.445702359907139326e+05,2.405051207789781154e-09
5.470205808251499269e-02,6.339307550192005932e+06,2.674165164608409878e-05
5.687402170647070515e-02,7.488371468510266859e+05,4.033665578844708994e-07
1.051857696352277933e-03,2.116815894621266518e+06,1.102496969065529734e-09
2.260439556542089262e-03,4.164624831223025452e+06,1.970764888578443375e-08
-5.638091868482590988e-03,3.672955281687258976e+05,9.536583777732200857e-10
-1.168547751353486187e-03,6.545654130562049337e+06,1.301056886802846155e-08
-3.543745676071298825e-03,2.611033240992217325e+06,1.903913199890367302e-08
-8.321856312732459071e-02,9.252284188612344442e+05,1.318364815373528299e-06
-3.541004041685217284e-03,7.629279008987536654e+05,1.622994659592748248e-09
-2.675454335060817052e-03,4.823818645353325992e+05,3.704028160130657367e-10
-7.720689501865577939e-03,1.800403129884137306e+06,4.296837633614954361e-08
3.806026993948852244e-02,2.348697660681846552e+06,1.777031839645960321e-06
-1.517687450131215273e-03,4.423566741183324717e+06,1.002321634932859086e-08
7.824498586088485252e-02,1.128405790918972809e+06,1.733568056340023345e-06
-1.945804612292240110e-03,2.352791272681512404e+06,4.660821907250861583e-09
-5.485815702879477673e-02,8.136671619758415967e+06,4.430709284101599059e-05
2.206814530398528568e-03,1.962267665348853043e+05,4.170089875768611605e-11
8.766125270877281328e-02,1.624241477888231748e+05,4.508310185630576421e-08
-1.149452398847135900e-03,1.215153274994145380e+06,4.338517522598177759e-10
-9.030601644498838926e-03,1.852213226203648373e+05,6.221750381063134485e-10
2.615679761290579455e-02,1.694572040286473930e+06,4.369044493795503749e-07
-2.473533733676616664e-02,9.316351304394481704e+06,1.180931315115496691e-05
3.549727141264127049e-03,6.324641607081029797e+05,1.120879778934215637e-09
2.272642126125058813e-03,1.256163723032561684e+05,1.812390804447866973e-11
-2.826333483791222245e-03,2.072870708365567552e+05,7.632880919415426990e-11
9.657624853914694232e-03,1.145018489446742693e+06,2.719336252910168844e-08
-6.376570181162153662e-03,1.217627744971268810e+06,1.340604303483357802e-08
-1.407357128727265965e-03,2.524409290441934019e+06,2.806890203285663627e-09
1.768933724223940678e-03,1.592642845710353926e+06,1.765050615835551649e-09
6.616468495518729176e-02,2.185599761687734630e+06,4.650407578136781149e-06
-8.752511247030849914e-03,1.830230778906393389e+05,5.706559038081074210e-10
-7.316393900602952138e-02,8.496191146958232857e+05,8.592903956891440642e-07
7.445597157379878206e-02,8.830806498792335624e+05,9.613843715006756400e-07
8.336649117836358522e-03,2.081228373623015359e+05,6.694525069285318847e-10
-2.158953077820251025e-03,5.463723576353824465e+05,3.094290585719000064e-10
-2.659945300674546736e-02,1.399070232586276252e+05,3.079794187455642504e-09
3.817378407619975017e-02,6.888352183724497445e+05,1.537653080249386680e-07
1.819095118806541428e-02,5.472019191926475614e+06,2.203450463025108319e-06
2.090235247659294124e-02,8.338714562921077013e+05,6.755940258508555201e-08
-1.149188862825296226e-03,4.270371137713834178e+05,5.355639176175335112e-11
3.580486961402928967e-03,4.234660012658106862e+05,5.112325995389715093e-10
2.019433649934057259e-03,3.821890084495949559e+05,1.324685594252855393e-10
-5.731215469500208250e-03,3.238405472271568608e+06,7.660430428491888771e-08
-2.493857311445322588e-03,4.200734847989190603e+05,2.440568446828555826e-10
-2.107367668823410031e-03,6.469900078043750254e+05,4.134024280007211670e-10
2.330842471120311149e-02,1.844382884350638778e+05,4.109843296759069720e-09
-8.634817717979642593e-02,4.862927384113040753e+05,3.921020992695605737e-07
3.270867171355240546e-03,7.102158418713434599e+06,1.200062257063124702e-07
2.487207263030822083e-02,1.115961915758475807e+05,1.713246891483297642e-09
-1.131012281803492510e-02,7.333761839857363375e+05,1.529979096418698797e-08
1.132247674508000956e-03,1.664508011629216780e+05,7.898632446821933757e-12
-2.897485856991966965e-03,7.539842611329602078e+06,1.061364263887781322e-07
-6.467861735872872109e-02,5.087292983822180890e+06,2.407643631943125298e-05
3.028063704663531194e-03,6.912345067032773979e+06,9.742672099393337457e-08
4.334759465710427695e-02,8.260050449245187920e+05,2.850970066031257573e-07
-1.834685524678541678e-03,5.825673717856979929e+06,2.540462764113282841e-08
-3.212905100338284831e-02,2.147585353061271599e+05,1.058751193980899193e-08
2.003110067533485968e-03,9.983974267369499430e+06,8.894341164684130243e-08
2.782255923561120434e-02,1.871171580186067149e+06,6.027241973700428248e-07
1.078964951958726005e-03,4.600465884997412795e+05,5.479179836074771108e-11
-4.440670954675608739e-02,7.959755141823843587e+05,2.778394142812407170e-07
-4.343033610984902912e-03,5.568344971799945459e+06,1.300576484278628438e-07
-3.689201315811953263e-02,2.160651850341412704e+06,1.412965467661694992e-06
-2.974599378379478090e-02,4.357364951823273674e+06,3.735958883578350631e-06
-9.027028103846271301e-03,5.655915465698297136e+06,5.796857962338845056e-07
1.565335209802733510e-02,9.120017962206235388e+05,4.532140304519888780e-08
-1.876734044929365911e-03,5.042081545713840984e+06,1.991234672255625204e-08
9.248733977803468703e-03,1.174473440131097741e+05,2.623905720625463366e-10
-1.984103908353483658e-03,3.412346742505740374e+06,1.019371262467234048e-08
3.118187234790814957e-03,8.079319952708961209e+05,1.411403673373933562e-09
1.109115385883624677e-03,2.516778719229253766e+05,1.732769426785494079e-11
-8.654036272212849851e-03,8.806743557085715234e+06,1.291711046111576156e-06
1.348352455657841377e-02,7.253656645906309132e+05,2.127247881867612085e-08
1.163735086347692394e-03,1.664610256181798875e+06,8.345082596997169452e-10
7.732883382044854204e-02,6.344661299138166942e+06,5.352997710573208825e-05
-4.707738216847954030e-03,2.935199115137094632e+05,4.246166270820274957e-10
1.730048101555134834e-03,5.437968364412399242e+05,1.968280366589813554e-10
-4.797915010116317325e-02,5.469250161004901165e+05,1.531291699160301850e-07
-1.275393255950960179e-03,2.858556798031499493e+05,2.955827834900125272e-11
-1.541683142632828581e-03,1.337980035642615985e+06,9.462083241429691962e-10
1.931509888410284665e-03,2.019034909302663291e+05,3.382040299507012560e-11
5.459123084442646205e-03,8.034396715805616695e+05,4.278086557884873985e-09
4.336525656265205302e-03,6.739623811369160190e+06,1.899557318653219907e-07
-3.904802995303466133e-03,6.228486616179703269e+05,1.315408298051040453e-09
1.640052879531001765e-03,1.407117158302557655e+05,1.184332017497625508e-11
-2.983940870690922603e-03,2.347443614098327525e+05,1.091108690696659034e-10
-3.512134146350380515e-02,1.270202370748837944e+06,4.425733709122260762e-07
1.138696251824327689e-03,1.954577786217074317e+05,1.101587375467419462e-11
-2.105613734479986482e-03,4.912776692452867283e+05,2.379626013833963726e-10
3.308626319822910444e-02,2.060751496690485510e+05,1.033817641220674365e-08
-1.627152718324895858e-02,7.794697808864649851e+05,3.577275994370062675e-08
2.192122236283985948e-02,3.131411674291075906e+05,1.047869303156164584e-08
2.988255676040530839e-03,6.020928056485750712e+05,7.198792118063863678e-10
1.677856642553851238e-02,5.160146869205186376e+05,1.666982648337680867e-08
1.330489222113853155e-02,2.384461124284574180e+05,2.238208107207623463e-09
1.219926318868414829e-03,5.798781700204869267e+05,1.112853437824244329e-10
2.629013962520184225e-02,9.441462974671100965e+05,1.370129523101328240e-07
2.610313300030651755e-03,1.148831187805327791e+05,1.999838647258075072e-11
2.200898378080067344e-02,5.005902284529040568e+06,2.699367203549994244e-06
4.930687965444365689e-02,2.422868600842067099e+05,3.173744876767532918e-08
1.197221914243099461e-03,5.261672046751452610e+06,8.824581471141003709e-09
-1.183494406974426767e-02,5.648347150992406532e+05,9.937392233499505409e-09
-2.495216889875815497e-02,4.959813333041889593e+06,3.405999006043818364e-06
-8.061197243537925050e-02,2.280592429263279773e+06,7.516085338883493363e-06
1.150521216286697589e-03,1.281924486525167711e+06,4.837393318577732508e-10
2.813935907768367467e-02,2.221346224391671363e+06,8.688767202007178991e-07
9.791395337043002495e-03,3.706523981262616348e+06,2.929004582681249999e-07
1.094827529103945332e-02,1.243730978615772212e+06,4.123268082352980122e-08
4.207781508505115467e-03,2.938063178490411956e+05,3.398802059487061129e-10
-3.826311832244206484e-03,1.515023112808614969e+05,7.473025922638745355e-11
-1.753119047111849826e-03,3.397067747411193559e+05,7.887302237561352129e-11
3.802171200022204378e-02,8.288145932641165331e+06,2.208387930047805639e-05
1.102409817357408346e-02,7.640696083810523851e+05,1.577790169466268079e-08
3.253505612928993436e-03,3.335367953260014765e+06,2.618712820873887466e-08
-4.353869809281296285e-03,2.129192130341906566e+06,1.911075443902716480e-08
6.666352807819719492e-03,9.007882305074261501e+06,8.018982128301770708e-07
2.435125107332642563e-02,4.384923758205174236e+05,2.535501668356584501e-08
-5.466932076552476032e-03,7.677423829735043691e+05,3.917559843507744148e-09
6.510035773012462501e-02,6.182400695575593039e+06,3.602286903046199377e-05
9.113022186092513063e-03,7.719323891369570047e+06,1.100476145497999532e-06
-3.484734280439322207e-02,8.504635905675943941e+05,1.953205943433905338e-07
9.515667682396242166e-03,9.522088872837157920e+06,1.825745525656753368e-06
-2.521447166987142441e-03,4.879173778195799096e+05,3.365809783403416778e-10
1.486558273481863044e-03,1.204797625288493582e+05,7.133281006767587316e-12
-2.676541113798254837e-03,1.136911785164327128e+06,2.059200452584263837e-09
-1.007697409087176220e-02,1.208024599179595971e+05,3.295407231004267226e-10
-8.225158964133515160e-02,9.673690695905854926e+06,1.407894930877856326e-04
1.315266511529127914e-03,5.894419013951024972e+06,1.336616400775711090e-08
1.388755698255974592e-02,6.631863427005076082e+05,1.886340574493729172e-08
-1.040701060488004792e-03,1.887083801705250225e+05,8.576925114460146121e-12
-6.092432894911908176e-02,8.468559853197138757e+06,5.919675244992650436e-05
-6.229843764920328132e-03,6.672618714132341556e+05,3.842768123729105003e-09
-4.756528163293667968e-03,1.195964023117721954e+05,7.196372353609156735e-11
9.954546652363957873e-03,3.867437284611184732e+05,3.295996809531730004e-09
1.846404105220105256e-03,1.727746788536384469e+06,2.263137565202467254e-09
5.983378938460036378e-02,8.887273300333953230e+05,6.288214370636191228e-07
1.491148370713432690e-03,1.006628741185569903e+06,5.010460232250319292e-10
4.312137214471704200e-02,1.234634234702786343e+05,6.303170060544017373e-09
1.205816122460345646e-03,6.300167052516478114e+06,1.283404487555799781e-08
1.366166837631004917e-02,6.722408453882673057e+05,1.875661749816718214e-08
3.999463009140047376e-02,2.763600455278703594e+05,2.716759099482920876e-08
-2.494602117362241297e-03,1.182893485541537666e+05,1.936382298346147190e-11
7.182535059237545039e-02,1.681576930080743041e+06,3.244040299579579703e-06
1.492339045805135588e-03,1.288683845394568052e+05,8.224793887258479778e-12
-6.672941447647934288e-03,2.095300316982569639e+05,4.347348297934605141e-10
4.337699699081696419e-02,2.236557871410951484e+06,2.093035022314984344e-06
2.157677823766681116e-02,2.755563842093802057e+06,7.861246262823741559e-07
-1.438127394873193847e-02,7.992279959997922415e+05,2.937875216262782605e-08
-7.115726052307874347e-03,2.770569304289572756e+05,8.643183367639377334e-10
2.130407521034082333e-02,1.045812993759467790e+05,1.103902433307265116e-09
-8.726046382957514114e-02,6.481007596390758408e+05,7.112419201190048317e-07
2.228125317854267717e-03,1.082922134317269229e+05,1.294705337902919896e-11
1.537540488986281068e-02,5.951362278452649480e+05,1.862014886186496880e-08
5.396648465027728547e-03,7.388396699341561645e+06,3.535459936865144955e-07
3.915868209308041858e-02,5.373070627804404357e+05,9.844609253008095726e-08
2.489989611767110672e-03,3.141030620569476741e+05,1.360306149243001209e-10
-1.695046786782160005e-03,4.117425082957035862e+06,1.083208458116452122e-08
1.289140986331661996e-03,2.165930941856938414e+06,1.733753274536405327e-09
-9.875627833160679006e-03,8.148707538225748576e+06,1.440138107924830851e-06
1.843522750946162674e-03,6.258547719721395988e+05,2.960338611228316005e-10
1.542116166384899928e-02,6.442076399762305664e+05,2.194740473292765099e-08
-4.641942329953295185e-03,1.957284875812934188e+05,1.835713121647687174e-10
-1.940974857558425137e-02,6.250492242820678512e+05,3.273147006224137196e-08
1.548899822349644913e-02,1.459939136245282600e+06,1.137138626371613678e-07
4.103303017526520151e-03,1.986388302902685245e+05,1.477381743486928345e-10
-3.681487074704031370e-03,1.292368182130232919e+06,5.034036093380628303e-09
-6.050955757533635869e-03,1.856270219973606581e+05,2.805611934663362233e-10
-1.848713308090079582e-02,6.007116170194438891e+05,2.742637735189309273e-08
-5.583132630333732804e-02,5.285362763690771535e+05,1.936434188350824405e-07
1.029142270380313659e-03,1.882660399026775267e+05,8.348184881823639524e-12
1.271277292267520426e-02,1.789555127985379659e+06,1.150980571615293263e-07
-1.761399908494666296e-03,4.139047028795166407e+05,1.181990296805662269e-10
4.819706542277370914e-02,1.064334891107238829e+06,5.851875012814816498e-07
-1.033240168509093684e-02,1.058301606325338507e+05,2.659002369051634150e-10
1.355682480497651977e-02,9.538024387793647125e+06,3.718177127631174614e-06
7.602101071896513740e-02,1.619638486894739326e+06,3.371325656366784872e-06
5.540115993431508901e-03,9.471958395705434959e+05,6.123708783603050771e-09
8.387215541566208493e-03,1.202631483304511989e+06,2.262549014952196141e-08
1.499695465694764977e-03,1.376857208458139561e+06,9.481590890860914036e-10
-2.060652594837473692e-02,5.042506702637123526e+05,2.401042124038570361e-08
-1.288136254259313745e-03,1.099417776537809550e+05,4.460118187702993623e-12
1.230479168498101010e-02,3.667875190446313354e+05,4.529756743603829302e-09
-1.407799248269857133e-02,2.335271021606723370e+05,2.403550707389921840e-09
5.252735868752108142e-03,2.629207846142041963e+05,4.241487739022119037e-10
-3.223989106687784063e-03,2.489706950488408096e+06,1.432784403576498108e-08
3.464913809789567367e-02,1.643818208225707349e+05,7.214225211061098789e-09
2.088134146940115628e-03,7.482417365117298439e+06,5.428725717079956246e-08
-2.849562906731856540e-02,7.188941903714156942e+05,9.332192660857231743e-08
2.274350917072532566e-03,3.485789087614585296e+05,1.397701434736929759e-10
1.912101323022131647e-03,2.494817108958908822e+06,5.060535570546590501e-09
-4.224221936641232855e-02,1.065271150174641953e+05,4.503094248322449716e-09
-1.252249942770901348e-02,9.194689674370070919e+06,2.948176253808012826e-06
-4.676946702442760784e-02,2.903221106053958181e+06,4.099985464549540072e-06
-1.686953644114931594e-02,2.753234335642745718e+05,4.797222942679194133e-09
-8.448661419144461171e-02,2.969801816708347760e+06,1.399999884347950274e-05
-6.933908130633618938e-02,9.364304340741347522e+06,9.375716282858186611e-05
2.290798565999972725e-02,3.050736688218715717e+05,1.086126738784397506e-08
8.723100221408838784e-02,5.649915293228336377e+05,5.401605318791451389e-07
-2.248707520250487184e-03,1.273702518916878384e+06,1.824312401531877304e-09
-8.528507202088473835e-03,7.310554180063296109e+06,8.644579881057589524e-07
1.932698671593709172e-02,6.511825385679041967e+06,3.522338094088539979e-06
4.012675053591181068e-02,3.434425066743243951e+05,4.223508037441076391e-08
-1.902095510654077531e-02,1.094176345934740501e+06,9.632444943659731957e-08
1.118771955984348282e-03,1.685937540751383931e+05,7.911582402938141367e-12
2.875090043745002696e-02,1.493104150178988697e+06,4.098079292484047929e-07
-1.350060206901637682e-03,5.862210540846730582e+05,1.392920556775529924e-10
-6.588312526959378725e-03,2.561504704833171796e+06,6.333385904257349845e-08
-8.746869195484556492e-02,2.469277879174557049e+06,1.037390928689750671e-05
6.976315683605417706e-02,9.623174306514846394e+05,1.002273399366773190e-06
5.383365312385914210e-03,2.367020431679473841e+05,3.610846008653652096e-10
-2.398447053310609565e-03,7.595271695346704684e+06,7.379792480776498858e-08
9.937502729083091610e-03,2.486110860785272380e+05,1.357352833912707466e-09
-3.693873770103296532e-03,4.556964363164621755e+05,6.301045500107140862e-10
-3.663709249897454095e-03,1.921989892326801084e+06,1.102659570440732111e-08
7.654825993700942362e-03,1.915620933940576506e+05,4.781751966427808988e-10
-7.187945320843448435e-03,5.408708118295107968e+06,3.361196252046737966e-07
-2.215648911753496236e-03,3.612181080938332714e+06,1.424420336752942907e-08
-4.634692074078129199e-03,1.702998906297389651e+06,1.385376316632878612e-08
6.628161950869172064e-03,1.410661795044268249e+06,1.944147817546222190e-08
3.131715901899991689e-02,1.114168780507754302e+06,2.707471762730846784e-07
-1.010810409119238494e-03,3.738463629343048087e+05,3.175579438619269238e-11
-7.358841057214173149e-03,2.518250545694813482e+05,7.636844883171458539e-10
-2.365735105362027149e-03,9.566179123476422392e+05,1.138954819537149896e-09
2.645412069330594848e-03,5.337507491216473281e+05,4.433644902767132681e-10
1.238733495261073363e-03,1.869272859251332935e+06,1.192335331444878893e-09
-5.413023143202788483e-03,2.917162563698833692e+05,5.544958261723232854e-10
-3.426095207471065857e-02,2.888575207234533038e+06,2.178028026850931802e-06
3.025918988623285330e-02,4.626099847513607703e+06,4.357544673352164058e-06
-9.848823870998787977e-02,7.004943677840498276e+06,1.058462041162017673e-04
8.069143104263107324e-02,9.353958532913866220e+05,1.266901838499031571e-06
5.362406297957091408e-03,3.704416515860551153e+05,8.775185523194227490e-10
3.132695982235328240e-03,3.270505796788994223e+06,2.334337232914022356e-08
-7.494281877481073773e-02,6.619990358615625883e+05,5.473586833360615786e-07
-1.664524637647483638e-02,4.753850111735060811e+06,1.392414941242966837e-06
-1.235298550864581723e-03,4.792464592587422230e+05,7.793973776788577416e-11
-4.631165273965879084e-03,7.519858015224626288e+06,2.697100266286935683e-07
5.681712678819399349e-03,2.390933648276753724e+06,4.103843913038585044e-08
-9.289411085599337536e-02,1.333818182663538610e+05,3.414026452444126796e-08
1.421811905391155099e-03,1.608938324769085157e+05,1.163751722156327326e-11
-1.413577620869521309e-02,1.212350702146148542e+05,6.531201896408065728e-10
1.676719648956448080e-02,7.815306698672497878e+05,3.818653120586760819e-08
1.420553030754687432e-02,2.774451067822886165e+06,3.454349627093971776e-07
-5.137529107267846396e-02,3.664573497280650772e+05,7.882295536818212664e-08
-1.328058905757814080e-02,9.589306279841331765e+06,3.606669171585998780e-06
-5.924578202680407836e-03,1.417590158570414642e+06,1.568604665355560422e-08
5.296379503540491612e-02,8.044009352635174058e+06,4.036459289462095352e-05
-3.428017426983437973e-03,1.206272407915500225e+06,3.802542533340214335e-09
-7.522471758384867424e-02,9.290359868997521698e+06,1.086134118877134962e-04
-3.028651031169948132e-02,8.521118567760521546e+06,1.481115540115939642e-05
2.056760404814501203e-02,2.273139307553762628e+05,4.860900824499525837e-09
2.100473549059001226e-03,2.115590729449301725e+05,4.391319080820174808e-11
1.358020001942044546e-03,1.256578114619556436e+05,6.475727521363722609e-12
-3.616402366638660215e-02,2.966175297732729814e+05,2.558847285973832448e-08
7.119163603937200130e-03,9.331171040621078573e+05,9.813580689988495481e-09
1.180673124624880346e-02,1.203943588308850594e+05,4.493335864476609740e-10
8.579041776679949272e-02,3.639988956533635501e+05,2.168577502341748199e-07
-2.675110755365951287e-03,1.181518653828449897e+05,2.221579968138601338e-11
-2.124610713213445287e-02,2.926331469802208012e+05,8.596130897306627183e-09
-1.946923129943264191e-02,3.084216066873736680e+06,8.018339681232045106e-07
-5.890213873190722899e-03,3.167039300698871724e+06,7.738669233375947375e-08
1.075786794511486566e-02,2.546793589629910886e+06,1.669310651296819869e-07
2.844457132344281255e-02,1.362844191477218701e+05,3.341861535797605794e-09
-1.309414539141052396e-03,1.347429152349773503e+05,6.922507688359848625e-12
-2.113424170766011172e-03,1.891211744911766727e+05,3.552637561073080791e-11
1.226945896422275938e-03,2.642376157455883920e+06,2.337423248834516353e-09
2.365518852240202936e-03,1.056704286753755150e+05,1.389495088745021930e-11
2.896441104781071873e-03,1.774487507709026337e+06,5.874522172673814228e-09
-3.498829362231078988e-02,3.797060224128945731e+06,3.924982694785227299e-06
4.948161122607426347e-03,1.103193148803439690e+05,6.626558374433805796e-11
2.927687058257689642e-02,2.657696008019645233e+05,1.346347488462643508e-08
7.890099601665858872e-03,2.236258981193605287e+05,6.923192657922390324e-10
-4.008609249601577905e-03,1.604875634949115338e+06,9.203806221069609051e-09
-1.283943597711660611e-03,7.240578022021215409e+06,1.921921380009894096e-08
-6.827097832659737020e-02,2.926389958168176934e+06,8.876339383043618244e-06
9.524110101120086824e-02,4.784556500594951794e+05,4.617739613564709641e-07
3.433428744335965260e-02,7.329539993081478402e+06,1.408337571929332267e-05
-1.079579105566045270e-03,6.990177730328807607e+06,1.266434193311961846e-08
8.629042342938755480e-03,2.099008917706916574e+06,7.295432071835695823e-08
2.552601642348739999e-02,4.271756867160297115e+05,2.644090962067462432e-08
-2.513335856104242840e-03,1.935603619544171961e+05,5.262973166657842683e-11
1.265028800742078879e-02,7.016540584352627397e+06,1.752040576027314201e-06
-5.180704824517408380e-02,4.107015220536250272e+05,1.006763756386218585e-07
3.265346665367787476e-02,1.646195115261849947e+06,6.425670587872060949e-07
1.499103607886148430e-02,1.039698041172673227e+06,5.402254012586437675e-08
4.259844658484714282e-03,5.764399961805792525e+06,1.340889494332564037e-07
-2.661941680830174923e-03,2.085284243092944671e+05,6.852118211229847637e-11
-1.243965719646437798e-03,1.176960426058688172e+05,4.766919263623988229e-12
-2.961078116689398396e-02,1.002137933976320899e+06,1.958177173078314063e-07
-4.915705077198122275e-02,1.379204064514716389e+06,1.022176624879664304e-06
2.788646604582288840e-03,5.840865998414323665e+06,5.899819136837234703e-08
2.206515318242775747e-02,4.895771450766958878e+05,2.595095920471504411e-08
-1.585215743390694333e-03,3.470984517571888398e+06,6.732546429997129166e-09
-5.784575048933728036e-02,2.952438934649975854e+05,6.486374477416744301e-08
1.635736970643264163e-02,9.800201695270845667e+05,5.714710277039679586e-08
1.489405676019413911e-03,1.467441268344169483e+06,1.062293970582883947e-09
5.924884418590813107e-03,1.527644121150654973e+06,1.821802954155281842e-08
-5.199268477225756774e-02,3.098592317299688002e+05,5.771791280830634231e-08
-2.988708309635509236e-02,1.633886907795050065e+05,5.302837249114469875e-09
3.079913842863331655e-02,5.095301267304435023e+05,5.476639076781026747e-08
-6.148455085347956720e-03,8.893667899270277470e+06,6.649531946067533386e-07
-1.488611196113802859e-03,3.540050948266008636e+05,6.175595434697828428e-11
4.124075999650683028e-03,8.001388707999057369e+05,2.421482353183219011e-09
-1.473127437110022513e-03,2.347586901872779243e+06,2.659630120354608155e-09
6.989906184576443263e-03,5.007042579048678745e+05,2.723971211641563776e-09
5.417464820881372732e-03,2.684679070327170659e+06,4.704074642250202190e-08
-3.179250986285168772e-03,6.961733457901249640e+05,1.089385682009957575e-09
-1.982954254121373130e-03,4.594840978340487927e+06,1.846135664875029987e-08
2.265658724519408265e-02,1.571684054991939571e+06,2.819789769313602443e-07
1.170650624106703676e-03,5.401738629858227214e+05,8.892399905859154516e-11
-7.484688520561260522e-03,6.927108823086972116e+05,5.977901221235882552e-09
1.335262350344206331e-02,2.214259799095428607e+05,1.943961270902547155e-09
4.947301462395763821e-02,5.760249640727965161e+06,1.805995280584694792e-05
2.911356857534048298e-02,5.664373362699951977e+05,6.047722818350983300e-08
1.347456472384933168e-03,2.052862563571140636e+05,1.701556952926185150e-11
-6.164523466779034573e-03,9.376988385609221878e+05,7.430585350465727342e-09
2.496444723221509163e-02,3.640166239348422969e+05,1.836468967204346385e-08
-4.878987310210685692e-03,1.524896619838459592e+05,1.230941549155745727e-10
-3.760283390410799290e-03,2.708433591682186350e+06,2.306613270774581901e-08
-2.587461984677600843e-02,9.353470248340154067e+06,1.302539026505681430e-05
5.666887857172889752e-03,1.347179024821343482e+05,1.296095826190802814e-10
-1.083443204234066197e-03,1.634400296773959126e+05,6.973108378146930923e-12
-5.614881145444496763e-02,4.536252255825378932e+06,1.442689198256324454e-05
-3.178230688150467803e-02,4.839573915716538904e+05,5.261170043785867889e-08
-6.215839020490579632e-03,8.955031070517014712e+06,6.890186248330521356e-07
6.740239453780414586e-03,2.592913704122540657e+05,6.792412112302345368e-10
4.031675341718551908e-02,4.908855309150501853e+05,8.710213852857701973e-08
1.427340552313780030e-03,1.879346167557285517e+05,1.600169636443465861e-11
3.616175062862856966e-03,1.528404980420144740e+06,6.793178600283329083e-09
-6.451081159539001630e-02,4.655809833579453407e+05,2.006100695023609009e-07
-9.925323826803805760e-02,3.952368678319438361e+06,3.422169517682850659e-05
5.398860371082229992e-02,1.413765304779398022e+06,1.295555673645406881e-06
-2.722063932857407553e-02,2.769299411570657976e+05,1.263670129338862992e-08
5.305259951782384520e-02,9.194522778728868579e+05,5.291380274899645425e-07
-2.885832721997721225e-03,1.271838793458113680e+06,2.995737064904764517e-09
-3.646923173854866446e-02,1.300056325606897299e+05,4.998904236502230427e-09
7.458358569087050749e-02,3.990874755348361214e+05,1.970243780491847144e-07
-1.425181635397565700e-03,1.050914935612474364e+05,4.988532592506955983e-12
6.753387239093340544e-02,6.270675802522132872e+05,3.988129503745635971e-07
1.184247227167027194e-03,6.597027532834424637e+05,1.357308587432352709e-10
9.657608481695374725e-02,5.076378144069969654e+06,5.344958925032036777e-05
-6.196361997543532035e-02,4.995000860217190348e+05,2.130305794572978202e-07
2.492534439198779150e-03,1.277243942277235910e+06,2.253861831423651448e-09
9.797984593173034162e-02,5.000533651533807861e+05,5.338305985466136626e-07
3.039001741823882038e-02,3.583062223698453745e+05,2.636743286610150105e-08
3.754861364960710921e-03,4.863078941113566980e+05,7.414941055889490560e-10
-8.145911588697953010e-02,1.322341368685038760e+05,2.580261987863918476e-08
3.193935582567314878e-03,1.779445890730742540e+05,7.183219360485878011e-11
-3.861777673040812930e-02,1.079377799546949333e+06,3.863836562762501313e-07
-1.163052018003216245e-03,3.416803101588794962e+06,3.511845765346196676e-09
-7.590311225106359527e-02,4.139557496331712697e+06,2.195453564687425781e-05
4.609903269112946428e-02,6.881587167885689996e+05,2.237989818310191161e-07
2.315069290129696811e-02,1.796731258252895204e+06,3.847613902854788746e-07
-1.089649718104717009e-02,1.495505236466635542e+05,5.905367753611223594e-10
-5.313780495821269177e-03,9.782135949165675789e+06,6.008580164194740068e-07
2.868904553461585401e-03,3.299537916444578441e+05,1.992671442628147514e-10
-3.991451390468320898e-02,5.613315279956700979e+05,1.116343405141633007e-07
-1.965596650899927716e-02,1.575581020479196217e+06,2.132885485171573422e-07
6.465289234427926135e-02,2.792442299092528992e+05,7.248390513941165914e-08
-4.584605747110365864e-02,1.794970967306529870e+06,1.505969223085422127e-06
-1.676347580057960598e-02,9.696740248444196768e+05,5.875934126309854796e-08
-3.861345008559025072e-02,3.352035152032171376e+06,3.725560271249598951e-06
-1.684870751355251398e-02,4.083479710217986256e+06,1.052667553736819806e-06
-3.876974541828476922e-02,1.423425015905072214e+05,6.772551824831770808e-09
-4.547352042595618343e-02,1.354567021272543352e+06,8.437531378666031329e-07
-4.630506313584978675e-03,8.363689014331387589e+05,3.335415665339240076e-09
-9.639803195119722723e-02,1.162050557703840022e+05,2.790510316234241125e-08
1.992334046010143297e-03,1.389311687223879155e+06,1.703809132143362883e-09
3.682445732082203355e-02,1.069041551259288099e+06,3.446348028854855813e-07
2.371640154089867548e-03,7.266081929245971143e+06,6.603822945835952696e-08
3.673261113279706076e-03,1.784870792630454060e+06,9.559043075432496196e-09
-3.506510585415428816e-02,1.050566213604063960e+06,3.017827546755855154e-07
-3.694637224617659723e-03,2.050143581559941173e+06,1.275878765181975063e-08
-6.708504434203721271e-03,1.429736527893999883e+05,2.045788338933381798e-10
1.536622463145392338e-03,1.382484609229241731e+06,1.003580504292849951e-09
-6.938464425422691262e-02,1.788113916921636323e+06,3.423058718451360838e-06
-2.275671184821652718e-02,9.499266226327499375e+06,1.039193424384900420e-05
-3.961087296731893685e-03,7.022525851876586676e+06,1.720730161617636922e-07
-2.726422899495817981e-02,7.722163057809893042e+06,9.857382921986085307e-06
1.818772858525782334e-03,5.341697256269955542e+05,2.099001363667110547e-10
2.925631870437986684e-02,3.195330717237920035e+05,1.943427017257275284e-08
1.456532803226369063e-02,1.746667471406173427e+06,1.439322966449647506e-07
-3.159022753731705133e-03,1.437244912334726891e+06,4.584208040184763392e-09
7.231276468607807095e-03,2.804990912606525817e+05,9.149347011340847951e-10
7.603761699100401728e-02,1.275353623532629106e+06,2.091295903212236235e-06
-3.006014884991848116e-02,2.925288412309674895e+05,1.719558224517758395e-08
4.127848559683090605e-03,1.587636289646487916e+06,9.550954950147901872e-09
-9.957860297735920962e-02,1.583302348419787362e+06,5.527859810803189411e-06
2.464258684527591715e-03,3.667482235153127695e+05,1.816376522166871419e-10
-2.431391222509769745e-02,9.671078089790260419e+06,1.229579799575977300e-05
-1.763163588864204026e-03,7.585275673994957469e+05,3.977637542161351730e-10
1.048711732565643694e-03,1.464957111121552996e+06,5.248791536375958019e-10
-1.115112081587976006e-02,8.566225202648646664e+05,2.029145868403414544e-08
-8.351654194902138895e-02,3.909553232293982059e+06,2.370808741121423690e-05
2.102134936549121536e-03,2.095621965662912990e+05,4.315631103638095358e-11
-1.053734247277179382e-03,6.264154454932509921e+06,9.689120477002853951e-09
-2.677930199473031216e-03,3.755765388610017486e+06,2.249534546132993491e-08
-2.112850202002451976e-03,1.847711630732014077e+06,3.389245672556664727e-09
-4.788397703047751752e-03,7.923779717167962343e+06,3.201418610138196413e-07
3.505622579693043906e-03,2.822438956461009569e+06,2.177091494677890117e-08
-2.284934066248376760e-03,2.487628103510158544e+05,7.184813589923343874e-11
2.398626108908455661e-03,1.256811391319835093e+06,2.020982628296047762e-09
1.881105840808367045e-03,7.557045278660438489e+05,4.493945104119852311e-10
-1.013759147274924041e-02,1.061134279419809813e+06,2.573401271567227650e-08
-3.193546007968553133e-03,9.385094625951008638e+05,1.997656977396940052e-09
3.079165328642451387e-03,7.266621289068473270e+05,1.113341301049453974e-09
4.278591708888380279e-03,1.690768538266465301e+06,1.163770265743963768e-08
5.352178485266192304e-02,4.961903214685482904e+06,1.568393392367070717e-05
-3.986480695383815692e-02,3.407075570432166569e+06,4.102419938321281295e-06
1.239255868828396901e-03,7.596043434875356033e+06,1.970580123502641120e-08
-7.074371426804038597e-03,2.234522028951400891e+06,5.557023678194793127e-08
3.513476330073469350e-02,3.222199515206445940e+06,2.850205479112719242e-06
-2.916019046128928011e-02,2.623673605179375503e+06,1.301660048733370323e-06
-3.133999873322717688e-03,1.961674629400494450e+05,8.405221259408878726e-11
9.770964351685710106e-03,1.330271465001682809e+05,3.757099171994219346e-10
5.983746214978192222e-03,4.790101398019320332e+06,1.826976644797181003e-07
-3.381656613279415691e-02,4.592787520544845611e+05,5.364249497106729390e-08
-1.990621962522729285e-02,5.387776029940294102e+06,2.557960894065269107e-06
-6.013354874610237627e-02,4.042151436839866918e+06,1.313881141444834936e-05
-9.877237698792331808e-03,9.145070174912212417e+06,1.814438890496708998e-06
-1.428628261380454536e-03,1.623563725854381919e+06,1.196394489558532038e-09
3.403010881760051409e-03,3.988115679301271215e+06,4.095995021537325575e-08
-5.646644378724783447e-02,2.924770857450271724e+05,6.065433116458115326e-08
-2.549070825842715549e-02,2.813654258160484955e+06,1.143938076765555386e-06
5.483801270361879365e-02,2.593706947434654925e+06,4.498859981812477202e-06
2.161394839692453232e-02,1.908864323510537215e+05,3.785433256348126089e-09
5.011400885516045095e-03,1.015384314616144256e+05,5.758063391449461218e-11
1.299298099039688202e-02,1.659249925812629808e+05,1.033566609177884808e-09
-1.009110133291506520e-02,8.882533863372330088e+05,1.786685565509208572e-08
-2.865840295138930797e-03,1.419712027512418863e+05,3.681304513207998038e-11
2.168844884825219237e-03,1.778644653857387893e+05,3.309273169052216037e-11
-5.401705696816999636e-02,5.565995175986766815e+06,2.010225320618604452e-05
-1.422020898222750053e-02,2.490705476645214949e+06,2.789677243155373141e-07
-7.881252868157523350e-03,4.614872315726563334e+06,2.941759423772505295e-07
5.144368705333013381e-02,4.285444078137075994e+05,1.080819297659282407e-07
4.679893441249925561e-03,1.590382483483691467e+06,1.231891183516170349e-08
2.721322616551330800e-03,6.957567001728477189e+05,7.972088425283497995e-10
-5.679816477478445529e-03,7.997800033692907309e+05,4.588882524837798936e-09
1.895970445338073310e-02,1.021741065605156473e+06,8.345302326024828260e-08
6.329514199488021908e-02,1.800290070870177820e+06,2.887506562508994985e-06
6.565868258325447716e-03,5.036740061549314996e+05,2.432095677462855180e-09
8.963427071657996403e-02,1.964594096506262198e+06,6.895902278639522918e-06
-3.968595170340222938e-03,1.167373077056866605e+06,4.772986385571102040e-09
3.146585069275423859e-03,1.245155353262680874e+05,3.413683757869968685e-11
1.393771386056501943e-02,2.704867314198629465e+06,3.160619904378588110e-07
-3.841097896182088089e-03,1.342196768303060904e+06,5.910719909931246245e-09
1.238100864665366528e-02,9.941608115282237995e+05,3.369167354708985208e-08
1.118430074847281920e-03,2.264644752224608790e+06,1.426642293382326856e-09
-1.407011967486568186e-03,1.247536045404184115e+05,6.851711033741977403e-12
-1.345679374516964982e-03,3.310661743843995966e+06,4.413773706223741351e-09
3.675770940103786216e-02,8.519756150758130243e+05,2.180963814095650224e-07
-4.387390436357205270e-03,5.372445114611496683e+05,1.235531418908179588e-09
4.855593559564980871e-02,3.935114433417862165e+05,8.118889606453037779e-08
1.367416438749176301e-03,1.384687443589000264e+06,7.972643625151820112e-10
-2.232435562008502905e-02,3.453146283785778098e+06,1.321554469122008833e-06
7.752099208421917888e-03,2.088967300632219063e+06,5.831753762767442390e-08
2.801797755933610381e-03,2.115162262099289801e+05,7.810128788722272597e-11
-1.918814585792487371e-02,1.428030961911178892e+05,1.669700280341040714e-09
6.655804411303936630e-02,4.858551278755827807e+05,2.325476389424809965e-07
-1.003541448436175848e-02,2.194385283787399530e+06,1.078434179253910508e-07
-3.181237897166989525e-03,1.771611300828618696e+06,7.063605388704164196e-09
4.898620281498985811e-03,2.130801151295908494e+05,2.422872990292405463e-10
3.098937523086490314e-03,9.680915354404408485e+06,2.001500659166624699e-07
-1.314647457140888202e-02,6.066756140396720730e+05,1.414584642001715085e-08
1.296727794611040631e-02,5.737150867680527270e+06,1.230799839969325746e-06
-1.055621335472700650e-02,3.754033164463621099e+06,3.492285808312103669e-07
2.033292838233951780e-03,8.400259074811539613e+05,6.487576221676197513e-10
-2.229585522940808265e-02,3.571103803386201151e+06,1.409777161153088592e-06
4.216184767944797587e-03,7.081473377421554178e+06,1.982365696335440122e-07
8.401366971984294829e-02,2.244171504061186686e+06,7.905134212618682962e-06
1.910847634664903857e-02,3.786449019655404845e+05,1.164162475293768855e-08
-4.540898110915146668e-03,7.060066603711159900e+06,2.285590179426815595e-07
3.335413201490327467e-02,1.017072483739839081e+05,2.559177135763211431e-09
1.092487472341700100e-02,1.397566402977136895e+05,5.184120470337413907e-10
1.119199146924495115e-03,6.443574391173345502e+05,1.156553387691366396e-10
1.457048870569224025e-02,7.857283900094679557e+05,2.914676627907897722e-08
-3.298210335055332641e-03,1.096025634848989721e+05,2.905998399950843966e-11
4.024892921347992397e-02,3.597789516720995307e+06,4.663128853177106789e-06
-1.378003326284819516e-03,5.175309125673338422e+05,1.131020231688573420e-10
-3.828545754451248909e-03,5.346944803888670169e+06,9.319150719570881863e-08
-1.532931085504170288e-02,3.251660728450870956e+05,5.525263120853518712e-09
-2.623174279226889519e-02,2.977115483206082718e+05,1.356259845683631255e-08
1.276333032367305389e-03,1.074373061756158713e+06,4.181532629160091936e-10
1.266441316218993966e-02,1.809530343516092515e+06,1.167882448072113592e-07
4.971545530597620485e-03,2.462007666235410608e+06,3.331646344020119366e-08
-7.579822271755648488e-02,1.292529890952094691e+06,2.134501608473078454e-06
1.981971352885680653e-03,3.823811060982779600e+05,1.277276278896905106e-10
-1.591756714551451415e-02,1.486430028145045741e+06,1.244914633282651155e-07
2.571678211097686365e-02,6.389489298730229493e+05,6.004305695340168548e-08
-1.117270273949686355e-03,1.456962242616355885e+06,5.892645745259757753e-10
-7.460285508099391560e-02,2.014013908681550238e+05,5.020339395371195510e-08
4.377248493207613889e-03,2.847302318458392285e+06,3.454353809462096507e-08
6.281193496711316715e-02,3.289995355506899650e+05,9.496687886745185448e-08
-1.723139699961483357e-03,2.564497830522981938e+06,4.342530718716468184e-09
1.431568934317517874e-02,6.283649288734779693e+05,1.799474333857433626e-08
3.869200010047095517e-02,2.628105149397564819e+05,2.299455902191167378e-08
-2.551808692649649296e-02,5.441251528947757324e+05,4.287371136997909560e-08
-7.647095059529917041e-03,1.552510878073377826e+05,3.134436903769237191e-10
5.900877603300710983e-02,5.683803643715505023e+05,2.501546589924754485e-07
-1.646243838832443535e-03,1.504357901683568023e+06,1.363916925333367469e-09
-6.525313790705196230e-03,1.418942521665616659e+05,1.906468611517029076e-10
4.115026246117727687e-03,1.526235577241583727e+06,8.771737273654161537e-09
-2.949575071134544202e-02,5.254327040429968620e+05,5.341341678345876053e-08
-2.764793785845385925e-03,4.359429439946539700e+06,3.230591494430480532e-08
-7.426028925493383635e-03,1.595614011686131591e+06,3.122239446226248019e-08
1.111111336910835384e-02,7.593167733172454173e+05,1.582917918281945525e-08
3.009124313164589486e-03,1.371747578999893274e+06,3.789011424012265252e-09
-4.828121625936304846e-03,6.454880312848079018e+06,2.159882085022726723e-07
-1.685600166519557030e-03,6.972305282484670170e+05,3.071561181989634561e-10
-7.667061258621452567e-03,3.622254129483663710e+05,1.715192817341268732e-09
1.367752991299580126e-02,5.540232383744368562e+05,1.276934321163851421e-08
-2.780108692815309347e-03,1.001390734899339732e+06,1.723566084452881554e-09
2.149795096403652600e-02,5.586558561149990186e+06,3.207599208393114438e-06
1.915173250729484966e-03,7.544854307942847954e+05,4.643175518669795229e-10
-4.524013546752785747e-02,8.665432819628244266e+06,3.417634091845686209e-05
2.448556432476268509e-03,7.713450574128915323e+05,7.932587806632363646e-10
-1.263638020024395207e-03,2.334940021358467173e+06,1.935949736809714303e-09
1.038849139938195949e-02,7.898980887841876596e+06,1.497422469634415112e-06
5.361865094144791302e-03,3.127421584072388359e+05,6.253193595965752371e-10
-1.727424266156159585e-02,2.081132426292969321e+05,2.874052617196228822e-09
4.083960629583258117e-02,2.134016803763860953e+05,1.689102534686891904e-08
1.633871773082580872e-02,1.410714176157568581e+05,1.181438859595163224e-09
-1.910826426629265093e-02,9.319020648171462119e+06,7.051479965599749528e-06
-5.528004426330854724e-03,3.366994177645363379e+05,7.704043840133706453e-10
-2.818783099879963380e-02,4.180455196963245980e+06,3.087931908397049900e-06
-6.300417063102169146e-02,1.804141922155198990e+05,2.873275335512585617e-08
5.319712078855362569e-02,7.478234370443290100e+06,3.519424469841483293e-05
-9.667147525604347438e-03,9.774242873886454850e+06,1.985455673200511670e-06
1.756357583167044226e-03,2.315826451557679567e+06,3.679045433961331701e-09
-7.333127136671952449e-03,2.796793898609028198e+06,9.353983653767200704e-08
-2.171443197967939595e-02,2.645353511602093931e+06,7.337728378409670331e-07
3.786164648063329845e-03,1.859314822567679803e+05,1.102052047457451438e-10
7.464917217984783603e-03,1.988972208320624195e+05,4.902354040325089361e-10
-1.267983049329340570e-02,4.225007866613773513e+05,6.382329033728013524e-09
-5.188955637642581747e-02,1.202662946871439926e+05,8.660541115073983511e-09
1.680442196044444961e-02,6.204959332885107724e+05,2.417810647719308439e-08
4.465115107075406237e-03,2.784244538188834675e+06,3.436982505311982157e-08
-6.465625960543690612e-03,6.880262053712351480e+05,4.400766884634547028e-09
4.306831619102590575e-02,8.094063374059048481e+06,2.702378873590920838e-05
1.713194977588398948e-02,1.307439610475028632e+06,1.115717158774088721e-07
1.375488697725165896e-02,2.472123960785644304e+05,2.571294322063039662e-09
1.988311789948858481e-03,2.145861700387294113e+05,4.048271983531295273e-11
6.860123300782869360e-02,2.832819610885458533e+05,8.398446001324364523e-08
4.191982019598384027e-03,2.639648498745905235e+06,2.722878552748949605e-08
6.125070839881766038e-02,8.936913930017193779e+06,6.663380798520125779e-05
-1.661306730021976227e-03,3.245571031617384870e+06,6.465157899132464749e-09
6.297579914405621038e-02,3.598231173885573517e+05,1.141886000859649197e-07
-1.548160836869885053e-03,3.487138379256072454e+06,6.481384230705798301e-09
5.481215903932652907e-03,1.292157178480414674e+06,1.115531294063256599e-08
5.454009155036607104e-02,1.877238354511422571e+06,2.331137084980559921e-06
-9.298482648998351863e-02,2.863292619693864137e+06,1.576350860694884548e-05
2.353929190543258693e-02,1.058911571845729195e+05,1.381667137599770766e-09
-6.151092343162313167e-03,1.921884395642992342e+06,3.107822922206382096e-08
4.497635575798758500e-02,9.932612605886100791e+05,4.438055941395517552e-07
4.682711880977399183e-02,2.219671207238113508e+06,2.402533334446058434e-06
6.003730273031387954e-03,2.337158408454750024e+05,4.378404626095867511e-10
-1.913470115246092632e-02,2.972140723940833122e+05,7.192491458860681269e-09
4.597327063097101513e-02,2.012846446900278563e+06,1.904273588721430491e-06
1.436067490268673301e-02,2.346667609652911779e+06,2.525515916274706477e-07
4.433867946844270713e-02,9.194708318547535688e+06,3.696057108333560128e-05
-8.250273080301125106e-02,3.123056410537037998e+06,1.476364369992032734e-05
3.402720709605579902e-02,5.506724671199595556e+06,7.807942112782935112e-06
-3.868532836733635377e-02,8.955378484192590695e+05,2.669056186525657617e-07
8.288640977908678931e-02,4.535977942381830886e+06,3.143444346154865553e-05
-1.547445269877053588e-03,1.453793015678326192e+05,1.125467613642184283e-11
-7.446858408349800451e-02,1.011668136674653069e+05,1.262175037782843976e-08
1.532821411059537287e-03,8.076065427253248636e+05,3.407846497038351362e-10
-4.953547463169798507e-03,1.466246393662421906e+05,1.173123734851814698e-10
1.401221799812961237e-02,3.033820245417974889e+06,4.018747420173622506e-07
7.448971404532109611e-03,9.651401826010748046e+05,1.149398588468265392e-08
-1.069685638974580272e-02,4.743616639584914083e+05,5.725702100300309198e-09
-3.783853956107809894e-03,6.833247604863804765e+06,1.486689580348855541e-07
4.373776641082246543e-03,2.228586782686215825e+06,2.112854316838909117e-08
7.525301338217110433e-03,3.007217293193417136e+05,1.138871332862169356e-09
-2.606523753388074495e-03,7.796412244258948602e+06,9.183541952726882400e-08
-1.932670656669635903e-02,9.619947622539874166e+06,7.687026375430481531e-06
1.145002277302315007e-03,5.570894543658957118e+05,9.048150718460089375e-11
-2.794636708950004253e-03,4.564068979459865950e+05,3.617865093643600508e-10
-9.590577431006849785e-02,3.256296011786342133e+05,2.168874971932925262e-07
7.238188670870275565e-02,1.440680284036311321e+06,2.418200321861567809e-06
-3.734240817873232809e-02,1.082298487646235852e+06,3.632419489828393686e-07
-2.892272459580039548e-02,3.738008432875564788e+06,2.599298813447637931e-06
-8.585598571780317378e-03,1.156353948345576180e+06,2.191896197414536193e-08
8.770242168335816782e-03,7.741196292777715251e+06,1.025030012109090807e-06
-1.142501671074959771e-02,3.368289190214594128e+05,3.293287770823871167e-09
4.058172391845319728e-03,2.500089595302185975e+06,2.289124322412450525e-08
-2.109403034624416761e-03,2.178756384253920522e+06,4.697142424120133072e-09
-1.965215811160996029e-02,6.824696667274119332e+06,4.000225337807592711e-06
2.571626352591268802e-02,2.241116850765903946e+05,7.386555879087029620e-09
-6.171145949662007295e-03,5.057064163008556934e+05,2.165837224950500667e-09
5.948628888378822838e-02,1.032549742612494039e+06,8.389826266714307444e-07
1.578604822162470861e-03,3.095864490306453081e+05,5.311387490594647434e-11
-7.268191816772076597e-02,6.338253592858499615e+05,4.719426575846481130e-07
4.635443568644873752e-03,1.067563740502703935e+06,5.445872591750149248e-09
-9.796183040145850160e-03,2.611735500567409617e+05,1.455691739892599554e-09
-4.117184006432777349e-03,3.568345586690205964e+05,4.799893717913882428e-10
2.407458172042607064e-02,1.709585285907400772e+06,3.767005841195023521e-07
-2.070580695744585545e-02,1.012880367494177306e+06,9.781329264975605312e-08
-3.479478352631401594e-02,4.857236402296091430e+06,6.351905241465431020e-06
-1.692412364643080614e-03,1.476098527281126007e+05,1.387842949843813879e-11
1.898878072076132066e-03,5.098255291459479486e+05,2.084176844643910576e-10
5.274346012979347700e-03,1.007102947286096314e+05,6.274544723461147137e-11
7.214832148066298821e-03,3.017632677145212656e+05,1.054101574150718978e-09
-1.075757389518231487e-02,1.599919165895800979e+05,6.587520935329743499e-10
5.597668997435643196e-02,9.610547375562150031e+06,6.435879831882854684e-05
7.596661285377022572e-03,1.424466634298199555e+06,2.604038124857379853e-08
-1.636642605412634522e-03,1.192224632151664235e+06,8.466835782579277894e-10
6.455502135312933716e-03,2.254196119984195975e+05,4.709130269441065804e-10
-1.195536699227095316e-02,7.854023461082638241e+05,1.960683360765824130e-08
-8.442616628001098356e-02,3.879656656106245937e+05,2.385821642073771950e-07
2.288944676077088805e-02,1.339402748854081728e+05,2.090211409676408016e-09
1.638349405521353705e-02,4.530719135188343003e+06,1.225306076956466810e-06
1.063077174590835007e-03,1.923236542641081614e+05,9.295917097794526236e-12
-7.187107427282841791e-03,1.179800640437325696e+06,1.598905433863593638e-08
1.791999205871288442e-02,1.215757821798014920e+05,1.055521346983492033e-09
5.118325821635905971e-03,9.655807690368993208e+05,5.431631808967225494e-09
6.130143174978090401e-03,3.836061764763010433e+05,1.229729718934691094e-09
-1.664416700020711695e-02,4.056837895060547162e+06,1.013903654576158018e-06
-3.510961586680682277e-03,1.328024105410484772e+05,4.834608625370692660e-11
1.657292856671992165e-02,3.220059799276327831e+05,6.333206391356509346e-09
6.597899661739015965e-03,4.673507114011070691e+06,2.114435686794042455e-07
6.068016534182229388e-02,7.926816906257166527e+06,5.145035970625451194e-05
5.972552343698023930e-03,1.278524592546018539e+06,1.296687582743620915e-08
9.481460107420023112e-03,3.253775578533031512e+05,2.116522477962257861e-09
-2.290518033636610926e-02,1.195691001364868571e+05,1.668025182219348447e-09
1.669367546558371551e-02,4.554923371400891803e+06,1.285770133058598174e-06
1.034176593592366815e-03,4.219347456915756920e+05,4.234257248076489836e-11
-4.027559856225654267e-02,9.661693216190246865e+06,3.367346008729829804e-05
-5.964567170136341259e-03,1.848906050736351172e+05,2.704486422579233534e-10
5.919910686882228629e-03,2.841273446132597513e+06,6.291491653601285587e-08
-2.134501452750866765e-02,1.396792202626460232e+06,1.976759178149307090e-07
1.198024263894935208e-02,2.803625918459230103e+06,2.508814846047329428e-07
6.719820620848039605e-02,1.280529081177636108e+05,1.646612858418257091e-08
1.718155081275779582e-03,4.495554881430898095e+05,1.326748422447212123e-10
9.729762752963698469e-02,3.310709756441143109e+05,2.307512005501017991e-07
2.654802790614962330e-03,1.387087260575263936e+05,3.015569537815204583e-11
-1.126041559009478832e-03,2.789370662146517425e+05,2.193908682433184744e-11
4.900654397752326683e-03,7.414333782879382372e+06,2.935956862459915530e-07
4.206265679818709663e-02,3.865686846738153603e+06,5.879548682982495942e-06
7.746080961069733151e-03,2.721364321016223985e+05,9.881768771511094772e-10
-2.020027186469950525e-02,2.537123660894436762e+06,5.841104154618689912e-07
-6.488531518003935392e-03,9.092988453706636792e+05,7.741112283194235052e-09
-4.220952191102893963e-02,7.368102742555396631e+06,2.150945779798876079e-05
2.435319640769450025e-02,3.193232533699731808e+06,1.344838965481626555e-06
6.142737107386024575e-02,4.887874695115744835e+05,2.004754681843005823e-07
-5.514987906002765533e-02,1.703794815897203225e+05,1.963455054504758195e-08
-2.309268265540494539e-02,4.175585571213835385e+06,2.067667977499333869e-06
3.210087019870918462e-02,7.229334886497239349e+05,1.197643461671515469e-07
1.127212304460727815e-02,1.282376562529078219e+06,4.646648660473425267e-08
3.521957280839822096e-02,2.750770247865942772e+06,2.087248007619887380e-06
-2.763919712019845265e-02,7.456015320404754020e+05,9.444123994676019624e-08
-1.873100505857809225e-02,1.036998539632985048e+05,8.390265472775066364e-10
-3.245993510180850659e-03,3.560895142127079307e+05,2.971056530396500885e-10
-2.223197484449572839e-02,6.128349798148743808e+06,4.128007026024834988e-06
3.036889916744648157e-03,1.782545888750051847e+06,6.516835933805905843e-09
-9.445640723254357385e-03,7.104047900833134539e+06,1.001317618957421891e-06
6.319460660145517772e-02,3.139550726030248217e+06,8.753712694241452913e-06
2.030120866715810074e-02,4.209257546707862057e+06,1.623872918909293514e-06
2.734016599128333020e-03,6.056196244205308147e+06,6.096764552239027525e-08
-3.570444951832385527e-02,4.062470907267565839e+06,4.678670508973251811e-06
-2.568585000825733978e-03,5.062952263415862806e+06,3.760908782090914165e-08
3.690569104184149036e-03,3.965086186983684311e+05,4.761997877197718634e-10
-7.905737218724992466e-03,1.427034914588494867e+05,2.830422041171469646e-10
-4.344060366064867937e-03,9.263268866756933276e+05,3.600953333312576497e-09
-4.570958369831388569e-03,9.913327245043305680e+06,4.566155191181609567e-07
9.494750741451557507e-02,1.536309811684505781e+06,4.731752223979570912e-06
6.165113347677927957e-03,5.976842936321519315e+06,3.019416808708591059e-07
-1.627823534979007392e-02,3.510836391466409550e+05,7.263284901304645885e-09
-1.539321754509312629e-03,1.618727899783612927e+06,1.380714128582436674e-09
1.955444007393082866e-03,9.871000151860477636e+05,8.285340043247359528e-10
-3.407178126999525335e-03,3.007653746014906210e+05,2.335299586854320043e-10
1.989163952576084374e-02,8.993518209990898147e+06,7.117011178779289263e-06
-6.684474237416486442e-02,4.511092195967671461e+06,2.022065243799634575e-05
-1.016793615950150817e-02,1.456612252204934193e+05,4.878101015526499851e-10
-3.363941767108945963e-02,1.563323130412611063e+05,6.150234795865780300e-09
1.428217623738707240e-02,2.001000620158411330e+06,1.816270263523845831e-07
5.769654199847659704e-02,1.321097387654782040e+06,1.292011822503655086e-06
2.564765706693937844e-02,5.717770354759643087e+05,4.782401831184788940e-08
-2.555370176051581510e-02,1.295351973413584783e+05,2.436578884315686065e-09
-3.171026978419960469e-03,3.782165473211411154e+05,3.198734362343023682e-10
1.103585171820428788e-03,6.048522156675037928e+06,9.908490909068435083e-09
2.372729026508207592e-03,8.402378713882069569e+05,8.838896354997878640e-10
2.809175353723338073e-03,4.936863732262792764e+05,4.277177064707097686e-10
-8.224270028770587493e-02,6.826552378665025346e+06,7.009625672614541606e-05
2.053308192671883525e-02,5.982250011362730293e+05,3.355325433670394542e-08
-3.864882761997788692e-03,1.044936050793624745e+05,3.627014778030676432e-11
-2.082085635344766393e-03,2.300282772120579612e+06,5.101018280512203490e-09
8.577287541840306409e-03,1.076687731142575387e+06,1.896604243778047476e-08
-2.207354467501751114e-02,5.726679357309528859e+05,3.553424927075587729e-08
-7.880931383706676896e-02,1.535577692685468122e+06,3.256836315865124736e-06
-3.704886677235851716e-02,2.828450928888980765e+06,2.441992943831714780e-06
3.206324339979824134e-02,1.561289077779441606e+06,5.572868525434218208e-07
4.898970345309344721e-02,2.467970054023349192e+06,3.250772993475273617e-06
3.047481799081678319e-03,4.716393659666426829e+05,4.594090912729491733e-10
6.517681074896117081e-03,5.038563707905675401e+05,2.398263899103206711e-09
1.063846363513078382e-02,3.298897129012566525e+06,2.739003726966583514e-07
-2.074313257673841143e-02,1.340526379648698261e+06,1.719478168236953034e-07
2.001543555688919951e-02,6.399887529487852007e+05,3.648984551003952408e-08
2.317069150131773406e-02,1.869804213675307401e+05,4.174144782584398454e-09
1.089796117182153818e-03,1.430558233588289004e+05,5.405039168911064227e-12
-9.013729674004329617e-02,1.357082368075749837e+05,3.327505062338415580e-08
3.033400980813495337e-02,3.907363683899397962e+06,3.124097416224979388e-06
-1.545165963920226010e-03,1.443518106820707908e+06,1.106348594647750158e-09
-8.669472373581607605e-03,2.352530361182940251e+05,9.250241230960528949e-10
-3.430836417095748173e-03,5.668566585130342282e+06,8.410925338835676485e-08
-6.161841576188801378e-02,6.167985423811723012e+05,3.212217800095480850e-07
8.062351613335273781e-02,1.083649743174219970e+06,1.697456229652062255e-06
2.335665321640836584e-03,3.181868274116198882e+05,1.228238958315439403e-10
-8.368895964451750560e-03,2.581236973598991462e+05,1.037741878637886106e-09
-2.422027312326975601e-02,4.635118139335832675e+05,2.802702098280721989e-08
-8.301700307302359305e-02,3.067383034764598706e+05,1.442007022575759294e-07
8.440706139259611732e-03,1.286245783046849072e+06,2.621215574645377339e-08
-1.218943875094810744e-03,3.365587849275903311e+06,3.742713051241662964e-09
5.857545605137891298e-02,1.346315079854296288e+06,1.382999516252581282e-06
-2.856762158007424696e-02,1.312932588770676637e+06,3.128457616796283476e-07
1.430942840917901610e-02,6.308292932594520971e+05,1.812030598466927381e-08
-4.527158630857874844e-02,7.466638969680637121e+06,2.540966740604545828e-05
-1.059268523006218340e-03,1.132315811223042983e+05,3.199223107647947503e-12
-7.379087695705798845e-03,3.733239687506604823e+05,1.687618750682836587e-09
4.067510441745726679e-02,1.613073401879720914e+05,9.573326343252773502e-09
1.818656749038882661e-03,1.070499976408598246e+06,8.428922327535762909e-10
-2.585250874169643318e-02,1.212984750548048469e+05,2.186821423347399162e-09
6.252930886354242900e-03,2.473060465562385973e+06,5.317824212962159668e-08
8.054314822921704656e-03,4.502461700005074963e+05,2.924519402898954508e-09
-1.779176115864303980e-03,4.298211292558527552e+06,1.300500884435363535e-08
1.289888334305850856e-02,2.732760907308980823e+06,2.763151856029773763e-07
4.987192491757896223e-03,9.762832981604667380e+06,5.271827994911223838e-07
6.640995336630219070e-02,1.075745275922575500e+06,1.134965071125676997e-06
-3.254446258793266145e-03,1.783953822653141397e+05,7.495811839298100250e-11
5.527003460103991489e-02,1.759237572202761366e+05,2.102450147990471201e-08
-2.021262678942258983e-03,7.702844987850998295e+05,5.390698979806437267e-10
6.011836522980987078e-03,2.497810334151561372e+06,5.014532976589685140e-08
-2.305478274720928339e-02,5.664314593766711187e+05,3.792399236170198121e-08
-2.390443965483532093e-02,3.175657192278503440e+06,1.281508867826674522e-06
1.096770760265976252e-02,2.393570387315916887e+05,1.532573756054806128e-09
-3.099332787418607876e-02,1.633962942920254136e+05,5.703193114960555014e-09
-1.355334132568104810e-02,5.902911326610618271e+05,1.423385444669220998e-08
2.365677144477875467e-03,6.204796333007301204e+06,4.791409173800231107e-08
-7.603710766026818002e-03,8.131447282981632277e+06,8.501276256732744783e-07
6.119255107885862230e-03,1.259251431460275548e+06,1.320441833656327862e-08
-9.384509572686735787e-03,1.805174962011878844e+06,6.382032568699192113e-08
-3.131862195911407076e-02,3.492991420688893180e+06,2.661322939929953374e-06
6.227069419229656205e-03,8.231551112646603025e+06,5.842894213921761656e-07
5.330778371756213913e-02,8.544216597212904599e+05,4.613420095629674871e-07
-8.009805550422294598e-03,1.283566342827421380e+06,2.350595162357865098e-08
-8.603252233639382615e-03,2.071433525742861966e+05,7.062599253624243010e-10
-4.073207292981073646e-02,1.683426387308324629e+05,1.045583055605622027e-08
-2.775415474542264685e-03,1.045910797858973150e+06,1.873883359348407313e-09
-1.147853298390065675e-02,7.380806249922192656e+05,1.596164448732363753e-08
-6.527912163048862036e-03,9.998979099086970091e+06,9.474519104354420329e-07
-1.737908927694209460e-02,8.753972323146995157e+06,5.147088282615326955e-06
-1.896489137709605338e-02,9.156521897924078628e+06,6.705930473715659339e-06
5.295342630450100736e-03,6.660330486986506730e+06,2.766157735895329367e-07
-6.619821766566169607e-02,1.578798947872583522e+05,2.429089407815725029e-08
-1.973288506659636940e-02,6.936805832892599516e+06,4.166750536541691755e-06
1.467101018596519632e-02,2.995003580284765922e+06,4.293505064495534714e-07
-8.787677384968649655e-03,2.956279048014972941e+05,1.500846616908566193e-09
3.242374405796554469e-03,6.316397027955066413e+06,9.327438982286243881e-08
7.573708845945398282e-02,3.907816928847395466e+05,1.947972769667011425e-07
3.678445329108289558e-02,5.243084924846431240e+05,8.271792784805562025e-08
1.024331877528767559e-02,5.282444593003428308e+05,6.511012484314531602e-09
-3.579945340319426461e-03,2.531050840464239591e+05,1.825794016981592952e-10
-4.025289738401367431e-03,3.257936232412797399e+06,3.824517935937460276e-08
8.714164091467235806e-02,5.241014867549656774e+05,4.638520722596469516e-07
-4.358494853817274778e-03,6.333446953172645299e+05,1.694535222036801180e-09
-4.094712265785369759e-03,5.404786086413818412e+05,1.089183488730043246e-09
5.478861000507223404e-03,6.969500649017611286e+05,3.242508633844186758e-09
3.335419493570694355e-03,3.319139407360476325e+05,2.725518680433821827e-10
-8.396517740558961940e-02,5.328031120469732210e+06,4.450708756115479822e-05
1.533690182630480237e-02,2.989260731088739703e+05,4.674122816636279278e-09
-7.065584812800568791e-03,4.286319770771112526e+05,2.039682703585002599e-09
4.182515591559488044e-02,1.085445152813265886e+05,4.583404162953812373e-09
1.536295925550630777e-02,1.634541673062079353e+05,1.402293764914040884e-09
7.084641676860356854e-03,1.912384960740970273e+05,4.082100278399991472e-10
-1.421678059097387058e-02,1.875954866604330018e+05,1.581774403565332245e-09
-1.012457464418317849e-03,7.677995677652136656e+05,1.343836863493878823e-10
-7.423567071919871807e-03,1.508727471051217290e+05,2.789614039882771914e-10
-6.208594858722298743e-02,1.992962724271232029e+06,3.404726602723997524e-06
-2.755478441589711419e-02,2.698007029818302253e+05,1.229072323871826491e-08
8.569273830246076917e-02,6.047454616292893188e+05,5.972147535327843808e-07
-7.924676354776385642e-03,1.013874574186009995e+05,1.435584576290812999e-10
-3.873915941669860141e-02,3.276102854578070343e+06,3.581893696119228743e-06
1.928790697698435849e-02,6.091062229457517387e+05,3.069400285375487903e-08
-2.411150244894620653e-02,2.241612746193236089e+05,6.496313451854431132e-09
-2.076801178785887825e-02,5.082531668435543776e+06,2.477691782290971123e-06
1.702500610715847488e-03,1.055832414328363520e+05,7.185579271377936595e-12
-2.787584102268112016e-03,9.956493233340067090e+05,1.713034124620661485e-09
4.265156536180392255e-02,1.678493223790456832e+05,1.139741560175644975e-08
-6.923346408161991546e-03,4.592779052818019874e+06,2.248435743380894568e-07
4.426094522860322088e-03,4.897503658047880745e+05,1.044932308422617838e-09
-1.088724578036122034e-02,2.367495380485598464e+06,1.477445894488706266e-07
7.557983062345173531e-02,4.301931004059359548e+05,2.350909768684642998e-07
-9.377330574480635672e-02,4.011059693871251307e+06,3.146110366052836511e-05
-5.863421654038240838e-03,5.579756058180226944e+06,2.380290308828066391e-07
5.168487903530771810e-02,2.463707650237616617e+06,3.605808041950220731e-06
7.992800037109983047e-02,6.696777684327862225e+06,6.371283203562331751e-05
-4.701383492249542294e-03,2.055384387937933439e+06,2.076513282866758886e-08
3.168047747346105364e-02,1.482807896759544092e+05,4.907388804955922336e-09
3.840143727217932863e-03,1.400679567318846472e+06,6.433833174203616232e-09
1.317531982410254272e-02,1.927325914179395186e+06,1.433936450861979136e-07
-8.151661851758996991e-02,6.815057726472370559e+05,6.863231372421096158e-07
1.123663436591691538e-02,3.714393405307905632e+05,3.873874513048866156e-09
-2.866664949268655366e-02,4.783965748778205365e+06,4.182416184016272582e-06
-2.287336972523789855e-03,1.449598359489765484e+06,2.444853993056911797e-09
-3.497443571460108654e-03,6.282107112117592478e+05,1.073518064622544039e-09
4.939215238793275009e-02,3.270790733040380757e+06,5.803883305937621777e-06
4.825788704632366644e-02,1.666697358892034739e+06,1.438624161920623124e-06
3.160126001510193527e-03,4.715813707571703941e+06,4.938776011699947138e-08
3.698165755257929593e-02,4.556763529063102906e+05,6.315139948918734728e-08
1.703868715051145340e-03,1.002899182669793081e+05,6.493578020485599561e-12
-2.083245885357525029e-02,1.467458769004018977e+06,2.078309063086837205e-07
-1.798562620737737330e-02,1.203628243234991794e+06,1.042156920831741812e-07
2.820623559256982705e-03,4.068644684637734666e+06,2.928781938083916110e-08
-3.099265446001295971e-02,1.453319015283293556e+06,4.511663607709289564e-07
-8.302828364780816262e-02,6.750332438546718098e+06,6.985535336694848291e-05
-2.882421392007432186e-03,1.545053159211555030e+05,4.410613960714043417e-11
-2.570432667050295480e-02,8.002948400467011379e+05,9.410436053092974313e-08
-5.962411840825221007e-03,1.371685289131201862e+05,1.487476639245166145e-10
4.898750675592335006e-03,1.775308262159072037e+05,1.681959258246259861e-10
-6.209084826521536066e-02,4.410083263098478783e+05,1.667423871914439245e-07
6.583237556538310692e-03,2.374083151828712318e+06,5.432105002665771162e-08
-4.345723470204235911e-02,1.077139762060041539e+06,4.872653637049931545e-07
1.148760244240457692e-03,4.250853756694694981e+06,5.302838164423723798e-09
-4.630285509302613581e-03,1.129730999081306625e+06,6.085032243722747106e-09
-9.337310079214350411e-02,2.137200292457723990e+05,8.855870620588269816e-08
-4.314417494572455464e-02,7.946501008257430047e+06,2.613927108618035037e-05
-1.921274148853892305e-02,1.216022407218721928e+06,1.213833402289216240e-07
2.657033482799643284e-02,4.487670714836586267e+06,3.161791813445330752e-06
-4.582388126938332501e-02,5.954328994538415223e+06,1.655566563557673087e-05
-5.370056461153216096e-03,7.762486444296744885e+05,3.864173909705171893e-09
3.081966507656359877e-03,1.902061853750489885e+06,7.641917621543748731e-09
-5.726876676241044600e-03,1.159632958611964714e+05,9.807854466144556616e-11
-6.414598630173744265e-02,1.660123910428762319e+05,2.521838288371978772e-08
-1.575265144243663410e-03,6.962121942838690244e+06,2.674778533202653254e-08
-2.821577979286329918e-02,9.931281694707861170e+06,1.746191887173373128e-05
-1.060848733671747573e-03,5.423601998678619275e+05,7.361728545022082676e-11
-7.462178653575572695e-02,5.172872980801032973e+05,3.313539592537645335e-07
1.120190386802920931e-03,9.926195253487243317e+05,2.749454649522143743e-10
2.396009201824681606e-02,1.004844115211144817e+05,1.289055453734699259e-09
-8.634750291469449335e-03,1.135679472226272104e+06,2.138495632414714268e-08
1.124550608742563504e-03,3.193034833415228873e+06,2.867230271738448680e-09
-6.821185654250118066e-03,8.854643147786458954e+06,8.112582328467879086e-07
-2.282979240445509508e-03,3.719019482768140151e+05,1.603090654269450952e-10
-6.160075312696164374e-02,3.579167605597419897e+05,1.081019097369343986e-07
8.359649768353051569e-03,8.359199317061263137e+05,1.085932366419945479e-08
-4.678063908672378673e-02,3.375991398653537617e+05,5.546668548019892433e-08
1.227999271495086196e-03,2.978077209538564086e+06,2.974167166910642835e-09
4.426250427795606901e-02,1.255269904417650396e+05,6.865045928840862556e-09
4.081589093331910306e-02,1.183493748758462898e+05,5.189048724157612077e-09
4.420308294657194874e-03,6.821240319348231889e+06,2.021757542451196660e-07
4.612739743794693620e-02,1.018642233867846371e+05,4.909740191930629482e-09
-1.473717593607609287e-03,1.019688768034197623e+06,5.021819029980284517e-10
3.654248519794896927e-03,2.950364847776971874e+05,2.584906626683584564e-10
8.620884880185667939e-03,1.572480451494851441e+05,4.086687715060346583e-10
8.251198916762651769e-02,3.330615040253912099e+06,1.679500905660981285e-05
-1.307365192370276395e-02,1.352428994623670820e+06,6.952164385066280846e-08
5.309636802871740141e-02,1.839956483727902232e+05,2.122472068981541657e-08
8.149919155866920326e-03,5.800575556701273657e+06,4.969881437898728800e-07
-1.209423664771645118e-03,5.095458076193035231e+05,8.445408096716506570e-11
1.937978815262143828e-02,1.200738797304580366e+05,1.204182712210974314e-09
-7.985888121597849165e-02,4.437721231447548606e+06,2.792953648828319044e-05
4.345736889888410226e-02,1.355396619607135945e+05,7.715372596397512219e-09
8.143570126530712272e-03,1.814172936470617540e+06,4.853827070402149359e-08
2.658362294667112810e-03,1.425174409646710614e+06,3.191990708543593348e-09
-2.896341216278886660e-02,1.511572345833502943e+06,4.262403653075771823e-07
1.651270655154542591e-02,9.820952922773340717e+06,5.848453417695745977e-06
3.732806189530918362e-02,4.146789229942183592e+05,5.328341572925681238e-08
-4.821993770342873631e-02,7.485346023486464284e+06,2.897172156909709004e-05
1.721324490463944229e-02,1.345652599201063858e+05,1.193132443903790296e-09
1.250731644156750227e-02,2.090714868660933105e+06,1.520600545367961557e-07
4.939498047870700959e-03,5.302968083352886140e+06,1.525811603467272522e-07
-1.937671560984970901e-03,2.834681390561456326e+06,6.709128131458836941e-09
1.492565015366502899e-02,1.785836718002735637e+06,1.579964257939390036e-07
-1.069158328020703395e-02,1.460719898013895843e+06,5.423943880563538406e-08
1.047494623005005773e-02,6.752906896298639476e+05,1.112710994501081426e-08
-6.707911197232996336e-02,3.868199027204072103e+06,1.497233316074295272e-05
2.411941296366970806e-03,5.642351234687921824e+05,4.118612678300407974e-10
1.019614381726456111e-02,4.255386592360622250e+06,4.186462423633160750e-07
-1.731639022126838868e-03,1.420387419126605091e+05,1.345320042586478776e-11
4.263192724350629154e-02,5.915633438318606932e+05,1.414391679691753865e-07
3.558211776597085263e-02,3.376710959571363055e+05,3.210322116625550841e-08
-4.925341380036560995e-03,5.647804862991794944e+06,1.720795616213361335e-07
-1.965605699126419560e-03,8.256228736077751964e+05,5.856706879743968876e-10
-1.461460252961519716e-03,3.870714477890430717e+05,7.116288413901059756e-11
-7.172379542730605850e-02,5.529400785266875289e+06,3.497678734616640545e-05
-1.148029405981923663e-02,1.090494052325197030e+06,3.485377936674415782e-08
-8.250450984511939478e-02,6.433729980887006037e+06,6.265825377701438579e-05
-2.122460760342250157e-03,1.764882025029047625e+06,3.120383336555216599e-09
-3.492335655069667838e-02,3.901660234112003352e+06,4.128840450893447974e-06
3.584067090421741084e-03,2.215423478063952352e+05,1.402048443235240596e-10
4.360584040166207848e-03,1.845235157357988181e+06,1.439759701639690006e-08
1.066316721821134426e-02,1.139062761754040112e+05,3.280688515895024904e-10
-7.232599169470965185e-03,2.676862269658921286e+06,8.335623638566440215e-08
1.186953086171879885e-03,1.200661578692150069e+06,4.516537133705516888e-10
1.909973667160054511e-02,4.122628017454728251e+05,1.378796939181405452e-08
5.054811698194151826e-02,4.950905765020411927e+05,1.392760798875304176e-07
5.864790354577668896e-02,1.457009988063878380e+06,1.623780392408192633e-06
-3.246873590220809846e-02,2.819863621954178438e+06,1.864164449932330624e-06
-1.763918101842882821e-03,3.606710390225539450e+05,9.000707047611081063e-11
-5.865469275305289741e-03,1.037557393041791162e+06,8.236202908828250779e-09
-5.755409710093623704e-02,4.114932012811177410e+05,1.247311909774613119e-07
-2.978530889163824667e-03,5.854557071436181432e+05,6.762224036534146163e-10
4.052601412949381580e-03,1.906963624296996277e+05,1.328158332511219835e-10
-1.645543988179553122e-03,7.031917652461563703e+05,2.977582446057744080e-10
-6.315680786953430104e-02,6.204435221723634750e+06,3.414617819946190859e-05
1.465860544221482889e-02,1.155552661207323399e+05,6.380607724264607951e-10
-2.478069172203111598e-02,1.179826175055477070e+05,1.900903868301690663e-09
1.017266300816591649e-03,2.641762577021821402e+06,1.606031775050498790e-09
-3.639763083128073288e-03,1.089278179533218266e+06,3.495594842348299972e-09
4.081814618531951801e-03,7.776107320097468793e+06,2.240414090982496434e-07
4.616283731607512958e-03,3.277627082195490948e+05,5.090979140007646278e-10
-9.182828662506128600e-03,3.188880333656714763e+06,1.906894460177430615e-07
-1.114775419693200473e-03,4.289969848231162177e+05,5.086048513026878580e-11
-1.036634447481521795e-02,5.338171005395130254e+06,6.809786362992835566e-07
3.957590790662844638e-03,2.565164853249898879e+05,2.291867919253715279e-10
1.364066661045538987e-03,2.122153143102148315e+05,1.863467753219607319e-11
-2.542916137299191734e-02,6.533416420928320149e+05,6.138213720582152251e-08
-7.462372969195180117e-02,4.352930590307146194e+05,2.346468008022664213e-07
-1.273839567747746737e-03,6.065458748793662526e+06,1.327559597667429369e-08
-1.060979780154340524e-03,5.747702744056667434e+05,8.269896306414714420e-11
3.335335940005443745e-03,6.340314143006131053e+05,9.944843880242850793e-10
-3.869196724985658753e-02,7.065030070941328304e+05,1.661754650551868270e-07
-1.673232087206800653e-02,1.322110516903946991e+05,1.088291254017708836e-09
-1.120374483766507952e-02,6.303454415375275537e+06,1.109126040974575901e-06
-2.819046902453578585e-02,7.338961750636601355e+05,9.518556720015014700e-08
-1.961022765013459464e-03,4.331262795748417266e+05,1.604322192395253751e-10
9.677338955396130871e-03,8.668260312036923133e+05,1.564851195051061443e-08
-1.292189821151875891e-03,2.535984698266824998e+05,2.388048480990787687e-11
-1.168075343579549723e-02,4.733013452709069476e+06,6.796955735126492874e-07
3.466456987008867570e-03,1.963090241920173867e+05,1.029791755245634337e-10
1.287255610358271473e-03,1.593764934775551315e+06,9.359989726871032886e-10
2.203091355771606696e-02,1.187311108362811618e+06,1.521567857753205619e-07
5.313738986242004872e-03,1.136949278039469791e+05,8.116706956377701535e-11
3.637437642562805357e-03,7.742935734406361356e+06,1.764004438488203822e-07
-1.727655227425474449e-02,3.722764648244321346e+06,9.199041326443342891e-07
6.624873177776559839e-03,1.545536502632260323e+06,2.331368485923983158e-08
-1.776692132097971652e-02,1.052990656364661409e+06,7.783423186468614441e-08
4.828862902468682161e-02,3.303900886331906659e+05,5.660320494769372682e-08
9.508442222440165875e-03,6.618835183961061994e+05,8.808036950814535890e-09
-2.753564268871988574e-02,1.704941383354628924e+05,4.901247007462179610e-09
4.677640205237775656e-02,1.718255596801560605e+05,1.436568741296369765e-08
3.238249598339259377e-02,2.009966243832339242e+05,9.420965614985633522e-09
-3.069754286546346606e-02,6.693604680787553079e+05,9.389113710967903804e-08
-4.198229818659326290e-02,2.770183891430791002e+06,3.007785542410577718e-06
3.579756024281129101e-03,9.842327761619647965e+06,2.760576296965366068e-07
-8.947522632037102630e-02,3.739417017991220346e+05,2.489491581414110177e-07
6.173903223600097322e-03,1.828778427984389709e+06,2.834908630645825629e-08
-3.096099172718012882e-02,5.825078933827269822e+06,7.233202215160774198e-06
1.310420828183694875e-02,7.648218019284964539e+05,2.233774576870401819e-08
-2.066693381811916808e-03,1.304951965939337853e+06,1.617478065497188535e-09
1.005076296321484423e-02,2.557946821691078600e+06,1.469867999345940021e-07
-8.805655948744425809e-03,9.729567550729854032e+06,1.632329207244861120e-06
-1.544363065138197079e-02,1.407532239379947772e+06,1.050782341368002925e-07
1.783539430300825788e-03,4.170500143148221541e+06,1.230379146140275527e-08
-1.995552491473986945e-02,1.977756171041085385e+06,3.463929617704549892e-07
5.842576976148736861e-03,4.338488720205608755e+06,1.428838295822210790e-07
6.266841684966668879e-02,3.081936152845184319e+06,8.295488629036085052e-06
1.105616470050215135e-03,2.169235339703710051e+05,1.279144453045134446e-11
-1.496108835927254400e-03,5.830131430760525167e+06,1.691921919356806976e-08
-2.862723779621626548e-03,8.710616281997959595e+05,1.382782603206314655e-09
8.092729619085400894e-02,1.667019436186699313e+05,4.047330210374792875e-08
1.088282111136028643e-02,1.415681000119870005e+05,5.278506226716706076e-10
2.368910414954097585e-02,5.665853163932282478e+06,4.006131082262472165e-06
1.941066037665861027e-02,4.959834847991252318e+06,2.061162837667530185e-06
-2.664863465462832468e-02,6.203470765445256839e+05,6.077383689188577648e-08
2.025322456030668062e-03,4.383536425083662034e+05,1.752810014792346010e-10
1.025114271135420772e-02,1.198980197460975614e+05,3.359431810616738366e-10
1.496277630405134411e-03,1.871855773372316617e+05,1.744481561396016994e-11
1.129173808899894618e-02,1.661634228583971737e+06,7.828700927363899414e-08
7.253524383206154391e-02,5.033707007289241301e+05,2.964635247468042474e-07
7.576990627229575337e-02,1.162820420152544510e+06,1.726299123646473109e-06
1.401800243366761040e-02,3.856461681752488948e+06,6.499015213818369746e-07
-6.783137982754539053e-03,1.127424010923771420e+06,1.300568147203974699e-08
-2.054171755240230893e-02,3.258686773895378574e+05,9.964511051305683791e-09
-1.310148053820255456e-03,3.348608288889252115e+06,4.280225977028896791e-09
4.511807101011628372e-03,7.559075563765910920e+05,2.586638103747085872e-09
-3.546566077851363939e-03,3.603098491303687333e+05,3.631329265570263324e-10
2.634801684264241953e-02,7.857197898207444232e+05,9.530781186661351489e-08
-9.042986586369922489e-03,3.523695981566757429e+06,2.257968537272551726e-07
-2.156521503773691992e-02,9.246057581963009434e+05,8.841338619979152369e-08
6.628758560457655158e-02,2.412322553005744121e+05,5.686334540491458305e-08
-9.718153865793226209e-02,7.411015986072167289e+05,1.153507154195423799e-06
-1.187155082726410642e-03,1.222396081616060255e+05,4.683128356511511574e-12
-2.866759974403259009e-03,1.476163596598680364e+06,3.982436842984615857e-09
-1.522118491394085921e-02,3.197926398069047835e+06,5.269035231707920785e-07
5.276306119631327812e-02,1.468111126223765023e+05,1.334366343707329751e-08
9.824471532206595359e-02,3.574029177960206289e+05,2.741775144583318231e-07
-8.761949907394572454e-03,9.208911071889452869e+05,1.447822563749914595e-08
-6.870272335929369922e-02,3.912997270758710220e+05,1.607178988182464242e-07
4.913171386046524813e-02,6.005534406970826909e+06,1.936084897392100759e-05
1.891260018955715546e-03,2.323684840128801763e+06,4.294911143048726060e-09
8.810778957174951465e-02,1.057694360675403441e+05,1.931284433167882440e-08
-3.042620871680230387e-03,8.231886065395990387e+06,1.395055971596755830e-07
9.271691945547506919e-03,4.987814591652360745e+06,4.755934235136023599e-07
1.205852584283636023e-02,2.634673538454530644e+05,2.244601798737557403e-09
6.798449232417994037e-02,5.666795556963251904e+06,3.300593632778859145e-05
1.642680085716732418e-03,1.268413264215331292e+06,9.654388802338275214e-10
1.604983527069607854e-02,3.636046106045914930e+05,7.573509460859902547e-09
2.521688992660191600e-02,1.006086195456749119e+05,1.431365931142483722e-09
-8.477666222843495414e-02,1.184063704804286594e+06,2.240784108452380131e-06
2.410164208071238420e-03,5.892986008248798316e+05,4.486021346461410055e-10
8.680657460129571207e-03,2.425927780038857600e+05,9.861846183506100319e-10
-2.046622036529137031e-03,1.068185295651277702e+05,1.062834719571866385e-11
1.122222178618827171e-02,1.447696538248629367e+05,5.869620424132587984e-10
-1.126209896775310455e-03,6.054681032269152813e+06,1.033995068125825398e-08
3.936323715197462270e-03,4.355329864136754535e+06,6.536134347102359918e-08
-2.610641582720260589e-02,9.268820429740833351e+05,1.302089059273742582e-07
1.539903555794837689e-03,1.968835737000779947e+06,2.044105287888454597e-09
-1.230484108646086143e-02,2.544891712369068060e+06,2.180659631103716622e-07
-8.469401710590501037e-03,7.998335730557521805e+06,1.020474071497921200e-06
-1.703001765906108928e-03,1.256608168466834119e+06,1.018420667237900803e-09
-6.628236829302774913e-02,4.135643085963547346e+05,1.671011304883587287e-07
-3.727190965315429344e-02,2.534522242459812202e+06,1.984507541470370049e-06
1.442770099707637449e-02,4.267286520244525163e+05,8.429370147858725799e-09
-8.003744056986655114e-03,1.649094098420863505e+06,3.874132858166254218e-08
5.741861272709598840e-02,3.339204480919704656e+05,8.175017111620820780e-08
3.161032974201356989e-03,7.552055690141060622e+05,1.267318196412293278e-09
2.079114775013797892e-02,8.318651111177978106e+06,6.652118853192264522e-06
2.269110367696570204e-03,3.145532428175171837e+06,1.132913688907019194e-08
-4.433942597190509462e-03,1.802742331172892591e+06,1.420838435102137764e-08
-1.322218786625423007e-03,2.807402394722879399e+06,3.064172633796880719e-09
1.464328533947044722e-02,1.440437559929216048e+06,9.893801098820749725e-08
6.041140561998654956e-02,5.810246783741004765e+06,2.739834247346404798e-05
3.209970918692542363e-02,1.414592829741535243e+06,4.585242941845758027e-07
-2.561737649767570346e-02,5.126556610953282565e+06,3.835465386681498534e-06
4.987991149467962959e-02,1.934669652427982772e+06,2.070914826920049030e-06
4.786438146545354128e-02,4.612817399427352939e+05,1.084063392283997710e-07
2.328081246223436332e-02,1.505889377359013772e+06,2.733251875849666550e-07
-1.926786962731938391e-02,7.334430328828776255e+05,4.441170266983796782e-08
7.343399094648497827e-02,5.065454827555397525e+06,3.077006454906368375e-05
-2.531010751021170457e-02,3.818343603634925094e+05,2.076994010865163337e-08
5.033472179004978148e-02,3.452696495170605485e+05,6.716598736197751818e-08
4.446522400466193688e-03,2.051572839989518747e+06,1.850598055415537489e-08
-2.797571439292840384e-03,6.182552477986520389e+05,6.652658713451170915e-10
-3.781741001302947689e-03,1.608420515035105869e+06,8.227729827479240235e-09
2.927516121812220526e-02,2.403469760631358251e+06,1.100964121026918813e-06
-5.328929173493737043e-02,4.641442826507213525e+06,1.360451791922518226e-05
-5.311823597211620673e-02,4.693520298521892983e+05,1.382235170372107685e-07
6.203126531294848173e-03,1.640613864231221087e+05,2.303198054708695876e-10
1.409708058249639021e-03,5.811276322760168696e+05,1.492446142519968327e-10
-1.126788718827218330e-03,8.625070861896874383e+06,2.100426914931948805e-08
-1.849223046056403365e-03,8.390727324054073542e+06,5.353959242870910716e-08
-1.806783730813041116e-03,5.498183558224806329e+05,2.194563049875117088e-10
1.359939424351632072e-02,9.125098827776134713e+05,3.424613245104378392e-08
-3.993484506237003628e-02,1.442666037351664621e+06,7.381300291703172081e-07
3.225192644034236954e-03,9.794322622104706243e+06,2.219000410582566083e-07
8.829658840041360035e-03,1.119173508794024092e+05,2.171600541222202993e-10
2.335946334038326716e-03,8.373864544384554029e+05,8.508927741315573445e-10
-1.800631713256533066e-03,1.705486505822457606e+06,2.097218186511106780e-09
-6.153794491547326037e-03,4.631886411180411815e+05,1.806754017196636628e-09
7.766547329780063881e-03,7.915762167573114857e+05,8.405019226848171045e-09
-1.043922159685024831e-02,4.653254167272513732e+06,5.247434588237267526e-07
-2.188448563821450074e-02,3.889563821352288360e+05,1.611282690554829692e-08
-2.525925830738093378e-03,3.924776193473033141e+06,2.185587669807028296e-08
2.784360995104735725e-02,2.507714609715814237e+06,1.084187893139160475e-06
3.276692405402324877e-03,4.321143103039383888e+06,4.458265187439481220e-08
-2.371176984761870152e-03,5.172291724921924062e+06,3.344962211882463763e-08
-3.251166171605608841e-03,5.815473578264487907e+06,7.949608830630729779e-08
-3.781429870990653946e-03,2.941424385373635218e+06,2.751216254374912167e-08
5.804984528250187528e-03,2.229339729787627701e+06,3.724362071864371368e-08
1.107492751793039132e-02,1.833698202298187243e+05,9.171381394605364676e-10
7.674163809019236837e-02,7.310340099117615260e+06,6.998976658371283232e-05
-1.919907925948556105e-03,9.106273472779982258e+05,6.797346839335980028e-10
-2.023054284709107243e-03,3.186908900655663107e+06,9.243823009604577477e-09
1.156181859124924376e-02,7.731003246369564440e+05,1.776729296583998872e-08
3.087542670808976833e-02,1.170057568960835051e+05,2.902268899472386371e-09
5.289972725212926594e-03,5.198896018451306154e+05,1.682001500294151263e-09
-5.778554126010690579e-03,1.019579803554216778e+05,7.719302671397891252e-11
6.445369163457033423e-02,1.446818287630556617e+06,1.933841266747442622e-06
-2.825511063126465161e-03,5.875402875321866013e+06,6.128674802654284666e-08
-2.083546594864740462e-02,2.320244715035347268e+06,5.197222010245331856e-07
3.216579305927484093e-03,2.405427318482219707e+05,1.331282599211911819e-10
-2.247513885283920071e-02,5.925339863468714757e+05,3.943924100710121392e-08
-1.816697305595654788e-02,3.716546348686432466e+05,1.013774822339657068e-08
-1.092886850521957755e-02,4.060045299808244221e+06,4.378339259069402996e-07
-4.145963772029746114e-02,1.749789127694289491e+05,1.170360575004014407e-08
9.470565875602479644e-02,7.494978714745759033e+06,1.120443384526830210e-04
-1.794614574870797424e-02,1.046103993514912203e+06,7.837712911349614729e-08
-9.571191134789013011e-02,1.352360295243564178e+05,3.725752931316070726e-08
-5.175663776189240103e-03,5.534540596149367047e+05,1.824704389189359515e-09
-2.327348695783526197e-03,2.021105854042813182e+06,4.920375908677544272e-09
-3.320182422110838638e-02,3.862323150029466487e+06,3.656944395305195165e-06
2.431157263884100792e-02,6.400400769211407751e+06,5.384404688513310144e-06
1.398896562615077437e-02,1.039134277145325177e+05,4.699068740380672404e-10
-8.595021841471281107e-03,4.326062660112907179e+05,3.074516520487309526e-09
-6.587559472232831781e-02,1.463485307186663616e+06,2.066917212218328916e-06
-3.677806244085925561e-03,5.508817447558771819e+06,9.128337816094220800e-08
9.146974654483056716e-03,3.509490520440244116e+06,2.291608102968373978e-07
-1.178155038621595159e-02,1.058175897696197033e+06,3.456351249506571159e-08
-2.806441700610283474e-02,5.755578301439814968e+05,5.802127038122415224e-08
-5.871136904979516735e-02,1.397198613508251437e+05,1.496435345210139464e-08
-3.217218090858823924e-03,2.405126351695066318e+06,1.331478162889616038e-08
-4.893744698695232792e-02,1.108210331994553329e+06,6.540700422832938484e-07
8.426844991677133814e-03,2.502969938335562765e+05,9.893239625970000309e-10
2.342039021872613716e-02,1.602338294732197246e+05,3.131799340763020180e-09
-3.822729478674741221e-02,5.458509565790732391e+06,9.682612086891274599e-06
2.407203754710375218e-02,2.566219948268450680e+05,8.486150077059760920e-09
-1.363189936331678925e-02,3.926527785163437366e+05,6.371289557658877792e-09
-7.665483102616231503e-02,5.299862175726170652e+06,3.670332957097537969e-05
-5.295060769104066589e-02,1.045639710947923741e+05,6.817156821554403024e-09
4.033114906890823692e-03,1.019675047101197648e+06,3.760988668732921353e-09
1.667925725225401874e-03,5.615551684399469523e+05,1.950902306335719709e-10
-2.227741928833586963e-03,4.083900437393966713e+05,1.840675788257032179e-10
6.854359733676709636e-03,7.781094678341669962e+06,6.325756013591050124e-07
6.654153751872529839e-03,5.815155585459333379e+05,3.329703719281871381e-09
1.767277859343821186e-02,4.103473920318464283e+06,1.169527071114372563e-06
-6.374225798593788177e-03,2.630130589749371284e+05,6.250384908137801201e-10
1.478534625237631905e-02,2.937950157011233270e+06,4.196131567753992619e-07
4.813603238384557559e-02,4.062501198926280253e+06,8.504031028576704632e-06
-1.324919289516788504e-03,6.177119525409701280e+06,1.489526061822352415e-08
-8.391416963867621634e-03,1.853747093748487066e+06,5.381072206053464750e-08
-5.887796713143578220e-02,4.200881080395535682e+05,1.360453302558698905e-07
-3.215547262890511033e-03,5.823595643646488898e+05,7.798112030591852086e-10
-5.694057915033295253e-02,1.513034573670943733e+06,1.650588118965404122e-06
5.347633380903977704e-03,5.376203859944381984e+05,1.838111949205995508e-09
1.681183627756902346e-02,1.712033870715005905e+05,1.842265670504237549e-09
2.720692308352535421e-02,3.072920818818477448e+06,1.554385898553067814e-06
-2.923267491334223533e-02,3.626663090336908936e+05,2.499474953425232928e-08
3.736463437358283034e-03,8.673897283678902313e+06,2.335862497680540216e-07
-4.098087743299769214e-02,4.640033007967304438e+05,8.040848805917856350e-08
5.219380113882571975e-02,6.096797973046589177e+05,2.251846132386390260e-07
-1.271664910154494260e-02,2.634954832670089789e+06,2.496830013041183158e-07
3.980629698698998076e-02,3.374596730972199701e+06,4.012772801366020567e-06
1.431676299457559920e-02,4.046724487328378018e+05,7.464387833312005281e-09
-2.358829238207178075e-02,4.283033453984643333e+06,2.269829250597352909e-06
-3.084950080474114370e-02,4.597203805204262026e+05,4.472816148061791294e-08
7.779544330119276749e-03,7.656773209013359156e+05,7.890365796465811921e-09
-9.327765410836097795e-03,2.002584439902422600e+05,7.759507472832295284e-10
1.527791996308466198e-03,3.699075566151707899e+05,7.102514324193874231e-11
-2.682086410427705209e-02,5.691175899712075479e+06,5.181396165110872821e-06
8.668004370935439296e-02,2.417061651606453117e+06,9.761373934228486225e-06
-8.891333612576525491e-02,5.662932717243058607e+06,5.637854524022794129e-05
2.774835220927053189e-02,1.366186309651400661e+06,3.195887662963273715e-07
-2.520862516199422199e-02,3.257011300036482047e+06,1.499112075115583407e-06
7.592941233386628352e-02,2.363693304103120754e+05,7.163076305680559149e-08
7.289270257678304166e-02,6.837722706029111519e+06,5.524440808554573781e-05
-1.140190062058027420e-02,9.205064401607486652e+05,2.449657772522660354e-08
4.785662395099541527e-02,5.243858590762458742e+06,1.400500634661494560e-05
2.471465679203156685e-02,1.156365912802832900e+05,1.816339302593348057e-09
1.361328195699073674e-03,1.107554795303989202e+06,5.055374964584030699e-10
4.761345939730337110e-03,3.038115786754084984e+05,4.653346223730082855e-10
-2.150336089559610683e-03,1.848607625447279424e+05,3.513981077153420283e-11
-7.104850526304021252e-02,8.657313040650917217e+06,8.413435790004581316e-05
3.343933827009409627e-03,8.658320665192069719e+05,1.864146036833872898e-09
-9.213073143373065599e-02,5.301295446259221062e+06,5.304815767325240210e-05
-5.552559852565451710e-03,2.825983454537401907e+06,5.475489839451120366e-08
-1.192620169030701553e-02,1.024825480451198382e+05,3.322013396378537865e-10
-6.124098781826625704e-03,2.486687947147944942e+06,5.157321478484019172e-08
4.816702516616158669e-03,2.041186700022081612e+06,2.149623295051423174e-08
7.812488105237684263e-03,1.643148340756091347e+05,3.664624948775511028e-10
-3.588715517117596621e-02,1.857442322855334496e+06,9.881115811500043365e-07
1.433317374054490952e-02,5.781189479941881262e+06,1.526920368327593303e-06
1.875767578917557701e-02,1.715066500634860015e+06,2.301533121543436998e-07
1.347107766045221346e-02,2.868263012037840090e+05,3.320013694524027055e-09
1.472285836245465669e-02,5.844016503777124453e+05,1.646282592782203032e-08
3.249550966469489516e-02,1.307304775573761202e+06,4.013263281364043613e-07
3.210334823805937546e-03,4.308690587863218971e+06,4.254891853050269689e-08
5.465814988036193922e-03,1.596629692627057200e+06,1.693618184664518653e-08
3.598489465929415564e-03,2.152819267991980596e+05,1.334605362085594999e-10
1.763231075725117322e-02,3.924722248061284889e+06,1.064960666387260720e-06
-6.641974984340808658e-03,2.264075249085593503e+06,5.028905048315115719e-08
-4.062976735492800084e-02,2.559412844818512909e+06,2.404731609139276596e-06
-9.453078519511773359e-02,1.628508328809373488e+05,5.270159377496768552e-08
-6.394032639475967852e-03,6.507177002807992976e+05,3.849746995110351086e-09
-5.563404092184955074e-02,6.628451284247939475e+05,3.024144921164795855e-07
6.100736923477845242e-03,6.881750584071432240e+06,3.919762039404056613e-07
4.636523562590772612e-03,6.519741148324138485e+05,2.032089817410613440e-09
-8.528244894522099551e-02,1.457505616284915595e+05,3.435872585104252843e-08
4.767345442881813777e-03,1.911343699059530627e+06,1.846409700582381829e-08
6.025131112781038391e-03,1.913333122895449400e+06,2.955367100334829360e-08
9.322552377399141027e-03,2.457100321289551910e+06,1.166843716988275233e-07
3.090012230662668273e-03,5.679971451778709888e+06,6.850305707858472213e-08
-7.736255237664902557e-03,1.264421658184931730e+05,2.127858195671200100e-10
-1.478646974549075420e-02,1.739037007008151268e+05,1.470428448453169132e-09
8.193487303880411451e-03,1.042996928787173936e+06,1.624055549635752529e-08
-1.092472595800779260e-02,1.355399562724002753e+05,4.875880309669295523e-10
-4.009152762028039829e-03,2.748637835780496243e+05,2.700458456415266574e-10
-1.030341095554287122e-02,2.831995090028173872e+05,1.893408345318863184e-09
8.740778841333400606e-02,2.598622996537213679e+06,1.147318691952522924e-05
2.501999719341514716e-03,5.944994639495370211e+05,4.920108708498464863e-10
4.172585545658010625e-02,2.817153107410331722e+05,3.072760070025248103e-08
6.674602494233751460e-02,1.622578029425516725e+06,2.608310234844606770e-06
8.889967620851554897e-02,1.513781962650644360e+06,4.027395320512459739e-06
-3.066702321837547641e-03,3.079517490879528224e+06,1.983379612496319946e-08
1.290904975514484132e-03,2.058561788159350865e+06,1.570412031276233707e-09
-4.796831742445156060e-02,5.041764369243420660e+05,1.300682538948459603e-07
-9.997980358670933293e-03,2.026165902084690169e+05,9.125818223093153970e-10
1.134273905681617949e-02,3.443430709450212889e+05,3.392468543241917773e-09
2.565818058980049582e-02,6.303107885225234786e+05,5.816455995990532858e-08
2.820786649243301261e-02,4.780433333920328878e+05,4.043637928908166827e-08
1.614982183170666835e-03,2.451942367725166550e+05,3.487010357730964081e-11
-4.658833022253162232e-03,9.680916273322969675e+06,4.523602849121864370e-07
4.777698668996374631e-02,2.029600505184182664e+06,2.091008920088727688e-06
1.625829199712845383e-02,1.595329167877304426e+05,1.496055482589471773e-09
-3.418186780321505469e-02,3.843110906067381147e+06,3.837555472607890717e-06
-1.038247309161345134e-03,3.380801280828061863e+05,2.739921797465117100e-11
8.094260552653678720e-03,1.626322922234059079e+05,3.853587079567422845e-10
-1.076487515137522846e-02,4.140179370562919648e+05,4.417266068966059862e-09
8.150295514155357288e-03,2.196479069785938773e+05,7.126857912517059455e-10
-2.255012641233450701e-03,1.782617242796605569e+05,3.593448442669200956e-11
-7.741004307482000045e-03,1.392629986658434151e+06,2.584421548226400082e-08
-3.688124258745422747e-03,6.821388289557346143e+05,1.407517756855133617e-09
-1.233162187746282600e-03,5.188509063891148544e+05,9.103802115023182354e-11
5.258635724970424363e-02,1.671913525467687519e+06,1.718980886715606563e-06
-8.669585444434592045e-03,1.788827215660170186e+05,5.348483992779515364e-10
2.589418934761061972e-03,3.164890418154110201e+06,1.493548205231987439e-08
3.743152807735870141e-02,1.243649033550269203e+06,4.819123293230485557e-07
-1.060113194811420148e-03,1.148967702585886145e+05,3.299266309877568289e-12
7.549617574441182775e-03,5.120222591741064098e+05,3.322957903638037965e-09
1.969859431508628328e-02,3.278286481560634915e+06,9.273881206298614330e-07
-3.846830761581338659e-02,5.598858768816446885e+06,1.031578865999763120e-05
-9.253055402749403580e-02,2.571593869157328270e+06,1.259135124141441754e-05
1.698476325971120301e-03,3.951963578150124522e+05,1.001940918193601577e-10
-3.874320524367490942e-03,1.279925926074717660e+06,5.468371578095660053e-09
9.703475960945043277e-02,2.079692764032641659e+06,9.056289157115856702e-06
-6.463447131953511948e-02,1.674038871188421734e+06,2.603494882424851400e-06
1.517701293785477055e-03,6.532350255279864650e+05,2.185791763242755303e-10
5.437397954859108512e-02,4.096867386668683030e+06,1.103527860448784347e-05
-4.813397644423087450e-03,3.642588967118228786e+06,6.836299301004458242e-08
1.497389013646207093e-02,2.141808810605635401e+06,2.287325316152248651e-07
-6.589145093030134015e-02,1.102363136435086344e+05,1.173288342653592672e-08
-3.390025677696475396e-03,4.060522027954157675e+05,4.213732556758596936e-10
7.229270699132901191e-03,7.693707993962184526e+06,6.879511849802555296e-07
-9.435687622038974043e-02,8.512840863863080740e+05,1.434806679244465135e-06
-1.009398634362386818e-02,2.614561659391059657e+05,1.548889560819795046e-09
1.930753546810281412e-02,4.751121776795325801e+06,1.871299308883253147e-06
1.041937400281109025e-02,7.661339153551133350e+06,1.417065358573817883e-06
-5.935446442557157365e-02,4.495193058948526159e+06,1.583072222561631679e-05
3.838315528331269488e-02,4.130028781461843755e+05,5.588364856907602798e-08
2.277570866025148758e-03,5.979359702986764023e+05,4.124301523759302996e-10
-1.018176082105463898e-03,6.609734893306139857e+06,1.007189324792126271e-08
-2.121901020990799372e-02,1.816093961515865230e+05,3.302357776675682501e-09
-2.539455535684509088e-02,8.095246421990618110e+05,9.398068869156975700e-08
-3.701037589947422241e-02,3.711870884741374291e+06,4.196912983675306950e-06
-8.821107010782597291e-02,2.371476544579145848e+05,9.731529396466975546e-08
2.007109474314843454e-03,4.043520266994549893e+05,1.464733521783067770e-10
-1.439935256407201937e-03,1.419201403026585001e+06,9.286910175337460316e-10
9.467930067637806216e-03,8.117178019875527825e+05,1.313461885568107637e-08
4.321268581233088379e-02,9.133654717003701255e+06,3.464247801777103474e-05
7.834280234418679323e-02,1.817087706302542472e+06,4.506581560825966602e-06
2.959245898534154304e-03,4.691228602034490556e+06,4.285806431134836678e-08
6.197580110909080807e-03,4.882630522018195479e+05,2.036335217415943836e-09
-1.818677172949775475e-03,8.489070807021949440e+06,5.300645914918847122e-08
9.228777334855780765e-03,7.502494298494570889e+06,1.066097522654012093e-06
3.101004717906340885e-02,4.235944544338517822e+06,3.837095745456012249e-06
-2.385667701485445422e-03,5.479965167481328361e+06,3.800780140566739636e-08
6.955001777470031649e-03,5.149610611454230384e+05,2.852597670532913606e-09
1.157190402719027178e-02,2.232251665417678654e+06,1.483860957406811480e-07
-4.535249066588869712e-03,5.493604801755478838e+05,1.380429919686846185e-09
5.205889462201302581e-02,1.252196145762866945e+05,9.450001135597948215e-09
7.923054697515805045e-02,6.891490818109146785e+05,6.629929685415359591e-07
-5.924317320722249230e-02,3.045265915729241678e+05,7.238095659308433414e-08
-2.851868053878753653e-02,2.957988098657583469e+05,1.582519068590032000e-08
2.734645617954776283e-03,1.880187078478255309e+06,5.878973279263188195e-09
1.101207249930514099e-03,1.111098421024784620e+05,3.329204210798812597e-12
1.934409295646834052e-03,5.854521255191320088e+05,2.852178919085476058e-10
-4.042225383837640823e-02,1.698669701161261182e+06,1.048470417263739320e-06
-9.285024747885189944e-02,2.708363751877769828e+06,1.406298025773592481e-05
-4.479886221188528195e-02,5.843581158307151636e+05,1.524015481698221570e-07
2.482504073603120087e-03,9.428931596605133265e+06,1.218434423599790266e-07
4.614050952559689556e-02,2.023935700136766536e+06,1.939346651350944530e-06
-1.236269387295113207e-03,1.626857735636073863e+06,8.995444626798301545e-10
1.106271064875296445e-02,1.959231870876935543e+06,1.044701049184660036e-07
-4.793513348059584567e-02,5.992781702112648636e+05,1.835109775345059574e-07
1.229119338971787359e-03,9.810987119832905009e+06,3.233782194550631165e-08
1.099916095155500928e-02,2.842558509229397750e+05,2.173878113650082519e-09
-2.996149478566736621e-03,1.304542695880158572e+05,3.397353973547738033e-11
6.451482248810354314e-02,1.049287976143870037e+05,1.019073847362996126e-08
3.472798986096893581e-02,1.980111110392023111e+05,1.051563888704731977e-08
-5.906435536206266698e-03,2.836201729234790895e+06,6.240543605936600014e-08
-4.419914927877897394e-03,2.393225799538784660e+06,2.488240892946341610e-08
7.829423402785440703e-03,9.634435949879951775e+06,1.265346294317790656e-06
-2.865483922672286497e-03,6.472360382706538774e+06,7.649245233130605109e-08
6.132398387013524715e-02,6.207659299881601706e+06,3.222654283990954459e-05
-6.937083878183082641e-02,2.098541140819640830e+06,4.712877130487793633e-06
2.323504350958050056e-03,1.723271449892859091e+05,3.565263364537829090e-11
3.767002395195699280e-03,1.297375654615908425e+05,5.311540916852160877e-11
-8.765078943869557965e-03,3.504519647651794367e+06,2.098291941591027593e-07
6.245485616132845363e-02,6.865079281127264258e+05,4.088093212034615933e-07
-3.816432337823990467e-02,1.584809046915245417e+05,8.135163169494419885e-09
-1.348974280553140144e-03,9.227330032036852092e+06,3.445535254642630070e-08
3.848281407274734001e-02,2.328241393178981263e+06,1.785200121981188977e-06
3.106027609862156702e-02,6.538720602443100652e+05,9.172620701184608010e-08
-8.472165804821149560e-02,4.450974974365117960e+06,3.162251800652994652e-05
-5.999844233930053811e-02,2.682510954101484967e+05,5.760500381333416790e-08
-8.295157113132614612e-02,1.377495545114426350e+05,2.903533818221629863e-08
-9.386173089906661715e-02,2.744695103329640697e+05,1.475919201947737869e-07
4.157335006067518907e-02,6.638557199372026371e+05,1.693849023457115935e-07
-3.128003386778445416e-02,1.634876819087791489e+06,5.815696735009643661e-07
3.322207335765160058e-02,3.252023234406895936e+06,2.595720911145390798e-06
5.498315949320568483e-03,2.804266180717620067e+06,5.286827051316736790e-08
2.591590079215793166e-03,4.757916788269325159e+06,3.381143107264356972e-08
-4.747073971600773885e-03,3.521663811164823128e+05,6.215055882415525267e-10
2.979847094143497129e-03,2.405343428726708982e+06,1.142455768281576054e-08
7.248704622988333401e-02,7.955238346494381316e+06,7.394766221601016553e-05
-4.216178462511189183e-03,3.363804998815760482e+05,4.472978849190760770e-10
3.657436999217923267e-03,4.197459236539189704e+06,5.241117941925736640e-08
-1.446823702345167778e-03,3.789518229264927213e+05,6.684924111213429877e-11
-3.546143192267606215e-03,1.846887315237982839e+05,9.538730617726881386e-11
1.645550903131452053e-02,4.314992045258187689e+06,1.121191745653913221e-06
-1.065206422033421413e-03,8.698708170648917556e+06,1.909300669901668553e-08
-1.310622054839552172e-02,9.845015688485851511e+06,3.702414339945070593e-06
8.959619041550159410e-03,3.118730931340177776e+05,1.736329539674611919e-09
1.377477208146219226e-03,7.982576678151805885e+06,2.688761567302868148e-08
-1.896439969942738737e-02,3.380579600307930959e+05,9.140243875285538467e-09
-7.976354509207615739e-02,5.044923008240837953e+05,3.600934584329875602e-07
3.062837584809235871e-03,5.415022103025242686e+05,6.117101030554920460e-10
1.143542117272206698e-02,6.327922597265874501e+05,1.164458180163637178e-08
-6.557329885385950949e-03,1.044355045534608944e+05,1.042911975364497968e-10
1.249231269547590364e-03,1.014014709229737782e+05,3.568382931354484123e-12
9.503723132147738617e-02,3.445802319121080800e+05,2.384874444339691837e-07
-1.740138127760468625e-02,1.667492900962604326e+05,1.872374352179695731e-09
-7.712089801243240950e-02,1.170012741599247092e+05,1.810600304109206414e-08
4.063197152919934690e-02,1.829756214845443610e+06,1.229191372589150654e-06
-4.702357685514645808e-02,1.873313652992941497e+05,1.725637494873275802e-08
5.835507447191887881e-03,3.032128062495165970e+06,6.962249545280645799e-08
-5.622836742682379117e-03,3.766369780167240184e+06,9.973649727462060515e-08
1.758750509009965367e-03,1.149000561241934629e+05,9.081261976848430347e-12
3.131100416471522575e-03,1.499327628188259667e+06,4.900995796985152319e-09
-2.620293242927937416e-02,6.497576197372124298e+05,6.446141087130376544e-08
5.023202684696788031e-03,5.920740188427424291e+05,1.967028546872182707e-09
-3.977901875408123428e-02,4.855630660389694385e+05,8.296533528272068482e-08
1.204125986593564644e-02,1.365121817374645732e+06,6.008747078368351021e-08
8.419446560047480488e-02,5.498112345871265046e+06,4.765314402511978514e-05
4.713017612792363281e-02,1.211453374149622250e+05,7.249512177814247934e-09
-1.410684522588697516e-03,8.854660848281539511e+05,3.469771826834566001e-10
-1.738163071939886548e-02,1.229495931239516707e+06,1.015622889174219731e-07
3.447432740310157895e-02,1.968329344333974645e+06,1.023963292899073483e-06
-1.193873315352605817e-02,3.139727864179573022e+06,3.124623937105576011e-07
8.142249446688004655e-02,6.548346656641222537e+06,6.321925610834426817e-05
7.368222658508506197e-03,1.631761746369350585e+05,3.214668749062079176e-10
-3.485620812574562796e-03,7.780725636070308276e+06,1.635677703438919475e-07
-4.102049560829258007e-02,3.741334545203745365e+05,5.237838997931110064e-08
6.322278319987102713e-02,3.883784006223913748e+06,1.340771004498561599e-05
-8.976931003693171263e-03,4.095506548005002551e+05,3.005856712788831809e-09
-4.080398469639375664e-02,2.468405939614058298e+05,2.255981677250435367e-08
-9.630289421103219172e-02,7.648715248952122638e+05,1.206571089720546434e-06
-1.723101530539022756e-03,3.638801526492130943e+05,8.742501657828493318e-11
-1.192317613319786047e-03,5.792560052518743323e+05,1.060772517199475352e-10
-1.014355115747148268e-02,2.823047884871868300e+05,1.823533674650150517e-09
1.760267355963844593e-02,3.131268276358848903e+06,6.756084563242954678e-07
-1.156676213474512258e-02,1.429391667076518934e+05,6.078876939481947969e-10
1.208218178628380369e-03,4.117630530962300953e+06,5.504054592468255878e-09
5.247461500622780349e-03,3.618788341203582240e+05,8.019035522811071723e-10
1.867092742749582729e-02,1.157491758493737289e+05,1.038639529092255117e-09
1.866223536289108361e-03,1.548210423662482528e+06,1.856455525239459314e-09
-6.212725960860927821e-03,1.052468819692333782e+05,9.507801855919752905e-11
7.837675138171048064e-03,1.261421230076796608e+06,2.173662132835832036e-08
3.542370644025136933e-02,2.180169234324516437e+05,1.326372974587811391e-08
-2.762379805167173522e-03,1.271141978422244720e+05,2.741903422088807686e-11
5.034057989973647618e-02,3.288777016677360982e+06,6.095404568663401036e-06
-8.358435768809343441e-03,3.819448316223699600e+06,2.266462535800808471e-07
1.520513149609197499e-02,2.855600533689099364e+06,4.192494678887324033e-07
-2.563926040761202452e-02,3.520897614575357642e+06,1.812237152787414188e-06
1.626715100597387123e-02,1.109432440867785044e+05,7.243058096836723842e-10
-1.502302018833454045e-02,1.057596800987130031e+06,5.613736312959253526e-08
1.421730980532768390e-02,8.868048374590862542e+06,3.534990180118438489e-06
-3.605085401557790985e-03,3.616467083516386920e+05,3.780048726923450624e-10
4.958989534411553657e-03,1.555735732582760276e+06,1.323595517293413335e-08
4.779263064256597179e-03,1.023863943490972597e+05,5.324803928331038327e-11
-1.536097244072246945e-03,6.870154219162734225e+05,2.476667143332047256e-10
-6.721910504053141278e-02,9.539440469376643887e+05,9.143837653869245032e-07
-2.147989382063225997e-03,1.149695513077077223e+06,1.356210754206789592e-09
-1.079101761731228936e-03,1.820269455101242056e+06,8.580121082124670472e-10
-1.014630174680169160e-02,4.920611020221188664e+06,5.543076446943457511e-07
2.793490913031069361e-02,1.700609336998650688e+05,5.018811619937475217e-09
3.195953656740770088e-02,9.457927160460425075e+05,2.031842905182415392e-07
-1.537989589517176764e-02,2.407945445566464041e+05,3.049982368055007066e-09
1.999223926098250663e-03,1.141080435760544147e+06,1.157317846900111732e-09
-2.071636996096358138e-02,7.015109664806793444e+06,4.696707304644379138e-06
-8.028238738784174156e-02,6.583391414995134110e+05,6.212081740493029115e-07
2.667386025054625451e-02,1.378295985805951350e+05,3.005757753585047382e-09
-3.813792006053207811e-02,4.133363712182098068e+06,5.526096994926041870e-06
7.033002186211913948e-03,4.618391302909979597e+06,2.346173951080926993e-07
-5.181086150274784308e-02,7.190859260669484502e+05,3.086742883987015459e-07
-4.470675776587960254e-02,3.458041024332380388e+06,5.315007514879211603e-06
1.368485381469167032e-03,1.796107926088116656e+05,1.343514736147644866e-11
1.647059472978938677e-02,1.149377679390261037e+05,7.969688203391580155e-10
-1.352880364649374986e-02,2.945959727994058048e+05,3.532398152418997628e-09
-1.676902533237348628e-02,1.068834332070383680e+05,7.143872300869557252e-10
-2.483442930207790597e-02,6.192085480391337769e+05,5.258713434291120638e-08
2.464429234971852664e-02,2.348056607604950259e+05,7.446412322101480190e-09
5.596240508296763776e-03,4.539682270076225512e+06,1.435294127180301470e-07
3.979400664589882383e-03,1.544118157896088669e+05,8.396410186672952221e-11
4.408878059965633776e-03,3.492495320950358291e+05,5.272603226564804826e-10
1.259167767426137884e-03,2.176465984254565847e+05,1.670198981098236015e-11
-2.896304911812327965e-02,5.683263554421385052e+05,6.025337868621467467e-08
-1.238165732896208751e-02,8.009823149479124695e+05,2.187261285427562699e-08
1.947977002048367767e-02,3.593822097225546022e+05,1.089878412290310371e-08
-8.371525545470420021e-03,4.133072285205146298e+06,2.662272253793553665e-07
5.303275206036474343e-02,1.090214468788540922e+06,7.433775872944419520e-07
-5.165090059879318823e-02,3.945937173450484872e+06,9.237477204790792466e-06
-2.269180869629318191e-03,6.965627949383081868e+05,5.555920538261066285e-10
7.951133334174388667e-03,3.643926730331509840e+06,1.866786256266891479e-07
-5.012768343673116786e-03,4.846240857208601665e+05,1.312388782675793208e-09
-1.728499051105105268e-03,1.951138891482884355e+05,2.529367376446756354e-11
-1.787098300497855100e-03,1.827498115967011312e+06,2.371963544461984482e-09
9.309518414475791495e-03,6.974954279302834766e+05,9.376362978739384307e-09
1.652697817424716303e-03,1.203205028778036823e+06,8.793533741914282719e-10
9.277816122545214095e-02,1.685097845711909700e+06,5.435493981288950008e-06
-4.793981591462399827e-02,9.050210736705159070e+05,4.186078406688197172e-07
-7.972703546902357857e-03,9.409968033637039363e+06,1.251655402653166610e-06
1.716981007228276720e-02,1.429230143177109421e+05,1.339160303143017130e-09
1.719699692133900854e-03,4.576111120420245454e+06,1.377195519276581233e-08
-3.502685222532212622e-02,1.420594148422358267e+05,5.506041920783513350e-09
-6.279429009990421251e-02,1.072567024443517439e+06,1.008756722335574239e-06
-6.631638432535098479e-03,1.522808522685939970e+05,2.267929382109841016e-10
-3.536948947542934134e-03,1.370450848173245322e+06,5.224945453716350058e-09
-3.114315800878483115e-02,1.136433949654754950e+06,2.785549930458507103e-07
2.973057503088299275e-02,7.176206602942544036e+06,1.012263869366757879e-05
1.337884599177441075e-03,7.719151678992593661e+05,2.371776212079465807e-10
-9.064578816244274473e-02,1.227516735768794751e+05,2.753260812015220579e-08
3.599711019790693186e-03,2.782722425492811599e+05,2.231373656421944789e-10
1.808869367811268697e-02,1.344607959573157132e+05,1.315536840521171322e-09
-6.216193792019632236e-02,2.003163655749154976e+06,3.448094859748206389e-06
1.539760910052804903e-02,2.081784730733766919e+06,2.284943512396965438e-07
9.132619747327001825e-02,7.320850906861812808e+06,9.940566292423978225e-05
-8.383558893775023765e-03,1.869650569036756642e+05,5.463550752420809668e-10
-6.422141472993579681e-02,2.695134227361792582e+05,6.662201842617946420e-08
-6.804814492062815148e-03,2.098110462754646142e+05,4.533008464689300964e-10
-2.076021050737880680e-02,4.565878966868729331e+06,1.998064695802071086e-06
5.036805181980758689e-03,4.977304560013370356e+05,1.397642146986919146e-09
1.291326127848715314e-03,3.229166504424726591e+05,3.866784821247984762e-11
1.180875024618589786e-03,1.175287332656221464e+06,4.283445405268015031e-10
2.067234745616311573e-03,5.422668756458049174e+05,2.794492800411618512e-10
-4.307280453872698589e-02,6.089199052528679604e+05,1.529762086965226235e-07
2.112574759815292590e-03,6.716287288054140517e+05,4.476926386437278936e-10
-2.276283988714476649e-03,5.514020035319484770e+06,3.503376538600249193e-08
4.573440537236495539e-03,5.046272550388730131e+06,1.184471813888758402e-07
-1.260298862291358776e-02,3.519846148515592213e+05,4.376144973395968662e-09
2.305994802202265999e-03,5.470827750172863714e+06,3.539321228162373720e-08
-7.507850538894551319e-03,6.646234881167401560e+06,5.537068013037335103e-07
-2.121003577887624249e-03,1.262597020458226034e+05,1.594812287076599540e-11
-1.230034164189568917e-03,8.533231916356765432e+05,2.449958325071177619e-10
1.509992324053524614e-03,6.332787506256389432e+06,2.033464341653406850e-08
1.920922324293088124e-02,3.183163618429483613e+05,8.314474065247232235e-09
-1.726231161621887260e-03,2.195705925936006475e+06,3.194798727449539230e-09
1.876801424496171060e-03,4.355043272607922554e+05,1.485658008946994265e-10
-2.464167115044368223e-02,1.169238041696603876e+06,1.846049913364882304e-07
-1.537141577490732649e-03,3.131246565244009253e+05,5.151806274223535401e-11
-1.656924774284653044e-03,4.343650438075771090e+05,1.151894139022115120e-10
-5.663838420006237287e-03,6.562265475004756823e+06,3.072037778777000275e-07
-1.470622185517719881e-03,3.511089666681124829e+06,5.929025505312019436e-09
-2.678104577645744333e-03,2.034744833860427607e+06,6.603470212762787022e-09
6.147415381145060476e-02,5.305688129157163203e+06,2.365733425322822552e-05
3.928847566528231514e-03,2.263909405237089086e+05,1.759323469479373277e-10
-1.384209682172872838e-03,2.722819178807294462e+06,3.158919930007354860e-09
1.383091500657821805e-02,1.611522338316949899e+05,1.104769651197625998e-09
-1.097604958716996270e-03,6.130396970218971837e+05,1.006854156189429336e-10
-8.001367804564600561e-02,3.001892601222045487e+05,1.282968578591603528e-07
3.828112048293827105e-03,2.870129698581657372e+06,2.684538134888835344e-08
-1.428118782848315955e-02,5.006437093546041287e+05,1.136798363840330686e-08
-1.636212024497735390e-03,8.699216781268848106e+06,4.505434883747225417e-08
5.733191860180111496e-03,3.976652974896385567e+05,1.155914173642215574e-09
1.213163163039250028e-03,9.922566727168118581e+06,3.222431811876953713e-08
1.817160208385956016e-02,1.157014256437432923e+05,9.830171786878866492e-10
-1.747219537777048529e-03,4.643837028197818436e+06,1.464017087095212569e-08
2.184820185315035097e-03,3.143483469521014486e+06,1.048940880067563461e-08
1.213829978318174338e-03,1.473831740997766610e+05,7.117193602512986764e-12
1.889886694475551715e-02,4.204171787831092952e+05,1.403879047797110849e-08
4.043971915955185334e-03,8.047851940569064580e+06,2.355447713146384870e-07
1.448641319709050371e-02,1.882348060854670592e+06,1.653555778526360861e-07
-3.632710936765315857e-03,8.612646493404744193e+06,2.176868410694306435e-07
-1.166149538651150945e-02,4.211699757929345360e+05,5.364392512869682418e-09
-6.190762248204562113e-02,3.829542251084004529e+05,1.249911409660807171e-07
-3.236629687225733853e-02,7.585482169096922502e+06,1.340447041971765936e-05
-2.087814263790643832e-02,1.304700010094731406e+05,1.650069750007561871e-09
3.011324912625508443e-02,2.582792571300188720e+05,1.345214506008535267e-08
-3.660660969850861122e-03,2.752045273343875888e+05,2.256978470411488859e-10
-1.060243593970263158e-03,9.916395945351449773e+06,2.458194728097236711e-08
7.569079007804764558e-02,5.596087341586871073e+06,3.989810747767068744e-05
1.360412057601734052e-02,9.921487656629957259e+06,4.051275599945343582e-06
4.932032686005671102e-02,4.821254233932664618e+06,1.257387704612344485e-05
-4.908640451344973253e-03,1.669755901463342598e+06,1.493914245836865794e-08
1.252339026709087429e-02,6.998710730620967224e+06,1.708351240562211732e-06
-3.736375719940341483e-02,1.616129924915564770e+05,8.108693349713197331e-09
-5.677785591064594267e-03,7.907294468496575952e+06,4.482404564510939692e-07
-4.085474954537524767e-02,2.782123331740114372e+05,2.872996601053125221e-08
-1.013346319052760985e-02,8.945684897275017574e+05,1.827427819754476389e-08
-1.674708132458967852e-02,2.921792052757417783e+06,5.324442189214596906e-07
7.296087866508052522e-03,1.207375009070692817e+06,1.725685803110889436e-08
-1.767258451959371340e-02,1.187391977018547914e+05,9.792320187854534377e-10
3.107105322443510023e-03,1.936683857934862142e+06,8.052424579941569538e-09
2.906499140758667804e-02,3.285677932389097987e+05,2.028091898207111375e-08
8.668456593937484689e-02,1.290779523334887635e+05,2.784100720247212515e-08
-9.805397955668136711e-02,7.914289481670867652e+06,1.339218876424986822e-04
-1.079698917425423853e-03,1.167370587933495408e+06,3.532808334923539303e-10
1.023103024593308152e-02,1.825616406206498155e+06,7.758094181611125121e-08
-8.893964928912327650e-02,4.266162955717032892e+05,3.201569664186724859e-07
-2.498025107980117107e-03,1.453352704661587486e+06,2.931115251702464096e-09
2.309533233972178856e-02,2.569896467527778877e+05,7.833880411362709549e-09
-1.507108185508899967e-02,5.507027331088946667e+05,1.531865274855010860e-08
1.315164664093267446e-02,1.176287279068159405e+06,5.322115736943163753e-08
-6.948414812635710092e-02,1.131118283358617336e+05,1.373677453476926495e-08
-5.413176158115458672e-03,3.704603613988436991e+05,8.943037735764971984e-10
-4.351612917421279932e-03,1.279609808546735148e+05,6.895295548961736636e-11
1.518675566534546419e-02,5.856790980806089006e+06,1.759327584959486883e-06
7.390389029395812159e-02,3.155485638326297514e+06,1.209384133878951938e-05
2.064750525417430229e-03,7.258135859616048634e+06,4.994391783473840672e-08
2.306750024042898348e-02,4.258529588863708079e+06,2.145940401988287533e-06
5.578369249708404684e-03,3.685011201446480700e+05,9.397003563578620580e-10
-1.238058931160167069e-02,1.616746952224231325e+06,8.909718589535489618e-08
3.470719605269722511e-03,1.891603030593326839e+05,9.585092554680717013e-11
-2.081528517289310889e-02,1.170245812379316340e+05,1.319520592634128279e-09
-1.392109210645125572e-03,2.276133235667718400e+05,2.232745511386552764e-11
3.315528761054865881e-02,4.508222973711374798e+05,4.968366506325311094e-08
1.881596890546543112e-03,9.666139437688041478e+06,7.356250933695028942e-08
-5.568739232542562097e-03,1.047500755843385414e+05,7.566929780377461641e-11
9.191482692889044182e-02,1.104033562750416808e+06,2.289986649588785149e-06
5.602771576310724283e-03,2.403786383174824005e+05,4.033618547709394017e-10
3.038056318391607266e-03,1.434495810316935531e+05,4.223645498513007452e-11
2.482173160052244306e-03,1.101128685934361711e+05,1.661259794563025054e-11
2.237478756032567836e-02,3.746343768450051546e+06,1.562537122296045695e-06
-3.502420011675565908e-02,8.157315841377410106e+06,1.815215777792547166e-05
4.624282225228989497e-03,1.063483860612525837e+06,5.378333405187464507e-09
-2.403440714654125985e-03,3.711004746095149894e+05,1.769078473229056596e-10
-1.121900987459891787e-02,1.433084453527097066e+05,5.748438381191573395e-10
-1.187953887814042521e-02,3.699723211016092100e+05,4.295709312739312693e-09
8.657485584256471856e-02,8.519075376925552264e+06,1.209666702786375050e-04
-1.759883639362434153e-03,6.418209388335531112e+05,2.837219403272534710e-10
5.094289595455280678e-03,2.845530937610886176e+05,4.672949992342560435e-10
3.584548457752270885e-03,6.611136258917303756e+06,1.248873293708775326e-07
2.861325903652700044e-03,4.276535843487344682e+06,3.329784569263377490e-08
8.262695981901564679e-02,1.512859520548419969e+05,3.474865530218854782e-08
3.222327480694703317e-02,3.849956696680697612e+06,3.422538089085590400e-06
5.156856534812819665e-02,6.700346743130045012e+06,2.654983982474904303e-05
2.967365276893292603e-03,1.953058593256047927e+06,7.469126530010363626e-09
-1.406709072560193181e-02,1.758001898899436928e+06,1.360017532524189217e-07
-1.444942450546170308e-03,1.214177490899322293e+05,6.844830622871669922e-12
6.725178852716094668e-02,1.467053487449676031e+06,2.164695548551895062e-06
7.560629454136775195e-03,2.137553045548094378e+05,5.808272188494814882e-10
3.082459068655569318e-02,4.781990640890811570e+06,4.831804243449889149e-06
2.815826110225618569e-03,1.551231906394850928e+06,4.242895853775511451e-09
2.725513821554670021e-02,1.441680808319389122e+06,3.433462135463599559e-07
-3.482535936178166730e-02,3.469060892389728106e+05,3.245729403228743860e-08
-1.681055852653308078e-02,1.730482215606572863e+05,1.881896858180093834e-09
8.915769257048081209e-02,1.609322370650137018e+05,4.578265639645301320e-08
-1.608036750054066613e-02,1.788855101773717906e+06,1.840091919029181113e-07
-1.655256966078078344e-03,5.618919253602041863e+06,1.923683771805967717e-08
-3.604362843506912772e-02,3.129867629653714132e+06,2.830128790983102282e-06
2.482642995119866032e-03,2.846334847692098119e+05,1.110446846225052144e-10
-6.807808427217984515e-02,1.138792951788100909e+05,1.336599960227493387e-08
7.733553862125917833e-02,3.271775424628186505e+06,1.423713003358629463e-05
2.397220399631224200e-03,3.448506236560098478e+05,1.519760706069663356e-10
-3.027108007092984329e-03,1.792261112467193452e+05,6.545693229227523407e-11
5.098644847591530214e-03,1.355052580913904356e+06,1.061497728975863098e-08
4.748076487824540691e-03,2.156016363775928621e+05,2.330433791397306800e-10
4.471582183415990369e-02,9.773095824345013127e+06,4.247016993000313862e-05
-8.477552259711271243e-02,3.086978780997361755e+05,1.523019592933897332e-07
-1.117728098373356634e-02,8.985402436153970659e+06,2.243079435927901096e-06
8.444868925453529254e-03,7.544457934879449196e+06,9.026910981327911066e-07
3.834009746505270561e-03,5.855080520674119703e+06,1.120648514072034463e-07
4.046496688642623948e-03,6.106074518642790616e+06,1.357625008518166276e-07
-2.544914125891550860e-02,3.715558249252612586e+05,1.988344642923872381e-08
-2.140093137515013122e-02,1.950254461857874645e+06,3.873871044654032653e-07
-2.473208628667749112e-02,1.251693742692106869e+06,2.131154418730959106e-07
-2.165582072030123456e-02,1.412476101239898708e+05,2.080696622230152860e-09
2.540260749927051795e-03,8.587474662041440606e+06,1.058241487257620650e-07
1.404344432849073503e-03,1.782461252956685203e+05,1.393428600549268900e-11
2.251808042451844752e-02,8.318676233413543086e+05,7.803122514360474957e-08
1.526539875032338189e-03,5.189066775292017846e+05,1.395378655558422031e-10
-1.445891781781191883e-02,2.046343205729638226e+06,1.946819899686156684e-07
1.915236503035921620e-02,2.019847540256335633e+06,3.327968837817074746e-07
-8.506103089078181564e-03,1.582612515873291297e+06,4.030024867984276165e-08
2.136409309619292582e-02,1.050607828429783985e+05,1.120333801328352150e-09
3.924722225178271275e-03,8.905791425384610891e+06,2.716815455838633056e-07
1.386232563390469436e-02,2.058707105685944203e+06,1.811167307801921676e-07
1.592270812404670069e-02,4.299677021230985411e+06,1.042324117675752388e-06
-3.790404032355704743e-03,8.272374022862800397e+06,2.186394799118693956e-07
9.046875385059886115e-03,5.794933083092768677e+06,6.112112194499813893e-07
-1.897486723454988589e-02,1.537606319714496145e+06,1.892975760432648044e-07
1.390943542096047475e-03,1.202363707455754047e+06,6.219965463312395978e-10
2.290896889158697616e-02,1.625630297388371546e+05,3.084266558524290059e-09
-2.210950959179040602e-03,4.307236506941106636e+05,2.016753912616694914e-10
1.211111624583663393e-03,3.492922109145012219e+05,3.979636432261933052e-11
-1.475614375908097711e-03,9.077694380362385884e+06,3.990195000615986794e-08
1.517018511507907830e-03,1.795195687114949687e+05,1.649311182495162774e-11
-2.091220786027111686e-02,5.029622951970021240e+05,2.460185660711425436e-08
2.064775935887917802e-02,5.111301761195105501e+06,2.476886772084935629e-06
8.903208310245211421e-02,2.700377176471347921e+06,1.285402610023556696e-05
-8.376834004685125221e-03,2.421735908152830380e+05,9.151886642230860871e-10
3.283868112509274323e-02,4.292514655590092880e+05,4.418676801843255797e-08
4.899846301335821115e-03,3.119019456698946306e+05,5.193956797196643271e-10
5.096549645578412474e-02,8.677449645462094340e+05,4.349446296829708302e-07
5.314047306815594326e-03,3.953026542098333593e+05,9.813129809317641949e-10
3.769125288575575668e-03,3.671496409600444022e+05,4.258578077790399909e-10
-6.517147744005637178e-02,4.275320429551343550e+05,1.726432980294089196e-07
3.960822043825860950e-02,4.482901203191407025e+06,7.011101375246134327e-06
9.956889439814336010e-03,6.964418594414317049e+06,1.069336406085673575e-06
1.483069977511124529e-02,6.961191513117401861e+06,2.370214776485108481e-06
-4.042617193294919219e-03,4.222336720786160789e+06,6.479301904219774479e-08
-3.451336280322209876e-02,7.081522075265750289e+06,1.328388265809012131e-05
3.542861176068564689e-03,1.555536647021709243e+06,6.754077119868632034e-09
2.438110073728343586e-03,9.059422746889673872e+05,1.084937998801619153e-09
1.111311563581083737e-03,2.657304265350246569e+05,1.939328976270351462e-11
6.967964092184442126e-02,5.906885292397846933e+05,3.767264671635336944e-07
8.728234330418294801e-03,8.742630884301341139e+05,1.294894334943383291e-08
1.015954172387230261e-03,7.250983034960954450e+06,1.206811013752926012e-08
-7.709370923883876459e-02,8.691877979072093964e+06,9.985328921033832989e-05
-1.291013869836572922e-03,6.558810870271767490e+05,1.594444042693179133e-10
-1.086881804058305008e-03,2.381173640248339216e+05,1.489512043919162262e-11
-1.259509063250131324e-02,2.622019259875129443e+06,2.425334247270806624e-07
-2.899973955741023957e-02,7.815715588002668228e+05,1.142412482914106973e-07
-1.022868628433864320e-03,1.066696502084250969e+05,2.647394792446535245e-12
8.534614555224924459e-02,2.941303852883439977e+06,1.401344322331854891e-05
9.830252405607852254e-03,1.445776105872566404e+05,4.491885471112954938e-10
-2.705721607406828128e-02,2.418675469116485328e+05,9.523984282080231923e-09
-7.793956847018346408e-03,2.570489750454136636e+06,8.925755728131098276e-08
2.673923915427729031e-02,6.060834177240652964e+06,5.840636062219284319e-06
6.878834095305218048e-03,3.787108445885014371e+05,1.509184735787413960e-09
3.463395885356761877e-02,1.265909660433418117e+06,4.274712901680820647e-07
1.211254651057772080e-03,5.158921792015187093e+05,8.683324960243989924e-11
-1.550371949772066807e-03,8.594140006062591448e+06,3.947970545856092864e-08
8.350150871051327528e-02,1.280400037164674723e+05,2.542009981212312666e-08
2.347618778501143338e-02,2.754592412490384653e+06,9.299660491651387840e-07
6.068455925041678183e-03,5.740165892316494137e+05,2.698376476398398927e-09
5.679513743383490798e-02,7.696186125250014011e+05,4.248843007464573779e-07
4.372466642419967769e-02,5.268855487790253945e+06,1.180273984338608386e-05
-1.367916832432732564e-02,8.355913425949244760e+06,2.905390426522107253e-06
-7.481423527979592925e-02,6.858903742693805834e+05,5.855650517169940297e-07
-7.608752373880012243e-02,3.308337958957193187e+05,1.409106722695965961e-07
3.815635850549096292e-02,6.235067345718333963e+05,1.258674370852414734e-07
3.904621210506300372e-02,5.883629583780629328e+05,1.173669218748588127e-07
