t,A,dA_dt
15.555110931396484,2.3946573734283447,1.8264317986904643e-05
39.59592056274414,2.3956222534179688,-0.0006322828703559
22.40848159790039,2.3935837745666504,0.000741881376598
2.328465700149536,1.969720482826233,0.2522156834602356
31.974395751953125,2.393712282180786,0.0006552537088282
18.21964454650879,2.3950321674346924,-0.0002343601954635
12.818563461303713,2.3940134048461914,0.0004523764364421
14.810961723327637,2.39477801322937,-6.310317985480651e-05
10.586116790771484,2.392965793609619,0.00115814327728
8.857771873474121,2.3887698650360107,0.0039808480069041
49.72594451904297,2.3953304290771484,-0.0004355613782536
33.522705078125,2.3941218852996826,0.0003792844945564
7.417483329772949,2.3791146278381348,0.0104508614167571
19.887977600097656,2.395447969436645,-0.0005148348282091
5.017003536224365,2.317682266235352,0.0507961884140968
34.0388069152832,2.3950297832489014,-0.0002327221591258
14.75094985961914,2.394777297973633,-6.264439434744418e-05
31.002201080322266,2.3950858116149902,-0.000270615768386
0.6241248250007629,1.3306897878646853,0.4972424805164337
37.987598419189446,2.3927407264709477,0.0013096812181174
26.033206939697266,2.394965410232544,-0.0001894063316285
38.22764587402344,2.3930630683898926,0.0010925420792773
16.46729278564453,2.394371509552002,0.0002109432098222
44.69693756103516,2.395403861999512,-0.0004850718250963
26.021203994750977,2.3949780464172363,-0.0001979220978682
3.612722635269165,2.2028450965881348,0.1223889365792274
48.5377082824707,2.39434814453125,0.0002267950621899
21.59231758117676,2.394111633300781,0.0003860712458845
26.765352249145508,2.3940794467926025,0.0004078929196111
49.37787628173828,2.3952229022979736,-0.0003630490391515
32.44248962402344,2.393234968185425,0.0009767726296558
39.847969055175774,2.3958797454833984,-0.0008060623076744
15.903181076049805,2.394545316696167,9.389542537974192e-05
43.3166618347168,2.3932368755340576,0.0009754736092872
6.457291603088378,2.365269660949707,0.0196674298495054
12.962592124938965,2.3940885066986084,0.0004016936582047
22.15643119812012,2.393681049346924,0.0006763283163309
22.62452507019043,2.3935725688934326,0.0007493064040318
39.979995727539055,2.395963668823242,-0.0008626218186691
31.79435920715332,2.393963575363159,0.0004859402833972
15.351070404052734,2.3947110176086426,-1.794722629711032e-05
25.37307548522949,2.395458221435547,-0.0005217830766923
21.628326416015625,2.394078731536865,0.0004083148378413
24.44889068603516,2.3952879905700684,-0.0004069010610692
25.973194122314453,2.3950273990631104,-0.0002312419674126
6.169233798980713,2.359199523925781,0.023685585707426
37.51950454711913,2.3927750587463374,0.0012866349425166
5.26905393600464,2.329641103744507,0.0430538058280944
38.32366561889648,2.3932285308837886,0.00098118185997
38.215644836425774,2.3930435180664062,0.0011056828079745
0.1200240030884742,1.0661964416503906,0.5476227402687072
14.162832260131836,2.3946771621704106,4.967052973370301e-06
43.72474670410156,2.394007682800293,0.0004561342066153
15.879176139831545,2.3945534229278564,8.83873290149495e-05
23.24864959716797,2.3939995765686035,0.0004616970254573
50.0140037536621,2.3952884674072266,-0.0004071607545483
36.01920318603516,2.39534068107605,-0.000442376040155
38.76775360107422,2.394123077392578,0.0003784071886911
17.151430130004883,2.394378662109375,0.0002061953709926
44.516902923583984,2.3952438831329346,-0.000377157877665
33.54671096801758,2.394164085388184,0.0003508043300826
23.092618942260746,2.393841505050659,0.0005681122420355
34.90298080444336,2.3959989547729488,-0.0008865136187523
43.62872695922852,2.393824338912964,0.000579766347073
30.126026153564453,2.3956704139709477,-0.0006648189737461
50.55411148071289,2.3949182033538814,-0.0001575720816617
21.04020881652832,2.394643545150757,2.7641281121759675e-05
36.96739196777344,2.3935809135437007,0.0007437600870616
41.74435043334961,2.3939149379730225,0.000518619257491
21.292259216308597,2.394398927688598,0.0001924349198816
41.12022399902344,2.3951685428619385,-0.0003263820835854
48.08161544799805,2.39368748664856,0.0006719304947182
34.31486129760742,2.3954508304595947,-0.0005166773917153
26.513301849365234,2.394395589828491,0.0001946777192642
27.37747573852539,2.3934803009033203,0.0008116098470054
5.521104335784912,2.3398396968841557,0.0364082753658294
33.36667251586914,2.3938555717468266,0.0005587330088019
32.13042449951172,2.39351749420166,0.000786461518146
29.981996536254883,2.395663022994995,-0.0006598446052521
49.221843719482415,2.395120143890381,-0.0002936792734544
29.32186508178711,2.395256519317627,-0.0003857553529087
0.7081416249275208,1.3720219135284424,0.4865346252918243
13.874774932861328,2.3945698738098145,7.73412175476551e-05
31.566312789916992,2.3943016529083248,0.0002581355220172
14.282856941223145,2.3947112560272217,-1.799717574613169e-05
13.730746269226074,2.394504308700561,0.0001215015508932
47.51750183105469,2.3930618762969966,0.0010934659512713
46.29325866699219,2.39438271522522,0.0002034693752648
7.153430461883545,2.3759856224060054,0.0125401746481657
43.772754669189446,2.3940985202789307,0.0003949349338654
37.69953918457031,2.3926656246185303,0.0013602732215076
45.65713119506836,2.395254373550415,-0.0003842790029011
33.894779205322266,2.3947842121124268,-6.716196367051452e-05
47.70954132080078,2.3932092189788814,0.0009941876633092
39.33186721801758,2.395230770111084,-0.0003683988761622
42.800559997558594,2.3925578594207764,0.001432855380699
38.575714111328125,2.3937201499938965,0.0006499452865682
39.307861328125,2.3951900005340576,-0.000340861006407
11.222244262695312,2.393640518188477,0.0007035206654109
19.359872817993164,2.3955190181732178,-0.0005626829224638
10.790158271789553,2.393242359161377,0.0009717588545754
48.76575469970703,2.394652366638184,2.1602365450235084e-05
31.39827919006348,2.394551038742065,9.004526509670541e-05
31.86637306213379,2.3938605785369877,0.0005553895025514
48.45368957519531,2.39422869682312,0.0003072716644965
48.10562133789063,2.39372181892395,0.0006488192011602
20.14002799987793,2.3953399658203125,-0.0004419948090799
20.596118927001957,2.3950369358062744,-0.0002376384509261
8.82176399230957,2.3886451721191406,0.0040645082481205
33.966793060302734,2.3949084281921387,-0.0001510396978119
17.823564529418945,2.39475417137146,-4.696857286035083e-05
27.149429321289062,2.393655300140381,0.0006936603458598
33.42668533325195,2.393955945968628,0.0004911073483526
32.382476806640625,2.393275260925293,0.0009496610728092
24.160831451416016,2.395040512084961,-0.0002399846271146
4.764953136444092,2.3037896156311035,0.0597227588295936
28.097620010375977,2.393669843673706,0.0006838415283709
27.92958641052246,2.3935086727142334,0.0007923816447146
25.781156539916992,2.395205497741699,-0.0003513154806569
41.09621810913086,2.395209789276123,-0.0003542409394867
53.31466293334961,2.39467453956604,6.758302333764732e-06
27.893579483032227,2.3934807777404785,0.0008112295763567
25.985197067260746,2.395015239715576,-0.0002230259560747
47.7695541381836,2.3932769298553467,0.0009486002381891
48.2856559753418,2.393983840942383,0.0004721911100205
14.822964668273926,2.39477801322937,-6.305380520643665e-05
18.711742401123047,2.3953287601470947,-0.0004344519693404
16.971393585205078,2.394336462020874,0.000234676990658
46.18523788452149,2.3945555686950684,8.699001045897603e-05
36.8233642578125,2.3938558101654053,0.0005585711332969
0.6001200079917907,1.3187175989151,0.5002048015594482
36.295257568359375,2.3948781490325928,-0.0001305317418882
10.922183990478516,2.393390417098999,0.0008720301557332
16.923385620117188,2.3943309783935547,0.0002383609389653
22.732545852661133,2.3935976028442383,0.0007324392790906
24.00480079650879,2.394878625869751,-0.0001309111685259
32.27445602416992,2.393365859985352,0.0008885902934707
19.227846145629883,2.395503520965576,-0.0005523258587345
47.55351257324219,2.3930776119232178,0.00108284864109
23.284656524658203,2.394038677215576,0.0004352740943431
47.949588775634766,2.3935041427612305,0.0007954078610055
24.820964813232425,2.3954811096191406,-0.000537177955266
45.057010650634766,2.395547151565552,-0.0005816214252263
13.298659324645996,2.3942759037017822,0.0002754191518761
4.5729146003723145,2.2916789054870605,0.0674449205398559
39.763954162597656,2.3958077430725098,-0.0007574360934086
36.57131576538086,2.3943524360656734,0.0002237673761555
35.99519729614258,2.395376682281494,-0.0004666531749535
53.42268371582031,2.394804716110229,-8.104513108264656e-05
23.416683197021484,2.3941888809204106,0.000334122829372
15.807161331176758,2.394577741622925,7.199681567726657e-05
20.932186126708984,2.3947453498840328,-4.095783515367657e-05
38.17963409423828,2.39298677444458,0.001143951783888
25.73314666748047,2.395244598388672,-0.0003776893136091
9.27785587310791,2.390012264251709,0.0031456474680453
36.175235748291016,2.3950891494750977,-0.0002728868566919
44.7929573059082,2.395465612411499,-0.0005267449305392
11.342267990112305,2.393709659576416,0.0006569969700649
13.958791732788086,2.394604444503784,5.388431600295007e-05
23.608722686767575,2.394417524337769,0.0001800013851607
27.30546188354492,2.3935267925262447,0.0007801604224368
36.1152229309082,2.3951892852783203,-0.0003403528535272
51.37027359008789,2.3939573764801025,0.00049009534996
33.24665069580078,2.3936655521392822,0.0006866959738545
50.35007095336913,2.3950977325439453,-0.0002786759869195
27.845569610595703,2.3934500217437744,0.0008319744956679
22.33646774291992,2.3936030864715576,0.000728742335923
37.20744323730469,2.3931660652160645,0.0010231494670733
11.30626106262207,2.393690586090088,0.0006697955541312
45.74114990234375,2.3951656818389893,-0.0003244157996959
47.349468231201165,2.393054246902466,0.0010984813561663
14.45089054107666,2.3947474956512447,-4.239548434270546e-05
37.00339889526367,2.393514633178711,0.0007884640363045
15.735147476196287,2.394601583480835,5.593755486188456e-05
23.64472961425781,2.3944606781005855,0.0001507997221779
21.664333343505856,2.3940463066101074,0.0004302266461309
38.09561920166016,2.3928651809692383,0.0012258867500349
33.25865173339844,2.393683910369873,0.000674415146932
52.9065818786621,2.3941507339477535,0.0003597080067265
41.888378143310554,2.3936147689819336,0.000720979005564
2.892578601837158,2.092712879180908,0.1863290071487426
39.70394134521485,2.395747661590576,-0.0007169033633545
9.68593692779541,2.3910892009735107,0.0024212659336626
1.884376883506775,1.8441287279129028,0.3134081363677978
49.47389602661133,2.3952698707580566,-0.0003946362121496
5.3530707359313965,2.3332281112670894,0.0407209433615207
53.90278244018555,2.395275354385376,-0.0003983980859629
12.782556533813477,2.393995523452759,0.0004644023429136
38.65973281860352,2.393895149230957,0.0005320277996361
0.756151258945465,1.3952298164367676,0.4801975190639495
8.233646392822266,2.38592529296875,0.0058906702324748
37.84356689453125,2.3926596641540527,0.0013642351841554
4.188838005065918,2.262502431869507,0.0858208760619163
11.258251190185549,2.393663167953491,0.0006883914466015
30.090017318725582,2.395671367645264,-0.0006655249744653
50.14603042602539,2.395230770111084,-0.0003682510869111
5.161032199859619,2.3247406482696533,0.0462328791618347
23.66873359680176,2.394489526748657,0.0001313500688411
34.122825622558594,2.3951659202575684,-0.0003245625994168
16.959392547607422,2.3943347930908203,0.0002357439516345
48.6937370300293,2.3945600986480717,8.383421663893385e-05
0.4560912251472473,1.2454447746276855,0.5169545412063598
25.553110122680664,2.3953697681427,-0.0004620894032996
3.3486697673797607,2.1676232814788814,0.1433425694704055
17.571514129638672,2.394586563110352,6.604831287404521e-05
7.597519397735595,2.380977153778076,0.0092055043205618
29.71794319152832,2.395570755004883,-0.0005975526873953
2.6285257339477535,2.0398194789886475,0.2153815329074859
19.059812545776367,2.395465850830078,-0.0005268764216452
2.8445689678192134,2.0836634635925293,0.1913761347532272
9.26585292816162,2.3899803161621094,0.0031671528704464
52.894577026367195,2.3941354751586914,0.0003700816305354
4.908981800079346,2.311979055404663,0.0544695369899272
15.687137603759766,2.394617080688477,4.549478398985229e-05
22.516502380371094,2.393568754196167,0.0007519766222685
36.499298095703125,2.394493341445923,0.0001288365747313
1.5723145008087158,1.7390031814575195,0.3598316609859466
17.691537857055664,2.39466404914856,1.3801726709061768e-05
13.862772941589355,2.394564628601074,8.083732245722786e-05
32.886577606201165,2.3932366371154785,0.0009756116778589
30.990198135375977,2.3951001167297363,-0.0002802736707963
16.083215713500977,2.3944840431213374,0.000135103953653
53.014602661132805,2.3942906856536865,0.0002655164571478
5.653130531311035,2.3445358276367188,0.0333351679146289
6.517303466796875,2.366382837295532,0.0189290549606084
22.08441734313965,2.3937222957611084,0.0006485265330411
3.852770566940308,2.2303409576416016,0.1057028174400329
10.502099990844728,2.3928346633911133,0.0012463574530556
19.707941055297848,2.395496129989624,-0.0005473443889059
12.914583206176758,2.3940629959106445,0.000418984243879
6.577315330505371,2.367450714111328,0.0182204116135835
37.06341171264648,2.393406867980957,0.0008610786753706
22.64852905273437,2.3935763835906982,0.0007468364783562
27.737546920776367,2.393406867980957,0.0008610349032096
53.63872909545898,2.3950419425964355,-0.0002410151646472
46.26925277709961,2.3944215774536133,0.0001772825053194
45.22504425048828,2.3955302238464355,-0.0005703312344849
31.674335479736328,2.394140243530273,0.0003669160651043
16.2032413482666,2.394444942474365,0.000161471645697
43.96479415893555,2.394449472427368,0.0001583721168572
44.88897705078125,2.39551043510437,-0.0005569397471845
7.609521865844727,2.381093740463257,0.0091275488957762
46.329265594482415,2.3943240642547607,0.0002429903688607
29.357872009277344,2.395292997360229,-0.0004102274251636
8.209641456604006,2.3857808113098145,0.0059875780716538
47.361473083496094,2.393051624298096,0.0011003686813637
44.12082290649414,2.3947126865386963,-1.8973951227962967e-05
53.23064422607422,2.394569396972656,7.762813766021281e-05
45.621124267578125,2.395289182662964,-0.0004077740013599
40.316062927246094,2.396007776260376,-0.0008923395071178
40.38807678222656,2.3959851264953613,-0.0008770751301199
41.468292236328125,2.394497871398926,0.0001257937110494
5.617123603820801,2.343297004699707,0.0341466963291168
23.056612014770508,2.393808603286743,0.0005904087447561
38.671733856201165,2.393920421600342,0.0005150308134034
33.12662506103516,2.393494844436645,0.0008017846848815
21.46029281616211,2.3942360877990723,0.0003022437158506
23.464693069458008,2.394245147705078,0.0002961015852633
27.83356666564941,2.39344334602356,0.0008363830856978
47.289459228515625,2.3930752277374268,0.0010843601776286
4.548909664154053,2.2900590896606445,0.0684735253453254
51.69433975219727,2.3936245441436768,0.0007143478142097
41.576316833496094,2.3942716121673584,0.000278356106719
24.604921340942383,2.395388126373291,-0.0004743815225083
35.275054931640625,2.396031141281128,-0.0009081025491468
51.38227462768555,2.3939433097839355,0.0004995225463062
0.0600120015442371,1.033210277557373,0.551612377166748
31.01420211791992,2.395071506500244,-0.0002608661307021
52.04240798950195,2.3934431076049805,0.0008365922840312
7.345468997955321,2.3783085346221924,0.0109894275665283
8.041607856750488,2.3846826553344727,0.0067240241914987
29.42988586425781,2.3953611850738525,-0.0004562692192848
44.97299575805664,2.395535469055176,-0.0005737845785915
19.86397361755371,2.395455837249756,-0.0005201276508159
41.72034454345703,2.39396595954895,0.0004843649512622
44.70894241333008,2.39541244506836,-0.0004908991395495
23.128625869750977,2.393876075744629,0.0005448883166536
8.989797592163086,2.3891966342926025,0.0036939240526407
23.956790924072266,2.394825935363769,-9.530944225843997e-05
36.55931091308594,2.394376039505005,0.0002078705438179
19.93598747253418,2.3954310417175293,-0.0005033760680817
15.651130676269531,2.3946282863616943,3.78332297259476e-05
46.317264556884766,2.394343614578247,0.0002297884202562
48.921783447265625,2.3948371410369877,-0.0001029630366247
44.76895523071289,2.395451784133911,-0.0005173925310373
27.58151626586914,2.393401861190796,0.0008644512854516
24.48489761352539,2.3953132629394527,-0.0004240256967023
10.13002586364746,2.392138719558716,0.0017150861676782
28.709741592407227,2.394479751586914,0.00013804534683
37.49549865722656,2.3927969932556152,0.0012718583457171
20.164031982421875,2.39532732963562,-0.0004334633704274
29.177835464477536,2.3950982093811035,-0.0002789948775898
52.27045440673828,2.393484592437744,0.000808598822914
12.674534797668455,2.39394760131836,0.0004966979031451
8.809762001037598,2.38860297203064,0.004092963412404
48.26165390014648,2.393948793411255,0.0004959116340614
14.438887596130373,2.3947453498840328,-4.0960243495646864e-05
13.706741333007812,2.394492626190185,0.0001293001987505
3.144629001617432,2.1364574432373047,0.1614880114793777
30.13802719116211,2.39566969871521,-0.0006642943480983
43.676734924316406,2.393916130065918,0.000517806969583
3.5887176990509038,2.1998670101165767,0.1241789162158966
46.101219177246094,2.3946852684021,-4.903047852167219e-07
2.400480031967163,1.9875763654708865,0.2430143505334854
40.46009063720703,2.395951271057129,-0.0008542640716768
27.401479721069336,2.3934667110443115,0.0008207352366298
34.75895309448242,2.395917654037476,-0.0008315957384184
37.783557891845696,2.3926522731781006,0.0013691700296476
35.93518829345703,2.395463228225708,-0.0005250491667538
44.30086135864258,2.394981622695923,-0.0002003638655878
5.893178462982178,2.352039337158203,0.0284076165407896
2.484496831893921,2.00757098197937,0.2325638085603714
25.805160522460938,2.395185232162476,-0.0003375539090484
38.92378616333008,2.3944509029388428,0.0001574661728227
17.11542320251465,2.394367456436157,0.0002137540868716
25.769153594970703,2.395215511322021,-0.000358053977834
51.10622024536133,2.394279956817627,0.0002727209357544
12.866573333740234,2.39403772354126,0.000435900845332
33.39067840576172,2.393895387649536,0.0005319304182194
46.233245849609375,2.394479274749756,0.0001382990885758
31.87837600708008,2.393843650817871,0.0005667672958225
24.54490852355957,2.395352602005005,-0.0004505228425841
9.001800537109375,2.3892335891723637,0.0036692197900265
45.34506988525391,2.395486354827881,-0.00054062489653
22.096418380737305,2.393714904785156,0.0006534031708724
44.288856506347656,2.394965171813965,-0.0001891645952127
1.8123624324798584,1.8211400508880613,0.3239358365535736
0.8401680588722229,1.4350991249084473,0.468770682811737
7.873574733734131,2.383423328399658,0.0075679337605834
31.842369079589844,2.39389443397522,0.0005324538215063
13.310662269592283,2.3942825794219966,0.0002708839601837
6.601320266723633,2.367865562438965,0.0179448388516902
2.6645328998565674,2.047494649887085,0.2112328857183456
20.56011199951172,2.3950653076171875,-0.0002567293995525
35.8991813659668,2.395512580871582,-0.0005584491882473
22.816562652587887,2.3936331272125244,0.0007085567340254
22.75655174255371,2.393606424331665,0.0007266147295013
52.0304069519043,2.3934450149536133,0.0008353297016583
35.1910400390625,2.396046638488769,-0.0009186934912577
13.394679069519045,2.394329309463501,0.0002393673348706
9.709941864013674,2.391150951385498,0.0023797571193426
18.987796783447266,2.3954436779022217,-0.0005119558773003
32.80255889892578,2.3931884765625,0.0010080401552841
9.409881591796877,2.3903601169586186,0.0029117872472852
28.253650665283203,2.393852949142456,0.0005604781908914
22.2884578704834,2.3936200141906734,0.0007173677440732
46.90538024902344,2.3934292793273926,0.0008458442171104
31.57831573486328,2.394283533096313,0.0002702405618038
3.288657665252685,2.158829927444458,0.1484998762607574
20.70414161682129,2.3949482440948486,-0.0001778186560841
51.11822509765625,2.394264936447144,0.0002828134747687
10.046009063720703,2.3919565677642822,0.0018375591607764
41.348270416259766,2.3947417736053467,-3.8629186747130007e-05
41.31226348876953,2.394812822341919,-8.648937364341691e-05
37.56751251220703,2.392735958099365,0.0013128983555361
49.5459098815918,2.395296335220337,-0.0004125919076614
48.56171417236328,2.394381523132324,0.0002041883562924
14.954991340637209,2.3947727680206294,-5.946521559963002e-05
42.656532287597656,2.3925554752349854,0.0014343947404995
18.2076416015625,2.395023822784424,-0.0002288201794726
13.262652397155762,2.3942556381225586,0.0002890567702706
51.946388244628906,2.393467903137207,0.0008198453579097
51.46629333496094,2.393848180770874,0.0005636326968669
42.59651947021485,2.392580032348633,0.0014178256969898
36.15122985839844,2.395129680633545,-0.0003001943114213
50.482097625732415,2.394986391067505,-0.0002035538200289
12.626524925231934,2.3939309120178223,0.0005078966496512
24.928985595703125,2.3955066204071045,-0.0005543790175579
49.80996322631836,2.3953304290771484,-0.000435500027379
8.353671073913574,2.3866035938262935,0.005435517989099
46.34126663208008,2.3943045139312744,0.0002562167646829
1.0202040672302246,1.5172075033187866,0.4431117177009582
10.9941987991333,2.393461227416992,0.0008243884076364
21.700340270996094,2.3940141201019287,0.0004517703491728
51.71834182739258,2.3936047554016118,0.0007276111864484
26.657331466674805,2.3942136764526367,0.0003173225850332
10.322064399719238,2.3925211429595947,0.0014576043467968
33.77475357055664,2.3945717811584477,7.60238617658615e-05
35.32306289672852,2.3960161209106445,-0.0008979949052445
34.11082077026367,2.39514684677124,-0.0003116974548902
7.501500129699707,2.380010843276977,0.0098518533632159
35.635128021240234,2.395814657211304,-0.0007620748947374
29.28585624694824,2.395218849182129,-0.0003603601071517
44.01280212402344,2.3945329189300537,0.0001021054486045
7.717543601989745,2.382100343704224,0.0084539307281374
45.129024505615234,2.3955464363098145,-0.0005811665323562
49.59391784667969,2.395310163497925,-0.0004217921814415
25.51710319519043,2.395390510559082,-0.0004760715528391
4.272854804992676,2.269517183303833,0.0814322009682655
40.40008163452149,2.3959801197052,-0.0008737947791814
26.093217849731445,2.3949007987976074,-0.0001457766629755
0.7801560163497924,1.4067187309265137,0.4769745171070098
17.415483474731445,2.3944954872131348,0.0001274422247661
47.33746719360352,2.393057584762573,0.0010962748201563
10.730146408081056,2.39316725730896,0.0010224843863397
41.85237121582031,2.393688678741455,0.0006710885791108
41.43228530883789,2.3945720195770264,7.577727228635922e-05
32.20244216918945,2.39343786239624,0.0008401754312217
52.69053649902344,2.393882751464844,0.0005403228569775
2.9525904655456543,2.1036899089813232,0.1801647096872329
36.0072021484375,2.3953585624694824,-0.0004545786068774
50.53010559082031,2.394941568374634,-0.0001732652599457
32.49049758911133,2.3932085037231445,0.0009945607744157
38.8157615661621,2.3942246437072754,0.0003100369067396
26.68133544921875,2.3941836357116695,0.0003376234089955
49.38987731933594,2.3952295780181885,-0.0003674690378829
39.55991363525391,2.395575523376465,-0.0006008817581459
18.039608001708984,2.3949065208435054,-0.0001496993209002
24.72494506835937,2.395446538925171,-0.0005138440756127
21.088216781616207,2.3945975303649902,5.86640126130078e-05
5.5691137313842765,2.3415966033935547,0.0352595522999763
1.7163432836532593,1.78930926322937,0.3381662666797637
6.985396862030028,2.373746633529663,0.0140330027788877
45.48909759521485,2.395399570465088,-0.0004820981703232
11.066213607788086,2.3935251235961914,0.000781390175689
6.937387466430664,2.3730752468109126,0.0144801791757345
10.646129608154297,2.3930532932281494,0.0010992262978106
44.63692855834961,2.3953568935394287,-0.0004533302562776
20.9921989440918,2.394689083099365,-3.077405608564732e-06
40.32806396484375,2.396004676818848,-0.0008903231355361
13.358672142028809,2.3943095207214355,0.0002528175537008
16.635326385498047,2.39434027671814,0.0002320721541764
38.44368743896485,2.3934543132781982,0.0008290279656648
4.320864200592041,2.27335786819458,0.0790214762091636
7.849569797515869,2.3832294940948486,0.0076976907439529
23.008602142333984,2.3937666416168213,0.0006185671081766
46.84536743164063,2.393510103225708,0.0007914020679891
17.007402420043945,2.3943419456481934,0.0002308714902028
2.5685136318206787,2.0266873836517334,0.2224269956350326
12.146429061889648,2.393866777420044,0.0005512005300261
6.46929407119751,2.365496158599853,0.0195172820240259
5.2810564041137695,2.330165147781372,0.0427131429314613
26.225244522094727,2.3947501182556152,-4.430726039572618e-05
9.469894409179688,2.3905179500579834,0.00280557340011
42.020404815673835,2.393352746963501,0.0008975399541668
27.317462921142575,2.393518447875977,0.0007858083699829
17.367473602294922,2.39447021484375,0.0001444176159566
41.36027145385742,2.3947179317474365,-2.2508449546876363e-05
1.3202641010284424,1.6434652805328367,0.3981709480285644
53.12262344360352,2.3944308757781982,0.0001709776988718
38.15563201904297,2.3929505348205566,0.0011684544151648
13.658731460571287,2.3944690227508545,0.0001452360302209
15.3150634765625,2.394719123840332,-2.3424408936989494e-05
25.205041885375977,2.395505666732788,-0.0005536777316592
8.965793609619139,2.389122247695923,0.0037439716979861
43.208641052246094,2.3930482864379883,0.0011025358689948
18.267654418945312,2.39506459236145,-0.0002563107409514
25.277055740356445,2.3954896926879883,-0.0005428906297311
51.99440002441406,2.3934526443481445,0.0008300865301862
10.190037727355955,2.392263174057007,0.0016311878571286
37.66353225708008,2.39267897605896,0.001351200742647
44.216842651367195,2.394861221313477,-0.0001191910851048
52.354469299316406,2.3935418128967285,0.0007701104623265
43.19664001464844,2.3930280208587646,0.0011161159491166
11.162232398986816,2.39359974861145,0.0007310599903576
6.421284198760985,2.3645787239074707,0.0201255325227975
15.951189994812012,2.394528865814209,0.0001049395650625
49.053810119628906,2.39497447013855,-0.0001955255575012
11.76235294342041,2.3938395977020264,0.0005694656865671
30.426084518432617,2.395587205886841,-0.0006086850189603
1.488297700881958,1.708223819732666,0.3725864887237548
32.34646987915039,2.3933029174804688,0.0009309705928899
43.88077545166016,2.394299030303955,0.0002598894352559
14.834966659545898,2.394777774810791,-6.295771163422614e-05
5.305060863494873,2.3312017917633057,0.0420392528176307
10.010002136230469,2.391876220703125,0.0018917761044576
12.254450798034668,2.393871545791626,0.000547940202523
1.5123025178909302,1.7171263694763184,0.3689365684986114
9.1578311920166,2.389686584472656,0.0033646239899098
10.490097999572754,2.392815351486206,0.0012595028383657
17.04340934753418,2.3943490982055664,0.0002261275367345
18.27965545654297,2.39507269859314,-0.0002617413992993
11.138227462768556,2.3935821056365967,0.0007429087418131
34.55491256713867,2.3957409858703613,-0.0007123871473595
29.369873046875,2.395304679870605,-0.0004181737895123
21.364273071289062,2.3943288326263428,0.0002397409116383
23.80076026916504,2.3946468830108643,2.5364990506204776e-05
49.70193862915039,2.395328521728516,-0.0004343191394582
42.40447998046875,2.392743825912476,0.0013075228780508
48.15362930297852,2.3937909603118896,0.000602172454819
53.74674987792969,2.395145893096924,-0.0003111048135906
24.256851196289062,2.3951311111450195,-0.000301119609503
22.50450134277344,2.3935694694519043,0.0007514596218243
8.281656265258789,2.3862051963806152,0.0057028164155781
4.524905204772949,2.288414478302002,0.0695170238614082
28.76975440979004,2.394564390182495,8.093317592283712e-05
40.48409652709961,2.395937442779541,-0.0008450016612187
46.461292266845696,2.3941071033477783,0.0003891666710842
0.3960792124271392,1.2142279148101809,0.5233608484268188
21.44828987121582,2.3942475318908687,0.0002944844600278
8.773755073547363,2.3884732723236084,0.0041801081970334
1.1522305011749268,1.5744233131408691,0.4235619306564331
35.10702133178711,2.3960490226745605,-0.0009202269138768
43.340667724609375,2.393280267715454,0.0009462247835472
22.228445053100582,2.3936452865600586,0.0007004091166891
36.67933654785156,2.394139289855957,0.0003675602783914
4.2128424644470215,2.2645456790924072,0.0845444947481155
26.597318649291992,2.394289493560791,0.0002663111372385
3.3966794013977046,2.1744413375854488,0.1393233835697174
0.6601320505142211,1.3485134840011597,0.4927161335945129
39.54790878295898,2.395559549331665,-0.000590072653722
28.169633865356445,2.3937509059906006,0.0006291568861342
37.05141067504882,2.3934280872344966,0.0008467620937153
10.706141471862791,2.3931355476379395,0.0010437276214361
4.716943264007568,2.3008968830108643,0.0615723319351673
41.240249633789055,2.3949511051177974,-0.0001797093136701
43.95278930664063,2.3944284915924072,0.0001726486952975
3.1086218357086186,2.130575895309448,0.1648707538843154
31.05021095275879,2.3950271606445312,-0.0002310815034434
12.290457725524902,2.3938736915588374,0.0005464470596052
27.209442138671875,2.393601894378662,0.0007296280818991
13.670734405517578,2.394474983215332,0.0001412111305398
21.02820587158203,2.3946549892425537,1.993074874917511e-05
15.495099067687988,2.39467453956604,6.779981958970893e-06
43.58071517944336,2.3937323093414307,0.0006418187404051
9.37387466430664,2.3902657032012935,0.0029753199778497
32.82656478881836,2.3931996822357178,0.0010005333460867
3.360672235488892,2.1693456172943115,0.142328917980194
50.386077880859375,2.395069360733032,-0.0002594373363535
17.283456802368164,2.394430160522461,0.000171501582372
18.663732528686523,2.3953044414520264,-0.0004179892130196
19.31186294555664,2.395514965057373,-0.0005599232390522
50.866172790527344,2.3945751190185547,7.371148240054026e-05
21.328266143798828,2.3943638801574707,0.0002161147567676
5.749149799346924,2.347691297531128,0.0312654823064804
22.768552780151367,2.393611192703247,0.0007234069053083
16.70734214782715,2.394331932067871,0.0002376591728534
41.02420425415039,2.3953289985656734,-0.0004345477791503
12.206440925598145,2.393869161605835,0.000549558957573
44.94898986816406,2.3955297470092773,-0.0005698893219232
22.576515197753903,2.393568515777588,0.0007521595689468
36.9313850402832,2.393648386001587,0.0006983242928981
50.75815200805664,2.3947012424468994,-1.1271164112258704e-05
19.803960800170895,2.3954734802246094,-0.0005320758209563
25.31306266784668,2.395479202270508,-0.000535869738087
11.450289726257324,2.3937582969665527,0.0006242024828679
44.732948303222656,2.3954291343688965,-0.00050202710554
11.96639347076416,2.3938591480255127,0.0005563135491684
20.392078399658203,2.395188093185425,-0.0003395609383005
6.0612120628356925,2.356569766998291,0.0254221633076667
35.69514083862305,2.3957560062408447,-0.0007225269218906
49.62992477416992,2.395318031311035,-0.0004272279329597
5.293058395385742,2.330685615539551,0.0423749610781669
19.75595092773437,2.3954858779907227,-0.000540304754395
1.896379232406616,1.8478870391845703,0.3116670548915863
38.85176849365234,2.3943004608154297,0.0002589159994386
4.692938804626465,2.2994179725646973,0.0625167340040206
52.63052749633789,2.3938133716583248,0.0005871293251402
21.880376815795895,2.393864631652832,0.0005526483873836
52.318462371826165,2.393514394760132,0.0007885807426646
19.52790641784668,2.395519495010376,-0.0005630959640257
52.36647415161133,2.393551588058472,0.000763549352996
40.14802932739258,2.396016359329224,-0.0008982608560472
29.80195999145508,2.395610809326172,-0.0006246796110644
16.647329330444336,2.3943386077880855,0.00023316363513
12.398479461669922,2.3938834667205806,0.0005398135399445
29.057811737060547,2.3949522972106934,-0.0001804884377634
23.344669342041016,2.394105911254883,0.0003900317824445
51.19023895263672,2.3941752910614014,0.0003432121302466
50.73414611816406,2.394728422164917,-2.9544862627517432e-05
46.06521224975586,2.394739151000977,-3.6905908928019926e-05
51.478294372558594,2.3938350677490234,0.0005724875372834
16.9113826751709,2.394329786300659,0.0002390435256529
6.793358802795409,2.3709652423858643,0.0158846639096736
49.617923736572266,2.395315647125244,-0.0004255558014847
19.683937072753903,2.395500659942627,-0.0005504167056642
3.408681631088257,2.176116466522217,0.1383333057165145
33.474693298339844,2.394038200378418,0.0004356696736067
30.342067718505856,2.395623683929444,-0.0006333536584861
39.835968017578125,2.395870447158813,-0.0007997070206329
35.65913009643555,2.39579176902771,-0.0007467524847015
19.47989654541016,2.395521640777588,-0.0005644582561217
36.76335144042969,2.3939733505249023,0.0004793678526766
28.88977813720703,2.394730806350708,-3.1257066439138725e-05
21.48429679870605,2.3942131996154785,0.0003177041362505
6.03720760345459,2.3559563159942627,0.0258268937468528
5.60512113571167,2.3428771495819087,0.0344215855002403
20.788158416748047,2.3948757648468018,-0.0001288967614527
45.717144012451165,2.395192146301269,-0.0003422199515625
53.206642150878906,2.3945388793945312,9.819516708375886e-05
12.218443870544434,2.3938696384429927,0.0005491868359968
44.43288803100586,2.3951504230499268,-0.0003142030618619
5.4970993995666495,2.338939666748047,0.0369963012635707
43.424686431884766,2.3934354782104488,0.0008416632772423
30.82216453552246,2.3952853679656982,-0.0004050953721161
33.810760498046875,2.3946359157562256,3.274386835983023e-05
22.61252212524414,2.393571138381958,0.0007502775406464
51.85036849975586,2.3935134410858154,0.0007891374407336
52.78655624389648,2.3939990997314453,0.0004619441169779
39.967994689941406,2.395957469940185,-0.0008585048490203
36.451290130615234,2.3945860862731934,6.631061842199415e-05
50.614124298095696,2.3948578834533687,-0.0001168309390777
44.5769157409668,2.39530348777771,-0.0004173209599684
47.793560028076165,2.39330530166626,0.0009295018971897
20.692138671875,2.394958257675171,-0.0001846440281951
13.89877986907959,2.3945798873901367,7.045573147479445e-05
48.54970932006836,2.394364833831787,0.0002154675894416
6.817363262176514,2.371328115463257,0.0156432203948497
24.532907485961918,2.3953452110290527,-0.0004454315348993
20.980195999145508,2.394700288772583,-1.0702558938646687e-05
40.91618347167969,2.3954927921295166,-0.0005450418102554
0.936187207698822,1.4794663190841677,0.4552590250968933
50.26605224609375,2.395158529281616,-0.0003196808102075
1.1762351989746094,1.5845472812652588,0.4199613630771637
35.71914291381836,2.39573073387146,-0.0007055601454339
48.369674682617195,2.394106864929199,0.0003893178363796
46.85737228393555,2.39349365234375,0.0008025576826184
49.83396530151367,2.395328521728516,-0.0004342270258348
1.1282256841659546,1.5642130374908447,0.4271502494812011
35.59912109375,2.3958468437194824,-0.0007837977609597
35.38307571411133,2.395991086959839,-0.0008812390151433
18.01560401916504,2.3948895931243896,-0.0001382494083372
18.61572265625,2.3952789306640625,-0.0004007394018117
10.358071327209473,2.392587423324585,0.0014129665214568
5.365073204040527,2.333724975585937,0.0403974540531635
53.98679733276367,2.395334005355835,-0.000437899667304
18.495698928833008,2.395210266113281,-0.0003544522915035
44.18083572387695,2.3948068618774414,-8.249557868111879e-05
38.69573974609375,2.3939709663391118,0.0004809608799405
10.88617706298828,2.3933525085449214,0.0008976254612207
41.28825759887695,2.394859552383423,-0.0001179507089545
4.440888404846192,2.282453775405884,0.0732899755239486
20.464092254638672,2.395137310028076,-0.0003053758409805
8.977795600891113,2.389159679412842,0.0037188392598181
38.16763305664063,2.3929684162139893,0.0011563074076548
2.0284056663513184,1.8878675699234009,0.2928006649017334
50.05001068115234,2.3952748775482178,-0.0003981095505878
39.523902893066406,2.395526885986328,-0.0005679507739841
10.610121726989746,2.3930013179779053,0.0011341663775965
25.39707946777344,2.395448684692383,-0.0005153216188773
25.87717628479004,2.395120620727539,-0.0002940633858088
38.68373489379882,2.3939456939697266,0.0004980072844773
10.814163208007812,2.393271207809448,0.0009524180786684
1.7523504495620728,1.8014047145843506,0.3328063189983367
14.222844123840332,2.3946950435638428,-7.077113423292758e-06
32.262451171875,2.3933773040771484,0.0008809200371615
14.558911323547363,2.394763231277466,-5.315250382409431e-05
20.176034927368164,2.3953208923339844,-0.0004290974175091
32.23844909667969,2.3934009075164795,0.0008650906383991
13.250650405883787,2.394248962402344,0.0002936106175184
20.68013572692871,2.3949685096740723,-0.000191426341189
51.44228744506836,2.3938748836517334,0.0005456804065033
3.420684099197388,2.1777796745300293,0.1373490989208221
6.841368198394776,2.3716862201690674,0.0154049051925539
46.953392028808594,2.3933684825897217,0.0008867940050549
34.8909797668457,2.395993709564209,-0.0008829029975458
34.254852294921875,2.3953661918640137,-0.000459634407889
15.399080276489258,2.3946995735168457,-1.0187077350565232e-05
52.96659469604492,2.3942282199859615,0.0003075177664868
16.227245330810547,2.3944375514984126,0.0001665368909016
28.133626937866207,2.393709659576416,0.0006570287514477
40.940189361572266,2.395457983016968,-0.0005215788842178
2.436487197875977,1.996254563331604,0.2384975850582122
49.233848571777344,2.3951292037963867,-0.0002997836563736
45.83716583251953,2.395052194595337,-0.0002479171089362
53.21864318847656,2.3945541381835938,8.789642015472054e-05
16.383275985717773,2.394392251968384,0.0001969386648852
35.155029296875,2.39604926109314,-0.0009204596863128
11.558311462402344,2.3937954902648926,0.0005991462385281
20.64412879943848,2.39499831199646,-0.0002115079114446
6.301260471343993,2.3621411323547363,0.0217401515692472
17.59552001953125,2.394601583480835,5.5893458920763806e-05
18.67573547363281,2.395310640335083,-0.0004221802810207
7.705541133880614,2.3819921016693115,0.0085263093933463
13.214642524719238,2.39422869682312,0.0003072846448048
38.251651763916016,2.3931028842926025,0.0010657125385478
5.413082599639893,2.3356738090515137,0.0391275435686111
34.782955169677734,2.3959338665008545,-0.0008424837724305
28.68573760986328,2.3944456577301025,0.0001609940663911
45.28505706787109,2.3955116271972656,-0.0005576951080001
53.770755767822266,2.395167589187622,-0.000325650878949
34.06281280517578,2.3950691223144527,-0.0002593724348116
33.4146842956543,2.3939354419708248,0.0005047928425483
10.406081199645996,2.3926730155944824,0.0013552929740399
4.728945732116699,2.3016281127929688,0.0611050799489021
19.551910400390625,2.3955178260803223,-0.0005619676667265
44.48089599609375,2.39520525932312,-0.0003511198447085
10.334066390991213,2.392543315887451,0.0014425942208617
14.366873741149902,2.394731044769287,-3.1349456548923627e-05
24.23284721374512,2.395109176635742,-0.0002863112895283
40.47209548950195,2.395944595336914,-0.0008497358649037
53.69873809814453,2.3951010704040527,-0.0002808666031341
14.414882659912108,2.3947408199310303,-3.794660369749181e-05
33.582717895507805,2.394227981567383,0.0003077990550082
42.572513580322266,2.3925938606262207,0.0014086259761825
40.760150909423835,2.3956944942474365,-0.0006811339408159
11.702340126037598,2.393829822540283,0.0005761106149293
23.75275039672852,2.394590139389038,6.363332795444876e-05
19.51590347290039,2.3955202102661133,-0.000563548237551
43.84476852416992,2.394232988357544,0.0003044158511329
46.569313049316406,2.393930673599243,0.0005081057315692
26.44128799438477,2.394486427307129,0.0001335405831923
13.682736396789553,2.3944809436798096,0.0001372131519019
34.999000549316406,2.3960323333740234,-0.00090893387096
15.20704174041748,2.3947408199310303,-3.796007149503566e-05
11.018203735351562,2.393483161926269,0.0008095455123111
11.10222053527832,2.393554449081421,0.0007615936920046
0.7681536078453064,1.4009839296340942,0.4785903990268707
19.647930145263672,2.395506858825684,-0.0005544646410271
48.1296272277832,2.39375638961792,0.0006255594198592
42.524505615234375,2.392627239227295,0.0013860698090866
38.5997200012207,2.3937697410583496,0.0006164824590086
8.737747192382812,2.3883392810821533,0.0042700278572738
38.75575256347656,2.3940978050231934,0.0003955142747145
34.24284744262695,2.3953487873077397,-0.0004478802147787
28.54170799255371,2.3942413330078125,0.0002987057087011
31.734346389770508,2.394051313400269,0.0004268184129614
40.04000854492188,2.3959894180297847,-0.0008800834184512
38.86377334594727,2.394325494766236,0.0002419234806438
34.97499465942383,2.3960256576538086,-0.0009044130565598
46.37727355957031,2.394245386123657,0.0002960130514111
9.025805473327635,2.3893060684204106,0.0036204222124069
23.224645614624023,2.3939738273620605,0.0004789702652487
15.459092140197754,2.394684076309204,2.0311803439199139e-07
48.20164108276367,2.3938608169555664,0.0005551005015149
6.973394870758057,2.373579978942871,0.014143943786621
25.10902214050293,2.3955168724060054,-0.0005612506065517
21.184236526489254,2.3945045471191406,0.0001213736104546
16.299259185791016,2.394415616989136,0.0001811707916203
3.540708065032959,2.1937801837921143,0.1278268843889236
37.09941864013672,2.393343925476074,0.0009033493115566
9.913982391357422,2.391654253005981,0.002041176194325
22.324464797973636,2.3936071395874023,0.0007260884740389
44.42088317871094,2.39513635635376,-0.0003045893390662
53.482696533203125,2.394874095916748,-0.0001278034760616
12.038407325744627,2.39386248588562,0.0005539577687159
36.83536529541016,2.3938324451446533,0.0005743043730035
46.49729919433594,2.3940479755401607,0.0004290139477234
8.101620674133299,2.385092735290528,0.0064490786753594
44.86497116088867,2.395500898361206,-0.0005504799191839
48.9457893371582,2.394863605499268,-0.0001207266468554
26.309261322021484,2.394649744033813,2.348391171835829e-05
10.754150390625,2.393197774887085,0.0010017863241955
14.894978523254396,2.3947761058807373,-6.178218609420583e-05
13.14262866973877,2.394188165664673,0.0003346127050463
27.04140853881836,2.3937621116638184,0.0006217257468961
47.63752746582031,2.3931360244750977,0.0010434252908453
44.62492370605469,2.395346641540528,-0.0004464664089027
40.064014434814446,2.3959977626800537,-0.0008856015047058
28.577714920043945,2.39429235458374,0.0002643927000463
35.227046966552734,2.3960416316986084,-0.0009152629063464
35.50310134887695,2.3959214687347408,-0.0008341695647686
51.91038131713867,2.3934826850891118,0.0008098615799099
7.4774956703186035,2.3797595500946045,0.0100197931751608
23.02060317993164,2.3937768936157227,0.0006117040757089
33.17463302612305,2.3935604095458984,0.0007575445924885
24.26885414123535,2.395141839981079,-0.0003083996416535
17.295459747314453,2.3944354057312007,0.0001678520493442
14.030806541442873,2.39463210105896,3.5266468330519274e-05
52.678535461425774,2.3938686847686768,0.0005498342798091
50.74615097045898,2.394714832305908,-2.04388616111828e-05
40.19604110717773,2.3960201740264893,-0.0009008246124722
25.493099212646484,2.3954036235809326,-0.0004848343669436
22.480495452880856,2.393571615219116,0.0007499607163481
4.884976863861084,2.3106625080108643,0.0553157962858676
21.77235412597656,2.3939521312713623,0.0004936046316288
26.633327484130856,2.3942439556121826,0.0002969540364574
51.502300262451165,2.3938090801239014,0.0005899395910091
32.5625114440918,2.393179416656494,0.0010141748934984
42.28445816040039,2.3929011821746826,0.0012016494292765
25.349069595336918,2.3954672813415527,-0.0005277735763229
23.968793869018555,2.394839286804199,-0.0001042883086483
3.504700899124145,2.189099073410034,0.13062284886837
2.7845568656921387,2.0720059871673584,0.1978312283754348
42.15243148803711,2.3931117057800293,0.0010597766377031
6.781356334686279,2.370781898498535,0.0160066001117229
41.78035736083984,2.393839120864868,0.0005698037566617
2.928585767745972,2.099343061447144,0.182611271739006
0.0480096004903316,1.0265852212905884,0.5523496270179749
3.480696201324463,2.1859219074249268,0.1325156241655349
30.54611015319824,2.395517587661743,-0.0005617606220766
14.64292812347412,2.394771814346313,-5.881989636691287e-05
23.512702941894528,2.3943023681640625,0.0002576489932835
31.15823173522949,2.394888162612915,-0.0001372602127958
21.976394653320312,2.3937933444976807,0.0006006297771818
26.501300811767575,2.3944108486175537,0.0001844584621721
35.815162658691406,2.395620822906494,-0.0006313498597592
18.123624801635746,2.394965648651123,-0.0001895596215035
9.733946800231934,2.391212224960327,0.0023385742679238
18.78375625610352,2.3953630924224854,-0.0004575833736453
3.0966193675994877,2.128589153289795,0.1660104393959045
32.59851837158203,2.39316987991333,0.0010205752914771
4.6449289321899405,2.2963924407958984,0.0644460245966911
28.5537109375,2.3942582607269287,0.000287285511149
34.65092849731445,2.3958327770233154,-0.0007742963498458
10.094018936157228,2.392061710357666,0.0017668709624558
10.97019386291504,2.3934383392333984,0.0008397474884986
19.239847183227536,2.395505428314209,-0.0005536246462725
50.13402557373047,2.3952369689941406,-0.0003724307462107
22.37247467041016,2.3935925960540767,0.0007359193405136
1.6563313007354736,1.7687238454818726,0.3471542298793792
51.86237335205078,2.3935067653656006,0.0007936733891256
8.689738273620605,2.3881540298461914,0.0043944716453552
34.962993621826165,2.396021842956543,-0.0009018804412335
8.341668128967285,2.3865389823913574,0.005478888284415
16.947389602661133,2.3943333625793457,0.0002367126144235
33.8227653503418,2.3946571350097656,1.8368073142482896e-05
18.83176612854004,2.3953843116760254,-0.0004719079588539
24.46089172363281,2.395296573638916,-0.0004127095453441
45.59711837768555,2.3953113555908203,-0.0004226887249387
24.400880813598636,2.395251989364624,-0.0003826846950687
14.65493106842041,2.3947727680206294,-5.943669748376124e-05
26.057210922241207,2.39493989944458,-0.0001721607113722
4.032806396484375,2.24842381477356,0.0945725068449974
2.208441734313965,1.938446402549744,0.2680319249629974
49.01780319213867,2.394938945770264,-0.0001715553953545
49.11382293701172,2.3950304985046387,-0.0002332321018911
28.925785064697266,2.394779682159424,-6.414289237000048e-05
31.50630187988281,2.3943912982940674,0.0001977064530365
47.15743255615234,2.3931584358215328,0.0010283249430358
49.14982986450195,2.39506196975708,-0.0002544644521549
40.628124237060554,2.395829916000366,-0.000772391736973
46.353271484375,2.394284725189209,0.0002694646245799
47.421485900878906,2.393044948577881,0.0011048358865082
43.0526123046875,2.3928020000457764,0.0012683768291026
4.680936336517334,2.298670053482056,0.0629939436912536
2.304461002349853,1.9636185169219968,0.2553316354751586
8.701740264892578,2.388201236724853,0.0043628583662211
16.1312255859375,2.394468069076538,0.0001458279148209
14.618924140930176,2.3947696685791016,-5.744180089095608e-05
30.846168518066406,2.395260810852051,-0.0003885180631186
11.594318389892578,2.393805503845215,0.0005923525313846
49.88197708129882,2.395322322845459,-0.0004300177388358
40.41208267211913,2.395975112915039,-0.000870305171702
13.430685997009276,2.3943490982055664,0.0002260249602841
51.886375427246094,2.393494129180908,0.0008021659450605
29.489898681640625,2.395413398742676,-0.0004915338358841
22.55251121520996,2.3935678005218506,0.0007525745313614
2.5925185680389404,2.031991720199585,0.2195892035961151
2.0404081344604488,1.891379475593567,0.2911132872104644
13.526705741882324,2.3944010734558105,0.0001911191502586
35.67113494873047,2.395780086517334,-0.0007388419471681
10.382076263427734,2.3926305770874023,0.0013838650193065
28.81776428222656,2.3946316242218018,3.565549195627682e-05
47.409481048583984,2.39304518699646,0.0011046226136386
26.34526824951172,2.39460563659668,5.313920701155439e-05
31.0382080078125,2.395042181015014,-0.0002410975430393
42.11642456054688,2.393174886703491,0.0010172880720347
50.90217971801758,2.3945319652557373,0.0001028796177706
4.1408281326293945,2.258319854736328,0.088428720831871
43.08861923217773,2.392855644226074,0.00123235094361
28.241647720336918,2.3938379287719727,0.0005705741932615
48.27365493774414,2.3939664363861084,0.0004840521723963
11.642328262329102,2.3938174247741695,0.0005844021216034
45.29705810546875,2.3955070972442627,-0.0005546333850361
13.79075813293457,2.3945324420928955,0.0001025328165269
9.889978408813475,2.3915970325469966,0.0020795774180442
7.381476402282714,2.378715991973877,0.0107172317802906
10.65813159942627,2.3930699825286865,0.0010878531029447
30.04200935363769,2.3956699371337886,-0.0006644424865953
51.6223258972168,2.393688440322876,0.0006712448666803
40.544109344482415,2.3958978652954106,-0.0008182649035006
24.01680374145508,2.3948917388916016,-0.0001396758598275
53.9147834777832,2.3952841758728027,-0.0004043752269353
9.493898391723633,2.3905816078186035,0.0027628082316368
8.953790664672852,2.389084577560425,0.0037693264894187
18.93978881835937,2.395426988601685,-0.0005007318104617
30.61812400817871,2.3954663276672363,-0.0005272270645946
10.310062408447266,2.39249849319458,0.0014727446250617
50.026004791259766,2.3952841758728027,-0.0004042758082505
37.30345916748047,2.393023729324341,0.0011190073564648
25.9611930847168,2.3950395584106445,-0.0002393799513811
35.51510238647461,2.3959131240844727,-0.0008284830255433
29.441888809204105,2.395371913909912,-0.0004635529767256
17.403480529785156,2.394489049911499,0.0001317807473242
12.386477470397947,2.393882274627685,0.0005407477729022
53.87877655029297,2.3952572345733643,-0.0003861173172481
42.33246612548828,2.392833948135376,0.0012469412758946
12.37447452545166,2.393880844116211,0.0005416266503743
9.901980400085447,2.3916256427764893,0.0020603258162736
6.265253067016602,2.3613672256469727,0.0222523715347051
52.594520568847656,2.393773078918457,0.0006142361671663
41.9843978881836,2.393422365188598,0.0008505635196343
16.527305603027344,2.3943586349487305,0.0002196498244302
41.51630401611328,2.3943979740142822,0.0001932067098096
38.1916389465332,2.39300537109375,0.0011313925497233
8.917783737182617,2.38896918296814,0.003846782958135
44.81696319580078,2.3954784870147705,-0.0005353793967515
11.61832332611084,2.3938117027282715,0.0005882239202037
40.10002136230469,2.396007537841797,-0.0008922973647713
30.210042953491207,2.395660400390625,-0.0006581129855476
9.049810409545898,2.3893775939941406,0.0035724001936614
16.863372802734375,2.3943271636962886,0.0002408638538327
31.11022186279297,2.3949511051177974,-0.0001797442964743
24.076814651489254,2.3949553966522217,-0.0001826119842007
17.99159812927246,2.394872665405273,-0.0001267877232749
17.127426147460938,2.394371032714844,0.000211332226172
35.611122131347656,2.395836353302002,-0.0007767260540276
8.017603874206543,2.3845129013061523,0.0068378243595361
52.246448516845696,2.3934726715087886,0.0008166201296262
15.999199867248535,2.394512414932251,0.0001159761304734
7.645529270172118,2.3814375400543213,0.0088974311947822
6.289258003234863,2.3618855476379395,0.0219094101339578
50.45809173583984,2.395008087158203,-0.0002181271120207
45.57311630249024,2.3953325748443604,-0.0004369921807665
40.84416961669922,2.395591259002685,-0.0006114786374382
52.18643569946289,2.3934512138366695,0.0008311541751027
46.893379211425774,2.3934450149536133,0.000835231214296
35.80316162109375,2.39563536643982,-0.000641169026494
14.31886386871338,2.3947200775146484,-2.3998918550205417e-05
3.6967394351959224,2.212933301925659,0.1163002550601959
21.604320526123047,2.3941006660461426,0.0003935204294975
51.79035949707031,2.3935513496398926,0.0007637072703801
25.145029067993164,2.3955140113830566,-0.0005593263776972
10.622124671936035,2.39301872253418,0.0011223829351365
39.13982772827149,2.3948841094970703,-0.0001345240889349
11.786356925964355,2.393842935562134,0.0005672228289768
23.23664665222168,2.393986701965332,0.0004703695012722
11.51030158996582,2.39378023147583,0.0006093852571211
27.79755973815918,2.393426418304444,0.0008478026138618
12.48249626159668,2.3938958644866943,0.0005314974696375
3.252650499343872,2.1534068584442134,0.1516658067703247
16.047208786010742,2.394496202468872,0.0001269496424356
20.968193054199215,2.39471173286438,-1.8304075638297945e-05
6.001200199127196,2.355015277862549,0.0264472961425781
11.294259071350098,2.393683910369873,0.0006742784753441
13.37067413330078,2.3943161964416504,0.0002483233984094
0.3360671997070312,1.1826379299163818,0.5293930172920227
33.34267044067383,2.3938162326812744,0.000585171743296
16.563312530517578,2.3943517208099365,0.000224284172873
6.133226871490479,2.3583462238311768,0.0242493711411952
7.453490734100343,2.379504442214966,0.010190294124186
30.85817146301269,2.3952481746673584,-0.0003800658159889
26.7773551940918,2.3940646648406982,0.0004178024537395
28.72174453735352,2.3944966793060303,0.0001265887694898
16.215242385864258,2.3944411277771,0.0001640147675061
53.710742950439446,2.3951125144958496,-0.0002885666035581
13.418684005737305,2.3943426609039307,0.0002304592198925
42.728546142578125,2.392545223236084,0.0014413110911846
4.332866668701172,2.2742996215820312,0.0784295499324798
17.883577346801758,2.3947961330413814,-7.529927097493783e-05
17.835567474365234,2.3947625160217285,-5.260900070425123e-05
47.08541870117188,2.3932225704193115,0.0009851169306784
51.58631896972656,2.3937230110168457,0.000647994223982
28.33766746520996,2.393961191177368,0.0004875387239735
44.240848541259766,2.3948967456817627,-0.0001430335250915
30.114023208618164,2.395670890808105,-0.0006651988951489
19.13182640075684,2.395484447479248,-0.0005394222680479
7.081416130065918,2.375048875808716,0.0131648890674114
9.745948791503906,2.391242742538452,0.0023181086871773
46.67733383178711,2.393758773803711,0.0006238573114387
34.3388671875,2.3954832553863525,-0.0005386546836234
51.8383674621582,2.3935205936431885,0.0007844133069738
53.47069549560546,2.39486026763916,-0.0001185810397146
52.222442626953125,2.393462657928467,0.0008233626722358
10.910181999206545,2.3933780193328857,0.0008804294629953
46.545307159423835,2.3939695358276367,0.0004818621964659
42.884578704833984,2.392603874206543,0.00140177749563
42.68053436279297,2.392549753189087,0.0014383272500708
0.0960192009806633,1.0530308485031128,0.5492784976959229
24.184837341308597,2.395063877105713,-0.0002557342231739
0.8881776332855223,1.4574450254440308,0.4620696902275085
0.5041007995605468,1.2701352834701538,0.5115771889686584
51.286258697509766,2.3940575122833248,0.0004226235032547
20.536108016967773,2.3950836658477783,-0.0002692056878004
42.42848587036133,2.392717123031616,0.0013255886733531
32.046409606933594,2.3936190605163574,0.000718044466339
34.15883255004883,2.3952221870422363,-0.0003626049438025
14.138827323913574,2.394669532775879,1.0092910997627769e-05
3.624724864959717,2.2043178081512447,0.1215023919939994
41.93638610839844,2.39351749420166,0.0007864767103455
53.506702423095696,2.3949010372161865,-0.0001460438797948
50.32606506347656,2.395116090774536,-0.0002909557661041
30.462093353271484,2.395568370819092,-0.0005960323614999
2.2324464321136475,1.944854974746704,0.2648220062255859
52.126426696777344,2.393440723419189,0.000838229083456
23.84877014160156,2.3947029113769527,-1.2449355381249916e-05
13.202640533447266,2.3942217826843266,0.0003118440217804
39.85997009277344,2.3958888053894043,-0.0008122180588543
19.275856018066406,2.3955106735229488,-0.0005570955108851
40.13602828979492,2.3960146903991695,-0.0008970882627181
4.500900268554688,2.2867441177368164,0.0705756470561027
50.254051208496094,2.3951666355133057,-0.0003250791050959
25.26505279541016,2.3954927921295166,-0.0005449906457215
6.733346462249756,2.3700356483459477,0.0165028385818004
5.113022804260254,2.322455644607544,0.0477121993899345
29.273855209350582,2.3952062129974365,-0.0003516958968248
8.557711601257324,2.387601137161255,0.004765888210386
7.021404266357422,2.37424111366272,0.0137033453211188
10.934186935424805,2.3934028148651123,0.0008637627470307
2.1364274024963374,1.9187512397766116,0.277796059846878
39.0078010559082,2.3946232795715328,4.121386518818326e-05
44.10882186889648,2.3946933746337886,-5.93245886193472e-06
53.68673706054688,2.395089626312256,-0.0002730749256443
33.330665588378906,2.393796920776367,0.0005982454749755
33.00659942626953,2.393348932266236,0.0009000016143545
24.208841323852536,2.395086765289306,-0.0002711796842049
49.48589706420898,2.3952746391296387,-0.0003979729954153
10.946188926696776,2.3934147357940674,0.0008556268294341
3.1686336994171143,2.1403136253356934,0.1592631042003631
18.375675201416016,2.3951356410980225,-0.0003042270254809
28.21764373779297,2.393808364868164,0.0005904936115257
8.06561279296875,2.384849071502685,0.0066124196164309
34.578914642333984,2.3957653045654297,-0.0007287999032996
23.356672286987305,2.394119501113892,0.0003808244364336
48.88577651977539,2.39479660987854,-7.55830915295519e-05
5.905180931091309,2.352381706237793,0.0281822718679904
15.975194931030272,2.3945205211639404,0.0001104622133425
27.449489593505856,2.3934428691864014,0.0008367999689653
13.598719596862791,2.394438505172729,0.0001657442335272
46.413284301757805,2.394186019897461,0.0003359221445862
36.70334243774414,2.3940916061401367,0.0003995630831923
1.0442088842391968,1.5278021097183228,0.4395945072174072
28.90178108215332,2.394747257232666,-4.22658740717452e-05
51.16623306274414,2.3942050933837886,0.0003231254522688
47.43348693847656,2.39304518699646,0.0011046986328437
26.48929786682129,2.394426107406616,0.0001742485619615
23.692739486694336,2.3945183753967285,0.0001119330918299
4.260852336883545,2.268538236618042,0.082045778632164
51.68233489990234,2.393634796142578,0.0007075006724335
20.728145599365234,2.3949277400970455,-0.0001640416157897
47.025405883789055,2.393284797668457,0.0009432416409254
33.270652770996094,2.393702268600464,0.0006620096391998
28.20564079284668,2.393793821334839,0.0006003109156154
25.217042922973636,2.3955032825469966,-0.0005521827260963
42.22444534301758,2.3929924964904785,0.0011400892399251
47.5775146484375,2.3930909633636475,0.0010737249394878
26.81336212158203,2.394020795822144,0.0004472876607906
25.133026123046875,2.395515203475952,-0.0005600900040008
32.502498626708984,2.393202781677246,0.0009984347270801
14.354870796203612,2.394728422164917,-2.958211734949145e-05
15.435087203979492,2.39469051361084,-4.041342890559463e-06
7.801560401916504,2.382831573486328,0.0079642925411462
24.292858123779297,2.395163059234619,-0.000322705891449
18.363672256469727,2.395128011703491,-0.0002990177308674
11.774354934692385,2.39384126663208,0.0005683163180947
2.6525304317474365,2.0449531078338623,0.2126092016696929
50.122024536132805,2.3952429294586186,-0.0003764840075746
50.49409866333008,2.394975423812866,-0.0001961224043043
20.248048782348636,2.395279884338379,-0.0004015222366433
48.513702392578125,2.3943142890930176,0.0002495868247933
26.729345321655277,2.3941237926483154,0.000377952994313
12.554511070251465,2.3939108848571777,0.0005213943077251
7.693538665771484,2.381883144378662,0.0085993008688092
11.522304534912108,2.393784284591675,0.0006066948990337
3.468693733215332,2.184316396713257,0.1334706842899322
31.902379989624023,2.3938100337982178,0.0005893288180232
12.662532806396484,2.3939430713653564,0.000499676214531
32.68253707885742,2.39316201210022,0.0010259384289383
30.70214080810547,2.3953981399536133,-0.0004811492399312
21.388277053833008,2.394305467605591,0.0002554465609136
32.658531188964844,2.393162250518799,0.0010258271358907
35.98319625854492,2.395394325256348,-0.0004785980854649
31.45829200744629,2.3944625854492188,0.0001496147597208
33.88277816772461,2.394763231277466,-5.3006584494141855e-05
1.8483697175979612,1.8327285051345823,0.3186550438404083
25.241048812866207,2.395498514175415,-0.0005488287424668
29.93398666381836,2.3956537246704106,-0.000653583323583
36.31926345825195,2.394834280014038,-0.0001010155174299
37.1834373474121,2.3932042121887207,0.0009975275024771
20.512102127075195,2.3951020240783687,-0.0002814753679558
14.906981468200684,2.394775629043579,-6.140931509435177e-05
51.14222717285156,2.3942348957061768,0.0003029859799426
28.025604248046875,2.3935954570770264,0.0007339423755183
5.389077663421631,2.334707021713257,0.0397577062249183
35.52710723876953,2.3959043025970455,-0.0008226208155974
41.564311981201165,2.394296884536743,0.0002612647949717
2.0164031982421875,1.8843352794647217,0.2944928705692291
12.650529861450195,2.393939018249512,0.0005025333957746
30.23404693603516,2.395655632019043,-0.0006548991659656
35.74314880371094,2.3957047462463374,-0.0006879500579088
24.96499252319336,2.3955118656158447,-0.0005579459830187
4.356871604919434,2.276161193847656,0.0772584155201911
38.95979309082031,2.3945252895355225,0.0001073104212991
42.63252639770508,2.392563581466675,0.0014288985403254
17.211442947387695,2.394400119781494,0.0001917200715979
28.1456298828125,2.393723249435425,0.0006478515570051
25.337066650390625,2.395471334457397,-0.0005305912345647
23.54870986938477,2.394345283508301,0.0002286102244397
49.71394348144531,2.395329713821411,-0.0004350103554315
24.556911468505856,2.395359992980957,-0.0004555086197797
27.113422393798828,2.3936893939971924,0.0006706433487124
43.91678237915039,2.39436411857605,0.0002159447030862
35.94718933105469,2.395446300506592,-0.0005136388354003
39.0918197631836,2.3947908878326416,-7.178680971264839e-05
17.763553619384766,2.3947126865386963,-1.901917130453512e-05
22.396478652954105,2.3935863971710205,0.0007400321192108
21.64032745361328,2.3940677642822266,0.0004156574141234
22.444488525390625,2.3935766220092773,0.0007465786184184
44.852970123291016,2.395495653152466,-0.0005469768657349
2.820564031600952,2.0790469646453857,0.1939386129379272
7.98159646987915,2.384251832962036,0.0070126899518072
43.44868850708008,2.3934807777404785,0.0008112821378745
35.58711624145508,2.395857095718384,-0.0007906989776529
6.877375602722168,2.372215032577514,0.0150529965758323
36.84737014770508,2.3938090801239014,0.0005899941897951
5.341068267822266,2.332727432250977,0.0410468615591526
48.77775573730469,2.394667387008667,1.1500071195769124e-05
31.66233253479004,2.394158124923706,0.0003548702225089
37.36347198486328,2.392943859100342,0.0011728547979146
40.448089599609375,2.3959577083587646,-0.0008585856994614
39.45188903808594,2.3954224586486816,-0.0004976771888323
3.324664831161499,2.164142370223999,0.145387664437294
3.4326865673065186,2.179431200027466,0.1363707333803176
6.805361270904541,2.3711473941802974,0.0157635435461997
27.785556793212887,2.3934216499328613,0.0008510193438269
31.626325607299805,2.394211769104004,0.000318646983942
19.815963745117188,2.395470142364502,-0.000529833487235
15.327065467834473,2.3947165012359615,-2.163229692087043e-05
28.649730682373047,2.394394636154175,0.000195471860934
16.539308547973633,2.3943562507629395,0.0002212461695307
0.2760552167892456,1.1506980657577517,0.5350257754325866
7.6815361976623535,2.3817729949951167,0.0086729070171713
47.84156799316406,2.3933639526367188,0.0008899673703126
4.104820728302002,2.2550969123840328,0.0904336348176002
30.27005386352539,2.3956470489501958,-0.0006490015657618
30.89417839050293,2.395209550857544,-0.0003540691977832
48.71774291992188,2.3945913314819336,6.279280933085829e-05
47.973594665527344,2.3935368061065674,0.0007735077524557
37.21944427490234,2.3931474685668945,0.0010357261635363
28.049610137939453,2.393619537353516,0.0007177947554737
32.9705924987793,2.393311023712158,0.0009255494805984
1.9683936834335327,1.870002508163452,0.3013089299201965
37.72354507446289,2.3926591873168945,0.0013646107399836
12.350470542907717,2.39387845993042,0.0005432287580333
40.8681755065918,2.395559549331665,-0.0005900049582123
24.94098854064941,2.3955085277557373,-0.0005556891555897
22.600519180297848,2.3935699462890625,0.0007510754512622
21.85637092590332,2.3938834667205806,0.0005399560322985
17.7275447845459,2.394688129425049,-2.4957851110229967e-06
44.54090881347656,2.395268440246582,-0.0003937135625164
47.0614128112793,2.393246650695801,0.0009689704165793
48.14162826538086,2.3937735557556152,0.0006138805183582
49.07781600952149,2.394997358322144,-0.0002109500492224
3.0846168994903564,2.126589059829712,0.1671562045812606
23.164632797241207,2.393911838531494,0.0005208093789406
25.709142684936523,2.395263433456421,-0.0003902870521415
7.525505065917968,2.3802580833435054,0.0096864635124802
34.00279998779297,2.3949694633483887,-0.0001921880611917
6.865373134613037,2.372039794921875,0.0151695804670453
52.102420806884766,2.393439292907715,0.0008390876464545
8.905780792236328,2.388930082321167,0.0038730844389647
2.9405882358551025,2.1015236377716064,0.1813848167657852
33.83476638793945,2.3946785926818848,4.022298526251689e-06
21.37627601623535,2.394317150115967,0.0002475990331731
15.231046676635742,2.394736289978028,-3.4985790989594534e-05
7.957591533660888,2.3840737342834477,0.0071320747956633
6.445289134979248,2.365041494369507,0.0198188424110412
11.798359870910645,2.3938443660736084,0.0005661835893988
19.94799041748047,2.3954265117645264,-0.0005003306432627
45.777156829833984,2.3951244354248047,-0.0002966982428915
35.959190368652344,2.3954291343688965,-0.0005020924727432
18.423685073852536,2.3951661586761475,-0.0003247407730668
27.60552024841309,2.3933985233306885,0.0008666327339597
29.201839447021484,2.3951261043548584,-0.0002977149270009
45.51310348510742,2.395381450653076,-0.0004700111167039
5.461091995239258,2.3375623226165767,0.0378956533968448
47.38547897338867,2.393047332763672,0.0011031652102246
23.824764251708984,2.3946750164031982,6.394105639628833e-06
33.738746643066406,2.3945071697235107,0.0001194739234051
34.302860260009766,2.3954341411590576,-0.0005055052461102
6.745348930358888,2.3702242374420166,0.0163774713873863
53.458690643310554,2.394846677780152,-0.0001092924576369
23.740747451782227,2.394575834274292,7.325808110181242e-05
2.796559333801269,2.074368715286255,0.1965271532535553
1.3682736158370972,1.6624045372009275,0.390864759683609
40.244049072265625,2.3960189819335938,-0.0008999826968647
41.7923583984375,2.3938138484954834,0.000586797716096
32.742549896240234,2.393169403076172,0.0010209559695795
27.35346984863281,2.393494844436645,0.0008017891668714
49.281856536865234,2.3951635360717773,-0.0003229394787922
1.7403481006622314,1.7973941564559937,0.3345900177955627
24.56891441345215,2.3953673839569087,-0.0004603880806826
19.251850128173828,2.395507335662842,-0.0005548526532948
51.29825973510742,2.39404296875,0.0004324016335885
41.40828323364258,2.3946211338043213,4.273700687917881e-05
33.702739715576165,2.394442558288574,0.0001630168262636
34.07481384277344,2.3950886726379395,-0.0002725789963733
13.754751205444336,2.3945157527923584,0.0001138214938691
27.85757064819336,2.3934569358825684,0.0008272585691884
40.0160026550293,2.3959801197052,-0.0008737255120649
5.821164131164551,2.349921464920044,0.0298005566000938
2.1004199981689453,1.9086369276046755,0.2827512621879577
16.07121467590332,2.3944880962371826,0.0001323948963545
16.55130958557129,2.3943541049957275,0.0002227913500973
51.13022613525391,2.39424991607666,0.0002929026377387
0.1680335998535156,1.0924034118652344,0.5440784096717834
0.3720744252204895,1.2016353607177734,0.5258200168609619
15.59111785888672,2.3946466445922847,2.5442801415920258e-05
29.861972808837887,2.3956334590911865,-0.0006399246049113
5.50910186767578,2.3393914699554443,0.0367011427879333
38.83976745605469,2.394275188446045,0.0002759346098173
0.4080816209316253,1.2205017805099487,0.5221086740493774
29.621923446655277,2.3955128192901607,-0.0005585214239545
23.776756286621094,2.394618511199951,4.4449439883464954e-05
21.316263198852536,2.3943755626678467,0.0002082259306916
17.85957145690918,2.3947792053222656,-6.393079092958942e-05
13.778756141662598,2.394526958465576,0.00010626418225
11.990398406982422,2.393860340118408,0.0005554456147365
26.357271194458008,2.3945908546447754,6.309241143753752e-05
37.075416564941406,2.393385648727417,0.0008752846042625
3.9727945327758794,2.2426235675811768,0.0981561467051506
20.944189071655277,2.3947341442108154,-3.343260323163122e-05
11.114222526550291,2.3935637474060054,0.0007552427705377
46.91738510131836,2.393413782119751,0.0008563112351112
45.44108963012695,2.395432472229004,-0.0005043036071583
29.525905609130856,2.3954427242279053,-0.0005112786311656
1.4762952327728271,1.7037400007247925,0.374412715435028
5.029006004333496,2.3182940483093266,0.0504014492034912
0.8281656503677368,1.4294625520706177,0.4704274237155914
9.181836128234863,2.3897528648376465,0.00332001154311
4.296859264373779,2.2714524269104004,0.0802181735634803
39.343868255615234,2.395251035690308,-0.0003819668490905
12.878575325012209,2.3940439224243164,0.0004317103885114
16.28725814819336,2.3944191932678223,0.0001787963992683
10.826165199279783,2.3932852745056152,0.0009429502533748
7.9695940017700195,2.384163379669189,0.0070720999501645
27.101419448852536,2.3937010765075684,0.0006627482944168
6.025205135345459,2.3556454181671143,0.0260319076478481
37.807559967041016,2.392653465270996,0.0013683718862012
41.63632583618164,2.3941442966461186,0.0003641081566456
25.6611328125,2.395298957824707,-0.0004142697143834
5.0050010681152335,2.3170661926269527,0.0511935874819755
46.929386138916016,2.3933985233306885,0.0008666280191391
29.33386611938477,2.39526891708374,-0.000394016969949
40.80816268920898,2.395637035369873,-0.0006423938320949
19.023805618286133,2.3954551219940186,-0.0005197078571654
27.641529083251957,2.393396377563477,0.0008681284962221
32.4064826965332,2.3932583332061768,0.000961129902862
17.775554656982422,2.394721031188965,-2.457129994581919e-05
33.138626098632805,2.3935108184814453,0.0007909671985544
44.09682083129882,2.3946738243103027,7.216808171506272e-06
44.14482879638672,2.3947508335113525,-4.472562068258412e-05
15.85517120361328,2.3945615291595455,8.289728430099785e-05
2.052410364151001,1.8948712348937988,0.2894308269023895
23.044609069824215,2.393797874450684,0.0005976221291348
42.29645919799805,2.392883777618408,0.0012133171549066
19.455890655517575,2.395521879196167,-0.0005646934732794
48.609722137451165,2.3944478034973145,0.0001595916837686
12.794558525085447,2.3940014839172363,0.0004604273999575
10.202040672302246,2.3922877311706543,0.0016147763235494
48.78975677490234,2.3946824073791504,1.479050411035132e-06
15.41108226776123,2.3946967124938965,-8.168662134266924e-06
21.952390670776367,2.393810510635376,0.0005890770698897
38.93578720092773,2.3944756984710693,0.0001406981173204
43.29265975952149,2.39319396018982,0.0010043898364529
35.563114166259766,2.39587664604187,-0.0008039869135245
18.315662384033203,2.39509654045105,-0.0002778822090476
3.828765869140625,2.227771282196045,0.1072743833065033
34.866973876953125,2.395982265472412,-0.0008751489804126
17.511503219604492,2.394550085067749,9.067284554475918e-05
10.526104927062988,2.392873287200928,0.0012204732047393
33.85877227783203,2.394721031188965,-2.4568336812080812e-05
44.64892959594727,2.395366668701172,-0.0004600233223754
19.29986000061035,2.3955135345458984,-0.0005590525106526
42.14042663574219,2.3931326866149902,0.0010457755997776
48.933788299560554,2.394850492477417,-0.0001118946820497
38.46769332885742,2.3935015201568604,0.0007972270832397
33.09061813354492,2.3934481143951416,0.0008332094294019
31.278255462646484,2.394723415374756,-2.6287678338121623e-05
11.174234390258787,2.3936083316802974,0.0007253157673403
25.913183212280277,2.3950865268707275,-0.0002711281995289
20.90818214416504,2.3947675228118896,-5.592585148406215e-05
31.818363189697266,2.3939287662506104,0.0005092967767268
39.883975982666016,2.3959062099456787,-0.0008239273447543
49.917984008789055,2.395315408706665,-0.0004254145023878
36.36727523803711,2.3947453498840328,-4.1080038499785594e-05
20.800159454345703,2.394865036010742,-0.0001217534372699
25.16903305053711,2.3955111503601074,-0.0005574327078647
30.390077590942383,2.395604133605957,-0.0006200950592756
42.32046508789063,2.392850160598755,0.0012359680840745
10.802160263061523,2.393256902694702,0.0009620208875276
29.393878936767575,2.3953278064727783,-0.000433742738096
9.445889472961424,2.390454769134521,0.0028481499757617
33.57071304321289,2.394206523895264,0.0003221677907276
11.930386543273926,2.3938567638397217,0.0005578161799348
24.83296585083008,2.395484685897827,-0.0005395666812546
1.9923985004425049,1.8772097826004028,0.297891616821289
20.82416534423828,2.394843816757202,-0.0001073586463462
11.546309471130373,2.393791913986206,0.0006015767576172
37.867572784423835,2.392666816711426,0.0013594558695331
46.74935150146485,2.3936488628387447,0.000697978248354
27.569513320922848,2.3934037685394287,0.0008630154188722
7.561512470245361,2.380621910095215,0.0094431415200233
42.308460235595696,2.392866849899292,0.0012247583363205
44.37287521362305,2.3950769901275635,-0.0002646356006152
7.10542106628418,2.375365257263184,0.0129540301859378
12.434487342834473,2.393888235092163,0.000536651816219
36.06721496582031,2.39526629447937,-0.0003923195181414
7.993598937988281,2.3843398094177246,0.006953842472285
37.291458129882805,2.393040657043457,0.0011076485970988
43.18463516235352,2.393008232116699,0.0011295740259811
9.661931991577148,2.3910272121429443,0.0024630890693515
37.759552001953125,2.392653465270996,0.0013684491859748
32.41848373413086,2.3932502269744877,0.0009665558463893
36.69133758544922,2.394115447998047,0.0003835644165519
1.3322664499282837,1.6482329368591309,0.3963454961776733
46.73734664916992,2.393666982650757,0.0006858371780253
3.6607320308685294,2.2086727619171143,0.1188763231039047
5.449090003967285,2.3370957374572754,0.0382000990211963
41.444290161132805,2.394547462463379,9.239158680429682e-05
45.30906295776367,2.3955023288726807,-0.0005513948271982
3.732746601104736,2.2171006202697754,0.1137736961245536
38.107620239257805,2.3928816318511963,0.0012148574460297
22.012401580810547,2.393768548965454,0.0006173629080876
2.760552167892456,2.067233085632324,0.2004590183496475
9.457891464233398,2.390486240386963,0.0028268815949559
33.46269226074219,2.394017457962036,0.0004496265028137
51.67033386230469,2.3936450481414795,0.0007005144143477
4.224844932556152,2.2655553817749023,0.0839131027460098
34.08681869506836,2.395108222961426,-0.0002857034851331
43.74874877929688,2.3940532207489014,0.0004254639788996
42.92058563232422,2.3926348686218266,0.0013809567317366
31.830366134643555,2.393911600112915,0.0005209015798754
39.57191467285156,2.395591259002685,-0.0006115208962
47.24144744873047,2.3931000232696533,0.0010677472455427
32.28645706176758,2.393354892730713,0.0008960929699242
7.249449729919434,2.3771789073944087,0.0117438975721597
37.87957763671875,2.3926713466644287,0.0013564437394961
39.51190185546875,2.395509958267212,-0.0005566413747146
12.758551597595217,2.393983840942383,0.0004722456214949
46.82136535644531,2.3935439586639404,0.0007687186007387
45.68113708496094,2.3952300548553467,-0.0003678832144942
26.381277084350582,2.394561290740967,8.309070835821329e-05
46.55731201171875,2.3939499855041504,0.0004950018483214
53.81876373291016,2.395208835601806,-0.0003535535070113
48.11762237548828,2.393738985061645,0.0006372064817696
31.938386917114254,2.393760681152344,0.0006226429832167
36.727344512939446,2.3940441608428955,0.0004315319820307
1.6203240156173706,1.7561155557632446,0.3525755703449249
34.326866149902344,2.3954670429229736,-0.0005277277668938
15.72314453125,2.3946053981781006,5.330458952812477e-05
29.597919464111328,2.395496368408203,-0.000547464529518
17.23544692993164,2.394409656524658,0.0001853108551586
31.950389862060547,2.393744468688965,0.0006335952784866
30.522104263305664,2.3955330848693848,-0.0005722228670492
39.87197494506836,2.395897626876831,-0.00081817334285
15.09902000427246,2.3947577476501465,-4.9417983973398805e-05
29.573915481567383,2.395479202270508,-0.0005359005299396
39.10382080078125,2.3948144912719727,-8.760712807998061e-05
8.845768928527832,2.3887286186218266,0.0040084556676447
8.41368293762207,2.386916399002075,0.0052255396731197
29.09381866455078,2.3949971199035645,-0.0002108492772094
19.49189758300781,2.3955211639404297,-0.0005642292671836
9.853970527648924,2.391510486602783,0.0021379317622631
12.314462661743164,2.393875360488892,0.0005452818004414
32.03440856933594,2.39363431930542,0.0007078245398588
16.983396530151367,2.394338130950928,0.0002335102617507
52.85857009887695,2.394089460372925,0.0004010314587503
30.06601333618164,2.395671129226685,-0.0006652726442553
25.697139739990234,2.3952724933624268,-0.0003964355564676
12.950590133666992,2.3940820693969727,0.000406047765864
48.7297477722168,2.394606828689575,5.2381205023266375e-05
3.7567512989044185,2.2198281288146973,0.11211659014225
26.129226684570312,2.3948607444763184,-0.000118806179671
14.246849060058594,2.3947017192840576,-1.158155282610096e-05
39.319862365722656,2.3952105045318604,-0.0003546962107066
1.9083817005157473,1.851624608039856,0.3099300861358642
7.297459602355957,2.377751588821411,0.0113614490255713
30.36607360839844,2.3956143856048584,-0.0006270050653256
38.23964691162109,2.393082857131958,0.0010792169487103
12.51850414276123,2.3939027786254883,0.0005268311942927
22.708541870117188,2.393590211868286,0.0007374896085821
5.473094463348389,2.3380250930786133,0.0375935472548007
17.64352798461914,2.394632339477539,3.5120749089401215e-05
49.19783782958984,2.395101308822632,-0.0002810973674058
35.87517547607422,2.3955445289611816,-0.0005800086073577
4.068813800811768,2.2517988681793213,0.0924813374876976
41.708343505859375,2.393991231918335,0.0004672094946727
36.24724960327149,2.3949642181396484,-0.0001885708770714
37.735546112060554,2.3926568031311035,0.0013662510318681
21.1002197265625,2.3945858478546143,6.646004476351663e-05
23.632726669311523,2.39444637298584,0.0001605319557711
25.28905868530273,2.395486354827881,-0.0005406702985055
43.496700286865234,2.393571615219116,0.0007500276551581
27.281455993652344,2.393544435501098,0.0007684009033255
43.11262130737305,2.392892360687256,0.001207529217936
19.03580665588379,2.395458936691284,-0.0005221627070568
42.164432525634766,2.3930912017822266,0.0010736098047345
21.256250381469727,2.3944342136383057,0.0001687317562755
25.64912986755371,2.395307302474976,-0.0004200079420115
19.839967727661133,2.395463228225708,-0.0005251276306807
48.89778137207031,2.394810199737549,-8.480591350235045e-05
25.04900932312012,2.3955180644989014,-0.0005620114970952
53.60272216796875,2.395004987716675,-0.0002160673611797
7.237447261810303,2.377033233642578,0.0118411416187882
8.94178867340088,2.389046430587769,0.0037949096877127
43.36467361450195,2.393324136734009,0.0009166733943857
48.81376266479492,2.39471173286438,-1.831304507504683e-05
46.2452507019043,2.394460201263428,0.0001512502931291
35.85116958618164,2.395575761795044,-0.0006009889766573
40.184036254882805,2.396019697189331,-0.0009005028405226
18.75975227355957,2.3953521251678467,-0.0004500876239035
49.821964263916016,2.395329475402832,-0.000434933026554
21.076215744018555,2.394608974456787,5.088315447210334e-05
38.13162612915039,2.3929152488708496,0.0011921029072254
38.119625091552734,2.3928983211517334,0.0012035944964736
17.847570419311523,2.3947708606719966,-5.8263467508368194e-05
26.99339866638184,2.393813133239746,0.0005872113979421
41.696338653564446,2.394016742706299,0.0004500400100369
22.07241439819336,2.3937296867370605,0.0006435565301217
13.622724533081056,2.3944509029388428,0.0001574665511725
51.74234771728516,2.3935861587524414,0.0007402772898785
22.94858932495117,2.3937184810638428,0.0006509897648356
26.177234649658203,2.394806146621704,-8.199830335797742e-05
32.31046295166016,2.393333196640014,0.0009105817298404
30.47409439086914,2.395561695098877,-0.0005915411165915
11.31826400756836,2.3936972618103027,0.0006654216558672
48.03360748291016,2.3936197757720947,0.0007176211220212
29.645929336547848,2.3955283164978027,-0.000569064693991
10.178035736083984,2.39223861694336,0.0016477230237796
41.45629119873047,2.3945226669311523,0.0001090647419914
47.37347412109375,2.3930492401123047,0.0011019317898899
43.568714141845696,2.393709182739258,0.0006573229911737
12.470494270324709,2.393893957138061,0.0005328948027454
23.908781051635746,2.394771814346313,-5.891190085094422e-05
28.26565361022949,2.3938679695129395,0.0005502953426912
3.900780200958252,2.235365629196167,0.1026224493980407
1.3922784328460691,1.6717430353164673,0.3872085511684417
20.584115982055664,2.3950464725494385,-0.0002440514654153
35.16703414916992,2.396048784255981,-0.000920055899769
36.46329116821289,2.3945629596710205,8.187315688701345e-05
12.17043399810791,2.393867492675781,0.0005505783483386
49.52190399169922,2.3952884674072266,-0.0004071585717611
52.33046722412109,2.3935229778289795,0.0007827223162166
8.401679992675781,2.386855125427246,0.0052666319534182
9.097819328308104,2.389517307281494,0.0034784940071403
5.257051467895508,2.3291127681732178,0.0433969609439373
49.97799682617188,2.3952999114990234,-0.0004150162567384
47.6855354309082,2.393183469772339,0.0010114901233464
31.78235626220703,2.3939809799194336,0.0004741940647363
8.473694801330566,2.3872127532958984,0.0050266562029719
37.39947891235352,2.392899751663208,0.0012026508338749
10.466093063354492,2.392775535583496,0.001286199199967
1.4282855987548828,1.6855868101119995,0.3817231953144073
44.34886932373047,2.3950459957122803,-0.0002437788352835
50.182037353515625,2.3952109813690186,-0.000354961521225
49.74995040893555,2.395331382751465,-0.0004362430772744
14.21084213256836,2.394691467285156,-4.757316219183849e-06
28.445688247680664,2.3941073417663574,0.0003891026426572
46.14923095703125,2.394611597061157,4.9102560296887525e-05
52.16243362426758,2.3934457302093506,0.0008348497794941
53.05060958862305,2.3943374156951904,0.0002339638449484
52.150428771972656,2.3934435844421387,0.0008362605585716
15.0750150680542,2.394760847091675,-5.151910590939224e-05
8.257651329040526,2.386066675186157,0.0057957586832344
17.43948745727539,2.3945086002349854,0.0001185846922453
19.40788078308105,2.395521402359009,-0.000564276415389
20.05601119995117,2.3953812122344966,-0.0004697144031524
37.92758560180664,2.392695426940918,0.001340119051747
33.45069122314453,2.3939967155456543,0.0004635207005776
12.998600006103516,2.3941080570220947,0.000388519547414
39.47589492797852,2.395458221435547,-0.0005217392463237
27.713542938232425,2.393401861190796,0.0008643826586194
34.43488693237305,2.3956060409545894,-0.0006214234745129
19.74394798278809,2.3954885005950928,-0.000542176363524
5.977195262908936,2.3543741703033447,0.0268699210137128
10.070013999938965,2.3920094966888428,0.0018019834533333
45.70513916015625,2.395205020904541,-0.000350914982846
24.784957885742188,2.3954694271087646,-0.0005293037975206
44.8769760131836,2.395505905151367,-0.000553801015485
42.512500762939446,2.392637014389038,0.0013795979321002
26.465293884277344,2.394456148147583,0.0001538644864922
11.378275871276855,2.393727302551269,0.000645151711069
5.0650129318237305,2.320103168487549,0.0492331348359584
0.6841368079185485,1.360304832458496,0.489645630121231
25.30105972290039,2.3954827785491943,-0.0005383298848755
3.2166433334350586,2.147871494293213,0.1548856943845748
46.161231994628906,2.3945930004119877,6.166992534417659e-05
37.31546401977539,2.393007278442383,0.0011301754275336
32.98259735107422,2.3933234214782715,0.0009172517457045
52.39047622680664,2.393571615219116,0.0007499859784729
18.159631729125977,2.3949906826019287,-0.0002064789005089
23.94478988647461,2.39481258392334,-8.628080831840633e-05
0.8161632418632507,1.4238061904907229,0.4720763564109802
21.412282943725582,2.394282341003418,0.0002711052657105
48.021602630615234,2.3936028480529785,0.0007289168424904
40.05200958251953,2.395993709564209,-0.0008829476428218
10.56211280822754,2.3929293155670166,0.0011826663976535
40.89217758178711,2.395526647567749,-0.0005678549641743
42.76455307006836,2.3925485610961914,0.001439087325707
10.874175071716309,2.3933393955230717,0.0009064228506758
29.65793228149414,2.395535945892334,-0.0005741417990066
5.3770751953125,2.3342177867889404,0.0400763750076293
22.42048454284668,2.3935811519622803,0.0007435901206918
42.41648483276367,2.392730236053467,0.0013166950084269
15.135026931762695,2.3947527408599854,-4.59577095170971e-05
26.333267211914062,2.394620418548584,4.3218929931754246e-05
11.090217590332031,2.393544912338257,0.0007680680719204
40.49609756469727,2.395930051803589,-0.0008400621591135
23.30866241455078,2.3940653800964355,0.0004173456400167
9.217844009399414,2.3898513317108154,0.0032539388630539
53.146629333496094,2.394461870193481,0.0001500787620898
13.934786796569824,2.39459490776062,6.040072184987366e-05
38.29965972900391,2.393185615539551,0.0010099950013682
16.587316513061523,2.394347667694092,0.0002271077974
39.25985336303711,2.3951060771942134,-0.0002842388057615
39.39188003540039,2.395329475402832,-0.0004348498187027
3.0246050357818604,2.1163876056671143,0.1729762852191925
51.70634078979492,2.3936145305633545,0.000721052463632
31.51830291748047,2.3943734169006348,0.0002097717951983
6.253250598907472,2.3611044883728027,0.022426102310419
9.037807464599608,2.3893418312072754,0.0035963172558695
5.125024795532227,2.323033332824707,0.0473384894430637
0.9961992502212524,1.5065287351608276,0.4466093778610229
24.8809757232666,2.3954970836639404,-0.0005479317624121
31.99839973449707,2.3936805725097656,0.0006765641155652
17.25945281982422,2.3944196701049805,0.0001785671338438
49.329864501953125,2.39519476890564,-0.000344041880453
35.73114776611328,2.3957178592681885,-0.000696834991686
30.258050918579105,2.395650148391724,-0.000651110720355
31.254251480102536,2.3947570323944087,-4.8970578063745045e-05
30.642127990722656,2.3954477310180664,-0.0005146870971657
5.07701539993286,2.320697784423828,0.0488489717245101
8.185637474060057,2.3856332302093506,0.0060865092091262
51.45429229736328,2.393861532211304,0.0005546959582716
11.21024227142334,2.3936328887939453,0.0007087938138283
13.490697860717772,2.3943817615509038,0.0002040800900431
11.582316398620604,2.3938024044036865,0.0005945355514995
23.200639724731445,2.393948793411255,0.0004959465004503
52.83456802368164,2.394059181213379,0.0004214981745462
8.713743209838867,2.3882477283477783,0.0043315831571817
23.21264266967773,2.393961191177368,0.0004874967853538
3.5527105331420894,2.1953182220458984,0.1269063502550125
49.845970153808594,2.39532732963562,-0.0004333822289481
34.098819732666016,2.395127534866333,-0.0002987436891999
7.7535505294799805,2.3824191093444824,0.0082404557615518
42.53650665283203,2.3926181793212886,0.0013922142097726
21.92838478088379,2.393828153610229,0.0005772210424765
35.215042114257805,2.3960435390472408,-0.0009165913215838
20.380075454711918,2.3951961994171143,-0.0003450571675784
33.23464584350586,2.3936476707458496,0.0006988482782617
46.13722610473633,2.394630193710327,3.6600362363969914e-05
31.61432266235352,2.3942296504974365,0.0003065522178076
35.33506774902344,2.3960115909576416,-0.0008950090850703
50.950191497802734,2.3944735527038574,0.0001422754285158
11.354270935058594,2.3937156200408936,0.0006529440288431
38.91178131103516,2.3944258689880367,0.0001742795720929
36.58331680297852,2.3943288326263428,0.0002396877971477
45.92118453979492,2.3949434757232666,-0.0001745695917634
1.2602519989013672,1.6192984580993652,0.4072811007499694
37.25545120239258,2.3930928707122803,0.0010724702151492
35.31106185913086,2.3960201740264893,-0.0009007974294945
21.340267181396484,2.3943521976470947,0.0002239976165583
18.795759201049805,2.3953685760498047,-0.0004612487391568
18.53170585632324,2.3952314853668213,-0.0003687858988996
47.4694938659668,2.3930490016937256,0.0011021288810297
20.632125854492188,2.395008087158203,-0.0002181109884986
15.18303680419922,2.394744873046875,-4.078217170899734e-05
46.12522506713867,2.394648551940918,2.416584175080061e-05
18.0996208190918,2.394948720932007,-0.000178217087523
50.33806610107422,2.3951070308685303,-0.0002848712319973
27.197439193725582,2.3936121463775635,0.0007226870511658
52.018402099609375,2.3934471607208248,0.0008338219486176
22.04841041564941,2.393744707107544,0.0006333428900688
6.757351398468018,2.3704113960266118,0.0162529870867729
46.28125762939453,2.394402027130127,0.0001903579977806
4.800960063934326,2.305903911590576,0.0583689138293266
13.910781860351562,2.3945848941802974,6.706721615046263e-05
5.545108795166016,2.3407254219055176,0.0358293876051902
14.042808532714844,2.394636631011963,3.23031417792663e-05
1.8363672494888303,1.8288867473602293,0.3204116523265838
51.34626770019531,2.3939855098724365,0.0004710682551376
8.377676010131836,2.386730670928955,0.0053501641377806
31.96239280700684,2.3937282562255855,0.0006444665486924
51.1782341003418,2.3941903114318848,0.00033317663474
8.269654273986816,2.386136293411255,0.0057490430772304
7.045409202575684,2.3745672702789307,0.0134860873222351
2.68853759765625,2.052527666091919,0.2084999829530715
48.06961441040039,2.393670558929444,0.0006834237719886
18.39967918395996,2.395151138305664,-0.0003145502414554
40.17203521728516,2.3960189819335938,-0.0008999682613648
45.78915786743164,2.3951103687286377,-0.0002871959586627
23.71674346923828,2.3945472240448,9.256408520741388e-05
28.601720809936523,2.3943262100219727,0.0002414464688627
15.639127731323242,2.39463210105896,3.5315501008881256e-05
38.71974563598633,2.394021511077881,0.0004468142869882
15.915183067321776,2.394541025161743,9.665420657256618e-05
0.4200840294361114,1.2267606258392334,0.5208417773246765
12.27845573425293,2.3938729763031006,0.0005469762836582
2.4604921340942383,2.001948833465576,0.2355179637670517
47.86557388305664,2.3933942317962646,0.0008695817668922
21.8083610534668,2.3939220905303955,0.0005138191627338
33.18663787841797,2.393577337265014,0.0007460938650183
44.32486343383789,2.39501428604126,-0.0002223508927272
48.8377685546875,2.394740581512451,-3.7761867133667686e-05
5.689137935638428,2.345744132995605,0.0325431190431118
36.943389892578125,2.3936257362365723,0.0007135449559427
1.9563913345336916,1.8663681745529173,0.303024411201477
47.805561065673835,2.3933196067810054,0.0009197806939482
35.7071418762207,2.3957433700561523,-0.0007141244714148
26.64532852172852,2.394228935241699,0.0003071457322221
6.769353866577148,2.3705973625183105,0.0161293689161539
7.777555465698241,2.382627248764038,0.0081011708825826
10.44208812713623,2.392735242843628,0.0013134345645084
19.99599838256836,2.3954074382781982,-0.0004874321166425
23.476696014404297,2.394259452819824,0.0002865233982447
26.249250411987305,2.394721746444702,-2.516061431379057e-05
50.78215789794922,2.3946738243103027,7.24211804481456e-06
37.60351943969727,2.3927111625671387,0.0013295686803758
41.54030990600586,2.3943474292755127,0.0002271678386023
17.499500274658203,2.394542932510376,9.545594366500154e-05
8.61772346496582,2.3878607749938965,0.0045915194787085
6.34926986694336,2.3631417751312256,0.0210775900632143
29.63392639160156,2.3955206871032715,-0.0005638576694764
7.009401798248291,2.3740770816802974,0.0138127207756042
15.051010131835938,2.394763708114624,-5.345268436940386e-05
17.811561584472656,2.3947458267211914,-4.1343380871694535e-05
28.493698120117188,2.3941738605499268,0.0003441528824623
29.561912536621094,2.3954703807830806,-0.000529930461198
8.005600929260254,2.3844265937805176,0.0068955551832914
38.31166076660156,2.3932070732116695,0.000995664158836
3.264652967453003,2.155226945877075,0.1506045162677764
53.6627311706543,2.395066022872925,-0.0002572212251834
1.356271266937256,1.6577025651931765,0.3926922678947448
8.881776809692385,2.3888506889343266,0.0039264438673853
19.635927200317383,2.3955085277557373,-0.0005556643591262
24.028806686401367,2.394904613494873,-0.0001483833184465
3.3126626014709477,2.1623837947845455,0.1464191079139709
13.010601997375488,2.3941147327423096,0.0003840942517854
22.68453598022461,2.3935837745666504,0.0007417823071591
6.9133825302124015,2.3727340698242188,0.0147073557600378
7.225445270538329,2.376886367797852,0.0119390403851866
52.23444747924805,2.393467426300049,0.0008201490854844
34.590919494628906,2.3957769870758057,-0.0007367754005827
20.812162399291992,2.3948545455932617,-0.0001145737987826
17.895578384399414,2.394804716110229,-8.099809929262847e-05
2.604520797729492,2.034618139266968,0.2181800901889801
4.956991195678711,2.3145580291748047,0.0528099723160266
10.370074272155762,2.392609119415283,0.0013983497628942
33.21064376831055,2.3936121463775635,0.0007227516616694
26.009201049804688,2.3949906826019287,-0.0002063647989416
11.498299598693848,2.3937761783599854,0.0006121649057604
38.803760528564446,2.3941991329193115,0.0003271138702984
42.188438415527344,2.3930509090423584,0.0011007530847564
26.969394683837887,2.3938395977020264,0.0005694465362466
16.323265075683594,2.394408702850342,0.0001858336181612
26.525304794311523,2.394380569458008,0.0002049044414889
44.1688346862793,2.3947882652282715,-7.002249185461551e-05
0.2160432040691375,1.118432641029358,0.5402340292930603
34.72294616699219,2.3958914279937744,-0.000813991879113
32.39447784423828,2.3932666778564453,0.0009554970893077
25.50510025024414,2.395397186279297,-0.0004805092175956
36.415283203125,2.3946549892425537,1.9934594092774205e-05
42.9085807800293,2.3926239013671875,0.001388416509144
27.12542533874512,2.3936779499053955,0.0006784288561902
14.30686092376709,2.394717216491699,-2.20446236198768e-05
28.397680282592773,2.3940415382385254,0.0004333862161729
29.189838409423828,2.3951122760772705,-0.0002883986162487
33.03060531616211,2.3933758735656734,0.0008819078793749
11.666333198547363,2.3938226699829106,0.0005808752030134
26.14122772216797,2.3948471546173096,-0.0001096921405405
3.1806361675262447,2.1422221660614014,0.1581597030162811
34.21884536743164,2.395313501358032,-0.0004240411799401
24.628925323486328,2.3954010009765625,-0.0004831663100048
10.838167190551758,2.393299102783203,0.0009336171206086
6.109221935272217,2.357764482498169,0.0246335119009017
31.686336517333984,2.394122362136841,0.0003789435140788
24.436887741088867,2.3952791690826416,-0.0004009934491477
18.087617874145508,2.3949403762817383,-0.0001725299371173
15.039008140563965,2.394765138626098,-5.4355889005819336e-05
21.9883975982666,2.393784999847412,0.0006062884931452
31.542308807373047,2.3943374156951904,0.0002339377533644
52.93058776855469,2.3941817283630367,0.0003388893674127
32.57451629638672,2.393175840377808,0.0010165699059143
33.78675842285156,2.3945932388305664,6.157453753985465e-05
30.330066680908203,2.3956282138824463,-0.0006363164284266
26.165233612060547,2.394819974899292,-9.128675446845592e-05
21.436286926269528,2.3942592144012447,0.0002867075090762
34.13482666015625,2.3951847553253174,-0.0003373369690962
51.550308227539055,2.39375901222229,0.0006237276247702
33.558712005615234,2.394185304641724,0.0003365039592608
30.76215171813965,2.395343780517578,-0.0004445772210601
16.803359985351562,2.394326686859131,0.0002411985769867
20.89617919921875,2.3947784900665283,-6.33669042144902e-05
22.86457252502441,2.393660068511963,0.0006903742905706
16.05921173095703,2.394492149353028,0.0001296764821745
15.987197875976562,2.394516468048096,0.0001132206962211
45.72914505004882,2.395179033279419,-0.0003333863569423
42.35647201538086,2.3928024768829346,0.0012681572698056
41.6843376159668,2.3940422534942627,0.0004328601644374
49.7619514465332,2.395331621170044,-0.0004363739280961
10.718143463134766,2.3931515216827397,0.0010330377845093
48.657730102539055,2.39451265335083,0.0001159166058641
27.881576538085938,2.39347243309021,0.0008168899221345
31.638328552246094,2.3941938877105717,0.000330733222654
27.34146881103516,2.3935024738311768,0.0007966257981024
40.90418243408203,2.395509719848633,-0.0005565304891206
34.60292053222656,2.3957886695861816,-0.0007445953087881
44.804962158203125,2.3954722881317134,-0.0005311521235853
45.633125305175774,2.395277976989746,-0.0004000907065346
47.21744537353516,2.3931148052215576,0.0010577788343653
21.148229598999023,2.394539356231689,9.77761228568852e-05
44.396881103515625,2.3951070308685303,-0.0002849095035344
2.556511402130127,2.024009227752685,0.2238556742668151
46.533306121826165,2.393989086151123,0.0004686902102548
11.83436679840088,2.393848657608032,0.0005633733817376
28.661731719970703,2.394411563873291,0.0001839750475483
41.012203216552734,2.395348072052002,-0.000447433674708
42.47649383544922,2.3926684856414795,0.001358272624202
30.570114135742188,2.3955013751983643,-0.0005507700261659
47.96159362792969,2.3935203552246094,0.0007844931678846
17.943588256835938,2.3948385715484615,-0.0001038637565216
16.035207748413086,2.394500255584717,0.0001242152793565
22.168434143066406,2.393674612045288,0.00068061001366
39.283855438232415,2.3951485157012935,-0.0003128017415292
11.570314407348633,2.393799066543579,0.0005967996548861
13.442688941955566,2.394355773925781,0.0002216048596892
36.75135040283203,2.3939969539642334,0.0004634423821698
4.4288859367370605,2.2815756797790527,0.0738446936011314
25.673133850097656,2.3952901363372803,-0.0004084277024958
29.53790664672852,2.3954520225524902,-0.0005176186095923
48.17763519287109,2.3938260078430176,0.0005786792607977
3.684736967086792,2.211523532867432,0.1171534210443496
40.85617065429688,2.395575523376465,-0.0006008271011523
3.8407680988311768,2.2290608882904053,0.1064859703183174
31.134227752685547,2.3949198722839355,-0.0001586519065313
5.101020336151123,2.321873903274536,0.0480885133147239
53.49469757080078,2.394887685775757,-0.0001369582460029
5.48509693145752,2.338484287261963,0.0372937656939029
42.260452270507805,2.3929367065429688,0.0011776547180488
9.433886528015137,2.390423059463501,0.0028693857602775
11.714343070983888,2.393831968307495,0.000574656354729
14.918983459472656,2.394774913787842,-6.099096935940906e-05
51.6463279724121,2.393666505813598,0.0006861379370093
19.57591438293457,2.3955156803131104,-0.0005605407059192
17.619524002075195,2.394616842269897,4.558068758342415e-05
9.877975463867188,2.391568422317505,0.0020989296026527
53.78275680541992,2.3951780796051025,-0.0003327768063172
7.669533729553223,2.381662130355835,0.0087471297010779
9.229846000671385,2.389883756637573,0.0032321147155016
6.949389934539794,2.373244285583496,0.0143675142899155
16.311262130737305,2.3944122791290283,0.0001835168950492
11.882376670837402,2.393853187561035,0.0005602771998383
48.40568161010742,2.3941593170166016,0.0003540095058269
26.90938186645508,2.3939075469970703,0.0005237181903794
13.742748260498049,2.39451003074646,0.0001176464356831
17.17543601989746,2.3943867683410645,0.0002006786671699
1.1162232160568235,1.5590755939483645,0.4289394319057464
0.9721944332122802,1.4957661628723145,0.4500861763954162
9.94999027252197,2.3917386531829834,0.0019843494519591
46.19723892211913,2.39453649520874,9.9737590062432e-05
23.704740524291992,2.3945329189300537,0.0001022416472551
47.61352157592773,2.393116235733032,0.0010568578727543
8.389678001403809,2.386793375015259,0.0053081721998751
29.753950119018555,2.3955891132354736,-0.0006099952151998
16.167232513427734,2.394456386566162,0.000153726330609
1.6323264837265017,1.760339856147766,0.3507663011550903
10.430086135864258,2.3927147388458248,0.0013272536452859
32.14242935180664,2.3935036659240723,0.0007957514026202
50.97419357299805,2.394443988800049,0.0001621522242203
36.7153434753418,2.3940680027008057,0.0004155533097218
21.50830078125,2.3941903114318848,0.000333078962285
16.107221603393555,2.3944761753082275,0.0001404902723152
35.76715469360352,2.3956775665283203,-0.0006697053904645
25.85317039489746,2.3951425552368164,-0.0003089198144152
2.196439266204834,1.9352128505706787,0.2696453928947448
36.48729705810546,2.394516706466675,0.0001131387325585
20.06801414489746,2.395375490188598,-0.0004659609112422
28.385677337646484,2.3940253257751465,0.0004443327488843
16.791358947753906,2.39432692527771,0.0002410208107903
43.02860641479492,2.3927676677703857,0.0012915392871946
46.98939895629882,2.3933255672454834,0.0009158097673207
35.01100158691406,2.3960351943969727,-0.0009109213133342
9.397879600524902,2.3903286457061768,0.0029329671524465
35.23904800415039,2.3960394859313965,-0.0009137497399933
26.56131172180176,2.3943350315093994,0.0002356097247684
40.652130126953125,2.3958077430725098,-0.0007575136260129
16.419282913208008,2.3943831920623775,0.0002031790354521
46.00519943237305,2.3948268890380855,-9.592554124537855e-05
9.613923072814941,2.390901565551758,0.0025476317387074
34.50690078735352,2.3956894874572754,-0.0006777495727874
0.2880576252937316,1.1571128368377686,0.5339323878288269
8.161632537841797,2.385482788085937,0.0061874906532466
37.11142349243164,2.3933234214782715,0.0009172005229629
27.72554588317871,2.393404245376587,0.0008628441137261
25.121025085449215,2.395516157150269,-0.000560731452424
52.77455520629882,2.393984317779541,0.0004719395656138
5.5571112632751465,2.3411626815795894,0.0355433449149131
0.7201440334320068,1.3778523206710815,0.4849644601345062
24.508901596069336,2.395329475402832,-0.0004349351511336
44.27685546875,2.3949482440948486,-0.0001778302830643
6.961392402648926,2.373412609100342,0.014255441725254
42.0924186706543,2.3932180404663086,0.0009881843579933
6.901380062103272,2.3725621700286865,0.0148219019174575
9.421884536743164,2.39039158821106,0.0028905957005918
22.49249839782715,2.3935704231262207,0.0007507870323024
31.17023468017578,2.394871950149536,-0.0001264562597498
9.829965591430664,2.391451835632324,0.0021773225162178
22.744548797607425,2.393601894378662,0.0007296247640624
19.923984527587887,2.3954353332519527,-0.0005063494318164
36.65533065795898,2.3941867351531982,0.0003355477238073
49.16183090209961,2.3950719833374023,-0.0002613041724544
19.419883728027344,2.395521640777588,-0.0005644913180731
44.19283676147461,2.394825220108032,-9.484926704317331e-05
19.107822418212887,2.3954787254333496,-0.00053550908342
8.581716537475588,2.3877065181732178,0.0046949908137321
1.8603720664978027,1.8365495204925537,0.3169021904468536
30.030006408691406,2.3956689834594727,-0.0006638109334744
7.885577201843261,2.383518695831299,0.0075039332732558
25.421083450317383,2.395438432693481,-0.0005083924042992
23.9927978515625,2.3948655128479004,-0.0001220906851813
3.924784898757935,2.2378218173980717,0.1011132895946502
19.26385307312012,2.3955090045928955,-0.0005560097051784
13.718743324279783,2.394498586654663,0.0001253863156307
7.213442802429198,2.376738786697388,0.0120375929400324
49.305862426757805,2.3951795101165767,-0.0003337500966154
2.700540065765381,2.0550193786621094,0.2071433812379837
39.66793441772461,2.3957083225250244,-0.0006903316825628
34.458892822265625,2.395634651184082,-0.0006407665787264
2.3524703979492188,1.9757471084594729,0.249123990535736
36.05521011352539,2.395285129547119,-0.0004050171701237
40.088016510009766,2.396004676818848,-0.0008902766858227
18.06361198425293,2.394923448562622,-0.0001611289626453
50.6621322631836,2.3948073387146,-8.278721361421049e-05
37.02740478515625,2.393471002578736,0.0008178119896911
19.16783332824707,2.3954923152923584,-0.0005447804578579
42.644527435302734,2.392559289932251,0.0014318390749394
25.361072540283203,2.39546275138855,-0.0005248374072834
40.29205703735352,2.3960127830505367,-0.000895736622624
50.85417175292969,2.394589424133301,6.407175533240661e-05
19.73194694519043,2.395491123199463,-0.0005439735832624
26.045209884643555,2.394952774047852,-0.000180818766239
31.7463493347168,2.394033670425415,0.0004387156513985
3.3366672992706294,2.165888786315918,0.1443621516227722
28.733747482299805,2.3945136070251465,0.0001151470423792
0.3000600039958953,1.1635144948959353,0.5328221917152404
10.47809600830078,2.3927955627441406,0.001272783614695
13.45469093322754,2.394362211227417,0.0002171996165998
48.22564697265625,2.393896102905273,0.0005314564914442
13.4786958694458,2.394375324249268,0.0002084365405607
27.05341148376465,2.393749475479126,0.0006301276152953
47.745548248291016,2.393249273300171,0.0009672183077782
30.19804000854492,2.395662546157837,-0.0006595039158128
0.468093603849411,1.2516415119171145,0.5156306028366088
11.282256126403809,2.393677234649658,0.0006788714672438
4.968993663787842,2.3151917457580566,0.0524018444120883
25.901180267333984,2.3950982093811035,-0.000278858555248
38.455692291259766,2.3934779167175293,0.0008131766808219
4.464892864227295,2.2841897010803223,0.0721924826502799
10.670133590698242,2.393086671829224,0.001076616696082
2.7245450019836426,2.059953451156616,0.2044499218463897
43.32866668701172,2.393258571624756,0.0009608888649381
27.533506393432617,2.3934123516082764,0.000857367995195
20.76415252685547,2.3948967456817627,-0.0001430713455192
53.2546501159668,2.394599676132202,5.719041655538604e-05
43.06461334228516,2.3928196430206294,0.0012565348297357
13.99479866027832,2.3946187496185303,4.439796975930221e-05
14.546909332275392,2.394761800765991,-5.2149887778796256e-05
23.53670692443848,2.3943309783935547,0.0002383045357419
24.28085708618164,2.3951525688171387,-0.0003155954473186
37.711544036865234,2.392662048339844,0.0013626164291054
50.92618560791016,2.394502639770508,0.0001225122687174
32.538509368896484,2.3931877613067627,0.0010086202528327
49.49789810180664,2.3952794075012207,-0.0004011725250165
2.172434568405152,1.9286872148513796,0.2728891372680664
50.19403839111328,2.3952040672302246,-0.000350284128217
4.788957595825195,2.305204391479492,0.058817084878683
42.236446380615234,2.392973661422729,0.001152814249508
25.253049850463867,2.395495653152466,-0.0005469701136462
45.18903732299805,2.395538330078125,-0.0005757562466897
18.57971572875977,2.395258903503418,-0.0003873107489198
6.121224403381348,2.3580567836761475,0.0244406033307313
24.71294212341309,2.3954415321350098,-0.0005104057490825
23.36867332458496,2.3941333293914795,0.000371569651179
1.4162832498550415,1.6809940338134766,0.3835516273975372
53.590717315673835,2.3949923515319824,-0.0002075862430501
43.472694396972656,2.393526077270508,0.0007807277143001
43.66473388671875,2.393893241882324,0.0005332774017006
15.291058540344238,2.3947243690490723,-2.690547808015253e-05
50.89017868041992,2.3945462703704834,9.311742178397252e-05
8.329666137695312,2.386473655700684,0.0055227251723408
49.98999786376953,2.395296335220337,-0.0004125315172132
21.616323471069336,2.394089698791504,0.000400935387006
26.153230667114254,2.394833564758301,-0.0001005185185931
34.48289489746094,2.395662546157837,-0.000659545767121
15.843168258666992,2.39456558227539,8.016103674890473e-05
41.13222503662109,2.395147562026977,-0.000312257965561
45.90918350219727,2.3949594497680664,-0.0001853881403803
31.026205062866207,2.39505672454834,-0.00025102624204
52.29446029663086,2.393498420715332,0.0007992640603333
51.898380279541016,2.3934884071350098,0.0008061152184382
37.32746505737305,2.392991065979004,0.0011411483865231
30.174034118652344,2.3956658840179443,-0.0006618533516302
21.17223358154297,2.3945162296295166,0.0001134992999141
12.50650119781494,2.3939003944396973,0.0005284684593789
41.64833068847656,2.3941187858581543,0.0003812939976342
49.785957336425774,2.395331382751465,-0.0004362161562312
15.9631929397583,2.3945248126983643,0.0001077015476766
6.157231330871582,2.358917713165283,0.0238718762993812
47.91358184814453,2.393456220626831,0.0008276982116512
47.19343948364258,2.3931310176849365,0.0010467550018802
45.969192504882805,2.3948776721954346,-0.0001302338350797
9.253850936889648,2.3899481296539307,0.0031887283548712
36.28325653076172,2.394899845123291,-0.0001451690186513
3.8047609329223633,2.2251629829406734,0.1088670864701271
3.9847970008850098,2.2438013553619385,0.0974294692277908
14.570914268493652,2.3947646617889404,-5.410687299445272e-05
38.983795166015625,2.3945744037628174,7.414099673042074e-05
53.24264907836913,2.39458441734314,6.73921822453849e-05
34.51890563964844,2.3957028388977046,-0.0006866322364658
48.87377548217773,2.394782781600952,-6.626588583458215e-05
34.01480484008789,2.3949897289276123,-0.0002057708334177
29.06981468200684,2.3949673175811768,-0.0001906808611238
19.827964782714844,2.3954668045043945,-0.0005275174044072
36.60732269287109,2.3942816257476807,0.0002715882437769
41.0842170715332,2.395230293273926,-0.0003679712826851
17.331466674804688,2.3944523334503174,0.0001564550184411
18.33966827392578,2.3951125144958496,-0.0002885079302359
12.194438934326172,2.3938686847686768,0.0005499133258126
16.40728187561035,2.394386053085327,0.0002011367469094
18.147628784179688,2.39498233795166,-0.000200853057322
17.799560546875,2.394737482070923,-3.5734628909267485e-05
37.891578674316406,2.3926763534545894,0.0013530093710869
11.85837173461914,2.3938510417938232,0.0005617383867502
53.830764770507805,2.395218849182129,-0.0003602752985898
45.32106399536133,2.3954970836639404,-0.0005479801329784
27.821563720703125,2.393437385559082,0.0008404881809838
8.365673065185547,2.3866674900054927,0.0053926114924252
14.090818405151367,2.394653558731079,2.086133827106096e-05
44.2288475036621,2.3948791027069087,-0.0001311756059294
20.152030944824215,2.395333766937256,-0.0004377626173663
17.3194637298584,2.394446611404419,0.0001603272248758
51.49029922485352,2.393822193145752,0.0005812575109302
2.5805160999298096,2.0293483734130855,0.221004843711853
44.40888214111328,2.3951218128204346,-0.0002948243636637
45.58511734008789,2.39532208442688,-0.0004299175052437
5.425085067749024,2.3361515998840328,0.0388160310685634
20.41608238220215,2.395171642303467,-0.0003283938567619
41.20424270629882,2.3950181007385254,-0.0002249293611384
15.867173194885254,2.3945574760437007,8.56396509334445e-05
53.99879837036133,2.395341634750366,-0.0004430898407008
32.226444244384766,2.3934128284454346,0.0008569383062422
43.436687469482415,2.393458127975464,0.0008264961070381
37.67553329467773,2.392673969268799,0.0013545603724196
4.236847400665283,2.266557455062866,0.083286203444004
22.528505325317383,2.393568277359009,0.0007523360545746
32.33446502685547,2.393312931060791,0.0009243582026101
47.81756210327149,2.393334150314331,0.0009099491289816
50.09801864624024,2.395254373550415,-0.0003842084552161
48.21364212036133,2.39387845993042,0.0005432853940874
19.563913345336918,2.3955168724060054,-0.0005612915265373
0.2280456125736236,1.1249105930328367,0.539227545261383
6.99739933013916,2.37391209602356,0.0139226010069251
14.474894523620604,2.3947513103485107,-4.512237865128554e-05
34.27885437011719,2.3954005241394043,-0.0004828026576433
22.144428253173828,2.39368748664856,0.0006719432421959
52.28245544433594,2.393491268157959,0.0008040977991186
18.723745346069336,2.3953347206115723,-0.0004384399217087
30.222043991088867,2.3956582546234126,-0.0006565779913216
29.6699333190918,2.395543336868286,-0.0005790882278233
38.39567947387695,2.393361806869507,0.0008913643541745
15.363072395324709,2.3947083950042725,-1.6055213563959114e-05
51.76635360717773,2.393568277359009,0.000752318650484
31.18223571777344,2.3948559761047363,-0.0001155824938905
39.40388107299805,2.39534854888916,-0.000447713129688
17.547510147094727,2.3945717811584477,7.603436824865638e-05
7.513502597808839,2.3801348209381104,0.0097688399255275
26.18923759460449,2.394792318344116,-7.265463500516489e-05
6.6853370666503915,2.3692677021026607,0.0170134622603654
6.505300998687744,2.366163969039917,0.0190742891281843
5.7731547355651855,2.348447322845459,0.0307690147310495
7.825565338134765,2.383032321929932,0.0078298049047589
38.707740783691406,2.393996238708496,0.0004638953541871
19.9119815826416,2.395439624786377,-0.0005092504434287
8.137627601623535,2.385329008102417,0.0062905470840632
29.873973846435547,2.395637273788452,-0.0006425541942007
20.95619201660156,2.3947229385375977,-2.5881054170895368e-05
28.00160026550293,2.393572330474853,0.0007495019817724
38.82776641845703,2.39424991607666,0.0002929760375991
4.668933868408203,2.2979166507720947,0.0634745433926582
34.914981842041016,2.396004199981689,-0.0008899458916857
51.61032104492188,2.393699884414673,0.000663612911012
46.61732482910156,2.3938534259796143,0.000560094777029
3.948789834976196,2.240240812301636,0.0996245816349983
0.0,1.0,0.5550901889801025
39.16383361816406,2.3949296474456787,-0.0001653223589528
22.792558670043945,2.3936214447021484,0.0007163898553699
36.787357330322266,2.39392614364624,0.0005111435893923
17.907581329345703,2.394813060760498,-8.670510578667745e-05
35.79115676879883,2.395649671554565,-0.0006508355145342
3.204640865325928,2.1460011005401607,0.1559710055589675
16.431285858154297,2.3943800926208496,0.0002051819756161
15.375075340270996,2.3947055339813232,-1.4130854651739355e-05
41.37227630615234,2.3946938514709477,-6.3086426962399855e-06
34.87897491455078,2.3959879875183105,-0.000879114610143
33.65473175048828,2.3943564891815186,0.0002210812817793
53.56671524047852,2.3949668407440186,-0.0001903841621242
16.14322853088379,2.3944642543792725,0.0001484760869061
39.99199676513672,2.3959693908691406,-0.0008665312780067
18.95178985595703,2.3954315185546875,-0.0005036317161284
51.51430130004882,2.393796443939209,0.0005985307507216
51.958393096923835,2.393463611602783,0.0008227422949858
17.715543746948242,2.39468002319336,2.9635039027198218e-06
31.8543701171875,2.3938775062561035,0.0005439507076516
20.92018318176269,2.394756317138672,-4.84558731841389e-05
12.602520942687988,2.3939237594604488,0.000512811995577
27.46149253845215,2.3934376239776607,0.0008403423125855
38.63572692871094,2.3938448429107666,0.0005659271264448
31.23024559020996,2.3947904109954834,-7.142363028833643e-05
53.33866882324219,2.394703865051269,-1.311210962740006e-05
49.461891174316406,2.3952646255493164,-0.0003911625826731
38.61172103881836,2.3937947750091557,0.0005996749387122
10.682136535644531,2.3931033611297607,0.0010655169608071
53.410682678222656,2.3947906494140625,-7.150734745664522e-05
26.669334411621094,2.3941986560821533,0.0003274825285188
46.47329330444336,2.394087314605713,0.000402462639613
15.123024940490724,2.394754409790039,-4.715183968073688e-05
40.00400161743164,2.39597487449646,-0.0008702327031642
41.99639892578125,2.3933990001678467,0.0008663331391289
48.47769546508789,2.3942630290985107,0.0002840869419742
36.859371185302734,2.3937859535217285,0.0006056372076272
39.94398880004882,2.395944356918335,-0.0008496506488882
49.005802154541016,2.394926786422729,-0.0001633475039852
52.174434661865234,2.3934481143951416,0.0008331490098498
45.45309066772461,2.3954246044158936,-0.0004990008892491
5.593118667602539,2.342453718185425,0.0346986837685108
46.7613525390625,2.3936309814453125,0.0007100255461409
34.84296798706055,2.39596962928772,-0.0008666887297295
28.697738647460938,2.3944625854492188,0.0001495145261287
18.35167121887207,2.395120143890381,-0.0002937777608167
45.465091705322266,2.395416498184204,-0.0004935317556373
29.609922409057617,2.395504713058472,-0.0005530567723326
31.722345352172848,2.394068956375122,0.0004148900043219
26.83736801147461,2.3939919471740723,0.0004667185130529
38.28765869140625,2.3931646347045894,0.0010241699637845
43.41268157958984,2.3934130668640137,0.0008567801560275
3.600720167160034,2.2013614177703857,0.123281106352806
46.68933868408203,2.393740177154541,0.0006364106666296
45.093017578125,2.3955478668212886,-0.0005822199746035
9.073814392089844,2.389447927474976,0.0035251064691692
26.549310684204105,2.394350051879883,0.0002253724087495
45.765151977539055,2.395138502120972,-0.0003060700837522
14.078815460205078,2.3946495056152344,2.3659422367927615e-05
53.29065704345703,2.3946447372436523,2.680859870451968e-05
52.94258880615234,2.3941972255706787,0.0003284490085206
45.3930778503418,2.395461320877075,-0.0005238315789029
12.050410270690918,2.3938632011413574,0.0005536253447644
48.645729064941406,2.394496440887451,0.0001267426268896
11.894378662109377,2.393854141235352,0.0005596071132458
46.96539306640625,2.3933539390563965,0.0008966346504166
44.07281494140625,2.394634246826172,3.38305180775933e-05
9.385877609252928,2.390297174453736,0.0029541424009948
40.64012908935546,2.3958189487457275,-0.0007650497718714
39.15182876586913,2.394906997680664,-0.0001499729260103
51.7303466796875,2.3935954570770264,0.0007340206066146
21.22024345397949,2.3944692611694336,0.0001450349664082
23.260652542114254,2.394012451171875,0.000452955282526
30.606121063232425,2.395475387573242,-0.0005333061562851
33.198638916015625,2.3935947418212886,0.0007344948826357
21.56831359863281,2.394134044647217,0.0003710755554493
20.86017227172852,2.3948113918304443,-8.550804341211915e-05
22.19243812561035,2.3936624526977535,0.0006888567004352
32.946590423583984,2.393287420272827,0.0009414684027433
46.0532112121582,2.3947570323944087,-4.888330295216292e-05
53.0986213684082,2.394399881362915,0.0001919358182931
22.432485580444336,2.3935787677764893,0.0007451564888469
21.160232543945312,2.3945279121398926,0.0001056331238942
53.02660369873047,2.394306182861328,0.0002550001954659
26.42928504943848,2.3945014476776123,0.0001234058436239
22.300460815429688,2.393615484237671,0.0007203994318842
36.66733169555664,2.394162893295288,0.000351553724613
23.680736541748047,2.3945040702819824,0.000121636527183
34.49489974975586,2.3956761360168457,-0.0006687202840112
32.61052322387695,2.393167495727539,0.0010221778647974
3.0726144313812256,2.124575614929199,0.1683080196380615
32.322463989257805,2.3933229446411133,0.0009175607701763
33.99079895019531,2.394949197769165,-0.0001785370259312
21.748350143432617,2.393972635269165,0.0004798585432581
37.24345016479492,2.393110990524292,0.0010603906121104
46.5093002319336,2.394028425216675,0.0004422627680469
29.58591651916504,2.3954880237579346,-0.0005417455104179
0.7321464419364929,1.3836638927459717,0.4833847284317016
34.19483947753906,2.395277500152588,-0.0003997739986516
28.42168426513672,2.3940742015838623,0.0004113384347874
14.174835205078123,2.3946807384490967,2.4696630589460256e-06
10.14202880859375,2.3921639919281006,0.0016980634536594
21.580316543579105,2.394122838973999,0.0003785892040468
46.04120635986328,2.3947746753692627,-6.077624129829928e-05
52.4384880065918,2.3936142921447754,0.0007211815682239
37.27945709228516,2.3930578231811523,0.0010961033403873
44.99699783325195,2.3955399990081787,-0.0005769440904259
6.925384998321533,2.3729052543640137,0.0145934540778398
31.24224853515625,2.3947737216949463,-6.022675006533973e-05
32.93458557128906,2.3932762145996094,0.000949052744545
27.96559333801269,2.393539428710937,0.0007716797990724
39.487895965576165,2.3954756259918213,-0.0005335338646546
50.43408584594727,2.395029067993164,-0.0002323055523447
48.24964904785156,2.3939311504364014,0.0005077671376056
39.73994827270508,2.395784616470337,-0.0007417931919917
17.703540802001953,2.394672155380249,8.396433258894833e-06
36.25925064086913,2.3949427604675293,-0.0001741907617542
45.17703628540039,2.395540475845337,-0.0005772024160251
29.10582160949707,2.395012140274048,-0.0002208219375461
5.737147331237793,2.347308397293091,0.031516820192337
7.933586597442627,2.383892297744751,0.0072537306696176
44.26485443115234,2.3949313163757324,-0.0001663625444052
4.344869136810304,2.2752339839935303,0.0778418779373168
30.81016159057617,2.3952972888946533,-0.0004132181347813
22.000400543212887,2.393776655197144,0.0006118667661212
5.221044063568115,2.3275036811828613,0.0444414466619491
43.520702362060554,2.393617391586304,0.0007192090852186
34.41088104248047,2.395576477050781,-0.0006015283288434
41.55231094360352,2.394322156906128,0.0002442009572405
23.38067626953125,2.3941471576690674,0.000362269784091
11.75034999847412,2.3938376903533936,0.0005706727388314
12.566513061523438,2.393913984298706,0.0005193973775021
2.424484968185425,1.993380188941956,0.2399968802928924
21.30426025390625,2.3943872451782227,0.0002003322733798
35.683135986328125,2.395768165588379,-0.0007307664491236
52.510501861572266,2.393684148788452,0.0006741476827301
15.675134658813477,2.394620895385742,4.292354424251244e-05
7.5495100021362305,2.380501508712769,0.0095236161723732
42.21244430541992,2.3930118083953857,0.001127167372033
44.52890396118164,2.395256280899048,-0.0003855167597066
31.41028213500977,2.394533395767212,0.0001018993207253
11.042208671569824,2.3935046195983887,0.0007952143205329
18.891778945922848,2.395409107208252,-0.0004885187954641
17.631526947021484,2.394624710083008,4.036844984511845e-05
6.073214530944824,2.356872320175171,0.0252224206924438
37.96359252929688,2.3927206993103027,0.00132323266007
35.20304107666016,2.396045207977295,-0.0009177348692901
31.290258407592773,2.39470648765564,-1.4864654986013193e-05
22.912582397460938,2.3936920166015625,0.000668826047331
22.924585342407227,2.3937008380889893,0.0006630221614614
13.8867769241333,2.394574880599976,7.388054655166344e-05
44.780956268310554,2.395458936691284,-0.0005221582250669
25.86517333984375,2.395131826400757,-0.0003015356778632
20.224044799804688,2.3952939510345455,-0.0004109741421416
38.56371307373047,2.3936953544616695,0.0006665927357971
14.018803596496582,2.394627809524536,3.827027467195876e-05
38.35967254638672,2.3932943344116206,0.0009368726168759
17.66753387451172,2.39464807510376,2.4524264517822303e-05
24.772954940795895,2.395465135574341,-0.0005264443461783
8.305661201477049,2.386340856552124,0.005611814558506
3.744748830795288,2.218469381332397,0.1129424273967742
35.82716369628906,2.3956060409545894,-0.0006213792948983
13.982796669006348,2.394613981246948,4.752114546135999e-05
14.426885604858398,2.394742965698242,-3.947725417674519e-05
44.74494934082031,2.395436763763428,-0.0005073263891972
13.094618797302246,2.3941612243652344,0.0003527411899995
5.401080131530762,2.3351922035217285,0.0394414328038692
50.302059173583984,2.3951334953308105,-0.0003027884522452
13.286657333374023,2.3942692279815674,0.0002799602225422
10.082015991210938,2.392035722732544,0.0017843688838183
49.29385757446289,2.395171642303467,-0.0003284093108959
6.67333459854126,2.3690719604492188,0.017143489792943
35.347068786621094,2.39600682258606,-0.0008918402600102
25.84116744995117,2.395153522491455,-0.000316214718623
37.81956481933594,2.39265513420105,0.0013673902722075
17.10342025756836,2.3943638801574707,0.0002160760050173
45.24905014038086,2.3955235481262207,-0.0005658135050907
26.117223739624023,2.394874095916748,-0.0001278592098969
41.50429916381836,2.394423007965088,0.0001762850879458
0.3840768039226532,1.2079390287399292,0.5245980024337769
37.423484802246094,2.3928718566894527,0.0012213950976729
1.7763552665710447,1.8093622922897337,0.3292482793331146
31.206241607666016,2.3948233127593994,-9.363233402837069e-05
19.287857055664062,2.395512104034424,-0.0005581098375841
48.70574188232422,2.394575834274292,7.327770435949787e-05
18.171634674072266,2.3949990272521973,-0.0002120894932886
34.80696105957031,2.3959488868713374,-0.0008526857127435
23.812763214111328,2.3946609497070312,1.5864479792071506e-05
13.538707733154297,2.394407272338867,0.0001868372055469
10.850170135498049,2.393312692642212,0.0009244183893315
9.865973472595217,2.3915393352508545,0.0021183814387768
38.0836181640625,2.3928492069244385,0.0012366774026304
31.07421493530273,2.3949971199035645,-0.0002107934269588
21.72434425354004,2.393993139266968,0.0004659100377466
47.66153335571289,2.3931586742401123,0.0010281885042786
49.92998504638672,2.395312786102295,-0.0004236063978169
36.1992416381836,2.395048141479492,-0.0002451696491334
21.892377853393555,2.393855333328247,0.0005588952917605
10.45409107208252,2.392755508422852,0.001299749710597
47.00139999389648,2.3933117389678955,0.0009251355659216
19.19183921813965,2.3954970836639404,-0.000548007839825
36.33126449584961,2.3948123455047607,-8.614107355242595e-05
23.1766357421875,2.3939239978790283,0.0005126053583808
49.17383575439453,2.3950819969177246,-0.0002680234902072
46.80936050415039,2.3935608863830566,0.0007571988389827
14.258852005004885,2.3947048187255855,-1.3765768017037772e-05
16.743349075317383,2.3943290710449214,0.0002395400370005
45.16503143310546,2.3955423831939697,-0.0005784668610431
7.741548538208006,2.3823137283325195,0.0083110062405467
19.17983627319336,2.3954949378967285,-0.0005464287823997
17.055410385131836,2.3943517208099365,0.0002243306662421
31.98639678955078,2.3936963081359863,0.0006659539067186
50.07401657104492,2.3952651023864746,-0.0003914187545888
29.90998268127441,2.3956477642059326,-0.0006495967973023
1.5483096837997437,1.7303173542022705,0.3634696304798126
37.41148376464844,2.392885684967041,0.0012121378676965
14.882976531982422,2.3947765827178955,-6.210938590811566e-05
14.72694492340088,2.3947765827178955,-6.212925654835999e-05
30.58211708068848,2.3954927921295166,-0.0005450784228742
26.573314666748047,2.394319772720337,0.0002458466333337
41.30025863647461,2.394836187362671,-0.0001022663709591
49.773956298828125,2.395331621170044,-0.0004363649059087
4.248849868774414,2.26755166053772,0.0826637744903564
2.8565711975097656,2.0859484672546387,0.1901046484708786
53.5547103881836,2.394953966140747,-0.0001816659059841
14.702940940856934,2.394775629043579,-6.142335769254714e-05
51.09421920776367,2.3942949771881104,0.0002626274072099
0.8041608333587646,1.4181299209594729,0.4737173020839691
17.58351707458496,2.394593954086304,6.09913004154805e-05
18.903779983520508,2.395413637161255,-0.0004916631733067
29.549909591674805,2.395461320877075,-0.0005238361773081
41.396278381347656,2.3946454524993896,2.6316933144698847e-05
36.595317840576165,2.394305229187012,0.0002556290419306
26.297260284423828,2.3946642875671387,1.36725211632438e-05
12.158432006835938,2.393867254257202,0.0005508936592377
8.605721473693846,2.387809991836548,0.004625632893294
30.906181335449215,2.3951964378356934,-0.0003451944212429
8.077615737915039,2.3849310874938965,0.0065574334003031
53.51870346069336,2.394914388656616,-0.0001550589076941
22.852569580078125,2.3936529159545894,0.000695239752531
32.05841064453125,2.393604040145874,0.0007281590951606
50.96219253540039,2.3944587707519527,0.0001522006787126
15.17103385925293,2.394747018814087,-4.213519423501567e-05
50.83016586303711,2.3946177959442134,4.4928674469701946e-05
4.872974395751953,2.309997081756592,0.0557431727647781
43.04060745239258,2.3927848339080806,0.0012800464173778
0.1560312062501907,1.0858678817749023,0.5449931025505065
37.13542556762695,2.393282890319824,0.0009445213363505
37.9395866394043,2.3927032947540283,0.001334941596724
45.417083740234375,2.3954474925994877,-0.0005144060123711
22.72054481506348,2.3935937881469727,0.0007350601372309
26.74134826660156,2.394109010696411,0.000387965934351
25.32506561279297,2.395475387573242,-0.000533290032763
41.73234558105469,2.3939404487609863,0.0005015027709305
0.7921584248542785,1.4124341011047363,0.4753501117229461
23.140628814697266,2.393887758255005,0.0005369534483179
14.402880668640137,2.3947384357452397,-3.63683866453357e-05
13.022604942321776,2.3941211700439453,0.0003796535893343
49.40188217163086,2.3952357769012447,-0.0003717552463058
28.12162399291992,2.3936960697174072,0.00066608825
45.753150939941406,2.3951520919799805,-0.0003153098223265
41.2762565612793,2.394882678985596,-0.0001335397537332
31.698339462280277,2.394104480743408,0.0003909499791916
8.893778800964355,2.388890504837036,0.0038996362127363
48.7537498474121,2.3946373462677,3.1784373277332634e-05
12.458491325378418,2.3938918113708496,0.0005342178046703
14.678936004638672,2.3947741985321045,-6.052602475392632e-05
47.30146026611328,2.3930702209472656,0.0010877919849008
2.532506465911865,2.0186004638671875,0.226732537150383
30.978195190429688,2.3951144218444824,-0.000289838440949
44.600921630859375,2.3953254222869877,-0.000432229891885
50.15803146362305,2.395224332809448,-0.0003639458154793
39.23584747314453,2.3950629234313965,-0.0002551904763095
5.533106803894043,2.34028434753418,0.0361176952719688
28.56571388244629,2.394275188446045,0.0002758470072876
12.72254467010498,2.3939671516418457,0.0004835119470953
33.79875946044922,2.3946144580841064,4.714694659924135e-05
32.634525299072266,2.393164157867432,0.0010245627490803
48.23764801025391,2.393913507461548,0.0005196162383072
19.695940017700195,2.395498514175415,-0.0005489178583957
28.61372184753418,2.394343376159668,0.0002299594780197
21.712343215942383,2.394003629684448,0.0004588633892126
27.17343521118164,2.3936333656311035,0.0007084205863066
30.41408348083496,2.3955929279327397,-0.0006126271327957
7.621524333953857,2.3812093734741206,0.0090502193197607
9.79395866394043,2.39136290550232,0.0022371162194758
4.84896993637085,2.308652400970459,0.0566065795719623
20.33206558227539,2.3952279090881348,-0.000366448162822
41.4922981262207,2.3944480419158936,0.0001594069617567
39.24784851074219,2.3950846195220947,-0.0002697741438169
23.332666397094727,2.394092321395874,0.0003991893609054
1.1042208671569824,1.5539166927337646,0.43072509765625
1.6803361177444458,1.7770222425460815,0.3435513973236084
29.969993591308597,2.3956611156463623,-0.0006584938964806
37.45949172973633,2.3928327560424805,0.0012477424461394
39.03180694580078,2.3946719169616695,8.552610779588576e-06
27.7735538482666,2.393417358398437,0.0008539472473785
44.468894958496094,2.3951919078826904,-0.0003421238798182
13.226645469665527,2.394235372543335,0.0003027253842446
37.14743041992188,2.39326286315918,0.000957983196713
5.881176471710205,2.351693868637085,0.028634887188673
46.2092399597168,2.394517660140991,0.0001125400594901
11.822364807128906,2.3938472270965576,0.0005642606411129
3.636727333068848,2.205780029296875,0.1206214502453804
21.65233039855957,2.394057035446167,0.0004229618061799
35.887176513671875,2.395528793334961,-0.0005693006096407
28.46969413757324,2.3941404819488525,0.0003667003766167
47.133426666259766,2.3931784629821777,0.0010148313594982
32.11842346191406,2.393531560897827,0.0007770442753098
25.1810359954834,2.3955094814300537,-0.0005563028389587
49.905982971191406,2.395317792892456,-0.0004270859935786
34.530906677246094,2.395715713500977,-0.0006953668780624
27.485496520996094,2.393427848815918,0.0008468359010294
11.690338134765623,2.393827438354492,0.0005776307662017
22.780555725097656,2.393616199493408,0.0007199993124231
0.0720144063234329,1.039826512336731,0.5508546233177185
45.93318557739258,2.394927263259888,-0.0001636428642086
46.17323303222656,2.3945741653442383,7.429992547258735e-05
0.9121824502944946,1.468496561050415,0.4586773216724395
42.45249176025391,2.3926918506622314,0.0013425196520984
33.606719970703125,2.394270658493042,0.0002789767167996
34.77095413208008,2.395925760269165,-0.0008371251169592
24.892978668212887,2.3954997062683105,-0.000549724092707
26.41728401184082,2.394516468048096,0.0001132916804635
35.39508056640625,2.3959853649139404,-0.0008773416047915
51.0222053527832,2.3943846225738525,0.000202177587198
29.477895736694336,2.395403385162353,-0.0004847138770855
44.20484161376953,2.394843339920044,-0.0001070817088475
10.766153335571287,2.3932130336761475,0.0009916414273902
30.1500301361084,2.3956685066223145,-0.0006636251928284
12.002400398254396,2.393861055374145,0.000555045728106
48.16563415527344,2.393808364868164,0.0005904378485865
10.55010986328125,2.3929107189178467,0.0011951324995607
28.0736141204834,2.393644332885742,0.0007010856643319
52.57051467895508,2.393747091293335,0.0006318541709333
19.071813583374023,2.395469188690185,-0.0005291345296427
13.946789741516112,2.394599676132202,5.7123557780869305e-05
6.433286666870117,2.3648111820220947,0.0199715383350849
30.162033081054688,2.395667314529419,-0.0006628115079365
37.74755096435546,2.3926548957824707,0.0013675321824848
46.59331893920898,2.3938918113708496,0.0005341924843378
26.717344284057617,2.39413857460022,0.0003679100482258
35.479095458984375,2.395937442779541,-0.0008450129535049
1.344268798828125,1.6529786586761477,0.3945192396640777
37.97559356689453,2.392730236053467,0.001316690002568
13.826765060424805,2.3945486545562744,9.153378778137265e-05
7.585516929626464,2.380859613418579,0.0092840874567627
32.514503479003906,2.3931975364685054,0.00100207189098
25.937187194824215,2.3950634002685547,-0.0002554171369411
10.226045608520508,2.392335891723633,0.0015823270659893
8.677735328674316,2.38810658454895,0.0044264276511967
25.61312294006348,2.395332098007202,-0.000436592468759
13.574714660644531,2.394426107406616,0.0001741155429044
30.07801628112793,2.395671367645264,-0.0006654710741713
39.58391571044922,2.3956069946289062,-0.0006219884380698
19.983997344970703,2.3954122066497803,-0.0004907638067379
37.555511474609375,2.392745018005371,0.0013067554682493
5.0530104637146,2.319504499435425,0.0496199280023574
31.470294952392575,2.394444704055786,0.0001616078225197
11.462292671203612,2.3937630653381348,0.0006210526917129
43.48469543457031,2.3935487270355225,0.000765394186601
12.92658519744873,2.3940691947937007,0.0004146940773352
15.711142539978027,2.394609212875366,5.068600148661062e-05
23.836767196655277,2.394689083099365,-3.0444091407844094e-06
4.812962532043457,2.306598424911499,0.0579238086938858
3.8887777328491206,2.234123706817627,0.1033847481012344
17.199440002441406,2.394395589828491,0.0001947952405316
8.533706665039062,2.3874931335449214,0.0048383600078523
29.45388984680176,2.395382642745972,-0.0004707223852165
35.05901336669922,2.3960442543029785,-0.0009170431294478
31.9263858795166,2.3937771320343018,0.0006116125150583
4.560912132263184,2.290872097015381,0.0679573789238929
39.17583465576172,2.3949522972106934,-0.0001805698411772
10.89818000793457,2.3933653831481934,0.0008889611344784
9.553911209106445,2.390742063522339,0.0026548635214567
2.4484896659851074,1.9991108179092407,0.2370046079158783
27.365472793579105,2.3934874534606934,0.000806784897577
40.30406188964844,2.396010398864746,-0.0008941440610215
33.078617095947266,2.393433094024658,0.0008433279581367
25.409082412719727,2.3954436779022217,-0.0005119153065606
31.494298934936523,2.3944091796875,0.0001856558665167
52.462493896484375,2.39363694190979,0.0007059897179715
49.10182189941406,2.39501953125,-0.0002259200700791
19.467893600463867,2.395521879196167,-0.0005646129138767
32.46649169921875,2.393221139907837,0.0009861175203695
32.178436279296875,2.393463611602783,0.0008228240185417
8.485696792602539,2.387269973754883,0.0049881665036082
29.70594024658203,2.395564079284668,-0.0005931361229158
38.88777923583984,2.394375801086426,0.0002080298436339
39.37987518310546,2.395310163497925,-0.000421841541538
29.94598960876465,2.3956563472747803,-0.0006553630228154
46.6533317565918,2.393796443939209,0.0005985405296087
31.890378952026367,2.393826723098755,0.0005780813517048
15.087017059326172,2.3947594165802,-5.048933235229924e-05
50.638126373291016,2.3948328495025635,-9.996296284953132e-05
52.06641387939453,2.3934404850006104,0.0008383659878745
51.538307189941406,2.3937714099884038,0.0006154278526082
42.06841278076172,2.3932621479034424,0.0009585010120645
36.235248565673835,2.3949854373931885,-0.0002028609305853
53.89077758789063,2.39526629447937,-0.0003923118056263
43.70074081420898,2.393962144851685,0.0004869229160249
50.79415893554688,2.394659996032715,1.6584050172241405e-05
53.73474884033203,2.3951349258422847,-0.0003036868292838
35.839168548583984,2.3955910205841064,-0.0006112585542723
49.353870391845696,2.395209312438965,-0.0003538097662385
16.599319458007812,2.39434552192688,0.0002284361253259
16.671335220336914,2.3943357467651367,0.0002351580915274
38.53970718383789,2.393646240234375,0.0006996998563408
50.374073028564446,2.3950788974761963,-0.0002659579040482
4.380876064300537,2.2779941558837886,0.0761040523648262
12.07441520690918,2.3938639163970947,0.0005529930931515
10.058012008666992,2.3919832706451416,0.0018197138560935
52.738548278808594,2.3939402103424072,0.0005016069626435
49.08981704711913,2.3950085639953613,-0.0002184923796448
38.77975463867188,2.394148588180542,0.0003613024309743
9.109822273254393,2.3895516395568848,0.0034554279409348
2.3764753341674805,1.9816988706588743,0.2460567951202392
1.7643529176712036,1.8053940534591677,0.3310257196426391
16.371274948120117,2.394395589828491,0.0001947851269505
0.6721343994140625,1.354418396949768,0.4911860227584838
1.6683336496353147,1.7728837728500366,0.3453516066074371
19.59992027282715,2.39551329612732,-0.0005588146159425
31.062211990356445,2.395012140274048,-0.0002209796220995
0.636127233505249,1.3366490602493286,0.4957445561885833
0.5881175994873046,1.3127049207687378,0.5016688108444213
53.03860855102539,2.394321918487549,0.0002444819256197
50.29005813598633,2.395142078399658,-0.0003085344797
0.3240648210048675,1.1762771606445312,0.530552327632904
32.08241653442383,2.393574476242065,0.0007480602362193
53.65073013305664,2.3950541019439697,-0.0002491616178303
45.56111145019531,2.3953428268432617,-0.0004439115000423
31.302261352539062,2.3946895599365234,-3.3897488265210995e-06
1.7043408155441284,1.7852349281311035,0.3399586379528045
16.62332534790039,2.3943419456481934,0.0002309195697307
41.66033172607422,2.3940932750701904,0.0003984836221206
22.312461853027344,2.393611192703247,0.0007233069045469
3.5287058353424072,2.1922309398651123,0.1287531405687332
35.551109313964844,2.395886182785034,-0.0008103720610961
19.959991455078125,2.3954219818115234,-0.0004972132737748
24.14883041381836,2.3950285911560054,-0.0002319988707313
8.497699737548828,2.387326717376709,0.0049500963650643
47.60152053833008,2.3931071758270264,0.0010629120515659
6.385277271270752,2.3638696670532227,0.0205954499542713
46.8693733215332,2.393477201461792,0.0008135837852023
33.10261917114258,2.393463373184204,0.0008229099330492
12.410482406616213,2.3938851356506348,0.0005388212739489
36.91938400268555,2.3936710357666016,0.0006830329657532
23.860773086547848,2.39471697807312,-2.1819039830006656e-05
33.43868637084961,2.393976211547852,0.0004773488035425
35.4550895690918,2.3959524631500244,-0.0008551459177397
47.625526428222656,2.3931257724761963,0.0010503642261028
7.285457134246825,2.377609968185425,0.0114560825750231
14.978995323181152,2.3947708606719966,-5.822468301630578e-05
14.150830268859863,2.3946733474731445,7.508223006880143e-06
12.062412261962892,2.393863677978516,0.0005533045041374
52.60652160644531,2.3937864303588867,0.0006052883691154
28.949789047241207,2.3948118686676025,-8.581962902098894e-05
5.1370272636413565,2.323606491088867,0.0469673722982406
19.203840255737305,2.3954994678497314,-0.0005495171644724
16.191238403320312,2.394448757171631,0.0001589085295563
6.229245662689209,2.360572338104248,0.0227781403809785
40.7241439819336,2.3957347869873047,-0.0007082800148054
45.849170684814446,2.395037174224853,-0.0002377888158662
36.64332962036133,2.3942103385925293,0.0003195452445652
47.07341384887695,2.3932344913482666,0.0009771472541615
15.543108940124512,2.3946609497070312,1.591786895005498e-05
47.64952850341797,2.3931469917297363,0.001036035362631
3.8647730350494394,2.231611490249634,0.1049249172210693
49.86997222900391,2.395324230194092,-0.0004312772944103
45.04500961303711,2.395546197891236,-0.0005810540751554
13.838768005371094,2.3945541381835938,8.793406595941633e-05
29.213842391967773,2.395139694213867,-0.0003069423546548
42.584518432617195,2.392586708068848,0.0014134037774056
15.267053604125977,2.3947293758392334,-3.024602665391285e-05
1.140228033065796,1.5693289041519165,0.425357699394226
38.40768051147461,2.3933846950531006,0.0008759492193348
31.218244552612305,2.3948068618774414,-8.255941793322563e-05
42.48849868774414,2.392657518386841,0.0013656937517225
10.86217212677002,2.3933262825012207,0.0009153537102974
27.089418411254883,2.3937129974365234,0.000654746487271
14.126825332641602,2.3946657180786133,1.2720847735181453e-05
17.271453857421875,2.3944246768951416,0.0001750738010741
16.395278930664062,2.3943891525268555,0.0001990562450373
23.440689086914062,2.394217014312744,0.00031517498428
43.652729034423835,2.3938703536987305,0.0005487627349793
24.676935195922848,2.395425081253052,-0.0004994068294763
6.409281730651856,2.3643443584442134,0.0202808380126953
23.89678001403809,2.3947582244873047,-4.969985457137227e-05
40.532108306884766,2.395906448364258,-0.0008240186143666
34.95098876953125,2.3960177898406982,-0.0008991669747047
18.55571174621582,2.3952453136444087,-0.0003781345440074
18.56771278381348,2.395252227783203,-0.0003827445616479
48.41768264770508,2.394176721572876,0.0003422843001317
16.47929573059082,2.394368886947632,0.0002127772168023
42.34446716308594,2.392817974090576,0.0012576726730912
3.384676933288574,2.1727547645568848,0.1403193324804306
53.13462829589844,2.39444637298584,0.0001605198194738
1.1882376670837402,1.5895768404006958,0.4181568920612335
53.398681640625,2.3947763442993164,-6.191121065057814e-05
43.55671310424805,2.393686294555664,0.0006728174048475
18.48369598388672,2.3952028751373287,-0.0003495945420581
9.841968536376951,2.3914811611175537,0.0021575791761279
29.50189971923828,2.395423412322998,-0.0004982352838851
52.8465690612793,2.3940742015838623,0.0004112830793019
47.109420776367195,2.393199920654297,0.0010004162322729
28.229646682739254,2.3938231468200684,0.0005805803230032
50.1700325012207,2.3952176570892334,-0.0003595156886149
51.05821228027344,2.394339799880981,0.0002323646331205
34.794960021972656,2.3959414958953857,-0.0008476708899252
37.087417602539055,2.393364667892456,0.0008893760968931
19.15583038330078,2.3954899311065674,-0.000543062982615
34.29085922241211,2.3954174518585205,-0.0004942130763083
18.855772018432617,2.3953945636749268,-0.0004787280922755
51.262252807617195,2.394086599349976,0.0004029524570796
26.861371994018555,2.393963575363159,0.000485946657136
30.318063735961918,2.395632266998291,-0.0006391376955434
28.325664520263672,2.3939454555511475,0.0004981811507605
11.846369743347168,2.393849849700928,0.0005625332123599
38.011600494384766,2.392763614654541,0.0012942425673827
18.59171867370605,2.395265579223633,-0.000391832407331
52.450489044189446,2.3936254978179927,0.0007136489148251
40.95219039916992,2.3954403400421143,-0.000509608129505
11.054210662841797,2.39351487159729,0.0007882391219027
16.49129867553711,2.3943662643432617,0.0002145660691894
53.62672424316406,2.3950297832489014,-0.0002327831316506
7.909582138061523,2.383707284927368,0.0073776766657829
32.62252426147461,2.3931655883789062,0.0010235083755105
18.00360107421875,2.394881010055542,-0.0001325195044046
49.89397811889648,2.395320177078247,-0.0004286205221433
0.5641128420829772,1.3006274700164795,0.504561424255371
45.8011589050293,2.395096063613892,-0.0002775649772956
19.767953872680664,2.3954827785491943,-0.0005383587558753
38.14362716674805,2.392932653427124,0.0011803879169747
17.45149040222168,2.3945152759552,0.0001140686072176
29.021804809570312,2.3949062824249268,-0.0001494985481258
44.50490188598633,2.395231246948242,-0.0003686379932332
19.04780960083008,2.3954625129699707,-0.0005245523643679
19.44388961791992,2.395521879196167,-0.0005646999925374
2.004400968551636,1.8807827234268188,0.2961898744106292
8.113622665405273,2.385172128677368,0.0063957045786082
11.150230407714844,2.3935909271240234,0.0007369240629486
32.094417572021484,2.39355993270874,0.0007578404620289
20.836166381835938,2.3948330879211426,-0.0001001087584882
21.496299743652344,2.3942017555236816,0.0003254028852097
32.8145637512207,2.39319396018982,0.0010044581722468
18.471694946289062,2.395195722579956,-0.0003446980845183
18.97579574584961,2.395439624786377,-0.0005092441570013
40.23204803466797,2.396019697189331,-0.0009005125029943
26.08121681213379,2.394913911819458,-0.0001546383282402
52.41448211669922,2.3935925960540767,0.0007358550792559
49.245849609375,2.395138025283813,-0.0003057626308873
25.685136795043945,2.395281314849853,-0.000402482721256
2.2564513683319087,1.951186180114746,0.2616350948810577
20.032007217407227,2.3953919410705566,-0.0004770123050548
40.73614883422852,2.395721673965454,-0.0006994157447479
19.335866928100582,2.395517110824585,-0.0005614481633529
43.076614379882805,2.3928375244140625,0.0012445247266441
0.2400480061769485,1.1313762664794922,0.5382032394409179
12.494499206542969,2.3938980102539062,0.0005300228949636
26.20124053955078,2.3947782516479488,-6.3257226429414e-05
29.68193626403809,2.395550489425659,-0.0005839031655341
15.483097076416016,2.3946776390075684,4.560407433018554e-06
39.187835693359375,2.394974708557129,-0.0001957128406502
51.93438720703125,2.3934726715087886,0.000816730374936
27.80956268310547,2.393431663513184,0.0008442934486083
15.111021995544434,2.3947560787200928,-4.830537727684714e-05
14.582916259765623,2.394766092300415,-5.501298437593505e-05
35.41908264160156,2.395972967147827,-0.000869003648404
21.904380798339844,2.393846035003662,0.0005650740931741
45.201038360595696,2.395535945892334,-0.0005741287022829
45.02100372314453,2.395543575286865,-0.0005793673335574
18.69973945617676,2.3953227996826167,-0.0004304122703615
13.2386474609375,2.39424204826355,0.0002981671132147
27.16143226623535,2.393644332885742,0.0007011007983237
5.857171535491944,2.3509941101074214,0.0290952529758214
25.07301521301269,2.3955180644989014,-0.0005620740703307
25.72114372253418,2.395254135131836,-0.0003840380231849
0.6121224164962769,1.3247125148773191,0.4987293183803558
41.21624374389648,2.394995927810669,-0.0002099656558129
34.2308464050293,2.3953311443328857,-0.0004360151942819
51.65833282470703,2.39365553855896,0.0006933923577889
39.78795623779297,2.395829677581787,-0.0007723082671873
18.41168212890625,2.395158529281616,-0.0003196625038981
52.00640106201172,2.3934497833251958,0.0008320729248225
17.679536819458008,2.39465594291687,1.9178101865691133e-05
15.063013076782228,2.3947622776031494,-5.250699177850038e-05
52.42648696899414,2.3936033248901367,0.0007285846513696
36.427284240722656,2.39463210105896,3.533881681505591e-05
28.841768264770508,2.394665002822876,1.3200948160374535e-05
18.543708801269528,2.3952383995056152,-0.000373481423594
4.608922004699707,2.294062614440918,0.0659294053912162
24.68893814086914,2.39543080329895,-0.0005031866021454
52.198440551757805,2.3934545516967773,0.0008288609678857
45.36907196044922,2.3954741954803467,-0.0005325733800418
35.119022369384766,2.3960494995117188,-0.000920562131796
40.784156799316406,2.3956663608551025,-0.0006621229695156
39.91998291015625,2.395930051803589,-0.0008399736252613
36.391277313232415,2.394700288772583,-1.0698057849367617e-05
26.981395721435547,2.3938262462615967,0.0005783691303804
26.933385848999023,2.3938798904418945,0.0005422225221991
23.080615997314453,2.3938302993774414,0.0005756510654464
53.3626708984375,2.394733190536499,-3.278882650192827e-05
9.769953727722168,2.391303062438965,0.002277435734868
12.61452293395996,2.393927335739136,0.0005104087758809
30.954191207885746,2.3951423168182373,-0.0003086830547545
50.65013122558594,2.394819974899292,-9.141275950241834e-05
3.8167634010314946,2.2264721393585205,0.1080680862069129
52.75054931640625,2.3939549922943115,0.0004917735350318
11.270254135131836,2.3936703205108643,0.0006835754611529
26.62132453918457,2.394258975982666,0.0002867496805265
3.228645801544189,2.1497292518615723,0.1538063883781433
8.317663192749022,2.3864076137542725,0.0055670328438282
43.30466079711913,2.3932154178619385,0.0009899751748889
53.30266189575195,2.3946595191955566,1.676184001553338e-05
6.649329662322998,2.3686761856079106,0.0174065064638853
16.89937973022461,2.3943290710449214,0.000239633678575
50.62612533569336,2.3948452472686768,-0.0001084362229448
52.05440902709961,2.3934416770935054,0.0008376056794077
7.945589065551757,2.383983373641968,0.0071926177479326
48.441688537597656,2.3942112922668457,0.000318913225783
2.976595401763916,2.1079790592193604,0.1777434796094894
41.600318908691406,2.3942208290100098,0.0003126078809145
28.013603210449215,2.3935837745666504,0.0007417973829433
33.59471893310547,2.394249200820923,0.0002934009826276
22.936586380004883,2.393709659576416,0.0006570757250301
31.43428611755371,2.394498109817505,0.0001257014082511
19.587917327880856,2.395514488220215,-0.0005597150302492
27.59351921081543,2.393399953842163,0.000865658163093
9.133827209472656,2.3896195888519287,0.0034097461029887
36.403282165527344,2.3946776390075684,4.588149749906734e-06
53.85477066040039,2.3952383995056152,-0.000373407267034
29.08181571960449,2.39498233795166,-0.0002008017036132
14.846969604492188,2.394777774810791,-6.281505193328485e-05
0.1080216020345687,1.059618592262268,0.5484604835510253
32.994598388671875,2.393336057662964,0.0009087342768907
14.066813468933104,2.3946452140808105,2.649929592735134e-05
3.9127826690673833,2.2365984916687007,0.1018652990460395
49.94198989868164,2.3953099250793457,-0.0004216620873194
28.19363784790039,2.3937792778015137,0.0006100293248891
30.930185317993164,2.395169734954834,-0.0003271386085543
36.77535629272461,2.3939497470855717,0.0004952693125233
44.82896423339844,2.395484447479248,-0.0005394262261688
3.192638635635376,2.144118070602417,0.1570623368024826
28.805761337280277,2.3946149349212646,4.6931982069509104e-05
28.8537712097168,2.394681453704834,2.027017444561352e-06
34.182838439941406,2.3952591419219966,-0.0003874847607221
18.435688018798828,2.3951735496521,-0.0003297842631582
14.330865859985352,2.3947229385375977,-2.5906701921485364e-05
14.774954795837402,2.39477801322937,-6.296956416917965e-05
3.2406480312347408,2.1515743732452397,0.152733102440834
7.1894378662109375,2.376440525054932,0.0122366612777113
18.519704818725582,2.395224332809448,-0.0003640487266238
13.646729469299316,2.394463062286377,0.0001492872834205
4.656931400299072,2.297157287597656,0.0639585629105567
53.614723205566406,2.395017385482788,-0.0002244667557533
36.739349365234375,2.3940205574035645,0.0004474960442166
36.091217041015625,2.3952281475067134,-0.000366567808669
19.3958797454834,2.3955209255218506,-0.0005639879382215
36.103221893310554,2.395208835601806,-0.0003535173018462
46.30525970458984,2.3943631649017334,0.0002166138001484
53.11062240600586,2.3944153785705566,0.0001814503775676
50.98619842529297,2.3944292068481445,0.0001721278676996
18.195638656616207,2.3950157165527344,-0.0002232611004728
42.5004997253418,2.3926470279693604,0.0013728040503337
33.1146240234375,2.3934788703918457,0.0008124336018227
42.27245330810546,2.392918825149536,0.0011897602817043
41.25225067138672,2.394928455352783,-0.0001644216099521
17.163433074951172,2.39438271522522,0.0002034836797975
17.967594146728516,2.394855499267578,-0.0001153229168266
36.21124267578125,2.3950273990631104,-0.000231162412092
39.067813873291016,2.3947436809539795,-3.989033211837523e-05
46.71334457397461,2.3937032222747803,0.0006612887373194
45.6451301574707,2.39526629447937,-0.0003922585747204
50.67413330078125,2.394794464111328,-7.408797682728617e-05
14.462892532348633,2.3947494029998775,-4.37828857684508e-05
0.5521104335784912,1.294562816619873,0.5059896111488342
36.379276275634766,2.3947229385375977,-2.592159216874279e-05
36.13922882080078,2.395149707794189,-0.000313689437462
10.274054527282717,2.3924300670623775,0.0015189413679763
5.6291255950927725,2.3437132835388184,0.0338740050792694
12.746549606323242,2.3939781188964844,0.0004761115123983
11.738348007202148,2.39383602142334,0.0005719390464946
15.795159339904783,2.394581794738769,6.929282972123474e-05
23.1046199798584,2.393852949142456,0.0005604703910648
40.55611038208008,2.3958890438079834,-0.0008123095612972
44.31286239624024,2.394998073577881,-0.0002114264934789
40.25605010986328,2.3960177898406982,-0.0008992401417344
28.51770401000977,2.39420747756958,0.0003214811149518
49.58191680908203,2.3953070640563965,-0.0004197009548079
6.625325202941895,2.368273973464966,0.0176735799759626
42.176433563232415,2.393070936203003,0.001087270095013
48.46569442749024,2.3942458629608154,0.0002956622047349
53.578716278076165,2.39497971534729,-0.0001990247255889
6.145228862762451,2.358633279800415,0.0240598004311323
17.559511184692383,2.3945791721343994,7.106312114046887e-05
28.78175544738769,2.3945813179016118,6.957294681342319e-05
0.1440288126468658,1.079321265220642,0.545888841152191
41.16823196411133,2.3950836658477783,-0.0002691335685085
2.6405282020568848,2.0423946380615234,0.2139920890331268
12.338467597961426,2.3938775062561035,0.000543957168702
20.500099182128903,2.395110845565796,-0.0002875312347896
33.29465866088867,2.393739700317383,0.0006368398899212
26.69333839416504,2.3941686153411865,0.0003477430727798
35.25104904174805,2.3960368633270264,-0.0009120518807321
47.1214256286621,2.393188953399658,0.0010077366605401
7.897579669952392,2.383613586425781,0.0074405148625373
46.78535842895508,2.393595695495605,0.0007338231662288
42.9685935974121,2.3926870822906494,0.0013457691529765
6.373274803161621,2.3636291027069087,0.0207547843456268
31.75835227966309,2.394016027450561,0.0004505791002884
38.47969436645508,2.3935253620147705,0.0007811834220774
39.7159423828125,2.395760059356689,-0.0007253884687088
9.541908264160156,2.39070987701416,0.0026765009388327
4.74094820022583,2.3023538589477535,0.0606410913169384
39.271854400634766,2.3951272964477535,-0.0002985821047332
5.581116199493408,2.342026948928833,0.0349780023097991
53.96279144287109,2.395318031311035,-0.0004271757206879
23.57271385192871,2.394374132156372,0.0002091879578074
35.08301544189453,2.396047115325928,-0.0009190032142214
42.860572814941406,2.3925871849060054,0.0014131037751212
8.461692810058596,2.3871545791625977,0.0050655691884458
4.368873596191406,2.2770812511444087,0.0766791552305221
14.85897159576416,2.394777297973633,-6.262600072659552e-05
9.721944808959961,2.391181707382202,0.0023591241333633
32.75455093383789,2.3931722640991206,0.0010190244065597
36.54730987548828,2.394399642944336,0.0001920000795507
15.699139595031738,2.394613265991211,4.808250014320947e-05
10.418083190917969,2.392693996429444,0.0013412066036835
9.24184799194336,2.389915943145752,0.0032103802077472
30.678134918212887,2.395418405532837,-0.0004949350259266
10.166032791137695,2.392213821411133,0.0016643811250105
52.21044158935546,2.393458366394043,0.0008262652554549
9.817963600158691,2.391422271728516,0.0021971606183797
3.7207441329956055,2.215721845626831,0.1146104112267494
2.2924585342407227,1.960538983345032,0.2568986117839813
28.673734664916992,2.3944287300109863,0.0001724816829664
38.02360534667969,2.3927762508392334,0.001285801292397
19.0958194732666,2.3954756259918213,-0.0005334512097761
8.089617729187012,2.385012149810791,0.0065029873512685
36.90738296508789,2.3936939239501958,0.0006676744087599
43.136627197265625,2.392930269241333,0.0011821035295724
49.26985549926758,2.395155191421509,-0.0003173412696924
13.13062572479248,2.394181251525879,0.000339154707035
4.62092399597168,2.2948451042175293,0.0654314160346984
39.04380798339844,2.39469575881958,-7.671073944948148e-06
3.3006601333618164,2.1606130599975586,0.1474565118551254
2.496499300003052,2.010354995727539,0.2310963422060012
4.7769556045532235,2.304499626159668,0.0592683553695678
10.574114799499512,2.3929476737976074,0.0011703366180881
23.52470588684082,2.3943166732788086,0.0002479848335497
30.654130935668945,2.3954381942749023,-0.0005082278512418
1.596319317817688,1.747602462768555,0.3562000095844268
3.048609733581543,2.1205086708068848,0.1706299036741256
15.339067459106444,2.394713878631592,-1.9806413547485132e-05
35.92318344116211,2.3954799175262447,-0.0005363220116123
2.3644728660583496,1.9787323474884035,0.2475873231887817
46.42528533935546,2.3941664695739746,0.0003492360410746
45.60912322998047,2.3953003883361816,-0.00041530712042
41.624324798583984,2.394169807434082,0.0003469295916147
39.619922637939446,2.3956518173217773,-0.0006523464107885
5.641128063201904,2.3441262245178223,0.0336034968495368
24.91698265075684,2.3955044746398926,-0.0005529479240067
32.43048477172852,2.393242359161377,0.0009717713692225
39.631927490234375,2.3956663608551025,-0.0006621125503443
38.3836784362793,2.393339157104492,0.0009066595230251
28.18163681030273,2.3937652111053467,0.0006196456961333
11.330265998840332,2.39370346069336,0.0006611557910218
14.594919204711914,2.3947672843933105,-5.58708379685413e-05
22.696538925170895,2.3935868740081787,0.000739729613997
6.361272335052489,2.363386631011963,0.0209154933691024
6.097219467163086,2.3574697971343994,0.0248281080275774
10.514102935791016,2.3928539752960205,0.0012333474587649
22.468494415283203,2.393573045730591,0.0007489826530218
3.8767752647399902,2.232872247695923,0.1041522324085235
42.10441970825195,2.3931963443756104,0.0010028108954429
14.510902404785156,2.3947570323944087,-4.8852740292204544e-05
22.02440452575684,2.3937604427337646,0.0006227753474377
52.49850082397461,2.3936722278594966,0.00068228301825
6.049210071563721,2.3562643527984615,0.0256236512213945
42.44048690795898,2.3927042484283447,0.0013341986341401
25.637126922607425,2.395315647125244,-0.0004256416577845
33.282657623291016,2.393720865249634,0.0006494832923635
45.26105117797852,2.395519733428955,-0.0005632857210002
51.77835464477539,2.3935596942901607,0.0007580962846986
10.694138526916504,2.39311957359314,0.0010545540135353
34.938987731933594,2.3960134983062744,-0.000896273064427
22.120424270629883,2.3937008380889893,0.0006628698320128
15.783156394958496,2.394585609436035,6.659882637904957e-05
16.68333625793457,2.394334316253662,0.000236058505834
14.23484706878662,2.39469838142395,-9.351931112178136e-06
19.143829345703125,2.3954873085021973,-0.0005412768223322
12.1824369430542,2.3938682079315186,0.0005502523272298
40.604122161865234,2.395850658416748,-0.0007864889339543
42.46449279785156,2.3926799297332764,0.001350546022877
27.509502410888672,2.3934195041656494,0.0008525198209099
2.280456066131592,1.957440495491028,0.2584715485572814
13.58671760559082,2.394432544708252,0.0001699184940662
43.78475570678711,2.3941211700439453,0.000379730365239
33.61872482299805,2.3942921161651607,0.0002645294880494
28.34967041015625,2.393977165222168,0.0004768298822455
21.400279998779297,2.3942940235137935,0.0002632823598105
28.529705047607425,2.3942244052886963,0.0003101050970144
48.993797302246094,2.394914388656616,-0.0001550326123833
21.688337326049805,2.3940248489379883,0.0004446322855073
27.701539993286133,2.393399953842163,0.0008656540885567
5.329065799713135,2.3322227001190186,0.041375208646059
22.21644401550293,2.3936507701873775,0.0006966696237213
38.647727966308594,2.3938698768615723,0.0005489944596774
28.481697082519528,2.3941571712493896,0.0003554434515535
30.630126953125,2.3954572677612305,-0.000521020439919
44.72094345092773,2.395420789718628,-0.0004965511034242
4.488897800445557,2.2858991622924805,0.0711107105016708
4.476895332336426,2.285047769546509,0.0716496407985687
2.544508934020996,2.0213136672973637,0.2252908647060394
21.79636001586914,2.3939321041107178,0.0005071368650533
47.16943359375,2.3931488990783687,0.0010347145143896
8.149629592895508,2.3854062557220455,0.0062387576326727
23.93278694152832,2.394798994064331,-7.720396388322115e-05
12.266453742980955,2.3938722610473637,0.0005474731442518
3.5647130012512207,2.196845531463623,0.1259915232658386
1.6443288326263428,1.764542579650879,0.3489591479301452
19.347869873046875,2.3955180644989014,-0.0005621018935926
36.89537811279297,2.3937168121337886,0.0006522521725855
24.66493225097656,2.3954193592071533,-0.0004955143667757
43.71274185180664,2.3939850330352783,0.0004715152026619
48.09362030029297,2.393704652786255,0.0006603947258554
45.33306503295898,2.3954918384552,-0.0005443899426609
51.75435256958008,2.3935770988464355,0.0007463778019882
30.306060791015625,2.395636320114136,-0.0006418171687982
32.298458099365234,2.393343925476074,0.0009034246322698
31.146228790283203,2.394903898239136,-0.0001479926431784
47.26545333862305,2.393086671829224,0.0010766208870336
37.015403747558594,2.3934926986694336,0.0008031859179027
45.99319839477539,2.394843816757202,-0.0001074580068234
16.935386657714844,2.394331932067871,0.0002375844633206
23.29665946960449,2.3940520286560054,0.0004263395676389
48.393680572509766,2.394141912460327,0.0003657582856249
45.89717864990234,2.394975423812866,-0.0001960964727913
16.119224548339844,2.394472122192383,0.0001431656564818
6.721344470977783,2.3698458671569824,0.0166291035711765
47.88957977294922,2.3934249877929688,0.0008488172315992
25.481096267700195,2.3954098224639893,-0.0004890464479103
44.912982940673835,2.3955190181732178,-0.0005626691272482
9.013802528381348,2.3892698287963867,0.0036447211168706
34.6389274597168,2.395822048187256,-0.0007671101484447
19.431886672973636,2.395521879196167,-0.0005646325880661
14.378875732421877,2.394733428955078,-3.3069696655729786e-05
52.53450775146485,2.3937089443206787,0.0006575448787771
33.72674560546875,2.394485712051392,0.0001339817827101
37.38747787475586,2.392914056777954,0.0011929384199902
41.61232376098633,2.3941953182220455,0.0003297616785857
38.995800018310554,2.394598960876465,5.7645658671390265e-05
9.145829200744629,2.389653205871582,0.0033871182240545
8.437687873840332,2.387036800384521,0.0051446827128529
44.9849967956543,2.395537853240967,-0.0005754563608206
29.72994613647461,2.3955769538879395,-0.000601835141424
50.001998901367195,2.3952925205230717,-0.0004099128418602
37.54351043701172,2.392754554748535,0.0013003274798393
13.106621742248535,2.3941679000854488,0.0003482198517303
18.771755218505856,2.395357608795166,-0.0004538628272712
27.329465866088867,2.393510341644287,0.000791297876276
51.35827255249024,2.393971443176269,0.0004806096549145
18.291658401489254,2.3950808048248287,-0.0002671474649105
21.268253326416016,2.3944225311279297,0.0001766335481079
14.714942932128906,2.3947761058807373,-6.180019408930093e-05
40.580116271972656,2.395870447158813,-0.0007997973589226
43.68873596191406,2.393939256668091,0.000502354465425
1.452290415763855,1.694706916809082,0.3780670762062072
25.88917732238769,2.3951094150543213,-0.0002865039859898
48.29766082763672,2.3940014839172363,0.0004603308916557
15.003000259399414,2.3947687149047847,-5.6807701184879995e-05
9.529906272888184,2.390677690505981,0.0026981811970472
53.26665496826172,2.394614696502685,4.7024685045471415e-05
2.9645929336547847,2.105841636657715,0.1789509356021881
2.880576133728028,2.090473175048828,0.1875811070203781
27.01740264892578,2.393787384033203,0.000604644708801
50.842166900634766,2.394603729248047,5.4476829973282286e-05
53.074615478515625,2.3943686485290527,0.0002129367494489
51.334266662597656,2.3939998149871826,0.0004614739737007
38.41968536376953,2.393407821655273,0.0008604185422882
4.980996131896973,2.3158209323883057,0.0519964098930358
31.326265335083008,2.394655227661133,1.970809171325527e-05
37.195438385009766,2.3931851387023926,0.00101041526068
26.21324348449707,2.3947644233703613,-5.380759830586612e-05
30.83416748046875,2.395272970199585,-0.0003968616365455
31.350269317626957,2.394620656967163,4.2990413930965594e-05
52.138427734375,2.393441915512085,0.0008373856544494
25.565113067626957,2.395362615585327,-0.0004572076140902
48.861770629882805,2.3947687149047847,-5.685568248736672e-05
16.875375747680664,2.3943276405334477,0.0002405424020253
40.20804214477539,2.3960204124450684,-0.0009009335190057
34.050811767578125,2.395049571990967,-0.0002460860705468
41.324264526367195,2.394789218902588,-7.06223800079897e-05
36.871376037597656,2.393762826919556,0.0006212301086634
33.75075149536133,2.394528865814209,0.0001049764032359
5.197039604187012,2.32641077041626,0.0451503843069076
3.372674465179444,2.171056032180786,0.1413211822509765
1.164232850074768,1.5794960260391235,0.4217630922794342
40.22004318237305,2.3960201740264893,-0.000900829443708
43.98879623413086,2.39449143409729,0.0001300662552239
24.472894668579105,2.395305156707764,-0.0004184180288575
37.79555892944336,2.392652750015259,0.0013689633924514
27.425485610961918,2.393454074859619,0.0008291403064504
9.325864791870115,2.39013934135437,0.003060191636905
31.554311752319336,2.394319534301758,0.0002460338000673
43.24464797973633,2.3931097984313965,0.0010611028410494
24.592918395996094,2.3953812122344966,-0.0004698252305388
14.630926132202148,2.3947708606719966,-5.815494296257384e-05
13.166633605957031,2.3942015171051025,0.0003255143237765
10.23804759979248,2.392359733581543,0.001566290622577
21.12422561645508,2.3945627212524414,8.209367661038412e-05
12.5905179977417,2.3939201831817627,0.000515109160915
17.03140640258789,2.3943464756011963,0.0002278156462125
18.639728546142575,2.395291805267334,-0.0004094601317774
40.928184509277344,2.3954756259918213,-0.0005333906738087
23.392679214477536,2.3941609859466557,0.0003529271634761
42.69253921508789,2.392547607421875,0.0014396924525499
4.164833068847656,2.260427236557007,0.0871155485510826
4.920984268188477,2.312630414962769,0.0540505722165107
52.48649597167969,2.393660306930542,0.0006903038010932
18.447689056396484,2.395180940628052,-0.0003347921592649
45.10502243041992,2.39554762840271,-0.000582052161917
43.35266876220703,2.3933022022247314,0.0009314850904047
15.423084259033203,2.394693613052368,-6.119910267443629e-06
4.596919536590576,2.2932741641998287,0.0664309635758399
45.693138122558594,2.3952176570892334,-0.0003594699082896
23.50069999694824,2.3942880630493164,0.0002672949340194
1.5843168497085571,1.7433136701583862,0.3580150008201599
6.493298530578612,2.365943193435669,0.0192207265645265
1.2002400159835815,1.5945847034454346,0.416349858045578
25.44508934020996,2.3954274654388428,-0.0005009989254176
42.38047790527344,2.392772436141968,0.0012883649906143
9.57791519165039,2.3908061981201167,0.0026117747183889
29.045808792114254,2.394937038421631,-0.0001702260924503
37.91558456420898,2.392688512802124,0.0013448524987325
47.721546173095696,2.3932223320007324,0.0009853299707174
18.387678146362305,2.395143508911133,-0.000309404800646
2.064412832260132,1.898342847824097,0.2877533137798309
8.449689865112305,2.3870961666107178,0.0051049101166427
49.6539306640625,2.395322561264038,-0.0004301522276364
39.21184158325195,2.395019292831421,-0.0002256754232803
42.81256103515625,2.3925621509552,0.0014298583846539
23.65673065185547,2.394475221633911,0.0001410717668477
32.77855682373047,2.393179416656494,0.0010141923557966
53.38667678833008,2.3947620391845703,-5.225832137512043e-05
47.52950668334961,2.39306640625,0.0010903284419327
20.524105072021484,2.3950929641723637,-0.0002753666485659
3.792758464813232,2.223844051361084,0.1096714213490486
15.243048667907717,2.3947341442108154,-3.344257493154146e-05
31.38627815246582,2.39456844329834,7.822530460543929e-05
29.34586906433105,2.3952810764312744,-0.0004021747445221
5.7011404037475595,2.3461401462554927,0.0322833769023418
2.8085618019104004,2.0767157077789307,0.1952296197414398
43.53270721435546,2.393640279769897,0.0007037637406028
25.52910614013672,2.395383834838867,-0.0004715219838544
16.359272003173828,2.3943986892700195,0.0001925967517308
39.42788696289063,2.395385980606079,-0.0004729968204628
8.641728401184082,2.38796067237854,0.0045244018547236
26.477294921875,2.3944411277771,0.0001640499394852
20.020004272460938,2.395397186279297,-0.0004805561038665
12.638527870178224,2.393934726715088,0.0005052725318819
46.83336639404297,2.393527030944824,0.0007801210158504
4.932986736297608,2.31327748298645,0.0536343269050121
21.544309616088867,2.3941564559936523,0.0003559587639756
2.340468168258667,1.9727431535720823,0.2506667971611022
10.1060209274292,2.392087459564209,0.0017494907369837
20.2840576171875,2.3952581882476807,-0.0003868656349368
16.995399475097656,2.3943400382995605,0.0002322422515135
51.562313079833984,2.393746852874756,0.0006319240201264
40.82016372680664,2.3956220149993896,-0.0006322635454125
48.59772109985352,2.3944313526153564,0.0001706590410321
43.12462615966797,2.392911195755005,0.0011948897736147
1.980396032333374,1.873616337776184,0.2995979785919189
4.128825664520264,2.257253885269165,0.0890923142433166
13.634726524353027,2.3944571018218994,0.000153364308062
6.217243671417236,2.360302686691284,0.0229564756155014
52.88257598876953,2.394120216369629,0.000380428333301
52.582515716552734,2.3937599658966064,0.000623092346359
38.51570129394531,2.3935976028442383,0.0007325297337956
51.98239517211913,2.393455982208252,0.0008278667228296
1.560312032699585,1.734671115875244,0.3616499006748199
34.146827697753906,2.3952035903930664,-0.0003500184393487
49.50990295410156,2.395283937454224,-0.0004042345099151
38.431686401367195,2.3934309482574463,0.0008447766886092
47.229446411132805,2.3931071758270264,0.0010628973832353
42.044410705566406,2.393306970596313,0.0009282742976211
23.584716796875,2.3943886756896973,0.0001994641352212
1.056211233139038,1.5330675840377808,0.4378290176391601
41.58831787109375,2.3942461013793945,0.0002954715746454
23.18863677978516,2.3939361572265625,0.000504316878505
50.80615997314453,2.394645929336548,2.5980374630307775e-05
1.692338466644287,1.781139254570007,0.3417537212371826
6.397279262542725,2.364108085632324,0.0204374734312295
22.26445198059082,2.3936295509338374,0.0007109390571713
34.67493438720703,2.3958532810211186,-0.0007881839992478
21.280256271362305,2.3944108486175537,0.0001845349761424
18.507701873779297,2.3952174186706543,-0.0003592706052586
48.68173599243164,2.3945443630218506,9.4460672698915e-05
35.46709442138672,2.3959450721740723,-0.0008501685224473
15.027005195617676,2.394766330718994,-5.521631101146341e-05
40.50810241699219,2.3959226608276367,-0.0008349179988726
10.154030799865724,2.3921890258789062,0.0016811615787446
2.4124825000762935,1.9904874563217163,0.2415024787187576
18.74774932861328,2.395346403121948,-0.0004462583456188
43.79676055908203,2.394143581390381,0.0003645693941507
24.172834396362305,2.395052194595337,-0.0002478968235664
53.08661651611328,2.3943841457366943,0.0002024319692282
22.06041145324707,2.3937370777130127,0.000638494733721
51.22624588012695,2.3941307067871094,0.0003731990000233
19.623924255371094,2.395510196685791,-0.000556789280381
1.2242448329925537,1.6045355796813965,0.4127285480499267
25.92518424987793,2.3950750827789307,-0.000263314024778
53.842769622802734,2.395228624343872,-0.0003668935387395
29.837966918945312,2.395625114440918,-0.0006342447013594
21.47229385375977,2.3942246437072754,0.0003099840250797
16.095218658447266,2.3944799900054927,0.0001378027227474
31.194238662719727,2.3948397636413574,-0.000104640610516
27.953590393066406,2.393528938293457,0.000778749003075
5.245048999786377,2.328580379486084,0.04374261200428
5.089017868041992,2.3212878704071045,0.0484674349427223
1.2842568159103394,1.62903094291687,0.4036409854888916
1.2122424840927124,1.5995709896087646,0.4145403504371643
49.9539909362793,2.3953068256378174,-0.0004195820074528
41.48029708862305,2.394473075866699,0.0001425754744559
45.38107681274414,2.39546799659729,-0.000528288364876
12.770554542541504,2.393989562988281,0.0004683421284426
2.220444202423096,1.9416604042053225,0.2664241194725036
34.35087203979492,2.3954992294311523,-0.0005494563374668
17.979595184326172,2.394864082336426,-0.0001210551636177
26.585317611694336,2.3943045139312744,0.0002560811117291
29.465892791748047,2.395393133163452,-0.0004777763679157
22.240447998046875,2.3936398029327397,0.0007040350465103
31.59031867980957,2.394265651702881,0.0002823465911205
39.1998405456543,2.3949971199035645,-0.0002107488544424
5.80916166305542,2.349557638168335,0.0300396420061588
22.180435180664062,2.3936684131622314,0.0006847867043688
42.39247894287109,2.3927578926086426,0.0012980778701603
33.354671478271484,2.3938357830047607,0.0005719996988773
3.6727344989776607,2.210103273391724,0.1180121004581451
24.640928268432617,2.3954074382781982,-0.0004873934958595
16.659332275390625,2.3943371772766118,0.0002341927029192
21.11222267150879,2.3945744037628174,7.427026139339432e-05
33.534706115722656,2.394142866134644,0.0003650655853562
45.537105560302734,2.395362615585327,-0.0004572792095132
50.818164825439446,2.394631862640381,3.542921331245452e-05
15.195038795471191,2.394742965698242,-3.939033922506496e-05
27.61752319335937,2.393397331237793,0.0008673716220073
20.620124816894528,2.395017623901367,-0.0002246675576316
1.872374415397644,1.8403494358062744,0.3151532113552093
35.09502029418945,2.3960483074188232,-0.0009197072358801
52.37847518920898,2.3935616016387935,0.0007568401633761
38.07161331176758,2.3928334712982178,0.001247224281542
50.99819946289063,2.39441442489624,0.000182125455467
32.862571716308594,2.3932204246521,0.0009866573382169
44.900981903076165,2.3955147266387935,-0.0005598958814516
30.49810028076172,2.3955478668212886,-0.0005821514059789
5.185037136077881,2.325858354568481,0.0455086603760719
43.25665283203125,2.3931305408477783,0.0010470740962773
45.88517761230469,2.394991159439087,-0.0002066926535917
16.731346130371094,2.3943300247192383,0.0002389842120464
29.813962936401367,2.395615816116333,-0.0006280067027546
3.5167033672332764,2.1906704902648926,0.1296851187944412
49.02980422973633,2.3949508666992188,-0.0001796551223378
37.61552429199219,2.3927037715911865,0.0013345232000574
46.725345611572266,2.393685102462769,0.0006736060604453
34.54290771484375,2.395728349685669,-0.0007039523334242
30.750150680541992,2.395354986190796,-0.0004521285591181
51.97039413452149,2.3934597969055176,0.0008254173444584
48.741748809814446,2.3946220874786377,4.204452125122771e-05
9.169834136962889,2.3897199630737305,0.0033422571141272
15.567113876342772,2.394653797149658,2.0634364773286507e-05
47.20544052124024,2.393122673034668,0.0010523963719606
23.59671974182129,2.394402980804444,0.0001897346082841
34.4468879699707,2.395620584487915,-0.0006311647593975
12.086417198181152,2.393864393234253,0.0005526889581233
7.093418598175049,2.375207662582397,0.0130591318011283
36.79935836791992,2.3939025402069087,0.0005269874818623
9.781956672668455,2.391333103179932,0.002257231157273
27.521503448486328,2.393415689468384,0.0008550500497221
0.744148850440979,1.3894563913345337,0.4817956984043121
38.047611236572266,2.392803430557251,0.0012674467870965
14.498899459838867,2.3947551250457764,-4.765736230183393e-05
32.91058349609375,2.3932552337646484,0.0009630887652747
47.14542770385742,2.3931682109832764,0.0010216956725344
38.27565383911133,2.393143892288208,0.0010381842730566
46.94138717651367,2.3933835029602046,0.0008767903782427
1.4042809009552002,1.6763794422149658,0.3853801190853118
30.918184280395508,2.395183086395264,-0.0003362171410117
22.84056854248047,2.393646001815796,0.000699890544638
5.17303466796875,2.3253016471862797,0.0458694919943809
7.489497661590576,2.3798856735229488,0.0099355038255453
46.365272521972656,2.3942651748657227,0.0002827310527209
6.2052412033081055,2.3600306510925293,0.0231363736093044
53.54270935058594,2.3949408531188965,-0.0001728713541524
46.64132690429688,2.393815279006958,0.0005857844371348
29.117822647094727,2.395026683807373,-0.0002307180693605
37.3394660949707,2.392975091934204,0.0011519222753122
50.590118408203125,2.3948824405670166,-0.0001333784894086
50.23004531860352,2.3951821327209477,-0.0003355212102178
1.3082616329193115,1.6386756896972656,0.3999954164028167
19.875974655151367,2.3954520225524902,-0.0005175177357159
28.913782119750977,2.394763469696045,-5.322846118360758e-05
20.77615547180176,2.3948862552642822,-0.0001360029855277
51.52630615234375,2.3937838077545166,0.0006070278468541
35.13102722167969,2.3960497379302974,-0.0009207127150148
50.39807891845703,2.39505934715271,-0.0002528105978854
20.872175216674805,2.3948004245758057,-7.815883873263374e-05
8.54570960998535,2.3875472545623775,0.0048019252717494
37.59151840209961,2.392719030380249,0.0013243097346276
8.245649337768553,2.3859963417053223,0.0058429664932191
35.86317443847656,2.3955602645874023,-0.000590571842622
6.8293657302856445,2.3715078830718994,0.015523680485785
35.359073638916016,2.396002054214477,-0.0008884887211024
7.129426002502441,2.3756773471832275,0.0127457920461893
48.045608520507805,2.393636465072632,0.0007062718505039
26.9573917388916,2.393852949142456,0.0005604462348856
39.81196212768555,2.395850658416748,-0.0007864012150093
46.029205322265625,2.3947920799255367,-7.258243567775936e-05
26.849369049072266,2.3939776420593266,0.0004763591277878
39.6079216003418,2.395637035369873,-0.0006424026796594
4.83696746826172,2.3079726696014404,0.0570426732301712
38.7917594909668,2.3941738605499268,0.0003442035231273
17.30746078491211,2.3944411277771,0.0001641267444938
20.26005172729492,2.3952727317810054,-0.0003967001102864
19.899980545043945,2.395443916320801,-0.0005120789865031
12.806561470031738,2.3940074443817134,0.0004564184055197
5.713142395019531,2.346532821655273,0.0320257544517517
52.714542388916016,2.393911361694336,0.0005210936651565
12.69853973388672,2.3939568996429443,0.0004903657245449
48.84976959228516,2.3947546482086186,-4.735387119580992e-05
48.309661865234375,2.3940191268920894,0.0004484738456085
43.40068054199219,2.393390893936157,0.0008718431927263
51.21424102783203,2.3941457271575928,0.0003632258449215
5.317063331604004,2.331714391708374,0.0417060032486915
19.503900527954105,2.3955206871032715,-0.0005639259470626
33.90678024291992,2.3948049545288086,-8.127137698465958e-05
12.890578269958496,2.394050359725952,0.0004274934181012
18.651729583740234,2.3952982425689697,-0.000413748959545
8.425684928894043,2.386976957321167,0.0051848916336894
36.631324768066406,2.3942341804504395,0.0003035492554772
35.779155731201165,2.3956637382507324,-0.0006603480433113
14.786957740783691,2.39477801322937,-6.306119757937267e-05
23.116622924804688,2.393864393234253,0.0005527281900867
2.5085017681121826,2.0131211280822754,0.2296352833509445
33.9307861328125,2.394846677780152,-0.000109342036012
1.272254467010498,1.6241756677627563,0.4054617881774902
10.03400707244873,2.391930103302002,0.0018555186688899
26.405281066894528,2.394531488418579,0.0001031999054248
0.6961392164230346,1.3661726713180542,0.488095074892044
47.2774543762207,2.393080711364746,0.0010806348873302
21.196239471435547,2.3944928646087646,0.0001292550150537
47.75755310058594,2.39326286315918,0.0009579709148965
37.171432495117195,2.393223524093628,0.000984490267001
7.369473934173584,2.378581285476685,0.0108073158189654
18.24364852905273,2.3950483798980717,-0.0002453791967127
27.02940559387207,2.393774509429932,0.0006132305716164
30.450090408325195,2.3955748081207275,-0.0006003871094435
41.76835250854492,2.393864393234253,0.0005527735338546
12.014403343200684,2.393861532211304,0.0005546658649109
21.84436798095703,2.3938930034637447,0.0005335136083886
21.24424934387207,2.3944458961486816,0.000160830662935
49.31786346435546,2.3951871395111084,-0.0003389611665625
44.036808013916016,2.394573926925659,7.45077632018365e-05
49.34186935424805,2.395202159881592,-0.0003489916271064
42.740547180175774,2.392545700073242,0.0014410049188882
6.3372673988342285,2.3628950119018555,0.0212410893291234
24.424884796142575,2.395270347595215,-0.0003949875826947
23.92078399658203,2.3947854042053223,-6.808046600781381e-05
43.820762634277344,2.394188404083252,0.0003343892167322
46.22124481201172,2.394498586654663,0.0001253947702934
49.125823974609375,2.395040988922119,-0.0002404274855507
26.873374938964844,2.3939492702484126,0.0004954787436872
22.672534942626957,2.3935811519622803,0.0007436496089212
24.328865051269528,2.3951940536499023,-0.0003435143444221
2.6765353679656982,2.0500192642211914,0.2098631411790847
20.60812187194824,2.3950273990631104,-0.0002311769349034
43.14862823486328,2.3929493427276607,0.0011691747931763
39.415882110595696,2.3953673839569087,-0.0004604294372256
27.077415466308597,2.3937251567840576,0.0006466406630352
31.914382934570312,2.39379358291626,0.000600506842602
47.925586700439446,2.393472194671631,0.0008170133805833
42.956592559814446,2.3926727771759038,0.0013553815660998
48.38167572021485,2.3941245079040527,0.000377528485842
16.82736587524414,2.394326448440552,0.0002413135662209
53.8067626953125,2.3951988220214844,-0.0003467291826382
42.7525520324707,2.3925468921661377,0.0014402656815946
11.006200790405272,2.39347243309021,0.0008169027278199
24.580915451049805,2.395374298095703,-0.000465160497697
50.938186645507805,2.3944880962371826,0.0001323785691056
41.84036636352539,2.3937137126922607,0.0006543339113704
1.5363072156906128,1.7259420156478882,0.3652907311916351
44.08481597900391,2.3946540355682373,2.047181988018565e-05
29.51390266418457,2.3954331874847408,-0.0005048172315582
50.686138153076165,2.394781351089477,-6.531668623210862e-05
25.57711601257324,2.395355224609375,-0.0004522163944784
52.82256317138672,2.3940441608428955,0.0004316742706578
18.111621856689453,2.3949573040008545,-0.0001838939788285
50.20603942871094,2.395196914672852,-0.0003454843827057
40.376075744628906,2.3959896564483643,-0.000880145758856
15.663132667541504,2.394624710083008,4.0369468479184434e-05
16.251249313354492,2.394430160522461,0.0001715140097076
0.9001800417900085,1.4629809856414795,0.4603768289089202
32.454490661621094,2.393227815628052,0.0009815559023991
19.71994400024414,2.395493745803833,-0.0005456962389871
33.04261016845703,2.3933897018432617,0.0008725555380806
45.669132232666016,2.39524245262146,-0.0003761534171644
49.85797119140625,2.3953256607055664,-0.0004323988978285
22.82856559753418,2.3936393260955806,0.000704328820575
21.736347198486328,2.3939828872680664,0.000472908897791
26.27325439453125,2.39469313621521,-5.829773272125749e-06
9.48189640045166,2.390549659729004,0.0027842179406434
1.7883576154708862,1.8133093118667605,0.3274740874767303
21.784357070922848,2.39394211769104,0.0005003981641493
24.76095199584961,2.395460844039917,-0.0005234681884758
34.710941314697266,2.395882368087769,-0.0008077883394435
32.35847091674805,2.3932933807373047,0.0009373942157253
47.99760055541992,2.3935697078704834,0.0007513363962061
46.797359466552734,2.393578290939331,0.0007455656887032
39.127826690673835,2.394860982894897,-0.0001189784234156
11.918383598327637,2.3938560485839844,0.0005583785241469
40.79615783691406,2.3956518173217773,-0.0006523475167341
35.03500747680664,2.396040201187134,-0.0009143484057858
21.352270126342773,2.3943405151367188,0.0002318733895663
45.00900268554688,2.39554214477539,-0.0005782477674074
30.29405975341797,2.3956401348114014,-0.0006443544989451
52.97859573364258,2.3942439556121826,0.0002970314235426
28.061613082885746,2.39363169670105,0.0007095087203197
6.313262462615967,2.3623945713043213,0.0215723551809787
27.977596282958984,2.3935501575469966,0.0007644465658813
1.2962592840194702,1.6338642835617063,0.4018188118934631
43.460693359375,2.3935034275054927,0.0007960248040035
38.05961227416992,2.3928182125091557,0.0012575220316648
9.58991813659668,2.3908379077911377,0.0025903268251568
44.04880905151367,2.394594192504883,6.085061249905266e-05
28.75775146484375,2.394547462463379,9.231705189449713e-05
5.965193271636962,2.3540492057800293,0.0270839817821979
1.5243048667907717,1.7215449810028076,0.3671130836009979
50.314064025878906,2.395124912261963,-0.0002969285123981
34.83096694946289,2.395962953567505,-0.0008621953893452
28.085617065429688,2.3936569690704346,0.0006925288471393
46.40127944946289,2.3942058086395264,0.0003226116532459
47.03740692138672,2.3932716846466064,0.0009520130697637
53.72274398803711,2.3951237201690674,-0.000296173733659
15.747149467468262,2.3945975303649902,5.858418808202259e-05
36.35527038574219,2.3947677612304688,-5.6171007599914446e-05
38.87577438354492,2.39435076713562,0.000224960342166
8.761752128601074,2.3884289264678955,0.004209766164422
21.67633438110352,2.394035577774048,0.0004374505952
35.17903518676758,2.396047830581665,-0.0009194671874865
40.4240837097168,2.39596962928772,-0.0008666067733429
3.7807562351226807,2.222515344619751,0.1104811057448387
9.757951736450195,2.391273021697998,0.0022977287881076
51.87437438964844,2.393500328063965,0.0007980174268595
11.486297607421877,2.393771886825561,0.0006150351837277
23.78875732421875,2.3946328163146973,3.48938956449274e-05
40.02800750732422,2.3959848880767822,-0.0008770092390477
8.929785728454588,2.3890080451965328,0.003820726647973
2.712542533874512,2.057494640350342,0.2057933658361434
16.575315475463867,2.3943495750427246,0.0002257234009448
27.545509338378903,2.393409252166748,0.0008594704559072
45.35707092285156,2.3954803943634038,-0.000536685809493
30.870174407958984,2.395235538482666,-0.0003715061466209
21.556310653686523,2.3941452503204346,0.0003635316679719
43.0166015625,2.3927509784698486,0.0013028508983552
27.91758346557617,2.3934988975524902,0.0007989380974322
14.054810523986816,2.3946409225463867,2.9380644264165312e-05
47.481494903564446,2.3930513858795166,0.0011005351552739
33.01860427856445,2.393362283706665,0.0008910580072551
7.033406734466553,2.3744046688079834,0.0135944550856947
37.99959945678711,2.392751932144165,0.0013022006023675
50.518104553222656,2.3949530124664307,-0.0001809767418308
24.112823486328125,2.3949923515319824,-0.0002076130767818
9.349869728088379,2.390202522277832,0.0030177098233252
46.77335357666016,2.393613338470459,0.0007219751132652
28.98579788208008,2.394859313964844,-0.0001179262326331
5.929185867309569,2.353057384490967,0.0277373064309358
36.163230895996094,2.3951096534729004,-0.0002865928108803
9.313862800598145,2.3901076316833496,0.0030814839992672
9.6979398727417,2.3911201953887935,0.0024004713632166
31.482295989990234,2.394426822662353,0.0001736222475301
30.594118118286133,2.395484209060669,-0.0005392568418756
1.4642928838729858,1.6992343664169312,0.3762396275997161
21.82036399841309,2.3939123153686523,0.0005204437184147
29.297859191894528,2.3952317237854004,-0.0003689256263896
51.814361572265625,2.3935353755950928,0.0007744150352664
13.406681060791016,2.394335985183716,0.0002349069254705
14.006801605224608,2.3946232795715328,4.13142297475133e-05
49.04180908203125,2.3949627876281734,-0.0001876455498859
26.321264266967773,2.3946349620819087,3.333326822030358e-05
6.709342002868652,2.369654417037964,0.016756284981966
2.5205039978027344,2.015869617462158,0.2281806766986846
28.301660537719727,2.393913984298706,0.0005192550597712
28.433687210083008,2.3940906524658203,0.0004002426867373
12.302460670471191,2.3938746452331543,0.0005458830855786
44.84096908569336,2.3954901695251465,-0.0005432922043837
13.466692924499512,2.394368886947632,0.0002128099586116
30.51010131835937,2.395540475845337,-0.0005772542208433
30.438087463378903,2.395581007003784,-0.0006046048365533
12.530506134033203,2.3939054012298584,0.0005251083057373
18.62772560119629,2.3952853679656982,-0.0004051233991049
17.391477584838867,2.3944826126098637,0.0001360571477562
0.480096012353897,1.2578222751617432,0.5142929553985595
12.986597061157228,2.394101619720459,0.0003929285740014
30.05401039123535,2.3956706523895264,-0.0006649297429248
49.18583679199219,2.395091772079468,-0.0002746215031947
34.7469482421875,2.395909070968628,-0.000825896509923
39.07981491088867,2.3947672843933105,-5.588030035141856e-05
49.569915771484375,2.3953037261962886,-0.000417470379034
50.03800582885742,2.3952796459198,-0.0004012585559394
50.24205017089844,2.395174503326416,-0.0003303595585748
13.118623733520508,2.394174575805664,0.0003436907427385
22.036407470703125,2.3937525749206543,0.0006281025707721
49.1378288269043,2.3950514793396,-0.0002475052606314
19.38387680053711,2.3955204486846924,-0.0005636261194013
39.115821838378906,2.3948378562927246,-0.0001033385560731
41.264251708984375,2.394905567169189,-0.0001490309223299
6.589317798614502,2.367658853530884,0.0180820766836404
42.84856796264648,2.3925797939300537,0.0014180201105773
24.74894905090332,2.395456314086914,-0.0005203757900744
43.1606330871582,2.3929686546325684,0.0011561074061319
40.9761962890625,2.395404100418091,-0.0004851969424635
36.97939682006836,2.3935587406158447,0.0007587475120089
39.46389389038086,2.3954405784606934,-0.0005097864195704
52.798561096191406,2.3940141201019287,0.000451899744803
8.62972640991211,2.387910842895508,0.0045577771961688
20.35607147216797,2.3952124118804927,-0.0003558724420145
24.856971740722656,2.395491123199463,-0.0005439877859316
16.011201858520508,2.3945083618164062,0.0001187276284326
32.73054504394531,2.393167018890381,0.0010225703008472
24.34086799621582,2.3952040672302246,-0.0003502726613078
48.96979522705078,2.3948893547058105,-0.0001380864850943
45.8611717224121,2.395021915435791,-0.0002275407168781
32.01040267944336,2.393665075302124,0.0006870813085697
41.33626556396485,2.394765615463257,-5.4668078519171104e-05
0.1920384019613266,1.1054412126541138,0.5421929359436035
13.922784805297852,2.394589900970459,6.371540803229436e-05
29.009801864624023,2.3948907852172847,-0.0001390368124702
16.27525520324707,2.394422769546509,0.0001763947657309
14.99099826812744,2.3947699069976807,-5.753812365583144e-05
20.368074417114254,2.395204305648804,-0.0003504945198073
33.37867736816406,2.393875360488892,0.0005453753983601
45.82516479492188,2.3950669765472408,-0.0002579237625468
0.0360072031617164,1.019951343536377,0.5530661940574646
32.19043731689453,2.3934504985809326,0.0008315716404467
15.531105995178224,2.3946642875671387,1.3595619748230092e-05
24.37687492370605,2.395233154296875,-0.0003699997323565
53.15863037109375,2.394477367401123,0.0001396565203322
35.0470085144043,2.3960423469543457,-0.0009157874737866
52.34246826171875,2.3935322761535645,0.000776520348154
28.361671447753903,2.393993139266968,0.0004660573904402
35.49109649658203,2.3959295749664307,-0.0008396797347813
43.6167221069336,2.393801212310791,0.0005952783976681
47.45749282836913,2.3930470943450928,0.0011033504270017
13.69473934173584,2.394486904144287,0.0001332426472799
43.9767951965332,2.394470691680908,0.0001441772037651
25.433086395263672,2.395432949066162,-0.0005047534941695
22.348468780517575,2.393599510192871,0.0007312666275538
32.87457656860352,2.39322829246521,0.0009813169017434
52.5465087890625,2.393721342086792,0.0006490832893177
34.68693923950195,2.3958632946014404,-0.0007948834099806
36.43928909301758,2.394609212875366,5.079832772025839e-05
50.41008377075195,2.395049571990967,-0.0002460789401084
11.606321334838867,2.3938088417053223,0.0005902491393499
29.03380584716797,2.3949215412139893,-0.0001598955568624
45.03300476074219,2.39554500579834,-0.0005803027306683
14.34286880493164,2.394725799560547,-2.7767819119617343e-05
29.8499698638916,2.395629405975342,-0.0006371546187438
17.091419219970703,2.3943605422973637,0.000218296307139
33.762752532958984,2.394550323486328,9.049208892975001e-05
26.285257339477536,2.3946785926818848,3.9007486520858956e-06
3.9967994689941406,2.244970321655273,0.0967077910900115
8.197639465332031,2.385707378387451,0.0060367891564965
24.844968795776367,2.3954880237579346,-0.0005418367218226
52.87057495117188,2.3941047191619877,0.0003907457576133
2.8685736656188965,2.0882184505462646,0.1888396441936492
35.2990608215332,2.396023988723755,-0.000903416366782
36.34326934814453,2.3947901725769043,-7.119213114492595e-05
47.697540283203125,2.3931961059570312,0.0010029089171439
32.69453811645508,2.3931624889373775,0.0010255514644086
17.355470657348633,2.3944642543792725,0.0001484987005824
5.941188335418701,2.3533909320831294,0.0275176614522933
52.25845336914063,2.3934783935546875,0.0008127714390866
35.37107467651367,2.3959968090057373,-0.0008849548758007
8.653730392456055,2.388009786605835,0.0044913878664374
28.037607192993164,2.393607378005981,0.0007259403937496
3.276655435562134,2.1570346355438232,0.149549201130867
20.308061599731445,2.3952434062957764,-0.0003767804591916
27.413482666015625,2.393460273742676,0.0008250293903984
48.057613372802734,2.393653392791748,0.0006948718219064
33.402679443359375,2.3939154148101807,0.0005184016772545
5.761152267456056,2.3480710983276367,0.0310162175446748
51.04620742797852,2.394354820251465,0.0002222908078692
14.534907341003418,2.3947603702545166,-5.1099035772494965e-05
12.93858814239502,2.394075632095337,0.0004103815881535
20.88417625427246,2.394789457321167,-7.077818008838221e-05
28.109621047973636,2.3936829566955566,0.0006750269094482
52.6545295715332,2.3938407897949214,0.0005686373333446
0.3120624125003814,1.1699025630950928,0.5316954255104064
47.90158081054688,2.3934404850006104,0.000838300504256
22.804561614990234,2.393627166748047,0.0007125763222575
42.980594635009766,2.392702341079712,0.0013356020208448
46.25725173950195,2.3944408893585205,0.000164245677297
28.829765319824215,2.394648313522339,2.4411125195911158e-05
47.673534393310554,2.3931708335876465,0.0010199281387031
24.988998413085938,2.395514488220215,-0.0005597170093096
12.230445861816406,2.3938703536987305,0.0005487946327775
8.593718528747559,2.3877584934234615,0.0046601216308772
3.012602567672729,2.1143064498901367,0.1741587370634079
10.958191871643066,2.3934266567230225,0.0008476218790747
40.59211730957031,2.3958606719970703,-0.0007932421867735
37.26745223999024,2.3930752277374268,0.0010843757772818
33.69073867797852,2.394421100616455,0.0001775381242623
42.872573852539055,2.3925952911376958,0.0014076917432248
20.716142654418945,2.3949379920959477,-0.0001709509378997
22.20444107055664,2.3936564922332764,0.0006928181974217
33.486698150634766,2.3940589427948,0.0004216536763124
47.181434631347656,2.3931398391723637,0.0010408593807369
36.18723678588867,2.395068645477295,-0.000259078486124
17.187437057495117,2.3943910598754883,0.0001977819774765
40.35206985473633,2.3959977626800537,-0.0008856561616994
4.944989204406737,2.313920021057129,0.053220797330141
19.659931182861328,2.395504951477051,-0.0005531901260837
35.143028259277344,2.3960497379302974,-0.0009206786053255
20.42808532714844,2.395163059234619,-0.0003227240231353
2.988597631454468,2.11010217666626,0.1765423119068145
50.06201171875,2.395270109176636,-0.0003948294033762
10.598119735717772,2.392983675003052,0.0011460864916443
13.97079372406006,2.394609212875366,5.068338577984832e-05
44.75695037841797,2.395444393157959,-0.0005124483723193
50.4700927734375,2.394997358322144,-0.0002108891640091
6.6973395347595215,2.36946177482605,0.0168843995779752
7.261452198028564,2.377323627471924,0.011647306382656
27.749549865722656,2.3934099674224854,0.0008589514181949
6.085216999053955,2.35717248916626,0.0250244066119194
14.738947868347168,2.3947770595550537,-6.241061782930046e-05
10.298059463500977,2.392475843429565,0.0014880145899951
11.390277862548828,2.393732786178589,0.0006414101808331
17.427486419677734,2.3945019245147705,0.0001230430498253
29.30986213684082,2.3952441215515137,-0.0003773911448661
8.053610801696777,2.384766101837158,0.0066679487936198
43.89278030395508,2.3943207263946533,0.0002451731998007
0.2520503997802734,1.1378295421600342,0.5371614098548889
7.321464061737059,2.3780322074890137,0.0111741367727518
45.95719146728516,2.394894361495972,-0.0001414729194948
37.2314453125,2.393129110336304,0.0010481412755325
12.326465606689451,2.393876314163208,0.0005446407012641
17.87157440185547,2.3947877883911133,-6.960977771086617e-05
49.689937591552734,2.39532732963562,-0.0004334877303335
14.10282039642334,2.394657611846924,1.810534922697116e-05
27.689537048339844,2.3933985233306885,0.0008666620124131
37.44749069213867,2.392845392227173,0.0012392018688842
30.96619415283203,2.3951284885406494,-0.0002993087109643
29.129825592041016,2.3950412273406982,-0.0002405360282864
25.949190139770508,2.3950514793396,-0.000247438729275
49.44989013671875,2.395259380340576,-0.0003875524271279
10.250049591064451,2.392383337020874,0.0015503804897889
18.603721618652344,2.395272254943848,-0.0003963088674936
51.4302864074707,2.393888473510742,0.0005365888937376
12.974595069885254,2.394094944000244,0.0003973202547058
11.234247207641602,2.393648386001587,0.000698363117408
13.610722541809082,2.394444704055786,0.0001615933870198
19.851970672607425,2.395459651947021,-0.0005226642824709
12.422484397888184,2.3938865661621094,0.0005377682391554
29.78995704650879,2.3956058025360107,-0.0006212143343873
46.437286376953125,2.3941466808319087,0.0003625501994974
37.15943145751953,2.3932430744171143,0.000971307454165
36.03120803833008,2.395322322845459,-0.0004300471628084
9.085817337036131,2.3894827365875244,0.0035017181653529
20.272054672241207,2.395265579223633,-0.0003918144502677
16.503299713134766,2.394363641738892,0.0002163085882784
13.34666919708252,2.3943028450012207,0.0002573214296717
12.446489334106444,2.393890142440796,0.0005354692693799
45.081016540527344,2.3955478668212886,-0.0005822042003273
7.5375075340271,2.380380392074585,0.0096047231927514
4.536907196044922,2.289239883422852,0.0689933970570564
27.677536010742188,2.393397331237793,0.0008674098644405
40.70014190673828,2.395760297775269,-0.0007254487136378
49.96599197387695,2.39530348777771,-0.0004173665947746
42.56051254272461,2.392601490020752,0.0014034979976713
9.505901336669922,2.390613555908203,0.0027413370553404
51.25025177001953,2.39410138130188,0.0003930649254471
45.11702346801758,2.395547151565552,-0.0005817009368911
37.039409637451165,2.3934493064880367,0.0008323386427946
9.301860809326174,2.3900759220123287,0.003102819668129
17.343469619750977,2.394458293914795,0.000152511667693
9.649930000305178,2.390995979309082,0.0024841150734573
7.117423534393311,2.375521659851074,0.0128495842218399
38.58771896362305,2.393744945526123,0.000633240561001
3.9367873668670654,2.2390358448028564,0.1003663912415504
33.918785095214844,2.394825935363769,-9.533225238556041e-05
0.4440888166427612,1.239232301712036,0.5182645320892334
24.316864013671875,2.395183801651001,-0.0003366664168424
0.3480696082115173,1.1889846324920654,0.5282177329063416
44.92498397827149,2.3955228328704834,-0.0005652592517435
20.47609519958496,2.3951287269592285,-0.0002994820533785
3.7087416648864746,2.2143325805664062,0.1154525950551033
8.029605865478516,2.384598016738892,0.0067806486040353
24.736948013305664,2.395451545715332,-0.0005171676166355
42.824565887451165,2.3925673961639404,0.0014263910707086
22.360471725463867,2.393595933914185,0.0007336596027016
21.064212799072266,2.394620418548584,4.311843804316595e-05
17.535507202148438,2.394564390182495,8.09606644907035e-05
33.94278717041016,2.3948674201965328,-0.0001232982031069
27.629526138305664,2.393396615982056,0.0008678713347762
30.71414375305176,2.395387649536133,-0.000474073778605
32.52650451660156,2.3931925296783447,0.0010054683079943
1.248249650001526,1.6143994331359863,0.4090987741947174
23.620723724365234,2.394431829452514,0.0001702665031189
30.28205680847168,2.395643711090088,-0.0006467493949458
41.38427734375,2.394669771194458,9.96742983261356e-06
45.153030395507805,2.3955440521240234,-0.0005795492324978
39.295860290527344,2.395169258117676,-0.0003268954460509
21.83236694335937,2.3939025402069087,0.0005270090186968
41.07221603393555,2.3952503204345703,-0.0003815660602413
48.585716247558594,2.3944149017333984,0.0001817821903387
18.867773056030277,2.395399332046509,-0.0004820507601834
30.186037063598636,2.3956644535064697,-0.0006607507821172
7.573514938354493,2.3807413578033447,0.0093632992357015
18.87977600097656,2.3954043388366695,-0.0004853144928347
24.808961868286133,2.395477533340454,-0.0005346710095182
30.01800346374512,2.3956677913665767,-0.0006630351999774
6.24124813079834,2.360839605331421,0.0226013548672199
25.45709228515625,2.3954217433929443,-0.0004971292219124
16.719343185424805,2.3943309783935547,0.0002383568062214
39.77595520019531,2.3958189487457275,-0.0007649690378457
24.35287094116211,2.395213842391968,-0.0003569403197616
53.17063522338867,2.3944928646087646,0.0001292550878133
26.753351211547848,2.394093990325928,0.0003979466564487
30.102020263671875,2.395671367645264,-0.000665434228722
24.244848251342773,2.395120143890381,-0.000293756427709
37.62752532958984,2.3926968574523926,0.0013391685206443
49.67793655395508,2.395325899124145,-0.0004325160989537
35.971195220947266,2.395411729812622,-0.000490411708597
39.53590774536133,2.395543336868286,-0.0005790950963273
11.41428279876709,2.3937435150146484,0.0006342304986901
